State,District,Date,Year,Month,Avg_rainfall,Agency_name
Uttarakhand,Almora,2025-05-09,2025,05,1.4590445702,NRSC VIC MODEL
Uttarakhand,Almora,2025-05-15,2025,05,4.99107e-05,NRSC VIC MODEL
Uttarakhand,Almora,2025-05-18,2025,05,2.8577531973,NRSC VIC MODEL
Uttarakhand,Almora,2025-05-21,2025,05,0.136744669,NRSC VIC MODEL
Uttarakhand,Almora,2025-05-29,2025,05,2.0246174622,NRSC VIC MODEL
Uttarakhand,Almora,2025-06-08,2025,06,7.20923e-05,NRSC VIC MODEL
Uttarakhand,Almora,2025-06-13,2025,06,1.3742698914,NRSC VIC MODEL
Uttarakhand,Almora,2025-06-17,2025,06,0.4001636718,NRSC VIC MODEL
Uttarakhand,Almora,2025-06-18,2025,06,8.2257117493,NRSC VIC MODEL
Uttarakhand,Almora,2025-06-28,2025,06,12.7807128324,NRSC VIC MODEL
Uttarakhand,Almora,2025-06-30,2025,06,38.9412139021,NRSC VIC MODEL
Uttarakhand,Bageshwar,2025-01-05,2025,01,0,NRSC VIC MODEL
Uttarakhand,Bageshwar,2025-01-08,2025,01,0,NRSC VIC MODEL
Uttarakhand,Bageshwar,2025-01-09,2025,01,0,NRSC VIC MODEL
Uttarakhand,Bageshwar,2025-01-11,2025,01,0.6832749874,NRSC VIC MODEL
Uttarakhand,Bageshwar,2025-01-13,2025,01,4.4249506695,NRSC VIC MODEL
Uttarakhand,Bageshwar,2025-01-16,2025,01,2.1295796678,NRSC VIC MODEL
Uttarakhand,Bageshwar,2025-01-21,2025,01,0,NRSC VIC MODEL
Uttarakhand,Bageshwar,2025-01-26,2025,01,0,NRSC VIC MODEL
Uttarakhand,Bageshwar,2025-02-02,2025,02,0,NRSC VIC MODEL
Uttarakhand,Bageshwar,2025-02-05,2025,02,0.0357225382,NRSC VIC MODEL
Uttarakhand,Bageshwar,2025-02-18,2025,02,0.0214212836,NRSC VIC MODEL
Uttarakhand,Bageshwar,2025-02-19,2025,02,0.8975647689,NRSC VIC MODEL
Uttarakhand,Bageshwar,2025-02-23,2025,02,0.0824958584,NRSC VIC MODEL
Uttarakhand,Bageshwar,2025-03-10,2025,03,0,NRSC VIC MODEL
Uttarakhand,Bageshwar,2025-03-13,2025,03,3.9737471245,NRSC VIC MODEL
Uttarakhand,Bageshwar,2025-03-18,2025,03,1.4931149123,NRSC VIC MODEL
Uttarakhand,Bageshwar,2025-03-21,2025,03,0,NRSC VIC MODEL
Uttarakhand,Bageshwar,2025-03-19,2025,03,0.2428502182,NRSC VIC MODEL
Uttarakhand,Bageshwar,2025-03-30,2025,03,2.257e-07,NRSC VIC MODEL
Uttarakhand,Bageshwar,2025-04-08,2025,04,0.4088084237,NRSC VIC MODEL
Uttarakhand,Bageshwar,2025-04-13,2025,04,1.093794886,NRSC VIC MODEL
Uttarakhand,Bageshwar,2025-04-17,2025,04,0.4417416608,NRSC VIC MODEL
Uttarakhand,Bageshwar,2025-04-18,2025,04,0.4162476945,NRSC VIC MODEL
Uttarakhand,Bageshwar,2025-04-23,2025,04,0.026088649,NRSC VIC MODEL
Uttarakhand,Bageshwar,2025-04-28,2025,04,0,NRSC VIC MODEL
Uttarakhand,Bageshwar,2025-04-29,2025,04,0.0090972247,NRSC VIC MODEL
Uttarakhand,Bageshwar,2025-05-02,2025,05,4.7230082943,NRSC VIC MODEL
Uttarakhand,Bageshwar,2025-05-20,2025,05,2.4357989088,NRSC VIC MODEL
Uttarakhand,Bageshwar,2025-06-02,2025,06,0.1044171566,NRSC VIC MODEL
Uttarakhand,Bageshwar,2025-06-07,2025,06,0.5842220071,NRSC VIC MODEL
Uttarakhand,Bageshwar,2025-06-08,2025,06,0.7094981214,NRSC VIC MODEL
Uttarakhand,Bageshwar,2025-06-18,2025,06,4.2172945637,NRSC VIC MODEL
Uttarakhand,Bageshwar,2025-06-23,2025,06,36.1364784275,NRSC VIC MODEL
Uttarakhand,Bageshwar,2025-06-24,2025,06,16.8433395165,NRSC VIC MODEL
Uttarakhand,Bageshwar,2025-06-26,2025,06,31.7541064747,NRSC VIC MODEL
Uttarakhand,Bageshwar,2025-06-30,2025,06,30.9598049993,NRSC VIC MODEL
Uttarakhand,Chamoli,2025-01-02,2025,01,0.9666205912,NRSC VIC MODEL
Uttarakhand,Chamoli,2025-01-03,2025,01,0.3529439108,NRSC VIC MODEL
Uttarakhand,Chamoli,2025-01-06,2025,01,0,NRSC VIC MODEL
Uttarakhand,Chamoli,2025-01-07,2025,01,0,NRSC VIC MODEL
Uttarakhand,Chamoli,2025-01-09,2025,01,0.0004098005,NRSC VIC MODEL
Uttarakhand,Chamoli,2025-01-18,2025,01,0.1855176318,NRSC VIC MODEL
Uttarakhand,Chamoli,2025-01-21,2025,01,0,NRSC VIC MODEL
Uttarakhand,Chamoli,2025-01-25,2025,01,0,NRSC VIC MODEL
Uttarakhand,Chamoli,2025-02-03,2025,02,0.0343930601,NRSC VIC MODEL
Uttarakhand,Chamoli,2025-02-15,2025,02,2.5353984271,NRSC VIC MODEL
Uttarakhand,Chamoli,2025-02-16,2025,02,0.5086462793,NRSC VIC MODEL
Uttarakhand,Chamoli,2025-02-25,2025,02,0.0791901818,NRSC VIC MODEL
Uttarakhand,Chamoli,2025-02-26,2025,02,0.5802893048,NRSC VIC MODEL
Uttarakhand,Chamoli,2025-03-01,2025,03,3.1809682091,NRSC VIC MODEL
Uttarakhand,Chamoli,2025-03-11,2025,03,0.0156231536,NRSC VIC MODEL
Uttarakhand,Chamoli,2025-03-12,2025,03,0.1633134439,NRSC VIC MODEL
Uttarakhand,Chamoli,2025-03-13,2025,03,6.9111136171,NRSC VIC MODEL
Uttarakhand,Chamoli,2025-03-19,2025,03,0.0330321874,NRSC VIC MODEL
Uttarakhand,Chamoli,2025-03-25,2025,03,1.1424468216,NRSC VIC MODEL
Uttarakhand,Chamoli,2025-03-27,2025,03,0.2435126683,NRSC VIC MODEL
Uttarakhand,Chamoli,2025-04-02,2025,04,9.63225e-05,NRSC VIC MODEL
Uttarakhand,Chamoli,2025-04-03,2025,04,0,NRSC VIC MODEL
Uttarakhand,Chamoli,2025-04-19,2025,04,0.8683726007,NRSC VIC MODEL
Uttarakhand,Chamoli,2025-04-24,2025,04,0.0359270758,NRSC VIC MODEL
Uttarakhand,Chamoli,2025-04-27,2025,04,0.2137335185,NRSC VIC MODEL
Uttarakhand,Chamoli,2025-05-03,2025,05,4.6974757043,NRSC VIC MODEL
Uttarakhand,Chamoli,2025-05-17,2025,05,0.9479573618,NRSC VIC MODEL
Uttarakhand,Chamoli,2025-05-19,2025,05,0.388916745,NRSC VIC MODEL
Uttarakhand,Chamoli,2025-05-28,2025,05,1.4618829611,NRSC VIC MODEL
Uttarakhand,Chamoli,2025-06-04,2025,06,4.1039456904,NRSC VIC MODEL
Uttarakhand,Chamoli,2025-06-08,2025,06,1.0500497335,NRSC VIC MODEL
Uttarakhand,Chamoli,2025-06-18,2025,06,4.5769977584,NRSC VIC MODEL
Uttarakhand,Chamoli,2025-06-22,2025,06,4.0952762453,NRSC VIC MODEL
Uttarakhand,Chamoli,2025-06-25,2025,06,9.0714229219,NRSC VIC MODEL
Uttarakhand,Champawat,2025-01-06,2025,01,0,NRSC VIC MODEL
Uttarakhand,Champawat,2025-01-10,2025,01,0,NRSC VIC MODEL
Uttarakhand,Champawat,2025-01-17,2025,01,2.9103324604,NRSC VIC MODEL
Uttarakhand,Champawat,2025-01-24,2025,01,0,NRSC VIC MODEL
Uttarakhand,Champawat,2025-01-26,2025,01,0,NRSC VIC MODEL
Uttarakhand,Champawat,2025-01-29,2025,01,0,NRSC VIC MODEL
Uttarakhand,Champawat,2025-01-31,2025,01,0,NRSC VIC MODEL
Uttarakhand,Champawat,2025-02-05,2025,02,0.0289131786,NRSC VIC MODEL
Uttarakhand,Champawat,2025-02-07,2025,02,0,NRSC VIC MODEL
Uttarakhand,Champawat,2025-02-18,2025,02,0,NRSC VIC MODEL
Uttarakhand,Champawat,2025-02-21,2025,02,1.7169627212,NRSC VIC MODEL
Uttarakhand,Champawat,2025-02-23,2025,02,0.0287514572,NRSC VIC MODEL
Uttarakhand,Champawat,2025-03-01,2025,03,1.9542843635,NRSC VIC MODEL
Uttarakhand,Champawat,2025-03-04,2025,03,0.6735445539,NRSC VIC MODEL
Uttarakhand,Champawat,2025-03-07,2025,03,0.0003714093,NRSC VIC MODEL
Uttarakhand,Champawat,2025-03-11,2025,03,0,NRSC VIC MODEL
Uttarakhand,Champawat,2025-03-12,2025,03,0.0015568691,NRSC VIC MODEL
Uttarakhand,Champawat,2025-03-21,2025,03,0,NRSC VIC MODEL
Uttarakhand,Champawat,2025-04-09,2025,04,0.1333976605,NRSC VIC MODEL
Uttarakhand,Champawat,2025-04-11,2025,04,5.3854970298,NRSC VIC MODEL
Uttarakhand,Champawat,2025-04-14,2025,04,0,NRSC VIC MODEL
Uttarakhand,Champawat,2025-04-17,2025,04,0.0377278498,NRSC VIC MODEL
Uttarakhand,Champawat,2025-04-20,2025,04,0.000487915,NRSC VIC MODEL
Uttarakhand,Champawat,2025-04-29,2025,04,0,NRSC VIC MODEL
Uttarakhand,Champawat,2025-05-20,2025,05,1.1082715341,NRSC VIC MODEL
Uttarakhand,Champawat,2025-05-24,2025,05,0.8921618869,NRSC VIC MODEL
Uttarakhand,Champawat,2025-06-08,2025,06,0.0001165057,NRSC VIC MODEL
Uttarakhand,Champawat,2025-06-12,2025,06,0.3274031766,NRSC VIC MODEL
Uttarakhand,Champawat,2025-06-19,2025,06,2.1597099484,NRSC VIC MODEL
Uttarakhand,Champawat,2025-06-22,2025,06,2.7889756185,NRSC VIC MODEL
Uttarakhand,Champawat,2025-06-28,2025,06,11.4350534921,NRSC VIC MODEL
Uttarakhand,Dehradun,2025-01-08,2025,01,0,NRSC VIC MODEL
Uttarakhand,Dehradun,2025-01-20,2025,01,0,NRSC VIC MODEL
Uttarakhand,Dehradun,2025-01-23,2025,01,0,NRSC VIC MODEL
Uttarakhand,Dehradun,2025-01-27,2025,01,0,NRSC VIC MODEL
Uttarakhand,Dehradun,2025-01-28,2025,01,0,NRSC VIC MODEL
Uttarakhand,Dehradun,2025-02-04,2025,02,4.41663e-05,NRSC VIC MODEL
Uttarakhand,Dehradun,2025-02-09,2025,02,0,NRSC VIC MODEL
Uttarakhand,Dehradun,2025-02-07,2025,02,0,NRSC VIC MODEL
Uttarakhand,Dehradun,2025-02-18,2025,02,0,NRSC VIC MODEL
Uttarakhand,Dehradun,2025-02-22,2025,02,0.000545059,NRSC VIC MODEL
Uttarakhand,Dehradun,2025-02-26,2025,02,1.9334229779,NRSC VIC MODEL
Uttarakhand,Dehradun,2025-02-27,2025,02,0.6388936624,NRSC VIC MODEL
Uttarakhand,Dehradun,2025-03-02,2025,03,0,NRSC VIC MODEL
Uttarakhand,Dehradun,2025-03-04,2025,03,5.979602365,NRSC VIC MODEL
Uttarakhand,Dehradun,2025-03-08,2025,03,0.0006051638,NRSC VIC MODEL
Uttarakhand,Dehradun,2025-03-22,2025,03,0.1188852029,NRSC VIC MODEL
Uttarakhand,Dehradun,2025-03-23,2025,03,0.0013829754,NRSC VIC MODEL
Uttarakhand,Dehradun,2025-04-03,2025,04,0.000272811,NRSC VIC MODEL
Uttarakhand,Dehradun,2025-04-14,2025,04,0,NRSC VIC MODEL
Uttarakhand,Dehradun,2025-04-22,2025,04,0,NRSC VIC MODEL
Uttarakhand,Dehradun,2025-04-24,2025,04,4.7479e-05,NRSC VIC MODEL
Uttarakhand,Dehradun,2025-04-25,2025,04,0,NRSC VIC MODEL
Uttarakhand,Dehradun,2025-04-26,2025,04,0,NRSC VIC MODEL
Uttarakhand,Dehradun,2025-04-28,2025,04,0.3233471365,NRSC VIC MODEL
Uttarakhand,Dehradun,2025-05-15,2025,05,2.37395e-05,NRSC VIC MODEL
Uttarakhand,Dehradun,2025-05-16,2025,05,0.1652873375,NRSC VIC MODEL
Uttarakhand,Dehradun,2025-05-18,2025,05,1.3361619015,NRSC VIC MODEL
Uttarakhand,Dehradun,2025-06-01,2025,06,0.5500906634,NRSC VIC MODEL
Uttarakhand,Dehradun,2025-06-04,2025,06,14.7198441255,NRSC VIC MODEL
Uttarakhand,Dehradun,2025-06-10,2025,06,0,NRSC VIC MODEL
Uttarakhand,Dehradun,2025-06-26,2025,06,27.9434006915,NRSC VIC MODEL
Uttarakhand,Dehradun,2025-06-28,2025,06,39.0311265693,NRSC VIC MODEL
Uttarakhand,Dehradun,2025-06-30,2025,06,48.6417180387,NRSC VIC MODEL
Uttarakhand,Haridwar,2025-01-24,2025,01,0,NRSC VIC MODEL
Uttarakhand,Haridwar,2025-01-25,2025,01,0,NRSC VIC MODEL
Uttarakhand,Haridwar,2025-01-26,2025,01,0,NRSC VIC MODEL
Uttarakhand,Haridwar,2025-01-27,2025,01,0,NRSC VIC MODEL
Uttarakhand,Haridwar,2025-01-28,2025,01,0,NRSC VIC MODEL
Uttarakhand,Haridwar,2025-01-29,2025,01,0,NRSC VIC MODEL
Uttarakhand,Haridwar,2025-02-05,2025,02,0.0374119243,NRSC VIC MODEL
Uttarakhand,Haridwar,2025-02-09,2025,02,0,NRSC VIC MODEL
Uttarakhand,Haridwar,2025-02-13,2025,02,0,NRSC VIC MODEL
Uttarakhand,Haridwar,2025-02-17,2025,02,0,NRSC VIC MODEL
Uttarakhand,Haridwar,2025-03-01,2025,03,0.2995116301,NRSC VIC MODEL
Uttarakhand,Haridwar,2025-03-04,2025,03,0.0486666153,NRSC VIC MODEL
Uttarakhand,Haridwar,2025-03-09,2025,03,0,NRSC VIC MODEL
Uttarakhand,Haridwar,2025-03-13,2025,03,0.0929225391,NRSC VIC MODEL
Uttarakhand,Haridwar,2025-03-16,2025,03,0.2020253169,NRSC VIC MODEL
Uttarakhand,Haridwar,2025-03-26,2025,03,0,NRSC VIC MODEL
Uttarakhand,Haridwar,2025-04-17,2025,04,0.0263363902,NRSC VIC MODEL
Uttarakhand,Haridwar,2025-04-20,2025,04,0,NRSC VIC MODEL
Uttarakhand,Haridwar,2025-04-26,2025,04,0,NRSC VIC MODEL
Uttarakhand,Haridwar,2025-04-30,2025,04,0.0001757403,NRSC VIC MODEL
Uttarakhand,Haridwar,2025-05-03,2025,05,19.1101550125,NRSC VIC MODEL
Uttarakhand,Haridwar,2025-05-05,2025,05,5.1474970418,NRSC VIC MODEL
Uttarakhand,Haridwar,2025-05-06,2025,05,0.2122599493,NRSC VIC MODEL
Uttarakhand,Haridwar,2025-05-16,2025,05,0.0007029611,NRSC VIC MODEL
Uttarakhand,Haridwar,2025-05-19,2025,05,0.0022846236,NRSC VIC MODEL
Uttarakhand,Haridwar,2025-05-20,2025,05,0.003578113,NRSC VIC MODEL
Uttarakhand,Haridwar,2025-06-04,2025,06,2.808196883,NRSC VIC MODEL
Uttarakhand,Haridwar,2025-06-06,2025,06,0.0010888483,NRSC VIC MODEL
Uttarakhand,Haridwar,2025-06-11,2025,06,0,NRSC VIC MODEL
Uttarakhand,Haridwar,2025-06-24,2025,06,6.8565688401,NRSC VIC MODEL
Uttarakhand,Nainital,2025-01-01,2025,01,0.0004321043,NRSC VIC MODEL
Uttarakhand,Nainital,2025-01-02,2025,01,0,NRSC VIC MODEL
Uttarakhand,Nainital,2025-01-08,2025,01,0,NRSC VIC MODEL
Uttarakhand,Nainital,2025-01-12,2025,01,6.678066017,NRSC VIC MODEL
Uttarakhand,Nainital,2025-01-24,2025,01,0,NRSC VIC MODEL
Uttarakhand,Nainital,2025-01-26,2025,01,0,NRSC VIC MODEL
Uttarakhand,Nainital,2025-01-31,2025,01,0,NRSC VIC MODEL
Uttarakhand,Nainital,2025-02-04,2025,02,0.0057734584,NRSC VIC MODEL
Uttarakhand,Nainital,2025-02-08,2025,02,0,NRSC VIC MODEL
Uttarakhand,Nainital,2025-02-10,2025,02,0,NRSC VIC MODEL
Uttarakhand,Nainital,2025-02-16,2025,02,0.4697504949,NRSC VIC MODEL
Uttarakhand,Nainital,2025-02-18,2025,02,0,NRSC VIC MODEL
Uttarakhand,Nainital,2025-02-27,2025,02,0.3436799419,NRSC VIC MODEL
Uttarakhand,Nainital,2025-03-02,2025,03,0,NRSC VIC MODEL
Uttarakhand,Nainital,2025-03-06,2025,03,4.3383e-06,NRSC VIC MODEL
Uttarakhand,Nainital,2025-03-09,2025,03,0.0002408841,NRSC VIC MODEL
Uttarakhand,Nainital,2025-03-13,2025,03,0.0674271044,NRSC VIC MODEL
Uttarakhand,Nainital,2025-03-15,2025,03,1.0028550276,NRSC VIC MODEL
Uttarakhand,Nainital,2025-03-18,2025,03,0.0149030667,NRSC VIC MODEL
Uttarakhand,Almora,2025-01-01,2025,01,0.0090419156,NRSC VIC MODEL
Uttarakhand,Almora,2025-01-03,2025,01,0.000186307,NRSC VIC MODEL
Uttarakhand,Almora,2025-01-06,2025,01,0,NRSC VIC MODEL
Uttarakhand,Almora,2025-01-08,2025,01,0,NRSC VIC MODEL
Uttarakhand,Almora,2025-01-12,2025,01,4.5796621105,NRSC VIC MODEL
Uttarakhand,Almora,2025-01-16,2025,01,0.2360686167,NRSC VIC MODEL
Uttarakhand,Almora,2025-01-18,2025,01,0,NRSC VIC MODEL
Uttarakhand,Almora,2025-01-24,2025,01,0,NRSC VIC MODEL
Uttarakhand,Almora,2025-01-27,2025,01,0,NRSC VIC MODEL
Uttarakhand,Almora,2025-02-06,2025,02,0,NRSC VIC MODEL
Uttarakhand,Almora,2025-03-03,2025,03,0,NRSC VIC MODEL
Uttarakhand,Almora,2025-03-06,2025,03,0.0023169151,NRSC VIC MODEL
Uttarakhand,Almora,2025-03-16,2025,03,0.7658105059,NRSC VIC MODEL
Uttarakhand,Almora,2025-03-30,2025,03,0.0007593866,NRSC VIC MODEL
Uttarakhand,Almora,2025-04-03,2025,04,0,NRSC VIC MODEL
Uttarakhand,Almora,2025-04-05,2025,04,0,NRSC VIC MODEL
Uttarakhand,Almora,2025-04-19,2025,04,0,NRSC VIC MODEL
Uttarakhand,Almora,2025-04-26,2025,04,0,NRSC VIC MODEL
Uttarakhand,Nainital,2025-03-20,2025,03,0,NRSC VIC MODEL
Uttarakhand,Nainital,2025-03-28,2025,03,0,NRSC VIC MODEL
Uttarakhand,Nainital,2025-04-09,2025,04,0.0046192096,NRSC VIC MODEL
Uttarakhand,Nainital,2025-04-15,2025,04,0.0002978582,NRSC VIC MODEL
Uttarakhand,Nainital,2025-04-17,2025,04,0.5615056489,NRSC VIC MODEL
Uttarakhand,Nainital,2025-04-21,2025,04,0.0063405201,NRSC VIC MODEL
Uttarakhand,Nainital,2025-04-23,2025,04,0,NRSC VIC MODEL
Uttarakhand,Nainital,2025-04-26,2025,04,0,NRSC VIC MODEL
Uttarakhand,Nainital,2025-04-28,2025,04,0.1718488565,NRSC VIC MODEL
Uttarakhand,Nainital,2025-05-03,2025,05,0.9896261244,NRSC VIC MODEL
Uttarakhand,Nainital,2025-05-15,2025,05,0,NRSC VIC MODEL
Uttarakhand,Nainital,2025-05-19,2025,05,0.0773200172,NRSC VIC MODEL
Uttarakhand,Nainital,2025-05-27,2025,05,0.018012752,NRSC VIC MODEL
Uttarakhand,Nainital,2025-05-30,2025,05,0.880168369,NRSC VIC MODEL
Uttarakhand,Nainital,2025-06-03,2025,06,8.762700952,NRSC VIC MODEL
Uttarakhand,Nainital,2025-06-07,2025,06,0,NRSC VIC MODEL
Uttarakhand,Nainital,2025-06-08,2025,06,0,NRSC VIC MODEL
Uttarakhand,Nainital,2025-06-15,2025,06,1.3360356421,NRSC VIC MODEL
Uttarakhand,Nainital,2025-06-16,2025,06,11.7453824192,NRSC VIC MODEL
Uttarakhand,Nainital,2025-06-19,2025,06,9.8787303076,NRSC VIC MODEL
Uttarakhand,Nainital,2025-06-20,2025,06,2.1059751917,NRSC VIC MODEL
Uttarakhand,Nainital,2025-06-26,2025,06,7.9670690158,NRSC VIC MODEL
Uttarakhand,Nainital,2025-06-28,2025,06,6.3858273917,NRSC VIC MODEL
Uttarakhand,Pauri Garhwal,2025-01-01,2025,01,0.0076664205,NRSC VIC MODEL
Uttarakhand,Pauri Garhwal,2025-01-07,2025,01,0.0007766852,NRSC VIC MODEL
Uttarakhand,Pauri Garhwal,2025-01-13,2025,01,0.4237911391,NRSC VIC MODEL
Uttarakhand,Pauri Garhwal,2025-01-14,2025,01,0.0142447285,NRSC VIC MODEL
Uttarakhand,Pauri Garhwal,2025-01-26,2025,01,0,NRSC VIC MODEL
Uttarakhand,Pauri Garhwal,2025-01-28,2025,01,0,NRSC VIC MODEL
Uttarakhand,Pauri Garhwal,2025-02-10,2025,02,0,NRSC VIC MODEL
Uttarakhand,Pauri Garhwal,2025-02-18,2025,02,0,NRSC VIC MODEL
Uttarakhand,Pauri Garhwal,2025-02-19,2025,02,0.0084074001,NRSC VIC MODEL
Uttarakhand,Pauri Garhwal,2025-02-21,2025,02,3.7511210598,NRSC VIC MODEL
Uttarakhand,Pauri Garhwal,2025-02-28,2025,02,17.9035790488,NRSC VIC MODEL
Uttarakhand,Pauri Garhwal,2025-03-10,2025,03,0,NRSC VIC MODEL
Uttarakhand,Pauri Garhwal,2025-03-11,2025,03,0,NRSC VIC MODEL
Uttarakhand,Pauri Garhwal,2025-03-28,2025,03,0.0178983159,NRSC VIC MODEL
Uttarakhand,Pauri Garhwal,2025-03-31,2025,03,0,NRSC VIC MODEL
Uttarakhand,Pauri Garhwal,2025-04-03,2025,04,0.0271505542,NRSC VIC MODEL
Uttarakhand,Pauri Garhwal,2025-04-09,2025,04,0,NRSC VIC MODEL
Uttarakhand,Pauri Garhwal,2025-04-10,2025,04,4.9198766925,NRSC VIC MODEL
Uttarakhand,Pauri Garhwal,2025-04-13,2025,04,-1.5099e-06,NRSC VIC MODEL
Uttarakhand,Pauri Garhwal,2025-04-16,2025,04,0.0020318781,NRSC VIC MODEL
Uttarakhand,Pauri Garhwal,2025-04-17,2025,04,0,NRSC VIC MODEL
Uttarakhand,Pauri Garhwal,2025-04-18,2025,04,0.0007796756,NRSC VIC MODEL
Uttarakhand,Pauri Garhwal,2025-04-22,2025,04,0.003926699,NRSC VIC MODEL
Uttarakhand,Pauri Garhwal,2025-05-01,2025,05,0.0002726777,NRSC VIC MODEL
Uttarakhand,Pauri Garhwal,2025-05-02,2025,05,1.6508149336,NRSC VIC MODEL
Uttarakhand,Pauri Garhwal,2025-05-18,2025,05,0.1685135345,NRSC VIC MODEL
Uttarakhand,Pauri Garhwal,2025-05-20,2025,05,0.0013374624,NRSC VIC MODEL
Uttarakhand,Pauri Garhwal,2025-05-23,2025,05,0.0081291669,NRSC VIC MODEL
Uttarakhand,Pauri Garhwal,2025-05-30,2025,05,0.8816226064,NRSC VIC MODEL
Uttarakhand,Pauri Garhwal,2025-05-31,2025,05,1.1274138997,NRSC VIC MODEL
Uttarakhand,Pauri Garhwal,2025-06-01,2025,06,0.226844946,NRSC VIC MODEL
Uttarakhand,Pauri Garhwal,2025-06-02,2025,06,0.3559705061,NRSC VIC MODEL
Uttarakhand,Pauri Garhwal,2025-06-03,2025,06,1.537593159,NRSC VIC MODEL
Uttarakhand,Pauri Garhwal,2025-06-15,2025,06,2.4542825043,NRSC VIC MODEL
Uttarakhand,Pauri Garhwal,2025-06-17,2025,06,2.1117910194,NRSC VIC MODEL
Uttarakhand,Pauri Garhwal,2025-06-20,2025,06,4.3265152116,NRSC VIC MODEL
Uttarakhand,Pauri Garhwal,2025-06-30,2025,06,42.60893696,NRSC VIC MODEL
Uttarakhand,Pithoragarh,2025-01-01,2025,01,0,NRSC VIC MODEL
Uttarakhand,Pithoragarh,2025-01-03,2025,01,0.151265347,NRSC VIC MODEL
Uttarakhand,Pithoragarh,2025-01-06,2025,01,0.1302482478,NRSC VIC MODEL
Uttarakhand,Pithoragarh,2025-01-21,2025,01,0,NRSC VIC MODEL
Uttarakhand,Pithoragarh,2025-01-23,2025,01,0,NRSC VIC MODEL
Uttarakhand,Pithoragarh,2025-01-29,2025,01,0.0009184494,NRSC VIC MODEL
Uttarakhand,Pithoragarh,2025-02-02,2025,02,0,NRSC VIC MODEL
Uttarakhand,Pithoragarh,2025-02-03,2025,02,0,NRSC VIC MODEL
Uttarakhand,Pithoragarh,2025-02-05,2025,02,0.0228588855,NRSC VIC MODEL
Uttarakhand,Pithoragarh,2025-02-06,2025,02,0,NRSC VIC MODEL
Uttarakhand,Pithoragarh,2025-02-17,2025,02,0,NRSC VIC MODEL
Uttarakhand,Pithoragarh,2025-03-03,2025,03,7.52296e-05,NRSC VIC MODEL
Uttarakhand,Pithoragarh,2025-03-06,2025,03,0.0059852125,NRSC VIC MODEL
Uttarakhand,Pithoragarh,2025-03-07,2025,03,0.0654513497,NRSC VIC MODEL
Uttarakhand,Pithoragarh,2025-03-10,2025,03,0.0484232903,NRSC VIC MODEL
Uttarakhand,Pithoragarh,2025-03-14,2025,03,5.824101906,NRSC VIC MODEL
Uttarakhand,Pithoragarh,2025-03-17,2025,03,0.9973430271,NRSC VIC MODEL
Uttarakhand,Pithoragarh,2025-03-20,2025,03,0,NRSC VIC MODEL
Uttarakhand,Pithoragarh,2025-03-25,2025,03,0,NRSC VIC MODEL
Uttarakhand,Pithoragarh,2025-04-03,2025,04,0.0102177494,NRSC VIC MODEL
Uttarakhand,Pithoragarh,2025-04-13,2025,04,1.9508561294,NRSC VIC MODEL
Uttarakhand,Pithoragarh,2025-04-16,2025,04,0.1811080534,NRSC VIC MODEL
Uttarakhand,Pithoragarh,2025-04-18,2025,04,0.3123367471,NRSC VIC MODEL
Uttarakhand,Pithoragarh,2025-04-22,2025,04,0,NRSC VIC MODEL
Uttarakhand,Pithoragarh,2025-04-30,2025,04,0.0064978094,NRSC VIC MODEL
Uttarakhand,Pithoragarh,2025-05-05,2025,05,1.0349960624,NRSC VIC MODEL
Uttarakhand,Pithoragarh,2025-05-25,2025,05,7.7738933158,NRSC VIC MODEL
Uttarakhand,Pithoragarh,2025-05-27,2025,05,0.0054499461,NRSC VIC MODEL
Uttarakhand,Pithoragarh,2025-06-09,2025,06,0.8388906947,NRSC VIC MODEL
Uttarakhand,Pithoragarh,2025-06-19,2025,06,3.943848512,NRSC VIC MODEL
Uttarakhand,Rudra Prayag,2025-01-08,2025,01,0.2179375074,NRSC VIC MODEL
Uttarakhand,Rudra Prayag,2025-01-18,2025,01,0,NRSC VIC MODEL
Uttarakhand,Rudra Prayag,2025-01-20,2025,01,0,NRSC VIC MODEL
Uttarakhand,Rudra Prayag,2025-02-09,2025,02,0,NRSC VIC MODEL
Uttarakhand,Rudra Prayag,2025-02-07,2025,02,0,NRSC VIC MODEL
Uttarakhand,Rudra Prayag,2025-02-18,2025,02,0,NRSC VIC MODEL
Uttarakhand,Rudra Prayag,2025-03-01,2025,03,3.3405405379,NRSC VIC MODEL
Uttarakhand,Rudra Prayag,2025-03-08,2025,03,0.1071737924,NRSC VIC MODEL
Uttarakhand,Rudra Prayag,2025-03-09,2025,03,0.0061210018,NRSC VIC MODEL
Uttarakhand,Rudra Prayag,2025-03-13,2025,03,6.7292127695,NRSC VIC MODEL
Uttarakhand,Rudra Prayag,2025-03-18,2025,03,0.0120450885,NRSC VIC MODEL
Uttarakhand,Rudra Prayag,2025-03-22,2025,03,0.5503790227,NRSC VIC MODEL
Uttarakhand,Rudra Prayag,2025-04-05,2025,04,0.0170759834,NRSC VIC MODEL
Uttarakhand,Rudra Prayag,2025-04-09,2025,04,2.0440066251,NRSC VIC MODEL
Uttarakhand,Rudra Prayag,2025-04-16,2025,04,0.469606936,NRSC VIC MODEL
Uttarakhand,Rudra Prayag,2025-04-29,2025,04,6.43973e-05,NRSC VIC MODEL
Uttarakhand,Rudra Prayag,2025-05-01,2025,05,0,NRSC VIC MODEL
Uttarakhand,Rudra Prayag,2025-05-02,2025,05,11.8238726228,NRSC VIC MODEL
Uttarakhand,Rudra Prayag,2025-05-07,2025,05,7.3674022634,NRSC VIC MODEL
Uttarakhand,Rudra Prayag,2025-06-02,2025,06,0.2670152959,NRSC VIC MODEL
Uttarakhand,Rudra Prayag,2025-06-09,2025,06,2.0570580669,NRSC VIC MODEL
Uttarakhand,Rudra Prayag,2025-06-16,2025,06,9.9918688491,NRSC VIC MODEL
Uttarakhand,Rudra Prayag,2025-06-21,2025,06,13.4751942502,NRSC VIC MODEL
Uttarakhand,Rudra Prayag,2025-06-27,2025,06,6.03427195,NRSC VIC MODEL
Uttarakhand,Rudra Prayag,2025-06-28,2025,06,35.2586104713,NRSC VIC MODEL
Uttarakhand,Tehri Garhwal,2025-01-20,2025,01,0,NRSC VIC MODEL
Uttarakhand,Tehri Garhwal,2025-01-22,2025,01,0.1968233619,NRSC VIC MODEL
Uttarakhand,Tehri Garhwal,2025-01-23,2025,01,0,NRSC VIC MODEL
Uttarakhand,Tehri Garhwal,2025-02-08,2025,02,0.0253629743,NRSC VIC MODEL
Uttarakhand,Tehri Garhwal,2025-02-09,2025,02,0,NRSC VIC MODEL
Uttarakhand,Tehri Garhwal,2025-02-15,2025,02,0.6354529863,NRSC VIC MODEL
Uttarakhand,Tehri Garhwal,2025-02-18,2025,02,0,NRSC VIC MODEL
Uttarakhand,Tehri Garhwal,2025-02-20,2025,02,1.0016362459,NRSC VIC MODEL
Uttarakhand,Tehri Garhwal,2025-02-22,2025,02,0.1096597958,NRSC VIC MODEL
Uttarakhand,Tehri Garhwal,2025-02-23,2025,02,0.0889380196,NRSC VIC MODEL
Uttarakhand,Tehri Garhwal,2025-02-26,2025,02,2.2885648245,NRSC VIC MODEL
Uttarakhand,Tehri Garhwal,2025-02-28,2025,02,38.0883196433,NRSC VIC MODEL
Uttarakhand,Tehri Garhwal,2025-03-01,2025,03,2.9793092151,NRSC VIC MODEL
Uttarakhand,Tehri Garhwal,2025-03-05,2025,03,0.3382962909,NRSC VIC MODEL
Uttarakhand,Tehri Garhwal,2025-03-10,2025,03,0.0012010279,NRSC VIC MODEL
Uttarakhand,Tehri Garhwal,2025-03-25,2025,03,0.1724352828,NRSC VIC MODEL
Uttarakhand,Tehri Garhwal,2025-03-26,2025,03,0,NRSC VIC MODEL
Uttarakhand,Tehri Garhwal,2025-04-08,2025,04,0.2340226731,NRSC VIC MODEL
Uttarakhand,Tehri Garhwal,2025-04-13,2025,04,0.3890113812,NRSC VIC MODEL
Uttarakhand,Tehri Garhwal,2025-04-17,2025,04,0.0850935886,NRSC VIC MODEL
Uttarakhand,Tehri Garhwal,2025-04-18,2025,04,0.0221442055,NRSC VIC MODEL
Uttarakhand,Tehri Garhwal,2025-04-21,2025,04,1.5612555336,NRSC VIC MODEL
Uttarakhand,Tehri Garhwal,2025-04-27,2025,04,0.0251485394,NRSC VIC MODEL
Uttarakhand,Tehri Garhwal,2025-04-29,2025,04,0.023339216,NRSC VIC MODEL
Uttarakhand,Tehri Garhwal,2025-05-01,2025,05,0.1016403211,NRSC VIC MODEL
Uttarakhand,Tehri Garhwal,2025-05-07,2025,05,11.387035915,NRSC VIC MODEL
Uttarakhand,Tehri Garhwal,2025-05-08,2025,05,1.1362063707,NRSC VIC MODEL
Uttarakhand,Tehri Garhwal,2025-05-15,2025,05,0.0413389679,NRSC VIC MODEL
Uttarakhand,Tehri Garhwal,2025-05-21,2025,05,6.5319140396,NRSC VIC MODEL
Uttarakhand,Tehri Garhwal,2025-05-22,2025,05,8.954868177,NRSC VIC MODEL
Uttarakhand,Tehri Garhwal,2025-05-27,2025,05,15.56451154,NRSC VIC MODEL
Uttarakhand,Tehri Garhwal,2025-06-05,2025,06,6.5485140919,NRSC VIC MODEL
Uttarakhand,Tehri Garhwal,2025-06-16,2025,06,15.1108658053,NRSC VIC MODEL
Uttarakhand,Tehri Garhwal,2025-06-19,2025,06,1.9454162028,NRSC VIC MODEL
Uttarakhand,Tehri Garhwal,2025-06-20,2025,06,2.6782922702,NRSC VIC MODEL
Uttarakhand,Tehri Garhwal,2025-06-21,2025,06,14.5348803054,NRSC VIC MODEL
Uttarakhand,Tehri Garhwal,2025-06-24,2025,06,3.859151906,NRSC VIC MODEL
Uttarakhand,Tehri Garhwal,2025-06-26,2025,06,11.1437911198,NRSC VIC MODEL
Uttarakhand,Tehri Garhwal,2025-06-28,2025,06,29.4225367861,NRSC VIC MODEL
Uttarakhand,Udam Singh Nagar,2025-01-02,2025,01,0,NRSC VIC MODEL
Uttarakhand,Udam Singh Nagar,2025-01-07,2025,01,0,NRSC VIC MODEL
Uttarakhand,Udam Singh Nagar,2025-01-09,2025,01,0,NRSC VIC MODEL
Uttarakhand,Udam Singh Nagar,2025-01-19,2025,01,0.0001340997,NRSC VIC MODEL
Uttarakhand,Udam Singh Nagar,2025-01-20,2025,01,0,NRSC VIC MODEL
Uttarakhand,Udam Singh Nagar,2025-01-24,2025,01,0,NRSC VIC MODEL
Uttarakhand,Udam Singh Nagar,2025-01-26,2025,01,0,NRSC VIC MODEL
Uttarakhand,Udam Singh Nagar,2025-02-02,2025,02,0.0014750964,NRSC VIC MODEL
Uttarakhand,Udam Singh Nagar,2025-02-17,2025,02,0.000402299,NRSC VIC MODEL
Uttarakhand,Udam Singh Nagar,2025-02-20,2025,02,0.3896674362,NRSC VIC MODEL
Uttarakhand,Udam Singh Nagar,2025-02-28,2025,02,5.5692070019,NRSC VIC MODEL
Uttarakhand,Udam Singh Nagar,2025-03-02,2025,03,0,NRSC VIC MODEL
Uttarakhand,Udam Singh Nagar,2025-03-04,2025,03,0.9598202299,NRSC VIC MODEL
Uttarakhand,Udam Singh Nagar,2025-03-05,2025,03,0.007162242,NRSC VIC MODEL
Uttarakhand,Udam Singh Nagar,2025-03-10,2025,03,0,NRSC VIC MODEL
Uttarakhand,Udam Singh Nagar,2025-03-12,2025,03,0,NRSC VIC MODEL
Uttarakhand,Udam Singh Nagar,2025-03-15,2025,03,0.5220823831,NRSC VIC MODEL
Uttarakhand,Udam Singh Nagar,2025-03-18,2025,03,9.71603e-05,NRSC VIC MODEL
Uttarakhand,Udam Singh Nagar,2025-03-26,2025,03,0,NRSC VIC MODEL
Uttarakhand,Udam Singh Nagar,2025-03-27,2025,03,0,NRSC VIC MODEL
Uttarakhand,Udam Singh Nagar,2025-04-03,2025,04,0.0197103281,NRSC VIC MODEL
Uttarakhand,Udam Singh Nagar,2025-04-07,2025,04,0,NRSC VIC MODEL
Uttarakhand,Udam Singh Nagar,2025-05-02,2025,05,0.9138007873,NRSC VIC MODEL
Uttarakhand,Udam Singh Nagar,2025-05-04,2025,05,0.113972941,NRSC VIC MODEL
Uttarakhand,Udam Singh Nagar,2025-05-27,2025,05,0.1413314116,NRSC VIC MODEL
Uttarakhand,Udam Singh Nagar,2025-06-02,2025,06,0.5377044033,NRSC VIC MODEL
Uttarakhand,Udam Singh Nagar,2025-06-06,2025,06,0.7867989904,NRSC VIC MODEL
Uttarakhand,Udam Singh Nagar,2025-06-07,2025,06,0,NRSC VIC MODEL
Uttarakhand,Udam Singh Nagar,2025-06-08,2025,06,0,NRSC VIC MODEL
Uttarakhand,Udam Singh Nagar,2025-06-11,2025,06,0.1807027909,NRSC VIC MODEL
Uttarakhand,Udam Singh Nagar,2025-06-14,2025,06,15.5503039552,NRSC VIC MODEL
Uttarakhand,Udam Singh Nagar,2025-06-26,2025,06,10.4954013635,NRSC VIC MODEL
Uttarakhand,Uttar Kashi,2025-01-12,2025,01,3.5751895604,NRSC VIC MODEL
Uttarakhand,Uttar Kashi,2025-01-24,2025,01,2.83284e-05,NRSC VIC MODEL
Uttarakhand,Uttar Kashi,2025-01-29,2025,01,0,NRSC VIC MODEL
Uttarakhand,Uttar Kashi,2025-02-02,2025,02,0,NRSC VIC MODEL
Uttarakhand,Uttar Kashi,2025-02-03,2025,02,0,NRSC VIC MODEL
Uttarakhand,Uttar Kashi,2025-02-06,2025,02,0,NRSC VIC MODEL
Uttarakhand,Uttar Kashi,2025-02-13,2025,02,0,NRSC VIC MODEL
Uttarakhand,Uttar Kashi,2025-02-14,2025,02,0.1618385386,NRSC VIC MODEL
Uttarakhand,Uttar Kashi,2025-02-17,2025,02,0,NRSC VIC MODEL
Uttarakhand,Uttar Kashi,2025-02-19,2025,02,0.0386380985,NRSC VIC MODEL
Uttarakhand,Uttar Kashi,2025-02-23,2025,02,0.0372623633,NRSC VIC MODEL
Uttarakhand,Uttar Kashi,2025-02-26,2025,02,5.7642985233,NRSC VIC MODEL
Uttarakhand,Uttar Kashi,2025-02-28,2025,02,63.3401158622,NRSC VIC MODEL
Uttarakhand,Uttar Kashi,2025-03-03,2025,03,0.0712411714,NRSC VIC MODEL
Uttarakhand,Uttar Kashi,2025-03-10,2025,03,0.160400751,NRSC VIC MODEL
Uttarakhand,Uttar Kashi,2025-03-11,2025,03,0.1437667461,NRSC VIC MODEL
Uttarakhand,Uttar Kashi,2025-03-12,2025,03,0.1609610645,NRSC VIC MODEL
Uttarakhand,Uttar Kashi,2025-03-15,2025,03,17.0799285258,NRSC VIC MODEL
Uttarakhand,Uttar Kashi,2025-03-18,2025,03,0.0122661774,NRSC VIC MODEL
Uttarakhand,Uttar Kashi,2025-04-04,2025,04,0,NRSC VIC MODEL
Uttarakhand,Uttar Kashi,2025-04-08,2025,04,0.0888314613,NRSC VIC MODEL
Uttarakhand,Uttar Kashi,2025-04-09,2025,04,2.8014697751,NRSC VIC MODEL
Uttarakhand,Uttar Kashi,2025-04-14,2025,04,0.0344374964,NRSC VIC MODEL
Uttarakhand,Uttar Kashi,2025-04-17,2025,04,0.1402096599,NRSC VIC MODEL
Uttarakhand,Uttar Kashi,2025-04-27,2025,04,0.0809613007,NRSC VIC MODEL
Uttarakhand,Uttar Kashi,2025-04-28,2025,04,0.3394450616,NRSC VIC MODEL
Uttarakhand,Uttar Kashi,2025-05-10,2025,05,4.1513968161,NRSC VIC MODEL
Uttarakhand,Uttar Kashi,2025-05-25,2025,05,3.3969180734,NRSC VIC MODEL
Uttarakhand,Uttar Kashi,2025-06-02,2025,06,1.071050471,NRSC VIC MODEL
Uttarakhand,Uttar Kashi,2025-06-06,2025,06,1.2714412107,NRSC VIC MODEL
Uttarakhand,Uttar Kashi,2025-06-10,2025,06,0.5251544163,NRSC VIC MODEL
Uttarakhand,Uttar Kashi,2025-06-13,2025,06,2.3265913979,NRSC VIC MODEL
Uttarakhand,Uttar Kashi,2025-06-14,2025,06,0.365586489,NRSC VIC MODEL
Uttarakhand,Uttar Kashi,2025-06-16,2025,06,10.9150848656,NRSC VIC MODEL
Uttarakhand,Uttar Kashi,2025-06-22,2025,06,0.3951313872,NRSC VIC MODEL
Uttarakhand,Uttar Kashi,2025-06-23,2025,06,2.5149089237,NRSC VIC MODEL
Uttarakhand,Uttar Kashi,2025-06-28,2025,06,6.6559665817,NRSC VIC MODEL
Uttarakhand,Uttar Kashi,2025-01-22,2025,01,1.7813927424,NRSC VIC MODEL
Uttarakhand,Almora,2025-01-21,2025,01,0,NRSC VIC MODEL
Uttarakhand,Almora,2025-01-11,2025,01,1.1877924397,NRSC VIC MODEL
Uttarakhand,Almora,2025-01-28,2025,01,0,NRSC VIC MODEL
Uttarakhand,Almora,2025-01-02,2025,01,0,NRSC VIC MODEL
Uttarakhand,Almora,2025-01-13,2025,01,0.2787894096,NRSC VIC MODEL
Uttarakhand,Bageshwar,2025-01-20,2025,01,0,NRSC VIC MODEL
Uttarakhand,Bageshwar,2025-01-05,2025,01,0,NRSC VIC MODEL
Uttarakhand,Bageshwar,2025-01-19,2025,01,0,NRSC VIC MODEL
Uttarakhand,Bageshwar,2025-01-09,2025,01,0,NRSC VIC MODEL
Uttarakhand,Chamoli,2025-01-04,2025,01,0.1148488945,NRSC VIC MODEL
Uttarakhand,Chamoli,2025-01-05,2025,01,0,NRSC VIC MODEL
Uttarakhand,Chamoli,2025-01-15,2025,01,3.7282108315,NRSC VIC MODEL
Uttarakhand,Chamoli,2025-01-16,2025,01,7.4417517518,NRSC VIC MODEL
Uttarakhand,Chamoli,2025-01-06,2025,01,0,NRSC VIC MODEL
Uttarakhand,Champawat,2025-01-06,2025,01,0,NRSC VIC MODEL
Uttarakhand,Champawat,2025-01-19,2025,01,0,NRSC VIC MODEL
Uttarakhand,Champawat,2025-01-05,2025,01,0,NRSC VIC MODEL
Uttarakhand,Champawat,2025-01-02,2025,01,0,NRSC VIC MODEL
Uttarakhand,Champawat,2025-01-10,2025,01,0,NRSC VIC MODEL
Uttarakhand,Champawat,2025-01-15,2025,01,0,NRSC VIC MODEL
Uttarakhand,Dehradun,2025-01-10,2025,01,0,NRSC VIC MODEL
Uttarakhand,Dehradun,2025-01-21,2025,01,0,NRSC VIC MODEL
Uttarakhand,Dehradun,2025-01-15,2025,01,0,NRSC VIC MODEL
Uttarakhand,Dehradun,2025-01-08,2025,01,0,NRSC VIC MODEL
Uttarakhand,Dehradun,2025-01-03,2025,01,0.0032676256,NRSC VIC MODEL
Uttarakhand,Dehradun,2025-01-22,2025,01,0.0893492928,NRSC VIC MODEL
Uttarakhand,Haridwar,2025-01-03,2025,01,0.0001872091,NRSC VIC MODEL
Uttarakhand,Haridwar,2025-01-21,2025,01,0,NRSC VIC MODEL
Uttarakhand,Haridwar,2025-01-19,2025,01,0.0048574141,NRSC VIC MODEL
Uttarakhand,Haridwar,2025-01-01,2025,01,0,NRSC VIC MODEL
Uttarakhand,Haridwar,2025-01-13,2025,01,0.5973600992,NRSC VIC MODEL
Uttarakhand,Haridwar,2025-01-20,2025,01,0,NRSC VIC MODEL
Uttarakhand,Haridwar,2025-01-18,2025,01,0,NRSC VIC MODEL
Uttarakhand,Nainital,2025-01-19,2025,01,0.0006637478,NRSC VIC MODEL
Uttarakhand,Nainital,2025-01-16,2025,01,0.5085559053,NRSC VIC MODEL
Uttarakhand,Nainital,2025-01-21,2025,01,0,NRSC VIC MODEL
Uttarakhand,Nainital,2025-01-06,2025,01,0,NRSC VIC MODEL
Uttarakhand,Nainital,2025-01-23,2025,01,0,NRSC VIC MODEL
Uttarakhand,Pauri Garhwal,2025-01-20,2025,01,0,NRSC VIC MODEL
Uttarakhand,Pauri Garhwal,2025-01-13,2025,01,0.4237911391,NRSC VIC MODEL
Uttarakhand,Pauri Garhwal,2025-01-05,2025,01,0,NRSC VIC MODEL
Uttarakhand,Pauri Garhwal,2025-01-28,2025,01,0,NRSC VIC MODEL
Uttarakhand,Pauri Garhwal,2025-01-16,2025,01,2.3065420406,NRSC VIC MODEL
Uttarakhand,Pauri Garhwal,2025-01-07,2025,01,0.0007766852,NRSC VIC MODEL
Uttarakhand,Pithoragarh,2025-01-25,2025,01,0,NRSC VIC MODEL
Uttarakhand,Pithoragarh,2025-01-05,2025,01,0.2899168771,NRSC VIC MODEL
Uttarakhand,Rudra Prayag,2025-01-10,2025,01,0,NRSC VIC MODEL
Uttarakhand,Rudra Prayag,2025-01-04,2025,01,0.0001529001,NRSC VIC MODEL
Uttarakhand,Rudra Prayag,2025-01-22,2025,01,1.044937897,NRSC VIC MODEL
Uttarakhand,Rudra Prayag,2025-01-23,2025,01,0,NRSC VIC MODEL
Uttarakhand,Rudra Prayag,2025-01-12,2025,01,4.8322990276,NRSC VIC MODEL
Uttarakhand,Rudra Prayag,2025-01-06,2025,01,4.91202e-05,NRSC VIC MODEL
Uttarakhand,Rudra Prayag,2025-01-07,2025,01,6.53217e-05,NRSC VIC MODEL
Uttarakhand,Rudra Prayag,2025-01-18,2025,01,0,NRSC VIC MODEL
Uttarakhand,Rudra Prayag,2025-01-03,2025,01,1.6863103927,NRSC VIC MODEL
Uttarakhand,Tehri Garhwal,2025-01-20,2025,01,0,NRSC VIC MODEL
Uttarakhand,Tehri Garhwal,2025-01-18,2025,01,0,NRSC VIC MODEL
Uttarakhand,Tehri Garhwal,2025-01-11,2025,01,2.5627141211,NRSC VIC MODEL
Uttarakhand,Tehri Garhwal,2025-01-23,2025,01,0,NRSC VIC MODEL
Uttarakhand,Tehri Garhwal,2025-01-13,2025,01,1.0890414333,NRSC VIC MODEL
Uttarakhand,Tehri Garhwal,2025-01-01,2025,01,0.0099566344,NRSC VIC MODEL
Uttarakhand,Tehri Garhwal,2025-01-27,2025,01,0,NRSC VIC MODEL
Uttarakhand,Tehri Garhwal,2025-01-15,2025,01,0.2537788326,NRSC VIC MODEL
Uttarakhand,Tehri Garhwal,2025-01-28,2025,01,0,NRSC VIC MODEL
Uttarakhand,Udam Singh Nagar,2025-01-07,2025,01,0,NRSC VIC MODEL
Uttarakhand,Udam Singh Nagar,2025-01-22,2025,01,0.0317329498,NRSC VIC MODEL
Uttarakhand,Udam Singh Nagar,2025-01-15,2025,01,0,NRSC VIC MODEL
Uttarakhand,Udam Singh Nagar,2025-01-13,2025,01,0.0277937461,NRSC VIC MODEL
Uttarakhand,Udam Singh Nagar,2025-01-09,2025,01,0,NRSC VIC MODEL
Uttarakhand,Udam Singh Nagar,2025-01-19,2025,01,0.0001340997,NRSC VIC MODEL
Uttarakhand,Uttar Kashi,2025-01-11,2025,01,4.7149227811,NRSC VIC MODEL
Uttarakhand,Uttar Kashi,2025-01-04,2025,01,0.0013135372,NRSC VIC MODEL
Uttarakhand,Uttar Kashi,2025-01-25,2025,01,0,NRSC VIC MODEL
Uttarakhand,Uttar Kashi,2025-01-09,2025,01,0.1167475697,NRSC VIC MODEL
Uttarakhand,Almora,2025-02-21,2025,02,4.4109530811,NRSC VIC MODEL
Uttarakhand,Almora,2025-02-10,2025,02,0,NRSC VIC MODEL
Uttarakhand,Almora,2025-02-27,2025,02,0.1374985776,NRSC VIC MODEL
Uttarakhand,Almora,2025-02-17,2025,02,8.322e-06,NRSC VIC MODEL
Uttarakhand,Almora,2025-02-04,2025,02,0,NRSC VIC MODEL
Uttarakhand,Almora,2025-02-13,2025,02,0.0004505696,NRSC VIC MODEL
Uttarakhand,Bageshwar,2025-02-28,2025,02,51.9070505967,NRSC VIC MODEL
Uttarakhand,Bageshwar,2025-02-09,2025,02,0,NRSC VIC MODEL
Uttarakhand,Bageshwar,2025-02-07,2025,02,0,NRSC VIC MODEL
Uttarakhand,Bageshwar,2025-02-08,2025,02,0.1192627164,NRSC VIC MODEL
Uttarakhand,Bageshwar,2025-02-24,2025,02,1.0649312064,NRSC VIC MODEL
Uttarakhand,Bageshwar,2025-02-19,2025,02,0.8975647689,NRSC VIC MODEL
Uttarakhand,Chamoli,2025-02-15,2025,02,2.5353984271,NRSC VIC MODEL
Uttarakhand,Chamoli,2025-02-07,2025,02,0,NRSC VIC MODEL
Uttarakhand,Chamoli,2025-02-26,2025,02,0.5802893048,NRSC VIC MODEL
Uttarakhand,Chamoli,2025-02-23,2025,02,0.3851100503,NRSC VIC MODEL
Uttarakhand,Champawat,2025-02-07,2025,02,0,NRSC VIC MODEL
Uttarakhand,Champawat,2025-02-10,2025,02,0,NRSC VIC MODEL
Uttarakhand,Champawat,2025-02-24,2025,02,0.012755699,NRSC VIC MODEL
Uttarakhand,Champawat,2025-02-20,2025,02,0,NRSC VIC MODEL
Uttarakhand,Champawat,2025-02-27,2025,02,0.0381042143,NRSC VIC MODEL
Uttarakhand,Champawat,2025-02-01,2025,02,0,NRSC VIC MODEL
Uttarakhand,Dehradun,2025-02-24,2025,02,0.0039359943,NRSC VIC MODEL
Uttarakhand,Dehradun,2025-02-22,2025,02,0.000545059,NRSC VIC MODEL
Uttarakhand,Dehradun,2025-02-04,2025,02,4.41663e-05,NRSC VIC MODEL
Uttarakhand,Dehradun,2025-02-10,2025,02,0,NRSC VIC MODEL
Uttarakhand,Dehradun,2025-02-17,2025,02,0,NRSC VIC MODEL
Uttarakhand,Haridwar,2025-02-20,2025,02,2.3271246915,NRSC VIC MODEL
Uttarakhand,Haridwar,2025-02-19,2025,02,0,NRSC VIC MODEL
Uttarakhand,Nainital,2025-02-04,2025,02,0.0057734584,NRSC VIC MODEL
Uttarakhand,Nainital,2025-02-01,2025,02,0,NRSC VIC MODEL
Uttarakhand,Nainital,2025-02-19,2025,02,5.19172e-05,NRSC VIC MODEL
Uttarakhand,Nainital,2025-02-26,2025,02,0.0121776752,NRSC VIC MODEL
Uttarakhand,Pauri Garhwal,2025-02-10,2025,02,0,NRSC VIC MODEL
Uttarakhand,Pauri Garhwal,2025-02-03,2025,02,0,NRSC VIC MODEL
Uttarakhand,Pauri Garhwal,2025-02-08,2025,02,0,NRSC VIC MODEL
Uttarakhand,Pauri Garhwal,2025-02-25,2025,02,0.0110433857,NRSC VIC MODEL
Uttarakhand,Pauri Garhwal,2025-02-28,2025,02,17.9035790488,NRSC VIC MODEL
Uttarakhand,Pauri Garhwal,2025-02-14,2025,02,0,NRSC VIC MODEL
Uttarakhand,Pithoragarh,2025-02-14,2025,02,0.0334688061,NRSC VIC MODEL
Uttarakhand,Pithoragarh,2025-02-15,2025,02,2.247610276,NRSC VIC MODEL
Uttarakhand,Pithoragarh,2025-02-02,2025,02,0,NRSC VIC MODEL
Uttarakhand,Pithoragarh,2025-02-01,2025,02,0,NRSC VIC MODEL
Uttarakhand,Pithoragarh,2025-02-20,2025,02,0,NRSC VIC MODEL
Uttarakhand,Pithoragarh,2025-02-18,2025,02,0.1832254298,NRSC VIC MODEL
Uttarakhand,Pithoragarh,2025-02-17,2025,02,0,NRSC VIC MODEL
Uttarakhand,Rudra Prayag,2025-02-15,2025,02,1.7509115642,NRSC VIC MODEL
Uttarakhand,Rudra Prayag,2025-02-23,2025,02,0.0492301835,NRSC VIC MODEL
Uttarakhand,Rudra Prayag,2025-02-18,2025,02,0,NRSC VIC MODEL
Uttarakhand,Rudra Prayag,2025-02-10,2025,02,0,NRSC VIC MODEL
Uttarakhand,Rudra Prayag,2025-02-17,2025,02,0,NRSC VIC MODEL
Uttarakhand,Tehri Garhwal,2025-02-02,2025,02,0,NRSC VIC MODEL
Uttarakhand,Tehri Garhwal,2025-02-08,2025,02,0.0253629743,NRSC VIC MODEL
Uttarakhand,Tehri Garhwal,2025-02-14,2025,02,0.004602103,NRSC VIC MODEL
Uttarakhand,Tehri Garhwal,2025-02-16,2025,02,0.4007776186,NRSC VIC MODEL
Uttarakhand,Tehri Garhwal,2025-02-15,2025,02,0.6354529863,NRSC VIC MODEL
Uttarakhand,Tehri Garhwal,2025-02-03,2025,02,0,NRSC VIC MODEL
Uttarakhand,Tehri Garhwal,2025-02-01,2025,02,0,NRSC VIC MODEL
Uttarakhand,Udam Singh Nagar,2025-02-16,2025,02,0.2676448088,NRSC VIC MODEL
Uttarakhand,Udam Singh Nagar,2025-02-08,2025,02,0,NRSC VIC MODEL
Uttarakhand,Udam Singh Nagar,2025-02-17,2025,02,0.000402299,NRSC VIC MODEL
Uttarakhand,Udam Singh Nagar,2025-02-21,2025,02,1.9282496939,NRSC VIC MODEL
Uttarakhand,Uttar Kashi,2025-02-25,2025,02,0.0879990824,NRSC VIC MODEL
Uttarakhand,Uttar Kashi,2025-02-02,2025,02,0,NRSC VIC MODEL
Uttarakhand,Almora,2025-03-25,2025,03,0,NRSC VIC MODEL
Uttarakhand,Almora,2025-03-13,2025,03,0.39129607,NRSC VIC MODEL
Uttarakhand,Almora,2025-03-12,2025,03,0,NRSC VIC MODEL
Uttarakhand,Almora,2025-03-22,2025,03,0.1670229789,NRSC VIC MODEL
Uttarakhand,Almora,2025-03-03,2025,03,0,NRSC VIC MODEL
Uttarakhand,Almora,2025-03-16,2025,03,0.7658105059,NRSC VIC MODEL
Uttarakhand,Almora,2025-03-18,2025,03,0.2097451157,NRSC VIC MODEL
Uttarakhand,Bageshwar,2025-03-28,2025,03,0.0156225403,NRSC VIC MODEL
Uttarakhand,Bageshwar,2025-03-02,2025,03,0.0192075338,NRSC VIC MODEL
Uttarakhand,Bageshwar,2025-03-17,2025,03,0.9149743154,NRSC VIC MODEL
Uttarakhand,Bageshwar,2025-03-11,2025,03,0.3854702722,NRSC VIC MODEL
Uttarakhand,Chamoli,2025-03-26,2025,03,0.0845915661,NRSC VIC MODEL
Uttarakhand,Chamoli,2025-03-19,2025,03,0.0330321874,NRSC VIC MODEL
Uttarakhand,Chamoli,2025-03-17,2025,03,1.4896512938,NRSC VIC MODEL
Uttarakhand,Chamoli,2025-03-04,2025,03,1.0658785517,NRSC VIC MODEL
Uttarakhand,Chamoli,2025-03-23,2025,03,1.1716052193,NRSC VIC MODEL
Uttarakhand,Chamoli,2025-03-09,2025,03,0.1869640163,NRSC VIC MODEL
Uttarakhand,Champawat,2025-03-26,2025,03,0,NRSC VIC MODEL
Uttarakhand,Champawat,2025-03-11,2025,03,0,NRSC VIC MODEL
Uttarakhand,Champawat,2025-03-19,2025,03,0.0002330114,NRSC VIC MODEL
Uttarakhand,Champawat,2025-03-21,2025,03,0,NRSC VIC MODEL
Uttarakhand,Champawat,2025-03-25,2025,03,0,NRSC VIC MODEL
Uttarakhand,Champawat,2025-03-08,2025,03,0.0001165057,NRSC VIC MODEL
Uttarakhand,Dehradun,2025-03-10,2025,03,0,NRSC VIC MODEL
Uttarakhand,Dehradun,2025-03-20,2025,03,0.0596402327,NRSC VIC MODEL
Uttarakhand,Dehradun,2025-03-05,2025,03,0.6756412969,NRSC VIC MODEL
Uttarakhand,Dehradun,2025-03-04,2025,03,5.979602365,NRSC VIC MODEL
Uttarakhand,Dehradun,2025-03-23,2025,03,0.0013829754,NRSC VIC MODEL
Uttarakhand,Dehradun,2025-03-08,2025,03,0.0006051638,NRSC VIC MODEL
Uttarakhand,Haridwar,2025-03-18,2025,03,0.0016591373,NRSC VIC MODEL
Uttarakhand,Haridwar,2025-03-17,2025,03,0.0001757403,NRSC VIC MODEL
Uttarakhand,Haridwar,2025-03-29,2025,03,0,NRSC VIC MODEL
Uttarakhand,Haridwar,2025-03-15,2025,03,0.3488385204,NRSC VIC MODEL
Uttarakhand,Haridwar,2025-03-24,2025,03,0,NRSC VIC MODEL
Uttarakhand,Haridwar,2025-03-20,2025,03,0,NRSC VIC MODEL
Uttarakhand,Haridwar,2025-03-16,2025,03,0.2020253169,NRSC VIC MODEL
Uttarakhand,Nainital,2025-03-26,2025,03,2.1692e-06,NRSC VIC MODEL
Uttarakhand,Nainital,2025-03-29,2025,03,0.0010142474,NRSC VIC MODEL
Uttarakhand,Nainital,2025-03-09,2025,03,0.0002408841,NRSC VIC MODEL
Uttarakhand,Nainital,2025-03-13,2025,03,0.0674271044,NRSC VIC MODEL
Uttarakhand,Nainital,2025-03-02,2025,03,0,NRSC VIC MODEL
Uttarakhand,Pauri Garhwal,2025-03-09,2025,03,0.006630183,NRSC VIC MODEL
Uttarakhand,Pauri Garhwal,2025-03-24,2025,03,0.0241526789,NRSC VIC MODEL
Uttarakhand,Pauri Garhwal,2025-03-07,2025,03,0.0029538802,NRSC VIC MODEL
Uttarakhand,Pauri Garhwal,2025-03-28,2025,03,0.0178983159,NRSC VIC MODEL
Uttarakhand,Pauri Garhwal,2025-03-05,2025,03,0.0890910823,NRSC VIC MODEL
Uttarakhand,Pauri Garhwal,2025-03-14,2025,03,1.1178278179,NRSC VIC MODEL
Uttarakhand,Pauri Garhwal,2025-03-17,2025,03,1.55597621,NRSC VIC MODEL
Uttarakhand,Pauri Garhwal,2025-03-23,2025,03,0.4465025734,NRSC VIC MODEL
Uttarakhand,Pauri Garhwal,2025-03-03,2025,03,0,NRSC VIC MODEL
Uttarakhand,Pauri Garhwal,2025-03-21,2025,03,0,NRSC VIC MODEL
Uttarakhand,Pithoragarh,2025-03-25,2025,03,0,NRSC VIC MODEL
Uttarakhand,Pithoragarh,2025-03-27,2025,03,0.1801843066,NRSC VIC MODEL
Uttarakhand,Pithoragarh,2025-03-13,2025,03,8.4990252769,NRSC VIC MODEL
Uttarakhand,Pithoragarh,2025-03-07,2025,03,0.0654513497,NRSC VIC MODEL
Uttarakhand,Pithoragarh,2025-03-03,2025,03,7.52296e-05,NRSC VIC MODEL
Uttarakhand,Pithoragarh,2025-03-24,2025,03,0,NRSC VIC MODEL
Uttarakhand,Pithoragarh,2025-03-11,2025,03,0.4347463243,NRSC VIC MODEL
Uttarakhand,Pithoragarh,2025-03-17,2025,03,0.9973430271,NRSC VIC MODEL
Uttarakhand,Rudra Prayag,2025-03-11,2025,03,9.82404e-05,NRSC VIC MODEL
Uttarakhand,Rudra Prayag,2025-03-12,2025,03,0,NRSC VIC MODEL
Uttarakhand,Rudra Prayag,2025-03-21,2025,03,0,NRSC VIC MODEL
Uttarakhand,Rudra Prayag,2025-03-16,2025,03,3.244448217,NRSC VIC MODEL
Uttarakhand,Tehri Garhwal,2025-03-21,2025,03,0,NRSC VIC MODEL
Uttarakhand,Tehri Garhwal,2025-03-16,2025,03,3.4138090832,NRSC VIC MODEL
Uttarakhand,Tehri Garhwal,2025-03-19,2025,03,0.0074210261,NRSC VIC MODEL
Uttarakhand,Tehri Garhwal,2025-03-07,2025,03,0.0319832323,NRSC VIC MODEL
Uttarakhand,Tehri Garhwal,2025-03-01,2025,03,2.9793092151,NRSC VIC MODEL
Uttarakhand,Tehri Garhwal,2025-03-30,2025,03,0.0001416067,NRSC VIC MODEL
Uttarakhand,Tehri Garhwal,2025-03-18,2025,03,0.0403903452,NRSC VIC MODEL
Uttarakhand,Udam Singh Nagar,2025-03-08,2025,03,0,NRSC VIC MODEL
Uttarakhand,Udam Singh Nagar,2025-03-14,2025,03,0.6701325637,NRSC VIC MODEL
Uttarakhand,Udam Singh Nagar,2025-03-23,2025,03,0.008105156,NRSC VIC MODEL
Uttarakhand,Udam Singh Nagar,2025-03-25,2025,03,0,NRSC VIC MODEL
Uttarakhand,Uttar Kashi,2025-03-08,2025,03,0.0617357914,NRSC VIC MODEL
Uttarakhand,Uttar Kashi,2025-03-12,2025,03,0.1609610645,NRSC VIC MODEL
Uttarakhand,Uttar Kashi,2025-03-13,2025,03,8.1038378024,NRSC VIC MODEL
Uttarakhand,Uttar Kashi,2025-03-24,2025,03,0,NRSC VIC MODEL
Uttarakhand,Uttar Kashi,2025-03-02,2025,03,0.0049085038,NRSC VIC MODEL
Uttarakhand,Uttar Kashi,2025-03-28,2025,03,0.0259013162,NRSC VIC MODEL
Uttarakhand,Uttar Kashi,2025-03-26,2025,03,0.1235783677,NRSC VIC MODEL
Uttarakhand,Champawat,2025-04-25,2025,04,0,NRSC VIC MODEL
Uttarakhand,Champawat,2025-04-03,2025,04,0,NRSC VIC MODEL
Uttarakhand,Champawat,2025-04-15,2025,04,0.0018132622,NRSC VIC MODEL
Uttarakhand,Champawat,2025-04-13,2025,04,-0.0006293872,NRSC VIC MODEL
Uttarakhand,Champawat,2025-04-09,2025,04,0.1333976605,NRSC VIC MODEL
Uttarakhand,Dehradun,2025-04-20,2025,04,0.0429654826,NRSC VIC MODEL
Uttarakhand,Dehradun,2025-04-22,2025,04,0,NRSC VIC MODEL
Uttarakhand,Dehradun,2025-04-29,2025,04,0.1270154994,NRSC VIC MODEL
Uttarakhand,Dehradun,2025-04-18,2025,04,0,NRSC VIC MODEL
Uttarakhand,Dehradun,2025-04-05,2025,04,0,NRSC VIC MODEL
Uttarakhand,Haridwar,2025-04-17,2025,04,0.0263363902,NRSC VIC MODEL
Uttarakhand,Haridwar,2025-04-03,2025,04,0.2014864905,NRSC VIC MODEL
Uttarakhand,Haridwar,2025-04-07,2025,04,0,NRSC VIC MODEL
Uttarakhand,Haridwar,2025-04-29,2025,04,0,NRSC VIC MODEL
Uttarakhand,Haridwar,2025-04-12,2025,04,0.9950022926,NRSC VIC MODEL
Uttarakhand,Haridwar,2025-04-23,2025,04,0,NRSC VIC MODEL
Uttarakhand,Haridwar,2025-04-26,2025,04,0,NRSC VIC MODEL
Uttarakhand,Nainital,2025-04-05,2025,04,0,NRSC VIC MODEL
Uttarakhand,Nainital,2025-04-14,2025,04,0.0002131599,NRSC VIC MODEL
Uttarakhand,Nainital,2025-04-23,2025,04,0,NRSC VIC MODEL
Uttarakhand,Nainital,2025-04-03,2025,04,0,NRSC VIC MODEL
Uttarakhand,Nainital,2025-04-13,2025,04,-0.0014390852,NRSC VIC MODEL
Uttarakhand,Pauri Garhwal,2025-04-09,2025,04,0,NRSC VIC MODEL
Uttarakhand,Pauri Garhwal,2025-04-17,2025,04,0,NRSC VIC MODEL
Uttarakhand,Pauri Garhwal,2025-04-28,2025,04,0.0356581867,NRSC VIC MODEL
Uttarakhand,Pauri Garhwal,2025-04-02,2025,04,0,NRSC VIC MODEL
Uttarakhand,Pauri Garhwal,2025-04-23,2025,04,0.0002682648,NRSC VIC MODEL
Uttarakhand,Pauri Garhwal,2025-04-29,2025,04,2.04403e-05,NRSC VIC MODEL
Uttarakhand,Pithoragarh,2025-04-03,2025,04,0.0102177494,NRSC VIC MODEL
Uttarakhand,Pithoragarh,2025-04-05,2025,04,0.0017797897,NRSC VIC MODEL
Uttarakhand,Pithoragarh,2025-04-17,2025,04,0.5979510242,NRSC VIC MODEL
Uttarakhand,Pithoragarh,2025-04-21,2025,04,0.5658499124,NRSC VIC MODEL
Uttarakhand,Rudra Prayag,2025-04-11,2025,04,12.2776281837,NRSC VIC MODEL
Uttarakhand,Rudra Prayag,2025-04-25,2025,04,0.0536642665,NRSC VIC MODEL
Uttarakhand,Rudra Prayag,2025-04-18,2025,04,0.7627432177,NRSC VIC MODEL
Uttarakhand,Rudra Prayag,2025-04-30,2025,04,0.0035477664,NRSC VIC MODEL
Uttarakhand,Rudra Prayag,2025-04-20,2025,04,0.7033227213,NRSC VIC MODEL
Uttarakhand,Rudra Prayag,2025-04-27,2025,04,0.133466598,NRSC VIC MODEL
Uttarakhand,Rudra Prayag,2025-04-12,2025,04,4.6267746486,NRSC VIC MODEL
Uttarakhand,Tehri Garhwal,2025-04-20,2025,04,0.1117488443,NRSC VIC MODEL
Uttarakhand,Tehri Garhwal,2025-04-30,2025,04,0.2906015947,NRSC VIC MODEL
Uttarakhand,Tehri Garhwal,2025-04-16,2025,04,0.1145809837,NRSC VIC MODEL
Uttarakhand,Tehri Garhwal,2025-04-27,2025,04,0.0251485394,NRSC VIC MODEL
Uttarakhand,Udam Singh Nagar,2025-04-13,2025,04,-0.0108603975,NRSC VIC MODEL
Uttarakhand,Udam Singh Nagar,2025-04-05,2025,04,0,NRSC VIC MODEL
Uttarakhand,Udam Singh Nagar,2025-04-16,2025,04,0,NRSC VIC MODEL
Uttarakhand,Udam Singh Nagar,2025-04-18,2025,04,0.2771052776,NRSC VIC MODEL
Uttarakhand,Uttar Kashi,2025-04-30,2025,04,1.1422980301,NRSC VIC MODEL
Uttarakhand,Uttar Kashi,2025-04-06,2025,04,0.0190414687,NRSC VIC MODEL
Uttarakhand,Uttar Kashi,2025-04-08,2025,04,0.0888314613,NRSC VIC MODEL
Uttarakhand,Uttar Kashi,2025-04-18,2025,04,0.1590306972,NRSC VIC MODEL
Uttarakhand,Uttar Kashi,2025-04-07,2025,04,0.4312931655,NRSC VIC MODEL
Uttarakhand,Uttar Kashi,2025-04-09,2025,04,2.8014697751,NRSC VIC MODEL
Uttarakhand,Uttar Kashi,2025-04-13,2025,04,1.2710003823,NRSC VIC MODEL
Uttarakhand,Uttar Kashi,2025-04-21,2025,04,1.6881497179,NRSC VIC MODEL
Uttarakhand,Uttar Kashi,2025-04-10,2025,04,2.9066688566,NRSC VIC MODEL
Uttarakhand,Uttar Kashi,2025-04-20,2025,04,0.677949136,NRSC VIC MODEL
Uttarakhand,Almora,2025-04-21,2025,04,0.5539319825,NRSC VIC MODEL
Uttarakhand,Almora,2025-04-05,2025,04,0,NRSC VIC MODEL
Uttarakhand,Almora,2025-04-18,2025,04,0,NRSC VIC MODEL
Uttarakhand,Almora,2025-04-20,2025,04,0.0007304614,NRSC VIC MODEL
Uttarakhand,Bageshwar,2025-04-26,2025,04,0,NRSC VIC MODEL
Uttarakhand,Bageshwar,2025-04-10,2025,04,12.1007246695,NRSC VIC MODEL
Uttarakhand,Bageshwar,2025-04-09,2025,04,1.1473904896,NRSC VIC MODEL
Uttarakhand,Bageshwar,2025-04-04,2025,04,0,NRSC VIC MODEL
Uttarakhand,Chamoli,2025-04-18,2025,04,0.388942768,NRSC VIC MODEL
Uttarakhand,Chamoli,2025-04-12,2025,04,8.1194519826,NRSC VIC MODEL
Uttarakhand,Almora,2025-05-23,2025,05,0.0023477069,NRSC VIC MODEL
Uttarakhand,Almora,2025-05-07,2025,05,1.4832351705,NRSC VIC MODEL
Uttarakhand,Almora,2025-05-27,2025,05,0.0011483464,NRSC VIC MODEL
Uttarakhand,Almora,2025-05-26,2025,05,2.2693376088,NRSC VIC MODEL
Uttarakhand,Bageshwar,2025-05-03,2025,05,0.0775403036,NRSC VIC MODEL
Uttarakhand,Bageshwar,2025-05-21,2025,05,5.3072240068,NRSC VIC MODEL
Uttarakhand,Bageshwar,2025-05-08,2025,05,0.6443486852,NRSC VIC MODEL
Uttarakhand,Bageshwar,2025-05-02,2025,05,4.7230082943,NRSC VIC MODEL
Uttarakhand,Chamoli,2025-05-20,2025,05,1.46298396,NRSC VIC MODEL
Uttarakhand,Chamoli,2025-05-05,2025,05,1.9118559715,NRSC VIC MODEL
Uttarakhand,Chamoli,2025-05-25,2025,05,4.0629459968,NRSC VIC MODEL
Uttarakhand,Chamoli,2025-05-08,2025,05,0.3215300904,NRSC VIC MODEL
Uttarakhand,Chamoli,2025-05-10,2025,05,1.4452069823,NRSC VIC MODEL
Uttarakhand,Chamoli,2025-05-06,2025,05,1.2131505387,NRSC VIC MODEL
Uttarakhand,Chamoli,2025-05-16,2025,05,0.7472374189,NRSC VIC MODEL
Uttarakhand,Chamoli,2025-05-22,2025,05,2.0670242928,NRSC VIC MODEL
Uttarakhand,Champawat,2025-05-04,2025,05,1.2465067088,NRSC VIC MODEL
Uttarakhand,Champawat,2025-05-17,2025,05,0.1085812305,NRSC VIC MODEL
Uttarakhand,Champawat,2025-05-20,2025,05,1.1082715341,NRSC VIC MODEL
Uttarakhand,Champawat,2025-05-05,2025,05,11.6263188632,NRSC VIC MODEL
Uttarakhand,Champawat,2025-05-16,2025,05,0.680121063,NRSC VIC MODEL
Uttarakhand,Champawat,2025-05-21,2025,05,3.0080449241,NRSC VIC MODEL
Uttarakhand,Champawat,2025-05-10,2025,05,0.0002330114,NRSC VIC MODEL
Uttarakhand,Dehradun,2025-05-24,2025,05,0.2654927162,NRSC VIC MODEL
Uttarakhand,Dehradun,2025-05-25,2025,05,10.9481604094,NRSC VIC MODEL
Uttarakhand,Dehradun,2025-05-26,2025,05,2.4239139958,NRSC VIC MODEL
Uttarakhand,Haridwar,2025-05-30,2025,05,0.5176724116,NRSC VIC MODEL
Uttarakhand,Haridwar,2025-05-27,2025,05,0.0023075614,NRSC VIC MODEL
Uttarakhand,Nainital,2025-05-10,2025,05,0.0199042796,NRSC VIC MODEL
Uttarakhand,Nainital,2025-05-20,2025,05,0.7228741085,NRSC VIC MODEL
Uttarakhand,Nainital,2025-05-21,2025,05,0.7927487147,NRSC VIC MODEL
Uttarakhand,Nainital,2025-05-02,2025,05,0.8646556969,NRSC VIC MODEL
Uttarakhand,Nainital,2025-05-15,2025,05,0,NRSC VIC MODEL
Uttarakhand,Nainital,2025-05-31,2025,05,0.9634091883,NRSC VIC MODEL
Uttarakhand,Nainital,2025-05-29,2025,05,4.5736644277,NRSC VIC MODEL
Uttarakhand,Pauri Garhwal,2025-05-31,2025,05,1.1274138997,NRSC VIC MODEL
Uttarakhand,Pauri Garhwal,2025-05-20,2025,05,0.0013374624,NRSC VIC MODEL
Uttarakhand,Pauri Garhwal,2025-05-23,2025,05,0.0081291669,NRSC VIC MODEL
Uttarakhand,Pauri Garhwal,2025-05-25,2025,05,3.6552786885,NRSC VIC MODEL
Uttarakhand,Pauri Garhwal,2025-05-07,2025,05,6.3545344114,NRSC VIC MODEL
Uttarakhand,Pauri Garhwal,2025-05-24,2025,05,0.1004569183,NRSC VIC MODEL
Uttarakhand,Pithoragarh,2025-05-08,2025,05,0.1283958024,NRSC VIC MODEL
Uttarakhand,Pithoragarh,2025-05-19,2025,05,5.4880658418,NRSC VIC MODEL
Uttarakhand,Pithoragarh,2025-05-25,2025,05,7.7738933158,NRSC VIC MODEL
Uttarakhand,Pithoragarh,2025-05-15,2025,05,0.2647574833,NRSC VIC MODEL
Uttarakhand,Pithoragarh,2025-05-21,2025,05,4.3369703999,NRSC VIC MODEL
Uttarakhand,Rudra Prayag,2025-05-21,2025,05,2.2701919414,NRSC VIC MODEL
Uttarakhand,Rudra Prayag,2025-05-16,2025,05,3.7022106798,NRSC VIC MODEL
Uttarakhand,Rudra Prayag,2025-05-09,2025,05,4.9467183201,NRSC VIC MODEL
Uttarakhand,Rudra Prayag,2025-05-01,2025,05,0,NRSC VIC MODEL
Uttarakhand,Rudra Prayag,2025-05-31,2025,05,7.1863705335,NRSC VIC MODEL
Uttarakhand,Rudra Prayag,2025-05-08,2025,05,0.4168532713,NRSC VIC MODEL
Uttarakhand,Tehri Garhwal,2025-05-18,2025,05,3.1717330646,NRSC VIC MODEL
Uttarakhand,Tehri Garhwal,2025-05-28,2025,05,14.119057902,NRSC VIC MODEL
Uttarakhand,Tehri Garhwal,2025-05-04,2025,05,6.8203703231,NRSC VIC MODEL
Uttarakhand,Tehri Garhwal,2025-05-01,2025,05,0.1016403211,NRSC VIC MODEL
Uttarakhand,Udam Singh Nagar,2025-05-28,2025,05,0.5122168884,NRSC VIC MODEL
Uttarakhand,Udam Singh Nagar,2025-05-15,2025,05,0,NRSC VIC MODEL
Uttarakhand,Udam Singh Nagar,2025-05-26,2025,05,5.8684570524,NRSC VIC MODEL
Uttarakhand,Udam Singh Nagar,2025-05-20,2025,05,0.5124557773,NRSC VIC MODEL
Uttarakhand,Udam Singh Nagar,2025-05-27,2025,05,0.1413314116,NRSC VIC MODEL
Uttarakhand,Udam Singh Nagar,2025-05-23,2025,05,0.1676348209,NRSC VIC MODEL
Uttarakhand,Udam Singh Nagar,2025-05-03,2025,05,0.4581190298,NRSC VIC MODEL
Uttarakhand,Uttar Kashi,2025-05-05,2025,05,1.7861610458,NRSC VIC MODEL
Uttarakhand,Uttar Kashi,2025-05-09,2025,05,1.2940425457,NRSC VIC MODEL
Uttarakhand,Uttar Kashi,2025-05-08,2025,05,0.4830744609,NRSC VIC MODEL
Uttarakhand,Uttar Kashi,2025-05-19,2025,05,2.5290046933,NRSC VIC MODEL
Uttarakhand,Uttar Kashi,2025-05-02,2025,05,1.4508130158,NRSC VIC MODEL
Uttarakhand,Uttar Kashi,2025-05-27,2025,05,3.8886051043,NRSC VIC MODEL
Uttarakhand,Almora,2025-06-21,2025,06,0.6205287951,NRSC VIC MODEL
Uttarakhand,Almora,2025-06-05,2025,06,2.9841671135,NRSC VIC MODEL
Uttarakhand,Almora,2025-06-28,2025,06,12.7807128324,NRSC VIC MODEL
Uttarakhand,Bageshwar,2025-06-12,2025,06,18.5229351823,NRSC VIC MODEL
Uttarakhand,Bageshwar,2025-06-11,2025,06,18.8139349649,NRSC VIC MODEL
Uttarakhand,Bageshwar,2025-06-15,2025,06,12.769280495,NRSC VIC MODEL
Uttarakhand,Bageshwar,2025-06-14,2025,06,7.394973352,NRSC VIC MODEL
Uttarakhand,Bageshwar,2025-06-04,2025,06,5.3829149931,NRSC VIC MODEL
Uttarakhand,Bageshwar,2025-06-16,2025,06,5.4785879276,NRSC VIC MODEL
Uttarakhand,Bageshwar,2025-06-19,2025,06,4.7625444511,NRSC VIC MODEL
Uttarakhand,Bageshwar,2025-06-27,2025,06,19.8124731806,NRSC VIC MODEL
Uttarakhand,Bageshwar,2025-06-06,2025,06,2.3060165708,NRSC VIC MODEL
Uttarakhand,Bageshwar,2025-06-07,2025,06,0.5842220071,NRSC VIC MODEL
Uttarakhand,Chamoli,2025-06-10,2025,06,1.022959004,NRSC VIC MODEL
Uttarakhand,Chamoli,2025-06-01,2025,06,0.3444072755,NRSC VIC MODEL
Uttarakhand,Chamoli,2025-06-03,2025,06,3.0082733382,NRSC VIC MODEL
Uttarakhand,Chamoli,2025-06-16,2025,06,5.697856132,NRSC VIC MODEL
Uttarakhand,Chamoli,2025-06-18,2025,06,4.5769977584,NRSC VIC MODEL
Uttarakhand,Champawat,2025-06-10,2025,06,0.1261464559,NRSC VIC MODEL
Uttarakhand,Champawat,2025-06-08,2025,06,0.0001165057,NRSC VIC MODEL
Uttarakhand,Champawat,2025-06-28,2025,06,11.4350534921,NRSC VIC MODEL
Uttarakhand,Champawat,2025-06-12,2025,06,0.3274031766,NRSC VIC MODEL
Uttarakhand,Dehradun,2025-06-25,2025,06,6.4991258675,NRSC VIC MODEL
Uttarakhand,Dehradun,2025-06-17,2025,06,5.0806852769,NRSC VIC MODEL
Uttarakhand,Dehradun,2025-06-26,2025,06,27.9434006915,NRSC VIC MODEL
Uttarakhand,Dehradun,2025-06-29,2025,06,61.5904748907,NRSC VIC MODEL
Uttarakhand,Dehradun,2025-06-22,2025,06,1.2371200923,NRSC VIC MODEL
Uttarakhand,Dehradun,2025-06-01,2025,06,0.5500906634,NRSC VIC MODEL
Uttarakhand,Dehradun,2025-06-20,2025,06,6.6369838173,NRSC VIC MODEL
Uttarakhand,Dehradun,2025-06-12,2025,06,1.4193062975,NRSC VIC MODEL
Uttarakhand,Dehradun,2025-06-06,2025,06,3.3015637595,NRSC VIC MODEL
Uttarakhand,Haridwar,2025-06-24,2025,06,6.8565688401,NRSC VIC MODEL
Uttarakhand,Haridwar,2025-06-21,2025,06,10.0592554586,NRSC VIC MODEL
Uttarakhand,Haridwar,2025-06-29,2025,06,27.3605272519,NRSC VIC MODEL
Uttarakhand,Haridwar,2025-06-03,2025,06,3.6931604517,NRSC VIC MODEL
Uttarakhand,Haridwar,2025-06-25,2025,06,9.1770549108,NRSC VIC MODEL
Uttarakhand,Haridwar,2025-06-10,2025,06,0,NRSC VIC MODEL
Uttarakhand,Haridwar,2025-06-04,2025,06,2.808196883,NRSC VIC MODEL
Uttarakhand,Nainital,2025-06-05,2025,06,1.8205019177,NRSC VIC MODEL
Uttarakhand,Nainital,2025-06-17,2025,06,1.552063393,NRSC VIC MODEL
Uttarakhand,Nainital,2025-06-06,2025,06,0.6101762184,NRSC VIC MODEL
Uttarakhand,Nainital,2025-06-04,2025,06,13.5830766246,NRSC VIC MODEL
Uttarakhand,Nainital,2025-06-14,2025,06,19.400629569,NRSC VIC MODEL
Uttarakhand,Nainital,2025-06-01,2025,06,0.2386958455,NRSC VIC MODEL
Uttarakhand,Pauri Garhwal,2025-06-14,2025,06,15.7455132762,NRSC VIC MODEL
Uttarakhand,Pauri Garhwal,2025-06-04,2025,06,3.5663792981,NRSC VIC MODEL
Uttarakhand,Pauri Garhwal,2025-06-29,2025,06,39.7312741801,NRSC VIC MODEL
Uttarakhand,Pauri Garhwal,2025-06-01,2025,06,0.226844946,NRSC VIC MODEL
Uttarakhand,Pauri Garhwal,2025-06-16,2025,06,18.7873754896,NRSC VIC MODEL
Uttarakhand,Pauri Garhwal,2025-06-19,2025,06,2.2709971434,NRSC VIC MODEL
Uttarakhand,Pauri Garhwal,2025-06-18,2025,06,8.0417118994,NRSC VIC MODEL
Uttarakhand,Pauri Garhwal,2025-06-28,2025,06,19.6439071827,NRSC VIC MODEL
Uttarakhand,Pauri Garhwal,2025-06-10,2025,06,0,NRSC VIC MODEL
Uttarakhand,Pithoragarh,2025-06-14,2025,06,9.7075111072,NRSC VIC MODEL
Uttarakhand,Pithoragarh,2025-06-30,2025,06,8.3220201386,NRSC VIC MODEL
Uttarakhand,Pithoragarh,2025-06-05,2025,06,1.5380480941,NRSC VIC MODEL
Uttarakhand,Pithoragarh,2025-06-26,2025,06,11.0142847591,NRSC VIC MODEL
Uttarakhand,Pithoragarh,2025-06-21,2025,06,1.3482930559,NRSC VIC MODEL
Uttarakhand,Rudra Prayag,2025-06-08,2025,06,0.4668460186,NRSC VIC MODEL
Uttarakhand,Rudra Prayag,2025-06-11,2025,06,14.296021722,NRSC VIC MODEL
Uttarakhand,Rudra Prayag,2025-06-21,2025,06,13.4751942502,NRSC VIC MODEL
Uttarakhand,Rudra Prayag,2025-06-16,2025,06,9.9918688491,NRSC VIC MODEL
Uttarakhand,Rudra Prayag,2025-06-06,2025,06,4.2872015698,NRSC VIC MODEL
Uttarakhand,Rudra Prayag,2025-06-09,2025,06,2.0570580669,NRSC VIC MODEL
Uttarakhand,Tehri Garhwal,2025-06-29,2025,06,58.9075690524,NRSC VIC MODEL
Uttarakhand,Tehri Garhwal,2025-06-06,2025,06,1.8428339103,NRSC VIC MODEL
Uttarakhand,Tehri Garhwal,2025-06-11,2025,06,0.6946894251,NRSC VIC MODEL
Uttarakhand,Tehri Garhwal,2025-06-30,2025,06,39.1423483127,NRSC VIC MODEL
Uttarakhand,Tehri Garhwal,2025-06-26,2025,06,11.1437911198,NRSC VIC MODEL
Uttarakhand,Tehri Garhwal,2025-06-12,2025,06,2.2053509926,NRSC VIC MODEL
Uttarakhand,Tehri Garhwal,2025-06-13,2025,06,5.921673866,NRSC VIC MODEL
Uttarakhand,Tehri Garhwal,2025-06-07,2025,06,0.07001988,NRSC VIC MODEL
Uttarakhand,Udam Singh Nagar,2025-06-16,2025,06,28.4087528576,NRSC VIC MODEL
Uttarakhand,Udam Singh Nagar,2025-06-12,2025,06,1.5171450983,NRSC VIC MODEL
Uttarakhand,Udam Singh Nagar,2025-06-04,2025,06,6.4471590196,NRSC VIC MODEL
Uttarakhand,Udam Singh Nagar,2025-06-07,2025,06,0,NRSC VIC MODEL
Uttarakhand,Udam Singh Nagar,2025-06-23,2025,06,13.1075651997,NRSC VIC MODEL
Uttarakhand,Uttar Kashi,2025-06-14,2025,06,0.365586489,NRSC VIC MODEL
Uttarakhand,Uttar Kashi,2025-06-13,2025,06,2.3265913979,NRSC VIC MODEL
Uttarakhand,Uttar Kashi,2025-06-01,2025,06,0.398731367,NRSC VIC MODEL
Uttarakhand,Uttar Kashi,2025-06-18,2025,06,2.9847580139,NRSC VIC MODEL
Uttarakhand,Uttar Kashi,2025-06-30,2025,06,26.0896247209,NRSC VIC MODEL
Uttarakhand,Uttar Kashi,2025-06-16,2025,06,10.9150848656,NRSC VIC MODEL
Uttarakhand,Uttar Kashi,2025-06-02,2025,06,1.071050471,NRSC VIC MODEL
Uttarakhand,Uttar Kashi,2025-06-22,2025,06,0.3951313872,NRSC VIC MODEL
Uttarakhand,Uttar Kashi,2025-06-19,2025,06,2.5454134585,NRSC VIC MODEL
Uttarakhand,Udam Singh Nagar,2025-01-21,2025,01,0,NRSC VIC MODEL
Uttarakhand,Udam Singh Nagar,2025-01-23,2025,01,0,NRSC VIC MODEL
Uttarakhand,Udam Singh Nagar,2025-01-28,2025,01,0,NRSC VIC MODEL
Uttarakhand,Udam Singh Nagar,2025-01-29,2025,01,0,NRSC VIC MODEL
Uttarakhand,Udam Singh Nagar,2025-02-01,2025,02,0,NRSC VIC MODEL
Uttarakhand,Udam Singh Nagar,2025-02-09,2025,02,0,NRSC VIC MODEL
Uttarakhand,Udam Singh Nagar,2025-02-07,2025,02,0,NRSC VIC MODEL
Uttarakhand,Udam Singh Nagar,2025-02-10,2025,02,0,NRSC VIC MODEL
Uttarakhand,Udam Singh Nagar,2025-02-16,2025,02,0.2676448088,NRSC VIC MODEL
Uttarakhand,Udam Singh Nagar,2025-02-19,2025,02,0,NRSC VIC MODEL
Uttarakhand,Udam Singh Nagar,2025-02-24,2025,02,5.563e-07,NRSC VIC MODEL
Uttarakhand,Udam Singh Nagar,2025-03-01,2025,03,0.3930492624,NRSC VIC MODEL
Uttarakhand,Udam Singh Nagar,2025-03-03,2025,03,0,NRSC VIC MODEL
Uttarakhand,Udam Singh Nagar,2025-03-06,2025,03,0,NRSC VIC MODEL
Uttarakhand,Udam Singh Nagar,2025-03-14,2025,03,0.6701325637,NRSC VIC MODEL
Uttarakhand,Udam Singh Nagar,2025-03-22,2025,03,0.0101456383,NRSC VIC MODEL
Uttarakhand,Udam Singh Nagar,2025-03-19,2025,03,0,NRSC VIC MODEL
Uttarakhand,Udam Singh Nagar,2025-03-31,2025,03,0,NRSC VIC MODEL
Uttarakhand,Udam Singh Nagar,2025-04-06,2025,04,0,NRSC VIC MODEL
Uttarakhand,Udam Singh Nagar,2025-04-16,2025,04,0,NRSC VIC MODEL
Uttarakhand,Udam Singh Nagar,2025-04-21,2025,04,0.0001287266,NRSC VIC MODEL
Uttarakhand,Udam Singh Nagar,2025-04-27,2025,04,0.0008051543,NRSC VIC MODEL
Uttarakhand,Udam Singh Nagar,2025-04-30,2025,04,0.0001340997,NRSC VIC MODEL
Uttarakhand,Udam Singh Nagar,2025-05-05,2025,05,14.1556509196,NRSC VIC MODEL
Uttarakhand,Udam Singh Nagar,2025-05-06,2025,05,1.4400157259,NRSC VIC MODEL
Uttarakhand,Udam Singh Nagar,2025-05-08,2025,05,2.28098e-05,NRSC VIC MODEL
Uttarakhand,Udam Singh Nagar,2025-05-23,2025,05,0.1676348209,NRSC VIC MODEL
Uttarakhand,Udam Singh Nagar,2025-06-01,2025,06,0.7442438686,NRSC VIC MODEL
Uttarakhand,Udam Singh Nagar,2025-06-04,2025,06,6.4471590196,NRSC VIC MODEL
Uttarakhand,Udam Singh Nagar,2025-06-10,2025,06,0.0002870436,NRSC VIC MODEL
Uttarakhand,Udam Singh Nagar,2025-06-16,2025,06,28.4087528576,NRSC VIC MODEL
Uttarakhand,Udam Singh Nagar,2025-06-17,2025,06,0.6932062252,NRSC VIC MODEL
Uttarakhand,Udam Singh Nagar,2025-06-19,2025,06,2.5641096177,NRSC VIC MODEL
Uttarakhand,Udam Singh Nagar,2025-06-22,2025,06,6.830292351,NRSC VIC MODEL
Uttarakhand,Udam Singh Nagar,2025-06-23,2025,06,13.1075651997,NRSC VIC MODEL
Uttarakhand,Uttar Kashi,2025-01-05,2025,01,0.095675095,NRSC VIC MODEL
Uttarakhand,Uttar Kashi,2025-01-06,2025,01,0.6432185763,NRSC VIC MODEL
Uttarakhand,Uttar Kashi,2025-01-11,2025,01,4.7149227811,NRSC VIC MODEL
Uttarakhand,Uttar Kashi,2025-01-15,2025,01,3.8341438581,NRSC VIC MODEL
Uttarakhand,Uttar Kashi,2025-01-18,2025,01,0.0016214185,NRSC VIC MODEL
Uttarakhand,Uttar Kashi,2025-01-19,2025,01,0.0023163793,NRSC VIC MODEL
Uttarakhand,Uttar Kashi,2025-01-21,2025,01,0,NRSC VIC MODEL
Uttarakhand,Uttar Kashi,2025-01-27,2025,01,0.0001847703,NRSC VIC MODEL
Uttarakhand,Uttar Kashi,2025-02-05,2025,02,0,NRSC VIC MODEL
Uttarakhand,Uttar Kashi,2025-02-10,2025,02,0,NRSC VIC MODEL
Uttarakhand,Uttar Kashi,2025-02-21,2025,02,7.8612846848,NRSC VIC MODEL
Uttarakhand,Uttar Kashi,2025-03-04,2025,03,4.0432667273,NRSC VIC MODEL
Uttarakhand,Uttar Kashi,2025-03-08,2025,03,0.0617357914,NRSC VIC MODEL
Uttarakhand,Uttar Kashi,2025-03-13,2025,03,8.1038378024,NRSC VIC MODEL
Uttarakhand,Uttar Kashi,2025-03-16,2025,03,2.9457869096,NRSC VIC MODEL
Uttarakhand,Uttar Kashi,2025-03-23,2025,03,0.0106730527,NRSC VIC MODEL
Uttarakhand,Uttar Kashi,2025-03-26,2025,03,0.1235783677,NRSC VIC MODEL
Uttarakhand,Uttar Kashi,2025-04-03,2025,04,0,NRSC VIC MODEL
Uttarakhand,Uttar Kashi,2025-04-07,2025,04,0.4312931655,NRSC VIC MODEL
Uttarakhand,Uttar Kashi,2025-04-12,2025,04,7.7880134973,NRSC VIC MODEL
Uttarakhand,Uttar Kashi,2025-04-18,2025,04,0.1590306972,NRSC VIC MODEL
Uttarakhand,Uttar Kashi,2025-04-20,2025,04,0.677949136,NRSC VIC MODEL
Uttarakhand,Uttar Kashi,2025-04-24,2025,04,0.1431050811,NRSC VIC MODEL
Uttarakhand,Uttar Kashi,2025-04-25,2025,04,0.0359170197,NRSC VIC MODEL
Uttarakhand,Uttar Kashi,2025-04-29,2025,04,0.0239368253,NRSC VIC MODEL
Uttarakhand,Uttar Kashi,2025-05-01,2025,05,2.5447952242,NRSC VIC MODEL
Uttarakhand,Uttar Kashi,2025-05-02,2025,05,1.4508130158,NRSC VIC MODEL
Uttarakhand,Uttar Kashi,2025-05-03,2025,05,0.3076981831,NRSC VIC MODEL
Uttarakhand,Uttar Kashi,2025-05-07,2025,05,3.8591862463,NRSC VIC MODEL
Uttarakhand,Uttar Kashi,2025-05-08,2025,05,0.4830744609,NRSC VIC MODEL
Uttarakhand,Uttar Kashi,2025-05-19,2025,05,2.5290046933,NRSC VIC MODEL
Uttarakhand,Uttar Kashi,2025-05-22,2025,05,4.5869801651,NRSC VIC MODEL
Uttarakhand,Uttar Kashi,2025-05-26,2025,05,2.0493955047,NRSC VIC MODEL
Uttarakhand,Uttar Kashi,2025-06-03,2025,06,4.7106086019,NRSC VIC MODEL
Uttarakhand,Uttar Kashi,2025-06-04,2025,06,3.6910862048,NRSC VIC MODEL
Uttarakhand,Uttar Kashi,2025-06-07,2025,06,0.1556315109,NRSC VIC MODEL
Uttarakhand,Uttar Kashi,2025-06-08,2025,06,0.1463515947,NRSC VIC MODEL
Uttarakhand,Uttar Kashi,2025-06-18,2025,06,2.9847580139,NRSC VIC MODEL
Uttarakhand,Uttar Kashi,2025-06-21,2025,06,2.5918975768,NRSC VIC MODEL
Uttarakhand,Uttar Kashi,2025-06-25,2025,06,0.4755630945,NRSC VIC MODEL
Uttarakhand,Uttar Kashi,2025-06-30,2025,06,26.0896247209,NRSC VIC MODEL
Uttarakhand,Bageshwar,2025-01-27,2025,01,0,NRSC VIC MODEL
Uttarakhand,Bageshwar,2025-01-29,2025,01,0,NRSC VIC MODEL
Uttarakhand,Bageshwar,2025-02-01,2025,02,0,NRSC VIC MODEL
Uttarakhand,Bageshwar,2025-02-04,2025,02,0,NRSC VIC MODEL
Uttarakhand,Bageshwar,2025-02-07,2025,02,0,NRSC VIC MODEL
Uttarakhand,Bageshwar,2025-02-25,2025,02,0.2911126585,NRSC VIC MODEL
Uttarakhand,Bageshwar,2025-03-06,2025,03,0.0006944293,NRSC VIC MODEL
Uttarakhand,Bageshwar,2025-03-07,2025,03,3.3651469639,NRSC VIC MODEL
Uttarakhand,Bageshwar,2025-03-12,2025,03,0.0366140806,NRSC VIC MODEL
Uttarakhand,Bageshwar,2025-03-15,2025,03,9.5943891123,NRSC VIC MODEL
Uttarakhand,Bageshwar,2025-03-17,2025,03,0.9149743154,NRSC VIC MODEL
Uttarakhand,Bageshwar,2025-03-23,2025,03,0.801833842,NRSC VIC MODEL
Uttarakhand,Bageshwar,2025-03-25,2025,03,0,NRSC VIC MODEL
Uttarakhand,Bageshwar,2025-03-26,2025,03,0.04373226,NRSC VIC MODEL
Uttarakhand,Bageshwar,2025-03-27,2025,03,0.584228883,NRSC VIC MODEL
Uttarakhand,Bageshwar,2025-03-28,2025,03,0.0156225403,NRSC VIC MODEL
Uttarakhand,Bageshwar,2025-04-06,2025,04,0.0003912418,NRSC VIC MODEL
Uttarakhand,Bageshwar,2025-04-21,2025,04,0.8782702081,NRSC VIC MODEL
Uttarakhand,Bageshwar,2025-04-24,2025,04,0.07541858,NRSC VIC MODEL
Uttarakhand,Bageshwar,2025-04-26,2025,04,0,NRSC VIC MODEL
Uttarakhand,Bageshwar,2025-04-30,2025,04,0.0045593586,NRSC VIC MODEL
Uttarakhand,Bageshwar,2025-05-09,2025,05,1.7584674067,NRSC VIC MODEL
Uttarakhand,Bageshwar,2025-05-15,2025,05,0.0894378527,NRSC VIC MODEL
Uttarakhand,Bageshwar,2025-05-16,2025,05,3.2800611439,NRSC VIC MODEL
Uttarakhand,Bageshwar,2025-05-26,2025,05,4.8360104824,NRSC VIC MODEL
Uttarakhand,Bageshwar,2025-05-27,2025,05,0.0290362261,NRSC VIC MODEL
Uttarakhand,Bageshwar,2025-06-06,2025,06,2.3060165708,NRSC VIC MODEL
Uttarakhand,Bageshwar,2025-06-13,2025,06,7.4446296441,NRSC VIC MODEL
Uttarakhand,Bageshwar,2025-06-17,2025,06,3.3938541558,NRSC VIC MODEL
Uttarakhand,Bageshwar,2025-06-25,2025,06,15.7402888227,NRSC VIC MODEL
Uttarakhand,Bageshwar,2025-06-27,2025,06,19.8124731806,NRSC VIC MODEL
Uttarakhand,Chamoli,2025-01-04,2025,01,0.1148488945,NRSC VIC MODEL
Uttarakhand,Chamoli,2025-01-10,2025,01,0,NRSC VIC MODEL
Uttarakhand,Chamoli,2025-01-11,2025,01,1.6141712489,NRSC VIC MODEL
Uttarakhand,Chamoli,2025-01-17,2025,01,1.191835841,NRSC VIC MODEL
Uttarakhand,Chamoli,2025-01-22,2025,01,2.2621910336,NRSC VIC MODEL
Uttarakhand,Chamoli,2025-01-26,2025,01,0,NRSC VIC MODEL
Uttarakhand,Chamoli,2025-01-27,2025,01,0,NRSC VIC MODEL
Uttarakhand,Chamoli,2025-01-28,2025,01,0,NRSC VIC MODEL
Uttarakhand,Chamoli,2025-01-30,2025,01,0,NRSC VIC MODEL
Uttarakhand,Chamoli,2025-02-04,2025,02,0,NRSC VIC MODEL
Uttarakhand,Chamoli,2025-02-05,2025,02,0.0030392473,NRSC VIC MODEL
Uttarakhand,Chamoli,2025-02-06,2025,02,0,NRSC VIC MODEL
Uttarakhand,Chamoli,2025-02-07,2025,02,0,NRSC VIC MODEL
Uttarakhand,Chamoli,2025-02-13,2025,02,0.0004112928,NRSC VIC MODEL
Uttarakhand,Chamoli,2025-02-14,2025,02,0.0423429003,NRSC VIC MODEL
Uttarakhand,Chamoli,2025-02-20,2025,02,0.2862401003,NRSC VIC MODEL
Uttarakhand,Chamoli,2025-02-22,2025,02,0.0295127284,NRSC VIC MODEL
Uttarakhand,Chamoli,2025-02-27,2025,02,1.3387252692,NRSC VIC MODEL
Uttarakhand,Chamoli,2025-03-04,2025,03,1.0658785517,NRSC VIC MODEL
Uttarakhand,Chamoli,2025-03-20,2025,03,0.0023439094,NRSC VIC MODEL
Uttarakhand,Chamoli,2025-03-21,2025,03,0.0618315211,NRSC VIC MODEL
Uttarakhand,Chamoli,2025-04-06,2025,04,0.0348239225,NRSC VIC MODEL
Uttarakhand,Chamoli,2025-04-11,2025,04,10.7748380631,NRSC VIC MODEL
Uttarakhand,Chamoli,2025-04-15,2025,04,0.1399181087,NRSC VIC MODEL
Uttarakhand,Chamoli,2025-04-17,2025,04,0.3442107373,NRSC VIC MODEL
Uttarakhand,Chamoli,2025-04-18,2025,04,0.388942768,NRSC VIC MODEL
Uttarakhand,Chamoli,2025-04-30,2025,04,0.3434580215,NRSC VIC MODEL
Uttarakhand,Chamoli,2025-05-04,2025,05,7.0816164104,NRSC VIC MODEL
Uttarakhand,Chamoli,2025-05-05,2025,05,1.9118559715,NRSC VIC MODEL
Uttarakhand,Chamoli,2025-05-06,2025,05,1.2131505387,NRSC VIC MODEL
Uttarakhand,Chamoli,2025-05-07,2025,05,4.7190631488,NRSC VIC MODEL
Uttarakhand,Chamoli,2025-05-22,2025,05,2.0670242928,NRSC VIC MODEL
Uttarakhand,Chamoli,2025-05-23,2025,05,0.1951836104,NRSC VIC MODEL
Uttarakhand,Chamoli,2025-06-06,2025,06,2.7314116039,NRSC VIC MODEL
Uttarakhand,Chamoli,2025-06-07,2025,06,0.7282947585,NRSC VIC MODEL
Uttarakhand,Chamoli,2025-06-09,2025,06,4.3909051239,NRSC VIC MODEL
Uttarakhand,Chamoli,2025-06-11,2025,06,4.9188909582,NRSC VIC MODEL
Uttarakhand,Chamoli,2025-06-15,2025,06,3.740840429,NRSC VIC MODEL
Uttarakhand,Chamoli,2025-06-23,2025,06,8.9426717849,NRSC VIC MODEL
Uttarakhand,Chamoli,2025-06-29,2025,06,23.3329171493,NRSC VIC MODEL
Uttarakhand,Champawat,2025-01-03,2025,01,0,NRSC VIC MODEL
Uttarakhand,Champawat,2025-01-04,2025,01,0,NRSC VIC MODEL
Uttarakhand,Champawat,2025-01-05,2025,01,0,NRSC VIC MODEL
Uttarakhand,Champawat,2025-01-08,2025,01,0,NRSC VIC MODEL
Uttarakhand,Champawat,2025-01-13,2025,01,2.152540423,NRSC VIC MODEL
Uttarakhand,Champawat,2025-01-18,2025,01,0,NRSC VIC MODEL
Uttarakhand,Champawat,2025-01-30,2025,01,0,NRSC VIC MODEL
Uttarakhand,Champawat,2025-02-02,2025,02,0,NRSC VIC MODEL
Uttarakhand,Champawat,2025-02-03,2025,02,0,NRSC VIC MODEL
Uttarakhand,Champawat,2025-02-09,2025,02,0,NRSC VIC MODEL
Uttarakhand,Champawat,2025-02-15,2025,02,0,NRSC VIC MODEL
Uttarakhand,Champawat,2025-02-19,2025,02,0.0007209264,NRSC VIC MODEL
Uttarakhand,Champawat,2025-02-25,2025,02,0.012005916,NRSC VIC MODEL
Uttarakhand,Champawat,2025-03-06,2025,03,0,NRSC VIC MODEL
Uttarakhand,Champawat,2025-03-08,2025,03,0.0001165057,NRSC VIC MODEL
Uttarakhand,Champawat,2025-03-10,2025,03,0.0001165057,NRSC VIC MODEL
Uttarakhand,Champawat,2025-03-13,2025,03,0.1925349488,NRSC VIC MODEL
Uttarakhand,Champawat,2025-03-18,2025,03,0.2841527189,NRSC VIC MODEL
Uttarakhand,Champawat,2025-03-22,2025,03,0.9356700743,NRSC VIC MODEL
Uttarakhand,Champawat,2025-03-24,2025,03,0,NRSC VIC MODEL
Uttarakhand,Champawat,2025-03-30,2025,03,0.0046782216,NRSC VIC MODEL
Uttarakhand,Champawat,2025-03-31,2025,03,0,NRSC VIC MODEL
Uttarakhand,Champawat,2025-04-01,2025,04,0.0049917421,NRSC VIC MODEL
Uttarakhand,Champawat,2025-04-02,2025,04,0,NRSC VIC MODEL
Uttarakhand,Champawat,2025-04-05,2025,04,0,NRSC VIC MODEL
Uttarakhand,Champawat,2025-04-08,2025,04,0,NRSC VIC MODEL
Uttarakhand,Champawat,2025-04-12,2025,04,1.2478278497,NRSC VIC MODEL
Uttarakhand,Champawat,2025-04-21,2025,04,0.0036589142,NRSC VIC MODEL
Uttarakhand,Champawat,2025-04-22,2025,04,0,NRSC VIC MODEL
Uttarakhand,Champawat,2025-05-09,2025,05,0.7351894571,NRSC VIC MODEL
Uttarakhand,Champawat,2025-05-15,2025,05,0.0001165057,NRSC VIC MODEL
Uttarakhand,Champawat,2025-05-19,2025,05,4.9036095157,NRSC VIC MODEL
Uttarakhand,Champawat,2025-05-22,2025,05,12.8293484082,NRSC VIC MODEL
Uttarakhand,Champawat,2025-05-25,2025,05,7.4586391674,NRSC VIC MODEL
Uttarakhand,Champawat,2025-05-30,2025,05,2.1100404596,NRSC VIC MODEL
Uttarakhand,Champawat,2025-06-03,2025,06,6.5302436856,NRSC VIC MODEL
Uttarakhand,Champawat,2025-06-10,2025,06,0.1261464559,NRSC VIC MODEL
Uttarakhand,Champawat,2025-06-17,2025,06,2.0206650273,NRSC VIC MODEL
Uttarakhand,Champawat,2025-06-20,2025,06,6.1760889678,NRSC VIC MODEL
Uttarakhand,Champawat,2025-06-25,2025,06,5.4476551433,NRSC VIC MODEL
Uttarakhand,Dehradun,2025-01-01,2025,01,2.37395e-05,NRSC VIC MODEL
Uttarakhand,Dehradun,2025-01-09,2025,01,0,NRSC VIC MODEL
Uttarakhand,Dehradun,2025-01-12,2025,01,2.267517121,NRSC VIC MODEL
Uttarakhand,Dehradun,2025-01-14,2025,01,0.001774044,NRSC VIC MODEL
Uttarakhand,Dehradun,2025-01-16,2025,01,1.9101345795,NRSC VIC MODEL
Uttarakhand,Dehradun,2025-01-22,2025,01,0.0893492928,NRSC VIC MODEL
Uttarakhand,Dehradun,2025-01-25,2025,01,0,NRSC VIC MODEL
Uttarakhand,Dehradun,2025-01-26,2025,01,0,NRSC VIC MODEL
Uttarakhand,Dehradun,2025-01-29,2025,01,0,NRSC VIC MODEL
Uttarakhand,Dehradun,2025-01-31,2025,01,0,NRSC VIC MODEL
Uttarakhand,Dehradun,2025-02-05,2025,02,0.0088687051,NRSC VIC MODEL
Uttarakhand,Dehradun,2025-02-10,2025,02,0,NRSC VIC MODEL
Uttarakhand,Dehradun,2025-02-20,2025,02,3.2449109867,NRSC VIC MODEL
Uttarakhand,Dehradun,2025-03-06,2025,03,0.0001256339,NRSC VIC MODEL
Uttarakhand,Dehradun,2025-03-07,2025,03,0.0001484546,NRSC VIC MODEL
Uttarakhand,Dehradun,2025-03-09,2025,03,0,NRSC VIC MODEL
Uttarakhand,Dehradun,2025-03-10,2025,03,0,NRSC VIC MODEL
Uttarakhand,Dehradun,2025-03-15,2025,03,4.1330413943,NRSC VIC MODEL
Uttarakhand,Dehradun,2025-03-18,2025,03,0.0005307408,NRSC VIC MODEL
Uttarakhand,Dehradun,2025-03-26,2025,03,0,NRSC VIC MODEL
Uttarakhand,Dehradun,2025-03-27,2025,03,0.0004453639,NRSC VIC MODEL
Uttarakhand,Dehradun,2025-04-01,2025,04,0,NRSC VIC MODEL
Uttarakhand,Dehradun,2025-04-07,2025,04,0,NRSC VIC MODEL
Uttarakhand,Dehradun,2025-04-10,2025,04,0.6103433281,NRSC VIC MODEL
Uttarakhand,Dehradun,2025-04-21,2025,04,1.8709005818,NRSC VIC MODEL
Uttarakhand,Dehradun,2025-04-30,2025,04,0.85111149,NRSC VIC MODEL
Uttarakhand,Dehradun,2025-05-19,2025,05,0.8212080196,NRSC VIC MODEL
Uttarakhand,Dehradun,2025-05-21,2025,05,3.0424648103,NRSC VIC MODEL
Uttarakhand,Dehradun,2025-05-24,2025,05,0.2654927162,NRSC VIC MODEL
Uttarakhand,Dehradun,2025-05-25,2025,05,10.9481604094,NRSC VIC MODEL
Uttarakhand,Dehradun,2025-05-28,2025,05,7.1866151074,NRSC VIC MODEL
Uttarakhand,Dehradun,2025-06-02,2025,06,4.3409144907,NRSC VIC MODEL
Uttarakhand,Dehradun,2025-06-06,2025,06,3.3015637595,NRSC VIC MODEL
Uttarakhand,Dehradun,2025-06-07,2025,06,0,NRSC VIC MODEL
Uttarakhand,Dehradun,2025-06-12,2025,06,1.4193062975,NRSC VIC MODEL
Uttarakhand,Dehradun,2025-06-14,2025,06,1.0818718849,NRSC VIC MODEL
Uttarakhand,Dehradun,2025-06-21,2025,06,15.1239673199,NRSC VIC MODEL
Uttarakhand,Dehradun,2025-06-24,2025,06,16.8820262473,NRSC VIC MODEL
Uttarakhand,Haridwar,2025-01-05,2025,01,0,NRSC VIC MODEL
Uttarakhand,Haridwar,2025-01-21,2025,01,0,NRSC VIC MODEL
Uttarakhand,Haridwar,2025-01-30,2025,01,0,NRSC VIC MODEL
Uttarakhand,Haridwar,2025-02-02,2025,02,0,NRSC VIC MODEL
Uttarakhand,Haridwar,2025-02-15,2025,02,0.0052141568,NRSC VIC MODEL
Uttarakhand,Haridwar,2025-02-19,2025,02,0,NRSC VIC MODEL
Uttarakhand,Haridwar,2025-02-28,2025,02,8.0247636146,NRSC VIC MODEL
Uttarakhand,Haridwar,2025-03-02,2025,03,0,NRSC VIC MODEL
Uttarakhand,Haridwar,2025-03-03,2025,03,0,NRSC VIC MODEL
Uttarakhand,Haridwar,2025-03-07,2025,03,0,NRSC VIC MODEL
Uttarakhand,Haridwar,2025-03-10,2025,03,0,NRSC VIC MODEL
Uttarakhand,Haridwar,2025-03-18,2025,03,0.0016591373,NRSC VIC MODEL
Uttarakhand,Haridwar,2025-03-28,2025,03,0.0009360457,NRSC VIC MODEL
Uttarakhand,Haridwar,2025-04-01,2025,04,0,NRSC VIC MODEL
Uttarakhand,Haridwar,2025-04-02,2025,04,0,NRSC VIC MODEL
Uttarakhand,Haridwar,2025-04-04,2025,04,0,NRSC VIC MODEL
Uttarakhand,Haridwar,2025-04-06,2025,04,0,NRSC VIC MODEL
Uttarakhand,Haridwar,2025-04-07,2025,04,0,NRSC VIC MODEL
Uttarakhand,Haridwar,2025-04-21,2025,04,0.0003744183,NRSC VIC MODEL
Uttarakhand,Haridwar,2025-04-22,2025,04,0.0028808787,NRSC VIC MODEL
Uttarakhand,Haridwar,2025-04-23,2025,04,0,NRSC VIC MODEL
Uttarakhand,Haridwar,2025-04-24,2025,04,0,NRSC VIC MODEL
Uttarakhand,Haridwar,2025-04-29,2025,04,0,NRSC VIC MODEL
Uttarakhand,Haridwar,2025-05-01,2025,05,0,NRSC VIC MODEL
Uttarakhand,Haridwar,2025-05-07,2025,05,2.3940122027,NRSC VIC MODEL
Uttarakhand,Haridwar,2025-05-21,2025,05,0.5101589936,NRSC VIC MODEL
Uttarakhand,Haridwar,2025-05-22,2025,05,4.5875943872,NRSC VIC MODEL
Uttarakhand,Haridwar,2025-05-24,2025,05,0.0001757403,NRSC VIC MODEL
Uttarakhand,Haridwar,2025-05-28,2025,05,0.03760842,NRSC VIC MODEL
Uttarakhand,Haridwar,2025-05-29,2025,05,0.849830262,NRSC VIC MODEL
Uttarakhand,Haridwar,2025-05-31,2025,05,0.2862404663,NRSC VIC MODEL
Uttarakhand,Haridwar,2025-06-01,2025,06,0.0407537416,NRSC VIC MODEL
Uttarakhand,Haridwar,2025-06-16,2025,06,21.7831133962,NRSC VIC MODEL
Uttarakhand,Haridwar,2025-06-18,2025,06,6.06367816,NRSC VIC MODEL
Uttarakhand,Haridwar,2025-06-25,2025,06,9.1770549108,NRSC VIC MODEL
Uttarakhand,Haridwar,2025-06-26,2025,06,13.5643738197,NRSC VIC MODEL
Uttarakhand,Haridwar,2025-06-30,2025,06,38.0728608576,NRSC VIC MODEL
Uttarakhand,Nainital,2025-01-04,2025,01,0,NRSC VIC MODEL
Uttarakhand,Nainital,2025-01-13,2025,01,0.0552212732,NRSC VIC MODEL
Uttarakhand,Nainital,2025-01-16,2025,01,0.5085559053,NRSC VIC MODEL
Uttarakhand,Nainital,2025-01-17,2025,01,1.4137152055,NRSC VIC MODEL
Uttarakhand,Nainital,2025-01-28,2025,01,0,NRSC VIC MODEL
Uttarakhand,Nainital,2025-01-29,2025,01,0,NRSC VIC MODEL
Uttarakhand,Nainital,2025-02-06,2025,02,0,NRSC VIC MODEL
Uttarakhand,Nainital,2025-02-09,2025,02,0,NRSC VIC MODEL
Uttarakhand,Nainital,2025-02-15,2025,02,0,NRSC VIC MODEL
Uttarakhand,Nainital,2025-02-20,2025,02,0.1345182668,NRSC VIC MODEL
Uttarakhand,Nainital,2025-02-21,2025,02,2.3036036299,NRSC VIC MODEL
Uttarakhand,Nainital,2025-02-22,2025,02,0.0002871055,NRSC VIC MODEL
Uttarakhand,Nainital,2025-02-24,2025,02,0.0077350251,NRSC VIC MODEL
Uttarakhand,Nainital,2025-02-28,2025,02,10.9428588537,NRSC VIC MODEL
Uttarakhand,Nainital,2025-03-01,2025,03,1.1041324926,NRSC VIC MODEL
Uttarakhand,Nainital,2025-03-04,2025,03,0.3522345284,NRSC VIC MODEL
Uttarakhand,Nainital,2025-03-07,2025,03,5.84247e-05,NRSC VIC MODEL
Uttarakhand,Nainital,2025-03-16,2025,03,3.6624562016,NRSC VIC MODEL
Uttarakhand,Nainital,2025-03-17,2025,03,1.2821409384,NRSC VIC MODEL
Uttarakhand,Almora,2025-01-05,2025,01,0,NRSC VIC MODEL
Uttarakhand,Almora,2025-01-10,2025,01,0,NRSC VIC MODEL
Uttarakhand,Almora,2025-01-26,2025,01,0,NRSC VIC MODEL
Uttarakhand,Almora,2025-01-22,2025,01,0.0130267131,NRSC VIC MODEL
Uttarakhand,Almora,2025-01-30,2025,01,0,NRSC VIC MODEL
Uttarakhand,Almora,2025-02-08,2025,02,0,NRSC VIC MODEL
Uttarakhand,Almora,2025-02-14,2025,02,0,NRSC VIC MODEL
Uttarakhand,Almora,2025-02-17,2025,02,8.322e-06,NRSC VIC MODEL
Uttarakhand,Almora,2025-02-18,2025,02,0,NRSC VIC MODEL
Uttarakhand,Almora,2025-02-24,2025,02,0.3557402298,NRSC VIC MODEL
Uttarakhand,Almora,2025-02-26,2025,02,0.1263123881,NRSC VIC MODEL
Uttarakhand,Almora,2025-02-27,2025,02,0.1374985776,NRSC VIC MODEL
Uttarakhand,Almora,2025-03-04,2025,03,0.80225608,NRSC VIC MODEL
Uttarakhand,Almora,2025-03-22,2025,03,0.1670229789,NRSC VIC MODEL
Uttarakhand,Almora,2025-03-23,2025,03,0.7738516711,NRSC VIC MODEL
Uttarakhand,Almora,2025-03-25,2025,03,0,NRSC VIC MODEL
Uttarakhand,Almora,2025-03-27,2025,03,2.21816e-05,NRSC VIC MODEL
Uttarakhand,Almora,2025-03-31,2025,03,0,NRSC VIC MODEL
Uttarakhand,Almora,2025-04-01,2025,04,0,NRSC VIC MODEL
Uttarakhand,Almora,2025-04-13,2025,04,0,NRSC VIC MODEL
Uttarakhand,Almora,2025-04-20,2025,04,0.0007304614,NRSC VIC MODEL
Uttarakhand,Almora,2025-04-25,2025,04,0.0063419282,NRSC VIC MODEL
Uttarakhand,Almora,2025-04-30,2025,04,0.7626875524,NRSC VIC MODEL
Uttarakhand,Almora,2025-05-01,2025,05,0.0003264685,NRSC VIC MODEL
Uttarakhand,Almora,2025-05-04,2025,05,5.8509856305,NRSC VIC MODEL
Uttarakhand,Almora,2025-05-06,2025,05,0.846469999,NRSC VIC MODEL
Uttarakhand,Almora,2025-05-07,2025,05,1.4832351705,NRSC VIC MODEL
Uttarakhand,Almora,2025-05-17,2025,05,0.6670207783,NRSC VIC MODEL
Uttarakhand,Almora,2025-06-01,2025,06,0.0176800044,NRSC VIC MODEL
Uttarakhand,Almora,2025-06-11,2025,06,1.3554082016,NRSC VIC MODEL
Uttarakhand,Almora,2025-06-21,2025,06,0.6205287951,NRSC VIC MODEL
Uttarakhand,Almora,2025-06-24,2025,06,7.5974339119,NRSC VIC MODEL
Uttarakhand,Almora,2025-06-26,2025,06,16.3163050271,NRSC VIC MODEL
Uttarakhand,Almora,2025-06-29,2025,06,17.1916834945,NRSC VIC MODEL
Uttarakhand,Bageshwar,2025-01-10,2025,01,0,NRSC VIC MODEL
Uttarakhand,Bageshwar,2025-01-14,2025,01,0.2251822949,NRSC VIC MODEL
Uttarakhand,Bageshwar,2025-01-24,2025,01,0,NRSC VIC MODEL
Uttarakhand,Bageshwar,2025-01-25,2025,01,0,NRSC VIC MODEL
Uttarakhand,Bageshwar,2025-01-22,2025,01,0.3467485724,NRSC VIC MODEL
Uttarakhand,Nainital,2025-03-22,2025,03,0.0324079415,NRSC VIC MODEL
Uttarakhand,Nainital,2025-03-26,2025,03,2.1692e-06,NRSC VIC MODEL
Uttarakhand,Nainital,2025-04-02,2025,04,0,NRSC VIC MODEL
Uttarakhand,Nainital,2025-04-03,2025,04,0,NRSC VIC MODEL
Uttarakhand,Nainital,2025-04-05,2025,04,0,NRSC VIC MODEL
Uttarakhand,Nainital,2025-04-11,2025,04,3.5598406078,NRSC VIC MODEL
Uttarakhand,Nainital,2025-04-12,2025,04,0.8523374817,NRSC VIC MODEL
Uttarakhand,Nainital,2025-04-16,2025,04,5.19172e-05,NRSC VIC MODEL
Uttarakhand,Nainital,2025-04-24,2025,04,0,NRSC VIC MODEL
Uttarakhand,Nainital,2025-04-29,2025,04,0,NRSC VIC MODEL
Uttarakhand,Nainital,2025-04-30,2025,04,0.0025252503,NRSC VIC MODEL
Uttarakhand,Nainital,2025-05-08,2025,05,0.9311347159,NRSC VIC MODEL
Uttarakhand,Nainital,2025-05-17,2025,05,1.5927414689,NRSC VIC MODEL
Uttarakhand,Nainital,2025-05-25,2025,05,13.3995969288,NRSC VIC MODEL
Uttarakhand,Nainital,2025-05-28,2025,05,3.345761352,NRSC VIC MODEL
Uttarakhand,Nainital,2025-05-29,2025,05,4.5736644277,NRSC VIC MODEL
Uttarakhand,Nainital,2025-05-31,2025,05,0.9634091883,NRSC VIC MODEL
Uttarakhand,Nainital,2025-06-01,2025,06,0.2386958455,NRSC VIC MODEL
Uttarakhand,Nainital,2025-06-05,2025,06,1.8205019177,NRSC VIC MODEL
Uttarakhand,Nainital,2025-06-06,2025,06,0.6101762184,NRSC VIC MODEL
Uttarakhand,Nainital,2025-06-09,2025,06,0,NRSC VIC MODEL
Uttarakhand,Nainital,2025-06-11,2025,06,0.2047253529,NRSC VIC MODEL
Uttarakhand,Nainital,2025-06-18,2025,06,24.5096848211,NRSC VIC MODEL
Uttarakhand,Nainital,2025-06-22,2025,06,2.9429279201,NRSC VIC MODEL
Uttarakhand,Nainital,2025-06-27,2025,06,0.6445258084,NRSC VIC MODEL
Uttarakhand,Nainital,2025-06-30,2025,06,31.5102382371,NRSC VIC MODEL
Uttarakhand,Pauri Garhwal,2025-01-02,2025,01,0,NRSC VIC MODEL
Uttarakhand,Pauri Garhwal,2025-01-06,2025,01,0,NRSC VIC MODEL
Uttarakhand,Pauri Garhwal,2025-01-11,2025,01,1.7948461707,NRSC VIC MODEL
Uttarakhand,Pauri Garhwal,2025-01-17,2025,01,0.0943811233,NRSC VIC MODEL
Uttarakhand,Pauri Garhwal,2025-01-18,2025,01,0,NRSC VIC MODEL
Uttarakhand,Pauri Garhwal,2025-01-22,2025,01,0.106639049,NRSC VIC MODEL
Uttarakhand,Pauri Garhwal,2025-01-27,2025,01,0,NRSC VIC MODEL
Uttarakhand,Pauri Garhwal,2025-01-30,2025,01,0,NRSC VIC MODEL
Uttarakhand,Pauri Garhwal,2025-01-31,2025,01,0.0032985125,NRSC VIC MODEL
Uttarakhand,Pauri Garhwal,2025-02-03,2025,02,0,NRSC VIC MODEL
Uttarakhand,Pauri Garhwal,2025-02-07,2025,02,0,NRSC VIC MODEL
Uttarakhand,Pauri Garhwal,2025-02-13,2025,02,0.0001282586,NRSC VIC MODEL
Uttarakhand,Pauri Garhwal,2025-02-22,2025,02,0.0158103838,NRSC VIC MODEL
Uttarakhand,Pauri Garhwal,2025-02-23,2025,02,0.0124462199,NRSC VIC MODEL
Uttarakhand,Pauri Garhwal,2025-02-27,2025,02,0.2651417942,NRSC VIC MODEL
Uttarakhand,Pauri Garhwal,2025-03-03,2025,03,0,NRSC VIC MODEL
Uttarakhand,Pauri Garhwal,2025-03-07,2025,03,0.0029538802,NRSC VIC MODEL
Uttarakhand,Pauri Garhwal,2025-03-16,2025,03,0.5800613951,NRSC VIC MODEL
Uttarakhand,Pauri Garhwal,2025-03-17,2025,03,1.55597621,NRSC VIC MODEL
Uttarakhand,Pauri Garhwal,2025-03-21,2025,03,0,NRSC VIC MODEL
Uttarakhand,Pauri Garhwal,2025-03-22,2025,03,0.0279131386,NRSC VIC MODEL
Uttarakhand,Pauri Garhwal,2025-03-27,2025,03,0,NRSC VIC MODEL
Uttarakhand,Pauri Garhwal,2025-03-29,2025,03,0.0010552399,NRSC VIC MODEL
Uttarakhand,Pauri Garhwal,2025-04-01,2025,04,0.0089487041,NRSC VIC MODEL
Uttarakhand,Pauri Garhwal,2025-04-04,2025,04,0,NRSC VIC MODEL
Uttarakhand,Pauri Garhwal,2025-04-06,2025,04,3.0442e-06,NRSC VIC MODEL
Uttarakhand,Pauri Garhwal,2025-04-08,2025,04,0,NRSC VIC MODEL
Uttarakhand,Pauri Garhwal,2025-04-12,2025,04,1.2796271074,NRSC VIC MODEL
Uttarakhand,Pauri Garhwal,2025-04-14,2025,04,0,NRSC VIC MODEL
Uttarakhand,Pauri Garhwal,2025-04-23,2025,04,0.0002682648,NRSC VIC MODEL
Uttarakhand,Pauri Garhwal,2025-04-25,2025,04,0.005963169,NRSC VIC MODEL
Uttarakhand,Pauri Garhwal,2025-04-27,2025,04,0.0305053396,NRSC VIC MODEL
Uttarakhand,Pauri Garhwal,2025-05-22,2025,05,7.8166918858,NRSC VIC MODEL
Uttarakhand,Pauri Garhwal,2025-05-29,2025,05,1.2556331154,NRSC VIC MODEL
Uttarakhand,Pauri Garhwal,2025-06-06,2025,06,3.2188573835,NRSC VIC MODEL
Uttarakhand,Pauri Garhwal,2025-06-10,2025,06,0,NRSC VIC MODEL
Uttarakhand,Pauri Garhwal,2025-06-13,2025,06,1.9250702824,NRSC VIC MODEL
Uttarakhand,Pauri Garhwal,2025-06-18,2025,06,8.0417118994,NRSC VIC MODEL
Uttarakhand,Pithoragarh,2025-01-16,2025,01,8.0373753039,NRSC VIC MODEL
Uttarakhand,Pithoragarh,2025-01-22,2025,01,2.5144309372,NRSC VIC MODEL
Uttarakhand,Pithoragarh,2025-01-27,2025,01,0,NRSC VIC MODEL
Uttarakhand,Pithoragarh,2025-01-31,2025,01,0.0320309223,NRSC VIC MODEL
Uttarakhand,Pithoragarh,2025-02-04,2025,02,0,NRSC VIC MODEL
Uttarakhand,Pithoragarh,2025-02-09,2025,02,0,NRSC VIC MODEL
Uttarakhand,Pithoragarh,2025-02-10,2025,02,0,NRSC VIC MODEL
Uttarakhand,Pithoragarh,2025-02-18,2025,02,0.1832254298,NRSC VIC MODEL
Uttarakhand,Pithoragarh,2025-03-22,2025,03,0.0647330259,NRSC VIC MODEL
Uttarakhand,Pithoragarh,2025-03-23,2025,03,0.0510836297,NRSC VIC MODEL
Uttarakhand,Pithoragarh,2025-03-24,2025,03,0,NRSC VIC MODEL
Uttarakhand,Pithoragarh,2025-04-01,2025,04,0,NRSC VIC MODEL
Uttarakhand,Pithoragarh,2025-04-05,2025,04,0.0017797897,NRSC VIC MODEL
Uttarakhand,Pithoragarh,2025-04-07,2025,04,0.0838753254,NRSC VIC MODEL
Uttarakhand,Pithoragarh,2025-04-14,2025,04,0.6847433042,NRSC VIC MODEL
Uttarakhand,Pithoragarh,2025-04-19,2025,04,0.7266146389,NRSC VIC MODEL
Uttarakhand,Pithoragarh,2025-04-25,2025,04,0.0596020238,NRSC VIC MODEL
Uttarakhand,Pithoragarh,2025-04-27,2025,04,0.0244970669,NRSC VIC MODEL
Uttarakhand,Pithoragarh,2025-05-03,2025,05,0.2612511071,NRSC VIC MODEL
Uttarakhand,Pithoragarh,2025-05-07,2025,05,2.1174402121,NRSC VIC MODEL
Uttarakhand,Pithoragarh,2025-05-09,2025,05,0.7985638666,NRSC VIC MODEL
Uttarakhand,Pithoragarh,2025-05-16,2025,05,1.8499524459,NRSC VIC MODEL
Uttarakhand,Pithoragarh,2025-05-18,2025,05,1.2195271165,NRSC VIC MODEL
Uttarakhand,Pithoragarh,2025-05-21,2025,05,4.3369703999,NRSC VIC MODEL
Uttarakhand,Pithoragarh,2025-05-29,2025,05,3.51781095,NRSC VIC MODEL
Uttarakhand,Pithoragarh,2025-06-12,2025,06,6.8726189607,NRSC VIC MODEL
Uttarakhand,Pithoragarh,2025-06-18,2025,06,4.5927423858,NRSC VIC MODEL
Uttarakhand,Pithoragarh,2025-06-23,2025,06,14.9790172623,NRSC VIC MODEL
Uttarakhand,Pithoragarh,2025-06-24,2025,06,3.8250875922,NRSC VIC MODEL
Uttarakhand,Pithoragarh,2025-06-30,2025,06,8.3220201386,NRSC VIC MODEL
Uttarakhand,Rudra Prayag,2025-01-02,2025,01,0,NRSC VIC MODEL
Uttarakhand,Rudra Prayag,2025-01-03,2025,01,1.6863103927,NRSC VIC MODEL
Uttarakhand,Rudra Prayag,2025-01-07,2025,01,6.53217e-05,NRSC VIC MODEL
Uttarakhand,Rudra Prayag,2025-01-12,2025,01,4.8322990276,NRSC VIC MODEL
Uttarakhand,Rudra Prayag,2025-01-26,2025,01,0,NRSC VIC MODEL
Uttarakhand,Rudra Prayag,2025-02-01,2025,02,0,NRSC VIC MODEL
Uttarakhand,Rudra Prayag,2025-02-15,2025,02,1.7509115642,NRSC VIC MODEL
Uttarakhand,Rudra Prayag,2025-02-16,2025,02,0.2188883957,NRSC VIC MODEL
Uttarakhand,Rudra Prayag,2025-02-17,2025,02,0,NRSC VIC MODEL
Uttarakhand,Rudra Prayag,2025-02-19,2025,02,0.002974282,NRSC VIC MODEL
Uttarakhand,Rudra Prayag,2025-02-20,2025,02,0.7243965262,NRSC VIC MODEL
Uttarakhand,Rudra Prayag,2025-02-21,2025,02,9.0070260982,NRSC VIC MODEL
Uttarakhand,Rudra Prayag,2025-02-25,2025,02,0.0257521657,NRSC VIC MODEL
Uttarakhand,Rudra Prayag,2025-03-04,2025,03,1.771877108,NRSC VIC MODEL
Uttarakhand,Rudra Prayag,2025-03-05,2025,03,0.0106233397,NRSC VIC MODEL
Uttarakhand,Rudra Prayag,2025-03-12,2025,03,0,NRSC VIC MODEL
Uttarakhand,Rudra Prayag,2025-03-15,2025,03,14.4300785775,NRSC VIC MODEL
Uttarakhand,Rudra Prayag,2025-03-16,2025,03,3.244448217,NRSC VIC MODEL
Uttarakhand,Rudra Prayag,2025-03-17,2025,03,2.1931060777,NRSC VIC MODEL
Uttarakhand,Rudra Prayag,2025-03-20,2025,03,1.3849e-06,NRSC VIC MODEL
Uttarakhand,Rudra Prayag,2025-03-24,2025,03,0,NRSC VIC MODEL
Uttarakhand,Rudra Prayag,2025-03-25,2025,03,0.6161535696,NRSC VIC MODEL
Uttarakhand,Rudra Prayag,2025-03-28,2025,03,0.2288743994,NRSC VIC MODEL
Uttarakhand,Rudra Prayag,2025-04-01,2025,04,0.0022731926,NRSC VIC MODEL
Uttarakhand,Rudra Prayag,2025-04-02,2025,04,0.1101403837,NRSC VIC MODEL
Uttarakhand,Rudra Prayag,2025-04-03,2025,04,0,NRSC VIC MODEL
Uttarakhand,Rudra Prayag,2025-04-07,2025,04,2.0793896336,NRSC VIC MODEL
Uttarakhand,Rudra Prayag,2025-04-08,2025,04,0.8353860897,NRSC VIC MODEL
Uttarakhand,Rudra Prayag,2025-04-13,2025,04,1.2645045824,NRSC VIC MODEL
Uttarakhand,Rudra Prayag,2025-04-14,2025,04,0,NRSC VIC MODEL
Uttarakhand,Rudra Prayag,2025-04-20,2025,04,0.7033227213,NRSC VIC MODEL
Uttarakhand,Rudra Prayag,2025-04-21,2025,04,1.1557928238,NRSC VIC MODEL
Uttarakhand,Rudra Prayag,2025-04-23,2025,04,0.0016956689,NRSC VIC MODEL
Uttarakhand,Rudra Prayag,2025-04-30,2025,04,0.0035477664,NRSC VIC MODEL
Uttarakhand,Rudra Prayag,2025-05-05,2025,05,7.3502952268,NRSC VIC MODEL
Uttarakhand,Rudra Prayag,2025-05-17,2025,05,2.2171205859,NRSC VIC MODEL
Uttarakhand,Rudra Prayag,2025-05-18,2025,05,2.0094815335,NRSC VIC MODEL
Uttarakhand,Rudra Prayag,2025-05-20,2025,05,1.1256936187,NRSC VIC MODEL
Uttarakhand,Rudra Prayag,2025-05-28,2025,05,8.5108979844,NRSC VIC MODEL
Uttarakhand,Rudra Prayag,2025-05-31,2025,05,7.1863705335,NRSC VIC MODEL
Uttarakhand,Rudra Prayag,2025-06-05,2025,06,5.6373768313,NRSC VIC MODEL
Uttarakhand,Rudra Prayag,2025-06-06,2025,06,4.2872015698,NRSC VIC MODEL
Uttarakhand,Rudra Prayag,2025-06-07,2025,06,1.0391167738,NRSC VIC MODEL
Uttarakhand,Rudra Prayag,2025-06-19,2025,06,5.1672614872,NRSC VIC MODEL
Uttarakhand,Rudra Prayag,2025-06-22,2025,06,2.0250782297,NRSC VIC MODEL
Uttarakhand,Rudra Prayag,2025-06-24,2025,06,20.2844201283,NRSC VIC MODEL
Uttarakhand,Tehri Garhwal,2025-01-01,2025,01,0.0099566344,NRSC VIC MODEL
Uttarakhand,Tehri Garhwal,2025-01-05,2025,01,0,NRSC VIC MODEL
Uttarakhand,Tehri Garhwal,2025-01-13,2025,01,1.0890414333,NRSC VIC MODEL
Uttarakhand,Tehri Garhwal,2025-01-14,2025,01,0.0097006643,NRSC VIC MODEL
Uttarakhand,Tehri Garhwal,2025-01-19,2025,01,0.000957106,NRSC VIC MODEL
Uttarakhand,Tehri Garhwal,2025-01-29,2025,01,0,NRSC VIC MODEL
Uttarakhand,Tehri Garhwal,2025-01-31,2025,01,0.0772583326,NRSC VIC MODEL
Uttarakhand,Tehri Garhwal,2025-02-06,2025,02,0,NRSC VIC MODEL
Uttarakhand,Tehri Garhwal,2025-02-21,2025,02,12.6969267279,NRSC VIC MODEL
Uttarakhand,Tehri Garhwal,2025-02-24,2025,02,0.3828958857,NRSC VIC MODEL
Uttarakhand,Tehri Garhwal,2025-02-25,2025,02,0.1130844024,NRSC VIC MODEL
Uttarakhand,Tehri Garhwal,2025-03-03,2025,03,0.0001174418,NRSC VIC MODEL
Uttarakhand,Tehri Garhwal,2025-03-06,2025,03,0.003162993,NRSC VIC MODEL
Uttarakhand,Tehri Garhwal,2025-03-11,2025,03,0.0004035301,NRSC VIC MODEL
Uttarakhand,Tehri Garhwal,2025-03-12,2025,03,1.48789e-05,NRSC VIC MODEL
Uttarakhand,Tehri Garhwal,2025-03-15,2025,03,6.8533872749,NRSC VIC MODEL
Uttarakhand,Tehri Garhwal,2025-03-16,2025,03,3.4138090832,NRSC VIC MODEL
Uttarakhand,Tehri Garhwal,2025-03-17,2025,03,3.9328862768,NRSC VIC MODEL
Uttarakhand,Tehri Garhwal,2025-03-29,2025,03,0.0013849001,NRSC VIC MODEL
Uttarakhand,Tehri Garhwal,2025-03-30,2025,03,0.0001416067,NRSC VIC MODEL
Uttarakhand,Tehri Garhwal,2025-04-01,2025,04,0.0108342799,NRSC VIC MODEL
Uttarakhand,Tehri Garhwal,2025-04-05,2025,04,0,NRSC VIC MODEL
Uttarakhand,Tehri Garhwal,2025-04-11,2025,04,8.6848763265,NRSC VIC MODEL
Uttarakhand,Tehri Garhwal,2025-04-12,2025,04,2.3433420678,NRSC VIC MODEL
Uttarakhand,Tehri Garhwal,2025-04-19,2025,04,0.1028476002,NRSC VIC MODEL
Uttarakhand,Tehri Garhwal,2025-04-20,2025,04,0.1117488443,NRSC VIC MODEL
Uttarakhand,Tehri Garhwal,2025-05-09,2025,05,2.618029182,NRSC VIC MODEL
Uttarakhand,Tehri Garhwal,2025-05-10,2025,05,4.0998264426,NRSC VIC MODEL
Uttarakhand,Tehri Garhwal,2025-05-16,2025,05,6.4158933333,NRSC VIC MODEL
Uttarakhand,Tehri Garhwal,2025-05-30,2025,05,1.7311572173,NRSC VIC MODEL
Uttarakhand,Tehri Garhwal,2025-06-10,2025,06,0.0985210047,NRSC VIC MODEL
Uttarakhand,Tehri Garhwal,2025-06-27,2025,06,11.3943600941,NRSC VIC MODEL
Uttarakhand,Almora,2025-01-23,2025,01,0,NRSC VIC MODEL
Uttarakhand,Almora,2025-01-29,2025,01,0,NRSC VIC MODEL
Uttarakhand,Almora,2025-01-07,2025,01,0,NRSC VIC MODEL
Uttarakhand,Almora,2025-01-16,2025,01,0.2360686167,NRSC VIC MODEL
Uttarakhand,Almora,2025-01-31,2025,01,0,NRSC VIC MODEL
Uttarakhand,Almora,2025-01-14,2025,01,0.0124885943,NRSC VIC MODEL
Uttarakhand,Almora,2025-01-08,2025,01,0,NRSC VIC MODEL
Uttarakhand,Almora,2025-01-20,2025,01,0,NRSC VIC MODEL
Uttarakhand,Almora,2025-01-18,2025,01,0,NRSC VIC MODEL
Uttarakhand,Almora,2025-01-01,2025,01,0.0090419156,NRSC VIC MODEL
Uttarakhand,Bageshwar,2025-01-04,2025,01,0.162560349,NRSC VIC MODEL
Uttarakhand,Bageshwar,2025-01-13,2025,01,4.4249506695,NRSC VIC MODEL
Uttarakhand,Bageshwar,2025-01-29,2025,01,0,NRSC VIC MODEL
Uttarakhand,Bageshwar,2025-01-21,2025,01,0,NRSC VIC MODEL
Uttarakhand,Chamoli,2025-01-26,2025,01,0,NRSC VIC MODEL
Uttarakhand,Chamoli,2025-01-18,2025,01,0.1855176318,NRSC VIC MODEL
Uttarakhand,Chamoli,2025-01-23,2025,01,0,NRSC VIC MODEL
Uttarakhand,Chamoli,2025-01-12,2025,01,2.2262073654,NRSC VIC MODEL
Uttarakhand,Chamoli,2025-01-14,2025,01,0.1001718794,NRSC VIC MODEL
Uttarakhand,Chamoli,2025-01-22,2025,01,2.2621910336,NRSC VIC MODEL
Uttarakhand,Chamoli,2025-01-10,2025,01,0,NRSC VIC MODEL
Uttarakhand,Champawat,2025-01-27,2025,01,0,NRSC VIC MODEL
Uttarakhand,Champawat,2025-01-26,2025,01,0,NRSC VIC MODEL
Uttarakhand,Champawat,2025-01-16,2025,01,0.9710882372,NRSC VIC MODEL
Uttarakhand,Champawat,2025-01-11,2025,01,0.4774545186,NRSC VIC MODEL
Uttarakhand,Champawat,2025-01-03,2025,01,0,NRSC VIC MODEL
Uttarakhand,Champawat,2025-01-23,2025,01,0,NRSC VIC MODEL
Uttarakhand,Champawat,2025-01-29,2025,01,0,NRSC VIC MODEL
Uttarakhand,Dehradun,2025-01-16,2025,01,1.9101345795,NRSC VIC MODEL
Uttarakhand,Dehradun,2025-01-31,2025,01,0,NRSC VIC MODEL
Uttarakhand,Dehradun,2025-01-06,2025,01,0,NRSC VIC MODEL
Uttarakhand,Dehradun,2025-01-29,2025,01,0,NRSC VIC MODEL
Uttarakhand,Dehradun,2025-01-01,2025,01,2.37395e-05,NRSC VIC MODEL
Uttarakhand,Dehradun,2025-01-20,2025,01,0,NRSC VIC MODEL
Uttarakhand,Dehradun,2025-01-05,2025,01,0,NRSC VIC MODEL
Uttarakhand,Dehradun,2025-01-28,2025,01,0,NRSC VIC MODEL
Uttarakhand,Dehradun,2025-01-12,2025,01,2.267517121,NRSC VIC MODEL
Uttarakhand,Haridwar,2025-01-16,2025,01,2.8923808221,NRSC VIC MODEL
Uttarakhand,Nainital,2025-01-31,2025,01,0,NRSC VIC MODEL
Uttarakhand,Nainital,2025-01-10,2025,01,0,NRSC VIC MODEL
Uttarakhand,Nainital,2025-01-04,2025,01,0,NRSC VIC MODEL
Uttarakhand,Nainital,2025-01-12,2025,01,6.678066017,NRSC VIC MODEL
Uttarakhand,Nainital,2025-01-22,2025,01,0.0289400829,NRSC VIC MODEL
Uttarakhand,Nainital,2025-01-20,2025,01,0,NRSC VIC MODEL
Uttarakhand,Nainital,2025-01-27,2025,01,0,NRSC VIC MODEL
Uttarakhand,Nainital,2025-01-28,2025,01,0,NRSC VIC MODEL
Uttarakhand,Pauri Garhwal,2025-01-01,2025,01,0.0076664205,NRSC VIC MODEL
Uttarakhand,Pauri Garhwal,2025-01-15,2025,01,0,NRSC VIC MODEL
Uttarakhand,Pauri Garhwal,2025-01-22,2025,01,0.106639049,NRSC VIC MODEL
Uttarakhand,Pauri Garhwal,2025-01-19,2025,01,0.0033092297,NRSC VIC MODEL
Uttarakhand,Pauri Garhwal,2025-01-21,2025,01,0,NRSC VIC MODEL
Uttarakhand,Pauri Garhwal,2025-01-25,2025,01,0,NRSC VIC MODEL
Uttarakhand,Pauri Garhwal,2025-01-04,2025,01,0,NRSC VIC MODEL
Uttarakhand,Pithoragarh,2025-01-14,2025,01,0.0083742441,NRSC VIC MODEL
Uttarakhand,Pithoragarh,2025-01-11,2025,01,0.9644571596,NRSC VIC MODEL
Uttarakhand,Pithoragarh,2025-01-17,2025,01,1.3995635744,NRSC VIC MODEL
Uttarakhand,Pithoragarh,2025-01-30,2025,01,0,NRSC VIC MODEL
Uttarakhand,Pithoragarh,2025-01-08,2025,01,0,NRSC VIC MODEL
Uttarakhand,Pithoragarh,2025-01-19,2025,01,0.0742222388,NRSC VIC MODEL
Uttarakhand,Pithoragarh,2025-01-27,2025,01,0,NRSC VIC MODEL
Uttarakhand,Pithoragarh,2025-01-01,2025,01,0,NRSC VIC MODEL
Uttarakhand,Rudra Prayag,2025-01-11,2025,01,2.0094024752,NRSC VIC MODEL
Uttarakhand,Rudra Prayag,2025-01-02,2025,01,0,NRSC VIC MODEL
Uttarakhand,Rudra Prayag,2025-01-20,2025,01,0,NRSC VIC MODEL
Uttarakhand,Rudra Prayag,2025-01-01,2025,01,0.0014826954,NRSC VIC MODEL
Uttarakhand,Rudra Prayag,2025-01-29,2025,01,0,NRSC VIC MODEL
Uttarakhand,Rudra Prayag,2025-01-14,2025,01,0.0001866974,NRSC VIC MODEL
Uttarakhand,Rudra Prayag,2025-01-19,2025,01,0,NRSC VIC MODEL
Uttarakhand,Rudra Prayag,2025-01-27,2025,01,0,NRSC VIC MODEL
Uttarakhand,Rudra Prayag,2025-01-24,2025,01,0,NRSC VIC MODEL
Uttarakhand,Tehri Garhwal,2025-01-02,2025,01,0,NRSC VIC MODEL
Uttarakhand,Tehri Garhwal,2025-01-30,2025,01,0,NRSC VIC MODEL
Uttarakhand,Tehri Garhwal,2025-01-07,2025,01,0.325124437,NRSC VIC MODEL
Uttarakhand,Tehri Garhwal,2025-01-05,2025,01,0,NRSC VIC MODEL
Uttarakhand,Tehri Garhwal,2025-01-22,2025,01,0.1968233619,NRSC VIC MODEL
Uttarakhand,Udam Singh Nagar,2025-01-30,2025,01,0,NRSC VIC MODEL
Uttarakhand,Udam Singh Nagar,2025-01-21,2025,01,0,NRSC VIC MODEL
Uttarakhand,Udam Singh Nagar,2025-01-27,2025,01,0,NRSC VIC MODEL
Uttarakhand,Udam Singh Nagar,2025-01-31,2025,01,0,NRSC VIC MODEL
Uttarakhand,Udam Singh Nagar,2025-01-23,2025,01,0,NRSC VIC MODEL
Uttarakhand,Udam Singh Nagar,2025-01-08,2025,01,0,NRSC VIC MODEL
Uttarakhand,Udam Singh Nagar,2025-01-26,2025,01,0,NRSC VIC MODEL
Uttarakhand,Uttar Kashi,2025-01-20,2025,01,0,NRSC VIC MODEL
Uttarakhand,Uttar Kashi,2025-01-07,2025,01,0.3309203705,NRSC VIC MODEL
Uttarakhand,Uttar Kashi,2025-01-12,2025,01,3.5751895604,NRSC VIC MODEL
Uttarakhand,Uttar Kashi,2025-01-23,2025,01,0,NRSC VIC MODEL
Uttarakhand,Uttar Kashi,2025-01-19,2025,01,0.0023163793,NRSC VIC MODEL
Uttarakhand,Uttar Kashi,2025-01-24,2025,01,2.83284e-05,NRSC VIC MODEL
Uttarakhand,Uttar Kashi,2025-01-17,2025,01,0.471952957,NRSC VIC MODEL
Uttarakhand,Uttar Kashi,2025-01-29,2025,01,0,NRSC VIC MODEL
Uttarakhand,Uttar Kashi,2025-01-18,2025,01,0.0016214185,NRSC VIC MODEL
Uttarakhand,Uttar Kashi,2025-01-03,2025,01,0.6887520958,NRSC VIC MODEL
Uttarakhand,Uttar Kashi,2025-03-15,2025,03,17.0799285258,NRSC VIC MODEL
Uttarakhand,Uttar Kashi,2025-03-11,2025,03,0.1437667461,NRSC VIC MODEL
Uttarakhand,Uttar Kashi,2025-03-31,2025,03,0,NRSC VIC MODEL
Uttarakhand,Almora,2025-03-10,2025,03,4.99107e-05,NRSC VIC MODEL
Uttarakhand,Almora,2025-03-19,2025,03,9.98213e-05,NRSC VIC MODEL
Uttarakhand,Almora,2025-03-31,2025,03,0,NRSC VIC MODEL
Uttarakhand,Almora,2025-03-11,2025,03,0,NRSC VIC MODEL
Uttarakhand,Almora,2025-03-30,2025,03,0.0007593866,NRSC VIC MODEL
Uttarakhand,Almora,2025-03-01,2025,03,1.5718401226,NRSC VIC MODEL
Uttarakhand,Almora,2025-03-26,2025,03,0.0011406172,NRSC VIC MODEL
Uttarakhand,Bageshwar,2025-03-15,2025,03,9.5943891123,NRSC VIC MODEL
Uttarakhand,Bageshwar,2025-03-31,2025,03,0,NRSC VIC MODEL
Uttarakhand,Bageshwar,2025-03-25,2025,03,0,NRSC VIC MODEL
Uttarakhand,Bageshwar,2025-03-27,2025,03,0.584228883,NRSC VIC MODEL
Uttarakhand,Bageshwar,2025-03-14,2025,03,2.6384647537,NRSC VIC MODEL
Uttarakhand,Bageshwar,2025-03-03,2025,03,0.0018599465,NRSC VIC MODEL
Uttarakhand,Bageshwar,2025-03-23,2025,03,0.801833842,NRSC VIC MODEL
Uttarakhand,Bageshwar,2025-03-20,2025,03,0,NRSC VIC MODEL
Uttarakhand,Bageshwar,2025-03-19,2025,03,0.2428502182,NRSC VIC MODEL
Uttarakhand,Bageshwar,2025-03-26,2025,03,0.04373226,NRSC VIC MODEL
Uttarakhand,Chamoli,2025-03-22,2025,03,0.4334632624,NRSC VIC MODEL
Uttarakhand,Chamoli,2025-03-11,2025,03,0.0156231536,NRSC VIC MODEL
Uttarakhand,Chamoli,2025-03-15,2025,03,15.9408232427,NRSC VIC MODEL
Uttarakhand,Chamoli,2025-03-07,2025,03,1.6420459848,NRSC VIC MODEL
Uttarakhand,Chamoli,2025-03-03,2025,03,0.0076375622,NRSC VIC MODEL
Uttarakhand,Champawat,2025-03-02,2025,03,0,NRSC VIC MODEL
Uttarakhand,Champawat,2025-03-09,2025,03,0,NRSC VIC MODEL
Uttarakhand,Champawat,2025-03-16,2025,03,2.8618135442,NRSC VIC MODEL
Uttarakhand,Champawat,2025-03-28,2025,03,0,NRSC VIC MODEL
Uttarakhand,Champawat,2025-03-10,2025,03,0.0001165057,NRSC VIC MODEL
Uttarakhand,Champawat,2025-03-01,2025,03,1.9542843635,NRSC VIC MODEL
Uttarakhand,Champawat,2025-03-22,2025,03,0.9356700743,NRSC VIC MODEL
Uttarakhand,Champawat,2025-03-07,2025,03,0.0003714093,NRSC VIC MODEL
Uttarakhand,Champawat,2025-03-20,2025,03,0,NRSC VIC MODEL
Uttarakhand,Dehradun,2025-03-29,2025,03,0,NRSC VIC MODEL
Uttarakhand,Dehradun,2025-03-02,2025,03,0,NRSC VIC MODEL
Uttarakhand,Dehradun,2025-03-01,2025,03,2.6516292536,NRSC VIC MODEL
Uttarakhand,Dehradun,2025-03-25,2025,03,0,NRSC VIC MODEL
Uttarakhand,Dehradun,2025-03-19,2025,03,0.0019419983,NRSC VIC MODEL
Uttarakhand,Dehradun,2025-03-30,2025,03,0.0004453639,NRSC VIC MODEL
Uttarakhand,Dehradun,2025-03-11,2025,03,0.0016258232,NRSC VIC MODEL
Uttarakhand,Dehradun,2025-03-26,2025,03,0,NRSC VIC MODEL
Uttarakhand,Haridwar,2025-03-30,2025,03,0,NRSC VIC MODEL
Uttarakhand,Haridwar,2025-03-27,2025,03,0,NRSC VIC MODEL
Uttarakhand,Haridwar,2025-03-08,2025,03,0,NRSC VIC MODEL
Uttarakhand,Haridwar,2025-03-01,2025,03,0.2995116301,NRSC VIC MODEL
Uttarakhand,Haridwar,2025-03-26,2025,03,0,NRSC VIC MODEL
Uttarakhand,Haridwar,2025-03-28,2025,03,0.0009360457,NRSC VIC MODEL
Uttarakhand,Nainital,2025-03-03,2025,03,0,NRSC VIC MODEL
Uttarakhand,Nainital,2025-03-16,2025,03,3.6624562016,NRSC VIC MODEL
Uttarakhand,Nainital,2025-03-27,2025,03,0,NRSC VIC MODEL
Uttarakhand,Nainital,2025-03-05,2025,03,0.3500027254,NRSC VIC MODEL
Uttarakhand,Nainital,2025-03-31,2025,03,0,NRSC VIC MODEL
Uttarakhand,Nainital,2025-03-23,2025,03,0.3165930488,NRSC VIC MODEL
Uttarakhand,Pauri Garhwal,2025-03-01,2025,03,1.2776188187,NRSC VIC MODEL
Uttarakhand,Pauri Garhwal,2025-03-30,2025,03,0.000737418,NRSC VIC MODEL
Uttarakhand,Pauri Garhwal,2025-03-29,2025,03,0.0010552399,NRSC VIC MODEL
Uttarakhand,Pauri Garhwal,2025-03-08,2025,03,0.0204190224,NRSC VIC MODEL
Uttarakhand,Pauri Garhwal,2025-03-31,2025,03,0,NRSC VIC MODEL
Uttarakhand,Pauri Garhwal,2025-03-06,2025,03,0.0007199942,NRSC VIC MODEL
Uttarakhand,Pithoragarh,2025-03-14,2025,03,5.824101906,NRSC VIC MODEL
Uttarakhand,Pithoragarh,2025-03-15,2025,03,18.1658780336,NRSC VIC MODEL
Uttarakhand,Pithoragarh,2025-03-22,2025,03,0.0647330259,NRSC VIC MODEL
Uttarakhand,Rudra Prayag,2025-03-09,2025,03,0.0061210018,NRSC VIC MODEL
Uttarakhand,Rudra Prayag,2025-03-28,2025,03,0.2288743994,NRSC VIC MODEL
Uttarakhand,Rudra Prayag,2025-03-15,2025,03,14.4300785775,NRSC VIC MODEL
Uttarakhand,Rudra Prayag,2025-03-27,2025,03,0.4313310359,NRSC VIC MODEL
Uttarakhand,Rudra Prayag,2025-03-31,2025,03,0,NRSC VIC MODEL
Uttarakhand,Rudra Prayag,2025-03-13,2025,03,6.7292127695,NRSC VIC MODEL
Uttarakhand,Tehri Garhwal,2025-03-03,2025,03,0.0001174418,NRSC VIC MODEL
Uttarakhand,Tehri Garhwal,2025-03-17,2025,03,3.9328862768,NRSC VIC MODEL
Uttarakhand,Tehri Garhwal,2025-03-23,2025,03,0.05197266,NRSC VIC MODEL
Uttarakhand,Tehri Garhwal,2025-03-24,2025,03,0,NRSC VIC MODEL
Uttarakhand,Tehri Garhwal,2025-03-06,2025,03,0.003162993,NRSC VIC MODEL
Uttarakhand,Udam Singh Nagar,2025-03-12,2025,03,0,NRSC VIC MODEL
Uttarakhand,Udam Singh Nagar,2025-03-02,2025,03,0,NRSC VIC MODEL
Uttarakhand,Udam Singh Nagar,2025-03-31,2025,03,0,NRSC VIC MODEL
Uttarakhand,Uttar Kashi,2025-03-03,2025,03,0.0712411714,NRSC VIC MODEL
Uttarakhand,Uttar Kashi,2025-03-07,2025,03,0.0105296062,NRSC VIC MODEL
Uttarakhand,Uttar Kashi,2025-03-19,2025,03,0.1425904172,NRSC VIC MODEL
Uttarakhand,Almora,2025-02-19,2025,02,0.0073165354,NRSC VIC MODEL
Uttarakhand,Almora,2025-02-06,2025,02,0,NRSC VIC MODEL
Uttarakhand,Almora,2025-02-20,2025,02,0.0050823492,NRSC VIC MODEL
Uttarakhand,Almora,2025-02-01,2025,02,0,NRSC VIC MODEL
Uttarakhand,Bageshwar,2025-02-16,2025,02,0.3827331668,NRSC VIC MODEL
Uttarakhand,Bageshwar,2025-02-06,2025,02,0,NRSC VIC MODEL
Uttarakhand,Bageshwar,2025-02-01,2025,02,0,NRSC VIC MODEL
Uttarakhand,Bageshwar,2025-02-02,2025,02,0,NRSC VIC MODEL
Uttarakhand,Bageshwar,2025-02-18,2025,02,0.0214212836,NRSC VIC MODEL
Uttarakhand,Bageshwar,2025-02-13,2025,02,0.0035597884,NRSC VIC MODEL
Uttarakhand,Chamoli,2025-02-08,2025,02,0.4669669464,NRSC VIC MODEL
Uttarakhand,Chamoli,2025-02-28,2025,02,66.7878377527,NRSC VIC MODEL
Uttarakhand,Chamoli,2025-02-02,2025,02,0,NRSC VIC MODEL
Uttarakhand,Chamoli,2025-02-18,2025,02,5.09726e-05,NRSC VIC MODEL
Uttarakhand,Champawat,2025-02-18,2025,02,0,NRSC VIC MODEL
Uttarakhand,Champawat,2025-02-21,2025,02,1.7169627212,NRSC VIC MODEL
Uttarakhand,Champawat,2025-02-02,2025,02,0,NRSC VIC MODEL
Uttarakhand,Champawat,2025-02-05,2025,02,0.0289131786,NRSC VIC MODEL
Uttarakhand,Champawat,2025-02-09,2025,02,0,NRSC VIC MODEL
Uttarakhand,Champawat,2025-02-22,2025,02,0,NRSC VIC MODEL
Uttarakhand,Champawat,2025-02-25,2025,02,0.012005916,NRSC VIC MODEL
Uttarakhand,Dehradun,2025-02-19,2025,02,0.0023752743,NRSC VIC MODEL
Uttarakhand,Dehradun,2025-02-21,2025,02,8.5849369754,NRSC VIC MODEL
Uttarakhand,Dehradun,2025-02-20,2025,02,3.2449109867,NRSC VIC MODEL
Uttarakhand,Haridwar,2025-02-06,2025,02,0,NRSC VIC MODEL
Uttarakhand,Haridwar,2025-02-21,2025,02,1.9872586491,NRSC VIC MODEL
Uttarakhand,Haridwar,2025-02-16,2025,02,0.0546547888,NRSC VIC MODEL
Uttarakhand,Haridwar,2025-02-27,2025,02,0.022859958,NRSC VIC MODEL
Uttarakhand,Haridwar,2025-02-15,2025,02,0.0052141568,NRSC VIC MODEL
Uttarakhand,Nainital,2025-02-15,2025,02,0,NRSC VIC MODEL
Uttarakhand,Nainital,2025-02-05,2025,02,0.1159685193,NRSC VIC MODEL
Uttarakhand,Nainital,2025-02-24,2025,02,0.0077350251,NRSC VIC MODEL
Uttarakhand,Nainital,2025-02-02,2025,02,0.0005638906,NRSC VIC MODEL
Uttarakhand,Pauri Garhwal,2025-02-13,2025,02,0.0001282586,NRSC VIC MODEL
Uttarakhand,Pauri Garhwal,2025-02-16,2025,02,0.0515596014,NRSC VIC MODEL
Uttarakhand,Pauri Garhwal,2025-02-19,2025,02,0.0084074001,NRSC VIC MODEL
Uttarakhand,Pauri Garhwal,2025-02-02,2025,02,0.0628682891,NRSC VIC MODEL
Uttarakhand,Pauri Garhwal,2025-02-21,2025,02,3.7511210598,NRSC VIC MODEL
Uttarakhand,Pithoragarh,2025-02-22,2025,02,0.0505763661,NRSC VIC MODEL
Uttarakhand,Pithoragarh,2025-02-26,2025,02,0.0270086119,NRSC VIC MODEL
Uttarakhand,Pithoragarh,2025-02-13,2025,02,0.0208488598,NRSC VIC MODEL
Uttarakhand,Pithoragarh,2025-02-28,2025,02,60.9946720646,NRSC VIC MODEL
Uttarakhand,Rudra Prayag,2025-02-16,2025,02,0.2188883957,NRSC VIC MODEL
Uttarakhand,Rudra Prayag,2025-02-05,2025,02,0,NRSC VIC MODEL
Uttarakhand,Tehri Garhwal,2025-02-20,2025,02,1.0016362459,NRSC VIC MODEL
Uttarakhand,Tehri Garhwal,2025-02-07,2025,02,0,NRSC VIC MODEL
Uttarakhand,Tehri Garhwal,2025-02-05,2025,02,0,NRSC VIC MODEL
Uttarakhand,Tehri Garhwal,2025-02-27,2025,02,0.5439976984,NRSC VIC MODEL
Uttarakhand,Tehri Garhwal,2025-02-04,2025,02,0,NRSC VIC MODEL
Uttarakhand,Tehri Garhwal,2025-02-22,2025,02,0.1096597958,NRSC VIC MODEL
Uttarakhand,Udam Singh Nagar,2025-02-27,2025,02,0.2639649983,NRSC VIC MODEL
Uttarakhand,Udam Singh Nagar,2025-02-23,2025,02,0.001341553,NRSC VIC MODEL
Uttarakhand,Udam Singh Nagar,2025-02-07,2025,02,0,NRSC VIC MODEL
Uttarakhand,Udam Singh Nagar,2025-02-06,2025,02,0,NRSC VIC MODEL
Uttarakhand,Udam Singh Nagar,2025-02-14,2025,02,0,NRSC VIC MODEL
Uttarakhand,Udam Singh Nagar,2025-02-02,2025,02,0.0014750964,NRSC VIC MODEL
Uttarakhand,Uttar Kashi,2025-02-15,2025,02,2.6255107203,NRSC VIC MODEL
Uttarakhand,Uttar Kashi,2025-02-26,2025,02,5.7642985233,NRSC VIC MODEL
Uttarakhand,Uttar Kashi,2025-02-22,2025,02,0.0293745999,NRSC VIC MODEL
Uttarakhand,Uttar Kashi,2025-02-27,2025,02,1.4004860127,NRSC VIC MODEL
Uttarakhand,Uttar Kashi,2025-02-18,2025,02,0,NRSC VIC MODEL
Uttarakhand,Champawat,2025-04-22,2025,04,0,NRSC VIC MODEL
Uttarakhand,Champawat,2025-04-06,2025,04,0,NRSC VIC MODEL
Uttarakhand,Champawat,2025-04-17,2025,04,0.0377278498,NRSC VIC MODEL
Uttarakhand,Champawat,2025-04-24,2025,04,0,NRSC VIC MODEL
Uttarakhand,Champawat,2025-04-10,2025,04,19.0414010337,NRSC VIC MODEL
Uttarakhand,Champawat,2025-04-14,2025,04,0,NRSC VIC MODEL
Uttarakhand,Dehradun,2025-04-13,2025,04,0.0024905843,NRSC VIC MODEL
Uttarakhand,Dehradun,2025-04-03,2025,04,0.000272811,NRSC VIC MODEL
Uttarakhand,Dehradun,2025-04-10,2025,04,0.6103433281,NRSC VIC MODEL
Uttarakhand,Dehradun,2025-04-12,2025,04,0.7014771522,NRSC VIC MODEL
Uttarakhand,Dehradun,2025-04-02,2025,04,0,NRSC VIC MODEL
Uttarakhand,Dehradun,2025-04-15,2025,04,0.0001838845,NRSC VIC MODEL
Uttarakhand,Haridwar,2025-04-01,2025,04,0,NRSC VIC MODEL
Uttarakhand,Haridwar,2025-04-06,2025,04,0,NRSC VIC MODEL
Uttarakhand,Haridwar,2025-04-11,2025,04,1.998198672,NRSC VIC MODEL
Uttarakhand,Haridwar,2025-04-25,2025,04,0,NRSC VIC MODEL
Uttarakhand,Haridwar,2025-04-30,2025,04,0.0001757403,NRSC VIC MODEL
Uttarakhand,Haridwar,2025-04-05,2025,04,0,NRSC VIC MODEL
Uttarakhand,Haridwar,2025-04-21,2025,04,0.0003744183,NRSC VIC MODEL
Uttarakhand,Nainital,2025-04-16,2025,04,5.19172e-05,NRSC VIC MODEL
Uttarakhand,Nainital,2025-04-11,2025,04,3.5598406078,NRSC VIC MODEL
Uttarakhand,Nainital,2025-04-29,2025,04,0,NRSC VIC MODEL
Uttarakhand,Nainital,2025-04-30,2025,04,0.0025252503,NRSC VIC MODEL
Uttarakhand,Nainital,2025-04-06,2025,04,0,NRSC VIC MODEL
Uttarakhand,Nainital,2025-04-27,2025,04,0.0018191973,NRSC VIC MODEL
Uttarakhand,Nainital,2025-04-09,2025,04,0.0046192096,NRSC VIC MODEL
Uttarakhand,Nainital,2025-04-07,2025,04,0,NRSC VIC MODEL
Uttarakhand,Pauri Garhwal,2025-04-22,2025,04,0.003926699,NRSC VIC MODEL
Uttarakhand,Pauri Garhwal,2025-04-04,2025,04,0,NRSC VIC MODEL
Uttarakhand,Pauri Garhwal,2025-04-13,2025,04,-1.5099e-06,NRSC VIC MODEL
Uttarakhand,Pauri Garhwal,2025-04-12,2025,04,1.2796271074,NRSC VIC MODEL
Uttarakhand,Pauri Garhwal,2025-04-27,2025,04,0.0305053396,NRSC VIC MODEL
Uttarakhand,Pithoragarh,2025-04-10,2025,04,5.0371421764,NRSC VIC MODEL
Uttarakhand,Pithoragarh,2025-04-25,2025,04,0.0596020238,NRSC VIC MODEL
Uttarakhand,Pithoragarh,2025-04-16,2025,04,0.1811080534,NRSC VIC MODEL
Uttarakhand,Pithoragarh,2025-04-08,2025,04,0.2523979115,NRSC VIC MODEL
Uttarakhand,Pithoragarh,2025-04-23,2025,04,0.084341367,NRSC VIC MODEL
Uttarakhand,Pithoragarh,2025-04-30,2025,04,0.0064978094,NRSC VIC MODEL
Uttarakhand,Rudra Prayag,2025-04-01,2025,04,0.0022731926,NRSC VIC MODEL
Uttarakhand,Rudra Prayag,2025-04-24,2025,04,0.6987211549,NRSC VIC MODEL
Uttarakhand,Rudra Prayag,2025-04-08,2025,04,0.8353860897,NRSC VIC MODEL
Uttarakhand,Rudra Prayag,2025-04-14,2025,04,0,NRSC VIC MODEL
Uttarakhand,Rudra Prayag,2025-04-22,2025,04,0,NRSC VIC MODEL
Uttarakhand,Rudra Prayag,2025-04-04,2025,04,0,NRSC VIC MODEL
Uttarakhand,Tehri Garhwal,2025-04-04,2025,04,0,NRSC VIC MODEL
Uttarakhand,Tehri Garhwal,2025-04-01,2025,04,0.0108342799,NRSC VIC MODEL
Uttarakhand,Tehri Garhwal,2025-04-08,2025,04,0.2340226731,NRSC VIC MODEL
Uttarakhand,Tehri Garhwal,2025-04-25,2025,04,0.0005518647,NRSC VIC MODEL
Uttarakhand,Udam Singh Nagar,2025-04-26,2025,04,0.0071760903,NRSC VIC MODEL
Uttarakhand,Udam Singh Nagar,2025-04-28,2025,04,0.1818732277,NRSC VIC MODEL
Uttarakhand,Udam Singh Nagar,2025-04-04,2025,04,0,NRSC VIC MODEL
Uttarakhand,Udam Singh Nagar,2025-04-19,2025,04,0,NRSC VIC MODEL
Uttarakhand,Udam Singh Nagar,2025-04-07,2025,04,0,NRSC VIC MODEL
Uttarakhand,Uttar Kashi,2025-04-26,2025,04,0,NRSC VIC MODEL
Uttarakhand,Uttar Kashi,2025-04-15,2025,04,0.2486455021,NRSC VIC MODEL
Uttarakhand,Uttar Kashi,2025-04-01,2025,04,0.0347558967,NRSC VIC MODEL
Uttarakhand,Uttar Kashi,2025-04-16,2025,04,0.3706409149,NRSC VIC MODEL
Uttarakhand,Uttar Kashi,2025-04-28,2025,04,0.3394450616,NRSC VIC MODEL
Uttarakhand,Almora,2025-04-29,2025,04,0,NRSC VIC MODEL
Uttarakhand,Almora,2025-04-11,2025,04,6.5676895282,NRSC VIC MODEL
Uttarakhand,Almora,2025-04-09,2025,04,0.0097642881,NRSC VIC MODEL
Uttarakhand,Almora,2025-04-19,2025,04,0,NRSC VIC MODEL
Uttarakhand,Almora,2025-04-25,2025,04,0.0063419282,NRSC VIC MODEL
Uttarakhand,Almora,2025-04-30,2025,04,0.7626875524,NRSC VIC MODEL
Uttarakhand,Almora,2025-04-28,2025,04,0.0067253236,NRSC VIC MODEL
Uttarakhand,Almora,2025-04-02,2025,04,0,NRSC VIC MODEL
Uttarakhand,Bageshwar,2025-04-24,2025,04,0.07541858,NRSC VIC MODEL
Uttarakhand,Bageshwar,2025-04-01,2025,04,0,NRSC VIC MODEL
Uttarakhand,Bageshwar,2025-04-20,2025,04,0.2895945662,NRSC VIC MODEL
Uttarakhand,Bageshwar,2025-04-27,2025,04,0.0279485954,NRSC VIC MODEL
Uttarakhand,Bageshwar,2025-04-17,2025,04,0.4417416608,NRSC VIC MODEL
Uttarakhand,Bageshwar,2025-04-05,2025,04,0.0177989421,NRSC VIC MODEL
Uttarakhand,Chamoli,2025-04-13,2025,04,1.7677273573,NRSC VIC MODEL
Uttarakhand,Chamoli,2025-04-23,2025,04,0.0091473966,NRSC VIC MODEL
Uttarakhand,Chamoli,2025-04-21,2025,04,0.6665300086,NRSC VIC MODEL
Uttarakhand,Chamoli,2025-04-04,2025,04,0,NRSC VIC MODEL
Uttarakhand,Chamoli,2025-04-03,2025,04,0,NRSC VIC MODEL
Uttarakhand,Nainital,2025-05-04,2025,05,0.4611904745,NRSC VIC MODEL
Uttarakhand,Pauri Garhwal,2025-05-10,2025,05,0.0716882114,NRSC VIC MODEL
Uttarakhand,Pauri Garhwal,2025-05-30,2025,05,0.8816226064,NRSC VIC MODEL
Uttarakhand,Pauri Garhwal,2025-05-04,2025,05,1.6971670609,NRSC VIC MODEL
Uttarakhand,Pauri Garhwal,2025-05-29,2025,05,1.2556331154,NRSC VIC MODEL
Uttarakhand,Pauri Garhwal,2025-05-27,2025,05,1.2276412484,NRSC VIC MODEL
Uttarakhand,Pithoragarh,2025-05-05,2025,05,1.0349960624,NRSC VIC MODEL
Uttarakhand,Pithoragarh,2025-05-06,2025,05,0.8368947495,NRSC VIC MODEL
Uttarakhand,Pithoragarh,2025-05-30,2025,05,11.5345300646,NRSC VIC MODEL
Uttarakhand,Pithoragarh,2025-05-31,2025,05,11.8432011693,NRSC VIC MODEL
Uttarakhand,Pithoragarh,2025-05-28,2025,05,12.0210870882,NRSC VIC MODEL
Uttarakhand,Pithoragarh,2025-05-26,2025,05,1.3097145428,NRSC VIC MODEL
Uttarakhand,Pithoragarh,2025-05-23,2025,05,0.0673403959,NRSC VIC MODEL
Uttarakhand,Rudra Prayag,2025-05-10,2025,05,0.6913275434,NRSC VIC MODEL
Uttarakhand,Rudra Prayag,2025-05-06,2025,05,1.2635774749,NRSC VIC MODEL
Uttarakhand,Rudra Prayag,2025-05-04,2025,05,13.8788513241,NRSC VIC MODEL
Uttarakhand,Rudra Prayag,2025-05-24,2025,05,3.2998072302,NRSC VIC MODEL
Uttarakhand,Tehri Garhwal,2025-05-08,2025,05,1.1362063707,NRSC VIC MODEL
Uttarakhand,Tehri Garhwal,2025-05-06,2025,05,1.0868734076,NRSC VIC MODEL
Uttarakhand,Tehri Garhwal,2025-05-31,2025,05,3.3495662768,NRSC VIC MODEL
Uttarakhand,Tehri Garhwal,2025-05-09,2025,05,2.618029182,NRSC VIC MODEL
Uttarakhand,Tehri Garhwal,2025-05-30,2025,05,1.7311572173,NRSC VIC MODEL
Uttarakhand,Tehri Garhwal,2025-05-23,2025,05,0.002470182,NRSC VIC MODEL
Uttarakhand,Tehri Garhwal,2025-05-03,2025,05,0.2794408566,NRSC VIC MODEL
Uttarakhand,Udam Singh Nagar,2025-05-08,2025,05,2.28098e-05,NRSC VIC MODEL
Uttarakhand,Udam Singh Nagar,2025-05-05,2025,05,14.1556509196,NRSC VIC MODEL
Uttarakhand,Udam Singh Nagar,2025-05-04,2025,05,0.113972941,NRSC VIC MODEL
Uttarakhand,Udam Singh Nagar,2025-05-09,2025,05,0.0077904084,NRSC VIC MODEL
Uttarakhand,Udam Singh Nagar,2025-05-07,2025,05,0.043422387,NRSC VIC MODEL
Uttarakhand,Udam Singh Nagar,2025-05-18,2025,05,0.0204598474,NRSC VIC MODEL
Uttarakhand,Uttar Kashi,2025-05-18,2025,05,0.8634154681,NRSC VIC MODEL
Uttarakhand,Uttar Kashi,2025-05-29,2025,05,0.8704212497,NRSC VIC MODEL
Uttarakhand,Uttar Kashi,2025-05-10,2025,05,4.1513968161,NRSC VIC MODEL
Uttarakhand,Uttar Kashi,2025-05-01,2025,05,2.5447952242,NRSC VIC MODEL
Uttarakhand,Uttar Kashi,2025-05-06,2025,05,0.6905837308,NRSC VIC MODEL
Uttarakhand,Uttar Kashi,2025-05-15,2025,05,0.042039737,NRSC VIC MODEL
Uttarakhand,Uttar Kashi,2025-05-21,2025,05,1.1810570751,NRSC VIC MODEL
Uttarakhand,Uttar Kashi,2025-05-28,2025,05,4.3971662076,NRSC VIC MODEL
Uttarakhand,Almora,2025-05-04,2025,05,5.8509856305,NRSC VIC MODEL
Uttarakhand,Almora,2025-05-19,2025,05,1.8807449058,NRSC VIC MODEL
Uttarakhand,Almora,2025-05-10,2025,05,0.0551772175,NRSC VIC MODEL
Uttarakhand,Almora,2025-05-17,2025,05,0.6670207783,NRSC VIC MODEL
Uttarakhand,Bageshwar,2025-05-31,2025,05,9.3632921093,NRSC VIC MODEL
Uttarakhand,Bageshwar,2025-05-09,2025,05,1.7584674067,NRSC VIC MODEL
Uttarakhand,Bageshwar,2025-05-30,2025,05,6.3444098709,NRSC VIC MODEL
Uttarakhand,Bageshwar,2025-05-26,2025,05,4.8360104824,NRSC VIC MODEL
Uttarakhand,Bageshwar,2025-05-05,2025,05,3.8621395821,NRSC VIC MODEL
Uttarakhand,Bageshwar,2025-05-25,2025,05,20.0316445947,NRSC VIC MODEL
Uttarakhand,Bageshwar,2025-05-18,2025,05,2.3366992249,NRSC VIC MODEL
Uttarakhand,Bageshwar,2025-05-29,2025,05,9.0107674843,NRSC VIC MODEL
Uttarakhand,Bageshwar,2025-05-19,2025,05,4.9866772988,NRSC VIC MODEL
Uttarakhand,Chamoli,2025-05-01,2025,05,0.0308261971,NRSC VIC MODEL
Uttarakhand,Chamoli,2025-05-31,2025,05,9.0564425545,NRSC VIC MODEL
Uttarakhand,Chamoli,2025-05-18,2025,05,0.1272817309,NRSC VIC MODEL
Uttarakhand,Chamoli,2025-05-03,2025,05,4.6974757043,NRSC VIC MODEL
Uttarakhand,Chamoli,2025-05-02,2025,05,4.2350687475,NRSC VIC MODEL
Uttarakhand,Champawat,2025-05-09,2025,05,0.7351894571,NRSC VIC MODEL
Uttarakhand,Champawat,2025-05-24,2025,05,0.8921618869,NRSC VIC MODEL
Uttarakhand,Champawat,2025-05-31,2025,05,2.1487121657,NRSC VIC MODEL
Uttarakhand,Champawat,2025-05-26,2025,05,5.942066497,NRSC VIC MODEL
Uttarakhand,Champawat,2025-05-18,2025,05,1.6304838952,NRSC VIC MODEL
Uttarakhand,Dehradun,2025-05-28,2025,05,7.1866151074,NRSC VIC MODEL
Uttarakhand,Dehradun,2025-05-16,2025,05,0.1652873375,NRSC VIC MODEL
Uttarakhand,Dehradun,2025-05-01,2025,05,0.0204055432,NRSC VIC MODEL
Uttarakhand,Dehradun,2025-05-29,2025,05,5.1227497778,NRSC VIC MODEL
Uttarakhand,Dehradun,2025-05-08,2025,05,2.0057203873,NRSC VIC MODEL
Uttarakhand,Haridwar,2025-05-18,2025,05,0.000699678,NRSC VIC MODEL
Uttarakhand,Haridwar,2025-05-19,2025,05,0.0022846236,NRSC VIC MODEL
Uttarakhand,Haridwar,2025-05-22,2025,05,4.5875943872,NRSC VIC MODEL
Uttarakhand,Haridwar,2025-05-28,2025,05,0.03760842,NRSC VIC MODEL
Uttarakhand,Haridwar,2025-05-16,2025,05,0.0007029611,NRSC VIC MODEL
Uttarakhand,Nainital,2025-05-01,2025,05,0.0001550181,NRSC VIC MODEL
Uttarakhand,Nainital,2025-05-17,2025,05,1.5927414689,NRSC VIC MODEL
Uttarakhand,Nainital,2025-05-08,2025,05,0.9311347159,NRSC VIC MODEL
Uttarakhand,Almora,2025-06-26,2025,06,16.3163050271,NRSC VIC MODEL
Uttarakhand,Almora,2025-06-18,2025,06,8.2257117493,NRSC VIC MODEL
Uttarakhand,Almora,2025-06-16,2025,06,9.0336926117,NRSC VIC MODEL
Uttarakhand,Almora,2025-06-04,2025,06,12.5476420628,NRSC VIC MODEL
Uttarakhand,Almora,2025-06-30,2025,06,38.9412139021,NRSC VIC MODEL
Uttarakhand,Almora,2025-06-23,2025,06,4.6106597994,NRSC VIC MODEL
Uttarakhand,Almora,2025-06-12,2025,06,0.3651265579,NRSC VIC MODEL
Uttarakhand,Bageshwar,2025-06-17,2025,06,3.3938541558,NRSC VIC MODEL
Uttarakhand,Bageshwar,2025-06-10,2025,06,3.6391844119,NRSC VIC MODEL
Uttarakhand,Bageshwar,2025-06-09,2025,06,0.999203421,NRSC VIC MODEL
Uttarakhand,Bageshwar,2025-06-03,2025,06,10.9939055478,NRSC VIC MODEL
Uttarakhand,Bageshwar,2025-06-21,2025,06,6.7246481315,NRSC VIC MODEL
Uttarakhand,Bageshwar,2025-06-28,2025,06,52.5032446007,NRSC VIC MODEL
Uttarakhand,Chamoli,2025-06-11,2025,06,4.9188909582,NRSC VIC MODEL
Uttarakhand,Chamoli,2025-06-04,2025,06,4.1039456904,NRSC VIC MODEL
Uttarakhand,Chamoli,2025-06-26,2025,06,26.3974532166,NRSC VIC MODEL
Uttarakhand,Chamoli,2025-06-30,2025,06,23.1848348846,NRSC VIC MODEL
Uttarakhand,Chamoli,2025-06-02,2025,06,0.5591411026,NRSC VIC MODEL
Uttarakhand,Chamoli,2025-06-25,2025,06,9.0714229219,NRSC VIC MODEL
Uttarakhand,Chamoli,2025-06-14,2025,06,1.9283115014,NRSC VIC MODEL
Uttarakhand,Chamoli,2025-06-12,2025,06,7.2067950525,NRSC VIC MODEL
Uttarakhand,Chamoli,2025-06-07,2025,06,0.7282947585,NRSC VIC MODEL
Uttarakhand,Chamoli,2025-06-20,2025,06,9.8509301804,NRSC VIC MODEL
Uttarakhand,Chamoli,2025-06-09,2025,06,4.3909051239,NRSC VIC MODEL
Uttarakhand,Champawat,2025-06-05,2025,06,0.9446728598,NRSC VIC MODEL
Uttarakhand,Champawat,2025-06-14,2025,06,2.7889600521,NRSC VIC MODEL
Uttarakhand,Champawat,2025-06-20,2025,06,6.1760889678,NRSC VIC MODEL
Uttarakhand,Champawat,2025-06-09,2025,06,0.0001165057,NRSC VIC MODEL
Uttarakhand,Champawat,2025-06-06,2025,06,2.1354424438,NRSC VIC MODEL
Uttarakhand,Champawat,2025-06-23,2025,06,10.6072027003,NRSC VIC MODEL
Uttarakhand,Dehradun,2025-06-24,2025,06,16.8820262473,NRSC VIC MODEL
Uttarakhand,Dehradun,2025-06-03,2025,06,20.673576688,NRSC VIC MODEL
Uttarakhand,Haridwar,2025-06-26,2025,06,13.5643738197,NRSC VIC MODEL
Uttarakhand,Haridwar,2025-06-13,2025,06,1.0656145095,NRSC VIC MODEL
Uttarakhand,Haridwar,2025-06-18,2025,06,6.06367816,NRSC VIC MODEL
Uttarakhand,Haridwar,2025-06-09,2025,06,0,NRSC VIC MODEL
Uttarakhand,Haridwar,2025-06-12,2025,06,0.5137304918,NRSC VIC MODEL
Uttarakhand,Haridwar,2025-06-15,2025,06,0.7586792757,NRSC VIC MODEL
Uttarakhand,Nainital,2025-06-13,2025,06,1.7054838228,NRSC VIC MODEL
Uttarakhand,Nainital,2025-06-29,2025,06,12.3127000221,NRSC VIC MODEL
Uttarakhand,Nainital,2025-06-10,2025,06,7.10533e-05,NRSC VIC MODEL
Uttarakhand,Nainital,2025-06-09,2025,06,0,NRSC VIC MODEL
Uttarakhand,Pauri Garhwal,2025-06-24,2025,06,5.9197795779,NRSC VIC MODEL
Uttarakhand,Pauri Garhwal,2025-06-12,2025,06,0.0962031414,NRSC VIC MODEL
Uttarakhand,Pauri Garhwal,2025-06-11,2025,06,0.0740463548,NRSC VIC MODEL
Uttarakhand,Pauri Garhwal,2025-06-27,2025,06,4.3449322217,NRSC VIC MODEL
Uttarakhand,Pauri Garhwal,2025-06-30,2025,06,42.60893696,NRSC VIC MODEL
Uttarakhand,Pauri Garhwal,2025-06-21,2025,06,1.9864742941,NRSC VIC MODEL
Uttarakhand,Pauri Garhwal,2025-06-02,2025,06,0.3559705061,NRSC VIC MODEL
Uttarakhand,Pauri Garhwal,2025-06-26,2025,06,5.4567335922,NRSC VIC MODEL
Uttarakhand,Pithoragarh,2025-06-04,2025,06,1.4581118083,NRSC VIC MODEL
Uttarakhand,Pithoragarh,2025-06-27,2025,06,2.7776534579,NRSC VIC MODEL
Uttarakhand,Pithoragarh,2025-06-24,2025,06,3.8250875922,NRSC VIC MODEL
Uttarakhand,Pithoragarh,2025-06-08,2025,06,0.2395306308,NRSC VIC MODEL
Uttarakhand,Pithoragarh,2025-06-09,2025,06,0.8388906947,NRSC VIC MODEL
Uttarakhand,Pithoragarh,2025-06-17,2025,06,5.788686807,NRSC VIC MODEL
Uttarakhand,Pithoragarh,2025-06-19,2025,06,3.943848512,NRSC VIC MODEL
Uttarakhand,Pithoragarh,2025-06-07,2025,06,0.0915362971,NRSC VIC MODEL
Uttarakhand,Pithoragarh,2025-06-06,2025,06,0.5215986828,NRSC VIC MODEL
Uttarakhand,Rudra Prayag,2025-06-23,2025,06,4.2805944476,NRSC VIC MODEL
Uttarakhand,Rudra Prayag,2025-06-22,2025,06,2.0250782297,NRSC VIC MODEL
Uttarakhand,Rudra Prayag,2025-06-25,2025,06,13.8363254835,NRSC VIC MODEL
Uttarakhand,Rudra Prayag,2025-06-19,2025,06,5.1672614872,NRSC VIC MODEL
Uttarakhand,Rudra Prayag,2025-06-20,2025,06,7.5127952328,NRSC VIC MODEL
Uttarakhand,Tehri Garhwal,2025-06-09,2025,06,0.321431797,NRSC VIC MODEL
Uttarakhand,Tehri Garhwal,2025-06-14,2025,06,0.8190623451,NRSC VIC MODEL
Uttarakhand,Tehri Garhwal,2025-06-21,2025,06,14.5348803054,NRSC VIC MODEL
Uttarakhand,Tehri Garhwal,2025-06-10,2025,06,0.0985210047,NRSC VIC MODEL
Uttarakhand,Tehri Garhwal,2025-06-05,2025,06,6.5485140919,NRSC VIC MODEL
Uttarakhand,Tehri Garhwal,2025-06-04,2025,06,4.9605396532,NRSC VIC MODEL
Uttarakhand,Udam Singh Nagar,2025-06-24,2025,06,3.5535889311,NRSC VIC MODEL
Uttarakhand,Udam Singh Nagar,2025-06-18,2025,06,19.5600778406,NRSC VIC MODEL
Uttarakhand,Udam Singh Nagar,2025-06-19,2025,06,2.5641096177,NRSC VIC MODEL
Uttarakhand,Udam Singh Nagar,2025-06-21,2025,06,1.4129784448,NRSC VIC MODEL
Uttarakhand,Udam Singh Nagar,2025-06-10,2025,06,0.0002870436,NRSC VIC MODEL
Uttarakhand,Uttar Kashi,2025-06-11,2025,06,1.0415278786,NRSC VIC MODEL
Uttarakhand,Almora,2025-05-10,2025,05,0.0551772175,NRSC VIC MODEL
Uttarakhand,Almora,2025-05-16,2025,05,0.276086501,NRSC VIC MODEL
Uttarakhand,Almora,2025-05-20,2025,05,0.1891538908,NRSC VIC MODEL
Uttarakhand,Almora,2025-05-23,2025,05,0.0023477069,NRSC VIC MODEL
Uttarakhand,Almora,2025-05-24,2025,05,0.0796127658,NRSC VIC MODEL
Uttarakhand,Almora,2025-05-25,2025,05,9.8416028177,NRSC VIC MODEL
Uttarakhand,Almora,2025-05-31,2025,05,2.5765225096,NRSC VIC MODEL
Uttarakhand,Almora,2025-06-03,2025,06,21.1411235609,NRSC VIC MODEL
Uttarakhand,Almora,2025-06-06,2025,06,2.4970523476,NRSC VIC MODEL
Uttarakhand,Almora,2025-06-09,2025,06,6.77488e-05,NRSC VIC MODEL
Uttarakhand,Almora,2025-06-14,2025,06,16.5686128165,NRSC VIC MODEL
Uttarakhand,Almora,2025-06-27,2025,06,2.1146726841,NRSC VIC MODEL
Uttarakhand,Bageshwar,2025-01-01,2025,01,0.0662474811,NRSC VIC MODEL
Uttarakhand,Bageshwar,2025-01-03,2025,01,1.4061054258,NRSC VIC MODEL
Uttarakhand,Bageshwar,2025-01-18,2025,01,0,NRSC VIC MODEL
Uttarakhand,Bageshwar,2025-02-03,2025,02,0.0330258088,NRSC VIC MODEL
Uttarakhand,Bageshwar,2025-02-06,2025,02,0,NRSC VIC MODEL
Uttarakhand,Bageshwar,2025-02-08,2025,02,0.1192627164,NRSC VIC MODEL
Uttarakhand,Bageshwar,2025-02-10,2025,02,0,NRSC VIC MODEL
Uttarakhand,Bageshwar,2025-02-15,2025,02,1.1137126501,NRSC VIC MODEL
Uttarakhand,Bageshwar,2025-02-16,2025,02,0.3827331668,NRSC VIC MODEL
Uttarakhand,Bageshwar,2025-03-02,2025,03,0.0192075338,NRSC VIC MODEL
Uttarakhand,Bageshwar,2025-03-09,2025,03,0.2563886887,NRSC VIC MODEL
Uttarakhand,Bageshwar,2025-03-22,2025,03,0.2626191731,NRSC VIC MODEL
Uttarakhand,Bageshwar,2025-04-09,2025,04,1.1473904896,NRSC VIC MODEL
Uttarakhand,Bageshwar,2025-04-10,2025,04,12.1007246695,NRSC VIC MODEL
Uttarakhand,Bageshwar,2025-04-11,2025,04,9.0770765896,NRSC VIC MODEL
Uttarakhand,Bageshwar,2025-04-25,2025,04,0.0086549379,NRSC VIC MODEL
Uttarakhand,Bageshwar,2025-05-04,2025,05,11.2764155475,NRSC VIC MODEL
Uttarakhand,Bageshwar,2025-05-08,2025,05,0.6443486852,NRSC VIC MODEL
Uttarakhand,Bageshwar,2025-05-10,2025,05,1.2484053173,NRSC VIC MODEL
Uttarakhand,Bageshwar,2025-05-19,2025,05,4.9866772988,NRSC VIC MODEL
Uttarakhand,Bageshwar,2025-05-21,2025,05,5.3072240068,NRSC VIC MODEL
Uttarakhand,Bageshwar,2025-05-25,2025,05,20.0316445947,NRSC VIC MODEL
Uttarakhand,Bageshwar,2025-06-03,2025,06,10.9939055478,NRSC VIC MODEL
Uttarakhand,Bageshwar,2025-06-04,2025,06,5.3829149931,NRSC VIC MODEL
Uttarakhand,Bageshwar,2025-06-14,2025,06,7.394973352,NRSC VIC MODEL
Uttarakhand,Bageshwar,2025-06-15,2025,06,12.769280495,NRSC VIC MODEL
Uttarakhand,Bageshwar,2025-06-28,2025,06,52.5032446007,NRSC VIC MODEL
Uttarakhand,Bageshwar,2025-06-29,2025,06,36.8946774352,NRSC VIC MODEL
Uttarakhand,Chamoli,2025-01-12,2025,01,2.2262073654,NRSC VIC MODEL
Uttarakhand,Chamoli,2025-01-13,2025,01,10.3084082251,NRSC VIC MODEL
Uttarakhand,Chamoli,2025-01-16,2025,01,7.4417517518,NRSC VIC MODEL
Uttarakhand,Chamoli,2025-01-31,2025,01,0.0004397191,NRSC VIC MODEL
Uttarakhand,Chamoli,2025-02-02,2025,02,0,NRSC VIC MODEL
Uttarakhand,Chamoli,2025-02-09,2025,02,0,NRSC VIC MODEL
Uttarakhand,Chamoli,2025-02-17,2025,02,0,NRSC VIC MODEL
Uttarakhand,Chamoli,2025-02-19,2025,02,0.1903162095,NRSC VIC MODEL
Uttarakhand,Chamoli,2025-02-21,2025,02,9.4763046742,NRSC VIC MODEL
Uttarakhand,Chamoli,2025-02-24,2025,02,0.2273552078,NRSC VIC MODEL
Uttarakhand,Chamoli,2025-03-18,2025,03,0.581113204,NRSC VIC MODEL
Uttarakhand,Chamoli,2025-03-24,2025,03,0,NRSC VIC MODEL
Uttarakhand,Chamoli,2025-04-01,2025,04,0,NRSC VIC MODEL
Uttarakhand,Chamoli,2025-04-08,2025,04,0.4249353285,NRSC VIC MODEL
Uttarakhand,Chamoli,2025-04-21,2025,04,0.6665300086,NRSC VIC MODEL
Uttarakhand,Chamoli,2025-04-22,2025,04,0,NRSC VIC MODEL
Uttarakhand,Chamoli,2025-04-23,2025,04,0.0091473966,NRSC VIC MODEL
Uttarakhand,Chamoli,2025-04-25,2025,04,0.1050217366,NRSC VIC MODEL
Uttarakhand,Chamoli,2025-04-26,2025,04,0,NRSC VIC MODEL
Uttarakhand,Chamoli,2025-04-29,2025,04,0.0433057424,NRSC VIC MODEL
Uttarakhand,Chamoli,2025-05-01,2025,05,0.0308261971,NRSC VIC MODEL
Uttarakhand,Chamoli,2025-05-10,2025,05,1.4452069823,NRSC VIC MODEL
Uttarakhand,Chamoli,2025-05-16,2025,05,0.7472374189,NRSC VIC MODEL
Uttarakhand,Chamoli,2025-06-10,2025,06,1.022959004,NRSC VIC MODEL
Uttarakhand,Chamoli,2025-06-16,2025,06,5.697856132,NRSC VIC MODEL
Uttarakhand,Chamoli,2025-06-19,2025,06,6.991118795,NRSC VIC MODEL
Uttarakhand,Chamoli,2025-06-21,2025,06,2.8522851825,NRSC VIC MODEL
Uttarakhand,Chamoli,2025-06-30,2025,06,23.1848348846,NRSC VIC MODEL
Uttarakhand,Champawat,2025-01-12,2025,01,1.7892815858,NRSC VIC MODEL
Uttarakhand,Champawat,2025-01-19,2025,01,0,NRSC VIC MODEL
Uttarakhand,Champawat,2025-01-23,2025,01,0,NRSC VIC MODEL
Uttarakhand,Champawat,2025-01-27,2025,01,0,NRSC VIC MODEL
Uttarakhand,Champawat,2025-01-28,2025,01,0,NRSC VIC MODEL
Uttarakhand,Champawat,2025-02-16,2025,02,0.560290136,NRSC VIC MODEL
Uttarakhand,Champawat,2025-02-17,2025,02,0,NRSC VIC MODEL
Uttarakhand,Champawat,2025-02-20,2025,02,0,NRSC VIC MODEL
Uttarakhand,Champawat,2025-02-24,2025,02,0.012755699,NRSC VIC MODEL
Uttarakhand,Champawat,2025-02-26,2025,02,0.0005825285,NRSC VIC MODEL
Uttarakhand,Champawat,2025-02-27,2025,02,0.0381042143,NRSC VIC MODEL
Uttarakhand,Champawat,2025-03-02,2025,03,0,NRSC VIC MODEL
Uttarakhand,Champawat,2025-03-09,2025,03,0,NRSC VIC MODEL
Uttarakhand,Champawat,2025-03-15,2025,03,1.3183586029,NRSC VIC MODEL
Uttarakhand,Champawat,2025-03-16,2025,03,2.8618135442,NRSC VIC MODEL
Uttarakhand,Champawat,2025-03-17,2025,03,4.4554753773,NRSC VIC MODEL
Uttarakhand,Champawat,2025-03-27,2025,03,0,NRSC VIC MODEL
Uttarakhand,Champawat,2025-04-18,2025,04,0.0029423437,NRSC VIC MODEL
Uttarakhand,Champawat,2025-04-23,2025,04,0,NRSC VIC MODEL
Uttarakhand,Champawat,2025-04-30,2025,04,0.0051246943,NRSC VIC MODEL
Uttarakhand,Champawat,2025-05-03,2025,05,0.0883359504,NRSC VIC MODEL
Uttarakhand,Champawat,2025-05-06,2025,05,0.9145357234,NRSC VIC MODEL
Uttarakhand,Champawat,2025-05-07,2025,05,0.7327708224,NRSC VIC MODEL
Uttarakhand,Champawat,2025-05-16,2025,05,0.680121063,NRSC VIC MODEL
Uttarakhand,Champawat,2025-05-28,2025,05,4.4118424224,NRSC VIC MODEL
Uttarakhand,Champawat,2025-05-29,2025,05,0.3789095767,NRSC VIC MODEL
Uttarakhand,Champawat,2025-05-31,2025,05,2.1487121657,NRSC VIC MODEL
Uttarakhand,Champawat,2025-06-02,2025,06,1.7490639731,NRSC VIC MODEL
Uttarakhand,Champawat,2025-06-11,2025,06,7.7290288016,NRSC VIC MODEL
Uttarakhand,Champawat,2025-06-15,2025,06,1.0477457389,NRSC VIC MODEL
Uttarakhand,Champawat,2025-06-24,2025,06,2.4778600124,NRSC VIC MODEL
Uttarakhand,Dehradun,2025-01-02,2025,01,0,NRSC VIC MODEL
Uttarakhand,Dehradun,2025-01-04,2025,01,1.6234e-06,NRSC VIC MODEL
Uttarakhand,Dehradun,2025-01-11,2025,01,3.0292738248,NRSC VIC MODEL
Uttarakhand,Dehradun,2025-01-17,2025,01,1.1535146489,NRSC VIC MODEL
Uttarakhand,Dehradun,2025-01-21,2025,01,0,NRSC VIC MODEL
Uttarakhand,Dehradun,2025-01-30,2025,01,0,NRSC VIC MODEL
Uttarakhand,Dehradun,2025-02-02,2025,02,0,NRSC VIC MODEL
Uttarakhand,Dehradun,2025-02-15,2025,02,0.0962548763,NRSC VIC MODEL
Uttarakhand,Dehradun,2025-02-16,2025,02,0.2186271055,NRSC VIC MODEL
Uttarakhand,Dehradun,2025-02-24,2025,02,0.0039359943,NRSC VIC MODEL
Uttarakhand,Dehradun,2025-02-25,2025,02,0.0003787891,NRSC VIC MODEL
Uttarakhand,Dehradun,2025-03-03,2025,03,0,NRSC VIC MODEL
Uttarakhand,Dehradun,2025-03-05,2025,03,0.6756412969,NRSC VIC MODEL
Uttarakhand,Dehradun,2025-03-20,2025,03,0.0596402327,NRSC VIC MODEL
Uttarakhand,Dehradun,2025-03-25,2025,03,0,NRSC VIC MODEL
Uttarakhand,Dehradun,2025-03-29,2025,03,0,NRSC VIC MODEL
Uttarakhand,Dehradun,2025-03-31,2025,03,0,NRSC VIC MODEL
Uttarakhand,Dehradun,2025-04-05,2025,04,0,NRSC VIC MODEL
Uttarakhand,Dehradun,2025-04-13,2025,04,0.0024905843,NRSC VIC MODEL
Uttarakhand,Dehradun,2025-04-15,2025,04,0.0001838845,NRSC VIC MODEL
Uttarakhand,Dehradun,2025-04-18,2025,04,0,NRSC VIC MODEL
Uttarakhand,Dehradun,2025-04-20,2025,04,0.0429654826,NRSC VIC MODEL
Uttarakhand,Dehradun,2025-04-29,2025,04,0.1270154994,NRSC VIC MODEL
Uttarakhand,Dehradun,2025-05-01,2025,05,0.0204055432,NRSC VIC MODEL
Uttarakhand,Dehradun,2025-05-03,2025,05,11.3931199925,NRSC VIC MODEL
Uttarakhand,Dehradun,2025-05-04,2025,05,1.9407433553,NRSC VIC MODEL
Uttarakhand,Dehradun,2025-05-06,2025,05,1.885313456,NRSC VIC MODEL
Uttarakhand,Dehradun,2025-05-07,2025,05,13.1253562204,NRSC VIC MODEL
Uttarakhand,Dehradun,2025-05-10,2025,05,7.5253960141,NRSC VIC MODEL
Uttarakhand,Dehradun,2025-05-22,2025,05,8.1369413692,NRSC VIC MODEL
Uttarakhand,Dehradun,2025-05-30,2025,05,0.7198267955,NRSC VIC MODEL
Uttarakhand,Dehradun,2025-06-03,2025,06,20.673576688,NRSC VIC MODEL
Uttarakhand,Dehradun,2025-06-05,2025,06,2.5958767515,NRSC VIC MODEL
Uttarakhand,Dehradun,2025-06-11,2025,06,0,NRSC VIC MODEL
Uttarakhand,Dehradun,2025-06-20,2025,06,6.6369838173,NRSC VIC MODEL
Uttarakhand,Dehradun,2025-06-22,2025,06,1.2371200923,NRSC VIC MODEL
Uttarakhand,Dehradun,2025-06-23,2025,06,11.6710207799,NRSC VIC MODEL
Uttarakhand,Haridwar,2025-01-02,2025,01,0,NRSC VIC MODEL
Uttarakhand,Haridwar,2025-01-07,2025,01,0.0020025887,NRSC VIC MODEL
Uttarakhand,Haridwar,2025-01-12,2025,01,5.252570131,NRSC VIC MODEL
Uttarakhand,Haridwar,2025-01-20,2025,01,0,NRSC VIC MODEL
Uttarakhand,Haridwar,2025-01-23,2025,01,0,NRSC VIC MODEL
Uttarakhand,Haridwar,2025-01-22,2025,01,0.1259275555,NRSC VIC MODEL
Uttarakhand,Haridwar,2025-01-31,2025,01,0,NRSC VIC MODEL
Uttarakhand,Haridwar,2025-02-01,2025,02,0,NRSC VIC MODEL
Uttarakhand,Haridwar,2025-02-14,2025,02,0,NRSC VIC MODEL
Uttarakhand,Haridwar,2025-02-18,2025,02,0,NRSC VIC MODEL
Uttarakhand,Haridwar,2025-02-25,2025,02,0.0006729881,NRSC VIC MODEL
Uttarakhand,Haridwar,2025-02-27,2025,02,0.022859958,NRSC VIC MODEL
Uttarakhand,Haridwar,2025-03-06,2025,03,0,NRSC VIC MODEL
Uttarakhand,Haridwar,2025-03-08,2025,03,0,NRSC VIC MODEL
Uttarakhand,Haridwar,2025-03-14,2025,03,1.2311957749,NRSC VIC MODEL
Uttarakhand,Haridwar,2025-03-23,2025,03,0,NRSC VIC MODEL
Uttarakhand,Haridwar,2025-03-19,2025,03,0.0001757403,NRSC VIC MODEL
Uttarakhand,Haridwar,2025-03-24,2025,03,0,NRSC VIC MODEL
Uttarakhand,Haridwar,2025-03-31,2025,03,0,NRSC VIC MODEL
Uttarakhand,Haridwar,2025-04-03,2025,04,0.2014864905,NRSC VIC MODEL
Uttarakhand,Haridwar,2025-04-09,2025,04,0,NRSC VIC MODEL
Uttarakhand,Haridwar,2025-04-13,2025,04,-5.24229e-05,NRSC VIC MODEL
Uttarakhand,Haridwar,2025-04-27,2025,04,0.0033697645,NRSC VIC MODEL
Uttarakhand,Haridwar,2025-04-28,2025,04,0.0028525332,NRSC VIC MODEL
Uttarakhand,Haridwar,2025-05-02,2025,05,2.8360386292,NRSC VIC MODEL
Uttarakhand,Haridwar,2025-05-04,2025,05,0.2070182749,NRSC VIC MODEL
Uttarakhand,Haridwar,2025-05-10,2025,05,0.5112930002,NRSC VIC MODEL
Uttarakhand,Haridwar,2025-05-17,2025,05,0.0678483388,NRSC VIC MODEL
Uttarakhand,Haridwar,2025-05-18,2025,05,0.000699678,NRSC VIC MODEL
Uttarakhand,Haridwar,2025-05-23,2025,05,0.0100420629,NRSC VIC MODEL
Uttarakhand,Haridwar,2025-05-27,2025,05,0.0023075614,NRSC VIC MODEL
Uttarakhand,Haridwar,2025-06-02,2025,06,0.6948062578,NRSC VIC MODEL
Uttarakhand,Haridwar,2025-06-03,2025,06,3.6931604517,NRSC VIC MODEL
Uttarakhand,Haridwar,2025-06-05,2025,06,0.2216489548,NRSC VIC MODEL
Uttarakhand,Haridwar,2025-06-09,2025,06,0,NRSC VIC MODEL
Uttarakhand,Haridwar,2025-06-17,2025,06,2.7179047605,NRSC VIC MODEL
Uttarakhand,Haridwar,2025-06-19,2025,06,3.2801561072,NRSC VIC MODEL
Uttarakhand,Haridwar,2025-06-21,2025,06,10.0592554586,NRSC VIC MODEL
Uttarakhand,Haridwar,2025-06-23,2025,06,13.0993300727,NRSC VIC MODEL
Uttarakhand,Nainital,2025-01-05,2025,01,0,NRSC VIC MODEL
Uttarakhand,Nainital,2025-01-06,2025,01,0,NRSC VIC MODEL
Uttarakhand,Nainital,2025-01-10,2025,01,0,NRSC VIC MODEL
Uttarakhand,Nainital,2025-01-11,2025,01,1.3309369607,NRSC VIC MODEL
Uttarakhand,Nainital,2025-01-18,2025,01,0,NRSC VIC MODEL
Uttarakhand,Nainital,2025-01-21,2025,01,0,NRSC VIC MODEL
Uttarakhand,Nainital,2025-01-25,2025,01,0,NRSC VIC MODEL
Uttarakhand,Nainital,2025-02-01,2025,02,0,NRSC VIC MODEL
Uttarakhand,Nainital,2025-02-02,2025,02,0.0005638906,NRSC VIC MODEL
Uttarakhand,Nainital,2025-02-26,2025,02,0.0121776752,NRSC VIC MODEL
Uttarakhand,Nainital,2025-03-05,2025,03,0.3500027254,NRSC VIC MODEL
Uttarakhand,Nainital,2025-03-08,2025,03,0.0001421066,NRSC VIC MODEL
Uttarakhand,Udam Singh Nagar,2025-01-01,2025,01,0,NRSC VIC MODEL
Uttarakhand,Udam Singh Nagar,2025-01-06,2025,01,0,NRSC VIC MODEL
Uttarakhand,Udam Singh Nagar,2025-01-14,2025,01,0,NRSC VIC MODEL
Uttarakhand,Udam Singh Nagar,2025-01-30,2025,01,0,NRSC VIC MODEL
Uttarakhand,Udam Singh Nagar,2025-02-03,2025,02,0,NRSC VIC MODEL
Uttarakhand,Udam Singh Nagar,2025-02-06,2025,02,0,NRSC VIC MODEL
Uttarakhand,Udam Singh Nagar,2025-02-13,2025,02,0,NRSC VIC MODEL
Uttarakhand,Udam Singh Nagar,2025-02-15,2025,02,0,NRSC VIC MODEL
Uttarakhand,Udam Singh Nagar,2025-02-18,2025,02,0,NRSC VIC MODEL
Uttarakhand,Udam Singh Nagar,2025-03-17,2025,03,0.2981477596,NRSC VIC MODEL
Uttarakhand,Udam Singh Nagar,2025-03-20,2025,03,0,NRSC VIC MODEL
Uttarakhand,Udam Singh Nagar,2025-03-23,2025,03,0.008105156,NRSC VIC MODEL
Uttarakhand,Udam Singh Nagar,2025-03-25,2025,03,0,NRSC VIC MODEL
Uttarakhand,Udam Singh Nagar,2025-03-29,2025,03,5.563e-07,NRSC VIC MODEL
Uttarakhand,Udam Singh Nagar,2025-03-30,2025,03,0.0097964406,NRSC VIC MODEL
Uttarakhand,Udam Singh Nagar,2025-04-01,2025,04,0.0003475407,NRSC VIC MODEL
Uttarakhand,Udam Singh Nagar,2025-04-04,2025,04,0,NRSC VIC MODEL
Uttarakhand,Udam Singh Nagar,2025-04-05,2025,04,0,NRSC VIC MODEL
Uttarakhand,Udam Singh Nagar,2025-04-09,2025,04,0.0044495075,NRSC VIC MODEL
Uttarakhand,Udam Singh Nagar,2025-04-20,2025,04,0,NRSC VIC MODEL
Uttarakhand,Udam Singh Nagar,2025-04-23,2025,04,0,NRSC VIC MODEL
Uttarakhand,Udam Singh Nagar,2025-04-29,2025,04,0,NRSC VIC MODEL
Uttarakhand,Udam Singh Nagar,2025-05-01,2025,05,9.56812e-05,NRSC VIC MODEL
Uttarakhand,Udam Singh Nagar,2025-05-03,2025,05,0.4581190298,NRSC VIC MODEL
Uttarakhand,Udam Singh Nagar,2025-05-09,2025,05,0.0077904084,NRSC VIC MODEL
Uttarakhand,Udam Singh Nagar,2025-05-15,2025,05,0,NRSC VIC MODEL
Uttarakhand,Udam Singh Nagar,2025-05-18,2025,05,0.0204598474,NRSC VIC MODEL
Uttarakhand,Udam Singh Nagar,2025-05-22,2025,05,19.3203952235,NRSC VIC MODEL
Uttarakhand,Udam Singh Nagar,2025-05-24,2025,05,0.5513715793,NRSC VIC MODEL
Uttarakhand,Udam Singh Nagar,2025-05-28,2025,05,0.5122168884,NRSC VIC MODEL
Uttarakhand,Udam Singh Nagar,2025-06-12,2025,06,1.5171450983,NRSC VIC MODEL
Uttarakhand,Udam Singh Nagar,2025-06-24,2025,06,3.5535889311,NRSC VIC MODEL
Uttarakhand,Udam Singh Nagar,2025-06-25,2025,06,13.7782422457,NRSC VIC MODEL
Uttarakhand,Udam Singh Nagar,2025-06-29,2025,06,26.1494607733,NRSC VIC MODEL
Uttarakhand,Uttar Kashi,2025-01-07,2025,01,0.3309203705,NRSC VIC MODEL
Uttarakhand,Uttar Kashi,2025-01-20,2025,01,0,NRSC VIC MODEL
Uttarakhand,Uttar Kashi,2025-01-22,2025,01,1.7813927424,NRSC VIC MODEL
Uttarakhand,Uttar Kashi,2025-01-23,2025,01,0,NRSC VIC MODEL
Uttarakhand,Uttar Kashi,2025-01-25,2025,01,0,NRSC VIC MODEL
Uttarakhand,Uttar Kashi,2025-02-01,2025,02,0,NRSC VIC MODEL
Uttarakhand,Uttar Kashi,2025-02-15,2025,02,2.6255107203,NRSC VIC MODEL
Uttarakhand,Uttar Kashi,2025-02-16,2025,02,0.0590013031,NRSC VIC MODEL
Uttarakhand,Uttar Kashi,2025-02-25,2025,02,0.0879990824,NRSC VIC MODEL
Uttarakhand,Uttar Kashi,2025-03-01,2025,03,2.5575352845,NRSC VIC MODEL
Uttarakhand,Uttar Kashi,2025-03-06,2025,03,0.0255414814,NRSC VIC MODEL
Uttarakhand,Uttar Kashi,2025-03-07,2025,03,0.0105296062,NRSC VIC MODEL
Uttarakhand,Uttar Kashi,2025-03-22,2025,03,0.3222967643,NRSC VIC MODEL
Uttarakhand,Uttar Kashi,2025-03-25,2025,03,0.0756484838,NRSC VIC MODEL
Uttarakhand,Uttar Kashi,2025-03-31,2025,03,0,NRSC VIC MODEL
Uttarakhand,Uttar Kashi,2025-04-01,2025,04,0.0347558967,NRSC VIC MODEL
Uttarakhand,Uttar Kashi,2025-04-05,2025,04,0.0225590359,NRSC VIC MODEL
Uttarakhand,Uttar Kashi,2025-04-06,2025,04,0.0190414687,NRSC VIC MODEL
Uttarakhand,Uttar Kashi,2025-04-10,2025,04,2.9066688566,NRSC VIC MODEL
Uttarakhand,Uttar Kashi,2025-04-13,2025,04,1.2710003823,NRSC VIC MODEL
Uttarakhand,Uttar Kashi,2025-04-19,2025,04,0.5737523473,NRSC VIC MODEL
Uttarakhand,Uttar Kashi,2025-04-21,2025,04,1.6881497179,NRSC VIC MODEL
Uttarakhand,Uttar Kashi,2025-05-06,2025,05,0.6905837308,NRSC VIC MODEL
Uttarakhand,Uttar Kashi,2025-05-17,2025,05,1.316888206,NRSC VIC MODEL
Uttarakhand,Uttar Kashi,2025-05-18,2025,05,0.8634154681,NRSC VIC MODEL
Uttarakhand,Uttar Kashi,2025-05-21,2025,05,1.1810570751,NRSC VIC MODEL
Uttarakhand,Uttar Kashi,2025-05-28,2025,05,4.3971662076,NRSC VIC MODEL
Uttarakhand,Uttar Kashi,2025-06-01,2025,06,0.398731367,NRSC VIC MODEL
Uttarakhand,Uttar Kashi,2025-06-05,2025,06,1.2756736203,NRSC VIC MODEL
Uttarakhand,Uttar Kashi,2025-06-17,2025,06,2.3316605908,NRSC VIC MODEL
Uttarakhand,Uttar Kashi,2025-06-19,2025,06,2.5454134585,NRSC VIC MODEL
Uttarakhand,Nainital,2025-03-21,2025,03,0,NRSC VIC MODEL
Uttarakhand,Nainital,2025-03-27,2025,03,0,NRSC VIC MODEL
Uttarakhand,Nainital,2025-03-30,2025,03,0.0039224568,NRSC VIC MODEL
Uttarakhand,Nainital,2025-03-31,2025,03,0,NRSC VIC MODEL
Uttarakhand,Nainital,2025-04-06,2025,04,0,NRSC VIC MODEL
Uttarakhand,Nainital,2025-04-08,2025,04,0,NRSC VIC MODEL
Uttarakhand,Nainital,2025-04-22,2025,04,0.0001872714,NRSC VIC MODEL
Uttarakhand,Nainital,2025-04-27,2025,04,0.0018191973,NRSC VIC MODEL
Uttarakhand,Nainital,2025-05-06,2025,05,1.7507517048,NRSC VIC MODEL
Uttarakhand,Nainital,2025-05-07,2025,05,0.5288862909,NRSC VIC MODEL
Uttarakhand,Nainital,2025-05-09,2025,05,0.6088444378,NRSC VIC MODEL
Uttarakhand,Nainital,2025-05-22,2025,05,27.1571873023,NRSC VIC MODEL
Uttarakhand,Nainital,2025-05-24,2025,05,0.4090548124,NRSC VIC MODEL
Uttarakhand,Pauri Garhwal,2025-01-04,2025,01,0,NRSC VIC MODEL
Uttarakhand,Pauri Garhwal,2025-01-12,2025,01,2.2905617909,NRSC VIC MODEL
Uttarakhand,Pauri Garhwal,2025-01-20,2025,01,0,NRSC VIC MODEL
Uttarakhand,Pauri Garhwal,2025-01-23,2025,01,0,NRSC VIC MODEL
Uttarakhand,Pauri Garhwal,2025-01-24,2025,01,0,NRSC VIC MODEL
Uttarakhand,Pauri Garhwal,2025-01-29,2025,01,0,NRSC VIC MODEL
Uttarakhand,Pauri Garhwal,2025-02-05,2025,02,0.5677858505,NRSC VIC MODEL
Uttarakhand,Pauri Garhwal,2025-02-06,2025,02,0,NRSC VIC MODEL
Uttarakhand,Pauri Garhwal,2025-02-17,2025,02,0.0203008028,NRSC VIC MODEL
Uttarakhand,Pauri Garhwal,2025-02-24,2025,02,0.0703032849,NRSC VIC MODEL
Uttarakhand,Pauri Garhwal,2025-02-25,2025,02,0.0110433857,NRSC VIC MODEL
Uttarakhand,Pauri Garhwal,2025-02-26,2025,02,0.1412869011,NRSC VIC MODEL
Uttarakhand,Pauri Garhwal,2025-03-04,2025,03,0.4463264143,NRSC VIC MODEL
Uttarakhand,Pauri Garhwal,2025-03-09,2025,03,0.006630183,NRSC VIC MODEL
Uttarakhand,Pauri Garhwal,2025-03-13,2025,03,0.4574115342,NRSC VIC MODEL
Uttarakhand,Pauri Garhwal,2025-03-15,2025,03,1.8424756395,NRSC VIC MODEL
Uttarakhand,Pauri Garhwal,2025-03-19,2025,03,0.0002056058,NRSC VIC MODEL
Uttarakhand,Pauri Garhwal,2025-03-30,2025,03,0.000737418,NRSC VIC MODEL
Uttarakhand,Pauri Garhwal,2025-04-02,2025,04,0,NRSC VIC MODEL
Uttarakhand,Pauri Garhwal,2025-04-24,2025,04,0.0064228127,NRSC VIC MODEL
Uttarakhand,Pauri Garhwal,2025-04-29,2025,04,2.04403e-05,NRSC VIC MODEL
Uttarakhand,Pauri Garhwal,2025-04-30,2025,04,0.2149792818,NRSC VIC MODEL
Uttarakhand,Pauri Garhwal,2025-05-04,2025,05,1.6971670609,NRSC VIC MODEL
Uttarakhand,Pauri Garhwal,2025-05-10,2025,05,0.0716882114,NRSC VIC MODEL
Uttarakhand,Pauri Garhwal,2025-05-16,2025,05,0.7160046221,NRSC VIC MODEL
Uttarakhand,Pauri Garhwal,2025-05-21,2025,05,0.9652186138,NRSC VIC MODEL
Uttarakhand,Pauri Garhwal,2025-06-21,2025,06,1.9864742941,NRSC VIC MODEL
Uttarakhand,Pauri Garhwal,2025-06-26,2025,06,5.4567335922,NRSC VIC MODEL
Uttarakhand,Pauri Garhwal,2025-06-29,2025,06,39.7312741801,NRSC VIC MODEL
Uttarakhand,Pithoragarh,2025-01-02,2025,01,1.1264205419,NRSC VIC MODEL
Uttarakhand,Pithoragarh,2025-01-07,2025,01,0.0259842903,NRSC VIC MODEL
Uttarakhand,Pithoragarh,2025-01-08,2025,01,0,NRSC VIC MODEL
Uttarakhand,Pithoragarh,2025-01-11,2025,01,0.9644571596,NRSC VIC MODEL
Uttarakhand,Pithoragarh,2025-01-12,2025,01,0.5824105941,NRSC VIC MODEL
Uttarakhand,Pithoragarh,2025-01-13,2025,01,5.8406231678,NRSC VIC MODEL
Uttarakhand,Pithoragarh,2025-01-19,2025,01,0.0742222388,NRSC VIC MODEL
Uttarakhand,Pithoragarh,2025-01-24,2025,01,0,NRSC VIC MODEL
Uttarakhand,Pithoragarh,2025-01-30,2025,01,0,NRSC VIC MODEL
Uttarakhand,Pithoragarh,2025-02-01,2025,02,0,NRSC VIC MODEL
Uttarakhand,Pithoragarh,2025-02-13,2025,02,0.0208488598,NRSC VIC MODEL
Uttarakhand,Pithoragarh,2025-02-14,2025,02,0.0334688061,NRSC VIC MODEL
Uttarakhand,Pithoragarh,2025-02-19,2025,02,0.0029483117,NRSC VIC MODEL
Uttarakhand,Pithoragarh,2025-02-21,2025,02,5.8778159033,NRSC VIC MODEL
Uttarakhand,Pithoragarh,2025-02-23,2025,02,0.1507080855,NRSC VIC MODEL
Uttarakhand,Pithoragarh,2025-02-25,2025,02,0.0345034475,NRSC VIC MODEL
Uttarakhand,Pithoragarh,2025-02-28,2025,02,60.9946720646,NRSC VIC MODEL
Uttarakhand,Pithoragarh,2025-03-08,2025,03,0.0534759019,NRSC VIC MODEL
Uttarakhand,Pithoragarh,2025-03-11,2025,03,0.4347463243,NRSC VIC MODEL
Uttarakhand,Pithoragarh,2025-03-16,2025,03,3.8840062075,NRSC VIC MODEL
Uttarakhand,Pithoragarh,2025-03-18,2025,03,0.0534960677,NRSC VIC MODEL
Uttarakhand,Pithoragarh,2025-03-19,2025,03,0.1107276879,NRSC VIC MODEL
Uttarakhand,Pithoragarh,2025-03-26,2025,03,0,NRSC VIC MODEL
Uttarakhand,Pithoragarh,2025-03-27,2025,03,0.1801843066,NRSC VIC MODEL
Uttarakhand,Pithoragarh,2025-03-28,2025,03,0.0046203697,NRSC VIC MODEL
Uttarakhand,Pithoragarh,2025-04-02,2025,04,0,NRSC VIC MODEL
Uttarakhand,Pithoragarh,2025-04-08,2025,04,0.2523979115,NRSC VIC MODEL
Uttarakhand,Pithoragarh,2025-04-10,2025,04,5.0371421764,NRSC VIC MODEL
Uttarakhand,Pithoragarh,2025-04-17,2025,04,0.5979510242,NRSC VIC MODEL
Uttarakhand,Pithoragarh,2025-05-01,2025,05,0.0661367183,NRSC VIC MODEL
Uttarakhand,Pithoragarh,2025-05-02,2025,05,3.0761703035,NRSC VIC MODEL
Uttarakhand,Pithoragarh,2025-05-10,2025,05,1.0370361715,NRSC VIC MODEL
Uttarakhand,Pithoragarh,2025-05-15,2025,05,0.2647574833,NRSC VIC MODEL
Uttarakhand,Pithoragarh,2025-05-17,2025,05,1.6477544734,NRSC VIC MODEL
Uttarakhand,Pithoragarh,2025-05-19,2025,05,5.4880658418,NRSC VIC MODEL
Uttarakhand,Pithoragarh,2025-05-28,2025,05,12.0210870882,NRSC VIC MODEL
Uttarakhand,Pithoragarh,2025-05-30,2025,05,11.5345300646,NRSC VIC MODEL
Uttarakhand,Pithoragarh,2025-05-31,2025,05,11.8432011693,NRSC VIC MODEL
Uttarakhand,Pithoragarh,2025-06-06,2025,06,0.5215986828,NRSC VIC MODEL
Uttarakhand,Pithoragarh,2025-06-07,2025,06,0.0915362971,NRSC VIC MODEL
Uttarakhand,Pithoragarh,2025-06-11,2025,06,9.8428633744,NRSC VIC MODEL
Uttarakhand,Pithoragarh,2025-06-13,2025,06,3.1677924344,NRSC VIC MODEL
Uttarakhand,Pithoragarh,2025-06-20,2025,06,3.3059308222,NRSC VIC MODEL
Uttarakhand,Pithoragarh,2025-06-21,2025,06,1.3482930559,NRSC VIC MODEL
Uttarakhand,Pithoragarh,2025-06-28,2025,06,12.1929645851,NRSC VIC MODEL
Uttarakhand,Rudra Prayag,2025-01-05,2025,01,0,NRSC VIC MODEL
Uttarakhand,Rudra Prayag,2025-01-16,2025,01,3.2187967123,NRSC VIC MODEL
Uttarakhand,Rudra Prayag,2025-01-21,2025,01,0,NRSC VIC MODEL
Uttarakhand,Rudra Prayag,2025-01-22,2025,01,1.044937897,NRSC VIC MODEL
Uttarakhand,Rudra Prayag,2025-01-29,2025,01,0,NRSC VIC MODEL
Uttarakhand,Rudra Prayag,2025-01-30,2025,01,0,NRSC VIC MODEL
Uttarakhand,Rudra Prayag,2025-01-31,2025,01,0.2250446327,NRSC VIC MODEL
Uttarakhand,Rudra Prayag,2025-02-06,2025,02,0,NRSC VIC MODEL
Uttarakhand,Rudra Prayag,2025-02-08,2025,02,0.0990725055,NRSC VIC MODEL
Uttarakhand,Rudra Prayag,2025-02-13,2025,02,0,NRSC VIC MODEL
Uttarakhand,Rudra Prayag,2025-02-26,2025,02,1.1420457471,NRSC VIC MODEL
Uttarakhand,Rudra Prayag,2025-02-27,2025,02,1.1223103405,NRSC VIC MODEL
Uttarakhand,Rudra Prayag,2025-03-06,2025,03,0.0009835982,NRSC VIC MODEL
Uttarakhand,Rudra Prayag,2025-03-14,2025,03,4.2631003981,NRSC VIC MODEL
Uttarakhand,Rudra Prayag,2025-03-23,2025,03,0.2104767669,NRSC VIC MODEL
Uttarakhand,Rudra Prayag,2025-03-19,2025,03,0.0082524196,NRSC VIC MODEL
Uttarakhand,Rudra Prayag,2025-03-29,2025,03,0.0005435939,NRSC VIC MODEL
Uttarakhand,Rudra Prayag,2025-03-30,2025,03,0,NRSC VIC MODEL
Uttarakhand,Rudra Prayag,2025-03-31,2025,03,0,NRSC VIC MODEL
Uttarakhand,Rudra Prayag,2025-04-06,2025,04,0.0004106154,NRSC VIC MODEL
Uttarakhand,Rudra Prayag,2025-04-12,2025,04,4.6267746486,NRSC VIC MODEL
Uttarakhand,Rudra Prayag,2025-04-24,2025,04,0.6987211549,NRSC VIC MODEL
Uttarakhand,Rudra Prayag,2025-04-28,2025,04,0.1447440387,NRSC VIC MODEL
Uttarakhand,Rudra Prayag,2025-05-03,2025,05,0.0050507131,NRSC VIC MODEL
Uttarakhand,Rudra Prayag,2025-05-06,2025,05,1.2635774749,NRSC VIC MODEL
Uttarakhand,Rudra Prayag,2025-05-08,2025,05,0.4168532713,NRSC VIC MODEL
Uttarakhand,Rudra Prayag,2025-05-09,2025,05,4.9467183201,NRSC VIC MODEL
Uttarakhand,Rudra Prayag,2025-05-16,2025,05,3.7022106798,NRSC VIC MODEL
Uttarakhand,Rudra Prayag,2025-05-19,2025,05,2.120791504,NRSC VIC MODEL
Uttarakhand,Rudra Prayag,2025-05-21,2025,05,2.2701919414,NRSC VIC MODEL
Uttarakhand,Rudra Prayag,2025-05-25,2025,05,7.8799187808,NRSC VIC MODEL
Uttarakhand,Rudra Prayag,2025-05-26,2025,05,0.6651228797,NRSC VIC MODEL
Uttarakhand,Rudra Prayag,2025-05-27,2025,05,9.6714423071,NRSC VIC MODEL
Uttarakhand,Rudra Prayag,2025-06-03,2025,06,1.7929192157,NRSC VIC MODEL
Uttarakhand,Rudra Prayag,2025-06-08,2025,06,0.4668460186,NRSC VIC MODEL
Uttarakhand,Rudra Prayag,2025-06-13,2025,06,1.80156286,NRSC VIC MODEL
Uttarakhand,Rudra Prayag,2025-06-14,2025,06,1.9799372856,NRSC VIC MODEL
Uttarakhand,Rudra Prayag,2025-06-18,2025,06,3.2399397491,NRSC VIC MODEL
Uttarakhand,Rudra Prayag,2025-06-20,2025,06,7.5127952328,NRSC VIC MODEL
Uttarakhand,Rudra Prayag,2025-06-23,2025,06,4.2805944476,NRSC VIC MODEL
Uttarakhand,Tehri Garhwal,2025-01-18,2025,01,0,NRSC VIC MODEL
Uttarakhand,Tehri Garhwal,2025-01-25,2025,01,0,NRSC VIC MODEL
Uttarakhand,Tehri Garhwal,2025-01-26,2025,01,0,NRSC VIC MODEL
Uttarakhand,Tehri Garhwal,2025-01-27,2025,01,0,NRSC VIC MODEL
Uttarakhand,Tehri Garhwal,2025-02-05,2025,02,0,NRSC VIC MODEL
Uttarakhand,Tehri Garhwal,2025-02-10,2025,02,0,NRSC VIC MODEL
Uttarakhand,Tehri Garhwal,2025-02-13,2025,02,0,NRSC VIC MODEL
Uttarakhand,Tehri Garhwal,2025-02-14,2025,02,0.004602103,NRSC VIC MODEL
Uttarakhand,Tehri Garhwal,2025-02-16,2025,02,0.4007776186,NRSC VIC MODEL
Uttarakhand,Tehri Garhwal,2025-03-04,2025,03,6.6959212157,NRSC VIC MODEL
Uttarakhand,Tehri Garhwal,2025-03-09,2025,03,0.0045382823,NRSC VIC MODEL
Uttarakhand,Tehri Garhwal,2025-03-13,2025,03,2.3360191007,NRSC VIC MODEL
Uttarakhand,Tehri Garhwal,2025-03-18,2025,03,0.0403903452,NRSC VIC MODEL
Uttarakhand,Tehri Garhwal,2025-03-19,2025,03,0.0074210261,NRSC VIC MODEL
Uttarakhand,Tehri Garhwal,2025-03-28,2025,03,0.1530399818,NRSC VIC MODEL
Uttarakhand,Tehri Garhwal,2025-04-03,2025,04,0.000261323,NRSC VIC MODEL
Uttarakhand,Tehri Garhwal,2025-04-06,2025,04,0.0005635239,NRSC VIC MODEL
Uttarakhand,Tehri Garhwal,2025-04-14,2025,04,0,NRSC VIC MODEL
Uttarakhand,Tehri Garhwal,2025-04-15,2025,04,0.1795636198,NRSC VIC MODEL
Uttarakhand,Tehri Garhwal,2025-04-28,2025,04,0.9308555888,NRSC VIC MODEL
Uttarakhand,Tehri Garhwal,2025-05-02,2025,05,1.7270200055,NRSC VIC MODEL
Uttarakhand,Tehri Garhwal,2025-05-23,2025,05,0.002470182,NRSC VIC MODEL
Uttarakhand,Tehri Garhwal,2025-05-24,2025,05,2.170871344,NRSC VIC MODEL
Uttarakhand,Tehri Garhwal,2025-05-26,2025,05,0.9715468638,NRSC VIC MODEL
Uttarakhand,Tehri Garhwal,2025-05-29,2025,05,3.9551071031,NRSC VIC MODEL
Uttarakhand,Tehri Garhwal,2025-06-07,2025,06,0.07001988,NRSC VIC MODEL
Uttarakhand,Tehri Garhwal,2025-06-09,2025,06,0.321431797,NRSC VIC MODEL
Uttarakhand,Tehri Garhwal,2025-06-13,2025,06,5.921673866,NRSC VIC MODEL
Uttarakhand,Tehri Garhwal,2025-06-14,2025,06,0.8190623451,NRSC VIC MODEL
Uttarakhand,Tehri Garhwal,2025-06-15,2025,06,0.1809333814,NRSC VIC MODEL
Uttarakhand,Tehri Garhwal,2025-06-22,2025,06,0.7427237366,NRSC VIC MODEL
Uttarakhand,Tehri Garhwal,2025-06-23,2025,06,4.5136700101,NRSC VIC MODEL
Uttarakhand,Tehri Garhwal,2025-06-25,2025,06,4.4688040388,NRSC VIC MODEL
Uttarakhand,Almora,2025-01-11,2025,01,1.1877924397,NRSC VIC MODEL
Uttarakhand,Almora,2025-01-20,2025,01,0,NRSC VIC MODEL
Uttarakhand,Almora,2025-02-02,2025,02,8.322e-06,NRSC VIC MODEL
Uttarakhand,Almora,2025-02-04,2025,02,0,NRSC VIC MODEL
Uttarakhand,Almora,2025-02-05,2025,02,0.0082881482,NRSC VIC MODEL
Uttarakhand,Almora,2025-02-09,2025,02,0,NRSC VIC MODEL
Uttarakhand,Almora,2025-02-07,2025,02,0,NRSC VIC MODEL
Uttarakhand,Almora,2025-02-10,2025,02,0,NRSC VIC MODEL
Uttarakhand,Almora,2025-02-21,2025,02,4.4109530811,NRSC VIC MODEL
Uttarakhand,Almora,2025-02-25,2025,02,0.0024801653,NRSC VIC MODEL
Uttarakhand,Almora,2025-03-09,2025,03,0.0752450912,NRSC VIC MODEL
Uttarakhand,Almora,2025-03-10,2025,03,4.99107e-05,NRSC VIC MODEL
Uttarakhand,Almora,2025-03-18,2025,03,0.2097451157,NRSC VIC MODEL
Uttarakhand,Almora,2025-03-20,2025,03,0,NRSC VIC MODEL
Uttarakhand,Almora,2025-03-26,2025,03,0.0011406172,NRSC VIC MODEL
Uttarakhand,Almora,2025-04-04,2025,04,0,NRSC VIC MODEL
Uttarakhand,Almora,2025-04-12,2025,04,1.5713783784,NRSC VIC MODEL
Uttarakhand,Almora,2025-04-16,2025,04,0.0002266471,NRSC VIC MODEL
Uttarakhand,Almora,2025-04-18,2025,04,0,NRSC VIC MODEL
Uttarakhand,Almora,2025-04-29,2025,04,0,NRSC VIC MODEL
Uttarakhand,Almora,2025-05-02,2025,05,1.0218560662,NRSC VIC MODEL
Uttarakhand,Almora,2025-05-03,2025,05,1.2638652941,NRSC VIC MODEL
Uttarakhand,Almora,2025-01-05,2025,01,0,NRSC VIC MODEL
Uttarakhand,Almora,2025-01-17,2025,01,0.8981198257,NRSC VIC MODEL
Uttarakhand,Almora,2025-01-24,2025,01,0,NRSC VIC MODEL
Uttarakhand,Bageshwar,2025-01-28,2025,01,0,NRSC VIC MODEL
Uttarakhand,Bageshwar,2025-01-12,2025,01,2.3869408476,NRSC VIC MODEL
Uttarakhand,Bageshwar,2025-01-22,2025,01,0.3467485724,NRSC VIC MODEL
Uttarakhand,Bageshwar,2025-01-27,2025,01,0,NRSC VIC MODEL
Uttarakhand,Bageshwar,2025-01-10,2025,01,0,NRSC VIC MODEL
Uttarakhand,Bageshwar,2025-01-01,2025,01,0.0662474811,NRSC VIC MODEL
Uttarakhand,Bageshwar,2025-01-31,2025,01,0,NRSC VIC MODEL
Uttarakhand,Bageshwar,2025-01-26,2025,01,0,NRSC VIC MODEL
Uttarakhand,Chamoli,2025-01-08,2025,01,0.0154512387,NRSC VIC MODEL
Uttarakhand,Chamoli,2025-01-21,2025,01,0,NRSC VIC MODEL
Uttarakhand,Chamoli,2025-01-01,2025,01,0.0167985645,NRSC VIC MODEL
Uttarakhand,Chamoli,2025-01-09,2025,01,0.0004098005,NRSC VIC MODEL
Uttarakhand,Champawat,2025-01-01,2025,01,0,NRSC VIC MODEL
Uttarakhand,Champawat,2025-01-28,2025,01,0,NRSC VIC MODEL
Uttarakhand,Dehradun,2025-01-17,2025,01,1.1535146489,NRSC VIC MODEL
Uttarakhand,Dehradun,2025-01-26,2025,01,0,NRSC VIC MODEL
Uttarakhand,Dehradun,2025-01-27,2025,01,0,NRSC VIC MODEL
Uttarakhand,Dehradun,2025-01-25,2025,01,0,NRSC VIC MODEL
Uttarakhand,Haridwar,2025-01-08,2025,01,0,NRSC VIC MODEL
Uttarakhand,Haridwar,2025-01-31,2025,01,0,NRSC VIC MODEL
Uttarakhand,Haridwar,2025-01-02,2025,01,0,NRSC VIC MODEL
Uttarakhand,Haridwar,2025-01-22,2025,01,0.1259275555,NRSC VIC MODEL
Uttarakhand,Haridwar,2025-01-23,2025,01,0,NRSC VIC MODEL
Uttarakhand,Haridwar,2025-01-17,2025,01,0.0458272328,NRSC VIC MODEL
Uttarakhand,Nainital,2025-01-01,2025,01,0.0004321043,NRSC VIC MODEL
Uttarakhand,Nainital,2025-01-07,2025,01,0,NRSC VIC MODEL
Uttarakhand,Pauri Garhwal,2025-01-29,2025,01,0,NRSC VIC MODEL
Uttarakhand,Pauri Garhwal,2025-01-03,2025,01,0.0008460935,NRSC VIC MODEL
Uttarakhand,Pithoragarh,2025-01-12,2025,01,0.5824105941,NRSC VIC MODEL
Uttarakhand,Pithoragarh,2025-01-02,2025,01,1.1264205419,NRSC VIC MODEL
Uttarakhand,Pithoragarh,2025-01-23,2025,01,0,NRSC VIC MODEL
Uttarakhand,Pithoragarh,2025-01-13,2025,01,5.8406231678,NRSC VIC MODEL
Uttarakhand,Pithoragarh,2025-01-10,2025,01,0,NRSC VIC MODEL
Uttarakhand,Pithoragarh,2025-01-06,2025,01,0.1302482478,NRSC VIC MODEL
Uttarakhand,Rudra Prayag,2025-01-08,2025,01,0.2179375074,NRSC VIC MODEL
Uttarakhand,Rudra Prayag,2025-01-13,2025,01,9.2681640307,NRSC VIC MODEL
Uttarakhand,Rudra Prayag,2025-01-09,2025,01,0,NRSC VIC MODEL
Uttarakhand,Rudra Prayag,2025-01-15,2025,01,2.9853886555,NRSC VIC MODEL
Uttarakhand,Rudra Prayag,2025-01-26,2025,01,0,NRSC VIC MODEL
Uttarakhand,Tehri Garhwal,2025-01-08,2025,01,0.0437557471,NRSC VIC MODEL
Uttarakhand,Tehri Garhwal,2025-01-26,2025,01,0,NRSC VIC MODEL
Uttarakhand,Tehri Garhwal,2025-01-09,2025,01,0,NRSC VIC MODEL
Uttarakhand,Tehri Garhwal,2025-01-29,2025,01,0,NRSC VIC MODEL
Uttarakhand,Tehri Garhwal,2025-01-14,2025,01,0.0097006643,NRSC VIC MODEL
Uttarakhand,Tehri Garhwal,2025-01-03,2025,01,0.4714155499,NRSC VIC MODEL
Uttarakhand,Udam Singh Nagar,2025-01-14,2025,01,0,NRSC VIC MODEL
Uttarakhand,Udam Singh Nagar,2025-01-25,2025,01,0,NRSC VIC MODEL
Uttarakhand,Udam Singh Nagar,2025-01-02,2025,01,0,NRSC VIC MODEL
Uttarakhand,Udam Singh Nagar,2025-01-29,2025,01,0,NRSC VIC MODEL
Uttarakhand,Udam Singh Nagar,2025-01-01,2025,01,0,NRSC VIC MODEL
Uttarakhand,Udam Singh Nagar,2025-01-06,2025,01,0,NRSC VIC MODEL
Uttarakhand,Uttar Kashi,2025-01-16,2025,01,3.8201574122,NRSC VIC MODEL
Uttarakhand,Uttar Kashi,2025-01-05,2025,01,0.095675095,NRSC VIC MODEL
Uttarakhand,Uttar Kashi,2025-01-08,2025,01,0.0392261508,NRSC VIC MODEL
Uttarakhand,Uttar Kashi,2025-01-28,2025,01,1.0294e-06,NRSC VIC MODEL
Uttarakhand,Uttar Kashi,2025-01-13,2025,01,10.5718449698,NRSC VIC MODEL
Uttarakhand,Uttar Kashi,2025-01-02,2025,01,0,NRSC VIC MODEL
Uttarakhand,Uttar Kashi,2025-01-27,2025,01,0.0001847703,NRSC VIC MODEL
Uttarakhand,Almora,2025-02-05,2025,02,0.0082881482,NRSC VIC MODEL
Uttarakhand,Almora,2025-02-16,2025,02,0.1093756537,NRSC VIC MODEL
Uttarakhand,Almora,2025-02-24,2025,02,0.3557402298,NRSC VIC MODEL
Uttarakhand,Almora,2025-02-08,2025,02,0,NRSC VIC MODEL
Uttarakhand,Almora,2025-02-07,2025,02,0,NRSC VIC MODEL
Uttarakhand,Almora,2025-02-14,2025,02,0,NRSC VIC MODEL
Uttarakhand,Bageshwar,2025-02-15,2025,02,1.1137126501,NRSC VIC MODEL
Uttarakhand,Bageshwar,2025-02-23,2025,02,0.0824958584,NRSC VIC MODEL
Uttarakhand,Bageshwar,2025-02-17,2025,02,0,NRSC VIC MODEL
Uttarakhand,Bageshwar,2025-02-27,2025,02,0.6601195992,NRSC VIC MODEL
Uttarakhand,Chamoli,2025-02-22,2025,02,0.0295127284,NRSC VIC MODEL
Uttarakhand,Chamoli,2025-02-06,2025,02,0,NRSC VIC MODEL
Uttarakhand,Chamoli,2025-02-13,2025,02,0.0004112928,NRSC VIC MODEL
Uttarakhand,Chamoli,2025-02-20,2025,02,0.2862401003,NRSC VIC MODEL
Uttarakhand,Chamoli,2025-02-16,2025,02,0.5086462793,NRSC VIC MODEL
Uttarakhand,Chamoli,2025-02-21,2025,02,9.4763046742,NRSC VIC MODEL
Uttarakhand,Chamoli,2025-02-05,2025,02,0.0030392473,NRSC VIC MODEL
Uttarakhand,Champawat,2025-02-19,2025,02,0.0007209264,NRSC VIC MODEL
Uttarakhand,Champawat,2025-02-16,2025,02,0.560290136,NRSC VIC MODEL
Uttarakhand,Champawat,2025-02-03,2025,02,0,NRSC VIC MODEL
Uttarakhand,Champawat,2025-02-06,2025,02,0,NRSC VIC MODEL
Uttarakhand,Dehradun,2025-02-07,2025,02,0,NRSC VIC MODEL
Uttarakhand,Dehradun,2025-02-25,2025,02,0.0003787891,NRSC VIC MODEL
Uttarakhand,Dehradun,2025-02-03,2025,02,0,NRSC VIC MODEL
Uttarakhand,Dehradun,2025-02-02,2025,02,0,NRSC VIC MODEL
Uttarakhand,Haridwar,2025-02-01,2025,02,0,NRSC VIC MODEL
Uttarakhand,Haridwar,2025-02-08,2025,02,0,NRSC VIC MODEL
Uttarakhand,Haridwar,2025-02-07,2025,02,0,NRSC VIC MODEL
Uttarakhand,Haridwar,2025-02-05,2025,02,0.0374119243,NRSC VIC MODEL
Uttarakhand,Haridwar,2025-02-02,2025,02,0,NRSC VIC MODEL
Uttarakhand,Nainital,2025-02-28,2025,02,10.9428588537,NRSC VIC MODEL
Uttarakhand,Nainital,2025-02-21,2025,02,2.3036036299,NRSC VIC MODEL
Uttarakhand,Nainital,2025-02-22,2025,02,0.0002871055,NRSC VIC MODEL
Uttarakhand,Nainital,2025-02-27,2025,02,0.3436799419,NRSC VIC MODEL
Uttarakhand,Nainital,2025-02-16,2025,02,0.4697504949,NRSC VIC MODEL
Uttarakhand,Pauri Garhwal,2025-02-15,2025,02,0.0167597008,NRSC VIC MODEL
Uttarakhand,Pauri Garhwal,2025-02-22,2025,02,0.0158103838,NRSC VIC MODEL
Uttarakhand,Pauri Garhwal,2025-02-05,2025,02,0.5677858505,NRSC VIC MODEL
Uttarakhand,Pauri Garhwal,2025-02-24,2025,02,0.0703032849,NRSC VIC MODEL
Uttarakhand,Pauri Garhwal,2025-02-09,2025,02,0,NRSC VIC MODEL
Uttarakhand,Pauri Garhwal,2025-02-23,2025,02,0.0124462199,NRSC VIC MODEL
Uttarakhand,Pithoragarh,2025-02-21,2025,02,5.8778159033,NRSC VIC MODEL
Uttarakhand,Pithoragarh,2025-02-08,2025,02,0.4102389061,NRSC VIC MODEL
Uttarakhand,Pithoragarh,2025-02-06,2025,02,0,NRSC VIC MODEL
Uttarakhand,Rudra Prayag,2025-02-02,2025,02,0,NRSC VIC MODEL
Uttarakhand,Rudra Prayag,2025-02-22,2025,02,0.0541723725,NRSC VIC MODEL
Uttarakhand,Rudra Prayag,2025-02-01,2025,02,0,NRSC VIC MODEL
Uttarakhand,Rudra Prayag,2025-02-27,2025,02,1.1223103405,NRSC VIC MODEL
Uttarakhand,Rudra Prayag,2025-02-25,2025,02,0.0257521657,NRSC VIC MODEL
Uttarakhand,Rudra Prayag,2025-02-19,2025,02,0.002974282,NRSC VIC MODEL
Uttarakhand,Rudra Prayag,2025-02-03,2025,02,0,NRSC VIC MODEL
Uttarakhand,Tehri Garhwal,2025-02-18,2025,02,0,NRSC VIC MODEL
Uttarakhand,Tehri Garhwal,2025-02-23,2025,02,0.0889380196,NRSC VIC MODEL
Uttarakhand,Tehri Garhwal,2025-02-06,2025,02,0,NRSC VIC MODEL
Uttarakhand,Tehri Garhwal,2025-02-24,2025,02,0.3828958857,NRSC VIC MODEL
Uttarakhand,Tehri Garhwal,2025-02-17,2025,02,0,NRSC VIC MODEL
Uttarakhand,Udam Singh Nagar,2025-02-01,2025,02,0,NRSC VIC MODEL
Uttarakhand,Udam Singh Nagar,2025-02-22,2025,02,0,NRSC VIC MODEL
Uttarakhand,Uttar Kashi,2025-02-03,2025,02,0,NRSC VIC MODEL
Uttarakhand,Uttar Kashi,2025-02-01,2025,02,0,NRSC VIC MODEL
Uttarakhand,Uttar Kashi,2025-02-20,2025,02,4.026470161,NRSC VIC MODEL
Uttarakhand,Uttar Kashi,2025-02-09,2025,02,0,NRSC VIC MODEL
Uttarakhand,Uttar Kashi,2025-02-10,2025,02,0,NRSC VIC MODEL
Uttarakhand,Almora,2025-03-27,2025,03,2.21816e-05,NRSC VIC MODEL
Uttarakhand,Almora,2025-03-15,2025,03,1.9993875261,NRSC VIC MODEL
Uttarakhand,Almora,2025-03-20,2025,03,0,NRSC VIC MODEL
Uttarakhand,Almora,2025-03-23,2025,03,0.7738516711,NRSC VIC MODEL
Uttarakhand,Almora,2025-03-14,2025,03,0.6725331021,NRSC VIC MODEL
Uttarakhand,Almora,2025-03-24,2025,03,8.322e-06,NRSC VIC MODEL
Uttarakhand,Almora,2025-03-04,2025,03,0.80225608,NRSC VIC MODEL
Uttarakhand,Almora,2025-03-09,2025,03,0.0752450912,NRSC VIC MODEL
Uttarakhand,Almora,2025-03-17,2025,03,3.7382319773,NRSC VIC MODEL
Uttarakhand,Bageshwar,2025-03-29,2025,03,0.0571257397,NRSC VIC MODEL
Uttarakhand,Bageshwar,2025-03-22,2025,03,0.2626191731,NRSC VIC MODEL
Uttarakhand,Bageshwar,2025-03-04,2025,03,1.9229349963,NRSC VIC MODEL
Uttarakhand,Bageshwar,2025-03-09,2025,03,0.2563886887,NRSC VIC MODEL
Uttarakhand,Chamoli,2025-03-24,2025,03,0,NRSC VIC MODEL
Uttarakhand,Chamoli,2025-03-08,2025,03,0.0391982177,NRSC VIC MODEL
Uttarakhand,Chamoli,2025-03-18,2025,03,0.581113204,NRSC VIC MODEL
Uttarakhand,Chamoli,2025-03-13,2025,03,6.9111136171,NRSC VIC MODEL
Uttarakhand,Chamoli,2025-03-30,2025,03,0.0027026657,NRSC VIC MODEL
Uttarakhand,Champawat,2025-03-06,2025,03,0,NRSC VIC MODEL
Uttarakhand,Champawat,2025-03-12,2025,03,0.0015568691,NRSC VIC MODEL
Uttarakhand,Champawat,2025-03-18,2025,03,0.2841527189,NRSC VIC MODEL
Uttarakhand,Champawat,2025-03-04,2025,03,0.6735445539,NRSC VIC MODEL
Uttarakhand,Dehradun,2025-03-09,2025,03,0,NRSC VIC MODEL
Uttarakhand,Dehradun,2025-03-15,2025,03,4.1330413943,NRSC VIC MODEL
Uttarakhand,Dehradun,2025-03-18,2025,03,0.0005307408,NRSC VIC MODEL
Uttarakhand,Dehradun,2025-03-07,2025,03,0.0001484546,NRSC VIC MODEL
Uttarakhand,Dehradun,2025-03-17,2025,03,1.6560419728,NRSC VIC MODEL
Uttarakhand,Haridwar,2025-03-07,2025,03,0,NRSC VIC MODEL
Uttarakhand,Haridwar,2025-03-21,2025,03,0,NRSC VIC MODEL
Uttarakhand,Haridwar,2025-03-04,2025,03,0.0486666153,NRSC VIC MODEL
Uttarakhand,Haridwar,2025-03-03,2025,03,0,NRSC VIC MODEL
Uttarakhand,Haridwar,2025-03-13,2025,03,0.0929225391,NRSC VIC MODEL
Uttarakhand,Nainital,2025-03-01,2025,03,1.1041324926,NRSC VIC MODEL
Uttarakhand,Nainital,2025-03-04,2025,03,0.3522345284,NRSC VIC MODEL
Uttarakhand,Nainital,2025-03-19,2025,03,0,NRSC VIC MODEL
Uttarakhand,Nainital,2025-03-21,2025,03,0,NRSC VIC MODEL
Uttarakhand,Nainital,2025-03-12,2025,03,0,NRSC VIC MODEL
Uttarakhand,Nainital,2025-03-06,2025,03,4.3383e-06,NRSC VIC MODEL
Uttarakhand,Nainital,2025-03-30,2025,03,0.0039224568,NRSC VIC MODEL
Uttarakhand,Pauri Garhwal,2025-03-22,2025,03,0.0279131386,NRSC VIC MODEL
Uttarakhand,Pauri Garhwal,2025-03-18,2025,03,0.1826132982,NRSC VIC MODEL
Uttarakhand,Pauri Garhwal,2025-03-13,2025,03,0.4574115342,NRSC VIC MODEL
Uttarakhand,Pauri Garhwal,2025-03-16,2025,03,0.5800613951,NRSC VIC MODEL
Uttarakhand,Pauri Garhwal,2025-03-12,2025,03,0,NRSC VIC MODEL
Uttarakhand,Pithoragarh,2025-03-28,2025,03,0.0046203697,NRSC VIC MODEL
Uttarakhand,Pithoragarh,2025-03-30,2025,03,0.0035950189,NRSC VIC MODEL
Uttarakhand,Pithoragarh,2025-03-29,2025,03,0.0002648886,NRSC VIC MODEL
Uttarakhand,Rudra Prayag,2025-03-03,2025,03,6.924e-07,NRSC VIC MODEL
Uttarakhand,Rudra Prayag,2025-03-02,2025,03,0.033001087,NRSC VIC MODEL
Uttarakhand,Rudra Prayag,2025-03-29,2025,03,0.0005435939,NRSC VIC MODEL
Uttarakhand,Rudra Prayag,2025-03-07,2025,03,0.0156942706,NRSC VIC MODEL
Uttarakhand,Rudra Prayag,2025-03-08,2025,03,0.1071737924,NRSC VIC MODEL
Uttarakhand,Rudra Prayag,2025-03-26,2025,03,0,NRSC VIC MODEL
Uttarakhand,Rudra Prayag,2025-03-14,2025,03,4.2631003981,NRSC VIC MODEL
Uttarakhand,Rudra Prayag,2025-03-22,2025,03,0.5503790227,NRSC VIC MODEL
Uttarakhand,Rudra Prayag,2025-03-24,2025,03,0,NRSC VIC MODEL
Uttarakhand,Rudra Prayag,2025-03-18,2025,03,0.0120450885,NRSC VIC MODEL
Uttarakhand,Rudra Prayag,2025-03-10,2025,03,0.0041954106,NRSC VIC MODEL
Uttarakhand,Tehri Garhwal,2025-03-26,2025,03,0,NRSC VIC MODEL
Uttarakhand,Tehri Garhwal,2025-03-08,2025,03,0.1351456451,NRSC VIC MODEL
Uttarakhand,Tehri Garhwal,2025-03-29,2025,03,0.0013849001,NRSC VIC MODEL
Uttarakhand,Tehri Garhwal,2025-03-12,2025,03,1.48789e-05,NRSC VIC MODEL
Uttarakhand,Tehri Garhwal,2025-03-11,2025,03,0.0004035301,NRSC VIC MODEL
Uttarakhand,Tehri Garhwal,2025-03-28,2025,03,0.1530399818,NRSC VIC MODEL
Uttarakhand,Tehri Garhwal,2025-03-27,2025,03,0.1209412175,NRSC VIC MODEL
Uttarakhand,Tehri Garhwal,2025-03-14,2025,03,1.8067731019,NRSC VIC MODEL
Uttarakhand,Udam Singh Nagar,2025-03-26,2025,03,0,NRSC VIC MODEL
Uttarakhand,Udam Singh Nagar,2025-03-20,2025,03,0,NRSC VIC MODEL
Uttarakhand,Udam Singh Nagar,2025-03-24,2025,03,0.0005363987,NRSC VIC MODEL
Uttarakhand,Udam Singh Nagar,2025-03-07,2025,03,0,NRSC VIC MODEL
Uttarakhand,Udam Singh Nagar,2025-03-18,2025,03,9.71603e-05,NRSC VIC MODEL
Uttarakhand,Udam Singh Nagar,2025-03-10,2025,03,0,NRSC VIC MODEL
Uttarakhand,Udam Singh Nagar,2025-03-06,2025,03,0,NRSC VIC MODEL
Uttarakhand,Uttar Kashi,2025-03-30,2025,03,0.0640588925,NRSC VIC MODEL
Uttarakhand,Uttar Kashi,2025-03-18,2025,03,0.0122661774,NRSC VIC MODEL
Uttarakhand,Uttar Kashi,2025-03-17,2025,03,3.114303479,NRSC VIC MODEL
Uttarakhand,Uttar Kashi,2025-03-10,2025,03,0.160400751,NRSC VIC MODEL
Uttarakhand,Uttar Kashi,2025-03-09,2025,03,0.0393382788,NRSC VIC MODEL
Uttarakhand,Uttar Kashi,2025-03-22,2025,03,0.3222967643,NRSC VIC MODEL
Uttarakhand,Almora,2025-04-23,2025,04,0,NRSC VIC MODEL
Uttarakhand,Almora,2025-04-06,2025,04,0,NRSC VIC MODEL
Uttarakhand,Almora,2025-04-24,2025,04,0,NRSC VIC MODEL
Uttarakhand,Almora,2025-04-16,2025,04,0.0002266471,NRSC VIC MODEL
Uttarakhand,Almora,2025-04-10,2025,04,13.5076591326,NRSC VIC MODEL
Uttarakhand,Almora,2025-04-27,2025,04,0.0091438493,NRSC VIC MODEL
Uttarakhand,Almora,2025-04-04,2025,04,0,NRSC VIC MODEL
Uttarakhand,Bageshwar,2025-04-18,2025,04,0.4162476945,NRSC VIC MODEL
Uttarakhand,Bageshwar,2025-04-22,2025,04,0,NRSC VIC MODEL
Uttarakhand,Bageshwar,2025-04-28,2025,04,0,NRSC VIC MODEL
Uttarakhand,Bageshwar,2025-04-19,2025,04,0.5237701586,NRSC VIC MODEL
Uttarakhand,Bageshwar,2025-04-11,2025,04,9.0770765896,NRSC VIC MODEL
Uttarakhand,Bageshwar,2025-04-29,2025,04,0.0090972247,NRSC VIC MODEL
Uttarakhand,Bageshwar,2025-04-30,2025,04,0.0045593586,NRSC VIC MODEL
Uttarakhand,Bageshwar,2025-04-08,2025,04,0.4088084237,NRSC VIC MODEL
Uttarakhand,Bageshwar,2025-04-23,2025,04,0.026088649,NRSC VIC MODEL
Uttarakhand,Chamoli,2025-04-02,2025,04,9.63225e-05,NRSC VIC MODEL
Uttarakhand,Chamoli,2025-04-29,2025,04,0.0433057424,NRSC VIC MODEL
Uttarakhand,Chamoli,2025-04-30,2025,04,0.3434580215,NRSC VIC MODEL
Uttarakhand,Chamoli,2025-04-06,2025,04,0.0348239225,NRSC VIC MODEL
Uttarakhand,Chamoli,2025-04-08,2025,04,0.4249353285,NRSC VIC MODEL
Uttarakhand,Chamoli,2025-04-09,2025,04,2.7157129379,NRSC VIC MODEL
Uttarakhand,Chamoli,2025-04-19,2025,04,0.8683726007,NRSC VIC MODEL
Uttarakhand,Chamoli,2025-04-14,2025,04,0.6469869686,NRSC VIC MODEL
Uttarakhand,Chamoli,2025-04-25,2025,04,0.1050217366,NRSC VIC MODEL
Uttarakhand,Chamoli,2025-04-10,2025,04,6.7185049718,NRSC VIC MODEL
Uttarakhand,Chamoli,2025-04-05,2025,04,0.01915746,NRSC VIC MODEL
Uttarakhand,Chamoli,2025-04-16,2025,04,0.1520211178,NRSC VIC MODEL
Uttarakhand,Champawat,2025-04-11,2025,04,5.3854970298,NRSC VIC MODEL
Uttarakhand,Champawat,2025-04-19,2025,04,0,NRSC VIC MODEL
Uttarakhand,Champawat,2025-04-04,2025,04,0,NRSC VIC MODEL
Uttarakhand,Champawat,2025-04-26,2025,04,0,NRSC VIC MODEL
Uttarakhand,Champawat,2025-04-28,2025,04,0,NRSC VIC MODEL
Uttarakhand,Champawat,2025-04-16,2025,04,0.0002549036,NRSC VIC MODEL
Uttarakhand,Champawat,2025-04-08,2025,04,0,NRSC VIC MODEL
Uttarakhand,Champawat,2025-04-12,2025,04,1.2478278497,NRSC VIC MODEL
Uttarakhand,Dehradun,2025-04-07,2025,04,0,NRSC VIC MODEL
Uttarakhand,Dehradun,2025-04-04,2025,04,0,NRSC VIC MODEL
Uttarakhand,Dehradun,2025-04-01,2025,04,0,NRSC VIC MODEL
Uttarakhand,Dehradun,2025-04-24,2025,04,4.7479e-05,NRSC VIC MODEL
Uttarakhand,Dehradun,2025-04-27,2025,04,0.016616743,NRSC VIC MODEL
Uttarakhand,Dehradun,2025-04-26,2025,04,0,NRSC VIC MODEL
Uttarakhand,Haridwar,2025-04-02,2025,04,0,NRSC VIC MODEL
Uttarakhand,Haridwar,2025-04-19,2025,04,0,NRSC VIC MODEL
Uttarakhand,Haridwar,2025-04-04,2025,04,0,NRSC VIC MODEL
Uttarakhand,Haridwar,2025-04-20,2025,04,0,NRSC VIC MODEL
Uttarakhand,Haridwar,2025-04-22,2025,04,0.0028808787,NRSC VIC MODEL
Uttarakhand,Haridwar,2025-04-24,2025,04,0,NRSC VIC MODEL
Uttarakhand,Haridwar,2025-04-16,2025,04,0,NRSC VIC MODEL
Uttarakhand,Haridwar,2025-04-18,2025,04,0,NRSC VIC MODEL
Uttarakhand,Nainital,2025-04-21,2025,04,0.0063405201,NRSC VIC MODEL
Uttarakhand,Nainital,2025-04-17,2025,04,0.5615056489,NRSC VIC MODEL
Uttarakhand,Nainital,2025-04-18,2025,04,0.0133172629,NRSC VIC MODEL
Uttarakhand,Nainital,2025-04-19,2025,04,0,NRSC VIC MODEL
Uttarakhand,Nainital,2025-04-01,2025,04,0.0001825972,NRSC VIC MODEL
Uttarakhand,Pauri Garhwal,2025-04-07,2025,04,0,NRSC VIC MODEL
Uttarakhand,Pauri Garhwal,2025-04-15,2025,04,0.0046711025,NRSC VIC MODEL
Uttarakhand,Pauri Garhwal,2025-04-21,2025,04,1.7140353484,NRSC VIC MODEL
Uttarakhand,Pauri Garhwal,2025-04-10,2025,04,4.9198766925,NRSC VIC MODEL
Uttarakhand,Pauri Garhwal,2025-04-08,2025,04,0,NRSC VIC MODEL
Uttarakhand,Pithoragarh,2025-04-02,2025,04,0,NRSC VIC MODEL
Uttarakhand,Pithoragarh,2025-04-19,2025,04,0.7266146389,NRSC VIC MODEL
Uttarakhand,Pithoragarh,2025-04-20,2025,04,0.3474896543,NRSC VIC MODEL
Uttarakhand,Pithoragarh,2025-04-09,2025,04,2.7748299197,NRSC VIC MODEL
Uttarakhand,Pithoragarh,2025-04-11,2025,04,7.9413455974,NRSC VIC MODEL
Uttarakhand,Pithoragarh,2025-04-24,2025,04,0.0793798192,NRSC VIC MODEL
Uttarakhand,Pithoragarh,2025-04-04,2025,04,0,NRSC VIC MODEL
Uttarakhand,Rudra Prayag,2025-04-05,2025,04,0.0170759834,NRSC VIC MODEL
Uttarakhand,Rudra Prayag,2025-04-06,2025,04,0.0004106154,NRSC VIC MODEL
Uttarakhand,Rudra Prayag,2025-04-21,2025,04,1.1557928238,NRSC VIC MODEL
Uttarakhand,Rudra Prayag,2025-04-28,2025,04,0.1447440387,NRSC VIC MODEL
Uttarakhand,Tehri Garhwal,2025-04-05,2025,04,0,NRSC VIC MODEL
Uttarakhand,Tehri Garhwal,2025-04-10,2025,04,6.1482281441,NRSC VIC MODEL
Uttarakhand,Tehri Garhwal,2025-04-03,2025,04,0.000261323,NRSC VIC MODEL
Uttarakhand,Tehri Garhwal,2025-04-13,2025,04,0.3890113812,NRSC VIC MODEL
Uttarakhand,Tehri Garhwal,2025-04-11,2025,04,8.6848763265,NRSC VIC MODEL
Uttarakhand,Tehri Garhwal,2025-04-09,2025,04,0.4992544168,NRSC VIC MODEL
Uttarakhand,Tehri Garhwal,2025-04-28,2025,04,0.9308555888,NRSC VIC MODEL
Uttarakhand,Tehri Garhwal,2025-04-18,2025,04,0.0221442055,NRSC VIC MODEL
Uttarakhand,Udam Singh Nagar,2025-04-11,2025,04,2.3426357972,NRSC VIC MODEL
Uttarakhand,Udam Singh Nagar,2025-04-01,2025,04,0.0003475407,NRSC VIC MODEL
Uttarakhand,Udam Singh Nagar,2025-04-20,2025,04,0,NRSC VIC MODEL
Uttarakhand,Udam Singh Nagar,2025-04-06,2025,04,0,NRSC VIC MODEL
Uttarakhand,Udam Singh Nagar,2025-04-14,2025,04,0,NRSC VIC MODEL
Uttarakhand,Udam Singh Nagar,2025-04-08,2025,04,0,NRSC VIC MODEL
Uttarakhand,Uttar Kashi,2025-04-23,2025,04,0.0059662518,NRSC VIC MODEL
Uttarakhand,Uttar Kashi,2025-04-17,2025,04,0.1402096599,NRSC VIC MODEL
Uttarakhand,Uttar Kashi,2025-04-02,2025,04,0.0112294404,NRSC VIC MODEL
Uttarakhand,Uttar Kashi,2025-04-25,2025,04,0.0359170197,NRSC VIC MODEL
Uttarakhand,Uttar Kashi,2025-04-03,2025,04,0,NRSC VIC MODEL
Uttarakhand,Uttar Kashi,2025-04-05,2025,04,0.0225590359,NRSC VIC MODEL
Uttarakhand,Almora,2025-05-01,2025,05,0.0003264685,NRSC VIC MODEL
Uttarakhand,Almora,2025-05-09,2025,05,1.4590445702,NRSC VIC MODEL
Uttarakhand,Almora,2025-05-24,2025,05,0.0796127658,NRSC VIC MODEL
Uttarakhand,Almora,2025-05-28,2025,05,0.4851141594,NRSC VIC MODEL
Uttarakhand,Almora,2025-05-08,2025,05,3.5668188006,NRSC VIC MODEL
Uttarakhand,Almora,2025-05-21,2025,05,0.136744669,NRSC VIC MODEL
Uttarakhand,Almora,2025-05-06,2025,05,0.846469999,NRSC VIC MODEL
Uttarakhand,Bageshwar,2025-05-07,2025,05,1.6206636228,NRSC VIC MODEL
Uttarakhand,Bageshwar,2025-05-23,2025,05,0.4355613713,NRSC VIC MODEL
Uttarakhand,Bageshwar,2025-05-24,2025,05,3.4941095355,NRSC VIC MODEL
Uttarakhand,Chamoli,2025-05-23,2025,05,0.1951836104,NRSC VIC MODEL
Uttarakhand,Chamoli,2025-05-15,2025,05,0.1415314636,NRSC VIC MODEL
Uttarakhand,Champawat,2025-05-23,2025,05,0.0002330114,NRSC VIC MODEL
Uttarakhand,Champawat,2025-05-06,2025,05,0.9145357234,NRSC VIC MODEL
Uttarakhand,Champawat,2025-05-28,2025,05,4.4118424224,NRSC VIC MODEL
Uttarakhand,Champawat,2025-05-01,2025,05,0.0055900438,NRSC VIC MODEL
Uttarakhand,Dehradun,2025-05-23,2025,05,0.0001721941,NRSC VIC MODEL
Uttarakhand,Dehradun,2025-05-04,2025,05,1.9407433553,NRSC VIC MODEL
Uttarakhand,Dehradun,2025-05-17,2025,05,1.1192252221,NRSC VIC MODEL
Uttarakhand,Dehradun,2025-05-07,2025,05,13.1253562204,NRSC VIC MODEL
Uttarakhand,Dehradun,2025-05-06,2025,05,1.885313456,NRSC VIC MODEL
Uttarakhand,Dehradun,2025-05-03,2025,05,11.3931199925,NRSC VIC MODEL
Uttarakhand,Dehradun,2025-05-19,2025,05,0.8212080196,NRSC VIC MODEL
Uttarakhand,Dehradun,2025-05-02,2025,05,4.7016789436,NRSC VIC MODEL
Uttarakhand,Haridwar,2025-05-06,2025,05,0.2122599493,NRSC VIC MODEL
Uttarakhand,Haridwar,2025-05-23,2025,05,0.0100420629,NRSC VIC MODEL
Uttarakhand,Haridwar,2025-05-02,2025,05,2.8360386292,NRSC VIC MODEL
Uttarakhand,Haridwar,2025-05-08,2025,05,0.3953793197,NRSC VIC MODEL
Uttarakhand,Haridwar,2025-05-17,2025,05,0.0678483388,NRSC VIC MODEL
Uttarakhand,Haridwar,2025-05-10,2025,05,0.5112930002,NRSC VIC MODEL
Uttarakhand,Haridwar,2025-05-20,2025,05,0.003578113,NRSC VIC MODEL
Uttarakhand,Haridwar,2025-05-31,2025,05,0.2862404663,NRSC VIC MODEL
Uttarakhand,Haridwar,2025-05-05,2025,05,5.1474970418,NRSC VIC MODEL
Uttarakhand,Nainital,2025-05-22,2025,05,27.1571873023,NRSC VIC MODEL
Uttarakhand,Nainital,2025-05-03,2025,05,0.9896261244,NRSC VIC MODEL
Uttarakhand,Nainital,2025-05-16,2025,05,1.8815248908,NRSC VIC MODEL
Uttarakhand,Nainital,2025-05-05,2025,05,11.2251678215,NRSC VIC MODEL
Uttarakhand,Nainital,2025-05-26,2025,05,5.192970034,NRSC VIC MODEL
Uttarakhand,Nainital,2025-05-28,2025,05,3.345761352,NRSC VIC MODEL
Uttarakhand,Pauri Garhwal,2025-05-05,2025,05,16.7630684776,NRSC VIC MODEL
Uttarakhand,Pauri Garhwal,2025-05-08,2025,05,1.4332105847,NRSC VIC MODEL
Uttarakhand,Rudra Prayag,2025-05-07,2025,05,7.3674022634,NRSC VIC MODEL
Uttarakhand,Rudra Prayag,2025-05-19,2025,05,2.120791504,NRSC VIC MODEL
Uttarakhand,Rudra Prayag,2025-05-30,2025,05,4.1187398905,NRSC VIC MODEL
Uttarakhand,Rudra Prayag,2025-05-27,2025,05,9.6714423071,NRSC VIC MODEL
Uttarakhand,Rudra Prayag,2025-05-28,2025,05,8.5108979844,NRSC VIC MODEL
Uttarakhand,Rudra Prayag,2025-05-26,2025,05,0.6651228797,NRSC VIC MODEL
Uttarakhand,Tehri Garhwal,2025-05-05,2025,05,17.4069870869,NRSC VIC MODEL
Uttarakhand,Tehri Garhwal,2025-05-19,2025,05,4.4602655785,NRSC VIC MODEL
Uttarakhand,Tehri Garhwal,2025-05-07,2025,05,11.387035915,NRSC VIC MODEL
Uttarakhand,Tehri Garhwal,2025-05-26,2025,05,0.9715468638,NRSC VIC MODEL
Uttarakhand,Tehri Garhwal,2025-05-21,2025,05,6.5319140396,NRSC VIC MODEL
Uttarakhand,Udam Singh Nagar,2025-05-25,2025,05,5.6036586128,NRSC VIC MODEL
Uttarakhand,Udam Singh Nagar,2025-05-01,2025,05,9.56812e-05,NRSC VIC MODEL
Uttarakhand,Udam Singh Nagar,2025-05-21,2025,05,3.4359271783,NRSC VIC MODEL
Uttarakhand,Udam Singh Nagar,2025-05-17,2025,05,2.727006676,NRSC VIC MODEL
Uttarakhand,Uttar Kashi,2025-05-07,2025,05,3.8591862463,NRSC VIC MODEL
Uttarakhand,Uttar Kashi,2025-05-22,2025,05,4.5869801651,NRSC VIC MODEL
Uttarakhand,Almora,2025-06-14,2025,06,16.5686128165,NRSC VIC MODEL
Uttarakhand,Almora,2025-06-17,2025,06,0.4001636718,NRSC VIC MODEL
Uttarakhand,Almora,2025-06-15,2025,06,4.3549556502,NRSC VIC MODEL
Uttarakhand,Almora,2025-06-10,2025,06,6.44149e-05,NRSC VIC MODEL
Uttarakhand,Almora,2025-06-27,2025,06,2.1146726841,NRSC VIC MODEL
Uttarakhand,Almora,2025-06-02,2025,06,0.1038725382,NRSC VIC MODEL
Uttarakhand,Almora,2025-06-03,2025,06,21.1411235609,NRSC VIC MODEL
Uttarakhand,Almora,2025-06-29,2025,06,17.1916834945,NRSC VIC MODEL
Uttarakhand,Almora,2025-06-08,2025,06,7.20923e-05,NRSC VIC MODEL
Uttarakhand,Bageshwar,2025-06-01,2025,06,0.1189501002,NRSC VIC MODEL
Uttarakhand,Bageshwar,2025-06-25,2025,06,15.7402888227,NRSC VIC MODEL
Uttarakhand,Bageshwar,2025-06-08,2025,06,0.7094981214,NRSC VIC MODEL
Uttarakhand,Chamoli,2025-06-15,2025,06,3.740840429,NRSC VIC MODEL
Uttarakhand,Chamoli,2025-06-29,2025,06,23.3329171493,NRSC VIC MODEL
Uttarakhand,Chamoli,2025-06-22,2025,06,4.0952762453,NRSC VIC MODEL
Uttarakhand,Champawat,2025-06-25,2025,06,5.4476551433,NRSC VIC MODEL
Uttarakhand,Champawat,2025-06-29,2025,06,15.4645344156,NRSC VIC MODEL
Uttarakhand,Champawat,2025-06-30,2025,06,31.3229081448,NRSC VIC MODEL
Uttarakhand,Champawat,2025-06-16,2025,06,20.7195204451,NRSC VIC MODEL
Uttarakhand,Champawat,2025-06-03,2025,06,6.5302436856,NRSC VIC MODEL
Uttarakhand,Champawat,2025-06-13,2025,06,10.3472082545,NRSC VIC MODEL
Uttarakhand,Dehradun,2025-06-04,2025,06,14.7198441255,NRSC VIC MODEL
Uttarakhand,Dehradun,2025-06-09,2025,06,0.0001838845,NRSC VIC MODEL
Uttarakhand,Dehradun,2025-06-18,2025,06,3.4928930071,NRSC VIC MODEL
Uttarakhand,Dehradun,2025-06-13,2025,06,5.8683213952,NRSC VIC MODEL
Uttarakhand,Dehradun,2025-06-28,2025,06,39.0311265693,NRSC VIC MODEL
Uttarakhand,Dehradun,2025-06-11,2025,06,0,NRSC VIC MODEL
Uttarakhand,Dehradun,2025-06-23,2025,06,11.6710207799,NRSC VIC MODEL
Uttarakhand,Dehradun,2025-06-02,2025,06,4.3409144907,NRSC VIC MODEL
Uttarakhand,Haridwar,2025-06-06,2025,06,0.0010888483,NRSC VIC MODEL
Uttarakhand,Haridwar,2025-06-30,2025,06,38.0728608576,NRSC VIC MODEL
Uttarakhand,Haridwar,2025-06-11,2025,06,0,NRSC VIC MODEL
Uttarakhand,Haridwar,2025-06-07,2025,06,0,NRSC VIC MODEL
Uttarakhand,Haridwar,2025-06-05,2025,06,0.2216489548,NRSC VIC MODEL
Uttarakhand,Haridwar,2025-06-28,2025,06,30.7070788023,NRSC VIC MODEL
Uttarakhand,Haridwar,2025-06-02,2025,06,0.6948062578,NRSC VIC MODEL
Uttarakhand,Haridwar,2025-06-23,2025,06,13.0993300727,NRSC VIC MODEL
Uttarakhand,Haridwar,2025-06-17,2025,06,2.7179047605,NRSC VIC MODEL
Uttarakhand,Nainital,2025-06-21,2025,06,0.5569951976,NRSC VIC MODEL
Uttarakhand,Nainital,2025-06-23,2025,06,12.5091294573,NRSC VIC MODEL
Uttarakhand,Nainital,2025-06-18,2025,06,24.5096848211,NRSC VIC MODEL
Uttarakhand,Nainital,2025-06-27,2025,06,0.6445258084,NRSC VIC MODEL
Uttarakhand,Pauri Garhwal,2025-06-08,2025,06,0.000121573,NRSC VIC MODEL
Uttarakhand,Pauri Garhwal,2025-06-15,2025,06,2.4542825043,NRSC VIC MODEL
Uttarakhand,Pithoragarh,2025-06-28,2025,06,12.1929645851,NRSC VIC MODEL
Uttarakhand,Pithoragarh,2025-06-29,2025,06,6.6515732129,NRSC VIC MODEL
Uttarakhand,Pithoragarh,2025-06-02,2025,06,0.5118452191,NRSC VIC MODEL
Uttarakhand,Pithoragarh,2025-06-20,2025,06,3.3059308222,NRSC VIC MODEL
Uttarakhand,Rudra Prayag,2025-06-02,2025,06,0.2670152959,NRSC VIC MODEL
Uttarakhand,Rudra Prayag,2025-06-03,2025,06,1.7929192157,NRSC VIC MODEL
Uttarakhand,Rudra Prayag,2025-06-24,2025,06,20.2844201283,NRSC VIC MODEL
Uttarakhand,Tehri Garhwal,2025-06-28,2025,06,29.4225367861,NRSC VIC MODEL
Uttarakhand,Tehri Garhwal,2025-06-17,2025,06,2.9777194016,NRSC VIC MODEL
Uttarakhand,Tehri Garhwal,2025-06-18,2025,06,3.6262073481,NRSC VIC MODEL
Uttarakhand,Tehri Garhwal,2025-06-24,2025,06,3.859151906,NRSC VIC MODEL
Uttarakhand,Tehri Garhwal,2025-06-27,2025,06,11.3943600941,NRSC VIC MODEL
Uttarakhand,Tehri Garhwal,2025-06-15,2025,06,0.1809333814,NRSC VIC MODEL
Uttarakhand,Tehri Garhwal,2025-06-16,2025,06,15.1108658053,NRSC VIC MODEL
Uttarakhand,Udam Singh Nagar,2025-06-30,2025,06,30.7858654872,NRSC VIC MODEL
Uttarakhand,Udam Singh Nagar,2025-06-26,2025,06,10.4954013635,NRSC VIC MODEL
Uttarakhand,Udam Singh Nagar,2025-06-17,2025,06,0.6932062252,NRSC VIC MODEL
Uttarakhand,Udam Singh Nagar,2025-06-27,2025,06,0.2662820974,NRSC VIC MODEL
Uttarakhand,Udam Singh Nagar,2025-06-06,2025,06,0.7867989904,NRSC VIC MODEL
Uttarakhand,Uttar Kashi,2025-06-24,2025,06,0.0571573143,NRSC VIC MODEL
Uttarakhand,Uttar Kashi,2025-06-10,2025,06,0.5251544163,NRSC VIC MODEL
Uttarakhand,Uttar Kashi,2025-06-07,2025,06,0.1556315109,NRSC VIC MODEL
Uttarakhand,Uttar Kashi,2025-06-25,2025,06,0.4755630945,NRSC VIC MODEL
Uttarakhand,Uttar Kashi,2025-06-09,2025,06,1.4345703345,NRSC VIC MODEL
Uttarakhand,Uttar Kashi,2025-06-08,2025,06,0.1463515947,NRSC VIC MODEL
Uttarakhand,Uttar Kashi,2025-06-27,2025,06,6.849250736,NRSC VIC MODEL
Uttarakhand,Uttar Kashi,2025-06-29,2025,06,13.5645363189,NRSC VIC MODEL
Uttarakhand,Uttar Kashi,2025-06-26,2025,06,22.6329487072,NRSC VIC MODEL
Uttarakhand,Uttar Kashi,2025-06-23,2025,06,2.5149089237,NRSC VIC MODEL
Uttarakhand,Uttar Kashi,2025-06-20,2025,06,4.3673596496,NRSC VIC MODEL
Uttarakhand,Pithoragarh,2025-01-28,2025,01,0,NRSC VIC MODEL
Uttarakhand,Pithoragarh,2025-02-08,2025,02,0.4102389061,NRSC VIC MODEL
Uttarakhand,Pithoragarh,2025-02-07,2025,02,0,NRSC VIC MODEL
Uttarakhand,Pithoragarh,2025-02-15,2025,02,2.247610276,NRSC VIC MODEL
Uttarakhand,Pithoragarh,2025-02-16,2025,02,0.6014609736,NRSC VIC MODEL
Uttarakhand,Pithoragarh,2025-02-20,2025,02,0,NRSC VIC MODEL
Uttarakhand,Pithoragarh,2025-02-22,2025,02,0.0505763661,NRSC VIC MODEL
Uttarakhand,Pithoragarh,2025-02-24,2025,02,0.0264052749,NRSC VIC MODEL
Uttarakhand,Pithoragarh,2025-03-02,2025,03,0.0910263794,NRSC VIC MODEL
Uttarakhand,Pithoragarh,2025-03-04,2025,03,1.3223086484,NRSC VIC MODEL
Uttarakhand,Pithoragarh,2025-03-05,2025,03,0.0831623809,NRSC VIC MODEL
Uttarakhand,Pithoragarh,2025-03-30,2025,03,0.0035950189,NRSC VIC MODEL
Uttarakhand,Pithoragarh,2025-03-31,2025,03,0.0049940685,NRSC VIC MODEL
Uttarakhand,Pithoragarh,2025-04-04,2025,04,0,NRSC VIC MODEL
Uttarakhand,Pithoragarh,2025-04-15,2025,04,0.1563902952,NRSC VIC MODEL
Uttarakhand,Pithoragarh,2025-04-21,2025,04,0.5658499124,NRSC VIC MODEL
Uttarakhand,Pithoragarh,2025-04-23,2025,04,0.084341367,NRSC VIC MODEL
Uttarakhand,Pithoragarh,2025-04-24,2025,04,0.0793798192,NRSC VIC MODEL
Uttarakhand,Pithoragarh,2025-04-29,2025,04,0.0230659207,NRSC VIC MODEL
Uttarakhand,Pithoragarh,2025-05-04,2025,05,1.8409126954,NRSC VIC MODEL
Uttarakhand,Pithoragarh,2025-05-20,2025,05,4.8337497885,NRSC VIC MODEL
Uttarakhand,Pithoragarh,2025-05-23,2025,05,0.0673403959,NRSC VIC MODEL
Uttarakhand,Pithoragarh,2025-06-03,2025,06,3.6380698023,NRSC VIC MODEL
Uttarakhand,Pithoragarh,2025-06-05,2025,06,1.5380480941,NRSC VIC MODEL
Uttarakhand,Pithoragarh,2025-06-08,2025,06,0.2395306308,NRSC VIC MODEL
Uttarakhand,Pithoragarh,2025-06-16,2025,06,1.331046383,NRSC VIC MODEL
Uttarakhand,Pithoragarh,2025-06-22,2025,06,2.8328833103,NRSC VIC MODEL
Uttarakhand,Pithoragarh,2025-06-27,2025,06,2.7776534579,NRSC VIC MODEL
Uttarakhand,Pithoragarh,2025-06-29,2025,06,6.6515732129,NRSC VIC MODEL
Uttarakhand,Rudra Prayag,2025-01-10,2025,01,0,NRSC VIC MODEL
Uttarakhand,Rudra Prayag,2025-01-11,2025,01,2.0094024752,NRSC VIC MODEL
Uttarakhand,Rudra Prayag,2025-01-13,2025,01,9.2681640307,NRSC VIC MODEL
Uttarakhand,Rudra Prayag,2025-01-15,2025,01,2.9853886555,NRSC VIC MODEL
Uttarakhand,Rudra Prayag,2025-01-19,2025,01,0,NRSC VIC MODEL
Uttarakhand,Rudra Prayag,2025-01-24,2025,01,0,NRSC VIC MODEL
Uttarakhand,Rudra Prayag,2025-01-25,2025,01,0,NRSC VIC MODEL
Uttarakhand,Rudra Prayag,2025-01-28,2025,01,0,NRSC VIC MODEL
Uttarakhand,Rudra Prayag,2025-02-02,2025,02,0,NRSC VIC MODEL
Uttarakhand,Rudra Prayag,2025-02-03,2025,02,0,NRSC VIC MODEL
Uttarakhand,Rudra Prayag,2025-02-04,2025,02,0,NRSC VIC MODEL
Uttarakhand,Rudra Prayag,2025-02-05,2025,02,0,NRSC VIC MODEL
Uttarakhand,Rudra Prayag,2025-02-10,2025,02,0,NRSC VIC MODEL
Uttarakhand,Rudra Prayag,2025-02-23,2025,02,0.0492301835,NRSC VIC MODEL
Uttarakhand,Rudra Prayag,2025-03-02,2025,03,0.033001087,NRSC VIC MODEL
Uttarakhand,Rudra Prayag,2025-03-10,2025,03,0.0041954106,NRSC VIC MODEL
Uttarakhand,Rudra Prayag,2025-03-26,2025,03,0,NRSC VIC MODEL
Uttarakhand,Rudra Prayag,2025-04-10,2025,04,7.168778474,NRSC VIC MODEL
Uttarakhand,Rudra Prayag,2025-04-11,2025,04,12.2776281837,NRSC VIC MODEL
Uttarakhand,Rudra Prayag,2025-04-17,2025,04,0.7419006877,NRSC VIC MODEL
Uttarakhand,Rudra Prayag,2025-04-18,2025,04,0.7627432177,NRSC VIC MODEL
Uttarakhand,Rudra Prayag,2025-04-22,2025,04,0,NRSC VIC MODEL
Uttarakhand,Rudra Prayag,2025-04-25,2025,04,0.0536642665,NRSC VIC MODEL
Uttarakhand,Rudra Prayag,2025-04-26,2025,04,0,NRSC VIC MODEL
Uttarakhand,Rudra Prayag,2025-05-04,2025,05,13.8788513241,NRSC VIC MODEL
Uttarakhand,Rudra Prayag,2025-05-15,2025,05,0.1035896817,NRSC VIC MODEL
Uttarakhand,Rudra Prayag,2025-05-24,2025,05,3.2998072302,NRSC VIC MODEL
Uttarakhand,Rudra Prayag,2025-06-12,2025,06,10.0002405624,NRSC VIC MODEL
Uttarakhand,Rudra Prayag,2025-06-25,2025,06,13.8363254835,NRSC VIC MODEL
Uttarakhand,Tehri Garhwal,2025-01-03,2025,01,0.4714155499,NRSC VIC MODEL
Uttarakhand,Tehri Garhwal,2025-01-04,2025,01,0.0013150609,NRSC VIC MODEL
Uttarakhand,Tehri Garhwal,2025-01-06,2025,01,0.0006949088,NRSC VIC MODEL
Uttarakhand,Tehri Garhwal,2025-01-08,2025,01,0.0437557471,NRSC VIC MODEL
Uttarakhand,Tehri Garhwal,2025-01-09,2025,01,0,NRSC VIC MODEL
Uttarakhand,Tehri Garhwal,2025-01-10,2025,01,0,NRSC VIC MODEL
Uttarakhand,Tehri Garhwal,2025-01-12,2025,01,1.3533291925,NRSC VIC MODEL
Uttarakhand,Tehri Garhwal,2025-01-16,2025,01,1.4826451795,NRSC VIC MODEL
Uttarakhand,Tehri Garhwal,2025-01-21,2025,01,0,NRSC VIC MODEL
Uttarakhand,Tehri Garhwal,2025-02-02,2025,02,0,NRSC VIC MODEL
Uttarakhand,Tehri Garhwal,2025-02-03,2025,02,0,NRSC VIC MODEL
Uttarakhand,Tehri Garhwal,2025-02-07,2025,02,0,NRSC VIC MODEL
Uttarakhand,Tehri Garhwal,2025-02-27,2025,02,0.5439976984,NRSC VIC MODEL
Uttarakhand,Tehri Garhwal,2025-03-02,2025,03,0.004704919,NRSC VIC MODEL
Uttarakhand,Tehri Garhwal,2025-03-08,2025,03,0.1351456451,NRSC VIC MODEL
Uttarakhand,Tehri Garhwal,2025-03-14,2025,03,1.8067731019,NRSC VIC MODEL
Uttarakhand,Tehri Garhwal,2025-03-21,2025,03,0,NRSC VIC MODEL
Uttarakhand,Tehri Garhwal,2025-03-24,2025,03,0,NRSC VIC MODEL
Uttarakhand,Tehri Garhwal,2025-03-27,2025,03,0.1209412175,NRSC VIC MODEL
Uttarakhand,Tehri Garhwal,2025-04-09,2025,04,0.4992544168,NRSC VIC MODEL
Uttarakhand,Tehri Garhwal,2025-04-10,2025,04,6.1482281441,NRSC VIC MODEL
Uttarakhand,Tehri Garhwal,2025-04-16,2025,04,0.1145809837,NRSC VIC MODEL
Uttarakhand,Tehri Garhwal,2025-04-22,2025,04,3.74668e-05,NRSC VIC MODEL
Uttarakhand,Tehri Garhwal,2025-04-24,2025,04,0.2108669593,NRSC VIC MODEL
Uttarakhand,Tehri Garhwal,2025-05-05,2025,05,17.4069870869,NRSC VIC MODEL
Uttarakhand,Tehri Garhwal,2025-05-06,2025,05,1.0868734076,NRSC VIC MODEL
Uttarakhand,Tehri Garhwal,2025-05-18,2025,05,3.1717330646,NRSC VIC MODEL
Uttarakhand,Tehri Garhwal,2025-05-20,2025,05,0.598775156,NRSC VIC MODEL
Uttarakhand,Tehri Garhwal,2025-05-25,2025,05,10.8186897648,NRSC VIC MODEL
Uttarakhand,Tehri Garhwal,2025-05-28,2025,05,14.119057902,NRSC VIC MODEL
Uttarakhand,Tehri Garhwal,2025-05-31,2025,05,3.3495662768,NRSC VIC MODEL
Uttarakhand,Tehri Garhwal,2025-06-01,2025,06,0.3163587864,NRSC VIC MODEL
Uttarakhand,Tehri Garhwal,2025-06-02,2025,06,0.5930284146,NRSC VIC MODEL
Uttarakhand,Tehri Garhwal,2025-06-03,2025,06,8.7771694478,NRSC VIC MODEL
Uttarakhand,Tehri Garhwal,2025-06-04,2025,06,4.9605396532,NRSC VIC MODEL
Uttarakhand,Tehri Garhwal,2025-06-06,2025,06,1.8428339103,NRSC VIC MODEL
Uttarakhand,Tehri Garhwal,2025-06-08,2025,06,0.0525777831,NRSC VIC MODEL
Uttarakhand,Tehri Garhwal,2025-06-17,2025,06,2.9777194016,NRSC VIC MODEL
Uttarakhand,Udam Singh Nagar,2025-01-04,2025,01,0,NRSC VIC MODEL
Uttarakhand,Udam Singh Nagar,2025-01-05,2025,01,0,NRSC VIC MODEL
Uttarakhand,Udam Singh Nagar,2025-01-11,2025,01,1.0257987673,NRSC VIC MODEL
Uttarakhand,Udam Singh Nagar,2025-01-15,2025,01,0,NRSC VIC MODEL
Uttarakhand,Udam Singh Nagar,2025-01-16,2025,01,1.0590538146,NRSC VIC MODEL
Uttarakhand,Udam Singh Nagar,2025-01-17,2025,01,1.1320260784,NRSC VIC MODEL
Uttarakhand,Udam Singh Nagar,2025-01-25,2025,01,0,NRSC VIC MODEL
Uttarakhand,Udam Singh Nagar,2025-01-22,2025,01,0.0317329498,NRSC VIC MODEL
Uttarakhand,Udam Singh Nagar,2025-01-31,2025,01,0,NRSC VIC MODEL
Uttarakhand,Udam Singh Nagar,2025-02-04,2025,02,0.1147079921,NRSC VIC MODEL
Uttarakhand,Udam Singh Nagar,2025-02-08,2025,02,0,NRSC VIC MODEL
Uttarakhand,Udam Singh Nagar,2025-02-14,2025,02,0,NRSC VIC MODEL
Uttarakhand,Udam Singh Nagar,2025-02-22,2025,02,0,NRSC VIC MODEL
Uttarakhand,Udam Singh Nagar,2025-02-26,2025,02,0.0017432957,NRSC VIC MODEL
Uttarakhand,Udam Singh Nagar,2025-03-08,2025,03,0,NRSC VIC MODEL
Uttarakhand,Udam Singh Nagar,2025-03-13,2025,03,-0.0043580347,NRSC VIC MODEL
Uttarakhand,Udam Singh Nagar,2025-03-21,2025,03,0,NRSC VIC MODEL
Uttarakhand,Udam Singh Nagar,2025-03-24,2025,03,0.0005363987,NRSC VIC MODEL
Uttarakhand,Udam Singh Nagar,2025-03-28,2025,03,0,NRSC VIC MODEL
Uttarakhand,Udam Singh Nagar,2025-04-08,2025,04,0,NRSC VIC MODEL
Uttarakhand,Udam Singh Nagar,2025-04-10,2025,04,11.655988146,NRSC VIC MODEL
Uttarakhand,Udam Singh Nagar,2025-04-12,2025,04,0.8551402498,NRSC VIC MODEL
Uttarakhand,Udam Singh Nagar,2025-04-14,2025,04,0,NRSC VIC MODEL
Uttarakhand,Udam Singh Nagar,2025-04-15,2025,04,0,NRSC VIC MODEL
Uttarakhand,Udam Singh Nagar,2025-04-17,2025,04,1.0163018248,NRSC VIC MODEL
Uttarakhand,Udam Singh Nagar,2025-04-18,2025,04,0.2771052776,NRSC VIC MODEL
Uttarakhand,Udam Singh Nagar,2025-04-24,2025,04,0,NRSC VIC MODEL
Uttarakhand,Udam Singh Nagar,2025-04-25,2025,04,0,NRSC VIC MODEL
Uttarakhand,Udam Singh Nagar,2025-04-26,2025,04,0.0071760903,NRSC VIC MODEL
Uttarakhand,Udam Singh Nagar,2025-05-10,2025,05,0.001206897,NRSC VIC MODEL
Uttarakhand,Udam Singh Nagar,2025-05-16,2025,05,0.2858264758,NRSC VIC MODEL
Uttarakhand,Udam Singh Nagar,2025-05-17,2025,05,2.727006676,NRSC VIC MODEL
Uttarakhand,Udam Singh Nagar,2025-05-19,2025,05,0.0266276736,NRSC VIC MODEL
Uttarakhand,Udam Singh Nagar,2025-05-21,2025,05,3.4359271783,NRSC VIC MODEL
Uttarakhand,Udam Singh Nagar,2025-05-25,2025,05,5.6036586128,NRSC VIC MODEL
Uttarakhand,Udam Singh Nagar,2025-05-29,2025,05,0.4127292765,NRSC VIC MODEL
Uttarakhand,Udam Singh Nagar,2025-05-31,2025,05,0.4365622312,NRSC VIC MODEL
Uttarakhand,Udam Singh Nagar,2025-06-03,2025,06,3.32764761,NRSC VIC MODEL
Uttarakhand,Udam Singh Nagar,2025-06-05,2025,06,0.3496092404,NRSC VIC MODEL
Uttarakhand,Udam Singh Nagar,2025-06-13,2025,06,2.247008899,NRSC VIC MODEL
Uttarakhand,Udam Singh Nagar,2025-06-15,2025,06,1.217669226,NRSC VIC MODEL
Uttarakhand,Udam Singh Nagar,2025-06-18,2025,06,19.5600778406,NRSC VIC MODEL
Uttarakhand,Udam Singh Nagar,2025-06-20,2025,06,1.9526188053,NRSC VIC MODEL
Uttarakhand,Udam Singh Nagar,2025-06-27,2025,06,0.2662820974,NRSC VIC MODEL
Uttarakhand,Udam Singh Nagar,2025-06-28,2025,06,10.9377086175,NRSC VIC MODEL
Uttarakhand,Uttar Kashi,2025-01-03,2025,01,0.6887520958,NRSC VIC MODEL
Uttarakhand,Uttar Kashi,2025-01-04,2025,01,0.0013135372,NRSC VIC MODEL
Uttarakhand,Uttar Kashi,2025-01-08,2025,01,0.0392261508,NRSC VIC MODEL
Uttarakhand,Uttar Kashi,2025-01-10,2025,01,0.0566391169,NRSC VIC MODEL
Uttarakhand,Uttar Kashi,2025-01-13,2025,01,10.5718449698,NRSC VIC MODEL
Uttarakhand,Uttar Kashi,2025-01-17,2025,01,0.471952957,NRSC VIC MODEL
Uttarakhand,Uttar Kashi,2025-01-26,2025,01,0,NRSC VIC MODEL
Uttarakhand,Uttar Kashi,2025-01-30,2025,01,0,NRSC VIC MODEL
Uttarakhand,Uttar Kashi,2025-01-31,2025,01,0.0291398767,NRSC VIC MODEL
Uttarakhand,Uttar Kashi,2025-02-04,2025,02,0.0553196265,NRSC VIC MODEL
Uttarakhand,Uttar Kashi,2025-02-18,2025,02,0,NRSC VIC MODEL
Uttarakhand,Uttar Kashi,2025-02-20,2025,02,4.026470161,NRSC VIC MODEL
Uttarakhand,Uttar Kashi,2025-03-02,2025,03,0.0049085038,NRSC VIC MODEL
Uttarakhand,Uttar Kashi,2025-03-05,2025,03,0.3462027967,NRSC VIC MODEL
Uttarakhand,Uttar Kashi,2025-03-20,2025,03,0.0772632614,NRSC VIC MODEL
Uttarakhand,Uttar Kashi,2025-03-19,2025,03,0.1425904172,NRSC VIC MODEL
Uttarakhand,Uttar Kashi,2025-03-29,2025,03,0.0002040051,NRSC VIC MODEL
Uttarakhand,Uttar Kashi,2025-04-22,2025,04,0.0063840264,NRSC VIC MODEL
Uttarakhand,Uttar Kashi,2025-04-23,2025,04,0.0059662518,NRSC VIC MODEL
Uttarakhand,Uttar Kashi,2025-05-09,2025,05,1.2940425457,NRSC VIC MODEL
Uttarakhand,Uttar Kashi,2025-05-15,2025,05,0.042039737,NRSC VIC MODEL
Uttarakhand,Uttar Kashi,2025-05-16,2025,05,1.7539778273,NRSC VIC MODEL
Uttarakhand,Uttar Kashi,2025-05-20,2025,05,0.3798244133,NRSC VIC MODEL
Uttarakhand,Uttar Kashi,2025-05-29,2025,05,0.8704212497,NRSC VIC MODEL
Uttarakhand,Uttar Kashi,2025-05-31,2025,05,10.7357920502,NRSC VIC MODEL
Uttarakhand,Uttar Kashi,2025-06-12,2025,06,1.1385532631,NRSC VIC MODEL
Uttarakhand,Uttar Kashi,2025-06-24,2025,06,0.0571573143,NRSC VIC MODEL
Uttarakhand,Uttar Kashi,2025-06-27,2025,06,6.849250736,NRSC VIC MODEL
Uttarakhand,Uttar Kashi,2025-06-29,2025,06,13.5645363189,NRSC VIC MODEL
Uttarakhand,Champawat,2025-01-02,2025,01,0,NRSC VIC MODEL
Uttarakhand,Champawat,2025-01-07,2025,01,0,NRSC VIC MODEL
Uttarakhand,Champawat,2025-01-14,2025,01,0.0001165057,NRSC VIC MODEL
Uttarakhand,Champawat,2025-01-15,2025,01,0,NRSC VIC MODEL
Uttarakhand,Champawat,2025-01-16,2025,01,0.9710882372,NRSC VIC MODEL
Uttarakhand,Champawat,2025-01-20,2025,01,0,NRSC VIC MODEL
Uttarakhand,Champawat,2025-01-21,2025,01,0,NRSC VIC MODEL
Uttarakhand,Champawat,2025-01-22,2025,01,0.0005001171,NRSC VIC MODEL
Uttarakhand,Champawat,2025-02-10,2025,02,0,NRSC VIC MODEL
Uttarakhand,Champawat,2025-02-14,2025,02,0,NRSC VIC MODEL
Uttarakhand,Champawat,2025-02-22,2025,02,0,NRSC VIC MODEL
Uttarakhand,Champawat,2025-03-03,2025,03,0,NRSC VIC MODEL
Uttarakhand,Champawat,2025-03-05,2025,03,0.6411064306,NRSC VIC MODEL
Uttarakhand,Champawat,2025-03-23,2025,03,0.8512526377,NRSC VIC MODEL
Uttarakhand,Champawat,2025-03-26,2025,03,0,NRSC VIC MODEL
Uttarakhand,Champawat,2025-03-28,2025,03,0,NRSC VIC MODEL
Uttarakhand,Champawat,2025-03-29,2025,03,0.0001165057,NRSC VIC MODEL
Uttarakhand,Champawat,2025-04-03,2025,04,0,NRSC VIC MODEL
Uttarakhand,Champawat,2025-04-07,2025,04,0,NRSC VIC MODEL
Uttarakhand,Champawat,2025-04-13,2025,04,-0.0006293872,NRSC VIC MODEL
Uttarakhand,Champawat,2025-04-15,2025,04,0.0018132622,NRSC VIC MODEL
Uttarakhand,Champawat,2025-04-28,2025,04,0,NRSC VIC MODEL
Uttarakhand,Champawat,2025-05-02,2025,05,1.4086700724,NRSC VIC MODEL
Uttarakhand,Champawat,2025-05-05,2025,05,11.6263188632,NRSC VIC MODEL
Uttarakhand,Champawat,2025-05-18,2025,05,1.6304838952,NRSC VIC MODEL
Uttarakhand,Champawat,2025-05-23,2025,05,0.0002330114,NRSC VIC MODEL
Uttarakhand,Champawat,2025-05-27,2025,05,0.0012944305,NRSC VIC MODEL
Uttarakhand,Champawat,2025-06-07,2025,06,0,NRSC VIC MODEL
Uttarakhand,Champawat,2025-06-21,2025,06,1.132769865,NRSC VIC MODEL
Uttarakhand,Champawat,2025-06-23,2025,06,10.6072027003,NRSC VIC MODEL
Uttarakhand,Dehradun,2025-01-06,2025,01,0,NRSC VIC MODEL
Uttarakhand,Dehradun,2025-01-07,2025,01,0.0098549086,NRSC VIC MODEL
Uttarakhand,Dehradun,2025-01-18,2025,01,0,NRSC VIC MODEL
Uttarakhand,Dehradun,2025-01-24,2025,01,3.06759e-05,NRSC VIC MODEL
Uttarakhand,Dehradun,2025-02-01,2025,02,0,NRSC VIC MODEL
Uttarakhand,Dehradun,2025-02-03,2025,02,0,NRSC VIC MODEL
Uttarakhand,Dehradun,2025-02-17,2025,02,0,NRSC VIC MODEL
Uttarakhand,Dehradun,2025-02-19,2025,02,0.0023752743,NRSC VIC MODEL
Uttarakhand,Dehradun,2025-02-23,2025,02,0.0140099631,NRSC VIC MODEL
Uttarakhand,Dehradun,2025-02-28,2025,02,26.4751297937,NRSC VIC MODEL
Uttarakhand,Dehradun,2025-03-11,2025,03,0.0016258232,NRSC VIC MODEL
Uttarakhand,Dehradun,2025-03-13,2025,03,0.8638039802,NRSC VIC MODEL
Uttarakhand,Dehradun,2025-03-14,2025,03,1.1711599463,NRSC VIC MODEL
Uttarakhand,Dehradun,2025-03-16,2025,03,4.34565614,NRSC VIC MODEL
Uttarakhand,Dehradun,2025-03-17,2025,03,1.6560419728,NRSC VIC MODEL
Uttarakhand,Dehradun,2025-03-19,2025,03,0.0019419983,NRSC VIC MODEL
Uttarakhand,Dehradun,2025-03-24,2025,03,0,NRSC VIC MODEL
Uttarakhand,Dehradun,2025-03-28,2025,03,0.0003677689,NRSC VIC MODEL
Uttarakhand,Dehradun,2025-03-30,2025,03,0.0004453639,NRSC VIC MODEL
Uttarakhand,Dehradun,2025-04-11,2025,04,6.1296952804,NRSC VIC MODEL
Uttarakhand,Dehradun,2025-04-12,2025,04,0.7014771522,NRSC VIC MODEL
Uttarakhand,Dehradun,2025-04-19,2025,04,0.0369195188,NRSC VIC MODEL
Uttarakhand,Dehradun,2025-05-02,2025,05,4.7016789436,NRSC VIC MODEL
Uttarakhand,Dehradun,2025-05-05,2025,05,12.7788142353,NRSC VIC MODEL
Uttarakhand,Dehradun,2025-05-08,2025,05,2.0057203873,NRSC VIC MODEL
Uttarakhand,Dehradun,2025-05-09,2025,05,8.8318934725,NRSC VIC MODEL
Uttarakhand,Dehradun,2025-05-26,2025,05,2.4239139958,NRSC VIC MODEL
Uttarakhand,Dehradun,2025-05-27,2025,05,1.6186262611,NRSC VIC MODEL
Uttarakhand,Dehradun,2025-06-09,2025,06,0.0001838845,NRSC VIC MODEL
Uttarakhand,Dehradun,2025-06-18,2025,06,3.4928930071,NRSC VIC MODEL
Uttarakhand,Dehradun,2025-06-19,2025,06,1.4822995633,NRSC VIC MODEL
Uttarakhand,Dehradun,2025-06-27,2025,06,8.4554308393,NRSC VIC MODEL
Uttarakhand,Haridwar,2025-01-03,2025,01,0.0001872091,NRSC VIC MODEL
Uttarakhand,Haridwar,2025-01-04,2025,01,0,NRSC VIC MODEL
Uttarakhand,Haridwar,2025-01-08,2025,01,0,NRSC VIC MODEL
Uttarakhand,Haridwar,2025-01-09,2025,01,0,NRSC VIC MODEL
Uttarakhand,Haridwar,2025-01-11,2025,01,1.0270484619,NRSC VIC MODEL
Uttarakhand,Haridwar,2025-01-13,2025,01,0.5973600992,NRSC VIC MODEL
Uttarakhand,Haridwar,2025-01-14,2025,01,0,NRSC VIC MODEL
Uttarakhand,Haridwar,2025-01-17,2025,01,0.0458272328,NRSC VIC MODEL
Uttarakhand,Haridwar,2025-02-03,2025,02,0,NRSC VIC MODEL
Uttarakhand,Haridwar,2025-02-16,2025,02,0.0546547888,NRSC VIC MODEL
Uttarakhand,Haridwar,2025-02-20,2025,02,2.3271246915,NRSC VIC MODEL
Uttarakhand,Haridwar,2025-02-23,2025,02,0,NRSC VIC MODEL
Uttarakhand,Haridwar,2025-02-24,2025,02,0,NRSC VIC MODEL
Uttarakhand,Haridwar,2025-02-26,2025,02,0.0178047743,NRSC VIC MODEL
Uttarakhand,Haridwar,2025-03-05,2025,03,0.2482737413,NRSC VIC MODEL
Uttarakhand,Haridwar,2025-03-17,2025,03,0.0001757403,NRSC VIC MODEL
Uttarakhand,Haridwar,2025-03-20,2025,03,0,NRSC VIC MODEL
Uttarakhand,Haridwar,2025-03-21,2025,03,0,NRSC VIC MODEL
Uttarakhand,Haridwar,2025-03-25,2025,03,0,NRSC VIC MODEL
Uttarakhand,Haridwar,2025-03-29,2025,03,0,NRSC VIC MODEL
Uttarakhand,Haridwar,2025-04-08,2025,04,0,NRSC VIC MODEL
Uttarakhand,Haridwar,2025-04-11,2025,04,1.998198672,NRSC VIC MODEL
Uttarakhand,Haridwar,2025-04-12,2025,04,0.9950022926,NRSC VIC MODEL
Uttarakhand,Haridwar,2025-04-14,2025,04,0,NRSC VIC MODEL
Uttarakhand,Haridwar,2025-04-15,2025,04,0,NRSC VIC MODEL
Uttarakhand,Haridwar,2025-04-19,2025,04,0,NRSC VIC MODEL
Uttarakhand,Haridwar,2025-05-09,2025,05,5.2739915557,NRSC VIC MODEL
Uttarakhand,Haridwar,2025-05-25,2025,05,12.9646804025,NRSC VIC MODEL
Uttarakhand,Haridwar,2025-05-26,2025,05,0.9248068316,NRSC VIC MODEL
Uttarakhand,Haridwar,2025-05-30,2025,05,0.5176724116,NRSC VIC MODEL
Uttarakhand,Haridwar,2025-06-07,2025,06,0,NRSC VIC MODEL
Uttarakhand,Haridwar,2025-06-08,2025,06,0,NRSC VIC MODEL
Uttarakhand,Haridwar,2025-06-10,2025,06,0,NRSC VIC MODEL
Uttarakhand,Haridwar,2025-06-12,2025,06,0.5137304918,NRSC VIC MODEL
Uttarakhand,Haridwar,2025-06-14,2025,06,2.2691006146,NRSC VIC MODEL
Uttarakhand,Haridwar,2025-06-15,2025,06,0.7586792757,NRSC VIC MODEL
Uttarakhand,Haridwar,2025-06-20,2025,06,5.3976179562,NRSC VIC MODEL
Uttarakhand,Haridwar,2025-06-28,2025,06,30.7070788023,NRSC VIC MODEL
Uttarakhand,Nainital,2025-01-07,2025,01,0,NRSC VIC MODEL
Uttarakhand,Nainital,2025-01-09,2025,01,0,NRSC VIC MODEL
Uttarakhand,Nainital,2025-01-22,2025,01,0.0289400829,NRSC VIC MODEL
Uttarakhand,Nainital,2025-01-27,2025,01,0,NRSC VIC MODEL
Uttarakhand,Nainital,2025-02-03,2025,02,0,NRSC VIC MODEL
Uttarakhand,Nainital,2025-02-13,2025,02,7.17764e-05,NRSC VIC MODEL
Uttarakhand,Nainital,2025-02-14,2025,02,0,NRSC VIC MODEL
Uttarakhand,Nainital,2025-02-17,2025,02,0.0001537883,NRSC VIC MODEL
Uttarakhand,Nainital,2025-02-23,2025,02,0.013352752,NRSC VIC MODEL
Uttarakhand,Nainital,2025-02-25,2025,02,0.0013179652,NRSC VIC MODEL
Uttarakhand,Nainital,2025-03-03,2025,03,0,NRSC VIC MODEL
Uttarakhand,Nainital,2025-03-10,2025,03,0,NRSC VIC MODEL
Uttarakhand,Nainital,2025-03-11,2025,03,0,NRSC VIC MODEL
Uttarakhand,Nainital,2025-03-12,2025,03,0,NRSC VIC MODEL
Uttarakhand,Nainital,2025-03-14,2025,03,0.8584431907,NRSC VIC MODEL
Uttarakhand,Nainital,2025-03-19,2025,03,0,NRSC VIC MODEL
Uttarakhand,Nainital,2025-03-25,2025,03,0,NRSC VIC MODEL
Uttarakhand,Nainital,2025-04-01,2025,04,0.0001825972,NRSC VIC MODEL
Uttarakhand,Nainital,2025-04-04,2025,04,0,NRSC VIC MODEL
Uttarakhand,Nainital,2025-04-19,2025,04,0,NRSC VIC MODEL
Uttarakhand,Nainital,2025-04-25,2025,04,0.0059298007,NRSC VIC MODEL
Uttarakhand,Nainital,2025-05-02,2025,05,0.8646556969,NRSC VIC MODEL
Uttarakhand,Nainital,2025-05-04,2025,05,0.4611904745,NRSC VIC MODEL
Uttarakhand,Nainital,2025-05-20,2025,05,0.7228741085,NRSC VIC MODEL
Uttarakhand,Nainital,2025-05-23,2025,05,0.0062262765,NRSC VIC MODEL
Uttarakhand,Nainital,2025-05-26,2025,05,5.192970034,NRSC VIC MODEL
Uttarakhand,Nainital,2025-06-04,2025,06,13.5830766246,NRSC VIC MODEL
Uttarakhand,Nainital,2025-06-10,2025,06,7.10533e-05,NRSC VIC MODEL
Uttarakhand,Nainital,2025-06-12,2025,06,3.1202393347,NRSC VIC MODEL
Uttarakhand,Nainital,2025-06-14,2025,06,19.400629569,NRSC VIC MODEL
Uttarakhand,Nainital,2025-06-21,2025,06,0.5569951976,NRSC VIC MODEL
Uttarakhand,Nainital,2025-06-24,2025,06,8.3247901772,NRSC VIC MODEL
Uttarakhand,Nainital,2025-06-25,2025,06,29.111462235,NRSC VIC MODEL
Uttarakhand,Nainital,2025-06-29,2025,06,12.3127000221,NRSC VIC MODEL
Uttarakhand,Pauri Garhwal,2025-01-08,2025,01,0,NRSC VIC MODEL
Uttarakhand,Pauri Garhwal,2025-01-09,2025,01,0,NRSC VIC MODEL
Uttarakhand,Pauri Garhwal,2025-01-10,2025,01,0,NRSC VIC MODEL
Uttarakhand,Pauri Garhwal,2025-01-19,2025,01,0.0033092297,NRSC VIC MODEL
Uttarakhand,Pauri Garhwal,2025-01-21,2025,01,0,NRSC VIC MODEL
Uttarakhand,Pauri Garhwal,2025-01-25,2025,01,0,NRSC VIC MODEL
Uttarakhand,Pauri Garhwal,2025-02-01,2025,02,0,NRSC VIC MODEL
Uttarakhand,Pauri Garhwal,2025-02-08,2025,02,0,NRSC VIC MODEL
Uttarakhand,Pauri Garhwal,2025-02-09,2025,02,0,NRSC VIC MODEL
Uttarakhand,Pauri Garhwal,2025-02-20,2025,02,0.4318122317,NRSC VIC MODEL
Uttarakhand,Pauri Garhwal,2025-03-05,2025,03,0.0890910823,NRSC VIC MODEL
Uttarakhand,Pauri Garhwal,2025-03-18,2025,03,0.1826132982,NRSC VIC MODEL
Uttarakhand,Pauri Garhwal,2025-03-20,2025,03,0,NRSC VIC MODEL
Uttarakhand,Pauri Garhwal,2025-03-23,2025,03,0.4465025734,NRSC VIC MODEL
Uttarakhand,Pauri Garhwal,2025-04-05,2025,04,0,NRSC VIC MODEL
Uttarakhand,Pauri Garhwal,2025-04-11,2025,04,4.9102159096,NRSC VIC MODEL
Uttarakhand,Pauri Garhwal,2025-04-19,2025,04,0.000203475,NRSC VIC MODEL
Uttarakhand,Pauri Garhwal,2025-04-20,2025,04,0.0059921872,NRSC VIC MODEL
Uttarakhand,Pauri Garhwal,2025-04-28,2025,04,0.0356581867,NRSC VIC MODEL
Uttarakhand,Pauri Garhwal,2025-05-05,2025,05,16.7630684776,NRSC VIC MODEL
Uttarakhand,Pauri Garhwal,2025-05-07,2025,05,6.3545344114,NRSC VIC MODEL
Uttarakhand,Pauri Garhwal,2025-05-15,2025,05,0.0034960867,NRSC VIC MODEL
Uttarakhand,Pauri Garhwal,2025-05-17,2025,05,0.239149702,NRSC VIC MODEL
Uttarakhand,Pauri Garhwal,2025-05-24,2025,05,0.1004569183,NRSC VIC MODEL
Uttarakhand,Pauri Garhwal,2025-05-25,2025,05,3.6552786885,NRSC VIC MODEL
Uttarakhand,Pauri Garhwal,2025-05-28,2025,05,0.3509199035,NRSC VIC MODEL
Uttarakhand,Pauri Garhwal,2025-06-04,2025,06,3.5663792981,NRSC VIC MODEL
Uttarakhand,Pauri Garhwal,2025-06-07,2025,06,0,NRSC VIC MODEL
Uttarakhand,Pauri Garhwal,2025-06-08,2025,06,0.000121573,NRSC VIC MODEL
Uttarakhand,Pauri Garhwal,2025-06-09,2025,06,0.0024302532,NRSC VIC MODEL
Uttarakhand,Pauri Garhwal,2025-06-14,2025,06,15.7455132762,NRSC VIC MODEL
Uttarakhand,Pauri Garhwal,2025-06-16,2025,06,18.7873754896,NRSC VIC MODEL
Uttarakhand,Pauri Garhwal,2025-06-19,2025,06,2.2709971434,NRSC VIC MODEL
Uttarakhand,Pauri Garhwal,2025-06-23,2025,06,9.3564510251,NRSC VIC MODEL
Uttarakhand,Pauri Garhwal,2025-06-25,2025,06,6.3894926252,NRSC VIC MODEL
Uttarakhand,Pauri Garhwal,2025-06-28,2025,06,19.6439071827,NRSC VIC MODEL
Uttarakhand,Pithoragarh,2025-01-04,2025,01,0.0222110983,NRSC VIC MODEL
Uttarakhand,Pithoragarh,2025-01-05,2025,01,0.2899168771,NRSC VIC MODEL
Uttarakhand,Pithoragarh,2025-01-10,2025,01,0,NRSC VIC MODEL
Uttarakhand,Pithoragarh,2025-01-14,2025,01,0.0083742441,NRSC VIC MODEL
Uttarakhand,Pithoragarh,2025-01-15,2025,01,2.5146190663,NRSC VIC MODEL
Uttarakhand,Pithoragarh,2025-01-17,2025,01,1.3995635744,NRSC VIC MODEL
Uttarakhand,Pithoragarh,2025-01-18,2025,01,0.4321616518,NRSC VIC MODEL
Uttarakhand,Pithoragarh,2025-01-20,2025,01,0.0072327889,NRSC VIC MODEL
Uttarakhand,Pithoragarh,2025-01-25,2025,01,0,NRSC VIC MODEL
Uttarakhand,Almora,2025-01-02,2025,01,0,NRSC VIC MODEL
Uttarakhand,Almora,2025-01-04,2025,01,0,NRSC VIC MODEL
Uttarakhand,Almora,2025-01-07,2025,01,0,NRSC VIC MODEL
Uttarakhand,Almora,2025-01-13,2025,01,0.2787894096,NRSC VIC MODEL
Uttarakhand,Almora,2025-01-15,2025,01,0,NRSC VIC MODEL
Uttarakhand,Almora,2025-01-17,2025,01,0.8981198257,NRSC VIC MODEL
Uttarakhand,Almora,2025-01-19,2025,01,6.48641e-05,NRSC VIC MODEL
Uttarakhand,Almora,2025-01-29,2025,01,0,NRSC VIC MODEL
Uttarakhand,Almora,2025-02-15,2025,02,0.0053518874,NRSC VIC MODEL
Uttarakhand,Almora,2025-02-19,2025,02,0.0073165354,NRSC VIC MODEL
Uttarakhand,Almora,2025-03-01,2025,03,1.5718401226,NRSC VIC MODEL
Uttarakhand,Almora,2025-03-05,2025,03,0.3156857734,NRSC VIC MODEL
Uttarakhand,Almora,2025-03-12,2025,03,0,NRSC VIC MODEL
Uttarakhand,Almora,2025-03-14,2025,03,0.6725331021,NRSC VIC MODEL
Uttarakhand,Almora,2025-03-15,2025,03,1.9993875261,NRSC VIC MODEL
Uttarakhand,Almora,2025-03-17,2025,03,3.7382319773,NRSC VIC MODEL
Uttarakhand,Almora,2025-03-21,2025,03,0,NRSC VIC MODEL
Uttarakhand,Almora,2025-03-19,2025,03,9.98213e-05,NRSC VIC MODEL
Uttarakhand,Almora,2025-04-02,2025,04,0,NRSC VIC MODEL
Uttarakhand,Almora,2025-04-06,2025,04,0,NRSC VIC MODEL
Uttarakhand,Almora,2025-04-09,2025,04,0.0097642881,NRSC VIC MODEL
Uttarakhand,Almora,2025-04-10,2025,04,13.5076591326,NRSC VIC MODEL
Uttarakhand,Almora,2025-04-14,2025,04,0.0001397303,NRSC VIC MODEL
Uttarakhand,Almora,2025-04-17,2025,04,0,NRSC VIC MODEL
Uttarakhand,Almora,2025-04-23,2025,04,0,NRSC VIC MODEL
Uttarakhand,Almora,2025-04-24,2025,04,0,NRSC VIC MODEL
Uttarakhand,Almora,2025-05-05,2025,05,11.9546304433,NRSC VIC MODEL
Uttarakhand,Almora,2025-05-08,2025,05,3.5668188006,NRSC VIC MODEL
Uttarakhand,Almora,2025-05-22,2025,05,16.7211121349,NRSC VIC MODEL
Uttarakhand,Almora,2025-05-30,2025,05,1.5720453791,NRSC VIC MODEL
Uttarakhand,Almora,2025-06-15,2025,06,4.3549556502,NRSC VIC MODEL
Uttarakhand,Almora,2025-06-19,2025,06,3.1016841179,NRSC VIC MODEL
Uttarakhand,Almora,2025-06-20,2025,06,0.4629435467,NRSC VIC MODEL
Uttarakhand,Bageshwar,2025-01-02,2025,01,0,NRSC VIC MODEL
Uttarakhand,Bageshwar,2025-01-04,2025,01,0.162560349,NRSC VIC MODEL
Uttarakhand,Bageshwar,2025-01-06,2025,01,0,NRSC VIC MODEL
Uttarakhand,Bageshwar,2025-01-07,2025,01,0,NRSC VIC MODEL
Uttarakhand,Bageshwar,2025-01-19,2025,01,0,NRSC VIC MODEL
Uttarakhand,Bageshwar,2025-01-20,2025,01,0,NRSC VIC MODEL
Uttarakhand,Bageshwar,2025-01-23,2025,01,0,NRSC VIC MODEL
Uttarakhand,Bageshwar,2025-02-09,2025,02,0,NRSC VIC MODEL
Uttarakhand,Bageshwar,2025-02-13,2025,02,0.0035597884,NRSC VIC MODEL
Uttarakhand,Bageshwar,2025-02-17,2025,02,0,NRSC VIC MODEL
Uttarakhand,Bageshwar,2025-02-20,2025,02,0,NRSC VIC MODEL
Uttarakhand,Bageshwar,2025-02-22,2025,02,0.0424004807,NRSC VIC MODEL
Uttarakhand,Bageshwar,2025-02-24,2025,02,1.0649312064,NRSC VIC MODEL
Uttarakhand,Bageshwar,2025-02-26,2025,02,0.1035605193,NRSC VIC MODEL
Uttarakhand,Bageshwar,2025-02-27,2025,02,0.6601195992,NRSC VIC MODEL
Uttarakhand,Bageshwar,2025-02-28,2025,02,51.9070505967,NRSC VIC MODEL
Uttarakhand,Bageshwar,2025-03-01,2025,03,3.8451739182,NRSC VIC MODEL
Uttarakhand,Bageshwar,2025-03-03,2025,03,0.0018599465,NRSC VIC MODEL
Uttarakhand,Bageshwar,2025-03-04,2025,03,1.9229349963,NRSC VIC MODEL
Uttarakhand,Bageshwar,2025-03-20,2025,03,0,NRSC VIC MODEL
Uttarakhand,Bageshwar,2025-04-01,2025,04,0,NRSC VIC MODEL
Uttarakhand,Bageshwar,2025-04-03,2025,04,0,NRSC VIC MODEL
Uttarakhand,Bageshwar,2025-04-04,2025,04,0,NRSC VIC MODEL
Uttarakhand,Bageshwar,2025-04-07,2025,04,0.790588703,NRSC VIC MODEL
Uttarakhand,Bageshwar,2025-04-12,2025,04,8.0201258006,NRSC VIC MODEL
Uttarakhand,Bageshwar,2025-04-14,2025,04,0.2320529145,NRSC VIC MODEL
Uttarakhand,Bageshwar,2025-04-15,2025,04,0.3166020607,NRSC VIC MODEL
Uttarakhand,Bageshwar,2025-04-16,2025,04,0.3903085369,NRSC VIC MODEL
Uttarakhand,Bageshwar,2025-04-19,2025,04,0.5237701586,NRSC VIC MODEL
Uttarakhand,Bageshwar,2025-04-22,2025,04,0,NRSC VIC MODEL
Uttarakhand,Bageshwar,2025-05-01,2025,05,0.203728188,NRSC VIC MODEL
Uttarakhand,Bageshwar,2025-05-05,2025,05,3.8621395821,NRSC VIC MODEL
Uttarakhand,Bageshwar,2025-05-06,2025,05,3.2917425693,NRSC VIC MODEL
Uttarakhand,Bageshwar,2025-05-17,2025,05,2.6238257461,NRSC VIC MODEL
Uttarakhand,Bageshwar,2025-05-23,2025,05,0.4355613713,NRSC VIC MODEL
Uttarakhand,Bageshwar,2025-05-24,2025,05,3.4941095355,NRSC VIC MODEL
Uttarakhand,Bageshwar,2025-05-28,2025,05,9.9464982969,NRSC VIC MODEL
Uttarakhand,Bageshwar,2025-05-31,2025,05,9.3632921093,NRSC VIC MODEL
Uttarakhand,Bageshwar,2025-06-01,2025,06,0.1189501002,NRSC VIC MODEL
Uttarakhand,Bageshwar,2025-06-09,2025,06,0.999203421,NRSC VIC MODEL
Uttarakhand,Bageshwar,2025-06-11,2025,06,18.8139349649,NRSC VIC MODEL
Uttarakhand,Bageshwar,2025-06-12,2025,06,18.5229351823,NRSC VIC MODEL
Uttarakhand,Bageshwar,2025-06-16,2025,06,5.4785879276,NRSC VIC MODEL
Uttarakhand,Bageshwar,2025-06-19,2025,06,4.7625444511,NRSC VIC MODEL
Uttarakhand,Bageshwar,2025-06-20,2025,06,6.6938872899,NRSC VIC MODEL
Uttarakhand,Bageshwar,2025-06-22,2025,06,1.2824774334,NRSC VIC MODEL
Uttarakhand,Chamoli,2025-01-01,2025,01,0.0167985645,NRSC VIC MODEL
Uttarakhand,Chamoli,2025-01-05,2025,01,0,NRSC VIC MODEL
Uttarakhand,Chamoli,2025-01-15,2025,01,3.7282108315,NRSC VIC MODEL
Uttarakhand,Chamoli,2025-01-19,2025,01,0.0001023122,NRSC VIC MODEL
Uttarakhand,Chamoli,2025-01-20,2025,01,0,NRSC VIC MODEL
Uttarakhand,Chamoli,2025-01-23,2025,01,0,NRSC VIC MODEL
Uttarakhand,Chamoli,2025-01-24,2025,01,0,NRSC VIC MODEL
Uttarakhand,Chamoli,2025-01-29,2025,01,0,NRSC VIC MODEL
Uttarakhand,Chamoli,2025-02-10,2025,02,0,NRSC VIC MODEL
Uttarakhand,Chamoli,2025-02-18,2025,02,5.09726e-05,NRSC VIC MODEL
Uttarakhand,Chamoli,2025-02-23,2025,02,0.3851100503,NRSC VIC MODEL
Uttarakhand,Chamoli,2025-03-02,2025,03,0.0092789732,NRSC VIC MODEL
Uttarakhand,Chamoli,2025-03-03,2025,03,0.0076375622,NRSC VIC MODEL
Uttarakhand,Chamoli,2025-03-05,2025,03,0.4345749312,NRSC VIC MODEL
Uttarakhand,Chamoli,2025-03-06,2025,03,0.0064191141,NRSC VIC MODEL
Uttarakhand,Chamoli,2025-03-07,2025,03,1.6420459848,NRSC VIC MODEL
Uttarakhand,Chamoli,2025-03-09,2025,03,0.1869640163,NRSC VIC MODEL
Uttarakhand,Chamoli,2025-03-23,2025,03,1.1716052193,NRSC VIC MODEL
Uttarakhand,Chamoli,2025-03-29,2025,03,0.0282459007,NRSC VIC MODEL
Uttarakhand,Chamoli,2025-04-10,2025,04,6.7185049718,NRSC VIC MODEL
Uttarakhand,Chamoli,2025-04-12,2025,04,8.1194519826,NRSC VIC MODEL
Uttarakhand,Chamoli,2025-04-14,2025,04,0.6469869686,NRSC VIC MODEL
Uttarakhand,Chamoli,2025-04-20,2025,04,0.5138002149,NRSC VIC MODEL
Uttarakhand,Chamoli,2025-04-28,2025,04,0.3262032387,NRSC VIC MODEL
Uttarakhand,Chamoli,2025-05-08,2025,05,0.3215300904,NRSC VIC MODEL
Uttarakhand,Chamoli,2025-05-15,2025,05,0.1415314636,NRSC VIC MODEL
Uttarakhand,Chamoli,2025-05-21,2025,05,2.4142188697,NRSC VIC MODEL
Uttarakhand,Chamoli,2025-05-26,2025,05,1.1710839937,NRSC VIC MODEL
Uttarakhand,Chamoli,2025-05-27,2025,05,0.0547628705,NRSC VIC MODEL
Uttarakhand,Chamoli,2025-05-29,2025,05,0.2944623949,NRSC VIC MODEL
Uttarakhand,Chamoli,2025-05-30,2025,05,6.1751778188,NRSC VIC MODEL
Uttarakhand,Chamoli,2025-06-03,2025,06,3.0082733382,NRSC VIC MODEL
Uttarakhand,Chamoli,2025-06-05,2025,06,3.2083089,NRSC VIC MODEL
Uttarakhand,Chamoli,2025-06-13,2025,06,6.7250373275,NRSC VIC MODEL
Uttarakhand,Chamoli,2025-06-14,2025,06,1.9283115014,NRSC VIC MODEL
Uttarakhand,Chamoli,2025-06-20,2025,06,9.8509301804,NRSC VIC MODEL
Uttarakhand,Chamoli,2025-06-26,2025,06,26.3974532166,NRSC VIC MODEL
Uttarakhand,Chamoli,2025-06-27,2025,06,7.3394007794,NRSC VIC MODEL
Uttarakhand,Almora,2025-01-09,2025,01,0,NRSC VIC MODEL
Uttarakhand,Almora,2025-01-22,2025,01,0.0130267131,NRSC VIC MODEL
Uttarakhand,Almora,2025-01-04,2025,01,0,NRSC VIC MODEL
Uttarakhand,Bageshwar,2025-01-14,2025,01,0.2251822949,NRSC VIC MODEL
Uttarakhand,Bageshwar,2025-01-18,2025,01,0,NRSC VIC MODEL
Uttarakhand,Bageshwar,2025-01-06,2025,01,0,NRSC VIC MODEL
Uttarakhand,Bageshwar,2025-01-30,2025,01,0,NRSC VIC MODEL
Uttarakhand,Bageshwar,2025-01-02,2025,01,0,NRSC VIC MODEL
Uttarakhand,Bageshwar,2025-01-08,2025,01,0,NRSC VIC MODEL
Uttarakhand,Bageshwar,2025-01-16,2025,01,2.1295796678,NRSC VIC MODEL
Uttarakhand,Bageshwar,2025-01-23,2025,01,0,NRSC VIC MODEL
Uttarakhand,Chamoli,2025-01-19,2025,01,0.0001023122,NRSC VIC MODEL
Uttarakhand,Chamoli,2025-01-03,2025,01,0.3529439108,NRSC VIC MODEL
Uttarakhand,Chamoli,2025-01-25,2025,01,0,NRSC VIC MODEL
Uttarakhand,Chamoli,2025-01-27,2025,01,0,NRSC VIC MODEL
Uttarakhand,Chamoli,2025-01-20,2025,01,0,NRSC VIC MODEL
Uttarakhand,Chamoli,2025-01-28,2025,01,0,NRSC VIC MODEL
Uttarakhand,Chamoli,2025-01-31,2025,01,0.0004397191,NRSC VIC MODEL
Uttarakhand,Chamoli,2025-01-17,2025,01,1.191835841,NRSC VIC MODEL
Uttarakhand,Chamoli,2025-01-11,2025,01,1.6141712489,NRSC VIC MODEL
Uttarakhand,Chamoli,2025-01-30,2025,01,0,NRSC VIC MODEL
Uttarakhand,Champawat,2025-01-30,2025,01,0,NRSC VIC MODEL
Uttarakhand,Champawat,2025-01-12,2025,01,1.7892815858,NRSC VIC MODEL
Uttarakhand,Champawat,2025-01-07,2025,01,0,NRSC VIC MODEL
Uttarakhand,Champawat,2025-01-31,2025,01,0,NRSC VIC MODEL
Uttarakhand,Champawat,2025-01-18,2025,01,0,NRSC VIC MODEL
Uttarakhand,Dehradun,2025-01-09,2025,01,0,NRSC VIC MODEL
Uttarakhand,Dehradun,2025-01-18,2025,01,0,NRSC VIC MODEL
Uttarakhand,Dehradun,2025-01-13,2025,01,0.9540067932,NRSC VIC MODEL
Uttarakhand,Dehradun,2025-01-14,2025,01,0.001774044,NRSC VIC MODEL
Uttarakhand,Dehradun,2025-01-04,2025,01,1.6234e-06,NRSC VIC MODEL
Uttarakhand,Dehradun,2025-01-07,2025,01,0.0098549086,NRSC VIC MODEL
Uttarakhand,Dehradun,2025-01-23,2025,01,0,NRSC VIC MODEL
Uttarakhand,Haridwar,2025-01-09,2025,01,0,NRSC VIC MODEL
Uttarakhand,Haridwar,2025-01-10,2025,01,0,NRSC VIC MODEL
Uttarakhand,Haridwar,2025-01-12,2025,01,5.252570131,NRSC VIC MODEL
Uttarakhand,Haridwar,2025-01-15,2025,01,0,NRSC VIC MODEL
Uttarakhand,Haridwar,2025-01-06,2025,01,0,NRSC VIC MODEL
Uttarakhand,Haridwar,2025-01-26,2025,01,0,NRSC VIC MODEL
Uttarakhand,Haridwar,2025-01-29,2025,01,0,NRSC VIC MODEL
Uttarakhand,Haridwar,2025-01-30,2025,01,0,NRSC VIC MODEL
Uttarakhand,Nainital,2025-01-05,2025,01,0,NRSC VIC MODEL
Uttarakhand,Nainital,2025-01-09,2025,01,0,NRSC VIC MODEL
Uttarakhand,Nainital,2025-01-30,2025,01,0,NRSC VIC MODEL
Uttarakhand,Nainital,2025-01-26,2025,01,0,NRSC VIC MODEL
Uttarakhand,Nainital,2025-01-15,2025,01,0,NRSC VIC MODEL
Uttarakhand,Nainital,2025-01-24,2025,01,0,NRSC VIC MODEL
Uttarakhand,Nainital,2025-01-14,2025,01,0.0001421066,NRSC VIC MODEL
Uttarakhand,Nainital,2025-01-17,2025,01,1.4137152055,NRSC VIC MODEL
Uttarakhand,Nainital,2025-01-13,2025,01,0.0552212732,NRSC VIC MODEL
Uttarakhand,Pauri Garhwal,2025-01-18,2025,01,0,NRSC VIC MODEL
Uttarakhand,Pauri Garhwal,2025-01-26,2025,01,0,NRSC VIC MODEL
Uttarakhand,Pauri Garhwal,2025-01-17,2025,01,0.0943811233,NRSC VIC MODEL
Uttarakhand,Pauri Garhwal,2025-01-08,2025,01,0,NRSC VIC MODEL
Uttarakhand,Pauri Garhwal,2025-01-11,2025,01,1.7948461707,NRSC VIC MODEL
Uttarakhand,Pithoragarh,2025-01-22,2025,01,2.5144309372,NRSC VIC MODEL
Uttarakhand,Pithoragarh,2025-01-21,2025,01,0,NRSC VIC MODEL
Uttarakhand,Pithoragarh,2025-01-07,2025,01,0.0259842903,NRSC VIC MODEL
Uttarakhand,Pithoragarh,2025-01-31,2025,01,0.0320309223,NRSC VIC MODEL
Uttarakhand,Pithoragarh,2025-01-03,2025,01,0.151265347,NRSC VIC MODEL
Uttarakhand,Pithoragarh,2025-01-18,2025,01,0.4321616518,NRSC VIC MODEL
Uttarakhand,Pithoragarh,2025-01-15,2025,01,2.5146190663,NRSC VIC MODEL
Uttarakhand,Pithoragarh,2025-01-16,2025,01,8.0373753039,NRSC VIC MODEL
Uttarakhand,Pithoragarh,2025-01-28,2025,01,0,NRSC VIC MODEL
Uttarakhand,Pithoragarh,2025-01-09,2025,01,0,NRSC VIC MODEL
Uttarakhand,Pithoragarh,2025-01-20,2025,01,0.0072327889,NRSC VIC MODEL
Uttarakhand,Rudra Prayag,2025-01-31,2025,01,0.2250446327,NRSC VIC MODEL
Uttarakhand,Rudra Prayag,2025-01-05,2025,01,0,NRSC VIC MODEL
Uttarakhand,Rudra Prayag,2025-01-30,2025,01,0,NRSC VIC MODEL
Uttarakhand,Rudra Prayag,2025-01-16,2025,01,3.2187967123,NRSC VIC MODEL
Uttarakhand,Rudra Prayag,2025-01-17,2025,01,0.1840118977,NRSC VIC MODEL
Uttarakhand,Rudra Prayag,2025-01-28,2025,01,0,NRSC VIC MODEL
Uttarakhand,Tehri Garhwal,2025-01-10,2025,01,0,NRSC VIC MODEL
Uttarakhand,Tehri Garhwal,2025-01-24,2025,01,0,NRSC VIC MODEL
Uttarakhand,Udam Singh Nagar,2025-01-10,2025,01,0,NRSC VIC MODEL
Uttarakhand,Udam Singh Nagar,2025-01-03,2025,01,0.2400950665,NRSC VIC MODEL
Uttarakhand,Udam Singh Nagar,2025-01-11,2025,01,1.0257987673,NRSC VIC MODEL
Uttarakhand,Udam Singh Nagar,2025-01-28,2025,01,0,NRSC VIC MODEL
Uttarakhand,Udam Singh Nagar,2025-01-12,2025,01,2.1028212602,NRSC VIC MODEL
Uttarakhand,Udam Singh Nagar,2025-01-18,2025,01,0,NRSC VIC MODEL
Uttarakhand,Udam Singh Nagar,2025-01-24,2025,01,0,NRSC VIC MODEL
Uttarakhand,Udam Singh Nagar,2025-01-17,2025,01,1.1320260784,NRSC VIC MODEL
Uttarakhand,Uttar Kashi,2025-01-10,2025,01,0.0566391169,NRSC VIC MODEL
Uttarakhand,Uttar Kashi,2025-01-06,2025,01,0.6432185763,NRSC VIC MODEL
Uttarakhand,Uttar Kashi,2025-01-01,2025,01,0.0229165261,NRSC VIC MODEL
Uttarakhand,Champawat,2025-04-18,2025,04,0.0029423437,NRSC VIC MODEL
Uttarakhand,Champawat,2025-04-27,2025,04,0,NRSC VIC MODEL
Uttarakhand,Champawat,2025-04-23,2025,04,0,NRSC VIC MODEL
Uttarakhand,Champawat,2025-04-29,2025,04,0,NRSC VIC MODEL
Uttarakhand,Dehradun,2025-04-16,2025,04,0.1279126,NRSC VIC MODEL
Uttarakhand,Dehradun,2025-04-23,2025,04,0,NRSC VIC MODEL
Uttarakhand,Dehradun,2025-04-28,2025,04,0.3233471365,NRSC VIC MODEL
Uttarakhand,Dehradun,2025-04-30,2025,04,0.85111149,NRSC VIC MODEL
Uttarakhand,Dehradun,2025-04-08,2025,04,0,NRSC VIC MODEL
Uttarakhand,Dehradun,2025-04-21,2025,04,1.8709005818,NRSC VIC MODEL
Uttarakhand,Dehradun,2025-04-19,2025,04,0.0369195188,NRSC VIC MODEL
Uttarakhand,Dehradun,2025-04-11,2025,04,6.1296952804,NRSC VIC MODEL
Uttarakhand,Dehradun,2025-04-25,2025,04,0,NRSC VIC MODEL
Uttarakhand,Haridwar,2025-04-15,2025,04,0,NRSC VIC MODEL
Uttarakhand,Haridwar,2025-04-09,2025,04,0,NRSC VIC MODEL
Uttarakhand,Haridwar,2025-04-08,2025,04,0,NRSC VIC MODEL
Uttarakhand,Haridwar,2025-04-28,2025,04,0.0028525332,NRSC VIC MODEL
Uttarakhand,Nainital,2025-04-28,2025,04,0.1718488565,NRSC VIC MODEL
Uttarakhand,Nainital,2025-04-24,2025,04,0,NRSC VIC MODEL
Uttarakhand,Nainital,2025-04-26,2025,04,0,NRSC VIC MODEL
Uttarakhand,Nainital,2025-04-12,2025,04,0.8523374817,NRSC VIC MODEL
Uttarakhand,Pauri Garhwal,2025-04-19,2025,04,0.000203475,NRSC VIC MODEL
Uttarakhand,Pauri Garhwal,2025-04-25,2025,04,0.005963169,NRSC VIC MODEL
Uttarakhand,Pauri Garhwal,2025-04-05,2025,04,0,NRSC VIC MODEL
Uttarakhand,Pauri Garhwal,2025-04-03,2025,04,0.0271505542,NRSC VIC MODEL
Uttarakhand,Pauri Garhwal,2025-04-18,2025,04,0.0007796756,NRSC VIC MODEL
Uttarakhand,Pauri Garhwal,2025-04-06,2025,04,3.0442e-06,NRSC VIC MODEL
Uttarakhand,Pauri Garhwal,2025-04-11,2025,04,4.9102159096,NRSC VIC MODEL
Uttarakhand,Pauri Garhwal,2025-04-14,2025,04,0,NRSC VIC MODEL
Uttarakhand,Pauri Garhwal,2025-04-30,2025,04,0.2149792818,NRSC VIC MODEL
Uttarakhand,Pauri Garhwal,2025-04-26,2025,04,0,NRSC VIC MODEL
Uttarakhand,Pithoragarh,2025-04-18,2025,04,0.3123367471,NRSC VIC MODEL
Uttarakhand,Pithoragarh,2025-04-06,2025,04,0.0065663756,NRSC VIC MODEL
Uttarakhand,Pithoragarh,2025-04-22,2025,04,0,NRSC VIC MODEL
Uttarakhand,Pithoragarh,2025-04-07,2025,04,0.0838753254,NRSC VIC MODEL
Uttarakhand,Pithoragarh,2025-04-01,2025,04,0,NRSC VIC MODEL
Uttarakhand,Pithoragarh,2025-04-12,2025,04,8.5033610051,NRSC VIC MODEL
Uttarakhand,Pithoragarh,2025-04-29,2025,04,0.0230659207,NRSC VIC MODEL
Uttarakhand,Rudra Prayag,2025-04-19,2025,04,1.3613796578,NRSC VIC MODEL
Uttarakhand,Rudra Prayag,2025-04-09,2025,04,2.0440066251,NRSC VIC MODEL
Uttarakhand,Rudra Prayag,2025-04-07,2025,04,2.0793896336,NRSC VIC MODEL
Uttarakhand,Rudra Prayag,2025-04-13,2025,04,1.2645045824,NRSC VIC MODEL
Uttarakhand,Rudra Prayag,2025-04-15,2025,04,0.8289342121,NRSC VIC MODEL
Uttarakhand,Rudra Prayag,2025-04-23,2025,04,0.0016956689,NRSC VIC MODEL
Uttarakhand,Rudra Prayag,2025-04-29,2025,04,6.43973e-05,NRSC VIC MODEL
Uttarakhand,Rudra Prayag,2025-04-02,2025,04,0.1101403837,NRSC VIC MODEL
Uttarakhand,Tehri Garhwal,2025-04-24,2025,04,0.2108669593,NRSC VIC MODEL
Uttarakhand,Tehri Garhwal,2025-04-02,2025,04,0.0308172197,NRSC VIC MODEL
Uttarakhand,Tehri Garhwal,2025-04-23,2025,04,0.0041019547,NRSC VIC MODEL
Uttarakhand,Tehri Garhwal,2025-04-22,2025,04,3.74668e-05,NRSC VIC MODEL
Uttarakhand,Tehri Garhwal,2025-04-26,2025,04,0,NRSC VIC MODEL
Uttarakhand,Tehri Garhwal,2025-04-06,2025,04,0.0005635239,NRSC VIC MODEL
Uttarakhand,Tehri Garhwal,2025-04-07,2025,04,0.0046004143,NRSC VIC MODEL
Uttarakhand,Tehri Garhwal,2025-04-12,2025,04,2.3433420678,NRSC VIC MODEL
Uttarakhand,Tehri Garhwal,2025-04-14,2025,04,0,NRSC VIC MODEL
Uttarakhand,Udam Singh Nagar,2025-04-09,2025,04,0.0044495075,NRSC VIC MODEL
Uttarakhand,Udam Singh Nagar,2025-04-22,2025,04,0,NRSC VIC MODEL
Uttarakhand,Udam Singh Nagar,2025-04-30,2025,04,0.0001340997,NRSC VIC MODEL
Uttarakhand,Udam Singh Nagar,2025-04-27,2025,04,0.0008051543,NRSC VIC MODEL
Uttarakhand,Udam Singh Nagar,2025-04-10,2025,04,11.655988146,NRSC VIC MODEL
Uttarakhand,Udam Singh Nagar,2025-04-15,2025,04,0,NRSC VIC MODEL
Uttarakhand,Udam Singh Nagar,2025-04-29,2025,04,0,NRSC VIC MODEL
Uttarakhand,Uttar Kashi,2025-04-27,2025,04,0.0809613007,NRSC VIC MODEL
Uttarakhand,Almora,2025-05-18,2025,05,2.8577531973,NRSC VIC MODEL
Uttarakhand,Almora,2025-05-31,2025,05,2.5765225096,NRSC VIC MODEL
Uttarakhand,Almora,2025-05-30,2025,05,1.5720453791,NRSC VIC MODEL
Uttarakhand,Almora,2025-05-15,2025,05,4.99107e-05,NRSC VIC MODEL
Uttarakhand,Almora,2025-05-05,2025,05,11.9546304433,NRSC VIC MODEL
Uttarakhand,Almora,2025-05-20,2025,05,0.1891538908,NRSC VIC MODEL
Uttarakhand,Almora,2025-05-03,2025,05,1.2638652941,NRSC VIC MODEL
Uttarakhand,Bageshwar,2025-05-15,2025,05,0.0894378527,NRSC VIC MODEL
Uttarakhand,Bageshwar,2025-05-01,2025,05,0.203728188,NRSC VIC MODEL
Uttarakhand,Bageshwar,2025-05-28,2025,05,9.9464982969,NRSC VIC MODEL
Uttarakhand,Bageshwar,2025-05-17,2025,05,2.6238257461,NRSC VIC MODEL
Uttarakhand,Bageshwar,2025-05-20,2025,05,2.4357989088,NRSC VIC MODEL
Uttarakhand,Bageshwar,2025-05-16,2025,05,3.2800611439,NRSC VIC MODEL
Uttarakhand,Bageshwar,2025-05-10,2025,05,1.2484053173,NRSC VIC MODEL
Uttarakhand,Chamoli,2025-05-09,2025,05,2.2982448058,NRSC VIC MODEL
Uttarakhand,Chamoli,2025-05-26,2025,05,1.1710839937,NRSC VIC MODEL
Uttarakhand,Chamoli,2025-05-17,2025,05,0.9479573618,NRSC VIC MODEL
Uttarakhand,Chamoli,2025-05-29,2025,05,0.2944623949,NRSC VIC MODEL
Uttarakhand,Chamoli,2025-05-28,2025,05,1.4618829611,NRSC VIC MODEL
Uttarakhand,Chamoli,2025-05-27,2025,05,0.0547628705,NRSC VIC MODEL
Uttarakhand,Chamoli,2025-05-21,2025,05,2.4142188697,NRSC VIC MODEL
Uttarakhand,Chamoli,2025-05-24,2025,05,1.9974147592,NRSC VIC MODEL
Uttarakhand,Chamoli,2025-05-19,2025,05,0.388916745,NRSC VIC MODEL
Uttarakhand,Chamoli,2025-05-30,2025,05,6.1751778188,NRSC VIC MODEL
Uttarakhand,Champawat,2025-05-29,2025,05,0.3789095767,NRSC VIC MODEL
Uttarakhand,Champawat,2025-05-15,2025,05,0.0001165057,NRSC VIC MODEL
Uttarakhand,Champawat,2025-05-25,2025,05,7.4586391674,NRSC VIC MODEL
Uttarakhand,Champawat,2025-05-27,2025,05,0.0012944305,NRSC VIC MODEL
Uttarakhand,Champawat,2025-05-30,2025,05,2.1100404596,NRSC VIC MODEL
Uttarakhand,Dehradun,2025-05-31,2025,05,2.402733189,NRSC VIC MODEL
Uttarakhand,Dehradun,2025-05-09,2025,05,8.8318934725,NRSC VIC MODEL
Uttarakhand,Dehradun,2025-05-20,2025,05,0.0292675073,NRSC VIC MODEL
Uttarakhand,Dehradun,2025-05-10,2025,05,7.5253960141,NRSC VIC MODEL
Uttarakhand,Dehradun,2025-05-18,2025,05,1.3361619015,NRSC VIC MODEL
Uttarakhand,Dehradun,2025-05-27,2025,05,1.6186262611,NRSC VIC MODEL
Uttarakhand,Dehradun,2025-05-15,2025,05,2.37395e-05,NRSC VIC MODEL
Uttarakhand,Dehradun,2025-05-30,2025,05,0.7198267955,NRSC VIC MODEL
Uttarakhand,Dehradun,2025-05-05,2025,05,12.7788142353,NRSC VIC MODEL
Uttarakhand,Haridwar,2025-05-21,2025,05,0.5101589936,NRSC VIC MODEL
Uttarakhand,Haridwar,2025-05-29,2025,05,0.849830262,NRSC VIC MODEL
Uttarakhand,Haridwar,2025-05-26,2025,05,0.9248068316,NRSC VIC MODEL
Uttarakhand,Haridwar,2025-05-15,2025,05,0,NRSC VIC MODEL
Uttarakhand,Nainital,2025-05-06,2025,05,1.7507517048,NRSC VIC MODEL
Uttarakhand,Nainital,2025-05-18,2025,05,0.2690398287,NRSC VIC MODEL
Uttarakhand,Nainital,2025-05-19,2025,05,0.0773200172,NRSC VIC MODEL
Uttarakhand,Nainital,2025-05-09,2025,05,0.6088444378,NRSC VIC MODEL
Uttarakhand,Nainital,2025-05-24,2025,05,0.4090548124,NRSC VIC MODEL
Uttarakhand,Almora,2025-04-12,2025,04,1.5713783784,NRSC VIC MODEL
Uttarakhand,Almora,2025-04-03,2025,04,0,NRSC VIC MODEL
Uttarakhand,Almora,2025-04-14,2025,04,0.0001397303,NRSC VIC MODEL
Uttarakhand,Almora,2025-04-26,2025,04,0,NRSC VIC MODEL
Uttarakhand,Bageshwar,2025-04-03,2025,04,0,NRSC VIC MODEL
Uttarakhand,Bageshwar,2025-04-13,2025,04,1.093794886,NRSC VIC MODEL
Uttarakhand,Bageshwar,2025-04-06,2025,04,0.0003912418,NRSC VIC MODEL
Uttarakhand,Bageshwar,2025-04-16,2025,04,0.3903085369,NRSC VIC MODEL
Uttarakhand,Chamoli,2025-04-01,2025,04,0,NRSC VIC MODEL
Uttarakhand,Chamoli,2025-04-28,2025,04,0.3262032387,NRSC VIC MODEL
Uttarakhand,Chamoli,2025-04-24,2025,04,0.0359270758,NRSC VIC MODEL
Uttarakhand,Almora,2025-02-03,2025,02,0,NRSC VIC MODEL
Uttarakhand,Almora,2025-02-23,2025,02,0.0025753857,NRSC VIC MODEL
Uttarakhand,Almora,2025-02-02,2025,02,8.322e-06,NRSC VIC MODEL
Uttarakhand,Almora,2025-02-18,2025,02,0,NRSC VIC MODEL
Uttarakhand,Almora,2025-02-25,2025,02,0.0024801653,NRSC VIC MODEL
Uttarakhand,Almora,2025-02-28,2025,02,21.4832972997,NRSC VIC MODEL
Uttarakhand,Bageshwar,2025-02-21,2025,02,3.9064248102,NRSC VIC MODEL
Uttarakhand,Bageshwar,2025-02-10,2025,02,0,NRSC VIC MODEL
Uttarakhand,Bageshwar,2025-02-04,2025,02,0,NRSC VIC MODEL
Uttarakhand,Bageshwar,2025-02-26,2025,02,0.1035605193,NRSC VIC MODEL
Uttarakhand,Bageshwar,2025-02-03,2025,02,0.0330258088,NRSC VIC MODEL
Uttarakhand,Bageshwar,2025-02-25,2025,02,0.2911126585,NRSC VIC MODEL
Uttarakhand,Chamoli,2025-02-19,2025,02,0.1903162095,NRSC VIC MODEL
Uttarakhand,Chamoli,2025-02-04,2025,02,0,NRSC VIC MODEL
Uttarakhand,Chamoli,2025-02-24,2025,02,0.2273552078,NRSC VIC MODEL
Uttarakhand,Chamoli,2025-02-27,2025,02,1.3387252692,NRSC VIC MODEL
Uttarakhand,Chamoli,2025-02-03,2025,02,0.0343930601,NRSC VIC MODEL
Uttarakhand,Chamoli,2025-02-14,2025,02,0.0423429003,NRSC VIC MODEL
Uttarakhand,Chamoli,2025-02-25,2025,02,0.0791901818,NRSC VIC MODEL
Uttarakhand,Chamoli,2025-02-01,2025,02,0,NRSC VIC MODEL
Uttarakhand,Champawat,2025-02-08,2025,02,0,NRSC VIC MODEL
Uttarakhand,Champawat,2025-02-13,2025,02,0,NRSC VIC MODEL
Uttarakhand,Champawat,2025-02-23,2025,02,0.0287514572,NRSC VIC MODEL
Uttarakhand,Dehradun,2025-02-16,2025,02,0.2186271055,NRSC VIC MODEL
Uttarakhand,Dehradun,2025-02-18,2025,02,0,NRSC VIC MODEL
Uttarakhand,Dehradun,2025-02-28,2025,02,26.4751297937,NRSC VIC MODEL
Uttarakhand,Dehradun,2025-02-05,2025,02,0.0088687051,NRSC VIC MODEL
Uttarakhand,Dehradun,2025-02-01,2025,02,0,NRSC VIC MODEL
Uttarakhand,Haridwar,2025-02-03,2025,02,0,NRSC VIC MODEL
Uttarakhand,Haridwar,2025-02-28,2025,02,8.0247636146,NRSC VIC MODEL
Uttarakhand,Haridwar,2025-02-25,2025,02,0.0006729881,NRSC VIC MODEL
Uttarakhand,Haridwar,2025-02-17,2025,02,0,NRSC VIC MODEL
Uttarakhand,Haridwar,2025-02-10,2025,02,0,NRSC VIC MODEL
Uttarakhand,Haridwar,2025-02-04,2025,02,0,NRSC VIC MODEL
Uttarakhand,Nainital,2025-02-09,2025,02,0,NRSC VIC MODEL
Uttarakhand,Nainital,2025-02-25,2025,02,0.0013179652,NRSC VIC MODEL
Uttarakhand,Nainital,2025-02-07,2025,02,0,NRSC VIC MODEL
Uttarakhand,Nainital,2025-02-06,2025,02,0,NRSC VIC MODEL
Uttarakhand,Nainital,2025-02-18,2025,02,0,NRSC VIC MODEL
Uttarakhand,Nainital,2025-02-17,2025,02,0.0001537883,NRSC VIC MODEL
Uttarakhand,Pauri Garhwal,2025-02-27,2025,02,0.2651417942,NRSC VIC MODEL
Uttarakhand,Pauri Garhwal,2025-02-18,2025,02,0,NRSC VIC MODEL
Uttarakhand,Pauri Garhwal,2025-02-04,2025,02,0,NRSC VIC MODEL
Uttarakhand,Pauri Garhwal,2025-02-01,2025,02,0,NRSC VIC MODEL
Uttarakhand,Pauri Garhwal,2025-02-20,2025,02,0.4318122317,NRSC VIC MODEL
Uttarakhand,Pauri Garhwal,2025-02-17,2025,02,0.0203008028,NRSC VIC MODEL
Uttarakhand,Pauri Garhwal,2025-02-06,2025,02,0,NRSC VIC MODEL
Uttarakhand,Pithoragarh,2025-02-09,2025,02,0,NRSC VIC MODEL
Uttarakhand,Pithoragarh,2025-02-19,2025,02,0.0029483117,NRSC VIC MODEL
Uttarakhand,Pithoragarh,2025-02-04,2025,02,0,NRSC VIC MODEL
Uttarakhand,Pithoragarh,2025-02-27,2025,02,0.3213715773,NRSC VIC MODEL
Uttarakhand,Pithoragarh,2025-02-25,2025,02,0.0345034475,NRSC VIC MODEL
Uttarakhand,Pithoragarh,2025-02-16,2025,02,0.6014609736,NRSC VIC MODEL
Uttarakhand,Pithoragarh,2025-02-24,2025,02,0.0264052749,NRSC VIC MODEL
Uttarakhand,Pithoragarh,2025-02-23,2025,02,0.1507080855,NRSC VIC MODEL
Uttarakhand,Rudra Prayag,2025-02-14,2025,02,0.0148067941,NRSC VIC MODEL
Uttarakhand,Rudra Prayag,2025-02-21,2025,02,9.0070260982,NRSC VIC MODEL
Uttarakhand,Rudra Prayag,2025-02-07,2025,02,0,NRSC VIC MODEL
Uttarakhand,Rudra Prayag,2025-02-28,2025,02,65.5819777913,NRSC VIC MODEL
Uttarakhand,Tehri Garhwal,2025-02-10,2025,02,0,NRSC VIC MODEL
Uttarakhand,Tehri Garhwal,2025-02-13,2025,02,0,NRSC VIC MODEL
Uttarakhand,Tehri Garhwal,2025-02-28,2025,02,38.0883196433,NRSC VIC MODEL
Uttarakhand,Tehri Garhwal,2025-02-25,2025,02,0.1130844024,NRSC VIC MODEL
Uttarakhand,Tehri Garhwal,2025-02-21,2025,02,12.6969267279,NRSC VIC MODEL
Uttarakhand,Tehri Garhwal,2025-02-09,2025,02,0,NRSC VIC MODEL
Uttarakhand,Udam Singh Nagar,2025-02-13,2025,02,0,NRSC VIC MODEL
Uttarakhand,Udam Singh Nagar,2025-02-10,2025,02,0,NRSC VIC MODEL
Uttarakhand,Udam Singh Nagar,2025-02-05,2025,02,0.0539398096,NRSC VIC MODEL
Uttarakhand,Udam Singh Nagar,2025-02-15,2025,02,0,NRSC VIC MODEL
Uttarakhand,Udam Singh Nagar,2025-02-20,2025,02,0.3896674362,NRSC VIC MODEL
Uttarakhand,Udam Singh Nagar,2025-02-25,2025,02,0.0002903681,NRSC VIC MODEL
Uttarakhand,Udam Singh Nagar,2025-02-09,2025,02,0,NRSC VIC MODEL
Uttarakhand,Uttar Kashi,2025-02-16,2025,02,0.0590013031,NRSC VIC MODEL
Uttarakhand,Uttar Kashi,2025-02-06,2025,02,0,NRSC VIC MODEL
Uttarakhand,Uttar Kashi,2025-02-21,2025,02,7.8612846848,NRSC VIC MODEL
Uttarakhand,Uttar Kashi,2025-02-05,2025,02,0,NRSC VIC MODEL
Uttarakhand,Uttar Kashi,2025-02-07,2025,02,0,NRSC VIC MODEL
Uttarakhand,Uttar Kashi,2025-02-24,2025,02,0.3801320218,NRSC VIC MODEL
Uttarakhand,Uttar Kashi,2025-03-14,2025,03,6.180203292,NRSC VIC MODEL
Uttarakhand,Uttar Kashi,2025-03-01,2025,03,2.5575352845,NRSC VIC MODEL
Uttarakhand,Almora,2025-03-07,2025,03,0.0032374756,NRSC VIC MODEL
Uttarakhand,Almora,2025-03-29,2025,03,0.0013581269,NRSC VIC MODEL
Uttarakhand,Bageshwar,2025-03-07,2025,03,3.3651469639,NRSC VIC MODEL
Uttarakhand,Bageshwar,2025-03-01,2025,03,3.8451739182,NRSC VIC MODEL
Uttarakhand,Bageshwar,2025-03-16,2025,03,2.2243663946,NRSC VIC MODEL
Uttarakhand,Bageshwar,2025-03-18,2025,03,1.4931149123,NRSC VIC MODEL
Uttarakhand,Bageshwar,2025-03-12,2025,03,0.0366140806,NRSC VIC MODEL
Uttarakhand,Bageshwar,2025-03-13,2025,03,3.9737471245,NRSC VIC MODEL
Uttarakhand,Bageshwar,2025-03-06,2025,03,0.0006944293,NRSC VIC MODEL
Uttarakhand,Chamoli,2025-03-02,2025,03,0.0092789732,NRSC VIC MODEL
Uttarakhand,Chamoli,2025-03-25,2025,03,1.1424468216,NRSC VIC MODEL
Uttarakhand,Chamoli,2025-03-29,2025,03,0.0282459007,NRSC VIC MODEL
Uttarakhand,Chamoli,2025-03-16,2025,03,1.4491200244,NRSC VIC MODEL
Uttarakhand,Chamoli,2025-03-31,2025,03,0,NRSC VIC MODEL
Uttarakhand,Chamoli,2025-03-27,2025,03,0.2435126683,NRSC VIC MODEL
Uttarakhand,Chamoli,2025-03-10,2025,03,0.0152006433,NRSC VIC MODEL
Uttarakhand,Chamoli,2025-03-05,2025,03,0.4345749312,NRSC VIC MODEL
Uttarakhand,Champawat,2025-03-23,2025,03,0.8512526377,NRSC VIC MODEL
Uttarakhand,Champawat,2025-03-05,2025,03,0.6411064306,NRSC VIC MODEL
Uttarakhand,Champawat,2025-03-30,2025,03,0.0046782216,NRSC VIC MODEL
Uttarakhand,Champawat,2025-03-03,2025,03,0,NRSC VIC MODEL
Uttarakhand,Champawat,2025-03-29,2025,03,0.0001165057,NRSC VIC MODEL
Uttarakhand,Champawat,2025-03-27,2025,03,0,NRSC VIC MODEL
Uttarakhand,Champawat,2025-03-15,2025,03,1.3183586029,NRSC VIC MODEL
Uttarakhand,Champawat,2025-03-17,2025,03,4.4554753773,NRSC VIC MODEL
Uttarakhand,Champawat,2025-03-31,2025,03,0,NRSC VIC MODEL
Uttarakhand,Dehradun,2025-03-16,2025,03,4.34565614,NRSC VIC MODEL
Uttarakhand,Dehradun,2025-03-27,2025,03,0.0004453639,NRSC VIC MODEL
Uttarakhand,Dehradun,2025-03-22,2025,03,0.1188852029,NRSC VIC MODEL
Uttarakhand,Dehradun,2025-03-14,2025,03,1.1711599463,NRSC VIC MODEL
Uttarakhand,Dehradun,2025-03-28,2025,03,0.0003677689,NRSC VIC MODEL
Uttarakhand,Dehradun,2025-03-13,2025,03,0.8638039802,NRSC VIC MODEL
Uttarakhand,Dehradun,2025-03-12,2025,03,0,NRSC VIC MODEL
Uttarakhand,Haridwar,2025-03-05,2025,03,0.2482737413,NRSC VIC MODEL
Uttarakhand,Haridwar,2025-03-11,2025,03,0,NRSC VIC MODEL
Uttarakhand,Haridwar,2025-03-09,2025,03,0,NRSC VIC MODEL
Uttarakhand,Haridwar,2025-03-25,2025,03,0,NRSC VIC MODEL
Uttarakhand,Nainital,2025-03-28,2025,03,0,NRSC VIC MODEL
Uttarakhand,Nainital,2025-03-15,2025,03,1.0028550276,NRSC VIC MODEL
Uttarakhand,Nainital,2025-03-20,2025,03,0,NRSC VIC MODEL
Uttarakhand,Nainital,2025-03-08,2025,03,0.0001421066,NRSC VIC MODEL
Uttarakhand,Nainital,2025-03-14,2025,03,0.8584431907,NRSC VIC MODEL
Uttarakhand,Nainital,2025-03-10,2025,03,0,NRSC VIC MODEL
Uttarakhand,Pauri Garhwal,2025-03-25,2025,03,0,NRSC VIC MODEL
Uttarakhand,Pauri Garhwal,2025-03-02,2025,03,0,NRSC VIC MODEL
Uttarakhand,Pauri Garhwal,2025-03-10,2025,03,0,NRSC VIC MODEL
Uttarakhand,Pauri Garhwal,2025-03-19,2025,03,0.0002056058,NRSC VIC MODEL
Uttarakhand,Pauri Garhwal,2025-03-11,2025,03,0,NRSC VIC MODEL
Uttarakhand,Pithoragarh,2025-03-16,2025,03,3.8840062075,NRSC VIC MODEL
Uttarakhand,Pithoragarh,2025-03-31,2025,03,0.0049940685,NRSC VIC MODEL
Uttarakhand,Pithoragarh,2025-03-04,2025,03,1.3223086484,NRSC VIC MODEL
Uttarakhand,Pithoragarh,2025-03-06,2025,03,0.0059852125,NRSC VIC MODEL
Uttarakhand,Pithoragarh,2025-03-23,2025,03,0.0510836297,NRSC VIC MODEL
Uttarakhand,Pithoragarh,2025-03-10,2025,03,0.0484232903,NRSC VIC MODEL
Uttarakhand,Pithoragarh,2025-03-18,2025,03,0.0534960677,NRSC VIC MODEL
Uttarakhand,Pithoragarh,2025-03-21,2025,03,0,NRSC VIC MODEL
Uttarakhand,Pithoragarh,2025-03-12,2025,03,0.3840783467,NRSC VIC MODEL
Uttarakhand,Pithoragarh,2025-03-08,2025,03,0.0534759019,NRSC VIC MODEL
Uttarakhand,Pithoragarh,2025-03-09,2025,03,0.0067632008,NRSC VIC MODEL
Uttarakhand,Rudra Prayag,2025-03-01,2025,03,3.3405405379,NRSC VIC MODEL
Uttarakhand,Rudra Prayag,2025-03-20,2025,03,1.3849e-06,NRSC VIC MODEL
Uttarakhand,Rudra Prayag,2025-03-05,2025,03,0.0106233397,NRSC VIC MODEL
Uttarakhand,Rudra Prayag,2025-03-23,2025,03,0.2104767669,NRSC VIC MODEL
Uttarakhand,Rudra Prayag,2025-03-25,2025,03,0.6161535696,NRSC VIC MODEL
Uttarakhand,Tehri Garhwal,2025-03-22,2025,03,0.0910197955,NRSC VIC MODEL
Uttarakhand,Tehri Garhwal,2025-03-05,2025,03,0.3382962909,NRSC VIC MODEL
Uttarakhand,Tehri Garhwal,2025-03-04,2025,03,6.6959212157,NRSC VIC MODEL
Uttarakhand,Tehri Garhwal,2025-03-09,2025,03,0.0045382823,NRSC VIC MODEL
Uttarakhand,Tehri Garhwal,2025-03-13,2025,03,2.3360191007,NRSC VIC MODEL
Uttarakhand,Tehri Garhwal,2025-03-31,2025,03,0,NRSC VIC MODEL
Uttarakhand,Tehri Garhwal,2025-03-20,2025,03,0.0002398432,NRSC VIC MODEL
Uttarakhand,Udam Singh Nagar,2025-03-21,2025,03,0,NRSC VIC MODEL
Uttarakhand,Udam Singh Nagar,2025-03-09,2025,03,0,NRSC VIC MODEL
Uttarakhand,Udam Singh Nagar,2025-03-19,2025,03,0,NRSC VIC MODEL
Uttarakhand,Udam Singh Nagar,2025-03-11,2025,03,0,NRSC VIC MODEL
Uttarakhand,Udam Singh Nagar,2025-03-04,2025,03,0.9598202299,NRSC VIC MODEL
Uttarakhand,Udam Singh Nagar,2025-03-16,2025,03,2.1821381667,NRSC VIC MODEL
Uttarakhand,Uttar Kashi,2025-03-21,2025,03,0.0001061288,NRSC VIC MODEL
Uttarakhand,Uttar Kashi,2025-03-27,2025,03,0.1134023422,NRSC VIC MODEL
Uttarakhand,Nainital,2025-05-07,2025,05,0.5288862909,NRSC VIC MODEL
Uttarakhand,Nainital,2025-05-30,2025,05,0.880168369,NRSC VIC MODEL
Uttarakhand,Pauri Garhwal,2025-05-22,2025,05,7.8166918858,NRSC VIC MODEL
Uttarakhand,Pauri Garhwal,2025-05-06,2025,05,1.3992945527,NRSC VIC MODEL
Uttarakhand,Pauri Garhwal,2025-05-03,2025,05,1.480242813,NRSC VIC MODEL
Uttarakhand,Pauri Garhwal,2025-05-09,2025,05,2.0767140931,NRSC VIC MODEL
Uttarakhand,Pithoragarh,2025-05-01,2025,05,0.0661367183,NRSC VIC MODEL
Uttarakhand,Pithoragarh,2025-05-10,2025,05,1.0370361715,NRSC VIC MODEL
Uttarakhand,Pithoragarh,2025-05-09,2025,05,0.7985638666,NRSC VIC MODEL
Uttarakhand,Pithoragarh,2025-05-16,2025,05,1.8499524459,NRSC VIC MODEL
Uttarakhand,Pithoragarh,2025-05-24,2025,05,0.5864401446,NRSC VIC MODEL
Uttarakhand,Pithoragarh,2025-05-03,2025,05,0.2612511071,NRSC VIC MODEL
Uttarakhand,Pithoragarh,2025-05-17,2025,05,1.6477544734,NRSC VIC MODEL
Uttarakhand,Pithoragarh,2025-05-07,2025,05,2.1174402121,NRSC VIC MODEL
Uttarakhand,Rudra Prayag,2025-05-29,2025,05,0.8331482433,NRSC VIC MODEL
Uttarakhand,Rudra Prayag,2025-05-03,2025,05,0.0050507131,NRSC VIC MODEL
Uttarakhand,Rudra Prayag,2025-05-23,2025,05,0.2920437173,NRSC VIC MODEL
Uttarakhand,Rudra Prayag,2025-05-05,2025,05,7.3502952268,NRSC VIC MODEL
Uttarakhand,Rudra Prayag,2025-05-18,2025,05,2.0094815335,NRSC VIC MODEL
Uttarakhand,Tehri Garhwal,2025-05-16,2025,05,6.4158933333,NRSC VIC MODEL
Uttarakhand,Tehri Garhwal,2025-05-10,2025,05,4.0998264426,NRSC VIC MODEL
Uttarakhand,Tehri Garhwal,2025-05-27,2025,05,15.56451154,NRSC VIC MODEL
Uttarakhand,Tehri Garhwal,2025-05-17,2025,05,1.4084690642,NRSC VIC MODEL
Uttarakhand,Tehri Garhwal,2025-05-25,2025,05,10.8186897648,NRSC VIC MODEL
Uttarakhand,Tehri Garhwal,2025-05-20,2025,05,0.598775156,NRSC VIC MODEL
Uttarakhand,Tehri Garhwal,2025-05-15,2025,05,0.0413389679,NRSC VIC MODEL
Uttarakhand,Udam Singh Nagar,2025-05-30,2025,05,1.0186229417,NRSC VIC MODEL
Uttarakhand,Udam Singh Nagar,2025-05-10,2025,05,0.001206897,NRSC VIC MODEL
Uttarakhand,Udam Singh Nagar,2025-05-02,2025,05,0.9138007873,NRSC VIC MODEL
Uttarakhand,Udam Singh Nagar,2025-05-19,2025,05,0.0266276736,NRSC VIC MODEL
Uttarakhand,Udam Singh Nagar,2025-05-06,2025,05,1.4400157259,NRSC VIC MODEL
Uttarakhand,Udam Singh Nagar,2025-05-22,2025,05,19.3203952235,NRSC VIC MODEL
Uttarakhand,Udam Singh Nagar,2025-05-24,2025,05,0.5513715793,NRSC VIC MODEL
Uttarakhand,Uttar Kashi,2025-05-03,2025,05,0.3076981831,NRSC VIC MODEL
Uttarakhand,Uttar Kashi,2025-05-26,2025,05,2.0493955047,NRSC VIC MODEL
Uttarakhand,Uttar Kashi,2025-05-17,2025,05,1.316888206,NRSC VIC MODEL
Uttarakhand,Uttar Kashi,2025-05-24,2025,05,0.7450770047,NRSC VIC MODEL
Uttarakhand,Uttar Kashi,2025-05-16,2025,05,1.7539778273,NRSC VIC MODEL
Uttarakhand,Uttar Kashi,2025-05-20,2025,05,0.3798244133,NRSC VIC MODEL
Uttarakhand,Uttar Kashi,2025-05-30,2025,05,5.6259618003,NRSC VIC MODEL
Uttarakhand,Almora,2025-06-25,2025,06,10.3868123672,NRSC VIC MODEL
Uttarakhand,Almora,2025-06-20,2025,06,0.4629435467,NRSC VIC MODEL
Uttarakhand,Almora,2025-06-09,2025,06,6.77488e-05,NRSC VIC MODEL
Uttarakhand,Almora,2025-06-07,2025,06,0,NRSC VIC MODEL
Uttarakhand,Almora,2025-06-13,2025,06,1.3742698914,NRSC VIC MODEL
Uttarakhand,Almora,2025-06-19,2025,06,3.1016841179,NRSC VIC MODEL
Uttarakhand,Almora,2025-06-11,2025,06,1.3554082016,NRSC VIC MODEL
Uttarakhand,Bageshwar,2025-06-18,2025,06,4.2172945637,NRSC VIC MODEL
Uttarakhand,Bageshwar,2025-06-20,2025,06,6.6938872899,NRSC VIC MODEL
Uttarakhand,Bageshwar,2025-06-29,2025,06,36.8946774352,NRSC VIC MODEL
Uttarakhand,Bageshwar,2025-06-26,2025,06,31.7541064747,NRSC VIC MODEL
Uttarakhand,Bageshwar,2025-06-30,2025,06,30.9598049993,NRSC VIC MODEL
Uttarakhand,Bageshwar,2025-06-13,2025,06,7.4446296441,NRSC VIC MODEL
Uttarakhand,Bageshwar,2025-06-22,2025,06,1.2824774334,NRSC VIC MODEL
Uttarakhand,Bageshwar,2025-06-23,2025,06,36.1364784275,NRSC VIC MODEL
Uttarakhand,Chamoli,2025-06-19,2025,06,6.991118795,NRSC VIC MODEL
Uttarakhand,Chamoli,2025-06-27,2025,06,7.3394007794,NRSC VIC MODEL
Uttarakhand,Chamoli,2025-06-24,2025,06,3.7988027771,NRSC VIC MODEL
Uttarakhand,Chamoli,2025-06-06,2025,06,2.7314116039,NRSC VIC MODEL
Uttarakhand,Chamoli,2025-06-21,2025,06,2.8522851825,NRSC VIC MODEL
Uttarakhand,Champawat,2025-06-27,2025,06,2.500449822,NRSC VIC MODEL
Uttarakhand,Champawat,2025-06-26,2025,06,7.7597916238,NRSC VIC MODEL
Uttarakhand,Champawat,2025-06-11,2025,06,7.7290288016,NRSC VIC MODEL
Uttarakhand,Champawat,2025-06-18,2025,06,13.2580501737,NRSC VIC MODEL
Uttarakhand,Champawat,2025-06-19,2025,06,2.1597099484,NRSC VIC MODEL
Uttarakhand,Champawat,2025-06-07,2025,06,0,NRSC VIC MODEL
Uttarakhand,Champawat,2025-06-15,2025,06,1.0477457389,NRSC VIC MODEL
Uttarakhand,Champawat,2025-06-24,2025,06,2.4778600124,NRSC VIC MODEL
Uttarakhand,Champawat,2025-06-21,2025,06,1.132769865,NRSC VIC MODEL
Uttarakhand,Champawat,2025-06-17,2025,06,2.0206650273,NRSC VIC MODEL
Uttarakhand,Champawat,2025-06-22,2025,06,2.7889756185,NRSC VIC MODEL
Uttarakhand,Dehradun,2025-06-10,2025,06,0,NRSC VIC MODEL
Uttarakhand,Dehradun,2025-06-15,2025,06,0.4228566867,NRSC VIC MODEL
Uttarakhand,Dehradun,2025-06-27,2025,06,8.4554308393,NRSC VIC MODEL
Uttarakhand,Dehradun,2025-06-19,2025,06,1.4822995633,NRSC VIC MODEL
Uttarakhand,Dehradun,2025-06-08,2025,06,0,NRSC VIC MODEL
Uttarakhand,Haridwar,2025-06-16,2025,06,21.7831133962,NRSC VIC MODEL
Uttarakhand,Haridwar,2025-06-01,2025,06,0.0407537416,NRSC VIC MODEL
Uttarakhand,Haridwar,2025-06-27,2025,06,4.9841507361,NRSC VIC MODEL
Uttarakhand,Haridwar,2025-06-19,2025,06,3.2801561072,NRSC VIC MODEL
Uttarakhand,Haridwar,2025-06-22,2025,06,23.4341299806,NRSC VIC MODEL
Uttarakhand,Nainital,2025-06-30,2025,06,31.5102382371,NRSC VIC MODEL
Uttarakhand,Nainital,2025-06-02,2025,06,1.0665191404,NRSC VIC MODEL
Uttarakhand,Nainital,2025-06-08,2025,06,0,NRSC VIC MODEL
Uttarakhand,Nainital,2025-06-24,2025,06,8.3247901772,NRSC VIC MODEL
Uttarakhand,Nainital,2025-06-20,2025,06,2.1059751917,NRSC VIC MODEL
Uttarakhand,Nainital,2025-06-11,2025,06,0.2047253529,NRSC VIC MODEL
Uttarakhand,Nainital,2025-06-07,2025,06,0,NRSC VIC MODEL
Uttarakhand,Pauri Garhwal,2025-06-09,2025,06,0.0024302532,NRSC VIC MODEL
Uttarakhand,Pauri Garhwal,2025-06-17,2025,06,2.1117910194,NRSC VIC MODEL
Uttarakhand,Pauri Garhwal,2025-06-20,2025,06,4.3265152116,NRSC VIC MODEL
Uttarakhand,Pauri Garhwal,2025-06-22,2025,06,1.4647843972,NRSC VIC MODEL
Uttarakhand,Pauri Garhwal,2025-06-07,2025,06,0,NRSC VIC MODEL
Uttarakhand,Pithoragarh,2025-06-12,2025,06,6.8726189607,NRSC VIC MODEL
Uttarakhand,Pithoragarh,2025-06-01,2025,06,0.1001846988,NRSC VIC MODEL
Uttarakhand,Pithoragarh,2025-06-03,2025,06,3.6380698023,NRSC VIC MODEL
Uttarakhand,Pithoragarh,2025-06-18,2025,06,4.5927423858,NRSC VIC MODEL
Uttarakhand,Pithoragarh,2025-06-16,2025,06,1.331046383,NRSC VIC MODEL
Uttarakhand,Pithoragarh,2025-06-10,2025,06,0.6791607453,NRSC VIC MODEL
Uttarakhand,Rudra Prayag,2025-06-30,2025,06,22.3562684658,NRSC VIC MODEL
Uttarakhand,Rudra Prayag,2025-06-27,2025,06,6.03427195,NRSC VIC MODEL
Uttarakhand,Rudra Prayag,2025-06-29,2025,06,37.9701901578,NRSC VIC MODEL
Uttarakhand,Rudra Prayag,2025-06-15,2025,06,1.6325181171,NRSC VIC MODEL
Uttarakhand,Rudra Prayag,2025-06-10,2025,06,1.5371079921,NRSC VIC MODEL
Uttarakhand,Rudra Prayag,2025-06-12,2025,06,10.0002405624,NRSC VIC MODEL
Uttarakhand,Tehri Garhwal,2025-06-01,2025,06,0.3163587864,NRSC VIC MODEL
Uttarakhand,Tehri Garhwal,2025-06-08,2025,06,0.0525777831,NRSC VIC MODEL
Uttarakhand,Tehri Garhwal,2025-06-02,2025,06,0.5930284146,NRSC VIC MODEL
Uttarakhand,Tehri Garhwal,2025-06-20,2025,06,2.6782922702,NRSC VIC MODEL
Uttarakhand,Tehri Garhwal,2025-06-25,2025,06,4.4688040388,NRSC VIC MODEL
Uttarakhand,Udam Singh Nagar,2025-06-02,2025,06,0.5377044033,NRSC VIC MODEL
Uttarakhand,Udam Singh Nagar,2025-06-14,2025,06,15.5503039552,NRSC VIC MODEL
Uttarakhand,Udam Singh Nagar,2025-06-09,2025,06,0,NRSC VIC MODEL
Uttarakhand,Udam Singh Nagar,2025-06-05,2025,06,0.3496092404,NRSC VIC MODEL
Uttarakhand,Udam Singh Nagar,2025-06-20,2025,06,1.9526188053,NRSC VIC MODEL
Uttarakhand,Udam Singh Nagar,2025-06-28,2025,06,10.9377086175,NRSC VIC MODEL
Uttarakhand,Udam Singh Nagar,2025-06-11,2025,06,0.1807027909,NRSC VIC MODEL
Uttarakhand,Uttar Kashi,2025-06-21,2025,06,2.5918975768,NRSC VIC MODEL
Uttarakhand,Uttar Kashi,2025-06-05,2025,06,1.2756736203,NRSC VIC MODEL
Uttarakhand,Uttar Kashi,2025-06-17,2025,06,2.3316605908,NRSC VIC MODEL
Uttarakhand,Almora,2025-01-09,2025,01,0,NRSC VIC MODEL
Uttarakhand,Almora,2025-01-14,2025,01,0.0124885943,NRSC VIC MODEL
Uttarakhand,Almora,2025-01-21,2025,01,0,NRSC VIC MODEL
Uttarakhand,Almora,2025-01-23,2025,01,0,NRSC VIC MODEL
Uttarakhand,Almora,2025-01-25,2025,01,0,NRSC VIC MODEL
Uttarakhand,Almora,2025-01-28,2025,01,0,NRSC VIC MODEL
Uttarakhand,Almora,2025-01-31,2025,01,0,NRSC VIC MODEL
Uttarakhand,Almora,2025-02-01,2025,02,0,NRSC VIC MODEL
Uttarakhand,Almora,2025-02-03,2025,02,0,NRSC VIC MODEL
Uttarakhand,Almora,2025-02-13,2025,02,0.0004505696,NRSC VIC MODEL
Uttarakhand,Almora,2025-02-16,2025,02,0.1093756537,NRSC VIC MODEL
Uttarakhand,Almora,2025-02-20,2025,02,0.0050823492,NRSC VIC MODEL
Uttarakhand,Almora,2025-02-22,2025,02,0.0046210556,NRSC VIC MODEL
Uttarakhand,Almora,2025-02-23,2025,02,0.0025753857,NRSC VIC MODEL
Uttarakhand,Almora,2025-02-28,2025,02,21.4832972997,NRSC VIC MODEL
Uttarakhand,Almora,2025-03-02,2025,03,0,NRSC VIC MODEL
Uttarakhand,Almora,2025-03-07,2025,03,0.0032374756,NRSC VIC MODEL
Uttarakhand,Almora,2025-03-08,2025,03,0.0061017449,NRSC VIC MODEL
Uttarakhand,Almora,2025-03-11,2025,03,0,NRSC VIC MODEL
Uttarakhand,Almora,2025-03-13,2025,03,0.39129607,NRSC VIC MODEL
Uttarakhand,Almora,2025-03-24,2025,03,8.322e-06,NRSC VIC MODEL
Uttarakhand,Almora,2025-03-28,2025,03,0.001284506,NRSC VIC MODEL
Uttarakhand,Almora,2025-03-29,2025,03,0.0013581269,NRSC VIC MODEL
Uttarakhand,Almora,2025-04-07,2025,04,0,NRSC VIC MODEL
Uttarakhand,Almora,2025-04-08,2025,04,1.78382e-05,NRSC VIC MODEL
Uttarakhand,Almora,2025-04-11,2025,04,6.5676895282,NRSC VIC MODEL
Uttarakhand,Almora,2025-04-15,2025,04,0.0012222909,NRSC VIC MODEL
Uttarakhand,Almora,2025-04-21,2025,04,0.5539319825,NRSC VIC MODEL
Uttarakhand,Almora,2025-04-22,2025,04,0.0386030117,NRSC VIC MODEL
Uttarakhand,Almora,2025-04-27,2025,04,0.0091438493,NRSC VIC MODEL
Uttarakhand,Almora,2025-04-28,2025,04,0.0067253236,NRSC VIC MODEL
Uttarakhand,Almora,2025-05-19,2025,05,1.8807449058,NRSC VIC MODEL
Uttarakhand,Almora,2025-05-26,2025,05,2.2693376088,NRSC VIC MODEL
Uttarakhand,Almora,2025-05-27,2025,05,0.0011483464,NRSC VIC MODEL
Uttarakhand,Almora,2025-05-28,2025,05,0.4851141594,NRSC VIC MODEL
Uttarakhand,Almora,2025-06-02,2025,06,0.1038725382,NRSC VIC MODEL
Uttarakhand,Almora,2025-06-04,2025,06,12.5476420628,NRSC VIC MODEL
Uttarakhand,Almora,2025-06-05,2025,06,2.9841671135,NRSC VIC MODEL
Uttarakhand,Almora,2025-06-07,2025,06,0,NRSC VIC MODEL
Uttarakhand,Almora,2025-06-10,2025,06,6.44149e-05,NRSC VIC MODEL
Uttarakhand,Almora,2025-06-12,2025,06,0.3651265579,NRSC VIC MODEL
Uttarakhand,Almora,2025-06-16,2025,06,9.0336926117,NRSC VIC MODEL
Uttarakhand,Almora,2025-06-22,2025,06,0.2268081002,NRSC VIC MODEL
Uttarakhand,Almora,2025-06-23,2025,06,4.6106597994,NRSC VIC MODEL
Uttarakhand,Almora,2025-06-25,2025,06,10.3868123672,NRSC VIC MODEL
Uttarakhand,Bageshwar,2025-01-12,2025,01,2.3869408476,NRSC VIC MODEL
Uttarakhand,Bageshwar,2025-01-15,2025,01,1.3884008551,NRSC VIC MODEL
Uttarakhand,Bageshwar,2025-01-17,2025,01,0.6703900864,NRSC VIC MODEL
Uttarakhand,Bageshwar,2025-01-28,2025,01,0,NRSC VIC MODEL
Uttarakhand,Bageshwar,2025-01-30,2025,01,0,NRSC VIC MODEL
Uttarakhand,Bageshwar,2025-01-31,2025,01,0,NRSC VIC MODEL
Uttarakhand,Bageshwar,2025-02-14,2025,02,0.0100407331,NRSC VIC MODEL
Uttarakhand,Bageshwar,2025-02-21,2025,02,3.9064248102,NRSC VIC MODEL
Uttarakhand,Bageshwar,2025-03-05,2025,03,0.1818814783,NRSC VIC MODEL
Uttarakhand,Bageshwar,2025-03-08,2025,03,0.0053846463,NRSC VIC MODEL
Uttarakhand,Bageshwar,2025-03-11,2025,03,0.3854702722,NRSC VIC MODEL
Uttarakhand,Bageshwar,2025-03-14,2025,03,2.6384647537,NRSC VIC MODEL
Uttarakhand,Bageshwar,2025-03-16,2025,03,2.2243663946,NRSC VIC MODEL
Uttarakhand,Bageshwar,2025-03-24,2025,03,0,NRSC VIC MODEL
Uttarakhand,Bageshwar,2025-03-29,2025,03,0.0571257397,NRSC VIC MODEL
Uttarakhand,Bageshwar,2025-03-31,2025,03,0,NRSC VIC MODEL
Uttarakhand,Bageshwar,2025-04-02,2025,04,0,NRSC VIC MODEL
Uttarakhand,Bageshwar,2025-04-05,2025,04,0.0177989421,NRSC VIC MODEL
Uttarakhand,Bageshwar,2025-04-20,2025,04,0.2895945662,NRSC VIC MODEL
Uttarakhand,Bageshwar,2025-04-27,2025,04,0.0279485954,NRSC VIC MODEL
Uttarakhand,Bageshwar,2025-05-03,2025,05,0.0775403036,NRSC VIC MODEL
Uttarakhand,Bageshwar,2025-05-07,2025,05,1.6206636228,NRSC VIC MODEL
Uttarakhand,Bageshwar,2025-05-18,2025,05,2.3366992249,NRSC VIC MODEL
Uttarakhand,Bageshwar,2025-05-22,2025,05,6.6709394474,NRSC VIC MODEL
Uttarakhand,Bageshwar,2025-05-29,2025,05,9.0107674843,NRSC VIC MODEL
Uttarakhand,Bageshwar,2025-05-30,2025,05,6.3444098709,NRSC VIC MODEL
Uttarakhand,Bageshwar,2025-06-05,2025,06,2.2665561489,NRSC VIC MODEL
Uttarakhand,Bageshwar,2025-06-10,2025,06,3.6391844119,NRSC VIC MODEL
Uttarakhand,Bageshwar,2025-06-21,2025,06,6.7246481315,NRSC VIC MODEL
Uttarakhand,Chamoli,2025-01-08,2025,01,0.0154512387,NRSC VIC MODEL
Uttarakhand,Chamoli,2025-01-14,2025,01,0.1001718794,NRSC VIC MODEL
Uttarakhand,Chamoli,2025-02-01,2025,02,0,NRSC VIC MODEL
Uttarakhand,Chamoli,2025-02-08,2025,02,0.4669669464,NRSC VIC MODEL
Uttarakhand,Chamoli,2025-02-28,2025,02,66.7878377527,NRSC VIC MODEL
Uttarakhand,Chamoli,2025-03-08,2025,03,0.0391982177,NRSC VIC MODEL
Uttarakhand,Chamoli,2025-03-10,2025,03,0.0152006433,NRSC VIC MODEL
Uttarakhand,Chamoli,2025-03-14,2025,03,5.5466472642,NRSC VIC MODEL
Uttarakhand,Chamoli,2025-03-15,2025,03,15.9408232427,NRSC VIC MODEL
Uttarakhand,Chamoli,2025-03-16,2025,03,1.4491200244,NRSC VIC MODEL
Uttarakhand,Chamoli,2025-03-17,2025,03,1.4896512938,NRSC VIC MODEL
Uttarakhand,Chamoli,2025-03-22,2025,03,0.4334632624,NRSC VIC MODEL
Uttarakhand,Chamoli,2025-03-26,2025,03,0.0845915661,NRSC VIC MODEL
Uttarakhand,Chamoli,2025-03-28,2025,03,0.0138779805,NRSC VIC MODEL
Uttarakhand,Chamoli,2025-03-30,2025,03,0.0027026657,NRSC VIC MODEL
Uttarakhand,Chamoli,2025-03-31,2025,03,0,NRSC VIC MODEL
Uttarakhand,Chamoli,2025-04-04,2025,04,0,NRSC VIC MODEL
Uttarakhand,Chamoli,2025-04-05,2025,04,0.01915746,NRSC VIC MODEL
Uttarakhand,Chamoli,2025-04-07,2025,04,0.6397026795,NRSC VIC MODEL
Uttarakhand,Chamoli,2025-04-09,2025,04,2.7157129379,NRSC VIC MODEL
Uttarakhand,Chamoli,2025-04-13,2025,04,1.7677273573,NRSC VIC MODEL
Uttarakhand,Chamoli,2025-04-16,2025,04,0.1520211178,NRSC VIC MODEL
Uttarakhand,Chamoli,2025-05-02,2025,05,4.2350687475,NRSC VIC MODEL
Uttarakhand,Chamoli,2025-05-09,2025,05,2.2982448058,NRSC VIC MODEL
Uttarakhand,Chamoli,2025-05-18,2025,05,0.1272817309,NRSC VIC MODEL
Uttarakhand,Chamoli,2025-05-20,2025,05,1.46298396,NRSC VIC MODEL
Uttarakhand,Chamoli,2025-05-24,2025,05,1.9974147592,NRSC VIC MODEL
Uttarakhand,Chamoli,2025-05-25,2025,05,4.0629459968,NRSC VIC MODEL
Uttarakhand,Chamoli,2025-05-31,2025,05,9.0564425545,NRSC VIC MODEL
Uttarakhand,Chamoli,2025-06-01,2025,06,0.3444072755,NRSC VIC MODEL
Uttarakhand,Chamoli,2025-06-02,2025,06,0.5591411026,NRSC VIC MODEL
Uttarakhand,Chamoli,2025-06-12,2025,06,7.2067950525,NRSC VIC MODEL
Uttarakhand,Chamoli,2025-06-17,2025,06,0.321890116,NRSC VIC MODEL
Uttarakhand,Chamoli,2025-06-24,2025,06,3.7988027771,NRSC VIC MODEL
Uttarakhand,Chamoli,2025-06-28,2025,06,22.7470961889,NRSC VIC MODEL
Uttarakhand,Champawat,2025-01-01,2025,01,0,NRSC VIC MODEL
Uttarakhand,Champawat,2025-01-09,2025,01,0,NRSC VIC MODEL
Uttarakhand,Champawat,2025-01-11,2025,01,0.4774545186,NRSC VIC MODEL
Uttarakhand,Champawat,2025-01-25,2025,01,0,NRSC VIC MODEL
Uttarakhand,Champawat,2025-02-01,2025,02,0,NRSC VIC MODEL
Uttarakhand,Champawat,2025-02-04,2025,02,0,NRSC VIC MODEL
Uttarakhand,Champawat,2025-02-06,2025,02,0,NRSC VIC MODEL
Uttarakhand,Champawat,2025-02-08,2025,02,0,NRSC VIC MODEL
Uttarakhand,Champawat,2025-02-13,2025,02,0,NRSC VIC MODEL
Uttarakhand,Champawat,2025-02-28,2025,02,13.0471125587,NRSC VIC MODEL
Uttarakhand,Champawat,2025-03-14,2025,03,0.3977453239,NRSC VIC MODEL
Uttarakhand,Champawat,2025-03-20,2025,03,0,NRSC VIC MODEL
Uttarakhand,Champawat,2025-03-19,2025,03,0.0002330114,NRSC VIC MODEL
Uttarakhand,Champawat,2025-03-25,2025,03,0,NRSC VIC MODEL
Uttarakhand,Champawat,2025-04-04,2025,04,0,NRSC VIC MODEL
Uttarakhand,Champawat,2025-04-06,2025,04,0,NRSC VIC MODEL
Uttarakhand,Champawat,2025-04-10,2025,04,19.0414010337,NRSC VIC MODEL
Uttarakhand,Champawat,2025-04-16,2025,04,0.0002549036,NRSC VIC MODEL
Uttarakhand,Champawat,2025-04-19,2025,04,0,NRSC VIC MODEL
Uttarakhand,Champawat,2025-04-24,2025,04,0,NRSC VIC MODEL
Uttarakhand,Champawat,2025-04-25,2025,04,0,NRSC VIC MODEL
Uttarakhand,Champawat,2025-04-26,2025,04,0,NRSC VIC MODEL
Uttarakhand,Champawat,2025-04-27,2025,04,0,NRSC VIC MODEL
Uttarakhand,Champawat,2025-05-01,2025,05,0.0055900438,NRSC VIC MODEL
Uttarakhand,Champawat,2025-05-04,2025,05,1.2465067088,NRSC VIC MODEL
Uttarakhand,Champawat,2025-05-08,2025,05,0.3213708709,NRSC VIC MODEL
Uttarakhand,Champawat,2025-05-10,2025,05,0.0002330114,NRSC VIC MODEL
Uttarakhand,Champawat,2025-05-17,2025,05,0.1085812305,NRSC VIC MODEL
Uttarakhand,Champawat,2025-05-21,2025,05,3.0080449241,NRSC VIC MODEL
Uttarakhand,Champawat,2025-05-26,2025,05,5.942066497,NRSC VIC MODEL
Uttarakhand,Champawat,2025-06-01,2025,06,0.0029922224,NRSC VIC MODEL
Uttarakhand,Champawat,2025-06-04,2025,06,3.0144741972,NRSC VIC MODEL
Uttarakhand,Champawat,2025-06-05,2025,06,0.9446728598,NRSC VIC MODEL
Uttarakhand,Champawat,2025-06-06,2025,06,2.1354424438,NRSC VIC MODEL
Uttarakhand,Champawat,2025-06-09,2025,06,0.0001165057,NRSC VIC MODEL
Uttarakhand,Champawat,2025-06-13,2025,06,10.3472082545,NRSC VIC MODEL
Uttarakhand,Champawat,2025-06-14,2025,06,2.7889600521,NRSC VIC MODEL
Uttarakhand,Champawat,2025-06-16,2025,06,20.7195204451,NRSC VIC MODEL
Uttarakhand,Champawat,2025-06-18,2025,06,13.2580501737,NRSC VIC MODEL
Uttarakhand,Champawat,2025-06-26,2025,06,7.7597916238,NRSC VIC MODEL
Uttarakhand,Champawat,2025-06-27,2025,06,2.500449822,NRSC VIC MODEL
Uttarakhand,Champawat,2025-06-29,2025,06,15.4645344156,NRSC VIC MODEL
Uttarakhand,Champawat,2025-06-30,2025,06,31.3229081448,NRSC VIC MODEL
Uttarakhand,Dehradun,2025-01-03,2025,01,0.0032676256,NRSC VIC MODEL
Uttarakhand,Dehradun,2025-01-05,2025,01,0,NRSC VIC MODEL
Uttarakhand,Dehradun,2025-01-10,2025,01,0,NRSC VIC MODEL
Uttarakhand,Dehradun,2025-01-13,2025,01,0.9540067932,NRSC VIC MODEL
Uttarakhand,Dehradun,2025-01-15,2025,01,0,NRSC VIC MODEL
Uttarakhand,Dehradun,2025-01-19,2025,01,0.0012909409,NRSC VIC MODEL
Uttarakhand,Dehradun,2025-02-06,2025,02,0,NRSC VIC MODEL
Uttarakhand,Dehradun,2025-02-08,2025,02,0,NRSC VIC MODEL
Uttarakhand,Dehradun,2025-02-13,2025,02,0,NRSC VIC MODEL
Uttarakhand,Dehradun,2025-02-14,2025,02,0,NRSC VIC MODEL
Uttarakhand,Dehradun,2025-02-21,2025,02,8.5849369754,NRSC VIC MODEL
Uttarakhand,Dehradun,2025-03-01,2025,03,2.6516292536,NRSC VIC MODEL
Uttarakhand,Dehradun,2025-03-12,2025,03,0,NRSC VIC MODEL
Uttarakhand,Dehradun,2025-03-21,2025,03,0,NRSC VIC MODEL
Uttarakhand,Dehradun,2025-04-02,2025,04,0,NRSC VIC MODEL
Uttarakhand,Dehradun,2025-04-04,2025,04,0,NRSC VIC MODEL
Uttarakhand,Dehradun,2025-04-06,2025,04,0.0002969093,NRSC VIC MODEL
Uttarakhand,Dehradun,2025-04-08,2025,04,0,NRSC VIC MODEL
Uttarakhand,Dehradun,2025-04-09,2025,04,0.0024905843,NRSC VIC MODEL
Uttarakhand,Dehradun,2025-04-16,2025,04,0.1279126,NRSC VIC MODEL
Uttarakhand,Dehradun,2025-04-17,2025,04,0,NRSC VIC MODEL
Uttarakhand,Dehradun,2025-04-23,2025,04,0,NRSC VIC MODEL
Uttarakhand,Dehradun,2025-04-27,2025,04,0.016616743,NRSC VIC MODEL
Uttarakhand,Dehradun,2025-05-17,2025,05,1.1192252221,NRSC VIC MODEL
Uttarakhand,Dehradun,2025-05-20,2025,05,0.0292675073,NRSC VIC MODEL
Uttarakhand,Dehradun,2025-05-23,2025,05,0.0001721941,NRSC VIC MODEL
Uttarakhand,Dehradun,2025-05-29,2025,05,5.1227497778,NRSC VIC MODEL
Uttarakhand,Dehradun,2025-05-31,2025,05,2.402733189,NRSC VIC MODEL
Uttarakhand,Dehradun,2025-06-08,2025,06,0,NRSC VIC MODEL
Uttarakhand,Dehradun,2025-06-13,2025,06,5.8683213952,NRSC VIC MODEL
Uttarakhand,Dehradun,2025-06-15,2025,06,0.4228566867,NRSC VIC MODEL
Uttarakhand,Dehradun,2025-06-16,2025,06,26.1651615008,NRSC VIC MODEL
Uttarakhand,Dehradun,2025-06-17,2025,06,5.0806852769,NRSC VIC MODEL
Uttarakhand,Dehradun,2025-06-25,2025,06,6.4991258675,NRSC VIC MODEL
Uttarakhand,Dehradun,2025-06-29,2025,06,61.5904748907,NRSC VIC MODEL
Uttarakhand,Haridwar,2025-01-01,2025,01,0,NRSC VIC MODEL
Uttarakhand,Haridwar,2025-01-06,2025,01,0,NRSC VIC MODEL
Uttarakhand,Haridwar,2025-01-10,2025,01,0,NRSC VIC MODEL
Uttarakhand,Haridwar,2025-01-15,2025,01,0,NRSC VIC MODEL
Uttarakhand,Haridwar,2025-01-16,2025,01,2.8923808221,NRSC VIC MODEL
Uttarakhand,Haridwar,2025-01-18,2025,01,0,NRSC VIC MODEL
Uttarakhand,Haridwar,2025-01-19,2025,01,0.0048574141,NRSC VIC MODEL
Uttarakhand,Haridwar,2025-02-04,2025,02,0,NRSC VIC MODEL
Uttarakhand,Haridwar,2025-02-06,2025,02,0,NRSC VIC MODEL
Uttarakhand,Haridwar,2025-02-08,2025,02,0,NRSC VIC MODEL
Uttarakhand,Haridwar,2025-02-07,2025,02,0,NRSC VIC MODEL
Uttarakhand,Haridwar,2025-02-10,2025,02,0,NRSC VIC MODEL
Uttarakhand,Haridwar,2025-02-21,2025,02,1.9872586491,NRSC VIC MODEL
Uttarakhand,Haridwar,2025-02-22,2025,02,0,NRSC VIC MODEL
Uttarakhand,Haridwar,2025-03-11,2025,03,0,NRSC VIC MODEL
Uttarakhand,Haridwar,2025-03-12,2025,03,0,NRSC VIC MODEL
Uttarakhand,Haridwar,2025-03-15,2025,03,0.3488385204,NRSC VIC MODEL
Uttarakhand,Haridwar,2025-03-22,2025,03,0,NRSC VIC MODEL
Uttarakhand,Haridwar,2025-03-27,2025,03,0,NRSC VIC MODEL
Uttarakhand,Haridwar,2025-03-30,2025,03,0,NRSC VIC MODEL
Uttarakhand,Haridwar,2025-04-05,2025,04,0,NRSC VIC MODEL
Uttarakhand,Haridwar,2025-04-10,2025,04,0.0185145551,NRSC VIC MODEL
Uttarakhand,Haridwar,2025-04-16,2025,04,0,NRSC VIC MODEL
Uttarakhand,Haridwar,2025-04-18,2025,04,0,NRSC VIC MODEL
Uttarakhand,Haridwar,2025-04-25,2025,04,0,NRSC VIC MODEL
Uttarakhand,Haridwar,2025-05-08,2025,05,0.3953793197,NRSC VIC MODEL
Uttarakhand,Haridwar,2025-05-15,2025,05,0,NRSC VIC MODEL
Uttarakhand,Haridwar,2025-06-13,2025,06,1.0656145095,NRSC VIC MODEL
Uttarakhand,Haridwar,2025-06-22,2025,06,23.4341299806,NRSC VIC MODEL
Uttarakhand,Haridwar,2025-06-27,2025,06,4.9841507361,NRSC VIC MODEL
Uttarakhand,Haridwar,2025-06-29,2025,06,27.3605272519,NRSC VIC MODEL
Uttarakhand,Nainital,2025-01-03,2025,01,0.2203720565,NRSC VIC MODEL
Uttarakhand,Nainital,2025-01-14,2025,01,0.0001421066,NRSC VIC MODEL
Uttarakhand,Nainital,2025-01-15,2025,01,0,NRSC VIC MODEL
Uttarakhand,Nainital,2025-01-19,2025,01,0.0006637478,NRSC VIC MODEL
Uttarakhand,Nainital,2025-01-20,2025,01,0,NRSC VIC MODEL
Uttarakhand,Nainital,2025-01-23,2025,01,0,NRSC VIC MODEL
Uttarakhand,Nainital,2025-01-30,2025,01,0,NRSC VIC MODEL
Uttarakhand,Nainital,2025-02-05,2025,02,0.1159685193,NRSC VIC MODEL
Uttarakhand,Nainital,2025-02-07,2025,02,0,NRSC VIC MODEL
Uttarakhand,Nainital,2025-02-19,2025,02,5.19172e-05,NRSC VIC MODEL
Uttarakhand,Nainital,2025-03-23,2025,03,0.3165930488,NRSC VIC MODEL
Uttarakhand,Nainital,2025-03-24,2025,03,0.0002050511,NRSC VIC MODEL
Uttarakhand,Nainital,2025-03-29,2025,03,0.0010142474,NRSC VIC MODEL
Uttarakhand,Nainital,2025-04-07,2025,04,0,NRSC VIC MODEL
Uttarakhand,Nainital,2025-04-10,2025,04,10.6471380637,NRSC VIC MODEL
Uttarakhand,Nainital,2025-04-13,2025,04,-0.0014390852,NRSC VIC MODEL
Uttarakhand,Nainital,2025-04-14,2025,04,0.0002131599,NRSC VIC MODEL
Uttarakhand,Nainital,2025-04-18,2025,04,0.0133172629,NRSC VIC MODEL
Uttarakhand,Nainital,2025-04-20,2025,04,5.26402e-05,NRSC VIC MODEL
Uttarakhand,Nainital,2025-05-01,2025,05,0.0001550181,NRSC VIC MODEL
Uttarakhand,Nainital,2025-05-05,2025,05,11.2251678215,NRSC VIC MODEL
Uttarakhand,Nainital,2025-05-10,2025,05,0.0199042796,NRSC VIC MODEL
Uttarakhand,Nainital,2025-05-16,2025,05,1.8815248908,NRSC VIC MODEL
Uttarakhand,Nainital,2025-05-18,2025,05,0.2690398287,NRSC VIC MODEL
Uttarakhand,Nainital,2025-05-21,2025,05,0.7927487147,NRSC VIC MODEL
Uttarakhand,Nainital,2025-06-02,2025,06,1.0665191404,NRSC VIC MODEL
Uttarakhand,Nainital,2025-06-13,2025,06,1.7054838228,NRSC VIC MODEL
Uttarakhand,Nainital,2025-06-17,2025,06,1.552063393,NRSC VIC MODEL
Uttarakhand,Nainital,2025-06-23,2025,06,12.5091294573,NRSC VIC MODEL
Uttarakhand,Pauri Garhwal,2025-01-03,2025,01,0.0008460935,NRSC VIC MODEL
Uttarakhand,Pauri Garhwal,2025-01-05,2025,01,0,NRSC VIC MODEL
Uttarakhand,Pauri Garhwal,2025-01-15,2025,01,0,NRSC VIC MODEL
Uttarakhand,Pauri Garhwal,2025-01-16,2025,01,2.3065420406,NRSC VIC MODEL
Uttarakhand,Pauri Garhwal,2025-02-02,2025,02,0.0628682891,NRSC VIC MODEL
Uttarakhand,Pauri Garhwal,2025-02-04,2025,02,0,NRSC VIC MODEL
Uttarakhand,Pauri Garhwal,2025-02-14,2025,02,0,NRSC VIC MODEL
Uttarakhand,Pauri Garhwal,2025-02-15,2025,02,0.0167597008,NRSC VIC MODEL
Uttarakhand,Pauri Garhwal,2025-02-16,2025,02,0.0515596014,NRSC VIC MODEL
Uttarakhand,Pauri Garhwal,2025-03-01,2025,03,1.2776188187,NRSC VIC MODEL
Uttarakhand,Pauri Garhwal,2025-03-02,2025,03,0,NRSC VIC MODEL
Uttarakhand,Pauri Garhwal,2025-03-06,2025,03,0.0007199942,NRSC VIC MODEL
Uttarakhand,Pauri Garhwal,2025-03-08,2025,03,0.0204190224,NRSC VIC MODEL
Uttarakhand,Pauri Garhwal,2025-03-12,2025,03,0,NRSC VIC MODEL
Uttarakhand,Pauri Garhwal,2025-03-14,2025,03,1.1178278179,NRSC VIC MODEL
Uttarakhand,Pauri Garhwal,2025-03-24,2025,03,0.0241526789,NRSC VIC MODEL
Uttarakhand,Pauri Garhwal,2025-03-25,2025,03,0,NRSC VIC MODEL
Uttarakhand,Pauri Garhwal,2025-03-26,2025,03,0.0003028403,NRSC VIC MODEL
Uttarakhand,Pauri Garhwal,2025-04-07,2025,04,0,NRSC VIC MODEL
Uttarakhand,Pauri Garhwal,2025-04-15,2025,04,0.0046711025,NRSC VIC MODEL
Uttarakhand,Pauri Garhwal,2025-04-21,2025,04,1.7140353484,NRSC VIC MODEL
Uttarakhand,Pauri Garhwal,2025-04-26,2025,04,0,NRSC VIC MODEL
Uttarakhand,Pauri Garhwal,2025-05-03,2025,05,1.480242813,NRSC VIC MODEL
Uttarakhand,Pauri Garhwal,2025-05-06,2025,05,1.3992945527,NRSC VIC MODEL
Uttarakhand,Pauri Garhwal,2025-05-08,2025,05,1.4332105847,NRSC VIC MODEL
Uttarakhand,Pauri Garhwal,2025-05-09,2025,05,2.0767140931,NRSC VIC MODEL
Uttarakhand,Pauri Garhwal,2025-05-19,2025,05,0.2505881362,NRSC VIC MODEL
Uttarakhand,Pauri Garhwal,2025-05-26,2025,05,0.6489115278,NRSC VIC MODEL
Uttarakhand,Pauri Garhwal,2025-05-27,2025,05,1.2276412484,NRSC VIC MODEL
Uttarakhand,Pauri Garhwal,2025-06-05,2025,06,2.6765704482,NRSC VIC MODEL
Uttarakhand,Pauri Garhwal,2025-06-11,2025,06,0.0740463548,NRSC VIC MODEL
Uttarakhand,Pauri Garhwal,2025-06-12,2025,06,0.0962031414,NRSC VIC MODEL
Uttarakhand,Pauri Garhwal,2025-06-22,2025,06,1.4647843972,NRSC VIC MODEL
Uttarakhand,Pauri Garhwal,2025-06-24,2025,06,5.9197795779,NRSC VIC MODEL
Uttarakhand,Pauri Garhwal,2025-06-27,2025,06,4.3449322217,NRSC VIC MODEL
Uttarakhand,Pithoragarh,2025-01-09,2025,01,0,NRSC VIC MODEL
Uttarakhand,Pithoragarh,2025-01-26,2025,01,0,NRSC VIC MODEL
Uttarakhand,Pithoragarh,2025-02-26,2025,02,0.0270086119,NRSC VIC MODEL
Uttarakhand,Pithoragarh,2025-02-27,2025,02,0.3213715773,NRSC VIC MODEL
Uttarakhand,Pithoragarh,2025-03-01,2025,03,6.5488931178,NRSC VIC MODEL
Uttarakhand,Pithoragarh,2025-03-09,2025,03,0.0067632008,NRSC VIC MODEL
Uttarakhand,Pithoragarh,2025-03-12,2025,03,0.3840783467,NRSC VIC MODEL
Uttarakhand,Pithoragarh,2025-03-13,2025,03,8.4990252769,NRSC VIC MODEL
Uttarakhand,Pithoragarh,2025-03-15,2025,03,18.1658780336,NRSC VIC MODEL
Uttarakhand,Pithoragarh,2025-03-21,2025,03,0,NRSC VIC MODEL
Uttarakhand,Pithoragarh,2025-03-29,2025,03,0.0002648886,NRSC VIC MODEL
Uttarakhand,Pithoragarh,2025-04-06,2025,04,0.0065663756,NRSC VIC MODEL
Uttarakhand,Pithoragarh,2025-04-09,2025,04,2.7748299197,NRSC VIC MODEL
Uttarakhand,Pithoragarh,2025-04-11,2025,04,7.9413455974,NRSC VIC MODEL
Uttarakhand,Pithoragarh,2025-04-12,2025,04,8.5033610051,NRSC VIC MODEL
Uttarakhand,Pithoragarh,2025-04-20,2025,04,0.3474896543,NRSC VIC MODEL
Uttarakhand,Pithoragarh,2025-04-26,2025,04,0,NRSC VIC MODEL
Uttarakhand,Pithoragarh,2025-04-28,2025,04,0.0275587162,NRSC VIC MODEL
Uttarakhand,Pithoragarh,2025-05-06,2025,05,0.8368947495,NRSC VIC MODEL
Uttarakhand,Pithoragarh,2025-05-08,2025,05,0.1283958024,NRSC VIC MODEL
Uttarakhand,Pithoragarh,2025-05-22,2025,05,1.0694168751,NRSC VIC MODEL
Uttarakhand,Pithoragarh,2025-05-24,2025,05,0.5864401446,NRSC VIC MODEL
Uttarakhand,Pithoragarh,2025-05-26,2025,05,1.3097145428,NRSC VIC MODEL
Uttarakhand,Pithoragarh,2025-06-01,2025,06,0.1001846988,NRSC VIC MODEL
Uttarakhand,Pithoragarh,2025-06-02,2025,06,0.5118452191,NRSC VIC MODEL
Uttarakhand,Pithoragarh,2025-06-04,2025,06,1.4581118083,NRSC VIC MODEL
Uttarakhand,Pithoragarh,2025-06-10,2025,06,0.6791607453,NRSC VIC MODEL
Uttarakhand,Pithoragarh,2025-06-14,2025,06,9.7075111072,NRSC VIC MODEL
Uttarakhand,Pithoragarh,2025-06-15,2025,06,0.8510480378,NRSC VIC MODEL
Uttarakhand,Pithoragarh,2025-06-17,2025,06,5.788686807,NRSC VIC MODEL
Uttarakhand,Pithoragarh,2025-06-25,2025,06,4.9872913454,NRSC VIC MODEL
Uttarakhand,Pithoragarh,2025-06-26,2025,06,11.0142847591,NRSC VIC MODEL
Uttarakhand,Rudra Prayag,2025-01-01,2025,01,0.0014826954,NRSC VIC MODEL
Uttarakhand,Rudra Prayag,2025-01-04,2025,01,0.0001529001,NRSC VIC MODEL
Uttarakhand,Rudra Prayag,2025-01-06,2025,01,4.91202e-05,NRSC VIC MODEL
Uttarakhand,Rudra Prayag,2025-01-09,2025,01,0,NRSC VIC MODEL
Uttarakhand,Rudra Prayag,2025-01-14,2025,01,0.0001866974,NRSC VIC MODEL
Uttarakhand,Rudra Prayag,2025-01-17,2025,01,0.1840118977,NRSC VIC MODEL
Uttarakhand,Rudra Prayag,2025-01-23,2025,01,0,NRSC VIC MODEL
Uttarakhand,Rudra Prayag,2025-01-27,2025,01,0,NRSC VIC MODEL
Uttarakhand,Rudra Prayag,2025-02-14,2025,02,0.0148067941,NRSC VIC MODEL
Uttarakhand,Rudra Prayag,2025-02-22,2025,02,0.0541723725,NRSC VIC MODEL
Uttarakhand,Rudra Prayag,2025-02-24,2025,02,0.1499178058,NRSC VIC MODEL
Uttarakhand,Rudra Prayag,2025-02-28,2025,02,65.5819777913,NRSC VIC MODEL
Uttarakhand,Rudra Prayag,2025-03-03,2025,03,6.924e-07,NRSC VIC MODEL
Uttarakhand,Rudra Prayag,2025-03-07,2025,03,0.0156942706,NRSC VIC MODEL
Uttarakhand,Rudra Prayag,2025-03-11,2025,03,9.82404e-05,NRSC VIC MODEL
Uttarakhand,Rudra Prayag,2025-03-21,2025,03,0,NRSC VIC MODEL
Uttarakhand,Rudra Prayag,2025-03-27,2025,03,0.4313310359,NRSC VIC MODEL
Uttarakhand,Rudra Prayag,2025-04-04,2025,04,0,NRSC VIC MODEL
Uttarakhand,Rudra Prayag,2025-04-15,2025,04,0.8289342121,NRSC VIC MODEL
Uttarakhand,Rudra Prayag,2025-04-19,2025,04,1.3613796578,NRSC VIC MODEL
Uttarakhand,Rudra Prayag,2025-04-27,2025,04,0.133466598,NRSC VIC MODEL
Uttarakhand,Rudra Prayag,2025-05-10,2025,05,0.6913275434,NRSC VIC MODEL
Uttarakhand,Rudra Prayag,2025-05-22,2025,05,4.1388808855,NRSC VIC MODEL
Uttarakhand,Rudra Prayag,2025-05-23,2025,05,0.2920437173,NRSC VIC MODEL
Uttarakhand,Rudra Prayag,2025-05-29,2025,05,0.8331482433,NRSC VIC MODEL
Uttarakhand,Rudra Prayag,2025-05-30,2025,05,4.1187398905,NRSC VIC MODEL
Uttarakhand,Rudra Prayag,2025-06-01,2025,06,0.0282170642,NRSC VIC MODEL
Uttarakhand,Rudra Prayag,2025-06-04,2025,06,3.9612203869,NRSC VIC MODEL
Uttarakhand,Rudra Prayag,2025-06-10,2025,06,1.5371079921,NRSC VIC MODEL
Uttarakhand,Rudra Prayag,2025-06-11,2025,06,14.296021722,NRSC VIC MODEL
Uttarakhand,Rudra Prayag,2025-06-15,2025,06,1.6325181171,NRSC VIC MODEL
Uttarakhand,Rudra Prayag,2025-06-17,2025,06,0.1983211674,NRSC VIC MODEL
Uttarakhand,Rudra Prayag,2025-06-26,2025,06,18.7180347103,NRSC VIC MODEL
Uttarakhand,Rudra Prayag,2025-06-29,2025,06,37.9701901578,NRSC VIC MODEL
Uttarakhand,Rudra Prayag,2025-06-30,2025,06,22.3562684658,NRSC VIC MODEL
Uttarakhand,Tehri Garhwal,2025-01-02,2025,01,0,NRSC VIC MODEL
Uttarakhand,Tehri Garhwal,2025-01-07,2025,01,0.325124437,NRSC VIC MODEL
Uttarakhand,Tehri Garhwal,2025-01-11,2025,01,2.5627141211,NRSC VIC MODEL
Uttarakhand,Tehri Garhwal,2025-01-15,2025,01,0.2537788326,NRSC VIC MODEL
Uttarakhand,Tehri Garhwal,2025-01-17,2025,01,1.0335249859,NRSC VIC MODEL
Uttarakhand,Tehri Garhwal,2025-01-24,2025,01,0,NRSC VIC MODEL
Uttarakhand,Tehri Garhwal,2025-01-28,2025,01,0,NRSC VIC MODEL
Uttarakhand,Tehri Garhwal,2025-01-30,2025,01,0,NRSC VIC MODEL
Uttarakhand,Tehri Garhwal,2025-02-01,2025,02,0,NRSC VIC MODEL
Uttarakhand,Tehri Garhwal,2025-02-04,2025,02,0,NRSC VIC MODEL
Uttarakhand,Tehri Garhwal,2025-02-17,2025,02,0,NRSC VIC MODEL
Uttarakhand,Tehri Garhwal,2025-02-19,2025,02,0.0084018148,NRSC VIC MODEL
Uttarakhand,Tehri Garhwal,2025-03-07,2025,03,0.0319832323,NRSC VIC MODEL
Uttarakhand,Tehri Garhwal,2025-03-20,2025,03,0.0002398432,NRSC VIC MODEL
Uttarakhand,Tehri Garhwal,2025-03-22,2025,03,0.0910197955,NRSC VIC MODEL
Uttarakhand,Tehri Garhwal,2025-03-23,2025,03,0.05197266,NRSC VIC MODEL
Uttarakhand,Tehri Garhwal,2025-03-31,2025,03,0,NRSC VIC MODEL
Uttarakhand,Tehri Garhwal,2025-04-02,2025,04,0.0308172197,NRSC VIC MODEL
Uttarakhand,Tehri Garhwal,2025-04-04,2025,04,0,NRSC VIC MODEL
Uttarakhand,Tehri Garhwal,2025-04-07,2025,04,0.0046004143,NRSC VIC MODEL
Uttarakhand,Tehri Garhwal,2025-04-23,2025,04,0.0041019547,NRSC VIC MODEL
Uttarakhand,Tehri Garhwal,2025-04-25,2025,04,0.0005518647,NRSC VIC MODEL
Uttarakhand,Tehri Garhwal,2025-04-26,2025,04,0,NRSC VIC MODEL
Uttarakhand,Tehri Garhwal,2025-04-30,2025,04,0.2906015947,NRSC VIC MODEL
Uttarakhand,Tehri Garhwal,2025-05-03,2025,05,0.2794408566,NRSC VIC MODEL
Uttarakhand,Tehri Garhwal,2025-05-04,2025,05,6.8203703231,NRSC VIC MODEL
Uttarakhand,Tehri Garhwal,2025-05-17,2025,05,1.4084690642,NRSC VIC MODEL
Uttarakhand,Tehri Garhwal,2025-05-19,2025,05,4.4602655785,NRSC VIC MODEL
Uttarakhand,Tehri Garhwal,2025-06-11,2025,06,0.6946894251,NRSC VIC MODEL
Uttarakhand,Tehri Garhwal,2025-06-12,2025,06,2.2053509926,NRSC VIC MODEL
Uttarakhand,Tehri Garhwal,2025-06-18,2025,06,3.6262073481,NRSC VIC MODEL
Uttarakhand,Tehri Garhwal,2025-06-29,2025,06,58.9075690524,NRSC VIC MODEL
Uttarakhand,Tehri Garhwal,2025-06-30,2025,06,39.1423483127,NRSC VIC MODEL
Uttarakhand,Udam Singh Nagar,2025-01-03,2025,01,0.2400950665,NRSC VIC MODEL
Uttarakhand,Udam Singh Nagar,2025-01-08,2025,01,0,NRSC VIC MODEL
Uttarakhand,Udam Singh Nagar,2025-01-10,2025,01,0,NRSC VIC MODEL
Uttarakhand,Udam Singh Nagar,2025-01-12,2025,01,2.1028212602,NRSC VIC MODEL
Uttarakhand,Udam Singh Nagar,2025-01-13,2025,01,0.0277937461,NRSC VIC MODEL
Uttarakhand,Udam Singh Nagar,2025-01-18,2025,01,0,NRSC VIC MODEL
Uttarakhand,Udam Singh Nagar,2025-01-27,2025,01,0,NRSC VIC MODEL
Uttarakhand,Udam Singh Nagar,2025-02-05,2025,02,0.0539398096,NRSC VIC MODEL
Uttarakhand,Udam Singh Nagar,2025-02-21,2025,02,1.9282496939,NRSC VIC MODEL
Uttarakhand,Udam Singh Nagar,2025-02-23,2025,02,0.001341553,NRSC VIC MODEL
Uttarakhand,Udam Singh Nagar,2025-02-25,2025,02,0.0002903681,NRSC VIC MODEL
Uttarakhand,Udam Singh Nagar,2025-02-27,2025,02,0.2639649983,NRSC VIC MODEL
Uttarakhand,Udam Singh Nagar,2025-03-07,2025,03,0,NRSC VIC MODEL
Uttarakhand,Udam Singh Nagar,2025-03-09,2025,03,0,NRSC VIC MODEL
Uttarakhand,Udam Singh Nagar,2025-03-11,2025,03,0,NRSC VIC MODEL
Uttarakhand,Udam Singh Nagar,2025-03-16,2025,03,2.1821381667,NRSC VIC MODEL
Uttarakhand,Udam Singh Nagar,2025-04-02,2025,04,0,NRSC VIC MODEL
Uttarakhand,Udam Singh Nagar,2025-04-11,2025,04,2.3426357972,NRSC VIC MODEL
Uttarakhand,Udam Singh Nagar,2025-04-13,2025,04,-0.0108603975,NRSC VIC MODEL
Uttarakhand,Udam Singh Nagar,2025-04-19,2025,04,0,NRSC VIC MODEL
Uttarakhand,Udam Singh Nagar,2025-04-22,2025,04,0,NRSC VIC MODEL
Uttarakhand,Udam Singh Nagar,2025-04-28,2025,04,0.1818732277,NRSC VIC MODEL
Uttarakhand,Udam Singh Nagar,2025-05-07,2025,05,0.043422387,NRSC VIC MODEL
Uttarakhand,Udam Singh Nagar,2025-05-20,2025,05,0.5124557773,NRSC VIC MODEL
Uttarakhand,Udam Singh Nagar,2025-05-26,2025,05,5.8684570524,NRSC VIC MODEL
Uttarakhand,Udam Singh Nagar,2025-05-30,2025,05,1.0186229417,NRSC VIC MODEL
Uttarakhand,Udam Singh Nagar,2025-06-09,2025,06,0,NRSC VIC MODEL
Uttarakhand,Udam Singh Nagar,2025-06-21,2025,06,1.4129784448,NRSC VIC MODEL
Uttarakhand,Udam Singh Nagar,2025-06-30,2025,06,30.7858654872,NRSC VIC MODEL
Uttarakhand,Uttar Kashi,2025-01-01,2025,01,0.0229165261,NRSC VIC MODEL
Uttarakhand,Uttar Kashi,2025-01-02,2025,01,0,NRSC VIC MODEL
Uttarakhand,Uttar Kashi,2025-01-09,2025,01,0.1167475697,NRSC VIC MODEL
Uttarakhand,Uttar Kashi,2025-01-14,2025,01,0.0652963448,NRSC VIC MODEL
Uttarakhand,Uttar Kashi,2025-01-16,2025,01,3.8201574122,NRSC VIC MODEL
Uttarakhand,Uttar Kashi,2025-01-28,2025,01,1.0294e-06,NRSC VIC MODEL
Uttarakhand,Uttar Kashi,2025-02-08,2025,02,0.6450858664,NRSC VIC MODEL
Uttarakhand,Uttar Kashi,2025-02-09,2025,02,0,NRSC VIC MODEL
Uttarakhand,Uttar Kashi,2025-02-07,2025,02,0,NRSC VIC MODEL
Uttarakhand,Uttar Kashi,2025-02-22,2025,02,0.0293745999,NRSC VIC MODEL
Uttarakhand,Uttar Kashi,2025-02-24,2025,02,0.3801320218,NRSC VIC MODEL
Uttarakhand,Uttar Kashi,2025-02-27,2025,02,1.4004860127,NRSC VIC MODEL
Uttarakhand,Uttar Kashi,2025-03-09,2025,03,0.0393382788,NRSC VIC MODEL
Uttarakhand,Uttar Kashi,2025-03-14,2025,03,6.180203292,NRSC VIC MODEL
Uttarakhand,Uttar Kashi,2025-03-17,2025,03,3.114303479,NRSC VIC MODEL
Uttarakhand,Uttar Kashi,2025-03-21,2025,03,0.0001061288,NRSC VIC MODEL
Uttarakhand,Uttar Kashi,2025-03-24,2025,03,0,NRSC VIC MODEL
Uttarakhand,Uttar Kashi,2025-03-27,2025,03,0.1134023422,NRSC VIC MODEL
Uttarakhand,Uttar Kashi,2025-03-28,2025,03,0.0259013162,NRSC VIC MODEL
Uttarakhand,Uttar Kashi,2025-03-30,2025,03,0.0640588925,NRSC VIC MODEL
Uttarakhand,Uttar Kashi,2025-04-02,2025,04,0.0112294404,NRSC VIC MODEL
Uttarakhand,Uttar Kashi,2025-04-11,2025,04,16.2193380719,NRSC VIC MODEL
Uttarakhand,Uttar Kashi,2025-04-15,2025,04,0.2486455021,NRSC VIC MODEL
Uttarakhand,Uttar Kashi,2025-04-16,2025,04,0.3706409149,NRSC VIC MODEL
Uttarakhand,Uttar Kashi,2025-04-26,2025,04,0,NRSC VIC MODEL
Uttarakhand,Uttar Kashi,2025-04-30,2025,04,1.1422980301,NRSC VIC MODEL
Uttarakhand,Uttar Kashi,2025-05-04,2025,05,1.9871192519,NRSC VIC MODEL
Uttarakhand,Uttar Kashi,2025-05-05,2025,05,1.7861610458,NRSC VIC MODEL
Uttarakhand,Uttar Kashi,2025-05-23,2025,05,0.2281533945,NRSC VIC MODEL
Uttarakhand,Uttar Kashi,2025-05-24,2025,05,0.7450770047,NRSC VIC MODEL
Uttarakhand,Uttar Kashi,2025-05-27,2025,05,3.8886051043,NRSC VIC MODEL
Uttarakhand,Uttar Kashi,2025-05-30,2025,05,5.6259618003,NRSC VIC MODEL
Uttarakhand,Uttar Kashi,2025-06-09,2025,06,1.4345703345,NRSC VIC MODEL
Uttarakhand,Uttar Kashi,2025-06-11,2025,06,1.0415278786,NRSC VIC MODEL
Uttarakhand,Uttar Kashi,2025-06-15,2025,06,0.0768786757,NRSC VIC MODEL
Uttarakhand,Uttar Kashi,2025-06-20,2025,06,4.3673596496,NRSC VIC MODEL
Uttarakhand,Uttar Kashi,2025-06-26,2025,06,22.6329487072,NRSC VIC MODEL
Uttarakhand,Almora,2025-01-06,2025,01,0,NRSC VIC MODEL
Uttarakhand,Almora,2025-01-26,2025,01,0,NRSC VIC MODEL
Uttarakhand,Almora,2025-01-25,2025,01,0,NRSC VIC MODEL
Uttarakhand,Almora,2025-01-12,2025,01,4.5796621105,NRSC VIC MODEL
Uttarakhand,Almora,2025-01-30,2025,01,0,NRSC VIC MODEL
Uttarakhand,Almora,2025-01-27,2025,01,0,NRSC VIC MODEL
Uttarakhand,Almora,2025-01-03,2025,01,0.000186307,NRSC VIC MODEL
Uttarakhand,Almora,2025-01-10,2025,01,0,NRSC VIC MODEL
Uttarakhand,Almora,2025-01-19,2025,01,6.48641e-05,NRSC VIC MODEL
Uttarakhand,Almora,2025-01-15,2025,01,0,NRSC VIC MODEL
Uttarakhand,Bageshwar,2025-01-17,2025,01,0.6703900864,NRSC VIC MODEL
Uttarakhand,Bageshwar,2025-01-03,2025,01,1.4061054258,NRSC VIC MODEL
Uttarakhand,Bageshwar,2025-01-07,2025,01,0,NRSC VIC MODEL
Uttarakhand,Bageshwar,2025-01-11,2025,01,0.6832749874,NRSC VIC MODEL
Uttarakhand,Bageshwar,2025-01-24,2025,01,0,NRSC VIC MODEL
Uttarakhand,Bageshwar,2025-01-15,2025,01,1.3884008551,NRSC VIC MODEL
Uttarakhand,Bageshwar,2025-01-25,2025,01,0,NRSC VIC MODEL
Uttarakhand,Chamoli,2025-01-07,2025,01,0,NRSC VIC MODEL
Uttarakhand,Chamoli,2025-01-13,2025,01,10.3084082251,NRSC VIC MODEL
Uttarakhand,Chamoli,2025-01-02,2025,01,0.9666205912,NRSC VIC MODEL
Uttarakhand,Chamoli,2025-01-29,2025,01,0,NRSC VIC MODEL
Uttarakhand,Chamoli,2025-01-24,2025,01,0,NRSC VIC MODEL
Uttarakhand,Champawat,2025-01-04,2025,01,0,NRSC VIC MODEL
Uttarakhand,Champawat,2025-01-21,2025,01,0,NRSC VIC MODEL
Uttarakhand,Champawat,2025-01-09,2025,01,0,NRSC VIC MODEL
Uttarakhand,Champawat,2025-01-17,2025,01,2.9103324604,NRSC VIC MODEL
Uttarakhand,Champawat,2025-01-22,2025,01,0.0005001171,NRSC VIC MODEL
Uttarakhand,Champawat,2025-01-24,2025,01,0,NRSC VIC MODEL
Uttarakhand,Champawat,2025-01-13,2025,01,2.152540423,NRSC VIC MODEL
Uttarakhand,Champawat,2025-01-08,2025,01,0,NRSC VIC MODEL
Uttarakhand,Champawat,2025-01-14,2025,01,0.0001165057,NRSC VIC MODEL
Uttarakhand,Champawat,2025-01-25,2025,01,0,NRSC VIC MODEL
Uttarakhand,Champawat,2025-01-20,2025,01,0,NRSC VIC MODEL
Uttarakhand,Dehradun,2025-01-30,2025,01,0,NRSC VIC MODEL
Uttarakhand,Dehradun,2025-01-02,2025,01,0,NRSC VIC MODEL
Uttarakhand,Dehradun,2025-01-24,2025,01,3.06759e-05,NRSC VIC MODEL
Uttarakhand,Dehradun,2025-01-19,2025,01,0.0012909409,NRSC VIC MODEL
Uttarakhand,Dehradun,2025-01-11,2025,01,3.0292738248,NRSC VIC MODEL
Uttarakhand,Haridwar,2025-01-28,2025,01,0,NRSC VIC MODEL
Uttarakhand,Haridwar,2025-01-27,2025,01,0,NRSC VIC MODEL
Uttarakhand,Haridwar,2025-01-14,2025,01,0,NRSC VIC MODEL
Uttarakhand,Haridwar,2025-01-05,2025,01,0,NRSC VIC MODEL
Uttarakhand,Haridwar,2025-01-07,2025,01,0.0020025887,NRSC VIC MODEL
Uttarakhand,Haridwar,2025-01-24,2025,01,0,NRSC VIC MODEL
Uttarakhand,Haridwar,2025-01-25,2025,01,0,NRSC VIC MODEL
Uttarakhand,Haridwar,2025-01-04,2025,01,0,NRSC VIC MODEL
Uttarakhand,Haridwar,2025-01-11,2025,01,1.0270484619,NRSC VIC MODEL
Uttarakhand,Nainital,2025-01-29,2025,01,0,NRSC VIC MODEL
Uttarakhand,Nainital,2025-01-25,2025,01,0,NRSC VIC MODEL
Uttarakhand,Nainital,2025-01-11,2025,01,1.3309369607,NRSC VIC MODEL
Uttarakhand,Nainital,2025-01-02,2025,01,0,NRSC VIC MODEL
Uttarakhand,Nainital,2025-01-18,2025,01,0,NRSC VIC MODEL
Uttarakhand,Nainital,2025-01-08,2025,01,0,NRSC VIC MODEL
Uttarakhand,Nainital,2025-01-03,2025,01,0.2203720565,NRSC VIC MODEL
Uttarakhand,Pauri Garhwal,2025-01-24,2025,01,0,NRSC VIC MODEL
Uttarakhand,Pauri Garhwal,2025-01-27,2025,01,0,NRSC VIC MODEL
Uttarakhand,Pauri Garhwal,2025-01-02,2025,01,0,NRSC VIC MODEL
Uttarakhand,Pauri Garhwal,2025-01-14,2025,01,0.0142447285,NRSC VIC MODEL
Uttarakhand,Pauri Garhwal,2025-01-31,2025,01,0.0032985125,NRSC VIC MODEL
Uttarakhand,Pauri Garhwal,2025-01-10,2025,01,0,NRSC VIC MODEL
Uttarakhand,Pauri Garhwal,2025-01-09,2025,01,0,NRSC VIC MODEL
Uttarakhand,Pauri Garhwal,2025-01-06,2025,01,0,NRSC VIC MODEL
Uttarakhand,Pauri Garhwal,2025-01-23,2025,01,0,NRSC VIC MODEL
Uttarakhand,Pauri Garhwal,2025-01-12,2025,01,2.2905617909,NRSC VIC MODEL
Uttarakhand,Pauri Garhwal,2025-01-30,2025,01,0,NRSC VIC MODEL
Uttarakhand,Pithoragarh,2025-01-29,2025,01,0.0009184494,NRSC VIC MODEL
Uttarakhand,Pithoragarh,2025-01-24,2025,01,0,NRSC VIC MODEL
Uttarakhand,Pithoragarh,2025-01-04,2025,01,0.0222110983,NRSC VIC MODEL
Uttarakhand,Pithoragarh,2025-01-26,2025,01,0,NRSC VIC MODEL
Uttarakhand,Rudra Prayag,2025-01-21,2025,01,0,NRSC VIC MODEL
Uttarakhand,Rudra Prayag,2025-01-25,2025,01,0,NRSC VIC MODEL
Uttarakhand,Tehri Garhwal,2025-01-17,2025,01,1.0335249859,NRSC VIC MODEL
Uttarakhand,Tehri Garhwal,2025-01-06,2025,01,0.0006949088,NRSC VIC MODEL
Uttarakhand,Tehri Garhwal,2025-01-25,2025,01,0,NRSC VIC MODEL
Uttarakhand,Tehri Garhwal,2025-01-31,2025,01,0.0772583326,NRSC VIC MODEL
Uttarakhand,Tehri Garhwal,2025-01-16,2025,01,1.4826451795,NRSC VIC MODEL
Uttarakhand,Tehri Garhwal,2025-01-21,2025,01,0,NRSC VIC MODEL
Uttarakhand,Tehri Garhwal,2025-01-12,2025,01,1.3533291925,NRSC VIC MODEL
Uttarakhand,Tehri Garhwal,2025-01-04,2025,01,0.0013150609,NRSC VIC MODEL
Uttarakhand,Tehri Garhwal,2025-01-19,2025,01,0.000957106,NRSC VIC MODEL
Uttarakhand,Udam Singh Nagar,2025-01-04,2025,01,0,NRSC VIC MODEL
Uttarakhand,Udam Singh Nagar,2025-01-20,2025,01,0,NRSC VIC MODEL
Uttarakhand,Udam Singh Nagar,2025-01-05,2025,01,0,NRSC VIC MODEL
Uttarakhand,Udam Singh Nagar,2025-01-16,2025,01,1.0590538146,NRSC VIC MODEL
Uttarakhand,Uttar Kashi,2025-01-31,2025,01,0.0291398767,NRSC VIC MODEL
Uttarakhand,Uttar Kashi,2025-01-30,2025,01,0,NRSC VIC MODEL
Uttarakhand,Uttar Kashi,2025-01-21,2025,01,0,NRSC VIC MODEL
Uttarakhand,Uttar Kashi,2025-01-14,2025,01,0.0652963448,NRSC VIC MODEL
Uttarakhand,Uttar Kashi,2025-01-15,2025,01,3.8341438581,NRSC VIC MODEL
Uttarakhand,Uttar Kashi,2025-01-26,2025,01,0,NRSC VIC MODEL
Uttarakhand,Almora,2025-02-15,2025,02,0.0053518874,NRSC VIC MODEL
Uttarakhand,Almora,2025-02-09,2025,02,0,NRSC VIC MODEL
Uttarakhand,Almora,2025-02-26,2025,02,0.1263123881,NRSC VIC MODEL
Uttarakhand,Almora,2025-02-22,2025,02,0.0046210556,NRSC VIC MODEL
Uttarakhand,Bageshwar,2025-02-14,2025,02,0.0100407331,NRSC VIC MODEL
Uttarakhand,Bageshwar,2025-02-20,2025,02,0,NRSC VIC MODEL
Uttarakhand,Bageshwar,2025-02-05,2025,02,0.0357225382,NRSC VIC MODEL
Uttarakhand,Bageshwar,2025-02-22,2025,02,0.0424004807,NRSC VIC MODEL
Uttarakhand,Chamoli,2025-02-10,2025,02,0,NRSC VIC MODEL
Uttarakhand,Chamoli,2025-02-09,2025,02,0,NRSC VIC MODEL
Uttarakhand,Chamoli,2025-02-17,2025,02,0,NRSC VIC MODEL
Uttarakhand,Champawat,2025-02-04,2025,02,0,NRSC VIC MODEL
Uttarakhand,Champawat,2025-02-14,2025,02,0,NRSC VIC MODEL
Uttarakhand,Champawat,2025-02-17,2025,02,0,NRSC VIC MODEL
Uttarakhand,Champawat,2025-02-15,2025,02,0,NRSC VIC MODEL
Uttarakhand,Champawat,2025-02-28,2025,02,13.0471125587,NRSC VIC MODEL
Uttarakhand,Champawat,2025-02-26,2025,02,0.0005825285,NRSC VIC MODEL
Uttarakhand,Dehradun,2025-02-26,2025,02,1.9334229779,NRSC VIC MODEL
Uttarakhand,Dehradun,2025-02-08,2025,02,0,NRSC VIC MODEL
Uttarakhand,Dehradun,2025-02-15,2025,02,0.0962548763,NRSC VIC MODEL
Uttarakhand,Dehradun,2025-02-23,2025,02,0.0140099631,NRSC VIC MODEL
Uttarakhand,Dehradun,2025-02-13,2025,02,0,NRSC VIC MODEL
Uttarakhand,Dehradun,2025-02-14,2025,02,0,NRSC VIC MODEL
Uttarakhand,Dehradun,2025-02-09,2025,02,0,NRSC VIC MODEL
Uttarakhand,Dehradun,2025-02-06,2025,02,0,NRSC VIC MODEL
Uttarakhand,Dehradun,2025-02-27,2025,02,0.6388936624,NRSC VIC MODEL
Uttarakhand,Haridwar,2025-02-13,2025,02,0,NRSC VIC MODEL
Uttarakhand,Haridwar,2025-02-26,2025,02,0.0178047743,NRSC VIC MODEL
Uttarakhand,Haridwar,2025-02-23,2025,02,0,NRSC VIC MODEL
Uttarakhand,Haridwar,2025-02-24,2025,02,0,NRSC VIC MODEL
Uttarakhand,Haridwar,2025-02-18,2025,02,0,NRSC VIC MODEL
Uttarakhand,Haridwar,2025-02-22,2025,02,0,NRSC VIC MODEL
Uttarakhand,Haridwar,2025-02-09,2025,02,0,NRSC VIC MODEL
Uttarakhand,Haridwar,2025-02-14,2025,02,0,NRSC VIC MODEL
Uttarakhand,Nainital,2025-02-03,2025,02,0,NRSC VIC MODEL
Uttarakhand,Nainital,2025-02-23,2025,02,0.013352752,NRSC VIC MODEL
Uttarakhand,Nainital,2025-02-08,2025,02,0,NRSC VIC MODEL
Uttarakhand,Nainital,2025-02-10,2025,02,0,NRSC VIC MODEL
Uttarakhand,Nainital,2025-02-13,2025,02,7.17764e-05,NRSC VIC MODEL
Uttarakhand,Nainital,2025-02-14,2025,02,0,NRSC VIC MODEL
Uttarakhand,Nainital,2025-02-20,2025,02,0.1345182668,NRSC VIC MODEL
Uttarakhand,Pauri Garhwal,2025-02-07,2025,02,0,NRSC VIC MODEL
Uttarakhand,Pauri Garhwal,2025-02-26,2025,02,0.1412869011,NRSC VIC MODEL
Uttarakhand,Pithoragarh,2025-02-07,2025,02,0,NRSC VIC MODEL
Uttarakhand,Pithoragarh,2025-02-10,2025,02,0,NRSC VIC MODEL
Uttarakhand,Pithoragarh,2025-02-03,2025,02,0,NRSC VIC MODEL
Uttarakhand,Pithoragarh,2025-02-05,2025,02,0.0228588855,NRSC VIC MODEL
Uttarakhand,Rudra Prayag,2025-02-20,2025,02,0.7243965262,NRSC VIC MODEL
Uttarakhand,Rudra Prayag,2025-02-13,2025,02,0,NRSC VIC MODEL
Uttarakhand,Rudra Prayag,2025-02-04,2025,02,0,NRSC VIC MODEL
Uttarakhand,Rudra Prayag,2025-02-24,2025,02,0.1499178058,NRSC VIC MODEL
Uttarakhand,Rudra Prayag,2025-02-08,2025,02,0.0990725055,NRSC VIC MODEL
Uttarakhand,Rudra Prayag,2025-02-09,2025,02,0,NRSC VIC MODEL
Uttarakhand,Rudra Prayag,2025-02-06,2025,02,0,NRSC VIC MODEL
Uttarakhand,Rudra Prayag,2025-02-26,2025,02,1.1420457471,NRSC VIC MODEL
Uttarakhand,Tehri Garhwal,2025-02-19,2025,02,0.0084018148,NRSC VIC MODEL
Uttarakhand,Tehri Garhwal,2025-02-26,2025,02,2.2885648245,NRSC VIC MODEL
Uttarakhand,Udam Singh Nagar,2025-02-24,2025,02,5.563e-07,NRSC VIC MODEL
Uttarakhand,Udam Singh Nagar,2025-02-26,2025,02,0.0017432957,NRSC VIC MODEL
Uttarakhand,Udam Singh Nagar,2025-02-04,2025,02,0.1147079921,NRSC VIC MODEL
Uttarakhand,Udam Singh Nagar,2025-02-19,2025,02,0,NRSC VIC MODEL
Uttarakhand,Udam Singh Nagar,2025-02-18,2025,02,0,NRSC VIC MODEL
Uttarakhand,Udam Singh Nagar,2025-02-03,2025,02,0,NRSC VIC MODEL
Uttarakhand,Udam Singh Nagar,2025-02-28,2025,02,5.5692070019,NRSC VIC MODEL
Uttarakhand,Uttar Kashi,2025-02-17,2025,02,0,NRSC VIC MODEL
Uttarakhand,Uttar Kashi,2025-02-14,2025,02,0.1618385386,NRSC VIC MODEL
Uttarakhand,Uttar Kashi,2025-02-08,2025,02,0.6450858664,NRSC VIC MODEL
Uttarakhand,Uttar Kashi,2025-02-23,2025,02,0.0372623633,NRSC VIC MODEL
Uttarakhand,Uttar Kashi,2025-02-04,2025,02,0.0553196265,NRSC VIC MODEL
Uttarakhand,Uttar Kashi,2025-02-28,2025,02,63.3401158622,NRSC VIC MODEL
Uttarakhand,Uttar Kashi,2025-02-19,2025,02,0.0386380985,NRSC VIC MODEL
Uttarakhand,Uttar Kashi,2025-02-13,2025,02,0,NRSC VIC MODEL
Uttarakhand,Uttar Kashi,2025-03-23,2025,03,0.0106730527,NRSC VIC MODEL
Uttarakhand,Uttar Kashi,2025-03-04,2025,03,4.0432667273,NRSC VIC MODEL
Uttarakhand,Almora,2025-03-05,2025,03,0.3156857734,NRSC VIC MODEL
Uttarakhand,Almora,2025-03-02,2025,03,0,NRSC VIC MODEL
Uttarakhand,Almora,2025-03-21,2025,03,0,NRSC VIC MODEL
Uttarakhand,Almora,2025-03-06,2025,03,0.0023169151,NRSC VIC MODEL
Uttarakhand,Almora,2025-03-08,2025,03,0.0061017449,NRSC VIC MODEL
Uttarakhand,Almora,2025-03-28,2025,03,0.001284506,NRSC VIC MODEL
Uttarakhand,Bageshwar,2025-03-30,2025,03,2.257e-07,NRSC VIC MODEL
Uttarakhand,Bageshwar,2025-03-08,2025,03,0.0053846463,NRSC VIC MODEL
Uttarakhand,Bageshwar,2025-03-24,2025,03,0,NRSC VIC MODEL
Uttarakhand,Bageshwar,2025-03-21,2025,03,0,NRSC VIC MODEL
Uttarakhand,Bageshwar,2025-03-05,2025,03,0.1818814783,NRSC VIC MODEL
Uttarakhand,Bageshwar,2025-03-10,2025,03,0,NRSC VIC MODEL
Uttarakhand,Chamoli,2025-03-20,2025,03,0.0023439094,NRSC VIC MODEL
Uttarakhand,Chamoli,2025-03-06,2025,03,0.0064191141,NRSC VIC MODEL
Uttarakhand,Chamoli,2025-03-01,2025,03,3.1809682091,NRSC VIC MODEL
Uttarakhand,Chamoli,2025-03-21,2025,03,0.0618315211,NRSC VIC MODEL
Uttarakhand,Chamoli,2025-03-12,2025,03,0.1633134439,NRSC VIC MODEL
Uttarakhand,Chamoli,2025-03-14,2025,03,5.5466472642,NRSC VIC MODEL
Uttarakhand,Chamoli,2025-03-28,2025,03,0.0138779805,NRSC VIC MODEL
Uttarakhand,Champawat,2025-03-13,2025,03,0.1925349488,NRSC VIC MODEL
Uttarakhand,Champawat,2025-03-14,2025,03,0.3977453239,NRSC VIC MODEL
Uttarakhand,Champawat,2025-03-24,2025,03,0,NRSC VIC MODEL
Uttarakhand,Dehradun,2025-03-24,2025,03,0,NRSC VIC MODEL
Uttarakhand,Dehradun,2025-03-21,2025,03,0,NRSC VIC MODEL
Uttarakhand,Dehradun,2025-03-31,2025,03,0,NRSC VIC MODEL
Uttarakhand,Dehradun,2025-03-06,2025,03,0.0001256339,NRSC VIC MODEL
Uttarakhand,Dehradun,2025-03-03,2025,03,0,NRSC VIC MODEL
Uttarakhand,Haridwar,2025-03-23,2025,03,0,NRSC VIC MODEL
Uttarakhand,Haridwar,2025-03-31,2025,03,0,NRSC VIC MODEL
Uttarakhand,Haridwar,2025-03-14,2025,03,1.2311957749,NRSC VIC MODEL
Uttarakhand,Haridwar,2025-03-06,2025,03,0,NRSC VIC MODEL
Uttarakhand,Haridwar,2025-03-10,2025,03,0,NRSC VIC MODEL
Uttarakhand,Haridwar,2025-03-22,2025,03,0,NRSC VIC MODEL
Uttarakhand,Haridwar,2025-03-12,2025,03,0,NRSC VIC MODEL
Uttarakhand,Haridwar,2025-03-19,2025,03,0.0001757403,NRSC VIC MODEL
Uttarakhand,Haridwar,2025-03-02,2025,03,0,NRSC VIC MODEL
Uttarakhand,Nainital,2025-03-24,2025,03,0.0002050511,NRSC VIC MODEL
Uttarakhand,Nainital,2025-03-25,2025,03,0,NRSC VIC MODEL
Uttarakhand,Nainital,2025-03-22,2025,03,0.0324079415,NRSC VIC MODEL
Uttarakhand,Nainital,2025-03-07,2025,03,5.84247e-05,NRSC VIC MODEL
Uttarakhand,Nainital,2025-03-11,2025,03,0,NRSC VIC MODEL
Uttarakhand,Nainital,2025-03-17,2025,03,1.2821409384,NRSC VIC MODEL
Uttarakhand,Nainital,2025-03-18,2025,03,0.0149030667,NRSC VIC MODEL
Uttarakhand,Pauri Garhwal,2025-03-26,2025,03,0.0003028403,NRSC VIC MODEL
Uttarakhand,Pauri Garhwal,2025-03-20,2025,03,0,NRSC VIC MODEL
Uttarakhand,Pauri Garhwal,2025-03-15,2025,03,1.8424756395,NRSC VIC MODEL
Uttarakhand,Pauri Garhwal,2025-03-04,2025,03,0.4463264143,NRSC VIC MODEL
Uttarakhand,Pauri Garhwal,2025-03-27,2025,03,0,NRSC VIC MODEL
Uttarakhand,Pithoragarh,2025-03-26,2025,03,0,NRSC VIC MODEL
Uttarakhand,Pithoragarh,2025-03-05,2025,03,0.0831623809,NRSC VIC MODEL
Uttarakhand,Pithoragarh,2025-03-01,2025,03,6.5488931178,NRSC VIC MODEL
Uttarakhand,Pithoragarh,2025-03-20,2025,03,0,NRSC VIC MODEL
Uttarakhand,Pithoragarh,2025-03-19,2025,03,0.1107276879,NRSC VIC MODEL
Uttarakhand,Pithoragarh,2025-03-02,2025,03,0.0910263794,NRSC VIC MODEL
Uttarakhand,Rudra Prayag,2025-03-04,2025,03,1.771877108,NRSC VIC MODEL
Uttarakhand,Rudra Prayag,2025-03-06,2025,03,0.0009835982,NRSC VIC MODEL
Uttarakhand,Rudra Prayag,2025-03-19,2025,03,0.0082524196,NRSC VIC MODEL
Uttarakhand,Rudra Prayag,2025-03-17,2025,03,2.1931060777,NRSC VIC MODEL
Uttarakhand,Rudra Prayag,2025-03-30,2025,03,0,NRSC VIC MODEL
Uttarakhand,Tehri Garhwal,2025-03-10,2025,03,0.0012010279,NRSC VIC MODEL
Uttarakhand,Tehri Garhwal,2025-03-25,2025,03,0.1724352828,NRSC VIC MODEL
Uttarakhand,Tehri Garhwal,2025-03-02,2025,03,0.004704919,NRSC VIC MODEL
Uttarakhand,Tehri Garhwal,2025-03-15,2025,03,6.8533872749,NRSC VIC MODEL
Uttarakhand,Udam Singh Nagar,2025-03-13,2025,03,-0.0043580347,NRSC VIC MODEL
Uttarakhand,Udam Singh Nagar,2025-03-03,2025,03,0,NRSC VIC MODEL
Uttarakhand,Udam Singh Nagar,2025-03-30,2025,03,0.0097964406,NRSC VIC MODEL
Uttarakhand,Udam Singh Nagar,2025-03-01,2025,03,0.3930492624,NRSC VIC MODEL
Uttarakhand,Udam Singh Nagar,2025-03-29,2025,03,5.563e-07,NRSC VIC MODEL
Uttarakhand,Udam Singh Nagar,2025-03-27,2025,03,0,NRSC VIC MODEL
Uttarakhand,Udam Singh Nagar,2025-03-22,2025,03,0.0101456383,NRSC VIC MODEL
Uttarakhand,Udam Singh Nagar,2025-03-28,2025,03,0,NRSC VIC MODEL
Uttarakhand,Udam Singh Nagar,2025-03-05,2025,03,0.007162242,NRSC VIC MODEL
Uttarakhand,Udam Singh Nagar,2025-03-15,2025,03,0.5220823831,NRSC VIC MODEL
Uttarakhand,Udam Singh Nagar,2025-03-17,2025,03,0.2981477596,NRSC VIC MODEL
Uttarakhand,Uttar Kashi,2025-03-06,2025,03,0.0255414814,NRSC VIC MODEL
Uttarakhand,Uttar Kashi,2025-03-16,2025,03,2.9457869096,NRSC VIC MODEL
Uttarakhand,Uttar Kashi,2025-03-29,2025,03,0.0002040051,NRSC VIC MODEL
Uttarakhand,Uttar Kashi,2025-03-20,2025,03,0.0772632614,NRSC VIC MODEL
Uttarakhand,Uttar Kashi,2025-03-05,2025,03,0.3462027967,NRSC VIC MODEL
Uttarakhand,Uttar Kashi,2025-03-25,2025,03,0.0756484838,NRSC VIC MODEL
Uttarakhand,Champawat,2025-04-20,2025,04,0.000487915,NRSC VIC MODEL
Uttarakhand,Champawat,2025-04-05,2025,04,0,NRSC VIC MODEL
Uttarakhand,Champawat,2025-04-02,2025,04,0,NRSC VIC MODEL
Uttarakhand,Champawat,2025-04-21,2025,04,0.0036589142,NRSC VIC MODEL
Uttarakhand,Champawat,2025-04-07,2025,04,0,NRSC VIC MODEL
Uttarakhand,Champawat,2025-04-30,2025,04,0.0051246943,NRSC VIC MODEL
Uttarakhand,Champawat,2025-04-01,2025,04,0.0049917421,NRSC VIC MODEL
Uttarakhand,Dehradun,2025-04-14,2025,04,0,NRSC VIC MODEL
Uttarakhand,Dehradun,2025-04-17,2025,04,0,NRSC VIC MODEL
Uttarakhand,Dehradun,2025-04-06,2025,04,0.0002969093,NRSC VIC MODEL
Uttarakhand,Dehradun,2025-04-09,2025,04,0.0024905843,NRSC VIC MODEL
Uttarakhand,Haridwar,2025-04-14,2025,04,0,NRSC VIC MODEL
Uttarakhand,Haridwar,2025-04-13,2025,04,-5.24229e-05,NRSC VIC MODEL
Uttarakhand,Haridwar,2025-04-10,2025,04,0.0185145551,NRSC VIC MODEL
Uttarakhand,Haridwar,2025-04-27,2025,04,0.0033697645,NRSC VIC MODEL
Uttarakhand,Nainital,2025-04-08,2025,04,0,NRSC VIC MODEL
Uttarakhand,Nainital,2025-04-10,2025,04,10.6471380637,NRSC VIC MODEL
Uttarakhand,Nainital,2025-04-20,2025,04,5.26402e-05,NRSC VIC MODEL
Uttarakhand,Nainital,2025-04-04,2025,04,0,NRSC VIC MODEL
Uttarakhand,Nainital,2025-04-22,2025,04,0.0001872714,NRSC VIC MODEL
Uttarakhand,Nainital,2025-04-02,2025,04,0,NRSC VIC MODEL
Uttarakhand,Nainital,2025-04-25,2025,04,0.0059298007,NRSC VIC MODEL
Uttarakhand,Nainital,2025-04-15,2025,04,0.0002978582,NRSC VIC MODEL
Uttarakhand,Pauri Garhwal,2025-04-01,2025,04,0.0089487041,NRSC VIC MODEL
Uttarakhand,Pauri Garhwal,2025-04-20,2025,04,0.0059921872,NRSC VIC MODEL
Uttarakhand,Pauri Garhwal,2025-04-24,2025,04,0.0064228127,NRSC VIC MODEL
Uttarakhand,Pauri Garhwal,2025-04-16,2025,04,0.0020318781,NRSC VIC MODEL
Uttarakhand,Pithoragarh,2025-04-26,2025,04,0,NRSC VIC MODEL
Uttarakhand,Pithoragarh,2025-04-14,2025,04,0.6847433042,NRSC VIC MODEL
Uttarakhand,Pithoragarh,2025-04-15,2025,04,0.1563902952,NRSC VIC MODEL
Uttarakhand,Pithoragarh,2025-04-28,2025,04,0.0275587162,NRSC VIC MODEL
Uttarakhand,Pithoragarh,2025-04-13,2025,04,1.9508561294,NRSC VIC MODEL
Uttarakhand,Pithoragarh,2025-04-27,2025,04,0.0244970669,NRSC VIC MODEL
Uttarakhand,Rudra Prayag,2025-04-03,2025,04,0,NRSC VIC MODEL
Uttarakhand,Rudra Prayag,2025-04-10,2025,04,7.168778474,NRSC VIC MODEL
Uttarakhand,Rudra Prayag,2025-04-16,2025,04,0.469606936,NRSC VIC MODEL
Uttarakhand,Rudra Prayag,2025-04-26,2025,04,0,NRSC VIC MODEL
Uttarakhand,Rudra Prayag,2025-04-17,2025,04,0.7419006877,NRSC VIC MODEL
Uttarakhand,Tehri Garhwal,2025-04-19,2025,04,0.1028476002,NRSC VIC MODEL
Uttarakhand,Tehri Garhwal,2025-04-17,2025,04,0.0850935886,NRSC VIC MODEL
Uttarakhand,Tehri Garhwal,2025-04-29,2025,04,0.023339216,NRSC VIC MODEL
Uttarakhand,Tehri Garhwal,2025-04-15,2025,04,0.1795636198,NRSC VIC MODEL
Uttarakhand,Tehri Garhwal,2025-04-21,2025,04,1.5612555336,NRSC VIC MODEL
Uttarakhand,Udam Singh Nagar,2025-04-25,2025,04,0,NRSC VIC MODEL
Uttarakhand,Udam Singh Nagar,2025-04-02,2025,04,0,NRSC VIC MODEL
Uttarakhand,Udam Singh Nagar,2025-04-03,2025,04,0.0197103281,NRSC VIC MODEL
Uttarakhand,Udam Singh Nagar,2025-04-21,2025,04,0.0001287266,NRSC VIC MODEL
Uttarakhand,Udam Singh Nagar,2025-04-24,2025,04,0,NRSC VIC MODEL
Uttarakhand,Udam Singh Nagar,2025-04-23,2025,04,0,NRSC VIC MODEL
Uttarakhand,Udam Singh Nagar,2025-04-17,2025,04,1.0163018248,NRSC VIC MODEL
Uttarakhand,Udam Singh Nagar,2025-04-12,2025,04,0.8551402498,NRSC VIC MODEL
Uttarakhand,Uttar Kashi,2025-04-29,2025,04,0.0239368253,NRSC VIC MODEL
Uttarakhand,Uttar Kashi,2025-04-19,2025,04,0.5737523473,NRSC VIC MODEL
Uttarakhand,Uttar Kashi,2025-04-12,2025,04,7.7880134973,NRSC VIC MODEL
Uttarakhand,Uttar Kashi,2025-04-11,2025,04,16.2193380719,NRSC VIC MODEL
Uttarakhand,Uttar Kashi,2025-04-22,2025,04,0.0063840264,NRSC VIC MODEL
Uttarakhand,Uttar Kashi,2025-04-14,2025,04,0.0344374964,NRSC VIC MODEL
Uttarakhand,Uttar Kashi,2025-04-04,2025,04,0,NRSC VIC MODEL
Uttarakhand,Uttar Kashi,2025-04-24,2025,04,0.1431050811,NRSC VIC MODEL
Uttarakhand,Almora,2025-04-17,2025,04,0,NRSC VIC MODEL
Uttarakhand,Almora,2025-04-08,2025,04,1.78382e-05,NRSC VIC MODEL
Uttarakhand,Almora,2025-04-01,2025,04,0,NRSC VIC MODEL
Uttarakhand,Almora,2025-04-22,2025,04,0.0386030117,NRSC VIC MODEL
Uttarakhand,Almora,2025-04-15,2025,04,0.0012222909,NRSC VIC MODEL
Uttarakhand,Almora,2025-04-13,2025,04,0,NRSC VIC MODEL
Uttarakhand,Almora,2025-04-07,2025,04,0,NRSC VIC MODEL
Uttarakhand,Bageshwar,2025-04-21,2025,04,0.8782702081,NRSC VIC MODEL
Uttarakhand,Bageshwar,2025-04-14,2025,04,0.2320529145,NRSC VIC MODEL
Uttarakhand,Bageshwar,2025-04-25,2025,04,0.0086549379,NRSC VIC MODEL
Uttarakhand,Bageshwar,2025-04-15,2025,04,0.3166020607,NRSC VIC MODEL
Uttarakhand,Bageshwar,2025-04-12,2025,04,8.0201258006,NRSC VIC MODEL
Uttarakhand,Bageshwar,2025-04-07,2025,04,0.790588703,NRSC VIC MODEL
Uttarakhand,Bageshwar,2025-04-02,2025,04,0,NRSC VIC MODEL
Uttarakhand,Chamoli,2025-04-20,2025,04,0.5138002149,NRSC VIC MODEL
Uttarakhand,Chamoli,2025-04-11,2025,04,10.7748380631,NRSC VIC MODEL
Uttarakhand,Chamoli,2025-04-17,2025,04,0.3442107373,NRSC VIC MODEL
Uttarakhand,Chamoli,2025-04-22,2025,04,0,NRSC VIC MODEL
Uttarakhand,Chamoli,2025-04-15,2025,04,0.1399181087,NRSC VIC MODEL
Uttarakhand,Chamoli,2025-04-26,2025,04,0,NRSC VIC MODEL
Uttarakhand,Chamoli,2025-04-27,2025,04,0.2137335185,NRSC VIC MODEL
Uttarakhand,Chamoli,2025-04-07,2025,04,0.6397026795,NRSC VIC MODEL
Uttarakhand,Nainital,2025-05-25,2025,05,13.3995969288,NRSC VIC MODEL
Uttarakhand,Nainital,2025-05-23,2025,05,0.0062262765,NRSC VIC MODEL
Uttarakhand,Pauri Garhwal,2025-05-26,2025,05,0.6489115278,NRSC VIC MODEL
Uttarakhand,Pauri Garhwal,2025-05-01,2025,05,0.0002726777,NRSC VIC MODEL
Uttarakhand,Pauri Garhwal,2025-05-02,2025,05,1.6508149336,NRSC VIC MODEL
Uttarakhand,Pauri Garhwal,2025-05-17,2025,05,0.239149702,NRSC VIC MODEL
Uttarakhand,Pauri Garhwal,2025-05-28,2025,05,0.3509199035,NRSC VIC MODEL
Uttarakhand,Pauri Garhwal,2025-05-18,2025,05,0.1685135345,NRSC VIC MODEL
Uttarakhand,Pauri Garhwal,2025-05-21,2025,05,0.9652186138,NRSC VIC MODEL
Uttarakhand,Pauri Garhwal,2025-05-15,2025,05,0.0034960867,NRSC VIC MODEL
Uttarakhand,Pauri Garhwal,2025-05-16,2025,05,0.7160046221,NRSC VIC MODEL
Uttarakhand,Pauri Garhwal,2025-05-19,2025,05,0.2505881362,NRSC VIC MODEL
Uttarakhand,Pithoragarh,2025-05-29,2025,05,3.51781095,NRSC VIC MODEL
Uttarakhand,Pithoragarh,2025-05-22,2025,05,1.0694168751,NRSC VIC MODEL
Uttarakhand,Pithoragarh,2025-05-04,2025,05,1.8409126954,NRSC VIC MODEL
Uttarakhand,Pithoragarh,2025-05-27,2025,05,0.0054499461,NRSC VIC MODEL
Uttarakhand,Pithoragarh,2025-05-20,2025,05,4.8337497885,NRSC VIC MODEL
Uttarakhand,Pithoragarh,2025-05-02,2025,05,3.0761703035,NRSC VIC MODEL
Uttarakhand,Pithoragarh,2025-05-18,2025,05,1.2195271165,NRSC VIC MODEL
Uttarakhand,Rudra Prayag,2025-05-15,2025,05,0.1035896817,NRSC VIC MODEL
Uttarakhand,Rudra Prayag,2025-05-02,2025,05,11.8238726228,NRSC VIC MODEL
Uttarakhand,Rudra Prayag,2025-05-25,2025,05,7.8799187808,NRSC VIC MODEL
Uttarakhand,Rudra Prayag,2025-05-17,2025,05,2.2171205859,NRSC VIC MODEL
Uttarakhand,Rudra Prayag,2025-05-22,2025,05,4.1388808855,NRSC VIC MODEL
Uttarakhand,Rudra Prayag,2025-05-20,2025,05,1.1256936187,NRSC VIC MODEL
Uttarakhand,Tehri Garhwal,2025-05-24,2025,05,2.170871344,NRSC VIC MODEL
Uttarakhand,Tehri Garhwal,2025-05-02,2025,05,1.7270200055,NRSC VIC MODEL
Uttarakhand,Tehri Garhwal,2025-05-22,2025,05,8.954868177,NRSC VIC MODEL
Uttarakhand,Tehri Garhwal,2025-05-29,2025,05,3.9551071031,NRSC VIC MODEL
Uttarakhand,Udam Singh Nagar,2025-05-16,2025,05,0.2858264758,NRSC VIC MODEL
Uttarakhand,Udam Singh Nagar,2025-05-29,2025,05,0.4127292765,NRSC VIC MODEL
Uttarakhand,Udam Singh Nagar,2025-05-31,2025,05,0.4365622312,NRSC VIC MODEL
Uttarakhand,Uttar Kashi,2025-05-25,2025,05,3.3969180734,NRSC VIC MODEL
Uttarakhand,Uttar Kashi,2025-05-31,2025,05,10.7357920502,NRSC VIC MODEL
Uttarakhand,Uttar Kashi,2025-05-23,2025,05,0.2281533945,NRSC VIC MODEL
Uttarakhand,Uttar Kashi,2025-05-04,2025,05,1.9871192519,NRSC VIC MODEL
Uttarakhand,Almora,2025-05-02,2025,05,1.0218560662,NRSC VIC MODEL
Uttarakhand,Almora,2025-05-29,2025,05,2.0246174622,NRSC VIC MODEL
Uttarakhand,Almora,2025-05-22,2025,05,16.7211121349,NRSC VIC MODEL
Uttarakhand,Almora,2025-05-16,2025,05,0.276086501,NRSC VIC MODEL
Uttarakhand,Almora,2025-05-25,2025,05,9.8416028177,NRSC VIC MODEL
Uttarakhand,Bageshwar,2025-05-06,2025,05,3.2917425693,NRSC VIC MODEL
Uttarakhand,Bageshwar,2025-05-22,2025,05,6.6709394474,NRSC VIC MODEL
Uttarakhand,Bageshwar,2025-05-04,2025,05,11.2764155475,NRSC VIC MODEL
Uttarakhand,Bageshwar,2025-05-27,2025,05,0.0290362261,NRSC VIC MODEL
Uttarakhand,Chamoli,2025-05-07,2025,05,4.7190631488,NRSC VIC MODEL
Uttarakhand,Chamoli,2025-05-04,2025,05,7.0816164104,NRSC VIC MODEL
Uttarakhand,Champawat,2025-05-02,2025,05,1.4086700724,NRSC VIC MODEL
Uttarakhand,Champawat,2025-05-22,2025,05,12.8293484082,NRSC VIC MODEL
Uttarakhand,Champawat,2025-05-19,2025,05,4.9036095157,NRSC VIC MODEL
Uttarakhand,Champawat,2025-05-07,2025,05,0.7327708224,NRSC VIC MODEL
Uttarakhand,Champawat,2025-05-03,2025,05,0.0883359504,NRSC VIC MODEL
Uttarakhand,Champawat,2025-05-08,2025,05,0.3213708709,NRSC VIC MODEL
Uttarakhand,Dehradun,2025-05-22,2025,05,8.1369413692,NRSC VIC MODEL
Uttarakhand,Dehradun,2025-05-21,2025,05,3.0424648103,NRSC VIC MODEL
Uttarakhand,Haridwar,2025-05-09,2025,05,5.2739915557,NRSC VIC MODEL
Uttarakhand,Haridwar,2025-05-04,2025,05,0.2070182749,NRSC VIC MODEL
Uttarakhand,Haridwar,2025-05-01,2025,05,0,NRSC VIC MODEL
Uttarakhand,Haridwar,2025-05-25,2025,05,12.9646804025,NRSC VIC MODEL
Uttarakhand,Haridwar,2025-05-03,2025,05,19.1101550125,NRSC VIC MODEL
Uttarakhand,Haridwar,2025-05-07,2025,05,2.3940122027,NRSC VIC MODEL
Uttarakhand,Haridwar,2025-05-24,2025,05,0.0001757403,NRSC VIC MODEL
Uttarakhand,Nainital,2025-05-27,2025,05,0.018012752,NRSC VIC MODEL
Uttarakhand,Champawat,2025-06-01,2025,06,0.0029922224,NRSC VIC MODEL
Uttarakhand,Champawat,2025-06-02,2025,06,1.7490639731,NRSC VIC MODEL
Uttarakhand,Champawat,2025-06-04,2025,06,3.0144741972,NRSC VIC MODEL
Uttarakhand,Dehradun,2025-06-05,2025,06,2.5958767515,NRSC VIC MODEL
Uttarakhand,Dehradun,2025-06-07,2025,06,0,NRSC VIC MODEL
Uttarakhand,Dehradun,2025-06-14,2025,06,1.0818718849,NRSC VIC MODEL
Uttarakhand,Dehradun,2025-06-16,2025,06,26.1651615008,NRSC VIC MODEL
Uttarakhand,Dehradun,2025-06-21,2025,06,15.1239673199,NRSC VIC MODEL
Uttarakhand,Dehradun,2025-06-30,2025,06,48.6417180387,NRSC VIC MODEL
Uttarakhand,Haridwar,2025-06-20,2025,06,5.3976179562,NRSC VIC MODEL
Uttarakhand,Haridwar,2025-06-14,2025,06,2.2691006146,NRSC VIC MODEL
Uttarakhand,Haridwar,2025-06-08,2025,06,0,NRSC VIC MODEL
Uttarakhand,Nainital,2025-06-16,2025,06,11.7453824192,NRSC VIC MODEL
Uttarakhand,Nainital,2025-06-15,2025,06,1.3360356421,NRSC VIC MODEL
Uttarakhand,Nainital,2025-06-19,2025,06,9.8787303076,NRSC VIC MODEL
Uttarakhand,Nainital,2025-06-12,2025,06,3.1202393347,NRSC VIC MODEL
Uttarakhand,Nainital,2025-06-03,2025,06,8.762700952,NRSC VIC MODEL
Uttarakhand,Nainital,2025-06-26,2025,06,7.9670690158,NRSC VIC MODEL
Uttarakhand,Nainital,2025-06-22,2025,06,2.9429279201,NRSC VIC MODEL
Uttarakhand,Nainital,2025-06-25,2025,06,29.111462235,NRSC VIC MODEL
Uttarakhand,Nainital,2025-06-28,2025,06,6.3858273917,NRSC VIC MODEL
Uttarakhand,Pauri Garhwal,2025-06-23,2025,06,9.3564510251,NRSC VIC MODEL
Uttarakhand,Pauri Garhwal,2025-06-06,2025,06,3.2188573835,NRSC VIC MODEL
Uttarakhand,Pauri Garhwal,2025-06-25,2025,06,6.3894926252,NRSC VIC MODEL
Uttarakhand,Pauri Garhwal,2025-06-13,2025,06,1.9250702824,NRSC VIC MODEL
Uttarakhand,Pauri Garhwal,2025-06-05,2025,06,2.6765704482,NRSC VIC MODEL
Uttarakhand,Pauri Garhwal,2025-06-03,2025,06,1.537593159,NRSC VIC MODEL
Uttarakhand,Pithoragarh,2025-06-25,2025,06,4.9872913454,NRSC VIC MODEL
Uttarakhand,Pithoragarh,2025-06-23,2025,06,14.9790172623,NRSC VIC MODEL
Uttarakhand,Pithoragarh,2025-06-13,2025,06,3.1677924344,NRSC VIC MODEL
Uttarakhand,Pithoragarh,2025-06-15,2025,06,0.8510480378,NRSC VIC MODEL
Uttarakhand,Pithoragarh,2025-06-22,2025,06,2.8328833103,NRSC VIC MODEL
Uttarakhand,Pithoragarh,2025-06-11,2025,06,9.8428633744,NRSC VIC MODEL
Uttarakhand,Rudra Prayag,2025-06-07,2025,06,1.0391167738,NRSC VIC MODEL
Uttarakhand,Rudra Prayag,2025-06-01,2025,06,0.0282170642,NRSC VIC MODEL
Uttarakhand,Rudra Prayag,2025-06-28,2025,06,35.2586104713,NRSC VIC MODEL
Uttarakhand,Rudra Prayag,2025-06-18,2025,06,3.2399397491,NRSC VIC MODEL
Uttarakhand,Rudra Prayag,2025-06-04,2025,06,3.9612203869,NRSC VIC MODEL
Uttarakhand,Rudra Prayag,2025-06-26,2025,06,18.7180347103,NRSC VIC MODEL
Uttarakhand,Rudra Prayag,2025-06-05,2025,06,5.6373768313,NRSC VIC MODEL
Uttarakhand,Rudra Prayag,2025-06-14,2025,06,1.9799372856,NRSC VIC MODEL
Uttarakhand,Rudra Prayag,2025-06-13,2025,06,1.80156286,NRSC VIC MODEL
Uttarakhand,Rudra Prayag,2025-06-17,2025,06,0.1983211674,NRSC VIC MODEL
Uttarakhand,Tehri Garhwal,2025-06-22,2025,06,0.7427237366,NRSC VIC MODEL
Uttarakhand,Tehri Garhwal,2025-06-23,2025,06,4.5136700101,NRSC VIC MODEL
Uttarakhand,Tehri Garhwal,2025-06-19,2025,06,1.9454162028,NRSC VIC MODEL
Uttarakhand,Tehri Garhwal,2025-06-03,2025,06,8.7771694478,NRSC VIC MODEL
Uttarakhand,Udam Singh Nagar,2025-06-15,2025,06,1.217669226,NRSC VIC MODEL
Uttarakhand,Udam Singh Nagar,2025-06-01,2025,06,0.7442438686,NRSC VIC MODEL
Uttarakhand,Udam Singh Nagar,2025-06-03,2025,06,3.32764761,NRSC VIC MODEL
Uttarakhand,Udam Singh Nagar,2025-06-13,2025,06,2.247008899,NRSC VIC MODEL
Uttarakhand,Udam Singh Nagar,2025-06-22,2025,06,6.830292351,NRSC VIC MODEL
Uttarakhand,Udam Singh Nagar,2025-06-29,2025,06,26.1494607733,NRSC VIC MODEL
Uttarakhand,Udam Singh Nagar,2025-06-25,2025,06,13.7782422457,NRSC VIC MODEL
Uttarakhand,Udam Singh Nagar,2025-06-08,2025,06,0,NRSC VIC MODEL
Uttarakhand,Uttar Kashi,2025-06-03,2025,06,4.7106086019,NRSC VIC MODEL
Uttarakhand,Uttar Kashi,2025-06-12,2025,06,1.1385532631,NRSC VIC MODEL
Uttarakhand,Uttar Kashi,2025-06-06,2025,06,1.2714412107,NRSC VIC MODEL
Uttarakhand,Uttar Kashi,2025-06-28,2025,06,6.6559665817,NRSC VIC MODEL
Uttarakhand,Uttar Kashi,2025-06-15,2025,06,0.0768786757,NRSC VIC MODEL
Uttarakhand,Uttar Kashi,2025-06-04,2025,06,3.6910862048,NRSC VIC MODEL
Uttarakhand,Almora,2025-06-01,2025,06,0.0176800044,NRSC VIC MODEL
Uttarakhand,Almora,2025-06-22,2025,06,0.2268081002,NRSC VIC MODEL
Uttarakhand,Almora,2025-06-24,2025,06,7.5974339119,NRSC VIC MODEL
Uttarakhand,Almora,2025-06-06,2025,06,2.4970523476,NRSC VIC MODEL
Uttarakhand,Bageshwar,2025-06-05,2025,06,2.2665561489,NRSC VIC MODEL
Uttarakhand,Bageshwar,2025-06-02,2025,06,0.1044171566,NRSC VIC MODEL
Uttarakhand,Bageshwar,2025-06-24,2025,06,16.8433395165,NRSC VIC MODEL
Uttarakhand,Chamoli,2025-06-05,2025,06,3.2083089,NRSC VIC MODEL
Uttarakhand,Chamoli,2025-06-28,2025,06,22.7470961889,NRSC VIC MODEL
Uttarakhand,Chamoli,2025-06-08,2025,06,1.0500497335,NRSC VIC MODEL
Uttarakhand,Chamoli,2025-06-13,2025,06,6.7250373275,NRSC VIC MODEL
Uttarakhand,Chamoli,2025-06-23,2025,06,8.9426717849,NRSC VIC MODEL
Uttarakhand,Chamoli,2025-06-17,2025,06,0.321890116,NRSC VIC MODEL
