State,District,Date,Year,Month,Avg_rainfall,Agency_name
Uttarakhand,Bageshwar,2020-12-06,2020,12,0,NRSC VIC MODEL
Uttarakhand,Bageshwar,2020-12-07,2020,12,0,NRSC VIC MODEL
Uttarakhand,Bageshwar,2020-12-12,2020,12,0,NRSC VIC MODEL
Uttarakhand,Bageshwar,2020-12-18,2020,12,0,NRSC VIC MODEL
Uttarakhand,Bageshwar,2020-12-19,2020,12,0,NRSC VIC MODEL
Uttarakhand,Bageshwar,2020-12-21,2020,12,0,NRSC VIC MODEL
Uttarakhand,Bageshwar,2020-12-23,2020,12,0,NRSC VIC MODEL
Uttarakhand,Bageshwar,2020-12-26,2020,12,0,NRSC VIC MODEL
Uttarakhand,Bageshwar,2020-12-29,2020,12,0,NRSC VIC MODEL
Uttarakhand,Chamoli,2020-01-03,2020,01,3.852035665,NRSC VIC MODEL
Uttarakhand,Chamoli,2020-01-07,2020,01,7.164109348,NRSC VIC MODEL
Uttarakhand,Chamoli,2020-01-09,2020,01,0,NRSC VIC MODEL
Uttarakhand,Chamoli,2020-01-11,2020,01,0,NRSC VIC MODEL
Uttarakhand,Chamoli,2020-01-14,2020,01,3.012024497,NRSC VIC MODEL
Uttarakhand,Chamoli,2020-01-16,2020,01,4.061623419,NRSC VIC MODEL
Uttarakhand,Chamoli,2020-02-03,2020,02,0.081987158,NRSC VIC MODEL
Uttarakhand,Chamoli,2020-02-04,2020,02,1.354080858,NRSC VIC MODEL
Uttarakhand,Chamoli,2020-02-09,2020,02,0,NRSC VIC MODEL
Uttarakhand,Chamoli,2020-02-10,2020,02,0,NRSC VIC MODEL
Uttarakhand,Chamoli,2020-02-12,2020,02,0,NRSC VIC MODEL
Uttarakhand,Chamoli,2020-02-26,2020,02,0,NRSC VIC MODEL
Uttarakhand,Chamoli,2020-03-08,2020,03,0,NRSC VIC MODEL
Uttarakhand,Chamoli,2020-03-09,2020,03,0,NRSC VIC MODEL
Uttarakhand,Chamoli,2020-03-10,2020,03,0.006092905,NRSC VIC MODEL
Uttarakhand,Chamoli,2020-03-16,2020,03,0,NRSC VIC MODEL
Uttarakhand,Chamoli,2020-03-23,2020,03,0.867849381,NRSC VIC MODEL
Uttarakhand,Chamoli,2020-03-30,2020,03,0.1736801,NRSC VIC MODEL
Uttarakhand,Chamoli,2020-04-06,2020,04,1.637273349,NRSC VIC MODEL
Uttarakhand,Chamoli,2020-04-15,2020,04,6.688590633,NRSC VIC MODEL
Uttarakhand,Chamoli,2020-04-16,2020,04,5.577960606,NRSC VIC MODEL
Uttarakhand,Chamoli,2020-04-22,2020,04,1.639545856,NRSC VIC MODEL
Uttarakhand,Chamoli,2020-04-28,2020,04,1.412230506,NRSC VIC MODEL
Uttarakhand,Chamoli,2020-05-03,2020,05,24.63854613,NRSC VIC MODEL
Uttarakhand,Chamoli,2020-05-06,2020,05,5.987073125,NRSC VIC MODEL
Uttarakhand,Chamoli,2020-05-12,2020,05,3.7138822,NRSC VIC MODEL
Uttarakhand,Chamoli,2020-05-15,2020,05,9.274183249,NRSC VIC MODEL
Uttarakhand,Chamoli,2020-05-16,2020,05,0.090151855,NRSC VIC MODEL
Uttarakhand,Chamoli,2020-05-21,2020,05,4.592474961,NRSC VIC MODEL
Uttarakhand,Chamoli,2020-05-22,2020,05,5.211556253,NRSC VIC MODEL
Uttarakhand,Chamoli,2020-05-23,2020,05,3.92601802,NRSC VIC MODEL
Uttarakhand,Chamoli,2020-05-30,2020,05,1.1450068,NRSC VIC MODEL
Uttarakhand,Chamoli,2020-06-01,2020,06,0.140044953,NRSC VIC MODEL
Uttarakhand,Chamoli,2020-06-02,2020,06,0.833625696,NRSC VIC MODEL
Uttarakhand,Chamoli,2020-06-06,2020,06,3.313165711,NRSC VIC MODEL
Uttarakhand,Chamoli,2020-06-07,2020,06,0.529344475,NRSC VIC MODEL
Uttarakhand,Chamoli,2020-06-10,2020,06,2.130305337,NRSC VIC MODEL
Uttarakhand,Chamoli,2020-06-11,2020,06,10.35882913,NRSC VIC MODEL
Uttarakhand,Chamoli,2020-06-12,2020,06,8.700358188,NRSC VIC MODEL
Uttarakhand,Chamoli,2020-06-13,2020,06,9.820983164,NRSC VIC MODEL
Uttarakhand,Chamoli,2020-06-14,2020,06,0.210921321,NRSC VIC MODEL
Uttarakhand,Chamoli,2020-06-19,2020,06,8.598044338,NRSC VIC MODEL
Uttarakhand,Chamoli,2020-06-20,2020,06,5.128824066,NRSC VIC MODEL
Uttarakhand,Chamoli,2020-06-23,2020,06,3.622230083,NRSC VIC MODEL
Uttarakhand,Chamoli,2020-06-25,2020,06,2.930802778,NRSC VIC MODEL
Uttarakhand,Chamoli,2020-07-11,2020,07,2.20870003,NRSC VIC MODEL
Uttarakhand,Chamoli,2020-07-21,2020,07,4.244539831,NRSC VIC MODEL
Uttarakhand,Chamoli,2020-07-23,2020,07,0.394939967,NRSC VIC MODEL
Uttarakhand,Chamoli,2020-07-28,2020,07,6.915722278,NRSC VIC MODEL
Uttarakhand,Chamoli,2020-07-29,2020,07,5.1511375,NRSC VIC MODEL
Uttarakhand,Chamoli,2020-08-02,2020,08,3.296921367,NRSC VIC MODEL
Uttarakhand,Chamoli,2020-08-04,2020,08,6.937967673,NRSC VIC MODEL
Uttarakhand,Chamoli,2020-08-06,2020,08,11.89729264,NRSC VIC MODEL
Uttarakhand,Chamoli,2020-08-08,2020,08,16.87080718,NRSC VIC MODEL
Uttarakhand,Chamoli,2020-08-09,2020,08,16.69227248,NRSC VIC MODEL
Uttarakhand,Chamoli,2020-08-15,2020,08,3.062703447,NRSC VIC MODEL
Uttarakhand,Chamoli,2020-08-26,2020,08,12.79927046,NRSC VIC MODEL
Uttarakhand,Chamoli,2020-08-30,2020,08,0.918579361,NRSC VIC MODEL
Uttarakhand,Chamoli,2020-09-03,2020,09,8.349351091,NRSC VIC MODEL
Uttarakhand,Chamoli,2020-09-06,2020,09,2.49051813,NRSC VIC MODEL
Uttarakhand,Chamoli,2020-09-08,2020,09,1.266626755,NRSC VIC MODEL
Uttarakhand,Chamoli,2020-09-11,2020,09,1.032143482,NRSC VIC MODEL
Uttarakhand,Chamoli,2020-09-13,2020,09,3.757002003,NRSC VIC MODEL
Uttarakhand,Chamoli,2020-09-15,2020,09,5.545835928,NRSC VIC MODEL
Uttarakhand,Chamoli,2020-09-18,2020,09,1.589720797,NRSC VIC MODEL
Uttarakhand,Chamoli,2020-09-24,2020,09,1.509220293,NRSC VIC MODEL
Uttarakhand,Chamoli,2020-09-28,2020,09,1.30467424,NRSC VIC MODEL
Uttarakhand,Chamoli,2020-10-02,2020,10,0,NRSC VIC MODEL
Uttarakhand,Chamoli,2020-10-05,2020,10,0,NRSC VIC MODEL
Uttarakhand,Chamoli,2020-10-15,2020,10,0,NRSC VIC MODEL
Uttarakhand,Chamoli,2020-10-16,2020,10,0,NRSC VIC MODEL
Uttarakhand,Chamoli,2020-10-30,2020,10,0,NRSC VIC MODEL
Uttarakhand,Chamoli,2020-11-03,2020,11,1.65290534,NRSC VIC MODEL
Uttarakhand,Chamoli,2020-11-05,2020,11,0,NRSC VIC MODEL
Uttarakhand,Chamoli,2020-11-15,2020,11,0,NRSC VIC MODEL
Uttarakhand,Chamoli,2020-11-19,2020,11,0,NRSC VIC MODEL
Uttarakhand,Chamoli,2020-11-26,2020,11,1.628720829,NRSC VIC MODEL
Uttarakhand,Chamoli,2020-12-02,2020,12,0,NRSC VIC MODEL
Uttarakhand,Chamoli,2020-12-06,2020,12,0,NRSC VIC MODEL
Uttarakhand,Chamoli,2020-12-07,2020,12,0,NRSC VIC MODEL
Uttarakhand,Chamoli,2020-12-09,2020,12,0,NRSC VIC MODEL
Uttarakhand,Chamoli,2020-12-10,2020,12,0,NRSC VIC MODEL
Uttarakhand,Chamoli,2020-12-13,2020,12,6.481030446,NRSC VIC MODEL
Uttarakhand,Chamoli,2020-12-14,2020,12,0,NRSC VIC MODEL
Uttarakhand,Chamoli,2020-12-22,2020,12,0,NRSC VIC MODEL
Uttarakhand,Chamoli,2020-12-25,2020,12,0,NRSC VIC MODEL
Uttarakhand,Champawat,2020-01-04,2020,01,88.75449434,NRSC VIC MODEL
Uttarakhand,Champawat,2020-01-07,2020,01,3.765114465,NRSC VIC MODEL
Uttarakhand,Champawat,2020-01-11,2020,01,0,NRSC VIC MODEL
Uttarakhand,Champawat,2020-01-16,2020,01,31.62937304,NRSC VIC MODEL
Uttarakhand,Champawat,2020-01-18,2020,01,1.03959355,NRSC VIC MODEL
Uttarakhand,Champawat,2020-01-20,2020,01,0,NRSC VIC MODEL
Uttarakhand,Champawat,2020-01-22,2020,01,0.006089733,NRSC VIC MODEL
Uttarakhand,Champawat,2020-01-25,2020,01,0,NRSC VIC MODEL
Uttarakhand,Champawat,2020-01-29,2020,01,32.95398132,NRSC VIC MODEL
Uttarakhand,Champawat,2020-02-06,2020,02,0,NRSC VIC MODEL
Uttarakhand,Champawat,2020-02-10,2020,02,0,NRSC VIC MODEL
Uttarakhand,Champawat,2020-02-17,2020,02,0,NRSC VIC MODEL
Uttarakhand,Champawat,2020-02-23,2020,02,31.91245428,NRSC VIC MODEL
Uttarakhand,Champawat,2020-03-01,2020,03,0,NRSC VIC MODEL
Uttarakhand,Champawat,2020-03-06,2020,03,37.39645679,NRSC VIC MODEL
Uttarakhand,Champawat,2020-03-09,2020,03,0,NRSC VIC MODEL
Uttarakhand,Champawat,2020-03-15,2020,03,0.066332417,NRSC VIC MODEL
Uttarakhand,Champawat,2020-03-17,2020,03,0,NRSC VIC MODEL
Uttarakhand,Champawat,2020-03-23,2020,03,0,NRSC VIC MODEL
Uttarakhand,Champawat,2020-04-02,2020,04,0.028576072,NRSC VIC MODEL
Uttarakhand,Champawat,2020-04-07,2020,04,1.639599721,NRSC VIC MODEL
Uttarakhand,Champawat,2020-04-08,2020,04,0.429965601,NRSC VIC MODEL
Uttarakhand,Almora,2020-10-27,2020,10,0,NRSC VIC MODEL
Uttarakhand,Almora,2020-10-29,2020,10,0,NRSC VIC MODEL
Uttarakhand,Almora,2020-11-06,2020,11,0,NRSC VIC MODEL
Uttarakhand,Almora,2020-11-13,2020,11,0,NRSC VIC MODEL
Uttarakhand,Almora,2020-11-14,2020,11,0,NRSC VIC MODEL
Uttarakhand,Almora,2020-11-24,2020,11,0,NRSC VIC MODEL
Uttarakhand,Almora,2020-11-27,2020,11,0,NRSC VIC MODEL
Uttarakhand,Almora,2020-11-28,2020,11,0,NRSC VIC MODEL
Uttarakhand,Almora,2020-11-30,2020,11,0,NRSC VIC MODEL
Uttarakhand,Almora,2020-12-09,2020,12,0,NRSC VIC MODEL
Uttarakhand,Almora,2020-12-12,2020,12,0,NRSC VIC MODEL
Uttarakhand,Almora,2020-12-16,2020,12,0,NRSC VIC MODEL
Uttarakhand,Almora,2020-12-17,2020,12,0,NRSC VIC MODEL
Uttarakhand,Almora,2020-12-24,2020,12,0,NRSC VIC MODEL
Uttarakhand,Bageshwar,2020-01-08,2020,01,4.787950504,NRSC VIC MODEL
Uttarakhand,Bageshwar,2020-01-09,2020,01,0,NRSC VIC MODEL
Uttarakhand,Bageshwar,2020-01-13,2020,01,1.434637344,NRSC VIC MODEL
Uttarakhand,Bageshwar,2020-01-14,2020,01,2.095932879,NRSC VIC MODEL
Uttarakhand,Bageshwar,2020-01-15,2020,01,0,NRSC VIC MODEL
Uttarakhand,Bageshwar,2020-01-16,2020,01,11.63151828,NRSC VIC MODEL
Uttarakhand,Bageshwar,2020-01-17,2020,01,3.72284096,NRSC VIC MODEL
Uttarakhand,Bageshwar,2020-01-20,2020,01,0,NRSC VIC MODEL
Uttarakhand,Bageshwar,2020-01-22,2020,01,0,NRSC VIC MODEL
Uttarakhand,Bageshwar,2020-02-02,2020,02,0,NRSC VIC MODEL
Uttarakhand,Bageshwar,2020-02-03,2020,02,0,NRSC VIC MODEL
Uttarakhand,Bageshwar,2020-02-04,2020,02,0.179565939,NRSC VIC MODEL
Uttarakhand,Bageshwar,2020-02-07,2020,02,1.08373607,NRSC VIC MODEL
Uttarakhand,Bageshwar,2020-02-09,2020,02,0,NRSC VIC MODEL
Uttarakhand,Bageshwar,2020-02-11,2020,02,0,NRSC VIC MODEL
Uttarakhand,Bageshwar,2020-02-17,2020,02,0.252851811,NRSC VIC MODEL
Uttarakhand,Bageshwar,2020-02-27,2020,02,0,NRSC VIC MODEL
Uttarakhand,Bageshwar,2020-02-29,2020,02,7.806919302,NRSC VIC MODEL
Uttarakhand,Bageshwar,2020-03-06,2020,03,9.263054314,NRSC VIC MODEL
Uttarakhand,Bageshwar,2020-03-11,2020,03,0.144454278,NRSC VIC MODEL
Uttarakhand,Bageshwar,2020-03-15,2020,03,0,NRSC VIC MODEL
Uttarakhand,Bageshwar,2020-03-20,2020,03,0.276526761,NRSC VIC MODEL
Uttarakhand,Bageshwar,2020-03-29,2020,03,0,NRSC VIC MODEL
Uttarakhand,Bageshwar,2020-04-09,2020,04,1.973095899,NRSC VIC MODEL
Uttarakhand,Bageshwar,2020-04-10,2020,04,16.90963236,NRSC VIC MODEL
Uttarakhand,Bageshwar,2020-04-12,2020,04,10.40130617,NRSC VIC MODEL
Uttarakhand,Bageshwar,2020-04-14,2020,04,23.26847977,NRSC VIC MODEL
Uttarakhand,Bageshwar,2020-04-17,2020,04,6.587629491,NRSC VIC MODEL
Uttarakhand,Bageshwar,2020-04-29,2020,04,7.863289369,NRSC VIC MODEL
Uttarakhand,Bageshwar,2020-05-03,2020,05,42.59025333,NRSC VIC MODEL
Uttarakhand,Bageshwar,2020-05-05,2020,05,52.60005551,NRSC VIC MODEL
Uttarakhand,Bageshwar,2020-05-06,2020,05,16.31588041,NRSC VIC MODEL
Uttarakhand,Bageshwar,2020-05-08,2020,05,3.598771783,NRSC VIC MODEL
Uttarakhand,Bageshwar,2020-05-09,2020,05,56.7749935,NRSC VIC MODEL
Uttarakhand,Bageshwar,2020-05-12,2020,05,4.174758543,NRSC VIC MODEL
Uttarakhand,Bageshwar,2020-05-13,2020,05,5.616059326,NRSC VIC MODEL
Uttarakhand,Bageshwar,2020-05-23,2020,05,6.097035248,NRSC VIC MODEL
Uttarakhand,Bageshwar,2020-05-26,2020,05,7.350766787,NRSC VIC MODEL
Uttarakhand,Bageshwar,2020-06-02,2020,06,2.111951452,NRSC VIC MODEL
Uttarakhand,Bageshwar,2020-06-03,2020,06,0.465364092,NRSC VIC MODEL
Uttarakhand,Bageshwar,2020-06-06,2020,06,12.5509892,NRSC VIC MODEL
Uttarakhand,Bageshwar,2020-06-07,2020,06,1.297994962,NRSC VIC MODEL
Uttarakhand,Bageshwar,2020-06-08,2020,06,0.13996812,NRSC VIC MODEL
Uttarakhand,Bageshwar,2020-06-12,2020,06,6.072666439,NRSC VIC MODEL
Uttarakhand,Bageshwar,2020-06-23,2020,06,4.652767618,NRSC VIC MODEL
Uttarakhand,Bageshwar,2020-07-08,2020,07,9.850693121,NRSC VIC MODEL
Uttarakhand,Bageshwar,2020-07-11,2020,07,3.942004718,NRSC VIC MODEL
Uttarakhand,Bageshwar,2020-07-23,2020,07,3.636599065,NRSC VIC MODEL
Uttarakhand,Bageshwar,2020-08-08,2020,08,21.69645833,NRSC VIC MODEL
Uttarakhand,Bageshwar,2020-08-10,2020,08,13.40316776,NRSC VIC MODEL
Uttarakhand,Bageshwar,2020-08-13,2020,08,21.18967803,NRSC VIC MODEL
Uttarakhand,Bageshwar,2020-08-14,2020,08,0.565315686,NRSC VIC MODEL
Uttarakhand,Bageshwar,2020-08-15,2020,08,4.241357049,NRSC VIC MODEL
Uttarakhand,Bageshwar,2020-08-20,2020,08,5.573123806,NRSC VIC MODEL
Uttarakhand,Bageshwar,2020-08-21,2020,08,5.881759493,NRSC VIC MODEL
Uttarakhand,Bageshwar,2020-08-27,2020,08,1.398652378,NRSC VIC MODEL
Uttarakhand,Bageshwar,2020-08-28,2020,08,6.53663085,NRSC VIC MODEL
Uttarakhand,Bageshwar,2020-08-29,2020,08,7.543264823,NRSC VIC MODEL
Uttarakhand,Bageshwar,2020-08-31,2020,08,0,NRSC VIC MODEL
Uttarakhand,Bageshwar,2020-09-03,2020,09,4.453127619,NRSC VIC MODEL
Uttarakhand,Bageshwar,2020-09-08,2020,09,1.290362512,NRSC VIC MODEL
Uttarakhand,Bageshwar,2020-09-11,2020,09,0.845395484,NRSC VIC MODEL
Uttarakhand,Bageshwar,2020-09-12,2020,09,1.448442747,NRSC VIC MODEL
Uttarakhand,Bageshwar,2020-09-18,2020,09,3.97514247,NRSC VIC MODEL
Uttarakhand,Bageshwar,2020-09-21,2020,09,1.962245379,NRSC VIC MODEL
Uttarakhand,Bageshwar,2020-09-27,2020,09,1.218344727,NRSC VIC MODEL
Uttarakhand,Bageshwar,2020-10-02,2020,10,0,NRSC VIC MODEL
Uttarakhand,Bageshwar,2020-10-07,2020,10,0,NRSC VIC MODEL
Uttarakhand,Bageshwar,2020-10-09,2020,10,0,NRSC VIC MODEL
Uttarakhand,Bageshwar,2020-10-12,2020,10,0,NRSC VIC MODEL
Uttarakhand,Bageshwar,2020-10-14,2020,10,0,NRSC VIC MODEL
Uttarakhand,Bageshwar,2020-10-19,2020,10,0,NRSC VIC MODEL
Uttarakhand,Bageshwar,2020-10-24,2020,10,0,NRSC VIC MODEL
Uttarakhand,Bageshwar,2020-11-01,2020,11,0,NRSC VIC MODEL
Uttarakhand,Bageshwar,2020-11-07,2020,11,0,NRSC VIC MODEL
Uttarakhand,Bageshwar,2020-11-15,2020,11,0,NRSC VIC MODEL
Uttarakhand,Bageshwar,2020-11-20,2020,11,0,NRSC VIC MODEL
Uttarakhand,Bageshwar,2020-11-25,2020,11,0,NRSC VIC MODEL
Uttarakhand,Almora,2020-01-08,2020,01,25.20866485,NRSC VIC MODEL
Uttarakhand,Almora,2020-01-10,2020,01,0,NRSC VIC MODEL
Uttarakhand,Almora,2020-01-14,2020,01,0.648062427,NRSC VIC MODEL
Uttarakhand,Almora,2020-01-16,2020,01,59.02619951,NRSC VIC MODEL
Uttarakhand,Almora,2020-01-19,2020,01,0,NRSC VIC MODEL
Uttarakhand,Almora,2020-01-20,2020,01,0,NRSC VIC MODEL
Uttarakhand,Almora,2020-01-21,2020,01,0,NRSC VIC MODEL
Uttarakhand,Almora,2020-01-22,2020,01,0,NRSC VIC MODEL
Uttarakhand,Almora,2020-01-26,2020,01,0,NRSC VIC MODEL
Uttarakhand,Almora,2020-01-31,2020,01,0,NRSC VIC MODEL
Uttarakhand,Almora,2020-02-03,2020,02,0,NRSC VIC MODEL
Uttarakhand,Almora,2020-02-06,2020,02,0,NRSC VIC MODEL
Uttarakhand,Almora,2020-02-12,2020,02,0,NRSC VIC MODEL
Uttarakhand,Almora,2020-02-19,2020,02,0,NRSC VIC MODEL
Uttarakhand,Almora,2020-02-21,2020,02,51.46371176,NRSC VIC MODEL
Uttarakhand,Almora,2020-02-22,2020,02,0,NRSC VIC MODEL
Uttarakhand,Almora,2020-02-23,2020,02,72.75755087,NRSC VIC MODEL
Uttarakhand,Almora,2020-02-25,2020,02,7.27868757,NRSC VIC MODEL
Uttarakhand,Almora,2020-03-11,2020,03,0.740607447,NRSC VIC MODEL
Uttarakhand,Almora,2020-03-15,2020,03,0.27418157,NRSC VIC MODEL
Uttarakhand,Almora,2020-03-19,2020,03,0.360851392,NRSC VIC MODEL
Uttarakhand,Almora,2020-03-23,2020,03,0,NRSC VIC MODEL
Uttarakhand,Almora,2020-03-29,2020,03,0.004161243,NRSC VIC MODEL
Uttarakhand,Almora,2020-04-03,2020,04,0,NRSC VIC MODEL
Uttarakhand,Almora,2020-04-08,2020,04,0.415749101,NRSC VIC MODEL
Uttarakhand,Almora,2020-04-11,2020,04,0,NRSC VIC MODEL
Uttarakhand,Almora,2020-04-12,2020,04,0.12262876,NRSC VIC MODEL
Uttarakhand,Almora,2020-04-13,2020,04,0.509197998,NRSC VIC MODEL
Uttarakhand,Almora,2020-04-26,2020,04,22.62305778,NRSC VIC MODEL
Uttarakhand,Almora,2020-05-01,2020,05,0.610500388,NRSC VIC MODEL
Uttarakhand,Almora,2020-05-07,2020,05,0.0457822,NRSC VIC MODEL
Uttarakhand,Almora,2020-05-20,2020,05,0,NRSC VIC MODEL
Uttarakhand,Almora,2020-05-21,2020,05,0,NRSC VIC MODEL
Uttarakhand,Almora,2020-05-23,2020,05,0,NRSC VIC MODEL
Uttarakhand,Almora,2020-05-24,2020,05,0,NRSC VIC MODEL
Uttarakhand,Almora,2020-05-29,2020,05,0,NRSC VIC MODEL
Uttarakhand,Almora,2020-06-02,2020,06,0.248062948,NRSC VIC MODEL
Uttarakhand,Almora,2020-06-05,2020,06,0.011784504,NRSC VIC MODEL
Uttarakhand,Almora,2020-06-10,2020,06,3.075738388,NRSC VIC MODEL
Uttarakhand,Almora,2020-06-12,2020,06,0.883556375,NRSC VIC MODEL
Uttarakhand,Almora,2020-06-17,2020,06,0.468037507,NRSC VIC MODEL
Uttarakhand,Almora,2020-06-18,2020,06,0.106819448,NRSC VIC MODEL
Uttarakhand,Almora,2020-06-23,2020,06,12.42487456,NRSC VIC MODEL
Uttarakhand,Almora,2020-06-28,2020,06,3.249828421,NRSC VIC MODEL
Uttarakhand,Almora,2020-06-29,2020,06,9.860841148,NRSC VIC MODEL
Uttarakhand,Almora,2020-06-30,2020,06,0,NRSC VIC MODEL
Uttarakhand,Almora,2020-07-03,2020,07,18.14339447,NRSC VIC MODEL
Uttarakhand,Almora,2020-07-11,2020,07,2.399161214,NRSC VIC MODEL
Uttarakhand,Almora,2020-07-12,2020,07,4.468450126,NRSC VIC MODEL
Uttarakhand,Almora,2020-07-19,2020,07,0.909512981,NRSC VIC MODEL
Uttarakhand,Almora,2020-07-24,2020,07,1.856545365,NRSC VIC MODEL
Uttarakhand,Almora,2020-07-29,2020,07,4.772186753,NRSC VIC MODEL
Uttarakhand,Almora,2020-07-30,2020,07,2.736750576,NRSC VIC MODEL
Uttarakhand,Almora,2020-08-05,2020,08,4.221401907,NRSC VIC MODEL
Uttarakhand,Almora,2020-08-07,2020,08,0.035532581,NRSC VIC MODEL
Uttarakhand,Almora,2020-08-14,2020,08,1.177367415,NRSC VIC MODEL
Uttarakhand,Almora,2020-08-15,2020,08,2.196496744,NRSC VIC MODEL
Uttarakhand,Almora,2020-08-28,2020,08,5.871786676,NRSC VIC MODEL
Uttarakhand,Almora,2020-08-29,2020,08,7.615057551,NRSC VIC MODEL
Uttarakhand,Almora,2020-08-31,2020,08,0,NRSC VIC MODEL
Uttarakhand,Almora,2020-09-05,2020,09,10.43536554,NRSC VIC MODEL
Uttarakhand,Almora,2020-09-10,2020,09,0.392290947,NRSC VIC MODEL
Uttarakhand,Almora,2020-09-12,2020,09,0.57519804,NRSC VIC MODEL
Uttarakhand,Almora,2020-09-14,2020,09,0.069376788,NRSC VIC MODEL
Uttarakhand,Almora,2020-09-17,2020,09,0,NRSC VIC MODEL
Uttarakhand,Almora,2020-09-25,2020,09,0,NRSC VIC MODEL
Uttarakhand,Almora,2020-10-10,2020,10,0,NRSC VIC MODEL
Uttarakhand,Almora,2020-10-12,2020,10,0,NRSC VIC MODEL
Uttarakhand,Almora,2020-10-18,2020,10,0,NRSC VIC MODEL
Uttarakhand,Almora,2020-10-20,2020,10,0,NRSC VIC MODEL
Uttarakhand,Nainital,2020-02-22,2020,02,0,NRSC VIC MODEL
Uttarakhand,Nainital,2020-02-29,2020,02,5.473032748,NRSC VIC MODEL
Uttarakhand,Nainital,2020-03-03,2020,03,0,NRSC VIC MODEL
Uttarakhand,Nainital,2020-03-04,2020,03,0.455233218,NRSC VIC MODEL
Uttarakhand,Nainital,2020-03-07,2020,03,5.946784545,NRSC VIC MODEL
Uttarakhand,Nainital,2020-03-08,2020,03,0,NRSC VIC MODEL
Uttarakhand,Nainital,2020-03-12,2020,03,5.242120574,NRSC VIC MODEL
Uttarakhand,Nainital,2020-03-14,2020,03,29.30570167,NRSC VIC MODEL
Uttarakhand,Nainital,2020-03-15,2020,03,1.974161464,NRSC VIC MODEL
Uttarakhand,Nainital,2020-03-16,2020,03,0.085327135,NRSC VIC MODEL
Uttarakhand,Nainital,2020-03-23,2020,03,0,NRSC VIC MODEL
Uttarakhand,Nainital,2020-03-25,2020,03,0.819445429,NRSC VIC MODEL
Uttarakhand,Nainital,2020-04-02,2020,04,0.000458748,NRSC VIC MODEL
Uttarakhand,Nainital,2020-04-05,2020,04,0,NRSC VIC MODEL
Uttarakhand,Nainital,2020-04-16,2020,04,0.003966821,NRSC VIC MODEL
Uttarakhand,Nainital,2020-04-22,2020,04,0.109485616,NRSC VIC MODEL
Uttarakhand,Nainital,2020-04-23,2020,04,0.296708786,NRSC VIC MODEL
Uttarakhand,Nainital,2020-04-28,2020,04,0.520888158,NRSC VIC MODEL
Uttarakhand,Nainital,2020-05-16,2020,05,0.004047777,NRSC VIC MODEL
Uttarakhand,Nainital,2020-05-23,2020,05,0,NRSC VIC MODEL
Uttarakhand,Nainital,2020-05-31,2020,05,33.41911992,NRSC VIC MODEL
Uttarakhand,Nainital,2020-06-02,2020,06,0.575802997,NRSC VIC MODEL
Uttarakhand,Nainital,2020-06-24,2020,06,25.12745153,NRSC VIC MODEL
Uttarakhand,Nainital,2020-06-30,2020,06,0,NRSC VIC MODEL
Uttarakhand,Nainital,2020-07-04,2020,07,31.56612191,NRSC VIC MODEL
Uttarakhand,Nainital,2020-07-05,2020,07,5.264862333,NRSC VIC MODEL
Uttarakhand,Nainital,2020-07-09,2020,07,8.5598471,NRSC VIC MODEL
Uttarakhand,Nainital,2020-07-11,2020,07,15.49192124,NRSC VIC MODEL
Uttarakhand,Nainital,2020-07-21,2020,07,10.0409961,NRSC VIC MODEL
Uttarakhand,Nainital,2020-07-22,2020,07,0.533213638,NRSC VIC MODEL
Uttarakhand,Nainital,2020-07-26,2020,07,13.46455849,NRSC VIC MODEL
Uttarakhand,Nainital,2020-08-04,2020,08,4.772740376,NRSC VIC MODEL
Uttarakhand,Nainital,2020-08-07,2020,08,0.973355395,NRSC VIC MODEL
Uttarakhand,Nainital,2020-08-15,2020,08,0.520038125,NRSC VIC MODEL
Uttarakhand,Nainital,2020-08-23,2020,08,0,NRSC VIC MODEL
Uttarakhand,Nainital,2020-08-24,2020,08,6.222390921,NRSC VIC MODEL
Uttarakhand,Nainital,2020-09-03,2020,09,0.041199622,NRSC VIC MODEL
Uttarakhand,Nainital,2020-09-04,2020,09,0.031923466,NRSC VIC MODEL
Uttarakhand,Nainital,2020-09-19,2020,09,0,NRSC VIC MODEL
Uttarakhand,Nainital,2020-09-23,2020,09,0.279276361,NRSC VIC MODEL
Uttarakhand,Nainital,2020-09-26,2020,09,0,NRSC VIC MODEL
Uttarakhand,Nainital,2020-10-03,2020,10,0,NRSC VIC MODEL
Uttarakhand,Nainital,2020-10-06,2020,10,0,NRSC VIC MODEL
Uttarakhand,Nainital,2020-10-07,2020,10,0,NRSC VIC MODEL
Uttarakhand,Nainital,2020-10-12,2020,10,0,NRSC VIC MODEL
Uttarakhand,Nainital,2020-10-23,2020,10,0,NRSC VIC MODEL
Uttarakhand,Tehri Garhwal,2020-02-09,2020,02,0,NRSC VIC MODEL
Uttarakhand,Tehri Garhwal,2020-02-12,2020,02,0,NRSC VIC MODEL
Uttarakhand,Tehri Garhwal,2020-02-13,2020,02,0,NRSC VIC MODEL
Uttarakhand,Tehri Garhwal,2020-02-14,2020,02,0,NRSC VIC MODEL
Uttarakhand,Tehri Garhwal,2020-02-17,2020,02,0.257645455,NRSC VIC MODEL
Uttarakhand,Tehri Garhwal,2020-02-19,2020,02,0,NRSC VIC MODEL
Uttarakhand,Tehri Garhwal,2020-02-22,2020,02,0,NRSC VIC MODEL
Uttarakhand,Tehri Garhwal,2020-03-04,2020,03,0.483472571,NRSC VIC MODEL
Uttarakhand,Tehri Garhwal,2020-03-07,2020,03,0.222094999,NRSC VIC MODEL
Uttarakhand,Tehri Garhwal,2020-03-12,2020,03,51.37256679,NRSC VIC MODEL
Uttarakhand,Tehri Garhwal,2020-03-17,2020,03,0.276694233,NRSC VIC MODEL
Uttarakhand,Tehri Garhwal,2020-03-23,2020,03,0.334712304,NRSC VIC MODEL
Uttarakhand,Tehri Garhwal,2020-03-27,2020,03,10.23716222,NRSC VIC MODEL
Uttarakhand,Tehri Garhwal,2020-03-28,2020,03,0.035182692,NRSC VIC MODEL
Uttarakhand,Tehri Garhwal,2020-03-29,2020,03,0.167216538,NRSC VIC MODEL
Uttarakhand,Tehri Garhwal,2020-03-30,2020,03,0.253620489,NRSC VIC MODEL
Uttarakhand,Tehri Garhwal,2020-04-05,2020,04,0.365686149,NRSC VIC MODEL
Uttarakhand,Tehri Garhwal,2020-04-06,2020,04,0.808602597,NRSC VIC MODEL
Uttarakhand,Tehri Garhwal,2020-04-19,2020,04,0.912577463,NRSC VIC MODEL
Uttarakhand,Tehri Garhwal,2020-04-22,2020,04,0.724984112,NRSC VIC MODEL
Uttarakhand,Tehri Garhwal,2020-05-01,2020,05,0.805871614,NRSC VIC MODEL
Uttarakhand,Tehri Garhwal,2020-05-02,2020,05,17.2507767,NRSC VIC MODEL
Uttarakhand,Tehri Garhwal,2020-05-03,2020,05,24.49589138,NRSC VIC MODEL
Uttarakhand,Tehri Garhwal,2020-05-06,2020,05,15.15845533,NRSC VIC MODEL
Uttarakhand,Tehri Garhwal,2020-05-09,2020,05,27.96319811,NRSC VIC MODEL
Uttarakhand,Tehri Garhwal,2020-05-10,2020,05,16.98914033,NRSC VIC MODEL
Uttarakhand,Tehri Garhwal,2020-05-23,2020,05,0.81764004,NRSC VIC MODEL
Uttarakhand,Tehri Garhwal,2020-05-29,2020,05,0.141520778,NRSC VIC MODEL
Uttarakhand,Tehri Garhwal,2020-06-08,2020,06,0.33371117,NRSC VIC MODEL
Uttarakhand,Tehri Garhwal,2020-06-11,2020,06,2.792706196,NRSC VIC MODEL
Uttarakhand,Tehri Garhwal,2020-06-18,2020,06,3.314712191,NRSC VIC MODEL
Uttarakhand,Tehri Garhwal,2020-06-19,2020,06,1.392501799,NRSC VIC MODEL
Uttarakhand,Tehri Garhwal,2020-07-05,2020,07,12.9924451,NRSC VIC MODEL
Uttarakhand,Tehri Garhwal,2020-07-11,2020,07,16.04676723,NRSC VIC MODEL
Uttarakhand,Tehri Garhwal,2020-07-14,2020,07,3.266153811,NRSC VIC MODEL
Uttarakhand,Tehri Garhwal,2020-07-17,2020,07,3.55318628,NRSC VIC MODEL
Uttarakhand,Tehri Garhwal,2020-07-27,2020,07,16.30221291,NRSC VIC MODEL
Uttarakhand,Tehri Garhwal,2020-08-06,2020,08,13.5977563,NRSC VIC MODEL
Uttarakhand,Tehri Garhwal,2020-08-08,2020,08,19.22722537,NRSC VIC MODEL
Uttarakhand,Tehri Garhwal,2020-08-15,2020,08,2.466493311,NRSC VIC MODEL
Uttarakhand,Tehri Garhwal,2020-08-24,2020,08,5.186402799,NRSC VIC MODEL
Uttarakhand,Tehri Garhwal,2020-08-31,2020,08,0.032295069,NRSC VIC MODEL
Uttarakhand,Tehri Garhwal,2020-09-01,2020,09,0.373184434,NRSC VIC MODEL
Uttarakhand,Tehri Garhwal,2020-09-08,2020,09,0.776144078,NRSC VIC MODEL
Uttarakhand,Tehri Garhwal,2020-09-11,2020,09,0.102265448,NRSC VIC MODEL
Uttarakhand,Tehri Garhwal,2020-09-12,2020,09,0.434246768,NRSC VIC MODEL
Uttarakhand,Tehri Garhwal,2020-09-14,2020,09,3.999971053,NRSC VIC MODEL
Uttarakhand,Tehri Garhwal,2020-09-15,2020,09,2.907237232,NRSC VIC MODEL
Uttarakhand,Tehri Garhwal,2020-09-20,2020,09,0.084898846,NRSC VIC MODEL
Uttarakhand,Tehri Garhwal,2020-09-21,2020,09,0.405309242,NRSC VIC MODEL
Uttarakhand,Tehri Garhwal,2020-09-24,2020,09,0.651506361,NRSC VIC MODEL
Uttarakhand,Tehri Garhwal,2020-09-27,2020,09,0.192755658,NRSC VIC MODEL
Uttarakhand,Tehri Garhwal,2020-10-03,2020,10,0,NRSC VIC MODEL
Uttarakhand,Tehri Garhwal,2020-10-07,2020,10,0,NRSC VIC MODEL
Uttarakhand,Tehri Garhwal,2020-10-12,2020,10,0,NRSC VIC MODEL
Uttarakhand,Tehri Garhwal,2020-10-16,2020,10,0,NRSC VIC MODEL
Uttarakhand,Tehri Garhwal,2020-10-19,2020,10,0,NRSC VIC MODEL
Uttarakhand,Tehri Garhwal,2020-10-27,2020,10,0,NRSC VIC MODEL
Uttarakhand,Tehri Garhwal,2020-10-28,2020,10,0,NRSC VIC MODEL
Uttarakhand,Tehri Garhwal,2020-10-31,2020,10,0,NRSC VIC MODEL
Uttarakhand,Tehri Garhwal,2020-11-02,2020,11,0,NRSC VIC MODEL
Uttarakhand,Tehri Garhwal,2020-11-10,2020,11,0,NRSC VIC MODEL
Uttarakhand,Tehri Garhwal,2020-11-14,2020,11,0,NRSC VIC MODEL
Uttarakhand,Tehri Garhwal,2020-11-16,2020,11,6.934020956,NRSC VIC MODEL
Uttarakhand,Tehri Garhwal,2020-11-17,2020,11,6.494073856,NRSC VIC MODEL
Uttarakhand,Tehri Garhwal,2020-11-20,2020,11,0,NRSC VIC MODEL
Uttarakhand,Tehri Garhwal,2020-11-23,2020,11,0,NRSC VIC MODEL
Uttarakhand,Tehri Garhwal,2020-11-24,2020,11,0,NRSC VIC MODEL
Uttarakhand,Tehri Garhwal,2020-12-12,2020,12,4.060890368,NRSC VIC MODEL
Uttarakhand,Tehri Garhwal,2020-12-14,2020,12,0,NRSC VIC MODEL
Uttarakhand,Tehri Garhwal,2020-12-27,2020,12,0,NRSC VIC MODEL
Uttarakhand,Tehri Garhwal,2020-12-30,2020,12,0,NRSC VIC MODEL
Uttarakhand,Udam Singh Nagar,2020-01-21,2020,01,0.095352523,NRSC VIC MODEL
Uttarakhand,Udam Singh Nagar,2020-01-24,2020,01,0,NRSC VIC MODEL
Uttarakhand,Udam Singh Nagar,2020-02-08,2020,02,0,NRSC VIC MODEL
Uttarakhand,Udam Singh Nagar,2020-02-09,2020,02,0,NRSC VIC MODEL
Uttarakhand,Udam Singh Nagar,2020-02-10,2020,02,0,NRSC VIC MODEL
Uttarakhand,Udam Singh Nagar,2020-02-12,2020,02,0,NRSC VIC MODEL
Uttarakhand,Udam Singh Nagar,2020-02-22,2020,02,0,NRSC VIC MODEL
Uttarakhand,Udam Singh Nagar,2020-03-06,2020,03,20.44131332,NRSC VIC MODEL
Uttarakhand,Udam Singh Nagar,2020-03-14,2020,03,33.27638336,NRSC VIC MODEL
Uttarakhand,Rudra Prayag,2020-01-10,2020,01,0,NRSC VIC MODEL
Uttarakhand,Rudra Prayag,2020-01-11,2020,01,0,NRSC VIC MODEL
Uttarakhand,Rudra Prayag,2020-01-17,2020,01,0.461308912,NRSC VIC MODEL
Uttarakhand,Rudra Prayag,2020-01-19,2020,01,0,NRSC VIC MODEL
Uttarakhand,Rudra Prayag,2020-01-23,2020,01,0,NRSC VIC MODEL
Uttarakhand,Rudra Prayag,2020-01-27,2020,01,0.081220882,NRSC VIC MODEL
Uttarakhand,Rudra Prayag,2020-02-04,2020,02,0.728833285,NRSC VIC MODEL
Uttarakhand,Rudra Prayag,2020-02-06,2020,02,0.822781314,NRSC VIC MODEL
Uttarakhand,Rudra Prayag,2020-02-14,2020,02,0,NRSC VIC MODEL
Uttarakhand,Rudra Prayag,2020-02-18,2020,02,0,NRSC VIC MODEL
Uttarakhand,Rudra Prayag,2020-02-28,2020,02,0.50131043,NRSC VIC MODEL
Uttarakhand,Rudra Prayag,2020-04-02,2020,04,0.306013623,NRSC VIC MODEL
Uttarakhand,Rudra Prayag,2020-04-04,2020,04,0.035223819,NRSC VIC MODEL
Uttarakhand,Rudra Prayag,2020-04-06,2020,04,3.009950315,NRSC VIC MODEL
Uttarakhand,Rudra Prayag,2020-04-27,2020,04,6.401527695,NRSC VIC MODEL
Uttarakhand,Rudra Prayag,2020-04-28,2020,04,1.440911167,NRSC VIC MODEL
Uttarakhand,Rudra Prayag,2020-05-03,2020,05,33.32486479,NRSC VIC MODEL
Uttarakhand,Rudra Prayag,2020-05-08,2020,05,3.138131828,NRSC VIC MODEL
Uttarakhand,Rudra Prayag,2020-05-13,2020,05,7.199323116,NRSC VIC MODEL
Uttarakhand,Rudra Prayag,2020-05-14,2020,05,12.96116109,NRSC VIC MODEL
Uttarakhand,Rudra Prayag,2020-05-20,2020,05,0,NRSC VIC MODEL
Uttarakhand,Rudra Prayag,2020-05-29,2020,05,0.530391494,NRSC VIC MODEL
Uttarakhand,Rudra Prayag,2020-06-15,2020,06,0.17130125,NRSC VIC MODEL
Uttarakhand,Rudra Prayag,2020-06-16,2020,06,4.147363846,NRSC VIC MODEL
Uttarakhand,Rudra Prayag,2020-06-23,2020,06,6.596342718,NRSC VIC MODEL
Uttarakhand,Rudra Prayag,2020-06-25,2020,06,5.413427292,NRSC VIC MODEL
Uttarakhand,Rudra Prayag,2020-07-03,2020,07,13.61312294,NRSC VIC MODEL
Uttarakhand,Rudra Prayag,2020-07-04,2020,07,17.94286909,NRSC VIC MODEL
Uttarakhand,Rudra Prayag,2020-07-07,2020,07,0.959648336,NRSC VIC MODEL
Uttarakhand,Rudra Prayag,2020-07-08,2020,07,5.85135626,NRSC VIC MODEL
Uttarakhand,Rudra Prayag,2020-07-13,2020,07,1.806933759,NRSC VIC MODEL
Uttarakhand,Rudra Prayag,2020-07-15,2020,07,0.664300893,NRSC VIC MODEL
Uttarakhand,Rudra Prayag,2020-07-27,2020,07,6.648014134,NRSC VIC MODEL
Uttarakhand,Rudra Prayag,2020-07-31,2020,07,6.361646623,NRSC VIC MODEL
Uttarakhand,Rudra Prayag,2020-08-06,2020,08,22.99426189,NRSC VIC MODEL
Uttarakhand,Rudra Prayag,2020-08-08,2020,08,24.25917441,NRSC VIC MODEL
Uttarakhand,Rudra Prayag,2020-08-20,2020,08,0.598510506,NRSC VIC MODEL
Uttarakhand,Rudra Prayag,2020-08-26,2020,08,18.05373311,NRSC VIC MODEL
Uttarakhand,Rudra Prayag,2020-08-27,2020,08,2.398445003,NRSC VIC MODEL
Uttarakhand,Rudra Prayag,2020-08-31,2020,08,0.313842625,NRSC VIC MODEL
Uttarakhand,Rudra Prayag,2020-09-06,2020,09,8.105827916,NRSC VIC MODEL
Uttarakhand,Rudra Prayag,2020-09-13,2020,09,1.254005444,NRSC VIC MODEL
Uttarakhand,Rudra Prayag,2020-09-21,2020,09,0.578784097,NRSC VIC MODEL
Uttarakhand,Rudra Prayag,2020-09-25,2020,09,0,NRSC VIC MODEL
Uttarakhand,Rudra Prayag,2020-09-26,2020,09,0.407295487,NRSC VIC MODEL
Uttarakhand,Rudra Prayag,2020-10-14,2020,10,0,NRSC VIC MODEL
Uttarakhand,Rudra Prayag,2020-10-15,2020,10,0,NRSC VIC MODEL
Uttarakhand,Rudra Prayag,2020-10-17,2020,10,0,NRSC VIC MODEL
Uttarakhand,Rudra Prayag,2020-11-07,2020,11,0,NRSC VIC MODEL
Uttarakhand,Rudra Prayag,2020-11-15,2020,11,0,NRSC VIC MODEL
Uttarakhand,Rudra Prayag,2020-11-20,2020,11,0,NRSC VIC MODEL
Uttarakhand,Rudra Prayag,2020-11-22,2020,11,0,NRSC VIC MODEL
Uttarakhand,Rudra Prayag,2020-11-23,2020,11,0,NRSC VIC MODEL
Uttarakhand,Rudra Prayag,2020-12-06,2020,12,0,NRSC VIC MODEL
Uttarakhand,Rudra Prayag,2020-12-15,2020,12,0,NRSC VIC MODEL
Uttarakhand,Rudra Prayag,2020-12-16,2020,12,0,NRSC VIC MODEL
Uttarakhand,Rudra Prayag,2020-12-17,2020,12,0,NRSC VIC MODEL
Uttarakhand,Rudra Prayag,2020-12-18,2020,12,0,NRSC VIC MODEL
Uttarakhand,Rudra Prayag,2020-12-22,2020,12,0,NRSC VIC MODEL
Uttarakhand,Rudra Prayag,2020-03-08,2020,03,0,NRSC VIC MODEL
Uttarakhand,Rudra Prayag,2020-05-04,2020,05,6.942505071,NRSC VIC MODEL
Uttarakhand,Rudra Prayag,2020-07-21,2020,07,3.385916409,NRSC VIC MODEL
Uttarakhand,Rudra Prayag,2020-07-24,2020,07,2.885890738,NRSC VIC MODEL
Uttarakhand,Rudra Prayag,2020-09-29,2020,09,0.559017539,NRSC VIC MODEL
Uttarakhand,Tehri Garhwal,2020-01-03,2020,01,2.541108405,NRSC VIC MODEL
Uttarakhand,Tehri Garhwal,2020-01-04,2020,01,9.626327763,NRSC VIC MODEL
Uttarakhand,Tehri Garhwal,2020-01-09,2020,01,8.21137878,NRSC VIC MODEL
Uttarakhand,Tehri Garhwal,2020-01-10,2020,01,0,NRSC VIC MODEL
Uttarakhand,Tehri Garhwal,2020-01-13,2020,01,27.55573677,NRSC VIC MODEL
Uttarakhand,Tehri Garhwal,2020-01-16,2020,01,7.852407718,NRSC VIC MODEL
Uttarakhand,Tehri Garhwal,2020-01-17,2020,01,2.616711011,NRSC VIC MODEL
Uttarakhand,Tehri Garhwal,2020-01-18,2020,01,4.771756455,NRSC VIC MODEL
Uttarakhand,Tehri Garhwal,2020-01-19,2020,01,0.30817205,NRSC VIC MODEL
Uttarakhand,Tehri Garhwal,2020-01-22,2020,01,0,NRSC VIC MODEL
Uttarakhand,Tehri Garhwal,2020-01-30,2020,01,0,NRSC VIC MODEL
Uttarakhand,Tehri Garhwal,2020-02-02,2020,02,0,NRSC VIC MODEL
Uttarakhand,Dehradun,2020-08-23,2020,08,2.727979628,NRSC VIC MODEL
Uttarakhand,Dehradun,2020-08-30,2020,08,1.183315975,NRSC VIC MODEL
Uttarakhand,Dehradun,2020-09-01,2020,09,0.043231212,NRSC VIC MODEL
Uttarakhand,Dehradun,2020-09-05,2020,09,27.09333968,NRSC VIC MODEL
Uttarakhand,Dehradun,2020-09-07,2020,09,0.002919287,NRSC VIC MODEL
Uttarakhand,Dehradun,2020-09-20,2020,09,0,NRSC VIC MODEL
Uttarakhand,Dehradun,2020-10-06,2020,10,0,NRSC VIC MODEL
Uttarakhand,Dehradun,2020-10-16,2020,10,0,NRSC VIC MODEL
Uttarakhand,Dehradun,2020-11-01,2020,11,0,NRSC VIC MODEL
Uttarakhand,Dehradun,2020-11-02,2020,11,0,NRSC VIC MODEL
Uttarakhand,Dehradun,2020-11-07,2020,11,0,NRSC VIC MODEL
Uttarakhand,Dehradun,2020-11-08,2020,11,0,NRSC VIC MODEL
Uttarakhand,Dehradun,2020-11-10,2020,11,0,NRSC VIC MODEL
Uttarakhand,Dehradun,2020-11-13,2020,11,0,NRSC VIC MODEL
Uttarakhand,Dehradun,2020-11-18,2020,11,0,NRSC VIC MODEL
Uttarakhand,Dehradun,2020-11-21,2020,11,0,NRSC VIC MODEL
Uttarakhand,Dehradun,2020-11-23,2020,11,0,NRSC VIC MODEL
Uttarakhand,Dehradun,2020-12-04,2020,12,0,NRSC VIC MODEL
Uttarakhand,Dehradun,2020-12-14,2020,12,0,NRSC VIC MODEL
Uttarakhand,Dehradun,2020-12-22,2020,12,0,NRSC VIC MODEL
Uttarakhand,Dehradun,2020-12-28,2020,12,5.391005111,NRSC VIC MODEL
Uttarakhand,Haridwar,2020-01-03,2020,01,0.065344352,NRSC VIC MODEL
Uttarakhand,Haridwar,2020-01-08,2020,01,27.46320251,NRSC VIC MODEL
Uttarakhand,Haridwar,2020-01-09,2020,01,11.54637039,NRSC VIC MODEL
Uttarakhand,Haridwar,2020-01-13,2020,01,12.10089729,NRSC VIC MODEL
Uttarakhand,Haridwar,2020-01-16,2020,01,44.21286534,NRSC VIC MODEL
Uttarakhand,Haridwar,2020-01-18,2020,01,0.023636186,NRSC VIC MODEL
Uttarakhand,Haridwar,2020-01-20,2020,01,0.005727859,NRSC VIC MODEL
Uttarakhand,Haridwar,2020-01-24,2020,01,0,NRSC VIC MODEL
Uttarakhand,Haridwar,2020-02-03,2020,02,0,NRSC VIC MODEL
Uttarakhand,Haridwar,2020-02-08,2020,02,0,NRSC VIC MODEL
Uttarakhand,Haridwar,2020-02-22,2020,02,0,NRSC VIC MODEL
Uttarakhand,Haridwar,2020-02-25,2020,02,0.245432919,NRSC VIC MODEL
Uttarakhand,Haridwar,2020-03-10,2020,03,0,NRSC VIC MODEL
Uttarakhand,Haridwar,2020-03-18,2020,03,0,NRSC VIC MODEL
Uttarakhand,Haridwar,2020-03-20,2020,03,0,NRSC VIC MODEL
Uttarakhand,Haridwar,2020-03-24,2020,03,0.208797999,NRSC VIC MODEL
Uttarakhand,Haridwar,2020-03-26,2020,03,2.473032402,NRSC VIC MODEL
Uttarakhand,Haridwar,2020-04-04,2020,04,0,NRSC VIC MODEL
Uttarakhand,Haridwar,2020-04-12,2020,04,0,NRSC VIC MODEL
Uttarakhand,Haridwar,2020-04-23,2020,04,0.003974433,NRSC VIC MODEL
Uttarakhand,Haridwar,2020-05-03,2020,05,9.019215567,NRSC VIC MODEL
Uttarakhand,Haridwar,2020-05-06,2020,05,4.238580686,NRSC VIC MODEL
Uttarakhand,Haridwar,2020-05-14,2020,05,33.38424245,NRSC VIC MODEL
Uttarakhand,Haridwar,2020-05-18,2020,05,0,NRSC VIC MODEL
Uttarakhand,Haridwar,2020-05-20,2020,05,0,NRSC VIC MODEL
Uttarakhand,Haridwar,2020-05-28,2020,05,0.306533979,NRSC VIC MODEL
Uttarakhand,Haridwar,2020-06-05,2020,06,3.039728081,NRSC VIC MODEL
Uttarakhand,Haridwar,2020-06-11,2020,06,0.053771739,NRSC VIC MODEL
Uttarakhand,Haridwar,2020-06-20,2020,06,1.029611902,NRSC VIC MODEL
Uttarakhand,Haridwar,2020-06-29,2020,06,7.045605723,NRSC VIC MODEL
Uttarakhand,Haridwar,2020-07-01,2020,07,9.731293663,NRSC VIC MODEL
Uttarakhand,Haridwar,2020-07-19,2020,07,15.59112734,NRSC VIC MODEL
Uttarakhand,Haridwar,2020-07-24,2020,07,0.979837975,NRSC VIC MODEL
Uttarakhand,Haridwar,2020-07-26,2020,07,10.94197605,NRSC VIC MODEL
Uttarakhand,Haridwar,2020-07-28,2020,07,30.43521327,NRSC VIC MODEL
Uttarakhand,Haridwar,2020-08-08,2020,08,5.656892122,NRSC VIC MODEL
Uttarakhand,Haridwar,2020-08-13,2020,08,1.894740731,NRSC VIC MODEL
Uttarakhand,Haridwar,2020-08-14,2020,08,0.23541501,NRSC VIC MODEL
Uttarakhand,Haridwar,2020-08-15,2020,08,11.16690557,NRSC VIC MODEL
Uttarakhand,Haridwar,2020-08-16,2020,08,2.141880318,NRSC VIC MODEL
Uttarakhand,Haridwar,2020-08-20,2020,08,9.232747818,NRSC VIC MODEL
Uttarakhand,Haridwar,2020-09-15,2020,09,0,NRSC VIC MODEL
Uttarakhand,Haridwar,2020-09-16,2020,09,0.478626922,NRSC VIC MODEL
Uttarakhand,Haridwar,2020-09-17,2020,09,0,NRSC VIC MODEL
Uttarakhand,Haridwar,2020-09-20,2020,09,0,NRSC VIC MODEL
Uttarakhand,Haridwar,2020-09-22,2020,09,0.015570425,NRSC VIC MODEL
Uttarakhand,Pauri Garhwal,2020-05-16,2020,05,0,NRSC VIC MODEL
Uttarakhand,Pauri Garhwal,2020-05-20,2020,05,0,NRSC VIC MODEL
Uttarakhand,Pauri Garhwal,2020-05-23,2020,05,0.012573328,NRSC VIC MODEL
Uttarakhand,Pauri Garhwal,2020-05-27,2020,05,7.18504845,NRSC VIC MODEL
Uttarakhand,Pauri Garhwal,2020-05-29,2020,05,0,NRSC VIC MODEL
Uttarakhand,Pauri Garhwal,2020-06-02,2020,06,0.002702251,NRSC VIC MODEL
Uttarakhand,Pauri Garhwal,2020-06-04,2020,06,1.951831694,NRSC VIC MODEL
Uttarakhand,Pauri Garhwal,2020-06-21,2020,06,0.021141442,NRSC VIC MODEL
Uttarakhand,Pauri Garhwal,2020-06-22,2020,06,0,NRSC VIC MODEL
Uttarakhand,Pauri Garhwal,2020-06-23,2020,06,3.392506915,NRSC VIC MODEL
Uttarakhand,Pauri Garhwal,2020-06-28,2020,06,0.925721399,NRSC VIC MODEL
Uttarakhand,Pauri Garhwal,2020-07-07,2020,07,6.794930535,NRSC VIC MODEL
Uttarakhand,Pauri Garhwal,2020-07-15,2020,07,0.117494706,NRSC VIC MODEL
Uttarakhand,Pauri Garhwal,2020-07-21,2020,07,3.586673572,NRSC VIC MODEL
Uttarakhand,Pauri Garhwal,2020-07-29,2020,07,6.252797032,NRSC VIC MODEL
Uttarakhand,Pauri Garhwal,2020-08-03,2020,08,9.485982646,NRSC VIC MODEL
Uttarakhand,Pauri Garhwal,2020-08-10,2020,08,5.009193515,NRSC VIC MODEL
Uttarakhand,Pauri Garhwal,2020-08-23,2020,08,0.363120749,NRSC VIC MODEL
Uttarakhand,Pauri Garhwal,2020-08-24,2020,08,1.70166303,NRSC VIC MODEL
Uttarakhand,Pauri Garhwal,2020-08-25,2020,08,1.235319316,NRSC VIC MODEL
Uttarakhand,Pauri Garhwal,2020-09-01,2020,09,0.193284496,NRSC VIC MODEL
Uttarakhand,Pauri Garhwal,2020-09-07,2020,09,0.204686679,NRSC VIC MODEL
Uttarakhand,Pauri Garhwal,2020-09-13,2020,09,0.943886816,NRSC VIC MODEL
Uttarakhand,Pauri Garhwal,2020-09-30,2020,09,0,NRSC VIC MODEL
Uttarakhand,Pauri Garhwal,2020-10-06,2020,10,0,NRSC VIC MODEL
Uttarakhand,Pauri Garhwal,2020-10-09,2020,10,0,NRSC VIC MODEL
Uttarakhand,Pauri Garhwal,2020-10-10,2020,10,0,NRSC VIC MODEL
Uttarakhand,Pauri Garhwal,2020-10-12,2020,10,0,NRSC VIC MODEL
Uttarakhand,Pauri Garhwal,2020-10-25,2020,10,0,NRSC VIC MODEL
Uttarakhand,Pauri Garhwal,2020-10-28,2020,10,0,NRSC VIC MODEL
Uttarakhand,Pauri Garhwal,2020-10-29,2020,10,0,NRSC VIC MODEL
Uttarakhand,Pauri Garhwal,2020-11-06,2020,11,0,NRSC VIC MODEL
Uttarakhand,Pauri Garhwal,2020-11-11,2020,11,0,NRSC VIC MODEL
Uttarakhand,Pauri Garhwal,2020-11-12,2020,11,0,NRSC VIC MODEL
Uttarakhand,Pauri Garhwal,2020-11-19,2020,11,0,NRSC VIC MODEL
Uttarakhand,Pauri Garhwal,2020-11-29,2020,11,0,NRSC VIC MODEL
Uttarakhand,Pauri Garhwal,2020-12-07,2020,12,0,NRSC VIC MODEL
Uttarakhand,Pauri Garhwal,2020-12-16,2020,12,0,NRSC VIC MODEL
Uttarakhand,Pauri Garhwal,2020-12-18,2020,12,0,NRSC VIC MODEL
Uttarakhand,Pauri Garhwal,2020-12-19,2020,12,0,NRSC VIC MODEL
Uttarakhand,Pithoragarh,2020-01-01,2020,01,0,NRSC VIC MODEL
Uttarakhand,Pithoragarh,2020-01-03,2020,01,6.36162746,NRSC VIC MODEL
Uttarakhand,Pithoragarh,2020-01-04,2020,01,4.028832537,NRSC VIC MODEL
Uttarakhand,Pithoragarh,2020-01-09,2020,01,0,NRSC VIC MODEL
Uttarakhand,Pithoragarh,2020-01-10,2020,01,0,NRSC VIC MODEL
Uttarakhand,Pithoragarh,2020-01-16,2020,01,5.148488572,NRSC VIC MODEL
Uttarakhand,Pithoragarh,2020-01-18,2020,01,0.214031198,NRSC VIC MODEL
Uttarakhand,Pithoragarh,2020-01-19,2020,01,0,NRSC VIC MODEL
Uttarakhand,Pithoragarh,2020-01-31,2020,01,0,NRSC VIC MODEL
Uttarakhand,Pithoragarh,2020-02-01,2020,02,0.329021681,NRSC VIC MODEL
Uttarakhand,Pithoragarh,2020-02-11,2020,02,0,NRSC VIC MODEL
Uttarakhand,Pithoragarh,2020-02-13,2020,02,0,NRSC VIC MODEL
Uttarakhand,Pithoragarh,2020-02-17,2020,02,0.013951893,NRSC VIC MODEL
Uttarakhand,Pithoragarh,2020-02-19,2020,02,0,NRSC VIC MODEL
Uttarakhand,Pithoragarh,2020-02-20,2020,02,1.146481485,NRSC VIC MODEL
Uttarakhand,Pithoragarh,2020-02-26,2020,02,0,NRSC VIC MODEL
Uttarakhand,Pithoragarh,2020-02-27,2020,02,0,NRSC VIC MODEL
Uttarakhand,Pithoragarh,2020-02-28,2020,02,0.037804534,NRSC VIC MODEL
Uttarakhand,Pithoragarh,2020-03-08,2020,03,0,NRSC VIC MODEL
Uttarakhand,Udam Singh Nagar,2020-03-20,2020,03,0,NRSC VIC MODEL
Uttarakhand,Udam Singh Nagar,2020-03-22,2020,03,0,NRSC VIC MODEL
Uttarakhand,Udam Singh Nagar,2020-04-04,2020,04,0,NRSC VIC MODEL
Uttarakhand,Udam Singh Nagar,2020-04-10,2020,04,0.041431257,NRSC VIC MODEL
Uttarakhand,Udam Singh Nagar,2020-04-14,2020,04,8.238443835,NRSC VIC MODEL
Uttarakhand,Udam Singh Nagar,2020-04-18,2020,04,3.712149709,NRSC VIC MODEL
Uttarakhand,Udam Singh Nagar,2020-04-21,2020,04,0,NRSC VIC MODEL
Uttarakhand,Udam Singh Nagar,2020-04-30,2020,04,22.30322391,NRSC VIC MODEL
Uttarakhand,Udam Singh Nagar,2020-05-13,2020,05,0.003516604,NRSC VIC MODEL
Uttarakhand,Udam Singh Nagar,2020-05-18,2020,05,0,NRSC VIC MODEL
Uttarakhand,Udam Singh Nagar,2020-05-23,2020,05,0,NRSC VIC MODEL
Uttarakhand,Udam Singh Nagar,2020-05-29,2020,05,0.862083413,NRSC VIC MODEL
Uttarakhand,Udam Singh Nagar,2020-06-10,2020,06,5.304211455,NRSC VIC MODEL
Uttarakhand,Udam Singh Nagar,2020-06-13,2020,06,20.0052746,NRSC VIC MODEL
Uttarakhand,Udam Singh Nagar,2020-06-20,2020,06,0.087743319,NRSC VIC MODEL
Uttarakhand,Udam Singh Nagar,2020-06-23,2020,06,34.06354694,NRSC VIC MODEL
Uttarakhand,Udam Singh Nagar,2020-06-25,2020,06,22.05388859,NRSC VIC MODEL
Uttarakhand,Udam Singh Nagar,2020-06-30,2020,06,0,NRSC VIC MODEL
Uttarakhand,Udam Singh Nagar,2020-07-04,2020,07,35.19106324,NRSC VIC MODEL
Uttarakhand,Udam Singh Nagar,2020-07-05,2020,07,5.111162007,NRSC VIC MODEL
Uttarakhand,Udam Singh Nagar,2020-07-09,2020,07,11.59880175,NRSC VIC MODEL
Uttarakhand,Udam Singh Nagar,2020-07-15,2020,07,3.06881323,NRSC VIC MODEL
Uttarakhand,Udam Singh Nagar,2020-07-18,2020,07,25.24383267,NRSC VIC MODEL
Uttarakhand,Udam Singh Nagar,2020-07-24,2020,07,4.038334966,NRSC VIC MODEL
Uttarakhand,Udam Singh Nagar,2020-08-02,2020,08,0.785769058,NRSC VIC MODEL
Uttarakhand,Udam Singh Nagar,2020-08-10,2020,08,6.735954446,NRSC VIC MODEL
Uttarakhand,Udam Singh Nagar,2020-08-11,2020,08,2.404518597,NRSC VIC MODEL
Uttarakhand,Udam Singh Nagar,2020-08-12,2020,08,33.46752293,NRSC VIC MODEL
Uttarakhand,Udam Singh Nagar,2020-08-13,2020,08,75.67841546,NRSC VIC MODEL
Uttarakhand,Udam Singh Nagar,2020-08-23,2020,08,0.022292037,NRSC VIC MODEL
Uttarakhand,Udam Singh Nagar,2020-08-24,2020,08,17.81215646,NRSC VIC MODEL
Uttarakhand,Udam Singh Nagar,2020-08-27,2020,08,0.036782872,NRSC VIC MODEL
Uttarakhand,Udam Singh Nagar,2020-09-01,2020,09,0.064814655,NRSC VIC MODEL
Uttarakhand,Udam Singh Nagar,2020-09-02,2020,09,6.440529371,NRSC VIC MODEL
Uttarakhand,Udam Singh Nagar,2020-09-03,2020,09,0.004850489,NRSC VIC MODEL
Uttarakhand,Udam Singh Nagar,2020-09-11,2020,09,0.048282573,NRSC VIC MODEL
Uttarakhand,Udam Singh Nagar,2020-09-13,2020,09,3.020005187,NRSC VIC MODEL
Uttarakhand,Udam Singh Nagar,2020-09-24,2020,09,1.014338231,NRSC VIC MODEL
Uttarakhand,Udam Singh Nagar,2020-09-30,2020,09,0,NRSC VIC MODEL
Uttarakhand,Udam Singh Nagar,2020-10-09,2020,10,0,NRSC VIC MODEL
Uttarakhand,Udam Singh Nagar,2020-10-26,2020,10,0,NRSC VIC MODEL
Uttarakhand,Udam Singh Nagar,2020-10-28,2020,10,0,NRSC VIC MODEL
Uttarakhand,Udam Singh Nagar,2020-10-30,2020,10,0,NRSC VIC MODEL
Uttarakhand,Udam Singh Nagar,2020-11-03,2020,11,0,NRSC VIC MODEL
Uttarakhand,Udam Singh Nagar,2020-11-09,2020,11,0,NRSC VIC MODEL
Uttarakhand,Udam Singh Nagar,2020-11-27,2020,11,0,NRSC VIC MODEL
Uttarakhand,Udam Singh Nagar,2020-12-01,2020,12,0,NRSC VIC MODEL
Uttarakhand,Udam Singh Nagar,2020-12-07,2020,12,0,NRSC VIC MODEL
Uttarakhand,Udam Singh Nagar,2020-12-08,2020,12,0,NRSC VIC MODEL
Uttarakhand,Udam Singh Nagar,2020-12-21,2020,12,0,NRSC VIC MODEL
Uttarakhand,Udam Singh Nagar,2020-06-19,2020,06,0.232783035,NRSC VIC MODEL
Uttarakhand,Udam Singh Nagar,2020-06-21,2020,06,1.711009875,NRSC VIC MODEL
Uttarakhand,Udam Singh Nagar,2020-07-20,2020,07,4.640149242,NRSC VIC MODEL
Uttarakhand,Pithoragarh,2020-03-13,2020,03,11.81305454,NRSC VIC MODEL
Uttarakhand,Pithoragarh,2020-03-15,2020,03,0.073175426,NRSC VIC MODEL
Uttarakhand,Pithoragarh,2020-03-17,2020,03,0,NRSC VIC MODEL
Uttarakhand,Pithoragarh,2020-03-19,2020,03,0.339524376,NRSC VIC MODEL
Uttarakhand,Pithoragarh,2020-03-21,2020,03,0.379843796,NRSC VIC MODEL
Uttarakhand,Pithoragarh,2020-03-26,2020,03,0.789589254,NRSC VIC MODEL
Uttarakhand,Pithoragarh,2020-03-27,2020,03,2.73872189,NRSC VIC MODEL
Uttarakhand,Pithoragarh,2020-03-28,2020,03,0,NRSC VIC MODEL
Uttarakhand,Pithoragarh,2020-04-02,2020,04,0.125086956,NRSC VIC MODEL
Uttarakhand,Pithoragarh,2020-04-03,2020,04,0.025019607,NRSC VIC MODEL
Uttarakhand,Pithoragarh,2020-04-05,2020,04,0.010222033,NRSC VIC MODEL
Uttarakhand,Pithoragarh,2020-04-10,2020,04,16.12934851,NRSC VIC MODEL
Uttarakhand,Pithoragarh,2020-05-09,2020,05,34.53726865,NRSC VIC MODEL
Uttarakhand,Pithoragarh,2020-05-21,2020,05,3.727186553,NRSC VIC MODEL
Uttarakhand,Pithoragarh,2020-05-27,2020,05,9.405525775,NRSC VIC MODEL
Uttarakhand,Pithoragarh,2020-06-10,2020,06,4.567786262,NRSC VIC MODEL
Uttarakhand,Pithoragarh,2020-06-27,2020,06,1.255644523,NRSC VIC MODEL
Uttarakhand,Pithoragarh,2020-06-28,2020,06,9.999962095,NRSC VIC MODEL
Uttarakhand,Pithoragarh,2020-07-09,2020,07,5.931637354,NRSC VIC MODEL
Uttarakhand,Pithoragarh,2020-07-14,2020,07,2.54131996,NRSC VIC MODEL
Uttarakhand,Pithoragarh,2020-07-17,2020,07,9.914057135,NRSC VIC MODEL
Uttarakhand,Pithoragarh,2020-07-20,2020,07,4.39127155,NRSC VIC MODEL
Uttarakhand,Pithoragarh,2020-07-22,2020,07,1.508724772,NRSC VIC MODEL
Uttarakhand,Pithoragarh,2020-07-24,2020,07,0.253298132,NRSC VIC MODEL
Uttarakhand,Pithoragarh,2020-07-25,2020,07,4.119830048,NRSC VIC MODEL
Uttarakhand,Pithoragarh,2020-07-26,2020,07,13.66116336,NRSC VIC MODEL
Uttarakhand,Pithoragarh,2020-08-07,2020,08,1.994097763,NRSC VIC MODEL
Uttarakhand,Pithoragarh,2020-08-08,2020,08,16.59627162,NRSC VIC MODEL
Uttarakhand,Pithoragarh,2020-08-13,2020,08,9.579839501,NRSC VIC MODEL
Uttarakhand,Pithoragarh,2020-08-18,2020,08,13.04651932,NRSC VIC MODEL
Uttarakhand,Pithoragarh,2020-08-24,2020,08,9.802054233,NRSC VIC MODEL
Uttarakhand,Pithoragarh,2020-09-03,2020,09,5.03899317,NRSC VIC MODEL
Uttarakhand,Pithoragarh,2020-09-12,2020,09,1.537141876,NRSC VIC MODEL
Uttarakhand,Pithoragarh,2020-09-15,2020,09,5.731207221,NRSC VIC MODEL
Uttarakhand,Pithoragarh,2020-09-26,2020,09,0.139496773,NRSC VIC MODEL
Uttarakhand,Pithoragarh,2020-10-05,2020,10,0,NRSC VIC MODEL
Uttarakhand,Pithoragarh,2020-10-10,2020,10,0,NRSC VIC MODEL
Uttarakhand,Pithoragarh,2020-10-21,2020,10,0,NRSC VIC MODEL
Uttarakhand,Pithoragarh,2020-10-27,2020,10,0,NRSC VIC MODEL
Uttarakhand,Pithoragarh,2020-11-06,2020,11,0,NRSC VIC MODEL
Uttarakhand,Pithoragarh,2020-11-08,2020,11,0,NRSC VIC MODEL
Uttarakhand,Pithoragarh,2020-11-10,2020,11,0,NRSC VIC MODEL
Uttarakhand,Pithoragarh,2020-11-11,2020,11,0,NRSC VIC MODEL
Uttarakhand,Pithoragarh,2020-11-19,2020,11,0,NRSC VIC MODEL
Uttarakhand,Pithoragarh,2020-11-22,2020,11,0,NRSC VIC MODEL
Uttarakhand,Pithoragarh,2020-11-26,2020,11,0.131963194,NRSC VIC MODEL
Uttarakhand,Pithoragarh,2020-12-12,2020,12,0,NRSC VIC MODEL
Uttarakhand,Pithoragarh,2020-12-18,2020,12,0,NRSC VIC MODEL
Uttarakhand,Pithoragarh,2020-12-25,2020,12,0,NRSC VIC MODEL
Uttarakhand,Pithoragarh,2020-12-29,2020,12,0,NRSC VIC MODEL
Uttarakhand,Pithoragarh,2020-12-30,2020,12,0,NRSC VIC MODEL
Uttarakhand,Rudra Prayag,2020-01-04,2020,01,0.018655777,NRSC VIC MODEL
Uttarakhand,Nainital,2020-10-30,2020,10,0,NRSC VIC MODEL
Uttarakhand,Nainital,2020-11-05,2020,11,0,NRSC VIC MODEL
Uttarakhand,Nainital,2020-11-06,2020,11,0,NRSC VIC MODEL
Uttarakhand,Nainital,2020-11-11,2020,11,0,NRSC VIC MODEL
Uttarakhand,Nainital,2020-11-17,2020,11,0,NRSC VIC MODEL
Uttarakhand,Nainital,2020-11-19,2020,11,0,NRSC VIC MODEL
Uttarakhand,Nainital,2020-12-03,2020,12,0,NRSC VIC MODEL
Uttarakhand,Nainital,2020-12-11,2020,12,0,NRSC VIC MODEL
Uttarakhand,Nainital,2020-12-25,2020,12,0,NRSC VIC MODEL
Uttarakhand,Nainital,2020-12-27,2020,12,0,NRSC VIC MODEL
Uttarakhand,Nainital,2020-12-29,2020,12,0,NRSC VIC MODEL
Uttarakhand,Pauri Garhwal,2020-01-01,2020,01,0,NRSC VIC MODEL
Uttarakhand,Pauri Garhwal,2020-01-02,2020,01,0.313369916,NRSC VIC MODEL
Uttarakhand,Pauri Garhwal,2020-01-10,2020,01,0,NRSC VIC MODEL
Uttarakhand,Pauri Garhwal,2020-01-13,2020,01,3.978530458,NRSC VIC MODEL
Uttarakhand,Pauri Garhwal,2020-01-26,2020,01,0,NRSC VIC MODEL
Uttarakhand,Pauri Garhwal,2020-01-31,2020,01,0,NRSC VIC MODEL
Uttarakhand,Pauri Garhwal,2020-02-02,2020,02,0,NRSC VIC MODEL
Uttarakhand,Pauri Garhwal,2020-02-05,2020,02,0,NRSC VIC MODEL
Uttarakhand,Pauri Garhwal,2020-02-14,2020,02,0,NRSC VIC MODEL
Uttarakhand,Pauri Garhwal,2020-02-17,2020,02,0,NRSC VIC MODEL
Uttarakhand,Pauri Garhwal,2020-02-26,2020,02,0.756493533,NRSC VIC MODEL
Uttarakhand,Pauri Garhwal,2020-03-01,2020,03,0.19629094,NRSC VIC MODEL
Uttarakhand,Pauri Garhwal,2020-03-04,2020,03,1.435544492,NRSC VIC MODEL
Uttarakhand,Pauri Garhwal,2020-03-07,2020,03,1.397586223,NRSC VIC MODEL
Uttarakhand,Pauri Garhwal,2020-03-20,2020,03,0.047971301,NRSC VIC MODEL
Uttarakhand,Pauri Garhwal,2020-04-05,2020,04,0,NRSC VIC MODEL
Uttarakhand,Pauri Garhwal,2020-04-07,2020,04,0.512378317,NRSC VIC MODEL
Uttarakhand,Pauri Garhwal,2020-04-22,2020,04,0.034678049,NRSC VIC MODEL
Uttarakhand,Pauri Garhwal,2020-04-26,2020,04,33.4082851,NRSC VIC MODEL
Uttarakhand,Pauri Garhwal,2020-05-01,2020,05,0,NRSC VIC MODEL
Uttarakhand,Pauri Garhwal,2020-05-04,2020,05,0.584619183,NRSC VIC MODEL
Uttarakhand,Pauri Garhwal,2020-05-05,2020,05,9.030802831,NRSC VIC MODEL
Uttarakhand,Pauri Garhwal,2020-05-10,2020,05,16.11468669,NRSC VIC MODEL
Uttarakhand,Pauri Garhwal,2020-05-14,2020,05,2.809839639,NRSC VIC MODEL
Uttarakhand,Uttar Kashi,2020-01-10,2020,01,0.007108525,NRSC VIC MODEL
Uttarakhand,Uttar Kashi,2020-01-16,2020,01,0.471627269,NRSC VIC MODEL
Uttarakhand,Uttar Kashi,2020-01-17,2020,01,2.810249172,NRSC VIC MODEL
Uttarakhand,Uttar Kashi,2020-01-23,2020,01,0,NRSC VIC MODEL
Uttarakhand,Uttar Kashi,2020-01-28,2020,01,6.538317433,NRSC VIC MODEL
Uttarakhand,Uttar Kashi,2020-02-01,2020,02,0.870703132,NRSC VIC MODEL
Uttarakhand,Uttar Kashi,2020-02-14,2020,02,0.503179436,NRSC VIC MODEL
Uttarakhand,Uttar Kashi,2020-02-23,2020,02,2.702078846,NRSC VIC MODEL
Uttarakhand,Uttar Kashi,2020-02-27,2020,02,0,NRSC VIC MODEL
Uttarakhand,Uttar Kashi,2020-02-29,2020,02,2.941652403,NRSC VIC MODEL
Uttarakhand,Uttar Kashi,2020-03-02,2020,03,0.285269798,NRSC VIC MODEL
Uttarakhand,Uttar Kashi,2020-03-20,2020,03,0.728141209,NRSC VIC MODEL
Uttarakhand,Uttar Kashi,2020-03-24,2020,03,1.211507662,NRSC VIC MODEL
Uttarakhand,Uttar Kashi,2020-04-01,2020,04,0.608596578,NRSC VIC MODEL
Uttarakhand,Uttar Kashi,2020-04-06,2020,04,0.857242378,NRSC VIC MODEL
Uttarakhand,Uttar Kashi,2020-04-08,2020,04,3.245398396,NRSC VIC MODEL
Uttarakhand,Uttar Kashi,2020-04-09,2020,04,1.973038705,NRSC VIC MODEL
Uttarakhand,Uttar Kashi,2020-04-22,2020,04,4.550753187,NRSC VIC MODEL
Uttarakhand,Uttar Kashi,2020-04-28,2020,04,2.792370054,NRSC VIC MODEL
Uttarakhand,Uttar Kashi,2020-05-07,2020,05,1.692993325,NRSC VIC MODEL
Uttarakhand,Uttar Kashi,2020-05-09,2020,05,13.6800402,NRSC VIC MODEL
Uttarakhand,Uttar Kashi,2020-05-15,2020,05,4.278250871,NRSC VIC MODEL
Uttarakhand,Uttar Kashi,2020-05-16,2020,05,2.378022306,NRSC VIC MODEL
Uttarakhand,Uttar Kashi,2020-05-28,2020,05,3.309109756,NRSC VIC MODEL
Uttarakhand,Uttar Kashi,2020-06-03,2020,06,0.735067294,NRSC VIC MODEL
Uttarakhand,Uttar Kashi,2020-06-04,2020,06,3.0904007,NRSC VIC MODEL
Uttarakhand,Uttar Kashi,2020-06-05,2020,06,1.145756291,NRSC VIC MODEL
Uttarakhand,Uttar Kashi,2020-06-06,2020,06,4.40729565,NRSC VIC MODEL
Uttarakhand,Uttar Kashi,2020-06-07,2020,06,0.470363458,NRSC VIC MODEL
Uttarakhand,Uttar Kashi,2020-06-13,2020,06,10.27966401,NRSC VIC MODEL
Uttarakhand,Uttar Kashi,2020-06-15,2020,06,0.493251384,NRSC VIC MODEL
Uttarakhand,Uttar Kashi,2020-06-27,2020,06,2.301666196,NRSC VIC MODEL
Uttarakhand,Uttar Kashi,2020-06-28,2020,06,14.73454664,NRSC VIC MODEL
Uttarakhand,Uttar Kashi,2020-07-06,2020,07,6.588448624,NRSC VIC MODEL
Uttarakhand,Uttar Kashi,2020-07-08,2020,07,1.357589018,NRSC VIC MODEL
Uttarakhand,Uttar Kashi,2020-07-12,2020,07,5.937101382,NRSC VIC MODEL
Uttarakhand,Uttar Kashi,2020-07-25,2020,07,2.971781537,NRSC VIC MODEL
Uttarakhand,Uttar Kashi,2020-07-27,2020,07,8.089621229,NRSC VIC MODEL
Uttarakhand,Uttar Kashi,2020-08-03,2020,08,5.211836091,NRSC VIC MODEL
Uttarakhand,Uttar Kashi,2020-08-16,2020,08,0.257810922,NRSC VIC MODEL
Uttarakhand,Uttar Kashi,2020-08-20,2020,08,0.407614054,NRSC VIC MODEL
Uttarakhand,Uttar Kashi,2020-08-29,2020,08,1.513316474,NRSC VIC MODEL
Uttarakhand,Uttar Kashi,2020-09-01,2020,09,1.557811929,NRSC VIC MODEL
Uttarakhand,Uttar Kashi,2020-09-03,2020,09,2.22527028,NRSC VIC MODEL
Uttarakhand,Uttar Kashi,2020-09-06,2020,09,9.779207902,NRSC VIC MODEL
Uttarakhand,Uttar Kashi,2020-09-07,2020,09,0.38641121,NRSC VIC MODEL
Uttarakhand,Uttar Kashi,2020-09-08,2020,09,1.183544588,NRSC VIC MODEL
Uttarakhand,Uttar Kashi,2020-09-14,2020,09,1.506234486,NRSC VIC MODEL
Uttarakhand,Uttar Kashi,2020-09-20,2020,09,1.149945776,NRSC VIC MODEL
Uttarakhand,Uttar Kashi,2020-09-28,2020,09,2.129562263,NRSC VIC MODEL
Uttarakhand,Uttar Kashi,2020-09-30,2020,09,0.271530409,NRSC VIC MODEL
Uttarakhand,Uttar Kashi,2020-10-03,2020,10,0,NRSC VIC MODEL
Uttarakhand,Uttar Kashi,2020-10-07,2020,10,0,NRSC VIC MODEL
Uttarakhand,Uttar Kashi,2020-10-08,2020,10,0,NRSC VIC MODEL
Uttarakhand,Uttar Kashi,2020-10-22,2020,10,0.189445683,NRSC VIC MODEL
Uttarakhand,Uttar Kashi,2020-10-24,2020,10,0,NRSC VIC MODEL
Uttarakhand,Uttar Kashi,2020-10-29,2020,10,0,NRSC VIC MODEL
Uttarakhand,Uttar Kashi,2020-11-02,2020,11,0.035851116,NRSC VIC MODEL
Uttarakhand,Uttar Kashi,2020-11-15,2020,11,0,NRSC VIC MODEL
Uttarakhand,Uttar Kashi,2020-12-05,2020,12,0,NRSC VIC MODEL
Uttarakhand,Uttar Kashi,2020-12-11,2020,12,0,NRSC VIC MODEL
Uttarakhand,Uttar Kashi,2020-12-20,2020,12,0,NRSC VIC MODEL
Uttarakhand,Uttar Kashi,2020-12-24,2020,12,0,NRSC VIC MODEL
Uttarakhand,Uttar Kashi,2020-12-26,2020,12,0,NRSC VIC MODEL
Uttarakhand,Uttar Kashi,2020-03-11,2020,03,5.278187856,NRSC VIC MODEL
Uttarakhand,Champawat,2020-05-16,2020,05,0.686617399,NRSC VIC MODEL
Uttarakhand,Champawat,2020-05-18,2020,05,0,NRSC VIC MODEL
Uttarakhand,Champawat,2020-05-23,2020,05,0,NRSC VIC MODEL
Uttarakhand,Champawat,2020-06-01,2020,06,0,NRSC VIC MODEL
Uttarakhand,Champawat,2020-06-02,2020,06,0.753223854,NRSC VIC MODEL
Uttarakhand,Champawat,2020-06-07,2020,06,0.022836499,NRSC VIC MODEL
Uttarakhand,Champawat,2020-06-29,2020,06,1.534886762,NRSC VIC MODEL
Uttarakhand,Champawat,2020-07-05,2020,07,2.957570192,NRSC VIC MODEL
Uttarakhand,Champawat,2020-07-14,2020,07,1.642309652,NRSC VIC MODEL
Uttarakhand,Champawat,2020-07-20,2020,07,5.807138969,NRSC VIC MODEL
Uttarakhand,Champawat,2020-07-31,2020,07,4.973515415,NRSC VIC MODEL
Uttarakhand,Champawat,2020-08-01,2020,08,16.83698523,NRSC VIC MODEL
Uttarakhand,Champawat,2020-08-04,2020,08,0.586167253,NRSC VIC MODEL
Uttarakhand,Champawat,2020-08-06,2020,08,19.07688038,NRSC VIC MODEL
Uttarakhand,Champawat,2020-08-09,2020,08,26.09496277,NRSC VIC MODEL
Uttarakhand,Champawat,2020-08-11,2020,08,2.220803842,NRSC VIC MODEL
Uttarakhand,Champawat,2020-08-13,2020,08,53.0522165,NRSC VIC MODEL
Uttarakhand,Champawat,2020-08-17,2020,08,4.931557154,NRSC VIC MODEL
Uttarakhand,Champawat,2020-08-31,2020,08,0,NRSC VIC MODEL
Uttarakhand,Champawat,2020-09-05,2020,09,11.38318779,NRSC VIC MODEL
Uttarakhand,Champawat,2020-09-07,2020,09,0.171319414,NRSC VIC MODEL
Uttarakhand,Champawat,2020-09-11,2020,09,0,NRSC VIC MODEL
Uttarakhand,Champawat,2020-09-21,2020,09,4.016742234,NRSC VIC MODEL
Uttarakhand,Champawat,2020-09-23,2020,09,1.729956135,NRSC VIC MODEL
Uttarakhand,Champawat,2020-09-26,2020,09,0,NRSC VIC MODEL
Uttarakhand,Champawat,2020-09-27,2020,09,0,NRSC VIC MODEL
Uttarakhand,Champawat,2020-10-07,2020,10,0,NRSC VIC MODEL
Uttarakhand,Champawat,2020-10-09,2020,10,0,NRSC VIC MODEL
Uttarakhand,Champawat,2020-10-12,2020,10,0,NRSC VIC MODEL
Uttarakhand,Champawat,2020-10-19,2020,10,0,NRSC VIC MODEL
Uttarakhand,Champawat,2020-10-23,2020,10,0,NRSC VIC MODEL
Uttarakhand,Champawat,2020-11-05,2020,11,0,NRSC VIC MODEL
Uttarakhand,Champawat,2020-11-10,2020,11,0,NRSC VIC MODEL
Uttarakhand,Champawat,2020-11-19,2020,11,0,NRSC VIC MODEL
Uttarakhand,Champawat,2020-11-24,2020,11,0,NRSC VIC MODEL
Uttarakhand,Champawat,2020-11-27,2020,11,0,NRSC VIC MODEL
Uttarakhand,Champawat,2020-12-01,2020,12,0,NRSC VIC MODEL
Uttarakhand,Champawat,2020-12-21,2020,12,0,NRSC VIC MODEL
Uttarakhand,Champawat,2020-12-26,2020,12,0,NRSC VIC MODEL
Uttarakhand,Champawat,2020-12-31,2020,12,0,NRSC VIC MODEL
Uttarakhand,Dehradun,2020-01-04,2020,01,11.80192338,NRSC VIC MODEL
Uttarakhand,Dehradun,2020-01-05,2020,01,4.77323238,NRSC VIC MODEL
Uttarakhand,Dehradun,2020-01-09,2020,01,29.99538611,NRSC VIC MODEL
Uttarakhand,Dehradun,2020-01-11,2020,01,0,NRSC VIC MODEL
Uttarakhand,Dehradun,2020-01-13,2020,01,31.14410853,NRSC VIC MODEL
Uttarakhand,Dehradun,2020-01-15,2020,01,0,NRSC VIC MODEL
Uttarakhand,Dehradun,2020-01-25,2020,01,0,NRSC VIC MODEL
Uttarakhand,Dehradun,2020-01-31,2020,01,0,NRSC VIC MODEL
Uttarakhand,Dehradun,2020-02-05,2020,02,0,NRSC VIC MODEL
Uttarakhand,Dehradun,2020-02-06,2020,02,0.154636371,NRSC VIC MODEL
Uttarakhand,Dehradun,2020-02-09,2020,02,0,NRSC VIC MODEL
Uttarakhand,Dehradun,2020-02-12,2020,02,0,NRSC VIC MODEL
Uttarakhand,Dehradun,2020-02-14,2020,02,0.002421291,NRSC VIC MODEL
Uttarakhand,Dehradun,2020-02-20,2020,02,4.152875222,NRSC VIC MODEL
Uttarakhand,Dehradun,2020-02-23,2020,02,36.04038887,NRSC VIC MODEL
Uttarakhand,Dehradun,2020-02-26,2020,02,8.344010281,NRSC VIC MODEL
Uttarakhand,Dehradun,2020-03-09,2020,03,0,NRSC VIC MODEL
Uttarakhand,Dehradun,2020-03-15,2020,03,8.721705967,NRSC VIC MODEL
Uttarakhand,Dehradun,2020-03-17,2020,03,0,NRSC VIC MODEL
Uttarakhand,Dehradun,2020-03-18,2020,03,1.156321153,NRSC VIC MODEL
Uttarakhand,Dehradun,2020-03-22,2020,03,0.162681583,NRSC VIC MODEL
Uttarakhand,Dehradun,2020-03-31,2020,03,1.900550545,NRSC VIC MODEL
Uttarakhand,Dehradun,2020-04-05,2020,04,0.29377476,NRSC VIC MODEL
Uttarakhand,Dehradun,2020-04-07,2020,04,0.757263152,NRSC VIC MODEL
Uttarakhand,Dehradun,2020-04-15,2020,04,6.359264053,NRSC VIC MODEL
Uttarakhand,Dehradun,2020-04-18,2020,04,23.65259027,NRSC VIC MODEL
Uttarakhand,Dehradun,2020-04-28,2020,04,4.583015048,NRSC VIC MODEL
Uttarakhand,Dehradun,2020-05-01,2020,05,0.008792207,NRSC VIC MODEL
Uttarakhand,Dehradun,2020-05-07,2020,05,0.054590674,NRSC VIC MODEL
Uttarakhand,Dehradun,2020-05-13,2020,05,0.995253764,NRSC VIC MODEL
Uttarakhand,Dehradun,2020-05-16,2020,05,0.014596437,NRSC VIC MODEL
Uttarakhand,Dehradun,2020-05-18,2020,05,0.843699817,NRSC VIC MODEL
Uttarakhand,Dehradun,2020-05-22,2020,05,0,NRSC VIC MODEL
Uttarakhand,Dehradun,2020-06-02,2020,06,2.221526195,NRSC VIC MODEL
Uttarakhand,Dehradun,2020-06-06,2020,06,1.008390557,NRSC VIC MODEL
Uttarakhand,Dehradun,2020-06-15,2020,06,2.827415708,NRSC VIC MODEL
Uttarakhand,Dehradun,2020-06-16,2020,06,0.425743723,NRSC VIC MODEL
Uttarakhand,Dehradun,2020-07-03,2020,07,9.436690968,NRSC VIC MODEL
Uttarakhand,Dehradun,2020-07-10,2020,07,33.17397492,NRSC VIC MODEL
Uttarakhand,Dehradun,2020-07-13,2020,07,0.144650691,NRSC VIC MODEL
Uttarakhand,Dehradun,2020-07-21,2020,07,9.470305704,NRSC VIC MODEL
Uttarakhand,Dehradun,2020-07-24,2020,07,9.796347176,NRSC VIC MODEL
Uttarakhand,Dehradun,2020-07-25,2020,07,7.330682693,NRSC VIC MODEL
Uttarakhand,Dehradun,2020-07-28,2020,07,40.41696737,NRSC VIC MODEL
Uttarakhand,Dehradun,2020-08-06,2020,08,5.684590976,NRSC VIC MODEL
Uttarakhand,Dehradun,2020-08-07,2020,08,0.0421236,NRSC VIC MODEL
Uttarakhand,Dehradun,2020-08-12,2020,08,4.675771112,NRSC VIC MODEL
Uttarakhand,Dehradun,2020-08-14,2020,08,3.971192512,NRSC VIC MODEL
Uttarakhand,Dehradun,2020-08-18,2020,08,18.79905173,NRSC VIC MODEL
Uttarakhand,Haridwar,2020-10-06,2020,10,0,NRSC VIC MODEL
Uttarakhand,Haridwar,2020-10-07,2020,10,0,NRSC VIC MODEL
Uttarakhand,Haridwar,2020-10-09,2020,10,0,NRSC VIC MODEL
Uttarakhand,Haridwar,2020-10-11,2020,10,0,NRSC VIC MODEL
Uttarakhand,Haridwar,2020-10-13,2020,10,0,NRSC VIC MODEL
Uttarakhand,Haridwar,2020-10-20,2020,10,0,NRSC VIC MODEL
Uttarakhand,Haridwar,2020-10-25,2020,10,0,NRSC VIC MODEL
Uttarakhand,Haridwar,2020-10-30,2020,10,0,NRSC VIC MODEL
Uttarakhand,Haridwar,2020-10-31,2020,10,0,NRSC VIC MODEL
Uttarakhand,Haridwar,2020-11-02,2020,11,0,NRSC VIC MODEL
Uttarakhand,Haridwar,2020-11-03,2020,11,0,NRSC VIC MODEL
Uttarakhand,Haridwar,2020-11-05,2020,11,0,NRSC VIC MODEL
Uttarakhand,Haridwar,2020-11-08,2020,11,0,NRSC VIC MODEL
Uttarakhand,Haridwar,2020-11-10,2020,11,0,NRSC VIC MODEL
Uttarakhand,Haridwar,2020-11-11,2020,11,0,NRSC VIC MODEL
Uttarakhand,Haridwar,2020-11-18,2020,11,0,NRSC VIC MODEL
Uttarakhand,Haridwar,2020-11-23,2020,11,0,NRSC VIC MODEL
Uttarakhand,Haridwar,2020-11-27,2020,11,0.007726765,NRSC VIC MODEL
Uttarakhand,Haridwar,2020-12-01,2020,12,0,NRSC VIC MODEL
Uttarakhand,Haridwar,2020-12-03,2020,12,0,NRSC VIC MODEL
Uttarakhand,Haridwar,2020-12-04,2020,12,0,NRSC VIC MODEL
Uttarakhand,Haridwar,2020-12-06,2020,12,0,NRSC VIC MODEL
Uttarakhand,Haridwar,2020-12-07,2020,12,0,NRSC VIC MODEL
Uttarakhand,Haridwar,2020-12-09,2020,12,0,NRSC VIC MODEL
Uttarakhand,Haridwar,2020-12-10,2020,12,0,NRSC VIC MODEL
Uttarakhand,Haridwar,2020-12-13,2020,12,3.964964362,NRSC VIC MODEL
Uttarakhand,Haridwar,2020-12-18,2020,12,0,NRSC VIC MODEL
Uttarakhand,Nainital,2020-01-01,2020,01,0,NRSC VIC MODEL
Uttarakhand,Nainital,2020-01-07,2020,01,2.296937933,NRSC VIC MODEL
Uttarakhand,Nainital,2020-01-10,2020,01,0,NRSC VIC MODEL
Uttarakhand,Nainital,2020-01-13,2020,01,0.042609597,NRSC VIC MODEL
Uttarakhand,Nainital,2020-01-16,2020,01,51.62956854,NRSC VIC MODEL
Uttarakhand,Nainital,2020-01-18,2020,01,1.57561736,NRSC VIC MODEL
Uttarakhand,Nainital,2020-01-19,2020,01,0,NRSC VIC MODEL
Uttarakhand,Nainital,2020-01-22,2020,01,0,NRSC VIC MODEL
Uttarakhand,Nainital,2020-01-26,2020,01,0,NRSC VIC MODEL
Uttarakhand,Nainital,2020-01-29,2020,01,45.67412175,NRSC VIC MODEL
Uttarakhand,Nainital,2020-02-11,2020,02,0,NRSC VIC MODEL
Uttarakhand,Nainital,2020-02-12,2020,02,0,NRSC VIC MODEL
Uttarakhand,Nainital,2020-02-14,2020,02,0,NRSC VIC MODEL
Uttarakhand,Nainital,2020-02-16,2020,02,0,NRSC VIC MODEL
Uttarakhand,Nainital,2020-02-17,2020,02,0,NRSC VIC MODEL
Uttarakhand,Dehradun,2020-12-02,2020,12,0,NRSC VIC MODEL
Uttarakhand,Dehradun,2020-12-05,2020,12,0,NRSC VIC MODEL
Uttarakhand,Dehradun,2020-12-07,2020,12,0,NRSC VIC MODEL
Uttarakhand,Dehradun,2020-12-15,2020,12,0,NRSC VIC MODEL
Uttarakhand,Dehradun,2020-12-21,2020,12,0,NRSC VIC MODEL
Uttarakhand,Dehradun,2020-12-25,2020,12,0,NRSC VIC MODEL
Uttarakhand,Dehradun,2020-12-26,2020,12,0,NRSC VIC MODEL
Uttarakhand,Haridwar,2020-01-01,2020,01,0,NRSC VIC MODEL
Uttarakhand,Haridwar,2020-01-06,2020,01,5.092592793,NRSC VIC MODEL
Uttarakhand,Haridwar,2020-01-11,2020,01,0,NRSC VIC MODEL
Uttarakhand,Haridwar,2020-01-12,2020,01,0.146118855,NRSC VIC MODEL
Uttarakhand,Haridwar,2020-01-25,2020,01,0,NRSC VIC MODEL
Uttarakhand,Haridwar,2020-01-26,2020,01,0,NRSC VIC MODEL
Uttarakhand,Haridwar,2020-01-28,2020,01,17.16253627,NRSC VIC MODEL
Uttarakhand,Haridwar,2020-02-02,2020,02,0,NRSC VIC MODEL
Uttarakhand,Haridwar,2020-02-12,2020,02,0,NRSC VIC MODEL
Uttarakhand,Haridwar,2020-02-15,2020,02,0,NRSC VIC MODEL
Uttarakhand,Haridwar,2020-02-17,2020,02,0,NRSC VIC MODEL
Uttarakhand,Haridwar,2020-02-19,2020,02,0,NRSC VIC MODEL
Uttarakhand,Haridwar,2020-02-20,2020,02,3.574055511,NRSC VIC MODEL
Uttarakhand,Haridwar,2020-02-26,2020,02,4.062431484,NRSC VIC MODEL
Uttarakhand,Haridwar,2020-02-27,2020,02,0,NRSC VIC MODEL
Uttarakhand,Haridwar,2020-03-06,2020,03,29.88586482,NRSC VIC MODEL
Uttarakhand,Haridwar,2020-03-07,2020,03,0,NRSC VIC MODEL
Uttarakhand,Haridwar,2020-03-08,2020,03,0,NRSC VIC MODEL
Uttarakhand,Haridwar,2020-03-17,2020,03,0,NRSC VIC MODEL
Uttarakhand,Haridwar,2020-03-27,2020,03,11.55433095,NRSC VIC MODEL
Uttarakhand,Haridwar,2020-04-07,2020,04,0.220826504,NRSC VIC MODEL
Uttarakhand,Haridwar,2020-04-10,2020,04,1.48528063,NRSC VIC MODEL
Uttarakhand,Haridwar,2020-04-11,2020,04,0,NRSC VIC MODEL
Uttarakhand,Haridwar,2020-04-13,2020,04,0,NRSC VIC MODEL
Uttarakhand,Haridwar,2020-04-14,2020,04,0.514431887,NRSC VIC MODEL
Uttarakhand,Haridwar,2020-04-18,2020,04,10.62557613,NRSC VIC MODEL
Uttarakhand,Haridwar,2020-04-19,2020,04,0.063555857,NRSC VIC MODEL
Uttarakhand,Haridwar,2020-04-21,2020,04,0,NRSC VIC MODEL
Uttarakhand,Haridwar,2020-04-29,2020,04,0,NRSC VIC MODEL
Uttarakhand,Haridwar,2020-05-08,2020,05,0,NRSC VIC MODEL
Uttarakhand,Haridwar,2020-05-09,2020,05,0.121909883,NRSC VIC MODEL
Uttarakhand,Haridwar,2020-05-10,2020,05,13.72350627,NRSC VIC MODEL
Uttarakhand,Haridwar,2020-05-11,2020,05,3.254195492,NRSC VIC MODEL
Uttarakhand,Haridwar,2020-05-19,2020,05,0,NRSC VIC MODEL
Uttarakhand,Haridwar,2020-05-23,2020,05,0,NRSC VIC MODEL
Uttarakhand,Haridwar,2020-05-25,2020,05,0,NRSC VIC MODEL
Uttarakhand,Haridwar,2020-05-26,2020,05,0,NRSC VIC MODEL
Uttarakhand,Haridwar,2020-05-29,2020,05,0,NRSC VIC MODEL
Uttarakhand,Haridwar,2020-06-15,2020,06,3.470615051,NRSC VIC MODEL
Uttarakhand,Haridwar,2020-06-21,2020,06,0,NRSC VIC MODEL
Uttarakhand,Haridwar,2020-06-24,2020,06,5.979990135,NRSC VIC MODEL
Uttarakhand,Haridwar,2020-06-26,2020,06,0,NRSC VIC MODEL
Uttarakhand,Haridwar,2020-07-05,2020,07,9.208386882,NRSC VIC MODEL
Uttarakhand,Haridwar,2020-07-08,2020,07,1.507116632,NRSC VIC MODEL
Uttarakhand,Haridwar,2020-07-20,2020,07,2.318321758,NRSC VIC MODEL
Uttarakhand,Haridwar,2020-08-05,2020,08,0.045752736,NRSC VIC MODEL
Uttarakhand,Haridwar,2020-08-19,2020,08,18.13449552,NRSC VIC MODEL
Uttarakhand,Haridwar,2020-08-21,2020,08,0.69626219,NRSC VIC MODEL
Uttarakhand,Haridwar,2020-08-24,2020,08,0,NRSC VIC MODEL
Uttarakhand,Haridwar,2020-08-26,2020,08,3.917855644,NRSC VIC MODEL
Uttarakhand,Haridwar,2020-08-29,2020,08,2.21199399,NRSC VIC MODEL
Uttarakhand,Haridwar,2020-08-30,2020,08,0.056238225,NRSC VIC MODEL
Uttarakhand,Haridwar,2020-09-03,2020,09,0,NRSC VIC MODEL
Uttarakhand,Haridwar,2020-09-05,2020,09,20.45300431,NRSC VIC MODEL
Uttarakhand,Haridwar,2020-09-25,2020,09,0.002758724,NRSC VIC MODEL
Uttarakhand,Haridwar,2020-10-03,2020,10,0,NRSC VIC MODEL
Uttarakhand,Haridwar,2020-10-12,2020,10,0,NRSC VIC MODEL
Uttarakhand,Haridwar,2020-10-15,2020,10,0,NRSC VIC MODEL
Uttarakhand,Haridwar,2020-10-16,2020,10,0,NRSC VIC MODEL
Uttarakhand,Haridwar,2020-10-21,2020,10,0,NRSC VIC MODEL
Uttarakhand,Haridwar,2020-10-22,2020,10,0,NRSC VIC MODEL
Uttarakhand,Haridwar,2020-10-24,2020,10,0,NRSC VIC MODEL
Uttarakhand,Haridwar,2020-10-26,2020,10,0,NRSC VIC MODEL
Uttarakhand,Haridwar,2020-11-16,2020,11,11.1813538,NRSC VIC MODEL
Uttarakhand,Haridwar,2020-11-19,2020,11,0,NRSC VIC MODEL
Uttarakhand,Haridwar,2020-11-26,2020,11,0.193169127,NRSC VIC MODEL
Uttarakhand,Haridwar,2020-11-28,2020,11,0,NRSC VIC MODEL
Uttarakhand,Haridwar,2020-12-02,2020,12,0,NRSC VIC MODEL
Uttarakhand,Haridwar,2020-12-19,2020,12,0,NRSC VIC MODEL
Uttarakhand,Haridwar,2020-12-20,2020,12,0,NRSC VIC MODEL
Uttarakhand,Haridwar,2020-12-21,2020,12,0,NRSC VIC MODEL
Uttarakhand,Haridwar,2020-12-23,2020,12,0,NRSC VIC MODEL
Uttarakhand,Nainital,2020-01-05,2020,01,0,NRSC VIC MODEL
Uttarakhand,Nainital,2020-01-08,2020,01,25.80273539,NRSC VIC MODEL
Uttarakhand,Nainital,2020-01-09,2020,01,0,NRSC VIC MODEL
Uttarakhand,Nainital,2020-01-24,2020,01,0,NRSC VIC MODEL
Uttarakhand,Nainital,2020-01-27,2020,01,0.031120657,NRSC VIC MODEL
Uttarakhand,Nainital,2020-01-31,2020,01,0,NRSC VIC MODEL
Uttarakhand,Nainital,2020-02-07,2020,02,0.019564255,NRSC VIC MODEL
Uttarakhand,Nainital,2020-02-26,2020,02,0,NRSC VIC MODEL
Uttarakhand,Nainital,2020-03-02,2020,03,0.201039581,NRSC VIC MODEL
Uttarakhand,Nainital,2020-03-05,2020,03,2.776747902,NRSC VIC MODEL
Uttarakhand,Nainital,2020-03-11,2020,03,2.0083247,NRSC VIC MODEL
Uttarakhand,Nainital,2020-03-19,2020,03,0.013931099,NRSC VIC MODEL
Uttarakhand,Nainital,2020-03-20,2020,03,0,NRSC VIC MODEL
Uttarakhand,Nainital,2020-03-21,2020,03,1.373869418,NRSC VIC MODEL
Uttarakhand,Nainital,2020-04-01,2020,04,0,NRSC VIC MODEL
Uttarakhand,Nainital,2020-04-06,2020,04,0,NRSC VIC MODEL
Uttarakhand,Nainital,2020-04-11,2020,04,0,NRSC VIC MODEL
Uttarakhand,Champawat,2020-07-19,2020,07,3.410067805,NRSC VIC MODEL
Uttarakhand,Champawat,2020-07-30,2020,07,0,NRSC VIC MODEL
Uttarakhand,Champawat,2020-08-02,2020,08,3.954946668,NRSC VIC MODEL
Uttarakhand,Champawat,2020-08-08,2020,08,31.72001872,NRSC VIC MODEL
Uttarakhand,Champawat,2020-08-14,2020,08,25.80749692,NRSC VIC MODEL
Uttarakhand,Champawat,2020-08-19,2020,08,43.1149597,NRSC VIC MODEL
Uttarakhand,Champawat,2020-08-21,2020,08,0.256042825,NRSC VIC MODEL
Uttarakhand,Champawat,2020-08-26,2020,08,25.07436918,NRSC VIC MODEL
Uttarakhand,Champawat,2020-08-30,2020,08,0,NRSC VIC MODEL
Uttarakhand,Champawat,2020-09-03,2020,09,1.761714093,NRSC VIC MODEL
Uttarakhand,Champawat,2020-09-12,2020,09,0,NRSC VIC MODEL
Uttarakhand,Champawat,2020-09-20,2020,09,0,NRSC VIC MODEL
Uttarakhand,Champawat,2020-10-01,2020,10,0,NRSC VIC MODEL
Uttarakhand,Champawat,2020-10-02,2020,10,0,NRSC VIC MODEL
Uttarakhand,Champawat,2020-10-05,2020,10,0,NRSC VIC MODEL
Uttarakhand,Champawat,2020-10-11,2020,10,0,NRSC VIC MODEL
Uttarakhand,Champawat,2020-10-15,2020,10,0,NRSC VIC MODEL
Uttarakhand,Champawat,2020-10-16,2020,10,0,NRSC VIC MODEL
Uttarakhand,Champawat,2020-10-21,2020,10,0,NRSC VIC MODEL
Uttarakhand,Champawat,2020-10-25,2020,10,0,NRSC VIC MODEL
Uttarakhand,Champawat,2020-10-28,2020,10,0,NRSC VIC MODEL
Uttarakhand,Champawat,2020-11-04,2020,11,0,NRSC VIC MODEL
Uttarakhand,Champawat,2020-11-08,2020,11,0,NRSC VIC MODEL
Uttarakhand,Champawat,2020-11-11,2020,11,0,NRSC VIC MODEL
Uttarakhand,Champawat,2020-11-20,2020,11,0,NRSC VIC MODEL
Uttarakhand,Champawat,2020-11-22,2020,11,0,NRSC VIC MODEL
Uttarakhand,Champawat,2020-11-26,2020,11,0,NRSC VIC MODEL
Uttarakhand,Champawat,2020-12-05,2020,12,0,NRSC VIC MODEL
Uttarakhand,Champawat,2020-12-09,2020,12,0,NRSC VIC MODEL
Uttarakhand,Champawat,2020-12-15,2020,12,0,NRSC VIC MODEL
Uttarakhand,Champawat,2020-12-18,2020,12,0,NRSC VIC MODEL
Uttarakhand,Champawat,2020-12-23,2020,12,0,NRSC VIC MODEL
Uttarakhand,Champawat,2020-12-28,2020,12,0,NRSC VIC MODEL
Uttarakhand,Champawat,2020-12-30,2020,12,0,NRSC VIC MODEL
Uttarakhand,Dehradun,2020-01-06,2020,01,7.820650739,NRSC VIC MODEL
Uttarakhand,Dehradun,2020-01-07,2020,01,9.036267771,NRSC VIC MODEL
Uttarakhand,Dehradun,2020-01-14,2020,01,2.738033997,NRSC VIC MODEL
Uttarakhand,Dehradun,2020-01-19,2020,01,0.528176366,NRSC VIC MODEL
Uttarakhand,Dehradun,2020-01-24,2020,01,0,NRSC VIC MODEL
Uttarakhand,Dehradun,2020-01-27,2020,01,0.232392449,NRSC VIC MODEL
Uttarakhand,Dehradun,2020-02-04,2020,02,0.009273031,NRSC VIC MODEL
Uttarakhand,Dehradun,2020-02-22,2020,02,0,NRSC VIC MODEL
Uttarakhand,Dehradun,2020-03-07,2020,03,0,NRSC VIC MODEL
Uttarakhand,Dehradun,2020-03-10,2020,03,0,NRSC VIC MODEL
Uttarakhand,Dehradun,2020-03-16,2020,03,0,NRSC VIC MODEL
Uttarakhand,Dehradun,2020-03-20,2020,03,0.500872443,NRSC VIC MODEL
Uttarakhand,Dehradun,2020-03-27,2020,03,12.11322245,NRSC VIC MODEL
Uttarakhand,Dehradun,2020-04-03,2020,04,0,NRSC VIC MODEL
Uttarakhand,Dehradun,2020-04-08,2020,04,0.282140541,NRSC VIC MODEL
Uttarakhand,Dehradun,2020-04-09,2020,04,0.960660208,NRSC VIC MODEL
Uttarakhand,Dehradun,2020-04-24,2020,04,0.993716845,NRSC VIC MODEL
Uttarakhand,Dehradun,2020-04-25,2020,04,10.30765178,NRSC VIC MODEL
Uttarakhand,Dehradun,2020-04-27,2020,04,5.159909169,NRSC VIC MODEL
Uttarakhand,Dehradun,2020-04-30,2020,04,95.71148194,NRSC VIC MODEL
Uttarakhand,Dehradun,2020-05-05,2020,05,1.972656944,NRSC VIC MODEL
Uttarakhand,Dehradun,2020-05-09,2020,05,3.572409267,NRSC VIC MODEL
Uttarakhand,Dehradun,2020-05-11,2020,05,3.504776247,NRSC VIC MODEL
Uttarakhand,Dehradun,2020-05-20,2020,05,0,NRSC VIC MODEL
Uttarakhand,Dehradun,2020-05-24,2020,05,0,NRSC VIC MODEL
Uttarakhand,Dehradun,2020-05-25,2020,05,0.062678818,NRSC VIC MODEL
Uttarakhand,Dehradun,2020-06-01,2020,06,0.538350941,NRSC VIC MODEL
Uttarakhand,Dehradun,2020-06-04,2020,06,9.281084364,NRSC VIC MODEL
Uttarakhand,Dehradun,2020-06-11,2020,06,0.014304508,NRSC VIC MODEL
Uttarakhand,Dehradun,2020-07-04,2020,07,48.15454721,NRSC VIC MODEL
Uttarakhand,Dehradun,2020-07-06,2020,07,0.289164003,NRSC VIC MODEL
Uttarakhand,Dehradun,2020-07-07,2020,07,4.540444969,NRSC VIC MODEL
Uttarakhand,Dehradun,2020-07-17,2020,07,3.29851142,NRSC VIC MODEL
Uttarakhand,Dehradun,2020-07-18,2020,07,12.02390084,NRSC VIC MODEL
Uttarakhand,Dehradun,2020-07-19,2020,07,7.33144686,NRSC VIC MODEL
Uttarakhand,Dehradun,2020-07-23,2020,07,38.77231812,NRSC VIC MODEL
Uttarakhand,Dehradun,2020-08-03,2020,08,1.960404523,NRSC VIC MODEL
Uttarakhand,Dehradun,2020-08-08,2020,08,16.50554793,NRSC VIC MODEL
Uttarakhand,Dehradun,2020-08-09,2020,08,25.79857561,NRSC VIC MODEL
Uttarakhand,Dehradun,2020-08-15,2020,08,6.020540853,NRSC VIC MODEL
Uttarakhand,Dehradun,2020-08-16,2020,08,1.522004831,NRSC VIC MODEL
Uttarakhand,Dehradun,2020-08-19,2020,08,15.52416936,NRSC VIC MODEL
Uttarakhand,Dehradun,2020-09-13,2020,09,0.108168184,NRSC VIC MODEL
Uttarakhand,Dehradun,2020-09-17,2020,09,0,NRSC VIC MODEL
Uttarakhand,Dehradun,2020-09-18,2020,09,0,NRSC VIC MODEL
Uttarakhand,Dehradun,2020-09-21,2020,09,0.054023989,NRSC VIC MODEL
Uttarakhand,Dehradun,2020-09-23,2020,09,0.899698618,NRSC VIC MODEL
Uttarakhand,Dehradun,2020-09-25,2020,09,0.376708281,NRSC VIC MODEL
Uttarakhand,Dehradun,2020-10-02,2020,10,0,NRSC VIC MODEL
Uttarakhand,Dehradun,2020-10-03,2020,10,0,NRSC VIC MODEL
Uttarakhand,Dehradun,2020-10-08,2020,10,0,NRSC VIC MODEL
Uttarakhand,Dehradun,2020-10-11,2020,10,0,NRSC VIC MODEL
Uttarakhand,Dehradun,2020-10-17,2020,10,0,NRSC VIC MODEL
Uttarakhand,Dehradun,2020-10-18,2020,10,0,NRSC VIC MODEL
Uttarakhand,Dehradun,2020-10-24,2020,10,0,NRSC VIC MODEL
Uttarakhand,Dehradun,2020-11-03,2020,11,0,NRSC VIC MODEL
Uttarakhand,Dehradun,2020-11-14,2020,11,0,NRSC VIC MODEL
Uttarakhand,Dehradun,2020-11-17,2020,11,5.44046986,NRSC VIC MODEL
Uttarakhand,Dehradun,2020-11-27,2020,11,2.022319174,NRSC VIC MODEL
Uttarakhand,Pithoragarh,2020-06-22,2020,06,2.973119602,NRSC VIC MODEL
Uttarakhand,Pithoragarh,2020-06-25,2020,06,6.561843403,NRSC VIC MODEL
Uttarakhand,Pithoragarh,2020-06-30,2020,06,5.290167867,NRSC VIC MODEL
Uttarakhand,Pithoragarh,2020-07-02,2020,07,8.829435937,NRSC VIC MODEL
Uttarakhand,Pithoragarh,2020-07-03,2020,07,17.30245234,NRSC VIC MODEL
Uttarakhand,Pithoragarh,2020-07-04,2020,07,10.45371252,NRSC VIC MODEL
Uttarakhand,Pithoragarh,2020-07-08,2020,07,7.132283057,NRSC VIC MODEL
Uttarakhand,Pithoragarh,2020-07-23,2020,07,0.174069992,NRSC VIC MODEL
Uttarakhand,Pithoragarh,2020-07-27,2020,07,23.08896489,NRSC VIC MODEL
Uttarakhand,Pithoragarh,2020-07-29,2020,07,6.579979386,NRSC VIC MODEL
Uttarakhand,Pithoragarh,2020-07-30,2020,07,0.960686437,NRSC VIC MODEL
Uttarakhand,Pithoragarh,2020-08-01,2020,08,6.96128189,NRSC VIC MODEL
Uttarakhand,Pithoragarh,2020-08-03,2020,08,4.046831882,NRSC VIC MODEL
Uttarakhand,Pithoragarh,2020-08-04,2020,08,6.781247815,NRSC VIC MODEL
Uttarakhand,Pithoragarh,2020-08-06,2020,08,9.85980798,NRSC VIC MODEL
Uttarakhand,Pithoragarh,2020-08-19,2020,08,12.40333631,NRSC VIC MODEL
Uttarakhand,Pithoragarh,2020-08-20,2020,08,1.557914612,NRSC VIC MODEL
Uttarakhand,Pithoragarh,2020-08-26,2020,08,19.46183092,NRSC VIC MODEL
Uttarakhand,Pithoragarh,2020-08-30,2020,08,0,NRSC VIC MODEL
Uttarakhand,Pithoragarh,2020-09-01,2020,09,3.111179824,NRSC VIC MODEL
Uttarakhand,Pithoragarh,2020-09-04,2020,09,2.512670202,NRSC VIC MODEL
Uttarakhand,Pithoragarh,2020-09-10,2020,09,1.096981439,NRSC VIC MODEL
Uttarakhand,Pithoragarh,2020-09-13,2020,09,1.582505839,NRSC VIC MODEL
Uttarakhand,Pithoragarh,2020-09-14,2020,09,8.299921343,NRSC VIC MODEL
Uttarakhand,Pithoragarh,2020-09-20,2020,09,1.177948949,NRSC VIC MODEL
Uttarakhand,Pithoragarh,2020-09-24,2020,09,1.29574606,NRSC VIC MODEL
Uttarakhand,Pithoragarh,2020-10-01,2020,10,0,NRSC VIC MODEL
Uttarakhand,Pithoragarh,2020-10-15,2020,10,0,NRSC VIC MODEL
Uttarakhand,Pithoragarh,2020-10-17,2020,10,0,NRSC VIC MODEL
Uttarakhand,Pithoragarh,2020-10-18,2020,10,0,NRSC VIC MODEL
Uttarakhand,Pithoragarh,2020-10-23,2020,10,0.336595882,NRSC VIC MODEL
Uttarakhand,Pithoragarh,2020-10-29,2020,10,0,NRSC VIC MODEL
Uttarakhand,Pithoragarh,2020-10-31,2020,10,0,NRSC VIC MODEL
Uttarakhand,Pithoragarh,2020-11-13,2020,11,0,NRSC VIC MODEL
Uttarakhand,Pithoragarh,2020-11-28,2020,11,0,NRSC VIC MODEL
Uttarakhand,Pithoragarh,2020-12-02,2020,12,0,NRSC VIC MODEL
Uttarakhand,Pithoragarh,2020-12-03,2020,12,0,NRSC VIC MODEL
Uttarakhand,Pithoragarh,2020-12-06,2020,12,0,NRSC VIC MODEL
Uttarakhand,Pithoragarh,2020-12-10,2020,12,0,NRSC VIC MODEL
Uttarakhand,Pithoragarh,2020-12-22,2020,12,0,NRSC VIC MODEL
Uttarakhand,Pithoragarh,2020-12-31,2020,12,0,NRSC VIC MODEL
Uttarakhand,Rudra Prayag,2020-01-05,2020,01,0.101603054,NRSC VIC MODEL
Uttarakhand,Rudra Prayag,2020-01-08,2020,01,6.015925906,NRSC VIC MODEL
Uttarakhand,Rudra Prayag,2020-01-12,2020,01,2.602976018,NRSC VIC MODEL
Uttarakhand,Rudra Prayag,2020-01-15,2020,01,0,NRSC VIC MODEL
Uttarakhand,Rudra Prayag,2020-01-18,2020,01,0.566284459,NRSC VIC MODEL
Uttarakhand,Rudra Prayag,2020-01-25,2020,01,0,NRSC VIC MODEL
Uttarakhand,Rudra Prayag,2020-01-26,2020,01,0,NRSC VIC MODEL
Uttarakhand,Rudra Prayag,2020-01-31,2020,01,0,NRSC VIC MODEL
Uttarakhand,Rudra Prayag,2020-02-03,2020,02,0.004014873,NRSC VIC MODEL
Uttarakhand,Rudra Prayag,2020-02-05,2020,02,0,NRSC VIC MODEL
Uttarakhand,Rudra Prayag,2020-02-07,2020,02,3.763006668,NRSC VIC MODEL
Uttarakhand,Rudra Prayag,2020-02-12,2020,02,0,NRSC VIC MODEL
Uttarakhand,Rudra Prayag,2020-02-13,2020,02,0,NRSC VIC MODEL
Uttarakhand,Rudra Prayag,2020-02-17,2020,02,0.241320635,NRSC VIC MODEL
Uttarakhand,Rudra Prayag,2020-02-20,2020,02,1.165290133,NRSC VIC MODEL
Uttarakhand,Rudra Prayag,2020-02-22,2020,02,0,NRSC VIC MODEL
Uttarakhand,Rudra Prayag,2020-02-26,2020,02,0,NRSC VIC MODEL
Uttarakhand,Rudra Prayag,2020-03-02,2020,03,0.005353164,NRSC VIC MODEL
Uttarakhand,Rudra Prayag,2020-03-03,2020,03,0,NRSC VIC MODEL
Uttarakhand,Rudra Prayag,2020-03-07,2020,03,0.130389693,NRSC VIC MODEL
Uttarakhand,Rudra Prayag,2020-03-12,2020,03,30.4105889,NRSC VIC MODEL
Uttarakhand,Rudra Prayag,2020-03-14,2020,03,2.7332185,NRSC VIC MODEL
Uttarakhand,Rudra Prayag,2020-03-20,2020,03,1.097652905,NRSC VIC MODEL
Uttarakhand,Rudra Prayag,2020-03-21,2020,03,1.610392341,NRSC VIC MODEL
Uttarakhand,Rudra Prayag,2020-03-23,2020,03,0.813694318,NRSC VIC MODEL
Uttarakhand,Rudra Prayag,2020-03-27,2020,03,7.045205523,NRSC VIC MODEL
Uttarakhand,Rudra Prayag,2020-03-30,2020,03,0.28185747,NRSC VIC MODEL
Uttarakhand,Rudra Prayag,2020-04-03,2020,04,0.51459966,NRSC VIC MODEL
Uttarakhand,Rudra Prayag,2020-04-08,2020,04,5.456011712,NRSC VIC MODEL
Uttarakhand,Rudra Prayag,2020-04-12,2020,04,4.886689333,NRSC VIC MODEL
Uttarakhand,Rudra Prayag,2020-04-13,2020,04,12.82422715,NRSC VIC MODEL
Uttarakhand,Rudra Prayag,2020-04-16,2020,04,6.441408768,NRSC VIC MODEL
Uttarakhand,Rudra Prayag,2020-04-18,2020,04,8.623652858,NRSC VIC MODEL
Uttarakhand,Rudra Prayag,2020-04-23,2020,04,9.13743616,NRSC VIC MODEL
Uttarakhand,Rudra Prayag,2020-05-02,2020,05,37.08401718,NRSC VIC MODEL
Uttarakhand,Rudra Prayag,2020-05-12,2020,05,4.107750432,NRSC VIC MODEL
Uttarakhand,Rudra Prayag,2020-05-17,2020,05,0.327881298,NRSC VIC MODEL
Uttarakhand,Rudra Prayag,2020-05-22,2020,05,4.979473049,NRSC VIC MODEL
Uttarakhand,Rudra Prayag,2020-06-07,2020,06,0,NRSC VIC MODEL
Uttarakhand,Rudra Prayag,2020-06-08,2020,06,0.108401572,NRSC VIC MODEL
Uttarakhand,Rudra Prayag,2020-06-18,2020,06,7.023873165,NRSC VIC MODEL
Uttarakhand,Rudra Prayag,2020-06-20,2020,06,7.565626749,NRSC VIC MODEL
Uttarakhand,Rudra Prayag,2020-06-26,2020,06,4.364434648,NRSC VIC MODEL
Uttarakhand,Rudra Prayag,2020-06-28,2020,06,12.52317859,NRSC VIC MODEL
Uttarakhand,Rudra Prayag,2020-06-29,2020,06,14.96059463,NRSC VIC MODEL
Uttarakhand,Rudra Prayag,2020-07-11,2020,07,2.350949055,NRSC VIC MODEL
Uttarakhand,Rudra Prayag,2020-07-18,2020,07,7.517448273,NRSC VIC MODEL
Uttarakhand,Rudra Prayag,2020-07-28,2020,07,13.63195269,NRSC VIC MODEL
Uttarakhand,Udam Singh Nagar,2020-07-03,2020,07,22.7974786,NRSC VIC MODEL
Uttarakhand,Udam Singh Nagar,2020-07-19,2020,07,0.541779373,NRSC VIC MODEL
Uttarakhand,Udam Singh Nagar,2020-07-26,2020,07,8.991360938,NRSC VIC MODEL
Uttarakhand,Udam Singh Nagar,2020-07-29,2020,07,11.99158017,NRSC VIC MODEL
Uttarakhand,Udam Singh Nagar,2020-08-04,2020,08,0.93388075,NRSC VIC MODEL
Uttarakhand,Udam Singh Nagar,2020-08-09,2020,08,32.02408824,NRSC VIC MODEL
Uttarakhand,Udam Singh Nagar,2020-08-18,2020,08,39.86430696,NRSC VIC MODEL
Uttarakhand,Udam Singh Nagar,2020-08-25,2020,08,1.040015505,NRSC VIC MODEL
Uttarakhand,Udam Singh Nagar,2020-08-29,2020,08,5.146216892,NRSC VIC MODEL
Uttarakhand,Udam Singh Nagar,2020-09-05,2020,09,5.764260095,NRSC VIC MODEL
Uttarakhand,Udam Singh Nagar,2020-09-07,2020,09,0.286522407,NRSC VIC MODEL
Uttarakhand,Udam Singh Nagar,2020-09-08,2020,09,0.271122106,NRSC VIC MODEL
Uttarakhand,Udam Singh Nagar,2020-09-16,2020,09,3.162781342,NRSC VIC MODEL
Uttarakhand,Udam Singh Nagar,2020-09-18,2020,09,0.363180339,NRSC VIC MODEL
Uttarakhand,Udam Singh Nagar,2020-09-20,2020,09,0,NRSC VIC MODEL
Uttarakhand,Udam Singh Nagar,2020-09-21,2020,09,0.513201911,NRSC VIC MODEL
Uttarakhand,Udam Singh Nagar,2020-09-22,2020,09,2.912799283,NRSC VIC MODEL
Uttarakhand,Udam Singh Nagar,2020-09-25,2020,09,0,NRSC VIC MODEL
Uttarakhand,Udam Singh Nagar,2020-09-29,2020,09,0,NRSC VIC MODEL
Uttarakhand,Udam Singh Nagar,2020-10-03,2020,10,0,NRSC VIC MODEL
Uttarakhand,Udam Singh Nagar,2020-10-07,2020,10,0,NRSC VIC MODEL
Uttarakhand,Udam Singh Nagar,2020-10-14,2020,10,0,NRSC VIC MODEL
Uttarakhand,Udam Singh Nagar,2020-10-17,2020,10,0,NRSC VIC MODEL
Uttarakhand,Udam Singh Nagar,2020-10-23,2020,10,0,NRSC VIC MODEL
Uttarakhand,Udam Singh Nagar,2020-10-25,2020,10,0,NRSC VIC MODEL
Uttarakhand,Udam Singh Nagar,2020-10-29,2020,10,0,NRSC VIC MODEL
Uttarakhand,Udam Singh Nagar,2020-11-04,2020,11,0,NRSC VIC MODEL
Uttarakhand,Udam Singh Nagar,2020-11-06,2020,11,0,NRSC VIC MODEL
Uttarakhand,Udam Singh Nagar,2020-11-08,2020,11,0,NRSC VIC MODEL
Uttarakhand,Udam Singh Nagar,2020-11-15,2020,11,0,NRSC VIC MODEL
Uttarakhand,Udam Singh Nagar,2020-11-21,2020,11,0,NRSC VIC MODEL
Uttarakhand,Udam Singh Nagar,2020-11-22,2020,11,0,NRSC VIC MODEL
Uttarakhand,Udam Singh Nagar,2020-12-09,2020,12,0,NRSC VIC MODEL
Uttarakhand,Udam Singh Nagar,2020-12-11,2020,12,0,NRSC VIC MODEL
Uttarakhand,Udam Singh Nagar,2020-12-15,2020,12,0,NRSC VIC MODEL
Uttarakhand,Udam Singh Nagar,2020-12-24,2020,12,0,NRSC VIC MODEL
Uttarakhand,Udam Singh Nagar,2020-12-28,2020,12,0,NRSC VIC MODEL
Uttarakhand,Udam Singh Nagar,2020-01-29,2020,01,36.47528063,NRSC VIC MODEL
Uttarakhand,Udam Singh Nagar,2020-04-27,2020,04,0.912053551,NRSC VIC MODEL
Uttarakhand,Udam Singh Nagar,2020-12-29,2020,12,0,NRSC VIC MODEL
Uttarakhand,Uttar Kashi,2020-01-02,2020,01,1.167526357,NRSC VIC MODEL
Uttarakhand,Uttar Kashi,2020-01-07,2020,01,6.291641985,NRSC VIC MODEL
Uttarakhand,Uttar Kashi,2020-01-13,2020,01,22.44673934,NRSC VIC MODEL
Uttarakhand,Uttar Kashi,2020-02-02,2020,02,0,NRSC VIC MODEL
Uttarakhand,Uttar Kashi,2020-02-08,2020,02,0,NRSC VIC MODEL
Uttarakhand,Uttar Kashi,2020-02-20,2020,02,1.787245139,NRSC VIC MODEL
Uttarakhand,Uttar Kashi,2020-02-24,2020,02,0.466276802,NRSC VIC MODEL
Uttarakhand,Uttar Kashi,2020-02-25,2020,02,0.338668324,NRSC VIC MODEL
Uttarakhand,Uttar Kashi,2020-02-28,2020,02,1.714318901,NRSC VIC MODEL
Uttarakhand,Uttar Kashi,2020-03-06,2020,03,8.159840722,NRSC VIC MODEL
Uttarakhand,Uttar Kashi,2020-03-07,2020,03,0,NRSC VIC MODEL
Uttarakhand,Uttar Kashi,2020-03-10,2020,03,0.006090178,NRSC VIC MODEL
Uttarakhand,Uttar Kashi,2020-03-15,2020,03,0.915162098,NRSC VIC MODEL
Uttarakhand,Uttar Kashi,2020-03-16,2020,03,0,NRSC VIC MODEL
Uttarakhand,Uttar Kashi,2020-03-17,2020,03,0.045414288,NRSC VIC MODEL
Uttarakhand,Uttar Kashi,2020-03-22,2020,03,0.746799844,NRSC VIC MODEL
Uttarakhand,Uttar Kashi,2020-03-31,2020,03,5.063409551,NRSC VIC MODEL
Uttarakhand,Uttar Kashi,2020-04-04,2020,04,3.481163933,NRSC VIC MODEL
Uttarakhand,Uttar Kashi,2020-04-05,2020,04,1.120367279,NRSC VIC MODEL
Uttarakhand,Uttar Kashi,2020-04-07,2020,04,1.288537142,NRSC VIC MODEL
Uttarakhand,Uttar Kashi,2020-04-15,2020,04,8.102156515,NRSC VIC MODEL
Uttarakhand,Uttar Kashi,2020-04-16,2020,04,8.635806746,NRSC VIC MODEL
Uttarakhand,Uttar Kashi,2020-04-24,2020,04,9.867352953,NRSC VIC MODEL
Uttarakhand,Uttar Kashi,2020-04-26,2020,04,9.637272909,NRSC VIC MODEL
Uttarakhand,Uttar Kashi,2020-05-01,2020,05,4.127077781,NRSC VIC MODEL
Uttarakhand,Uttar Kashi,2020-05-02,2020,05,16.23661154,NRSC VIC MODEL
Uttarakhand,Uttar Kashi,2020-05-04,2020,05,12.08759121,NRSC VIC MODEL
Uttarakhand,Uttar Kashi,2020-05-22,2020,05,5.893806714,NRSC VIC MODEL
Uttarakhand,Uttar Kashi,2020-05-25,2020,05,1.494017641,NRSC VIC MODEL
Uttarakhand,Uttar Kashi,2020-05-30,2020,05,4.129582184,NRSC VIC MODEL
Uttarakhand,Uttar Kashi,2020-06-11,2020,06,7.108213513,NRSC VIC MODEL
Uttarakhand,Uttar Kashi,2020-06-12,2020,06,8.579890549,NRSC VIC MODEL
Uttarakhand,Uttar Kashi,2020-06-19,2020,06,4.866477195,NRSC VIC MODEL
Uttarakhand,Uttar Kashi,2020-06-24,2020,06,5.344188009,NRSC VIC MODEL
Uttarakhand,Uttar Kashi,2020-07-09,2020,07,3.67296475,NRSC VIC MODEL
Uttarakhand,Uttar Kashi,2020-07-15,2020,07,2.677960279,NRSC VIC MODEL
Uttarakhand,Uttar Kashi,2020-07-16,2020,07,5.380639518,NRSC VIC MODEL
Uttarakhand,Uttar Kashi,2020-07-22,2020,07,1.738301467,NRSC VIC MODEL
Uttarakhand,Uttar Kashi,2020-07-24,2020,07,2.202959529,NRSC VIC MODEL
Uttarakhand,Pauri Garhwal,2020-05-19,2020,05,0,NRSC VIC MODEL
Uttarakhand,Pauri Garhwal,2020-05-25,2020,05,0.054247826,NRSC VIC MODEL
Uttarakhand,Pauri Garhwal,2020-05-26,2020,05,1.937453486,NRSC VIC MODEL
Uttarakhand,Pauri Garhwal,2020-05-31,2020,05,29.57926063,NRSC VIC MODEL
Uttarakhand,Pauri Garhwal,2020-06-03,2020,06,1.006373213,NRSC VIC MODEL
Uttarakhand,Pauri Garhwal,2020-06-05,2020,06,0.4175663,NRSC VIC MODEL
Uttarakhand,Pauri Garhwal,2020-06-08,2020,06,0.001013978,NRSC VIC MODEL
Uttarakhand,Pauri Garhwal,2020-06-12,2020,06,0.537672,NRSC VIC MODEL
Uttarakhand,Pauri Garhwal,2020-06-14,2020,06,5.155571386,NRSC VIC MODEL
Uttarakhand,Pauri Garhwal,2020-06-30,2020,06,0,NRSC VIC MODEL
Uttarakhand,Pauri Garhwal,2020-07-01,2020,07,2.830763076,NRSC VIC MODEL
Uttarakhand,Pauri Garhwal,2020-07-03,2020,07,10.27563326,NRSC VIC MODEL
Uttarakhand,Pauri Garhwal,2020-07-09,2020,07,0.51596273,NRSC VIC MODEL
Uttarakhand,Pauri Garhwal,2020-07-12,2020,07,11.26189422,NRSC VIC MODEL
Uttarakhand,Pauri Garhwal,2020-07-13,2020,07,0,NRSC VIC MODEL
Uttarakhand,Pauri Garhwal,2020-07-17,2020,07,15.89297025,NRSC VIC MODEL
Uttarakhand,Pauri Garhwal,2020-07-24,2020,07,1.894577424,NRSC VIC MODEL
Uttarakhand,Pauri Garhwal,2020-07-25,2020,07,2.95852938,NRSC VIC MODEL
Uttarakhand,Pauri Garhwal,2020-07-26,2020,07,2.958164348,NRSC VIC MODEL
Uttarakhand,Pauri Garhwal,2020-08-04,2020,08,2.842814205,NRSC VIC MODEL
Uttarakhand,Pauri Garhwal,2020-08-08,2020,08,17.50746159,NRSC VIC MODEL
Uttarakhand,Pauri Garhwal,2020-08-14,2020,08,0.189111976,NRSC VIC MODEL
Uttarakhand,Pauri Garhwal,2020-08-15,2020,08,12.03442381,NRSC VIC MODEL
Uttarakhand,Pauri Garhwal,2020-08-22,2020,08,1.175509821,NRSC VIC MODEL
Uttarakhand,Pauri Garhwal,2020-08-30,2020,08,0.001287752,NRSC VIC MODEL
Uttarakhand,Pauri Garhwal,2020-09-06,2020,09,5.74569647,NRSC VIC MODEL
Uttarakhand,Pauri Garhwal,2020-09-14,2020,09,0.606242265,NRSC VIC MODEL
Uttarakhand,Pauri Garhwal,2020-09-18,2020,09,0,NRSC VIC MODEL
Uttarakhand,Pauri Garhwal,2020-09-25,2020,09,0,NRSC VIC MODEL
Uttarakhand,Pauri Garhwal,2020-09-28,2020,09,0,NRSC VIC MODEL
Uttarakhand,Pauri Garhwal,2020-10-02,2020,10,0,NRSC VIC MODEL
Uttarakhand,Pauri Garhwal,2020-10-07,2020,10,0,NRSC VIC MODEL
Uttarakhand,Pauri Garhwal,2020-10-20,2020,10,0,NRSC VIC MODEL
Uttarakhand,Pauri Garhwal,2020-10-23,2020,10,0,NRSC VIC MODEL
Uttarakhand,Pauri Garhwal,2020-10-26,2020,10,0,NRSC VIC MODEL
Uttarakhand,Pauri Garhwal,2020-11-16,2020,11,1.546068099,NRSC VIC MODEL
Uttarakhand,Pauri Garhwal,2020-11-18,2020,11,0,NRSC VIC MODEL
Uttarakhand,Pauri Garhwal,2020-12-06,2020,12,0,NRSC VIC MODEL
Uttarakhand,Pauri Garhwal,2020-12-14,2020,12,0,NRSC VIC MODEL
Uttarakhand,Pauri Garhwal,2020-12-15,2020,12,0,NRSC VIC MODEL
Uttarakhand,Pauri Garhwal,2020-12-17,2020,12,0,NRSC VIC MODEL
Uttarakhand,Pauri Garhwal,2020-12-21,2020,12,0,NRSC VIC MODEL
Uttarakhand,Pauri Garhwal,2020-12-23,2020,12,0,NRSC VIC MODEL
Uttarakhand,Pithoragarh,2020-01-14,2020,01,3.650979231,NRSC VIC MODEL
Uttarakhand,Pithoragarh,2020-01-23,2020,01,0,NRSC VIC MODEL
Uttarakhand,Pithoragarh,2020-01-26,2020,01,0,NRSC VIC MODEL
Uttarakhand,Pithoragarh,2020-01-27,2020,01,0.571713715,NRSC VIC MODEL
Uttarakhand,Pithoragarh,2020-01-29,2020,01,1.422480063,NRSC VIC MODEL
Uttarakhand,Pithoragarh,2020-02-08,2020,02,0,NRSC VIC MODEL
Uttarakhand,Pithoragarh,2020-02-12,2020,02,0,NRSC VIC MODEL
Uttarakhand,Pithoragarh,2020-02-29,2020,02,7.31182228,NRSC VIC MODEL
Uttarakhand,Pithoragarh,2020-03-06,2020,03,11.127052,NRSC VIC MODEL
Uttarakhand,Pithoragarh,2020-03-11,2020,03,0.057580179,NRSC VIC MODEL
Uttarakhand,Pithoragarh,2020-03-14,2020,03,18.42499624,NRSC VIC MODEL
Uttarakhand,Pithoragarh,2020-03-22,2020,03,1.368895636,NRSC VIC MODEL
Uttarakhand,Pithoragarh,2020-03-23,2020,03,1.215716554,NRSC VIC MODEL
Uttarakhand,Pithoragarh,2020-03-25,2020,03,4.694605203,NRSC VIC MODEL
Uttarakhand,Pithoragarh,2020-04-07,2020,04,1.632947583,NRSC VIC MODEL
Uttarakhand,Pithoragarh,2020-04-19,2020,04,9.951802582,NRSC VIC MODEL
Uttarakhand,Pithoragarh,2020-04-24,2020,04,1.601118211,NRSC VIC MODEL
Uttarakhand,Pithoragarh,2020-04-29,2020,04,4.792744843,NRSC VIC MODEL
Uttarakhand,Pithoragarh,2020-05-01,2020,05,3.317566655,NRSC VIC MODEL
Uttarakhand,Pithoragarh,2020-05-02,2020,05,15.88977331,NRSC VIC MODEL
Uttarakhand,Pithoragarh,2020-05-10,2020,05,22.13860758,NRSC VIC MODEL
Uttarakhand,Pithoragarh,2020-05-13,2020,05,3.750566499,NRSC VIC MODEL
Uttarakhand,Pithoragarh,2020-05-14,2020,05,5.206124145,NRSC VIC MODEL
Uttarakhand,Pithoragarh,2020-05-15,2020,05,4.443338183,NRSC VIC MODEL
Uttarakhand,Pithoragarh,2020-05-16,2020,05,0.406222402,NRSC VIC MODEL
Uttarakhand,Pithoragarh,2020-06-01,2020,06,0,NRSC VIC MODEL
Uttarakhand,Pithoragarh,2020-06-05,2020,06,0.183712235,NRSC VIC MODEL
Uttarakhand,Pithoragarh,2020-06-07,2020,06,0.175414219,NRSC VIC MODEL
Uttarakhand,Pithoragarh,2020-06-15,2020,06,0.046161637,NRSC VIC MODEL
Uttarakhand,Pithoragarh,2020-06-18,2020,06,3.634054528,NRSC VIC MODEL
Uttarakhand,Nainital,2020-04-13,2020,04,0,NRSC VIC MODEL
Uttarakhand,Nainital,2020-04-15,2020,04,0.163955199,NRSC VIC MODEL
Uttarakhand,Nainital,2020-04-20,2020,04,4.109282772,NRSC VIC MODEL
Uttarakhand,Nainital,2020-04-21,2020,04,0.104715986,NRSC VIC MODEL
Uttarakhand,Nainital,2020-04-24,2020,04,0,NRSC VIC MODEL
Uttarakhand,Nainital,2020-04-25,2020,04,1.5941157,NRSC VIC MODEL
Uttarakhand,Nainital,2020-04-29,2020,04,0.237125511,NRSC VIC MODEL
Uttarakhand,Nainital,2020-04-30,2020,04,14.95110452,NRSC VIC MODEL
Uttarakhand,Nainital,2020-05-05,2020,05,12.38800503,NRSC VIC MODEL
Uttarakhand,Nainital,2020-05-06,2020,05,7.577815969,NRSC VIC MODEL
Uttarakhand,Nainital,2020-05-09,2020,05,2.768436467,NRSC VIC MODEL
Uttarakhand,Nainital,2020-05-14,2020,05,2.037677828,NRSC VIC MODEL
Uttarakhand,Nainital,2020-05-17,2020,05,0,NRSC VIC MODEL
Uttarakhand,Nainital,2020-05-19,2020,05,0,NRSC VIC MODEL
Uttarakhand,Nainital,2020-05-20,2020,05,0,NRSC VIC MODEL
Uttarakhand,Nainital,2020-05-21,2020,05,0,NRSC VIC MODEL
Uttarakhand,Nainital,2020-05-25,2020,05,0.087027201,NRSC VIC MODEL
Uttarakhand,Nainital,2020-05-30,2020,05,0.217311644,NRSC VIC MODEL
Uttarakhand,Nainital,2020-06-06,2020,06,0.242320158,NRSC VIC MODEL
Uttarakhand,Nainital,2020-06-07,2020,06,0.03777925,NRSC VIC MODEL
Uttarakhand,Nainital,2020-06-10,2020,06,2.342313511,NRSC VIC MODEL
Uttarakhand,Nainital,2020-06-18,2020,06,0.021048439,NRSC VIC MODEL
Uttarakhand,Nainital,2020-06-21,2020,06,0.122080948,NRSC VIC MODEL
Uttarakhand,Nainital,2020-07-06,2020,07,17.26525225,NRSC VIC MODEL
Uttarakhand,Nainital,2020-07-07,2020,07,76.22209962,NRSC VIC MODEL
Uttarakhand,Nainital,2020-07-10,2020,07,22.07585283,NRSC VIC MODEL
Uttarakhand,Nainital,2020-07-25,2020,07,11.74358547,NRSC VIC MODEL
Uttarakhand,Nainital,2020-07-28,2020,07,28.83111333,NRSC VIC MODEL
Uttarakhand,Nainital,2020-07-29,2020,07,5.396421826,NRSC VIC MODEL
Uttarakhand,Nainital,2020-08-02,2020,08,0.40230179,NRSC VIC MODEL
Uttarakhand,Nainital,2020-08-09,2020,08,34.7327112,NRSC VIC MODEL
Uttarakhand,Nainital,2020-08-14,2020,08,3.290431018,NRSC VIC MODEL
Uttarakhand,Nainital,2020-08-21,2020,08,0.498369026,NRSC VIC MODEL
Uttarakhand,Nainital,2020-08-28,2020,08,13.0520563,NRSC VIC MODEL
Uttarakhand,Nainital,2020-08-29,2020,08,6.645511777,NRSC VIC MODEL
Uttarakhand,Nainital,2020-09-10,2020,09,0.033765205,NRSC VIC MODEL
Uttarakhand,Nainital,2020-09-14,2020,09,0.657466894,NRSC VIC MODEL
Uttarakhand,Nainital,2020-09-17,2020,09,0,NRSC VIC MODEL
Uttarakhand,Nainital,2020-09-20,2020,09,0,NRSC VIC MODEL
Uttarakhand,Nainital,2020-09-21,2020,09,1.14707923,NRSC VIC MODEL
Uttarakhand,Nainital,2020-09-22,2020,09,3.116498048,NRSC VIC MODEL
Uttarakhand,Nainital,2020-09-25,2020,09,0,NRSC VIC MODEL
Uttarakhand,Nainital,2020-09-27,2020,09,0,NRSC VIC MODEL
Uttarakhand,Nainital,2020-09-28,2020,09,0,NRSC VIC MODEL
Uttarakhand,Nainital,2020-09-29,2020,09,0,NRSC VIC MODEL
Uttarakhand,Nainital,2020-09-30,2020,09,0,NRSC VIC MODEL
Uttarakhand,Nainital,2020-10-01,2020,10,0,NRSC VIC MODEL
Uttarakhand,Nainital,2020-10-02,2020,10,0,NRSC VIC MODEL
Uttarakhand,Nainital,2020-10-08,2020,10,0,NRSC VIC MODEL
Uttarakhand,Nainital,2020-10-18,2020,10,0,NRSC VIC MODEL
Uttarakhand,Nainital,2020-10-27,2020,10,0,NRSC VIC MODEL
Uttarakhand,Nainital,2020-10-28,2020,10,0,NRSC VIC MODEL
Uttarakhand,Nainital,2020-11-12,2020,11,0,NRSC VIC MODEL
Uttarakhand,Nainital,2020-11-22,2020,11,0,NRSC VIC MODEL
Uttarakhand,Nainital,2020-11-27,2020,11,0,NRSC VIC MODEL
Uttarakhand,Nainital,2020-12-01,2020,12,0,NRSC VIC MODEL
Uttarakhand,Nainital,2020-12-02,2020,12,0,NRSC VIC MODEL
Uttarakhand,Nainital,2020-12-05,2020,12,0,NRSC VIC MODEL
Uttarakhand,Nainital,2020-12-06,2020,12,0,NRSC VIC MODEL
Uttarakhand,Nainital,2020-12-08,2020,12,0,NRSC VIC MODEL
Uttarakhand,Nainital,2020-12-10,2020,12,0,NRSC VIC MODEL
Uttarakhand,Nainital,2020-12-16,2020,12,0,NRSC VIC MODEL
Uttarakhand,Nainital,2020-12-19,2020,12,0,NRSC VIC MODEL
Uttarakhand,Pauri Garhwal,2020-01-05,2020,01,0,NRSC VIC MODEL
Uttarakhand,Pauri Garhwal,2020-01-06,2020,01,5.541313985,NRSC VIC MODEL
Uttarakhand,Pauri Garhwal,2020-01-11,2020,01,0,NRSC VIC MODEL
Uttarakhand,Pauri Garhwal,2020-01-12,2020,01,0.203809588,NRSC VIC MODEL
Uttarakhand,Pauri Garhwal,2020-01-14,2020,01,0.543436465,NRSC VIC MODEL
Uttarakhand,Pauri Garhwal,2020-01-24,2020,01,0,NRSC VIC MODEL
Uttarakhand,Pauri Garhwal,2020-01-27,2020,01,0.122265473,NRSC VIC MODEL
Uttarakhand,Pauri Garhwal,2020-01-28,2020,01,16.11920903,NRSC VIC MODEL
Uttarakhand,Rudra Prayag,2020-08-02,2020,08,0.972228272,NRSC VIC MODEL
Uttarakhand,Rudra Prayag,2020-08-04,2020,08,11.84608364,NRSC VIC MODEL
Uttarakhand,Rudra Prayag,2020-08-09,2020,08,23.69159181,NRSC VIC MODEL
Uttarakhand,Rudra Prayag,2020-08-21,2020,08,0.292563798,NRSC VIC MODEL
Uttarakhand,Rudra Prayag,2020-08-30,2020,08,0.319610659,NRSC VIC MODEL
Uttarakhand,Rudra Prayag,2020-09-02,2020,09,6.326409421,NRSC VIC MODEL
Uttarakhand,Rudra Prayag,2020-09-03,2020,09,7.950010694,NRSC VIC MODEL
Uttarakhand,Rudra Prayag,2020-09-16,2020,09,7.218139488,NRSC VIC MODEL
Uttarakhand,Rudra Prayag,2020-10-01,2020,10,0,NRSC VIC MODEL
Uttarakhand,Rudra Prayag,2020-10-03,2020,10,0,NRSC VIC MODEL
Uttarakhand,Rudra Prayag,2020-10-07,2020,10,0,NRSC VIC MODEL
Uttarakhand,Rudra Prayag,2020-10-13,2020,10,0,NRSC VIC MODEL
Uttarakhand,Rudra Prayag,2020-10-18,2020,10,0,NRSC VIC MODEL
Uttarakhand,Rudra Prayag,2020-10-19,2020,10,0,NRSC VIC MODEL
Uttarakhand,Rudra Prayag,2020-10-21,2020,10,0,NRSC VIC MODEL
Uttarakhand,Rudra Prayag,2020-10-23,2020,10,0,NRSC VIC MODEL
Uttarakhand,Rudra Prayag,2020-10-27,2020,10,0,NRSC VIC MODEL
Uttarakhand,Rudra Prayag,2020-10-29,2020,10,0,NRSC VIC MODEL
Uttarakhand,Rudra Prayag,2020-11-01,2020,11,0,NRSC VIC MODEL
Uttarakhand,Rudra Prayag,2020-11-06,2020,11,0,NRSC VIC MODEL
Uttarakhand,Rudra Prayag,2020-11-08,2020,11,0,NRSC VIC MODEL
Uttarakhand,Rudra Prayag,2020-11-14,2020,11,0,NRSC VIC MODEL
Uttarakhand,Rudra Prayag,2020-12-02,2020,12,0,NRSC VIC MODEL
Uttarakhand,Rudra Prayag,2020-12-05,2020,12,0,NRSC VIC MODEL
Uttarakhand,Rudra Prayag,2020-12-21,2020,12,0,NRSC VIC MODEL
Uttarakhand,Rudra Prayag,2020-12-23,2020,12,0,NRSC VIC MODEL
Uttarakhand,Rudra Prayag,2020-12-24,2020,12,0,NRSC VIC MODEL
Uttarakhand,Rudra Prayag,2020-12-27,2020,12,0,NRSC VIC MODEL
Uttarakhand,Rudra Prayag,2020-12-30,2020,12,0,NRSC VIC MODEL
Uttarakhand,Rudra Prayag,2020-11-21,2020,11,0,NRSC VIC MODEL
Uttarakhand,Tehri Garhwal,2020-01-23,2020,01,0,NRSC VIC MODEL
Uttarakhand,Tehri Garhwal,2020-01-25,2020,01,0,NRSC VIC MODEL
Uttarakhand,Tehri Garhwal,2020-02-03,2020,02,0,NRSC VIC MODEL
Uttarakhand,Tehri Garhwal,2020-02-18,2020,02,0,NRSC VIC MODEL
Uttarakhand,Tehri Garhwal,2020-02-25,2020,02,6.31694814,NRSC VIC MODEL
Uttarakhand,Tehri Garhwal,2020-03-02,2020,03,0,NRSC VIC MODEL
Uttarakhand,Tehri Garhwal,2020-03-06,2020,03,13.02111701,NRSC VIC MODEL
Uttarakhand,Tehri Garhwal,2020-03-08,2020,03,0,NRSC VIC MODEL
Uttarakhand,Tehri Garhwal,2020-03-10,2020,03,0.751422209,NRSC VIC MODEL
Uttarakhand,Tehri Garhwal,2020-03-14,2020,03,6.891741794,NRSC VIC MODEL
Uttarakhand,Tehri Garhwal,2020-03-26,2020,03,2.985543579,NRSC VIC MODEL
Uttarakhand,Tehri Garhwal,2020-04-09,2020,04,1.346463278,NRSC VIC MODEL
Uttarakhand,Tehri Garhwal,2020-04-12,2020,04,1.479341618,NRSC VIC MODEL
Uttarakhand,Tehri Garhwal,2020-04-21,2020,04,2.66934203,NRSC VIC MODEL
Uttarakhand,Tehri Garhwal,2020-04-24,2020,04,3.917673793,NRSC VIC MODEL
Uttarakhand,Tehri Garhwal,2020-04-30,2020,04,75.42992083,NRSC VIC MODEL
Uttarakhand,Tehri Garhwal,2020-05-13,2020,05,4.052792764,NRSC VIC MODEL
Uttarakhand,Tehri Garhwal,2020-05-15,2020,05,1.375128387,NRSC VIC MODEL
Uttarakhand,Tehri Garhwal,2020-05-24,2020,05,3.697873909,NRSC VIC MODEL
Uttarakhand,Tehri Garhwal,2020-05-31,2020,05,26.06148031,NRSC VIC MODEL
Uttarakhand,Tehri Garhwal,2020-06-15,2020,06,1.888532806,NRSC VIC MODEL
Uttarakhand,Tehri Garhwal,2020-06-17,2020,06,1.394653895,NRSC VIC MODEL
Uttarakhand,Tehri Garhwal,2020-06-22,2020,06,0.109961236,NRSC VIC MODEL
Uttarakhand,Tehri Garhwal,2020-06-26,2020,06,2.42044798,NRSC VIC MODEL
Uttarakhand,Tehri Garhwal,2020-07-01,2020,07,9.711206178,NRSC VIC MODEL
Uttarakhand,Tehri Garhwal,2020-07-04,2020,07,48.10377734,NRSC VIC MODEL
Uttarakhand,Tehri Garhwal,2020-07-09,2020,07,6.21417872,NRSC VIC MODEL
Uttarakhand,Tehri Garhwal,2020-07-22,2020,07,3.051543476,NRSC VIC MODEL
Uttarakhand,Tehri Garhwal,2020-07-23,2020,07,25.27652353,NRSC VIC MODEL
Uttarakhand,Tehri Garhwal,2020-07-29,2020,07,10.04433846,NRSC VIC MODEL
Uttarakhand,Tehri Garhwal,2020-08-01,2020,08,4.57637878,NRSC VIC MODEL
Uttarakhand,Tehri Garhwal,2020-08-03,2020,08,6.692529846,NRSC VIC MODEL
Uttarakhand,Tehri Garhwal,2020-08-12,2020,08,3.828763602,NRSC VIC MODEL
Uttarakhand,Tehri Garhwal,2020-08-17,2020,08,0.133470847,NRSC VIC MODEL
Uttarakhand,Tehri Garhwal,2020-08-20,2020,08,0.866940758,NRSC VIC MODEL
Uttarakhand,Tehri Garhwal,2020-08-23,2020,08,2.322432242,NRSC VIC MODEL
Uttarakhand,Tehri Garhwal,2020-08-27,2020,08,7.950403024,NRSC VIC MODEL
Uttarakhand,Tehri Garhwal,2020-09-05,2020,09,30.74006324,NRSC VIC MODEL
Uttarakhand,Tehri Garhwal,2020-09-17,2020,09,0.011407474,NRSC VIC MODEL
Uttarakhand,Tehri Garhwal,2020-10-01,2020,10,0,NRSC VIC MODEL
Uttarakhand,Tehri Garhwal,2020-10-20,2020,10,0,NRSC VIC MODEL
Uttarakhand,Tehri Garhwal,2020-10-22,2020,10,0,NRSC VIC MODEL
Uttarakhand,Tehri Garhwal,2020-10-30,2020,10,0,NRSC VIC MODEL
Uttarakhand,Tehri Garhwal,2020-11-08,2020,11,0,NRSC VIC MODEL
Uttarakhand,Tehri Garhwal,2020-11-12,2020,11,0,NRSC VIC MODEL
Uttarakhand,Tehri Garhwal,2020-11-13,2020,11,0,NRSC VIC MODEL
Uttarakhand,Tehri Garhwal,2020-11-15,2020,11,0,NRSC VIC MODEL
Uttarakhand,Tehri Garhwal,2020-11-22,2020,11,0,NRSC VIC MODEL
Uttarakhand,Tehri Garhwal,2020-11-27,2020,11,0.323945011,NRSC VIC MODEL
Uttarakhand,Tehri Garhwal,2020-11-28,2020,11,0,NRSC VIC MODEL
Uttarakhand,Tehri Garhwal,2020-11-29,2020,11,0,NRSC VIC MODEL
Uttarakhand,Tehri Garhwal,2020-12-01,2020,12,0,NRSC VIC MODEL
Uttarakhand,Tehri Garhwal,2020-12-04,2020,12,0,NRSC VIC MODEL
Uttarakhand,Tehri Garhwal,2020-12-09,2020,12,0,NRSC VIC MODEL
Uttarakhand,Tehri Garhwal,2020-12-16,2020,12,0,NRSC VIC MODEL
Uttarakhand,Tehri Garhwal,2020-12-21,2020,12,0,NRSC VIC MODEL
Uttarakhand,Tehri Garhwal,2020-12-25,2020,12,0,NRSC VIC MODEL
Uttarakhand,Tehri Garhwal,2020-12-26,2020,12,0,NRSC VIC MODEL
Uttarakhand,Udam Singh Nagar,2020-01-03,2020,01,8.204197364,NRSC VIC MODEL
Uttarakhand,Udam Singh Nagar,2020-01-06,2020,01,2.351031854,NRSC VIC MODEL
Uttarakhand,Udam Singh Nagar,2020-01-08,2020,01,29.86485279,NRSC VIC MODEL
Uttarakhand,Udam Singh Nagar,2020-01-14,2020,01,3.76771812,NRSC VIC MODEL
Uttarakhand,Udam Singh Nagar,2020-01-27,2020,01,0.132782127,NRSC VIC MODEL
Uttarakhand,Udam Singh Nagar,2020-02-02,2020,02,0,NRSC VIC MODEL
Uttarakhand,Udam Singh Nagar,2020-02-24,2020,02,0.016329978,NRSC VIC MODEL
Uttarakhand,Udam Singh Nagar,2020-02-26,2020,02,0.42972298,NRSC VIC MODEL
Uttarakhand,Udam Singh Nagar,2020-02-27,2020,02,0,NRSC VIC MODEL
Uttarakhand,Udam Singh Nagar,2020-03-02,2020,03,0,NRSC VIC MODEL
Uttarakhand,Udam Singh Nagar,2020-03-21,2020,03,0.15071883,NRSC VIC MODEL
Uttarakhand,Udam Singh Nagar,2020-03-24,2020,03,0.0508695,NRSC VIC MODEL
Uttarakhand,Udam Singh Nagar,2020-04-01,2020,04,0,NRSC VIC MODEL
Uttarakhand,Udam Singh Nagar,2020-04-03,2020,04,0,NRSC VIC MODEL
Uttarakhand,Udam Singh Nagar,2020-04-06,2020,04,0,NRSC VIC MODEL
Uttarakhand,Udam Singh Nagar,2020-04-09,2020,04,0.178386826,NRSC VIC MODEL
Uttarakhand,Udam Singh Nagar,2020-04-11,2020,04,0,NRSC VIC MODEL
Uttarakhand,Udam Singh Nagar,2020-04-13,2020,04,0,NRSC VIC MODEL
Uttarakhand,Udam Singh Nagar,2020-04-19,2020,04,18.69675423,NRSC VIC MODEL
Uttarakhand,Udam Singh Nagar,2020-04-20,2020,04,6.962886579,NRSC VIC MODEL
Uttarakhand,Udam Singh Nagar,2020-05-05,2020,05,2.795083986,NRSC VIC MODEL
Uttarakhand,Udam Singh Nagar,2020-05-09,2020,05,0.77793754,NRSC VIC MODEL
Uttarakhand,Udam Singh Nagar,2020-05-15,2020,05,0,NRSC VIC MODEL
Uttarakhand,Udam Singh Nagar,2020-05-27,2020,05,4.550364676,NRSC VIC MODEL
Uttarakhand,Udam Singh Nagar,2020-06-03,2020,06,0.860961737,NRSC VIC MODEL
Uttarakhand,Udam Singh Nagar,2020-06-05,2020,06,0.059559959,NRSC VIC MODEL
Uttarakhand,Udam Singh Nagar,2020-06-07,2020,06,0,NRSC VIC MODEL
Uttarakhand,Udam Singh Nagar,2020-06-16,2020,06,0.958173614,NRSC VIC MODEL
Uttarakhand,Udam Singh Nagar,2020-06-26,2020,06,0.109156205,NRSC VIC MODEL
Uttarakhand,Pauri Garhwal,2020-02-08,2020,02,0,NRSC VIC MODEL
Uttarakhand,Pauri Garhwal,2020-02-10,2020,02,0,NRSC VIC MODEL
Uttarakhand,Pauri Garhwal,2020-02-23,2020,02,45.38079034,NRSC VIC MODEL
Uttarakhand,Pauri Garhwal,2020-02-27,2020,02,0,NRSC VIC MODEL
Uttarakhand,Pauri Garhwal,2020-02-29,2020,02,4.17567821,NRSC VIC MODEL
Uttarakhand,Pauri Garhwal,2020-03-14,2020,03,6.755223155,NRSC VIC MODEL
Uttarakhand,Pauri Garhwal,2020-03-16,2020,03,0,NRSC VIC MODEL
Uttarakhand,Pauri Garhwal,2020-03-19,2020,03,0.135077086,NRSC VIC MODEL
Uttarakhand,Pauri Garhwal,2020-03-22,2020,03,0.36490535,NRSC VIC MODEL
Uttarakhand,Pauri Garhwal,2020-03-24,2020,03,0.847705928,NRSC VIC MODEL
Uttarakhand,Pauri Garhwal,2020-03-25,2020,03,4.902796799,NRSC VIC MODEL
Uttarakhand,Pauri Garhwal,2020-03-28,2020,03,0,NRSC VIC MODEL
Uttarakhand,Pauri Garhwal,2020-03-30,2020,03,0.046404705,NRSC VIC MODEL
Uttarakhand,Pauri Garhwal,2020-03-31,2020,03,0.071850484,NRSC VIC MODEL
Uttarakhand,Pauri Garhwal,2020-04-10,2020,04,2.007215175,NRSC VIC MODEL
Uttarakhand,Pauri Garhwal,2020-04-12,2020,04,0.12515531,NRSC VIC MODEL
Uttarakhand,Pauri Garhwal,2020-04-21,2020,04,1.195733613,NRSC VIC MODEL
Uttarakhand,Pauri Garhwal,2020-04-30,2020,04,21.84701386,NRSC VIC MODEL
Uttarakhand,Pauri Garhwal,2020-05-02,2020,05,6.720316961,NRSC VIC MODEL
Uttarakhand,Pauri Garhwal,2020-05-06,2020,05,4.743972347,NRSC VIC MODEL
Uttarakhand,Pauri Garhwal,2020-05-08,2020,05,0.011052361,NRSC VIC MODEL
Uttarakhand,Pauri Garhwal,2020-05-11,2020,05,1.030698546,NRSC VIC MODEL
Uttarakhand,Chamoli,2020-06-15,2020,06,0.032998981,NRSC VIC MODEL
Uttarakhand,Chamoli,2020-07-05,2020,07,3.956196778,NRSC VIC MODEL
Uttarakhand,Chamoli,2020-07-16,2020,07,3.617086324,NRSC VIC MODEL
Uttarakhand,Chamoli,2020-07-26,2020,07,7.058172414,NRSC VIC MODEL
Uttarakhand,Chamoli,2020-08-10,2020,08,3.62561503,NRSC VIC MODEL
Uttarakhand,Chamoli,2020-08-21,2020,08,3.62634645,NRSC VIC MODEL
Uttarakhand,Chamoli,2020-08-23,2020,08,2.762555604,NRSC VIC MODEL
Uttarakhand,Chamoli,2020-08-27,2020,08,1.354016221,NRSC VIC MODEL
Uttarakhand,Chamoli,2020-09-05,2020,09,7.873274455,NRSC VIC MODEL
Uttarakhand,Chamoli,2020-09-07,2020,09,0.847046415,NRSC VIC MODEL
Uttarakhand,Chamoli,2020-09-14,2020,09,2.52574199,NRSC VIC MODEL
Uttarakhand,Chamoli,2020-09-17,2020,09,0.180378553,NRSC VIC MODEL
Uttarakhand,Chamoli,2020-09-19,2020,09,1.475945754,NRSC VIC MODEL
Uttarakhand,Chamoli,2020-09-20,2020,09,2.129924318,NRSC VIC MODEL
Uttarakhand,Chamoli,2020-09-21,2020,09,2.917058873,NRSC VIC MODEL
Uttarakhand,Chamoli,2020-09-23,2020,09,1.618729282,NRSC VIC MODEL
Uttarakhand,Chamoli,2020-09-29,2020,09,1.305072269,NRSC VIC MODEL
Uttarakhand,Chamoli,2020-10-01,2020,10,0,NRSC VIC MODEL
Uttarakhand,Chamoli,2020-10-07,2020,10,0,NRSC VIC MODEL
Uttarakhand,Chamoli,2020-10-13,2020,10,0,NRSC VIC MODEL
Uttarakhand,Chamoli,2020-10-18,2020,10,0,NRSC VIC MODEL
Uttarakhand,Chamoli,2020-10-19,2020,10,0,NRSC VIC MODEL
Uttarakhand,Chamoli,2020-10-21,2020,10,0,NRSC VIC MODEL
Uttarakhand,Chamoli,2020-10-22,2020,10,0.981954414,NRSC VIC MODEL
Uttarakhand,Chamoli,2020-11-01,2020,11,0,NRSC VIC MODEL
Uttarakhand,Chamoli,2020-11-04,2020,11,0.528939643,NRSC VIC MODEL
Uttarakhand,Chamoli,2020-11-06,2020,11,0,NRSC VIC MODEL
Uttarakhand,Chamoli,2020-11-08,2020,11,0,NRSC VIC MODEL
Uttarakhand,Chamoli,2020-11-14,2020,11,0,NRSC VIC MODEL
Uttarakhand,Chamoli,2020-11-17,2020,11,3.339377788,NRSC VIC MODEL
Uttarakhand,Chamoli,2020-11-18,2020,11,0,NRSC VIC MODEL
Uttarakhand,Chamoli,2020-11-21,2020,11,0,NRSC VIC MODEL
Uttarakhand,Chamoli,2020-11-29,2020,11,0,NRSC VIC MODEL
Uttarakhand,Chamoli,2020-12-01,2020,12,0,NRSC VIC MODEL
Uttarakhand,Chamoli,2020-12-03,2020,12,0,NRSC VIC MODEL
Uttarakhand,Chamoli,2020-12-11,2020,12,0,NRSC VIC MODEL
Uttarakhand,Chamoli,2020-12-15,2020,12,0,NRSC VIC MODEL
Uttarakhand,Chamoli,2020-12-17,2020,12,0,NRSC VIC MODEL
Uttarakhand,Chamoli,2020-12-27,2020,12,0,NRSC VIC MODEL
Uttarakhand,Champawat,2020-01-02,2020,01,5.218200888,NRSC VIC MODEL
Uttarakhand,Champawat,2020-01-06,2020,01,2.643857595,NRSC VIC MODEL
Uttarakhand,Champawat,2020-01-09,2020,01,0,NRSC VIC MODEL
Uttarakhand,Champawat,2020-01-21,2020,01,0,NRSC VIC MODEL
Uttarakhand,Champawat,2020-01-23,2020,01,0,NRSC VIC MODEL
Uttarakhand,Champawat,2020-01-26,2020,01,0,NRSC VIC MODEL
Uttarakhand,Champawat,2020-01-27,2020,01,0.033843691,NRSC VIC MODEL
Uttarakhand,Champawat,2020-02-01,2020,02,0.075573587,NRSC VIC MODEL
Uttarakhand,Champawat,2020-02-02,2020,02,0,NRSC VIC MODEL
Uttarakhand,Champawat,2020-02-04,2020,02,0,NRSC VIC MODEL
Uttarakhand,Champawat,2020-02-05,2020,02,0,NRSC VIC MODEL
Uttarakhand,Champawat,2020-02-13,2020,02,0,NRSC VIC MODEL
Uttarakhand,Champawat,2020-02-15,2020,02,0,NRSC VIC MODEL
Uttarakhand,Champawat,2020-02-16,2020,02,0,NRSC VIC MODEL
Uttarakhand,Champawat,2020-02-18,2020,02,0,NRSC VIC MODEL
Uttarakhand,Champawat,2020-02-20,2020,02,5.290836178,NRSC VIC MODEL
Uttarakhand,Champawat,2020-02-24,2020,02,0.663978817,NRSC VIC MODEL
Uttarakhand,Champawat,2020-02-26,2020,02,0,NRSC VIC MODEL
Uttarakhand,Champawat,2020-03-03,2020,03,0,NRSC VIC MODEL
Uttarakhand,Champawat,2020-03-04,2020,03,0.053650548,NRSC VIC MODEL
Uttarakhand,Champawat,2020-03-05,2020,03,0.913109795,NRSC VIC MODEL
Uttarakhand,Champawat,2020-03-13,2020,03,6.320975418,NRSC VIC MODEL
Uttarakhand,Champawat,2020-03-18,2020,03,0.025363738,NRSC VIC MODEL
Uttarakhand,Champawat,2020-03-22,2020,03,0.057867688,NRSC VIC MODEL
Uttarakhand,Champawat,2020-03-25,2020,03,0.370590704,NRSC VIC MODEL
Uttarakhand,Champawat,2020-03-27,2020,03,2.195896833,NRSC VIC MODEL
Uttarakhand,Champawat,2020-03-28,2020,03,0,NRSC VIC MODEL
Uttarakhand,Champawat,2020-04-03,2020,04,0,NRSC VIC MODEL
Uttarakhand,Champawat,2020-04-23,2020,04,0.756527534,NRSC VIC MODEL
Uttarakhand,Champawat,2020-04-26,2020,04,36.66034509,NRSC VIC MODEL
Uttarakhand,Champawat,2020-05-08,2020,05,0,NRSC VIC MODEL
Uttarakhand,Champawat,2020-05-11,2020,05,0.043282778,NRSC VIC MODEL
Uttarakhand,Champawat,2020-05-12,2020,05,0.123469337,NRSC VIC MODEL
Uttarakhand,Champawat,2020-05-17,2020,05,0,NRSC VIC MODEL
Uttarakhand,Champawat,2020-05-19,2020,05,0,NRSC VIC MODEL
Uttarakhand,Champawat,2020-05-24,2020,05,0,NRSC VIC MODEL
Uttarakhand,Champawat,2020-05-25,2020,05,0.024358932,NRSC VIC MODEL
Uttarakhand,Champawat,2020-05-30,2020,05,2.951998086,NRSC VIC MODEL
Uttarakhand,Champawat,2020-06-03,2020,06,1.076360313,NRSC VIC MODEL
Uttarakhand,Champawat,2020-06-04,2020,06,5.798521997,NRSC VIC MODEL
Uttarakhand,Champawat,2020-06-08,2020,06,0,NRSC VIC MODEL
Uttarakhand,Champawat,2020-06-10,2020,06,7.737005815,NRSC VIC MODEL
Uttarakhand,Champawat,2020-06-15,2020,06,4.82306856,NRSC VIC MODEL
Uttarakhand,Champawat,2020-06-20,2020,06,0.051108084,NRSC VIC MODEL
Uttarakhand,Champawat,2020-06-23,2020,06,31.45875395,NRSC VIC MODEL
Uttarakhand,Champawat,2020-07-02,2020,07,10.38425844,NRSC VIC MODEL
Uttarakhand,Champawat,2020-07-03,2020,07,35.11385738,NRSC VIC MODEL
Uttarakhand,Champawat,2020-07-06,2020,07,7.556475679,NRSC VIC MODEL
Uttarakhand,Champawat,2020-07-15,2020,07,41.8950796,NRSC VIC MODEL
Uttarakhand,Bageshwar,2020-05-15,2020,05,10.37377911,NRSC VIC MODEL
Uttarakhand,Bageshwar,2020-05-16,2020,05,0,NRSC VIC MODEL
Uttarakhand,Bageshwar,2020-05-18,2020,05,4.453665958,NRSC VIC MODEL
Uttarakhand,Bageshwar,2020-05-25,2020,05,0.100489933,NRSC VIC MODEL
Uttarakhand,Bageshwar,2020-05-28,2020,05,19.71479686,NRSC VIC MODEL
Uttarakhand,Bageshwar,2020-06-01,2020,06,0.136295453,NRSC VIC MODEL
Uttarakhand,Bageshwar,2020-06-09,2020,06,1.900934557,NRSC VIC MODEL
Uttarakhand,Bageshwar,2020-06-15,2020,06,0.028711409,NRSC VIC MODEL
Uttarakhand,Bageshwar,2020-06-16,2020,06,2.534571434,NRSC VIC MODEL
Uttarakhand,Bageshwar,2020-06-19,2020,06,8.916507604,NRSC VIC MODEL
Uttarakhand,Bageshwar,2020-07-05,2020,07,5.585756826,NRSC VIC MODEL
Uttarakhand,Bageshwar,2020-07-07,2020,07,24.09845483,NRSC VIC MODEL
Uttarakhand,Bageshwar,2020-07-14,2020,07,7.278545629,NRSC VIC MODEL
Uttarakhand,Bageshwar,2020-07-15,2020,07,5.485877011,NRSC VIC MODEL
Uttarakhand,Bageshwar,2020-07-16,2020,07,3.768635658,NRSC VIC MODEL
Uttarakhand,Bageshwar,2020-07-18,2020,07,10.64268538,NRSC VIC MODEL
Uttarakhand,Bageshwar,2020-07-22,2020,07,3.101549989,NRSC VIC MODEL
Uttarakhand,Bageshwar,2020-07-26,2020,07,13.19692413,NRSC VIC MODEL
Uttarakhand,Bageshwar,2020-08-01,2020,08,7.63218645,NRSC VIC MODEL
Uttarakhand,Bageshwar,2020-08-16,2020,08,4.852371728,NRSC VIC MODEL
Uttarakhand,Bageshwar,2020-08-18,2020,08,25.60105448,NRSC VIC MODEL
Uttarakhand,Bageshwar,2020-08-19,2020,08,17.31268073,NRSC VIC MODEL
Uttarakhand,Bageshwar,2020-09-10,2020,09,1.908782342,NRSC VIC MODEL
Uttarakhand,Bageshwar,2020-09-15,2020,09,4.928672299,NRSC VIC MODEL
Uttarakhand,Bageshwar,2020-09-16,2020,09,2.35087823,NRSC VIC MODEL
Uttarakhand,Bageshwar,2020-09-19,2020,09,0.561798538,NRSC VIC MODEL
Uttarakhand,Bageshwar,2020-09-23,2020,09,2.934126584,NRSC VIC MODEL
Uttarakhand,Bageshwar,2020-09-29,2020,09,0.63980983,NRSC VIC MODEL
Uttarakhand,Bageshwar,2020-10-04,2020,10,0,NRSC VIC MODEL
Uttarakhand,Bageshwar,2020-10-11,2020,10,0,NRSC VIC MODEL
Uttarakhand,Bageshwar,2020-10-18,2020,10,0,NRSC VIC MODEL
Uttarakhand,Bageshwar,2020-10-20,2020,10,0,NRSC VIC MODEL
Uttarakhand,Bageshwar,2020-10-26,2020,10,0,NRSC VIC MODEL
Uttarakhand,Bageshwar,2020-10-30,2020,10,0,NRSC VIC MODEL
Uttarakhand,Bageshwar,2020-11-03,2020,11,0.037360721,NRSC VIC MODEL
Uttarakhand,Bageshwar,2020-11-04,2020,11,0.012489463,NRSC VIC MODEL
Uttarakhand,Bageshwar,2020-11-06,2020,11,0,NRSC VIC MODEL
Uttarakhand,Bageshwar,2020-11-10,2020,11,0,NRSC VIC MODEL
Uttarakhand,Bageshwar,2020-11-18,2020,11,0,NRSC VIC MODEL
Uttarakhand,Bageshwar,2020-11-19,2020,11,0,NRSC VIC MODEL
Uttarakhand,Bageshwar,2020-11-21,2020,11,0,NRSC VIC MODEL
Uttarakhand,Bageshwar,2020-12-03,2020,12,0,NRSC VIC MODEL
Uttarakhand,Bageshwar,2020-12-10,2020,12,0,NRSC VIC MODEL
Uttarakhand,Bageshwar,2020-12-11,2020,12,0,NRSC VIC MODEL
Uttarakhand,Bageshwar,2020-12-15,2020,12,0,NRSC VIC MODEL
Uttarakhand,Bageshwar,2020-12-16,2020,12,0,NRSC VIC MODEL
Uttarakhand,Bageshwar,2020-12-28,2020,12,0,NRSC VIC MODEL
Uttarakhand,Chamoli,2020-01-01,2020,01,0,NRSC VIC MODEL
Uttarakhand,Chamoli,2020-01-13,2020,01,11.10102724,NRSC VIC MODEL
Uttarakhand,Chamoli,2020-01-15,2020,01,0,NRSC VIC MODEL
Uttarakhand,Chamoli,2020-01-20,2020,01,0.304243799,NRSC VIC MODEL
Uttarakhand,Chamoli,2020-01-22,2020,01,0.261610477,NRSC VIC MODEL
Uttarakhand,Chamoli,2020-01-23,2020,01,0,NRSC VIC MODEL
Uttarakhand,Chamoli,2020-01-27,2020,01,0.262896416,NRSC VIC MODEL
Uttarakhand,Chamoli,2020-01-31,2020,01,0,NRSC VIC MODEL
Uttarakhand,Chamoli,2020-02-05,2020,02,0,NRSC VIC MODEL
Uttarakhand,Chamoli,2020-02-19,2020,02,0,NRSC VIC MODEL
Uttarakhand,Chamoli,2020-02-20,2020,02,0.722126562,NRSC VIC MODEL
Uttarakhand,Chamoli,2020-02-24,2020,02,0.486122615,NRSC VIC MODEL
Uttarakhand,Chamoli,2020-02-29,2020,02,4.136082047,NRSC VIC MODEL
Uttarakhand,Chamoli,2020-03-01,2020,03,0,NRSC VIC MODEL
Uttarakhand,Chamoli,2020-03-12,2020,03,21.42281586,NRSC VIC MODEL
Uttarakhand,Chamoli,2020-03-14,2020,03,6.34054664,NRSC VIC MODEL
Uttarakhand,Chamoli,2020-03-15,2020,03,0,NRSC VIC MODEL
Uttarakhand,Chamoli,2020-04-09,2020,04,3.118026068,NRSC VIC MODEL
Uttarakhand,Chamoli,2020-04-11,2020,04,1.200645803,NRSC VIC MODEL
Uttarakhand,Chamoli,2020-04-12,2020,04,5.155968279,NRSC VIC MODEL
Uttarakhand,Chamoli,2020-04-14,2020,04,16.48772983,NRSC VIC MODEL
Uttarakhand,Chamoli,2020-04-17,2020,04,5.006397847,NRSC VIC MODEL
Uttarakhand,Chamoli,2020-04-19,2020,04,5.711361537,NRSC VIC MODEL
Uttarakhand,Chamoli,2020-04-23,2020,04,1.239846552,NRSC VIC MODEL
Uttarakhand,Chamoli,2020-05-01,2020,05,4.73913672,NRSC VIC MODEL
Uttarakhand,Chamoli,2020-05-11,2020,05,4.841226041,NRSC VIC MODEL
Uttarakhand,Chamoli,2020-05-13,2020,05,2.659983205,NRSC VIC MODEL
Uttarakhand,Chamoli,2020-05-14,2020,05,8.263349624,NRSC VIC MODEL
Uttarakhand,Chamoli,2020-05-17,2020,05,0.942750264,NRSC VIC MODEL
Uttarakhand,Chamoli,2020-05-18,2020,05,0.997225798,NRSC VIC MODEL
Uttarakhand,Chamoli,2020-05-19,2020,05,0.024153893,NRSC VIC MODEL
Uttarakhand,Chamoli,2020-05-26,2020,05,9.90273899,NRSC VIC MODEL
Uttarakhand,Chamoli,2020-06-09,2020,06,0.54159152,NRSC VIC MODEL
Uttarakhand,Almora,2020-01-15,2020,01,0,NRSC VIC MODEL
Uttarakhand,Almora,2020-01-17,2020,01,5.812787414,NRSC VIC MODEL
Uttarakhand,Almora,2020-01-27,2020,01,0.86781528,NRSC VIC MODEL
Uttarakhand,Almora,2020-01-28,2020,01,7.311167435,NRSC VIC MODEL
Uttarakhand,Almora,2020-02-13,2020,02,0,NRSC VIC MODEL
Uttarakhand,Almora,2020-02-15,2020,02,0,NRSC VIC MODEL
Uttarakhand,Almora,2020-02-26,2020,02,0,NRSC VIC MODEL
Uttarakhand,Almora,2020-03-02,2020,03,0,NRSC VIC MODEL
Uttarakhand,Almora,2020-03-09,2020,03,0,NRSC VIC MODEL
Uttarakhand,Almora,2020-03-16,2020,03,0,NRSC VIC MODEL
Uttarakhand,Almora,2020-03-27,2020,03,3.912045896,NRSC VIC MODEL
Uttarakhand,Almora,2020-04-04,2020,04,0.070400045,NRSC VIC MODEL
Uttarakhand,Almora,2020-04-09,2020,04,0.045705455,NRSC VIC MODEL
Uttarakhand,Almora,2020-04-17,2020,04,8.321820791,NRSC VIC MODEL
Uttarakhand,Almora,2020-04-21,2020,04,5.603846971,NRSC VIC MODEL
Uttarakhand,Almora,2020-04-30,2020,04,21.10447697,NRSC VIC MODEL
Uttarakhand,Almora,2020-05-06,2020,05,7.138143295,NRSC VIC MODEL
Uttarakhand,Almora,2020-05-13,2020,05,0.475140612,NRSC VIC MODEL
Uttarakhand,Almora,2020-05-17,2020,05,0,NRSC VIC MODEL
Uttarakhand,Almora,2020-05-26,2020,05,0.562415861,NRSC VIC MODEL
Uttarakhand,Almora,2020-05-27,2020,05,2.664730375,NRSC VIC MODEL
Uttarakhand,Almora,2020-06-04,2020,06,3.235826862,NRSC VIC MODEL
Uttarakhand,Almora,2020-06-21,2020,06,0.001313179,NRSC VIC MODEL
Uttarakhand,Almora,2020-06-24,2020,06,25.99358783,NRSC VIC MODEL
Uttarakhand,Almora,2020-06-25,2020,06,3.423944036,NRSC VIC MODEL
Uttarakhand,Almora,2020-07-01,2020,07,1.716691788,NRSC VIC MODEL
Uttarakhand,Almora,2020-07-05,2020,07,4.812298406,NRSC VIC MODEL
Uttarakhand,Almora,2020-07-07,2020,07,38.63494082,NRSC VIC MODEL
Uttarakhand,Almora,2020-07-18,2020,07,19.51769612,NRSC VIC MODEL
Uttarakhand,Almora,2020-08-04,2020,08,10.43054771,NRSC VIC MODEL
Uttarakhand,Almora,2020-08-10,2020,08,1.747994909,NRSC VIC MODEL
Uttarakhand,Almora,2020-08-13,2020,08,31.19741827,NRSC VIC MODEL
Uttarakhand,Almora,2020-08-20,2020,08,4.101791753,NRSC VIC MODEL
Uttarakhand,Almora,2020-08-21,2020,08,0.733257055,NRSC VIC MODEL
Uttarakhand,Almora,2020-08-26,2020,08,17.21722799,NRSC VIC MODEL
Uttarakhand,Almora,2020-09-03,2020,09,0.554673221,NRSC VIC MODEL
Uttarakhand,Almora,2020-09-08,2020,09,0.212112538,NRSC VIC MODEL
Uttarakhand,Almora,2020-09-23,2020,09,0.526576304,NRSC VIC MODEL
Uttarakhand,Almora,2020-09-24,2020,09,0.596038363,NRSC VIC MODEL
Uttarakhand,Almora,2020-10-01,2020,10,0,NRSC VIC MODEL
Uttarakhand,Almora,2020-10-15,2020,10,0,NRSC VIC MODEL
Uttarakhand,Almora,2020-10-25,2020,10,0,NRSC VIC MODEL
Uttarakhand,Almora,2020-10-30,2020,10,0,NRSC VIC MODEL
Uttarakhand,Almora,2020-11-01,2020,11,0,NRSC VIC MODEL
Uttarakhand,Almora,2020-11-02,2020,11,0,NRSC VIC MODEL
Uttarakhand,Almora,2020-11-03,2020,11,0,NRSC VIC MODEL
Uttarakhand,Almora,2020-11-12,2020,11,0,NRSC VIC MODEL
Uttarakhand,Almora,2020-11-15,2020,11,0,NRSC VIC MODEL
Uttarakhand,Almora,2020-11-23,2020,11,0,NRSC VIC MODEL
Uttarakhand,Almora,2020-11-29,2020,11,0,NRSC VIC MODEL
Uttarakhand,Almora,2020-12-08,2020,12,0,NRSC VIC MODEL
Uttarakhand,Bageshwar,2020-01-06,2020,01,3.864412134,NRSC VIC MODEL
Uttarakhand,Bageshwar,2020-01-07,2020,01,9.911872349,NRSC VIC MODEL
Uttarakhand,Bageshwar,2020-01-10,2020,01,0,NRSC VIC MODEL
Uttarakhand,Bageshwar,2020-01-11,2020,01,0,NRSC VIC MODEL
Uttarakhand,Bageshwar,2020-01-19,2020,01,0,NRSC VIC MODEL
Uttarakhand,Bageshwar,2020-01-21,2020,01,0,NRSC VIC MODEL
Uttarakhand,Bageshwar,2020-01-25,2020,01,0,NRSC VIC MODEL
Uttarakhand,Bageshwar,2020-01-26,2020,01,0,NRSC VIC MODEL
Uttarakhand,Bageshwar,2020-01-31,2020,01,0,NRSC VIC MODEL
Uttarakhand,Bageshwar,2020-02-01,2020,02,0.984741523,NRSC VIC MODEL
Uttarakhand,Bageshwar,2020-02-06,2020,02,0.424211072,NRSC VIC MODEL
Uttarakhand,Bageshwar,2020-02-08,2020,02,0,NRSC VIC MODEL
Uttarakhand,Bageshwar,2020-02-12,2020,02,0,NRSC VIC MODEL
Uttarakhand,Bageshwar,2020-02-19,2020,02,0,NRSC VIC MODEL
Uttarakhand,Bageshwar,2020-03-01,2020,03,0,NRSC VIC MODEL
Uttarakhand,Bageshwar,2020-03-02,2020,03,0.437848992,NRSC VIC MODEL
Uttarakhand,Bageshwar,2020-03-04,2020,03,2.385116586,NRSC VIC MODEL
Uttarakhand,Bageshwar,2020-03-19,2020,03,1.006538268,NRSC VIC MODEL
Uttarakhand,Bageshwar,2020-03-21,2020,03,0.074721443,NRSC VIC MODEL
Uttarakhand,Bageshwar,2020-03-22,2020,03,7.415116233,NRSC VIC MODEL
Uttarakhand,Bageshwar,2020-03-23,2020,03,1.20847518,NRSC VIC MODEL
Uttarakhand,Bageshwar,2020-03-25,2020,03,5.592252783,NRSC VIC MODEL
Uttarakhand,Bageshwar,2020-03-28,2020,03,0,NRSC VIC MODEL
Uttarakhand,Bageshwar,2020-03-30,2020,03,0.182508858,NRSC VIC MODEL
Uttarakhand,Bageshwar,2020-04-08,2020,04,7.66039541,NRSC VIC MODEL
Uttarakhand,Bageshwar,2020-04-23,2020,04,1.281055231,NRSC VIC MODEL
Uttarakhand,Bageshwar,2020-04-26,2020,04,10.94053037,NRSC VIC MODEL
Uttarakhand,Bageshwar,2020-04-28,2020,04,2.825250527,NRSC VIC MODEL
Uttarakhand,Bageshwar,2020-05-01,2020,05,4.13196658,NRSC VIC MODEL
Uttarakhand,Bageshwar,2020-05-02,2020,05,30.80981854,NRSC VIC MODEL
Uttarakhand,Bageshwar,2020-05-07,2020,05,0.030374278,NRSC VIC MODEL
Uttarakhand,Uttar Kashi,2020-08-01,2020,08,2.540788628,NRSC VIC MODEL
Uttarakhand,Uttar Kashi,2020-08-02,2020,08,0.905781366,NRSC VIC MODEL
Uttarakhand,Uttar Kashi,2020-08-13,2020,08,4.456056883,NRSC VIC MODEL
Uttarakhand,Uttar Kashi,2020-08-15,2020,08,0.495507005,NRSC VIC MODEL
Uttarakhand,Uttar Kashi,2020-08-21,2020,08,0.363519967,NRSC VIC MODEL
Uttarakhand,Uttar Kashi,2020-08-22,2020,08,1.876763466,NRSC VIC MODEL
Uttarakhand,Uttar Kashi,2020-08-23,2020,08,4.201805199,NRSC VIC MODEL
Uttarakhand,Uttar Kashi,2020-08-24,2020,08,15.33099935,NRSC VIC MODEL
Uttarakhand,Uttar Kashi,2020-08-31,2020,08,0.427148401,NRSC VIC MODEL
Uttarakhand,Uttar Kashi,2020-09-02,2020,09,10.07213686,NRSC VIC MODEL
Uttarakhand,Uttar Kashi,2020-09-10,2020,09,1.325701826,NRSC VIC MODEL
Uttarakhand,Uttar Kashi,2020-09-13,2020,09,2.372406472,NRSC VIC MODEL
Uttarakhand,Uttar Kashi,2020-09-18,2020,09,0.32953969,NRSC VIC MODEL
Uttarakhand,Uttar Kashi,2020-09-19,2020,09,1.081676733,NRSC VIC MODEL
Uttarakhand,Uttar Kashi,2020-10-06,2020,10,0,NRSC VIC MODEL
Uttarakhand,Uttar Kashi,2020-10-09,2020,10,0,NRSC VIC MODEL
Uttarakhand,Uttar Kashi,2020-10-11,2020,10,0,NRSC VIC MODEL
Uttarakhand,Uttar Kashi,2020-10-12,2020,10,0,NRSC VIC MODEL
Uttarakhand,Uttar Kashi,2020-10-13,2020,10,0,NRSC VIC MODEL
Uttarakhand,Uttar Kashi,2020-10-19,2020,10,0,NRSC VIC MODEL
Uttarakhand,Uttar Kashi,2020-10-21,2020,10,0,NRSC VIC MODEL
Uttarakhand,Uttar Kashi,2020-10-26,2020,10,0,NRSC VIC MODEL
Uttarakhand,Uttar Kashi,2020-10-31,2020,10,0,NRSC VIC MODEL
Uttarakhand,Uttar Kashi,2020-11-08,2020,11,0,NRSC VIC MODEL
Uttarakhand,Uttar Kashi,2020-11-12,2020,11,0,NRSC VIC MODEL
Uttarakhand,Uttar Kashi,2020-11-13,2020,11,0,NRSC VIC MODEL
Uttarakhand,Uttar Kashi,2020-11-19,2020,11,0,NRSC VIC MODEL
Uttarakhand,Uttar Kashi,2020-11-23,2020,11,0,NRSC VIC MODEL
Uttarakhand,Uttar Kashi,2020-11-26,2020,11,14.57949255,NRSC VIC MODEL
Uttarakhand,Uttar Kashi,2020-11-29,2020,11,0,NRSC VIC MODEL
Uttarakhand,Uttar Kashi,2020-12-17,2020,12,0,NRSC VIC MODEL
Uttarakhand,Uttar Kashi,2020-12-18,2020,12,0,NRSC VIC MODEL
Uttarakhand,Uttar Kashi,2020-12-27,2020,12,0,NRSC VIC MODEL
Uttarakhand,Uttar Kashi,2020-12-31,2020,12,0,NRSC VIC MODEL
Uttarakhand,Uttar Kashi,2020-09-27,2020,09,0.436645231,NRSC VIC MODEL
Uttarakhand,Almora,2020-01-03,2020,01,0.606893409,NRSC VIC MODEL
Uttarakhand,Almora,2020-01-04,2020,01,27.89756113,NRSC VIC MODEL
Uttarakhand,Almora,2020-01-11,2020,01,0,NRSC VIC MODEL
Uttarakhand,Almora,2020-01-12,2020,01,0,NRSC VIC MODEL
Uttarakhand,Almora,2020-01-13,2020,01,0.316936635,NRSC VIC MODEL
Uttarakhand,Almora,2020-01-30,2020,01,0,NRSC VIC MODEL
Uttarakhand,Almora,2020-02-07,2020,02,0.00187597,NRSC VIC MODEL
Uttarakhand,Almora,2020-02-08,2020,02,0,NRSC VIC MODEL
Uttarakhand,Almora,2020-02-09,2020,02,0,NRSC VIC MODEL
Uttarakhand,Almora,2020-02-10,2020,02,0,NRSC VIC MODEL
Uttarakhand,Almora,2020-02-14,2020,02,0,NRSC VIC MODEL
Uttarakhand,Almora,2020-02-16,2020,02,0,NRSC VIC MODEL
Uttarakhand,Almora,2020-02-18,2020,02,0,NRSC VIC MODEL
Uttarakhand,Almora,2020-02-20,2020,02,3.869521063,NRSC VIC MODEL
Uttarakhand,Almora,2020-02-24,2020,02,1.096257286,NRSC VIC MODEL
Uttarakhand,Almora,2020-02-28,2020,02,0,NRSC VIC MODEL
Uttarakhand,Almora,2020-02-29,2020,02,6.327289291,NRSC VIC MODEL
Uttarakhand,Almora,2020-03-03,2020,03,0.00598605,NRSC VIC MODEL
Uttarakhand,Almora,2020-03-05,2020,03,1.223499227,NRSC VIC MODEL
Uttarakhand,Almora,2020-03-12,2020,03,10.09787851,NRSC VIC MODEL
Uttarakhand,Almora,2020-03-13,2020,03,26.53863391,NRSC VIC MODEL
Uttarakhand,Almora,2020-03-24,2020,03,1.472227292,NRSC VIC MODEL
Uttarakhand,Almora,2020-03-25,2020,03,1.647545233,NRSC VIC MODEL
Uttarakhand,Almora,2020-03-28,2020,03,0,NRSC VIC MODEL
Uttarakhand,Almora,2020-03-30,2020,03,0.042635686,NRSC VIC MODEL
Uttarakhand,Almora,2020-03-31,2020,03,0.07357214,NRSC VIC MODEL
Uttarakhand,Almora,2020-04-10,2020,04,2.121781968,NRSC VIC MODEL
Uttarakhand,Almora,2020-04-14,2020,04,30.49214728,NRSC VIC MODEL
Uttarakhand,Almora,2020-04-15,2020,04,1.554804089,NRSC VIC MODEL
Uttarakhand,Almora,2020-04-19,2020,04,1.807394947,NRSC VIC MODEL
Uttarakhand,Almora,2020-04-24,2020,04,0,NRSC VIC MODEL
Uttarakhand,Almora,2020-05-03,2020,05,13.07004629,NRSC VIC MODEL
Uttarakhand,Almora,2020-05-14,2020,05,1.968421406,NRSC VIC MODEL
Uttarakhand,Almora,2020-05-15,2020,05,0,NRSC VIC MODEL
Uttarakhand,Almora,2020-05-28,2020,05,5.447169352,NRSC VIC MODEL
Uttarakhand,Almora,2020-06-11,2020,06,2.824153732,NRSC VIC MODEL
Uttarakhand,Almora,2020-06-22,2020,06,0.633736837,NRSC VIC MODEL
Uttarakhand,Almora,2020-06-26,2020,06,0.005500003,NRSC VIC MODEL
Uttarakhand,Almora,2020-07-02,2020,07,19.31527894,NRSC VIC MODEL
Uttarakhand,Almora,2020-07-04,2020,07,21.66470136,NRSC VIC MODEL
Uttarakhand,Almora,2020-07-06,2020,07,9.087515076,NRSC VIC MODEL
Uttarakhand,Almora,2020-07-09,2020,07,3.147332232,NRSC VIC MODEL
Uttarakhand,Almora,2020-07-13,2020,07,0.019902338,NRSC VIC MODEL
Uttarakhand,Almora,2020-07-21,2020,07,6.850548538,NRSC VIC MODEL
Uttarakhand,Almora,2020-07-25,2020,07,10.1868336,NRSC VIC MODEL
Uttarakhand,Almora,2020-08-01,2020,08,5.642372577,NRSC VIC MODEL
Uttarakhand,Almora,2020-08-16,2020,08,0.472002625,NRSC VIC MODEL
Uttarakhand,Almora,2020-08-18,2020,08,24.49779153,NRSC VIC MODEL
Uttarakhand,Almora,2020-08-19,2020,08,21.54014547,NRSC VIC MODEL
Uttarakhand,Almora,2020-08-23,2020,08,0.027986064,NRSC VIC MODEL
Uttarakhand,Almora,2020-09-02,2020,09,5.200794777,NRSC VIC MODEL
Uttarakhand,Almora,2020-09-11,2020,09,0,NRSC VIC MODEL
Uttarakhand,Almora,2020-09-19,2020,09,0,NRSC VIC MODEL
Uttarakhand,Almora,2020-09-21,2020,09,0.429887095,NRSC VIC MODEL
Uttarakhand,Almora,2020-09-27,2020,09,0.002302327,NRSC VIC MODEL
Uttarakhand,Almora,2020-09-29,2020,09,0,NRSC VIC MODEL
Uttarakhand,Almora,2020-10-03,2020,10,0,NRSC VIC MODEL
Uttarakhand,Almora,2020-10-04,2020,10,0,NRSC VIC MODEL
Uttarakhand,Almora,2020-10-05,2020,10,0,NRSC VIC MODEL
Uttarakhand,Almora,2020-10-07,2020,10,0,NRSC VIC MODEL
Uttarakhand,Almora,2020-10-08,2020,10,0,NRSC VIC MODEL
Uttarakhand,Almora,2020-10-11,2020,10,0,NRSC VIC MODEL
Uttarakhand,Almora,2020-10-13,2020,10,0,NRSC VIC MODEL
Uttarakhand,Almora,2020-10-19,2020,10,0,NRSC VIC MODEL
Uttarakhand,Almora,2020-10-22,2020,10,0,NRSC VIC MODEL
Uttarakhand,Almora,2020-10-23,2020,10,0,NRSC VIC MODEL
Uttarakhand,Champawat,2020-04-12,2020,04,0,NRSC VIC MODEL
Uttarakhand,Champawat,2020-04-14,2020,04,89.15044878,NRSC VIC MODEL
Uttarakhand,Champawat,2020-04-22,2020,04,0.133441275,NRSC VIC MODEL
Uttarakhand,Champawat,2020-04-24,2020,04,0,NRSC VIC MODEL
Uttarakhand,Champawat,2020-04-27,2020,04,8.852431766,NRSC VIC MODEL
Uttarakhand,Champawat,2020-04-28,2020,04,1.337944795,NRSC VIC MODEL
Uttarakhand,Champawat,2020-04-29,2020,04,1.743779829,NRSC VIC MODEL
Uttarakhand,Champawat,2020-05-07,2020,05,2.277225218,NRSC VIC MODEL
Uttarakhand,Champawat,2020-05-09,2020,05,13.14133939,NRSC VIC MODEL
Uttarakhand,Champawat,2020-05-10,2020,05,44.01800621,NRSC VIC MODEL
Uttarakhand,Champawat,2020-05-13,2020,05,0.633393132,NRSC VIC MODEL
Uttarakhand,Champawat,2020-05-20,2020,05,0,NRSC VIC MODEL
Uttarakhand,Champawat,2020-05-21,2020,05,0,NRSC VIC MODEL
Uttarakhand,Champawat,2020-05-27,2020,05,3.923310505,NRSC VIC MODEL
Uttarakhand,Champawat,2020-05-28,2020,05,0.423921541,NRSC VIC MODEL
Uttarakhand,Champawat,2020-05-29,2020,05,0,NRSC VIC MODEL
Uttarakhand,Champawat,2020-06-12,2020,06,0.007673064,NRSC VIC MODEL
Uttarakhand,Champawat,2020-06-14,2020,06,1.645750351,NRSC VIC MODEL
Uttarakhand,Champawat,2020-06-16,2020,06,0.021390187,NRSC VIC MODEL
Uttarakhand,Champawat,2020-06-17,2020,06,0.247989153,NRSC VIC MODEL
Uttarakhand,Champawat,2020-06-18,2020,06,0.183940386,NRSC VIC MODEL
Uttarakhand,Champawat,2020-06-19,2020,06,0.326394466,NRSC VIC MODEL
Uttarakhand,Champawat,2020-06-21,2020,06,0,NRSC VIC MODEL
Uttarakhand,Champawat,2020-06-24,2020,06,13.26508277,NRSC VIC MODEL
Uttarakhand,Champawat,2020-06-28,2020,06,9.208239642,NRSC VIC MODEL
Uttarakhand,Champawat,2020-07-08,2020,07,12.9175417,NRSC VIC MODEL
Uttarakhand,Champawat,2020-07-09,2020,07,24.46225967,NRSC VIC MODEL
Uttarakhand,Champawat,2020-07-10,2020,07,10.23941414,NRSC VIC MODEL
Uttarakhand,Champawat,2020-07-12,2020,07,4.308470895,NRSC VIC MODEL
Uttarakhand,Champawat,2020-07-16,2020,07,1.048317093,NRSC VIC MODEL
Uttarakhand,Champawat,2020-07-17,2020,07,29.02850896,NRSC VIC MODEL
Uttarakhand,Champawat,2020-07-23,2020,07,0,NRSC VIC MODEL
Uttarakhand,Champawat,2020-07-27,2020,07,19.49299184,NRSC VIC MODEL
Uttarakhand,Champawat,2020-07-28,2020,07,23.09082134,NRSC VIC MODEL
Uttarakhand,Champawat,2020-07-29,2020,07,12.51578679,NRSC VIC MODEL
Uttarakhand,Champawat,2020-08-05,2020,08,20.73901212,NRSC VIC MODEL
Uttarakhand,Champawat,2020-08-10,2020,08,4.4337976,NRSC VIC MODEL
Uttarakhand,Champawat,2020-08-12,2020,08,6.959483926,NRSC VIC MODEL
Uttarakhand,Champawat,2020-08-15,2020,08,3.281391746,NRSC VIC MODEL
Uttarakhand,Champawat,2020-08-18,2020,08,45.09774632,NRSC VIC MODEL
Uttarakhand,Champawat,2020-08-22,2020,08,0.447930313,NRSC VIC MODEL
Uttarakhand,Champawat,2020-08-29,2020,08,8.639184539,NRSC VIC MODEL
Uttarakhand,Champawat,2020-09-01,2020,09,0.359842325,NRSC VIC MODEL
Uttarakhand,Champawat,2020-09-13,2020,09,0.776273494,NRSC VIC MODEL
Uttarakhand,Champawat,2020-09-14,2020,09,3.639056991,NRSC VIC MODEL
Uttarakhand,Champawat,2020-09-16,2020,09,3.565158081,NRSC VIC MODEL
Uttarakhand,Champawat,2020-09-18,2020,09,3.11945052,NRSC VIC MODEL
Uttarakhand,Champawat,2020-09-24,2020,09,7.639585311,NRSC VIC MODEL
Uttarakhand,Champawat,2020-09-28,2020,09,0,NRSC VIC MODEL
Uttarakhand,Champawat,2020-09-29,2020,09,0,NRSC VIC MODEL
Uttarakhand,Champawat,2020-10-03,2020,10,0,NRSC VIC MODEL
Uttarakhand,Champawat,2020-10-04,2020,10,0,NRSC VIC MODEL
Uttarakhand,Champawat,2020-10-06,2020,10,0,NRSC VIC MODEL
Uttarakhand,Champawat,2020-10-10,2020,10,0,NRSC VIC MODEL
Uttarakhand,Champawat,2020-10-13,2020,10,0,NRSC VIC MODEL
Uttarakhand,Champawat,2020-10-14,2020,10,0,NRSC VIC MODEL
Uttarakhand,Champawat,2020-10-26,2020,10,0,NRSC VIC MODEL
Uttarakhand,Champawat,2020-11-15,2020,11,0,NRSC VIC MODEL
Uttarakhand,Champawat,2020-11-29,2020,11,0,NRSC VIC MODEL
Uttarakhand,Champawat,2020-11-30,2020,11,0,NRSC VIC MODEL
Uttarakhand,Champawat,2020-12-02,2020,12,0,NRSC VIC MODEL
Uttarakhand,Champawat,2020-12-04,2020,12,0,NRSC VIC MODEL
Uttarakhand,Champawat,2020-12-07,2020,12,0,NRSC VIC MODEL
Uttarakhand,Champawat,2020-12-08,2020,12,0,NRSC VIC MODEL
Uttarakhand,Champawat,2020-12-10,2020,12,0,NRSC VIC MODEL
Uttarakhand,Champawat,2020-12-16,2020,12,0,NRSC VIC MODEL
Uttarakhand,Champawat,2020-12-19,2020,12,0,NRSC VIC MODEL
Uttarakhand,Dehradun,2020-01-02,2020,01,0.29079537,NRSC VIC MODEL
Uttarakhand,Dehradun,2020-01-03,2020,01,2.496677618,NRSC VIC MODEL
Uttarakhand,Dehradun,2020-01-10,2020,01,0.102621538,NRSC VIC MODEL
Uttarakhand,Dehradun,2020-01-12,2020,01,0.844017504,NRSC VIC MODEL
Uttarakhand,Dehradun,2020-01-18,2020,01,1.831028574,NRSC VIC MODEL
Uttarakhand,Dehradun,2020-01-21,2020,01,0.132303822,NRSC VIC MODEL
Uttarakhand,Dehradun,2020-01-22,2020,01,0,NRSC VIC MODEL
Uttarakhand,Dehradun,2020-01-26,2020,01,0,NRSC VIC MODEL
Uttarakhand,Dehradun,2020-01-30,2020,01,0,NRSC VIC MODEL
Uttarakhand,Dehradun,2020-02-11,2020,02,0.015927289,NRSC VIC MODEL
Uttarakhand,Dehradun,2020-02-13,2020,02,0,NRSC VIC MODEL
Uttarakhand,Dehradun,2020-02-15,2020,02,0,NRSC VIC MODEL
Uttarakhand,Dehradun,2020-02-16,2020,02,0.006096159,NRSC VIC MODEL
Uttarakhand,Dehradun,2020-02-17,2020,02,0,NRSC VIC MODEL
Uttarakhand,Dehradun,2020-02-25,2020,02,1.572886293,NRSC VIC MODEL
Uttarakhand,Dehradun,2020-02-27,2020,02,0.007074979,NRSC VIC MODEL
Uttarakhand,Dehradun,2020-02-29,2020,02,5.2401724,NRSC VIC MODEL
Uttarakhand,Dehradun,2020-03-06,2020,03,18.10955039,NRSC VIC MODEL
Uttarakhand,Dehradun,2020-03-24,2020,03,1.317319853,NRSC VIC MODEL
Uttarakhand,Dehradun,2020-03-25,2020,03,4.132972551,NRSC VIC MODEL
Uttarakhand,Dehradun,2020-03-28,2020,03,0.468725937,NRSC VIC MODEL
Uttarakhand,Dehradun,2020-04-02,2020,04,0.12279038,NRSC VIC MODEL
Uttarakhand,Dehradun,2020-04-06,2020,04,0.022667408,NRSC VIC MODEL
Uttarakhand,Dehradun,2020-04-10,2020,04,6.49142191,NRSC VIC MODEL
Uttarakhand,Dehradun,2020-04-11,2020,04,0,NRSC VIC MODEL
Uttarakhand,Dehradun,2020-04-19,2020,04,0.340886907,NRSC VIC MODEL
Uttarakhand,Dehradun,2020-04-20,2020,04,15.92977,NRSC VIC MODEL
Uttarakhand,Dehradun,2020-04-22,2020,04,0.080924364,NRSC VIC MODEL
Uttarakhand,Dehradun,2020-05-02,2020,05,11.20677513,NRSC VIC MODEL
Uttarakhand,Dehradun,2020-05-08,2020,05,0,NRSC VIC MODEL
Uttarakhand,Dehradun,2020-05-10,2020,05,16.6207224,NRSC VIC MODEL
Uttarakhand,Dehradun,2020-05-12,2020,05,0.620348573,NRSC VIC MODEL
Uttarakhand,Dehradun,2020-05-29,2020,05,0,NRSC VIC MODEL
Uttarakhand,Dehradun,2020-05-30,2020,05,0.324873757,NRSC VIC MODEL
Uttarakhand,Dehradun,2020-06-05,2020,06,4.594898265,NRSC VIC MODEL
Uttarakhand,Dehradun,2020-06-07,2020,06,3.173437127,NRSC VIC MODEL
Uttarakhand,Dehradun,2020-06-13,2020,06,5.938028053,NRSC VIC MODEL
Uttarakhand,Dehradun,2020-06-17,2020,06,0,NRSC VIC MODEL
Uttarakhand,Dehradun,2020-06-23,2020,06,0.013042346,NRSC VIC MODEL
Uttarakhand,Dehradun,2020-06-24,2020,06,7.671260499,NRSC VIC MODEL
Uttarakhand,Dehradun,2020-06-27,2020,06,0.400921194,NRSC VIC MODEL
Uttarakhand,Dehradun,2020-06-28,2020,06,0.808591093,NRSC VIC MODEL
Uttarakhand,Dehradun,2020-07-02,2020,07,3.39779295,NRSC VIC MODEL
Uttarakhand,Dehradun,2020-07-05,2020,07,9.161084479,NRSC VIC MODEL
Uttarakhand,Dehradun,2020-07-15,2020,07,4.047025295,NRSC VIC MODEL
Uttarakhand,Dehradun,2020-07-22,2020,07,0.186748532,NRSC VIC MODEL
Uttarakhand,Dehradun,2020-07-26,2020,07,30.22520271,NRSC VIC MODEL
Uttarakhand,Dehradun,2020-07-27,2020,07,12.7754628,NRSC VIC MODEL
Uttarakhand,Dehradun,2020-08-01,2020,08,4.35542225,NRSC VIC MODEL
Uttarakhand,Dehradun,2020-08-13,2020,08,0.091064595,NRSC VIC MODEL
Uttarakhand,Dehradun,2020-08-17,2020,08,0.410005329,NRSC VIC MODEL
Uttarakhand,Bageshwar,2020-11-30,2020,11,0,NRSC VIC MODEL
Uttarakhand,Bageshwar,2020-12-04,2020,12,0,NRSC VIC MODEL
Uttarakhand,Bageshwar,2020-12-05,2020,12,0,NRSC VIC MODEL
Uttarakhand,Bageshwar,2020-12-14,2020,12,0,NRSC VIC MODEL
Uttarakhand,Bageshwar,2020-12-17,2020,12,0,NRSC VIC MODEL
Uttarakhand,Bageshwar,2020-12-22,2020,12,0,NRSC VIC MODEL
Uttarakhand,Bageshwar,2020-12-24,2020,12,0,NRSC VIC MODEL
Uttarakhand,Bageshwar,2020-12-25,2020,12,0,NRSC VIC MODEL
Uttarakhand,Bageshwar,2020-12-31,2020,12,0,NRSC VIC MODEL
Uttarakhand,Chamoli,2020-01-08,2020,01,9.553242362,NRSC VIC MODEL
Uttarakhand,Chamoli,2020-01-17,2020,01,2.418284381,NRSC VIC MODEL
Uttarakhand,Chamoli,2020-01-24,2020,01,0,NRSC VIC MODEL
Uttarakhand,Chamoli,2020-01-28,2020,01,5.972475328,NRSC VIC MODEL
Uttarakhand,Chamoli,2020-02-06,2020,02,1.215451119,NRSC VIC MODEL
Uttarakhand,Chamoli,2020-02-07,2020,02,3.243323538,NRSC VIC MODEL
Uttarakhand,Chamoli,2020-02-14,2020,02,0,NRSC VIC MODEL
Uttarakhand,Chamoli,2020-02-15,2020,02,0,NRSC VIC MODEL
Uttarakhand,Chamoli,2020-02-16,2020,02,0.110424115,NRSC VIC MODEL
Uttarakhand,Chamoli,2020-02-22,2020,02,0.210581125,NRSC VIC MODEL
Uttarakhand,Chamoli,2020-02-27,2020,02,0,NRSC VIC MODEL
Uttarakhand,Chamoli,2020-02-28,2020,02,0.917633617,NRSC VIC MODEL
Uttarakhand,Chamoli,2020-03-02,2020,03,0.276919282,NRSC VIC MODEL
Uttarakhand,Chamoli,2020-03-03,2020,03,0.003816996,NRSC VIC MODEL
Uttarakhand,Chamoli,2020-03-06,2020,03,5.279561369,NRSC VIC MODEL
Uttarakhand,Chamoli,2020-03-11,2020,03,2.7940169,NRSC VIC MODEL
Uttarakhand,Chamoli,2020-03-13,2020,03,23.60611008,NRSC VIC MODEL
Uttarakhand,Chamoli,2020-03-17,2020,03,0,NRSC VIC MODEL
Uttarakhand,Chamoli,2020-03-21,2020,03,0.201749645,NRSC VIC MODEL
Uttarakhand,Chamoli,2020-03-22,2020,03,0.666048707,NRSC VIC MODEL
Uttarakhand,Chamoli,2020-03-24,2020,03,1.267341166,NRSC VIC MODEL
Uttarakhand,Chamoli,2020-03-25,2020,03,5.72198925,NRSC VIC MODEL
Uttarakhand,Chamoli,2020-03-29,2020,03,0.045644054,NRSC VIC MODEL
Uttarakhand,Chamoli,2020-03-31,2020,03,2.326424744,NRSC VIC MODEL
Uttarakhand,Chamoli,2020-04-03,2020,04,0.142848165,NRSC VIC MODEL
Uttarakhand,Chamoli,2020-04-10,2020,04,14.44692317,NRSC VIC MODEL
Uttarakhand,Chamoli,2020-04-13,2020,04,10.11384742,NRSC VIC MODEL
Uttarakhand,Chamoli,2020-05-05,2020,05,11.51086777,NRSC VIC MODEL
Uttarakhand,Chamoli,2020-05-08,2020,05,2.981556572,NRSC VIC MODEL
Uttarakhand,Chamoli,2020-05-09,2020,05,24.35566662,NRSC VIC MODEL
Uttarakhand,Chamoli,2020-05-20,2020,05,0.002721565,NRSC VIC MODEL
Uttarakhand,Chamoli,2020-05-24,2020,05,8.025011934,NRSC VIC MODEL
Uttarakhand,Chamoli,2020-05-25,2020,05,0.22588993,NRSC VIC MODEL
Uttarakhand,Chamoli,2020-05-28,2020,05,5.269199008,NRSC VIC MODEL
Uttarakhand,Chamoli,2020-06-08,2020,06,0.012247044,NRSC VIC MODEL
Uttarakhand,Chamoli,2020-06-17,2020,06,5.434731421,NRSC VIC MODEL
Uttarakhand,Chamoli,2020-06-21,2020,06,3.641934216,NRSC VIC MODEL
Uttarakhand,Chamoli,2020-06-22,2020,06,2.603197742,NRSC VIC MODEL
Uttarakhand,Chamoli,2020-06-27,2020,06,2.277195027,NRSC VIC MODEL
Uttarakhand,Chamoli,2020-06-29,2020,06,18.9757033,NRSC VIC MODEL
Uttarakhand,Chamoli,2020-07-06,2020,07,5.192889716,NRSC VIC MODEL
Uttarakhand,Chamoli,2020-07-10,2020,07,7.284623667,NRSC VIC MODEL
Uttarakhand,Chamoli,2020-07-12,2020,07,6.45407334,NRSC VIC MODEL
Uttarakhand,Chamoli,2020-07-13,2020,07,2.712295094,NRSC VIC MODEL
Uttarakhand,Chamoli,2020-07-17,2020,07,5.381501004,NRSC VIC MODEL
Uttarakhand,Chamoli,2020-07-19,2020,07,3.190103326,NRSC VIC MODEL
Uttarakhand,Chamoli,2020-07-30,2020,07,4.426871107,NRSC VIC MODEL
Uttarakhand,Chamoli,2020-08-07,2020,08,3.003036527,NRSC VIC MODEL
Uttarakhand,Chamoli,2020-08-24,2020,08,13.59235163,NRSC VIC MODEL
Uttarakhand,Chamoli,2020-08-25,2020,08,11.46774117,NRSC VIC MODEL
Uttarakhand,Chamoli,2020-09-01,2020,09,5.709320363,NRSC VIC MODEL
Uttarakhand,Chamoli,2020-09-16,2020,09,4.772751455,NRSC VIC MODEL
Uttarakhand,Chamoli,2020-09-22,2020,09,0.973384885,NRSC VIC MODEL
Uttarakhand,Chamoli,2020-09-30,2020,09,0.379648171,NRSC VIC MODEL
Uttarakhand,Chamoli,2020-10-03,2020,10,0,NRSC VIC MODEL
Uttarakhand,Chamoli,2020-10-06,2020,10,0,NRSC VIC MODEL
Uttarakhand,Chamoli,2020-10-12,2020,10,0,NRSC VIC MODEL
Uttarakhand,Chamoli,2020-10-23,2020,10,0.138204494,NRSC VIC MODEL
Uttarakhand,Chamoli,2020-10-26,2020,10,0,NRSC VIC MODEL
Uttarakhand,Chamoli,2020-11-07,2020,11,0,NRSC VIC MODEL
Uttarakhand,Chamoli,2020-11-12,2020,11,0,NRSC VIC MODEL
Uttarakhand,Chamoli,2020-11-16,2020,11,2.280807906,NRSC VIC MODEL
Uttarakhand,Chamoli,2020-11-23,2020,11,0,NRSC VIC MODEL
Uttarakhand,Chamoli,2020-11-25,2020,11,0,NRSC VIC MODEL
Uttarakhand,Chamoli,2020-11-27,2020,11,0,NRSC VIC MODEL
Uttarakhand,Chamoli,2020-12-05,2020,12,0,NRSC VIC MODEL
Uttarakhand,Chamoli,2020-12-08,2020,12,0,NRSC VIC MODEL
Uttarakhand,Chamoli,2020-12-20,2020,12,0,NRSC VIC MODEL
Uttarakhand,Chamoli,2020-12-28,2020,12,0,NRSC VIC MODEL
Uttarakhand,Chamoli,2020-12-30,2020,12,0,NRSC VIC MODEL
Uttarakhand,Champawat,2020-01-01,2020,01,0,NRSC VIC MODEL
Uttarakhand,Champawat,2020-01-05,2020,01,0,NRSC VIC MODEL
Uttarakhand,Champawat,2020-01-12,2020,01,0,NRSC VIC MODEL
Uttarakhand,Champawat,2020-01-14,2020,01,2.038538132,NRSC VIC MODEL
Uttarakhand,Champawat,2020-01-24,2020,01,0,NRSC VIC MODEL
Uttarakhand,Champawat,2020-01-28,2020,01,6.019701101,NRSC VIC MODEL
Uttarakhand,Champawat,2020-01-31,2020,01,0,NRSC VIC MODEL
Uttarakhand,Champawat,2020-02-11,2020,02,0,NRSC VIC MODEL
Uttarakhand,Champawat,2020-02-12,2020,02,0,NRSC VIC MODEL
Uttarakhand,Champawat,2020-02-14,2020,02,0,NRSC VIC MODEL
Uttarakhand,Champawat,2020-02-19,2020,02,0,NRSC VIC MODEL
Uttarakhand,Champawat,2020-02-25,2020,02,8.846250687,NRSC VIC MODEL
Uttarakhand,Champawat,2020-03-02,2020,03,0.773396095,NRSC VIC MODEL
Uttarakhand,Champawat,2020-03-14,2020,03,71.80914231,NRSC VIC MODEL
Uttarakhand,Champawat,2020-03-19,2020,03,0.799612396,NRSC VIC MODEL
Uttarakhand,Champawat,2020-03-29,2020,03,0.105748214,NRSC VIC MODEL
Uttarakhand,Dehradun,2020-08-22,2020,08,0.840797702,NRSC VIC MODEL
Uttarakhand,Dehradun,2020-08-26,2020,08,3.626278705,NRSC VIC MODEL
Uttarakhand,Dehradun,2020-09-08,2020,09,0.323130771,NRSC VIC MODEL
Uttarakhand,Dehradun,2020-09-12,2020,09,0.019344572,NRSC VIC MODEL
Uttarakhand,Dehradun,2020-09-15,2020,09,0.416599484,NRSC VIC MODEL
Uttarakhand,Dehradun,2020-09-26,2020,09,0,NRSC VIC MODEL
Uttarakhand,Dehradun,2020-09-27,2020,09,0,NRSC VIC MODEL
Uttarakhand,Dehradun,2020-09-28,2020,09,0,NRSC VIC MODEL
Uttarakhand,Dehradun,2020-09-30,2020,09,0,NRSC VIC MODEL
Uttarakhand,Dehradun,2020-10-01,2020,10,0,NRSC VIC MODEL
Uttarakhand,Dehradun,2020-10-04,2020,10,0,NRSC VIC MODEL
Uttarakhand,Dehradun,2020-10-07,2020,10,0,NRSC VIC MODEL
Uttarakhand,Dehradun,2020-10-09,2020,10,0,NRSC VIC MODEL
Uttarakhand,Dehradun,2020-10-15,2020,10,0,NRSC VIC MODEL
Uttarakhand,Dehradun,2020-10-19,2020,10,0,NRSC VIC MODEL
Uttarakhand,Dehradun,2020-10-22,2020,10,0,NRSC VIC MODEL
Uttarakhand,Dehradun,2020-10-23,2020,10,0,NRSC VIC MODEL
Uttarakhand,Dehradun,2020-10-26,2020,10,0,NRSC VIC MODEL
Uttarakhand,Dehradun,2020-10-27,2020,10,0,NRSC VIC MODEL
Uttarakhand,Dehradun,2020-10-30,2020,10,0,NRSC VIC MODEL
Uttarakhand,Dehradun,2020-11-04,2020,11,0,NRSC VIC MODEL
Uttarakhand,Dehradun,2020-11-05,2020,11,0,NRSC VIC MODEL
Uttarakhand,Dehradun,2020-11-11,2020,11,0,NRSC VIC MODEL
Uttarakhand,Dehradun,2020-11-16,2020,11,16.97539006,NRSC VIC MODEL
Uttarakhand,Dehradun,2020-11-22,2020,11,0,NRSC VIC MODEL
Uttarakhand,Dehradun,2020-11-30,2020,11,0,NRSC VIC MODEL
Uttarakhand,Dehradun,2020-12-03,2020,12,0,NRSC VIC MODEL
Uttarakhand,Dehradun,2020-12-11,2020,12,0,NRSC VIC MODEL
Uttarakhand,Dehradun,2020-12-12,2020,12,15.11974503,NRSC VIC MODEL
Uttarakhand,Dehradun,2020-12-20,2020,12,0,NRSC VIC MODEL
Uttarakhand,Dehradun,2020-12-23,2020,12,0,NRSC VIC MODEL
Uttarakhand,Dehradun,2020-12-29,2020,12,0.002962218,NRSC VIC MODEL
Uttarakhand,Dehradun,2020-12-30,2020,12,0,NRSC VIC MODEL
Uttarakhand,Dehradun,2020-12-31,2020,12,0,NRSC VIC MODEL
Uttarakhand,Haridwar,2020-01-04,2020,01,0.670720614,NRSC VIC MODEL
Uttarakhand,Haridwar,2020-01-05,2020,01,2.299139275,NRSC VIC MODEL
Uttarakhand,Haridwar,2020-01-07,2020,01,6.984247493,NRSC VIC MODEL
Uttarakhand,Haridwar,2020-01-10,2020,01,0,NRSC VIC MODEL
Uttarakhand,Haridwar,2020-01-29,2020,01,1.977467382,NRSC VIC MODEL
Uttarakhand,Haridwar,2020-01-31,2020,01,0,NRSC VIC MODEL
Uttarakhand,Haridwar,2020-02-06,2020,02,0.129519753,NRSC VIC MODEL
Uttarakhand,Haridwar,2020-02-09,2020,02,0,NRSC VIC MODEL
Uttarakhand,Haridwar,2020-02-13,2020,02,0,NRSC VIC MODEL
Uttarakhand,Haridwar,2020-02-14,2020,02,0,NRSC VIC MODEL
Uttarakhand,Haridwar,2020-03-01,2020,03,1.59301114,NRSC VIC MODEL
Uttarakhand,Haridwar,2020-03-02,2020,03,0,NRSC VIC MODEL
Uttarakhand,Haridwar,2020-03-03,2020,03,0,NRSC VIC MODEL
Uttarakhand,Haridwar,2020-03-04,2020,03,2.839989451,NRSC VIC MODEL
Uttarakhand,Haridwar,2020-03-13,2020,03,14.58468404,NRSC VIC MODEL
Uttarakhand,Haridwar,2020-03-16,2020,03,0,NRSC VIC MODEL
Uttarakhand,Haridwar,2020-03-29,2020,03,0,NRSC VIC MODEL
Uttarakhand,Haridwar,2020-03-31,2020,03,0.02711966,NRSC VIC MODEL
Uttarakhand,Haridwar,2020-04-01,2020,04,0,NRSC VIC MODEL
Uttarakhand,Haridwar,2020-04-02,2020,04,0,NRSC VIC MODEL
Uttarakhand,Haridwar,2020-04-03,2020,04,0,NRSC VIC MODEL
Uttarakhand,Haridwar,2020-04-05,2020,04,0,NRSC VIC MODEL
Uttarakhand,Haridwar,2020-04-09,2020,04,0.153494935,NRSC VIC MODEL
Uttarakhand,Haridwar,2020-04-17,2020,04,9.361379169,NRSC VIC MODEL
Uttarakhand,Haridwar,2020-04-24,2020,04,0,NRSC VIC MODEL
Uttarakhand,Haridwar,2020-04-28,2020,04,0,NRSC VIC MODEL
Uttarakhand,Haridwar,2020-04-30,2020,04,36.40422695,NRSC VIC MODEL
Uttarakhand,Haridwar,2020-05-12,2020,05,0,NRSC VIC MODEL
Uttarakhand,Haridwar,2020-05-13,2020,05,0.73122551,NRSC VIC MODEL
Uttarakhand,Haridwar,2020-05-15,2020,05,0,NRSC VIC MODEL
Uttarakhand,Haridwar,2020-05-22,2020,05,0,NRSC VIC MODEL
Uttarakhand,Haridwar,2020-05-27,2020,05,12.36399306,NRSC VIC MODEL
Uttarakhand,Haridwar,2020-05-31,2020,05,28.3073136,NRSC VIC MODEL
Uttarakhand,Haridwar,2020-06-01,2020,06,0,NRSC VIC MODEL
Uttarakhand,Haridwar,2020-06-02,2020,06,0,NRSC VIC MODEL
Uttarakhand,Haridwar,2020-06-03,2020,06,0.099360822,NRSC VIC MODEL
Uttarakhand,Haridwar,2020-06-09,2020,06,0.002337902,NRSC VIC MODEL
Uttarakhand,Haridwar,2020-06-10,2020,06,0,NRSC VIC MODEL
Uttarakhand,Haridwar,2020-06-18,2020,06,0.024910342,NRSC VIC MODEL
Uttarakhand,Haridwar,2020-07-03,2020,07,21.22572757,NRSC VIC MODEL
Uttarakhand,Haridwar,2020-07-04,2020,07,49.57908614,NRSC VIC MODEL
Uttarakhand,Haridwar,2020-07-07,2020,07,1.63295419,NRSC VIC MODEL
Uttarakhand,Haridwar,2020-07-11,2020,07,41.45685332,NRSC VIC MODEL
Uttarakhand,Haridwar,2020-07-12,2020,07,2.212344675,NRSC VIC MODEL
Uttarakhand,Haridwar,2020-07-14,2020,07,0.923880298,NRSC VIC MODEL
Uttarakhand,Haridwar,2020-07-22,2020,07,0.044046068,NRSC VIC MODEL
Uttarakhand,Haridwar,2020-07-29,2020,07,13.91936398,NRSC VIC MODEL
Uttarakhand,Haridwar,2020-08-03,2020,08,1.738790999,NRSC VIC MODEL
Uttarakhand,Haridwar,2020-08-04,2020,08,2.254649006,NRSC VIC MODEL
Uttarakhand,Haridwar,2020-08-10,2020,08,15.34263177,NRSC VIC MODEL
Uttarakhand,Haridwar,2020-08-12,2020,08,16.74242703,NRSC VIC MODEL
Uttarakhand,Haridwar,2020-08-17,2020,08,3.931614195,NRSC VIC MODEL
Uttarakhand,Haridwar,2020-08-25,2020,08,0.044022689,NRSC VIC MODEL
Uttarakhand,Haridwar,2020-08-28,2020,08,7.60402523,NRSC VIC MODEL
Uttarakhand,Haridwar,2020-09-02,2020,09,2.042110364,NRSC VIC MODEL
Uttarakhand,Haridwar,2020-09-04,2020,09,0,NRSC VIC MODEL
Uttarakhand,Haridwar,2020-09-06,2020,09,7.138163251,NRSC VIC MODEL
Uttarakhand,Haridwar,2020-09-08,2020,09,0.005213521,NRSC VIC MODEL
Uttarakhand,Haridwar,2020-09-10,2020,09,0,NRSC VIC MODEL
Uttarakhand,Haridwar,2020-09-14,2020,09,0.995478537,NRSC VIC MODEL
Uttarakhand,Haridwar,2020-09-24,2020,09,0.365589376,NRSC VIC MODEL
Uttarakhand,Rudra Prayag,2020-01-09,2020,01,0,NRSC VIC MODEL
Uttarakhand,Rudra Prayag,2020-01-13,2020,01,13.48563734,NRSC VIC MODEL
Uttarakhand,Rudra Prayag,2020-01-14,2020,01,2.816928603,NRSC VIC MODEL
Uttarakhand,Rudra Prayag,2020-01-16,2020,01,8.170400458,NRSC VIC MODEL
Uttarakhand,Rudra Prayag,2020-01-30,2020,01,0,NRSC VIC MODEL
Uttarakhand,Rudra Prayag,2020-02-02,2020,02,0,NRSC VIC MODEL
Uttarakhand,Rudra Prayag,2020-02-09,2020,02,0,NRSC VIC MODEL
Uttarakhand,Rudra Prayag,2020-02-11,2020,02,0,NRSC VIC MODEL
Uttarakhand,Rudra Prayag,2020-02-16,2020,02,0.324281295,NRSC VIC MODEL
Uttarakhand,Rudra Prayag,2020-03-09,2020,03,0,NRSC VIC MODEL
Uttarakhand,Rudra Prayag,2020-03-15,2020,03,0,NRSC VIC MODEL
Uttarakhand,Rudra Prayag,2020-03-17,2020,03,0.459007051,NRSC VIC MODEL
Uttarakhand,Rudra Prayag,2020-03-18,2020,03,4.036151863,NRSC VIC MODEL
Uttarakhand,Rudra Prayag,2020-03-22,2020,03,4.870241736,NRSC VIC MODEL
Uttarakhand,Rudra Prayag,2020-03-26,2020,03,1.818175403,NRSC VIC MODEL
Uttarakhand,Rudra Prayag,2020-03-28,2020,03,0,NRSC VIC MODEL
Uttarakhand,Rudra Prayag,2020-03-31,2020,03,3.734902556,NRSC VIC MODEL
Uttarakhand,Rudra Prayag,2020-04-01,2020,04,0,NRSC VIC MODEL
Uttarakhand,Rudra Prayag,2020-04-05,2020,04,0.459957238,NRSC VIC MODEL
Uttarakhand,Rudra Prayag,2020-04-07,2020,04,0.789123295,NRSC VIC MODEL
Uttarakhand,Rudra Prayag,2020-04-10,2020,04,13.81139075,NRSC VIC MODEL
Uttarakhand,Rudra Prayag,2020-04-14,2020,04,31.27982229,NRSC VIC MODEL
Uttarakhand,Rudra Prayag,2020-04-22,2020,04,1.29238763,NRSC VIC MODEL
Uttarakhand,Rudra Prayag,2020-04-24,2020,04,9.814919219,NRSC VIC MODEL
Uttarakhand,Rudra Prayag,2020-04-30,2020,04,26.20057965,NRSC VIC MODEL
Uttarakhand,Rudra Prayag,2020-05-05,2020,05,16.66403834,NRSC VIC MODEL
Uttarakhand,Rudra Prayag,2020-05-21,2020,05,2.261189877,NRSC VIC MODEL
Uttarakhand,Rudra Prayag,2020-05-24,2020,05,13.53504704,NRSC VIC MODEL
Uttarakhand,Rudra Prayag,2020-05-25,2020,05,1.331599557,NRSC VIC MODEL
Uttarakhand,Rudra Prayag,2020-05-27,2020,05,6.947068644,NRSC VIC MODEL
Uttarakhand,Rudra Prayag,2020-05-28,2020,05,7.166334243,NRSC VIC MODEL
Uttarakhand,Rudra Prayag,2020-05-31,2020,05,7.649671425,NRSC VIC MODEL
Uttarakhand,Rudra Prayag,2020-06-01,2020,06,0.267484225,NRSC VIC MODEL
Uttarakhand,Rudra Prayag,2020-06-05,2020,06,1.721176071,NRSC VIC MODEL
Uttarakhand,Rudra Prayag,2020-06-06,2020,06,3.156506564,NRSC VIC MODEL
Uttarakhand,Rudra Prayag,2020-06-14,2020,06,0.930112253,NRSC VIC MODEL
Uttarakhand,Rudra Prayag,2020-06-19,2020,06,4.617799903,NRSC VIC MODEL
Uttarakhand,Rudra Prayag,2020-06-21,2020,06,2.390883659,NRSC VIC MODEL
Uttarakhand,Rudra Prayag,2020-06-24,2020,06,0.699404266,NRSC VIC MODEL
Uttarakhand,Rudra Prayag,2020-06-27,2020,06,2.735319617,NRSC VIC MODEL
Uttarakhand,Rudra Prayag,2020-07-10,2020,07,11.016196,NRSC VIC MODEL
Uttarakhand,Rudra Prayag,2020-07-12,2020,07,11.36816653,NRSC VIC MODEL
Uttarakhand,Rudra Prayag,2020-07-16,2020,07,3.934602341,NRSC VIC MODEL
Uttarakhand,Rudra Prayag,2020-07-19,2020,07,4.270553534,NRSC VIC MODEL
Uttarakhand,Rudra Prayag,2020-07-22,2020,07,2.63802586,NRSC VIC MODEL
Uttarakhand,Rudra Prayag,2020-08-01,2020,08,2.525167779,NRSC VIC MODEL
Uttarakhand,Rudra Prayag,2020-08-05,2020,08,0.737826601,NRSC VIC MODEL
Uttarakhand,Rudra Prayag,2020-08-14,2020,08,0.164516114,NRSC VIC MODEL
Uttarakhand,Rudra Prayag,2020-08-22,2020,08,3.091532535,NRSC VIC MODEL
Uttarakhand,Rudra Prayag,2020-08-24,2020,08,20.67525785,NRSC VIC MODEL
Uttarakhand,Rudra Prayag,2020-08-29,2020,08,0.892773934,NRSC VIC MODEL
Uttarakhand,Rudra Prayag,2020-09-01,2020,09,0.592287453,NRSC VIC MODEL
Uttarakhand,Rudra Prayag,2020-09-04,2020,09,1.334503648,NRSC VIC MODEL
Uttarakhand,Rudra Prayag,2020-09-05,2020,09,24.88783661,NRSC VIC MODEL
Uttarakhand,Rudra Prayag,2020-09-07,2020,09,0.450348308,NRSC VIC MODEL
Uttarakhand,Rudra Prayag,2020-09-09,2020,09,0.20882693,NRSC VIC MODEL
Uttarakhand,Rudra Prayag,2020-09-14,2020,09,4.705551645,NRSC VIC MODEL
Uttarakhand,Rudra Prayag,2020-09-28,2020,09,1.241586104,NRSC VIC MODEL
Uttarakhand,Rudra Prayag,2020-10-08,2020,10,0,NRSC VIC MODEL
Uttarakhand,Rudra Prayag,2020-10-09,2020,10,0,NRSC VIC MODEL
Uttarakhand,Rudra Prayag,2020-10-10,2020,10,0,NRSC VIC MODEL
Uttarakhand,Rudra Prayag,2020-10-11,2020,10,0,NRSC VIC MODEL
Uttarakhand,Rudra Prayag,2020-10-22,2020,10,0.307847082,NRSC VIC MODEL
Uttarakhand,Rudra Prayag,2020-10-24,2020,10,0,NRSC VIC MODEL
Uttarakhand,Rudra Prayag,2020-11-02,2020,11,0,NRSC VIC MODEL
Uttarakhand,Rudra Prayag,2020-11-03,2020,11,1.271537056,NRSC VIC MODEL
Uttarakhand,Rudra Prayag,2020-11-05,2020,11,0,NRSC VIC MODEL
Uttarakhand,Rudra Prayag,2020-11-13,2020,11,0,NRSC VIC MODEL
Uttarakhand,Rudra Prayag,2020-11-16,2020,11,4.073624012,NRSC VIC MODEL
Uttarakhand,Rudra Prayag,2020-11-27,2020,11,0.010304841,NRSC VIC MODEL
Uttarakhand,Rudra Prayag,2020-11-29,2020,11,0,NRSC VIC MODEL
Uttarakhand,Rudra Prayag,2020-12-10,2020,12,0,NRSC VIC MODEL
Uttarakhand,Rudra Prayag,2020-12-11,2020,12,0,NRSC VIC MODEL
Uttarakhand,Rudra Prayag,2020-12-12,2020,12,0.317415862,NRSC VIC MODEL
Uttarakhand,Rudra Prayag,2020-12-20,2020,12,0,NRSC VIC MODEL
Uttarakhand,Rudra Prayag,2020-12-28,2020,12,0.123162922,NRSC VIC MODEL
Uttarakhand,Rudra Prayag,2020-09-24,2020,09,0.882937495,NRSC VIC MODEL
Uttarakhand,Tehri Garhwal,2020-01-05,2020,01,1.634462828,NRSC VIC MODEL
Uttarakhand,Tehri Garhwal,2020-01-06,2020,01,8.895459438,NRSC VIC MODEL
Uttarakhand,Tehri Garhwal,2020-01-08,2020,01,9.574697878,NRSC VIC MODEL
Uttarakhand,Tehri Garhwal,2020-01-14,2020,01,1.700558071,NRSC VIC MODEL
Uttarakhand,Tehri Garhwal,2020-01-26,2020,01,0,NRSC VIC MODEL
Uttarakhand,Tehri Garhwal,2020-01-27,2020,01,0.08339374,NRSC VIC MODEL
Uttarakhand,Tehri Garhwal,2020-01-28,2020,01,8.686025031,NRSC VIC MODEL
Uttarakhand,Tehri Garhwal,2020-01-29,2020,01,7.192075037,NRSC VIC MODEL
Uttarakhand,Tehri Garhwal,2020-02-06,2020,02,0.16535729,NRSC VIC MODEL
Uttarakhand,Almora,2020-10-28,2020,10,0,NRSC VIC MODEL
Uttarakhand,Almora,2020-10-31,2020,10,0,NRSC VIC MODEL
Uttarakhand,Almora,2020-11-08,2020,11,0,NRSC VIC MODEL
Uttarakhand,Almora,2020-11-11,2020,11,0,NRSC VIC MODEL
Uttarakhand,Almora,2020-11-18,2020,11,0,NRSC VIC MODEL
Uttarakhand,Almora,2020-11-19,2020,11,0,NRSC VIC MODEL
Uttarakhand,Almora,2020-11-20,2020,11,0,NRSC VIC MODEL
Uttarakhand,Almora,2020-11-21,2020,11,0,NRSC VIC MODEL
Uttarakhand,Almora,2020-11-22,2020,11,0,NRSC VIC MODEL
Uttarakhand,Almora,2020-12-01,2020,12,0,NRSC VIC MODEL
Uttarakhand,Almora,2020-12-02,2020,12,0,NRSC VIC MODEL
Uttarakhand,Almora,2020-12-05,2020,12,0,NRSC VIC MODEL
Uttarakhand,Almora,2020-12-07,2020,12,0,NRSC VIC MODEL
Uttarakhand,Almora,2020-12-10,2020,12,0,NRSC VIC MODEL
Uttarakhand,Almora,2020-12-14,2020,12,0,NRSC VIC MODEL
Uttarakhand,Almora,2020-12-21,2020,12,0,NRSC VIC MODEL
Uttarakhand,Almora,2020-12-25,2020,12,0,NRSC VIC MODEL
Uttarakhand,Almora,2020-12-26,2020,12,0,NRSC VIC MODEL
Uttarakhand,Bageshwar,2020-01-03,2020,01,3.864794953,NRSC VIC MODEL
Uttarakhand,Bageshwar,2020-01-12,2020,01,0.427082213,NRSC VIC MODEL
Uttarakhand,Bageshwar,2020-01-24,2020,01,0,NRSC VIC MODEL
Uttarakhand,Bageshwar,2020-02-16,2020,02,0.942045265,NRSC VIC MODEL
Uttarakhand,Bageshwar,2020-02-21,2020,02,26.41485545,NRSC VIC MODEL
Uttarakhand,Bageshwar,2020-02-24,2020,02,1.227795566,NRSC VIC MODEL
Uttarakhand,Bageshwar,2020-03-08,2020,03,0,NRSC VIC MODEL
Uttarakhand,Bageshwar,2020-03-16,2020,03,0,NRSC VIC MODEL
Uttarakhand,Bageshwar,2020-03-24,2020,03,2.281336804,NRSC VIC MODEL
Uttarakhand,Bageshwar,2020-03-26,2020,03,1.084166741,NRSC VIC MODEL
Uttarakhand,Bageshwar,2020-04-11,2020,04,2.166921838,NRSC VIC MODEL
Uttarakhand,Bageshwar,2020-04-13,2020,04,16.26672409,NRSC VIC MODEL
Uttarakhand,Bageshwar,2020-04-15,2020,04,6.597522964,NRSC VIC MODEL
Uttarakhand,Bageshwar,2020-04-16,2020,04,6.040186657,NRSC VIC MODEL
Uttarakhand,Bageshwar,2020-04-19,2020,04,9.147155925,NRSC VIC MODEL
Uttarakhand,Bageshwar,2020-04-22,2020,04,2.145818952,NRSC VIC MODEL
Uttarakhand,Bageshwar,2020-04-25,2020,04,31.52710132,NRSC VIC MODEL
Uttarakhand,Bageshwar,2020-05-10,2020,05,36.05042833,NRSC VIC MODEL
Uttarakhand,Bageshwar,2020-05-11,2020,05,2.463223582,NRSC VIC MODEL
Uttarakhand,Bageshwar,2020-05-29,2020,05,0.519975585,NRSC VIC MODEL
Uttarakhand,Bageshwar,2020-05-31,2020,05,11.58026842,NRSC VIC MODEL
Uttarakhand,Bageshwar,2020-06-11,2020,06,19.1058518,NRSC VIC MODEL
Uttarakhand,Bageshwar,2020-06-17,2020,06,4.421150287,NRSC VIC MODEL
Uttarakhand,Bageshwar,2020-06-20,2020,06,3.379954955,NRSC VIC MODEL
Uttarakhand,Bageshwar,2020-06-22,2020,06,2.812653396,NRSC VIC MODEL
Uttarakhand,Bageshwar,2020-06-25,2020,06,9.915533053,NRSC VIC MODEL
Uttarakhand,Bageshwar,2020-06-29,2020,06,19.86050726,NRSC VIC MODEL
Uttarakhand,Bageshwar,2020-06-30,2020,06,8.974959248,NRSC VIC MODEL
Uttarakhand,Bageshwar,2020-07-01,2020,07,3.580324702,NRSC VIC MODEL
Uttarakhand,Bageshwar,2020-07-17,2020,07,9.713727735,NRSC VIC MODEL
Uttarakhand,Bageshwar,2020-07-24,2020,07,1.074931238,NRSC VIC MODEL
Uttarakhand,Bageshwar,2020-08-02,2020,08,7.906284704,NRSC VIC MODEL
Uttarakhand,Bageshwar,2020-08-03,2020,08,10.78274921,NRSC VIC MODEL
Uttarakhand,Bageshwar,2020-08-05,2020,08,2.912413581,NRSC VIC MODEL
Uttarakhand,Bageshwar,2020-08-07,2020,08,3.223011214,NRSC VIC MODEL
Uttarakhand,Bageshwar,2020-08-09,2020,08,23.46941178,NRSC VIC MODEL
Uttarakhand,Bageshwar,2020-08-11,2020,08,4.175380623,NRSC VIC MODEL
Uttarakhand,Bageshwar,2020-08-22,2020,08,27.71769546,NRSC VIC MODEL
Uttarakhand,Bageshwar,2020-09-01,2020,09,7.68759947,NRSC VIC MODEL
Uttarakhand,Bageshwar,2020-09-04,2020,09,1.463193233,NRSC VIC MODEL
Uttarakhand,Bageshwar,2020-09-14,2020,09,9.555456091,NRSC VIC MODEL
Uttarakhand,Bageshwar,2020-09-24,2020,09,1.861025698,NRSC VIC MODEL
Uttarakhand,Bageshwar,2020-09-28,2020,09,1.087935114,NRSC VIC MODEL
Uttarakhand,Bageshwar,2020-09-30,2020,09,0.14484906,NRSC VIC MODEL
Uttarakhand,Bageshwar,2020-10-01,2020,10,0,NRSC VIC MODEL
Uttarakhand,Bageshwar,2020-10-10,2020,10,0,NRSC VIC MODEL
Uttarakhand,Bageshwar,2020-10-15,2020,10,0,NRSC VIC MODEL
Uttarakhand,Bageshwar,2020-10-16,2020,10,0,NRSC VIC MODEL
Uttarakhand,Bageshwar,2020-10-17,2020,10,0,NRSC VIC MODEL
Uttarakhand,Bageshwar,2020-10-23,2020,10,0.399387666,NRSC VIC MODEL
Uttarakhand,Bageshwar,2020-10-25,2020,10,0,NRSC VIC MODEL
Uttarakhand,Bageshwar,2020-10-27,2020,10,0,NRSC VIC MODEL
Uttarakhand,Bageshwar,2020-11-05,2020,11,0,NRSC VIC MODEL
Uttarakhand,Bageshwar,2020-11-11,2020,11,0,NRSC VIC MODEL
Uttarakhand,Bageshwar,2020-11-13,2020,11,0,NRSC VIC MODEL
Uttarakhand,Bageshwar,2020-11-14,2020,11,0,NRSC VIC MODEL
Uttarakhand,Bageshwar,2020-11-16,2020,11,0.040913758,NRSC VIC MODEL
Uttarakhand,Bageshwar,2020-11-17,2020,11,0.063954664,NRSC VIC MODEL
Uttarakhand,Bageshwar,2020-11-22,2020,11,0,NRSC VIC MODEL
Uttarakhand,Bageshwar,2020-11-24,2020,11,0.074613775,NRSC VIC MODEL
Uttarakhand,Bageshwar,2020-11-27,2020,11,0,NRSC VIC MODEL
Uttarakhand,Haridwar,2020-09-29,2020,09,0,NRSC VIC MODEL
Uttarakhand,Haridwar,2020-09-30,2020,09,0,NRSC VIC MODEL
Uttarakhand,Haridwar,2020-10-02,2020,10,0,NRSC VIC MODEL
Uttarakhand,Haridwar,2020-10-05,2020,10,0,NRSC VIC MODEL
Uttarakhand,Haridwar,2020-10-19,2020,10,0,NRSC VIC MODEL
Uttarakhand,Haridwar,2020-10-27,2020,10,0,NRSC VIC MODEL
Uttarakhand,Haridwar,2020-11-06,2020,11,0,NRSC VIC MODEL
Uttarakhand,Haridwar,2020-11-07,2020,11,0,NRSC VIC MODEL
Uttarakhand,Haridwar,2020-11-09,2020,11,0,NRSC VIC MODEL
Uttarakhand,Haridwar,2020-11-12,2020,11,0,NRSC VIC MODEL
Uttarakhand,Haridwar,2020-11-13,2020,11,0,NRSC VIC MODEL
Uttarakhand,Haridwar,2020-11-14,2020,11,0,NRSC VIC MODEL
Uttarakhand,Haridwar,2020-11-21,2020,11,0,NRSC VIC MODEL
Uttarakhand,Haridwar,2020-12-12,2020,12,9.385880378,NRSC VIC MODEL
Uttarakhand,Haridwar,2020-12-24,2020,12,0,NRSC VIC MODEL
Uttarakhand,Haridwar,2020-12-28,2020,12,1.762228463,NRSC VIC MODEL
Uttarakhand,Nainital,2020-01-03,2020,01,0.359361625,NRSC VIC MODEL
Uttarakhand,Nainital,2020-01-04,2020,01,76.7798023,NRSC VIC MODEL
Uttarakhand,Nainital,2020-01-12,2020,01,0.009444813,NRSC VIC MODEL
Uttarakhand,Nainital,2020-01-15,2020,01,0,NRSC VIC MODEL
Uttarakhand,Nainital,2020-01-20,2020,01,0,NRSC VIC MODEL
Uttarakhand,Nainital,2020-01-25,2020,01,0,NRSC VIC MODEL
Uttarakhand,Nainital,2020-01-28,2020,01,8.86530583,NRSC VIC MODEL
Uttarakhand,Nainital,2020-02-02,2020,02,0,NRSC VIC MODEL
Uttarakhand,Nainital,2020-02-09,2020,02,0,NRSC VIC MODEL
Uttarakhand,Nainital,2020-02-13,2020,02,0,NRSC VIC MODEL
Uttarakhand,Nainital,2020-02-15,2020,02,0,NRSC VIC MODEL
Uttarakhand,Nainital,2020-02-18,2020,02,0,NRSC VIC MODEL
Uttarakhand,Nainital,2020-02-23,2020,02,46.16421982,NRSC VIC MODEL
Uttarakhand,Nainital,2020-03-06,2020,03,16.27580695,NRSC VIC MODEL
Uttarakhand,Nainital,2020-03-09,2020,03,0,NRSC VIC MODEL
Uttarakhand,Nainital,2020-03-13,2020,03,14.02471008,NRSC VIC MODEL
Uttarakhand,Nainital,2020-03-18,2020,03,0,NRSC VIC MODEL
Uttarakhand,Nainital,2020-03-22,2020,03,0,NRSC VIC MODEL
Uttarakhand,Nainital,2020-03-24,2020,03,0.04038332,NRSC VIC MODEL
Uttarakhand,Nainital,2020-03-28,2020,03,0,NRSC VIC MODEL
Uttarakhand,Nainital,2020-03-30,2020,03,0.008635257,NRSC VIC MODEL
Uttarakhand,Nainital,2020-04-03,2020,04,0,NRSC VIC MODEL
Uttarakhand,Nainital,2020-04-07,2020,04,1.531199756,NRSC VIC MODEL
Uttarakhand,Nainital,2020-04-09,2020,04,0.056061709,NRSC VIC MODEL
Uttarakhand,Nainital,2020-04-19,2020,04,4.123503962,NRSC VIC MODEL
Uttarakhand,Nainital,2020-04-27,2020,04,0.149160575,NRSC VIC MODEL
Uttarakhand,Nainital,2020-05-07,2020,05,0.003400133,NRSC VIC MODEL
Uttarakhand,Nainital,2020-05-08,2020,05,0,NRSC VIC MODEL
Uttarakhand,Nainital,2020-05-12,2020,05,0.050732136,NRSC VIC MODEL
Uttarakhand,Nainital,2020-05-24,2020,05,0,NRSC VIC MODEL
Uttarakhand,Nainital,2020-05-29,2020,05,0.046367283,NRSC VIC MODEL
Uttarakhand,Nainital,2020-06-03,2020,06,0.695542981,NRSC VIC MODEL
Uttarakhand,Nainital,2020-06-04,2020,06,4.472901309,NRSC VIC MODEL
Uttarakhand,Nainital,2020-06-13,2020,06,36.8197854,NRSC VIC MODEL
Uttarakhand,Nainital,2020-06-14,2020,06,2.400331645,NRSC VIC MODEL
Uttarakhand,Nainital,2020-06-19,2020,06,1.022481913,NRSC VIC MODEL
Uttarakhand,Nainital,2020-06-26,2020,06,0,NRSC VIC MODEL
Uttarakhand,Nainital,2020-06-28,2020,06,3.390512299,NRSC VIC MODEL
Uttarakhand,Nainital,2020-06-29,2020,06,8.958512637,NRSC VIC MODEL
Uttarakhand,Nainital,2020-07-14,2020,07,0.299677156,NRSC VIC MODEL
Uttarakhand,Nainital,2020-07-17,2020,07,7.319662257,NRSC VIC MODEL
Uttarakhand,Nainital,2020-07-18,2020,07,28.77308845,NRSC VIC MODEL
Uttarakhand,Nainital,2020-08-01,2020,08,7.424668334,NRSC VIC MODEL
Uttarakhand,Nainital,2020-08-08,2020,08,41.51911934,NRSC VIC MODEL
Uttarakhand,Nainital,2020-08-16,2020,08,0.224975435,NRSC VIC MODEL
Uttarakhand,Nainital,2020-08-19,2020,08,23.15898394,NRSC VIC MODEL
Uttarakhand,Nainital,2020-08-25,2020,08,2.600973195,NRSC VIC MODEL
Uttarakhand,Nainital,2020-08-30,2020,08,0,NRSC VIC MODEL
Uttarakhand,Nainital,2020-08-31,2020,08,0,NRSC VIC MODEL
Uttarakhand,Nainital,2020-09-06,2020,09,0.128510167,NRSC VIC MODEL
Uttarakhand,Nainital,2020-09-07,2020,09,0.063347707,NRSC VIC MODEL
Uttarakhand,Nainital,2020-09-08,2020,09,0.448304774,NRSC VIC MODEL
Uttarakhand,Nainital,2020-09-09,2020,09,0.010443264,NRSC VIC MODEL
Uttarakhand,Nainital,2020-09-12,2020,09,0.356251583,NRSC VIC MODEL
Uttarakhand,Nainital,2020-10-11,2020,10,0,NRSC VIC MODEL
Uttarakhand,Nainital,2020-10-16,2020,10,0,NRSC VIC MODEL
Uttarakhand,Nainital,2020-10-17,2020,10,0,NRSC VIC MODEL
Uttarakhand,Nainital,2020-10-26,2020,10,0,NRSC VIC MODEL
Uttarakhand,Pithoragarh,2020-03-12,2020,03,15.62628638,NRSC VIC MODEL
Uttarakhand,Pithoragarh,2020-03-18,2020,03,1.239927409,NRSC VIC MODEL
Uttarakhand,Pithoragarh,2020-03-20,2020,03,0.166787532,NRSC VIC MODEL
Uttarakhand,Pithoragarh,2020-03-24,2020,03,2.392542852,NRSC VIC MODEL
Uttarakhand,Pithoragarh,2020-04-01,2020,04,0,NRSC VIC MODEL
Uttarakhand,Pithoragarh,2020-04-14,2020,04,22.34393824,NRSC VIC MODEL
Uttarakhand,Pithoragarh,2020-04-15,2020,04,6.836043524,NRSC VIC MODEL
Uttarakhand,Pithoragarh,2020-04-18,2020,04,2.273216868,NRSC VIC MODEL
Uttarakhand,Pithoragarh,2020-04-22,2020,04,0.223625432,NRSC VIC MODEL
Uttarakhand,Pithoragarh,2020-04-23,2020,04,0.144423143,NRSC VIC MODEL
Uttarakhand,Pithoragarh,2020-04-26,2020,04,7.50310133,NRSC VIC MODEL
Uttarakhand,Pithoragarh,2020-04-27,2020,04,0.311007564,NRSC VIC MODEL
Uttarakhand,Pithoragarh,2020-05-04,2020,05,3.363314683,NRSC VIC MODEL
Uttarakhand,Pithoragarh,2020-05-05,2020,05,23.17623254,NRSC VIC MODEL
Uttarakhand,Pithoragarh,2020-05-08,2020,05,1.165019998,NRSC VIC MODEL
Uttarakhand,Pithoragarh,2020-05-11,2020,05,4.194803932,NRSC VIC MODEL
Uttarakhand,Pithoragarh,2020-05-20,2020,05,0.000738586,NRSC VIC MODEL
Uttarakhand,Pithoragarh,2020-05-23,2020,05,3.983110359,NRSC VIC MODEL
Uttarakhand,Pithoragarh,2020-05-28,2020,05,14.46480052,NRSC VIC MODEL
Uttarakhand,Pithoragarh,2020-05-31,2020,05,11.16705383,NRSC VIC MODEL
Uttarakhand,Pithoragarh,2020-06-03,2020,06,0.273646182,NRSC VIC MODEL
Uttarakhand,Pithoragarh,2020-06-04,2020,06,3.58710999,NRSC VIC MODEL
Uttarakhand,Pithoragarh,2020-06-17,2020,06,1.901973908,NRSC VIC MODEL
Uttarakhand,Pithoragarh,2020-06-21,2020,06,0.777483827,NRSC VIC MODEL
Uttarakhand,Pithoragarh,2020-06-26,2020,06,2.080955498,NRSC VIC MODEL
Uttarakhand,Pithoragarh,2020-07-07,2020,07,19.14645462,NRSC VIC MODEL
Uttarakhand,Pithoragarh,2020-07-11,2020,07,2.292505046,NRSC VIC MODEL
Uttarakhand,Pithoragarh,2020-07-18,2020,07,9.783940407,NRSC VIC MODEL
Uttarakhand,Pithoragarh,2020-07-21,2020,07,1.370923055,NRSC VIC MODEL
Uttarakhand,Pithoragarh,2020-08-05,2020,08,2.28360139,NRSC VIC MODEL
Uttarakhand,Pithoragarh,2020-08-10,2020,08,5.186089994,NRSC VIC MODEL
Uttarakhand,Pithoragarh,2020-08-11,2020,08,5.210260227,NRSC VIC MODEL
Uttarakhand,Pithoragarh,2020-08-23,2020,08,1.854453273,NRSC VIC MODEL
Uttarakhand,Pithoragarh,2020-08-27,2020,08,0.691530859,NRSC VIC MODEL
Uttarakhand,Pithoragarh,2020-08-29,2020,08,2.047342441,NRSC VIC MODEL
Uttarakhand,Pithoragarh,2020-08-31,2020,08,0.17724222,NRSC VIC MODEL
Uttarakhand,Pithoragarh,2020-09-05,2020,09,5.829527814,NRSC VIC MODEL
Uttarakhand,Pithoragarh,2020-09-07,2020,09,0.276988284,NRSC VIC MODEL
Uttarakhand,Pithoragarh,2020-09-08,2020,09,0.52196255,NRSC VIC MODEL
Uttarakhand,Pithoragarh,2020-09-09,2020,09,0.876808897,NRSC VIC MODEL
Uttarakhand,Pithoragarh,2020-09-11,2020,09,0.40149545,NRSC VIC MODEL
Uttarakhand,Pithoragarh,2020-09-16,2020,09,1.169828194,NRSC VIC MODEL
Uttarakhand,Pithoragarh,2020-09-17,2020,09,0.525408055,NRSC VIC MODEL
Uttarakhand,Pithoragarh,2020-09-23,2020,09,0.713714295,NRSC VIC MODEL
Uttarakhand,Pithoragarh,2020-10-02,2020,10,0,NRSC VIC MODEL
Uttarakhand,Pithoragarh,2020-10-03,2020,10,0,NRSC VIC MODEL
Uttarakhand,Pithoragarh,2020-10-04,2020,10,0,NRSC VIC MODEL
Uttarakhand,Pithoragarh,2020-10-09,2020,10,0,NRSC VIC MODEL
Uttarakhand,Pithoragarh,2020-10-19,2020,10,0,NRSC VIC MODEL
Uttarakhand,Pithoragarh,2020-10-20,2020,10,0,NRSC VIC MODEL
Uttarakhand,Pithoragarh,2020-10-26,2020,10,0,NRSC VIC MODEL
Uttarakhand,Pithoragarh,2020-10-30,2020,10,0,NRSC VIC MODEL
Uttarakhand,Pithoragarh,2020-11-03,2020,11,0.132406345,NRSC VIC MODEL
Uttarakhand,Pithoragarh,2020-11-05,2020,11,0,NRSC VIC MODEL
Uttarakhand,Pithoragarh,2020-11-07,2020,11,0,NRSC VIC MODEL
Uttarakhand,Pithoragarh,2020-11-14,2020,11,0,NRSC VIC MODEL
Uttarakhand,Pithoragarh,2020-11-15,2020,11,0,NRSC VIC MODEL
Uttarakhand,Pithoragarh,2020-11-18,2020,11,0,NRSC VIC MODEL
Uttarakhand,Pithoragarh,2020-11-21,2020,11,0,NRSC VIC MODEL
Uttarakhand,Pithoragarh,2020-11-23,2020,11,0,NRSC VIC MODEL
Uttarakhand,Pithoragarh,2020-11-24,2020,11,0.263926387,NRSC VIC MODEL
Uttarakhand,Pithoragarh,2020-11-25,2020,11,0,NRSC VIC MODEL
Uttarakhand,Pithoragarh,2020-12-13,2020,12,2.846625639,NRSC VIC MODEL
Uttarakhand,Pithoragarh,2020-12-15,2020,12,0,NRSC VIC MODEL
Uttarakhand,Pithoragarh,2020-12-17,2020,12,0,NRSC VIC MODEL
Uttarakhand,Pithoragarh,2020-12-19,2020,12,0,NRSC VIC MODEL
Uttarakhand,Pithoragarh,2020-12-21,2020,12,0,NRSC VIC MODEL
Uttarakhand,Pithoragarh,2020-12-23,2020,12,0,NRSC VIC MODEL
Uttarakhand,Pithoragarh,2020-12-26,2020,12,0,NRSC VIC MODEL
Uttarakhand,Pauri Garhwal,2020-05-22,2020,05,0,NRSC VIC MODEL
Uttarakhand,Pauri Garhwal,2020-06-07,2020,06,0.016730638,NRSC VIC MODEL
Uttarakhand,Pauri Garhwal,2020-06-09,2020,06,0.025349451,NRSC VIC MODEL
Uttarakhand,Pauri Garhwal,2020-06-10,2020,06,0.346780492,NRSC VIC MODEL
Uttarakhand,Pauri Garhwal,2020-06-20,2020,06,0.81896979,NRSC VIC MODEL
Uttarakhand,Pauri Garhwal,2020-06-24,2020,06,6.206397397,NRSC VIC MODEL
Uttarakhand,Pauri Garhwal,2020-06-26,2020,06,0,NRSC VIC MODEL
Uttarakhand,Pauri Garhwal,2020-06-29,2020,06,10.48543546,NRSC VIC MODEL
Uttarakhand,Pauri Garhwal,2020-07-10,2020,07,39.58633167,NRSC VIC MODEL
Uttarakhand,Pauri Garhwal,2020-07-11,2020,07,5.175572103,NRSC VIC MODEL
Uttarakhand,Pauri Garhwal,2020-07-18,2020,07,18.22059742,NRSC VIC MODEL
Uttarakhand,Pauri Garhwal,2020-07-19,2020,07,6.003079588,NRSC VIC MODEL
Uttarakhand,Pauri Garhwal,2020-07-27,2020,07,17.01231076,NRSC VIC MODEL
Uttarakhand,Pauri Garhwal,2020-08-07,2020,08,0.025187215,NRSC VIC MODEL
Uttarakhand,Pauri Garhwal,2020-08-11,2020,08,13.58254522,NRSC VIC MODEL
Uttarakhand,Pauri Garhwal,2020-08-12,2020,08,15.98507495,NRSC VIC MODEL
Uttarakhand,Pauri Garhwal,2020-08-16,2020,08,0.549636941,NRSC VIC MODEL
Uttarakhand,Pauri Garhwal,2020-08-17,2020,08,0.138920062,NRSC VIC MODEL
Uttarakhand,Pauri Garhwal,2020-08-21,2020,08,5.330295014,NRSC VIC MODEL
Uttarakhand,Pauri Garhwal,2020-08-27,2020,08,3.299018139,NRSC VIC MODEL
Uttarakhand,Pauri Garhwal,2020-08-31,2020,08,0,NRSC VIC MODEL
Uttarakhand,Pauri Garhwal,2020-09-02,2020,09,5.850268027,NRSC VIC MODEL
Uttarakhand,Pauri Garhwal,2020-09-05,2020,09,21.94774244,NRSC VIC MODEL
Uttarakhand,Pauri Garhwal,2020-09-08,2020,09,0.173892165,NRSC VIC MODEL
Uttarakhand,Pauri Garhwal,2020-09-19,2020,09,0,NRSC VIC MODEL
Uttarakhand,Pauri Garhwal,2020-09-21,2020,09,0.588355693,NRSC VIC MODEL
Uttarakhand,Pauri Garhwal,2020-09-26,2020,09,0,NRSC VIC MODEL
Uttarakhand,Pauri Garhwal,2020-10-01,2020,10,0,NRSC VIC MODEL
Uttarakhand,Pauri Garhwal,2020-10-04,2020,10,0,NRSC VIC MODEL
Uttarakhand,Pauri Garhwal,2020-10-05,2020,10,0,NRSC VIC MODEL
Uttarakhand,Pauri Garhwal,2020-10-08,2020,10,0,NRSC VIC MODEL
Uttarakhand,Pauri Garhwal,2020-10-13,2020,10,0,NRSC VIC MODEL
Uttarakhand,Pauri Garhwal,2020-10-14,2020,10,0,NRSC VIC MODEL
Uttarakhand,Pauri Garhwal,2020-10-16,2020,10,0,NRSC VIC MODEL
Uttarakhand,Pauri Garhwal,2020-10-17,2020,10,0,NRSC VIC MODEL
Uttarakhand,Pauri Garhwal,2020-10-19,2020,10,0,NRSC VIC MODEL
Uttarakhand,Pauri Garhwal,2020-10-22,2020,10,0,NRSC VIC MODEL
Uttarakhand,Pauri Garhwal,2020-10-24,2020,10,0,NRSC VIC MODEL
Uttarakhand,Pauri Garhwal,2020-11-01,2020,11,0,NRSC VIC MODEL
Uttarakhand,Pauri Garhwal,2020-11-05,2020,11,0,NRSC VIC MODEL
Uttarakhand,Pauri Garhwal,2020-11-09,2020,11,0,NRSC VIC MODEL
Uttarakhand,Pauri Garhwal,2020-11-10,2020,11,0,NRSC VIC MODEL
Uttarakhand,Pauri Garhwal,2020-11-13,2020,11,0,NRSC VIC MODEL
Uttarakhand,Pauri Garhwal,2020-11-14,2020,11,0,NRSC VIC MODEL
Uttarakhand,Pauri Garhwal,2020-11-25,2020,11,0,NRSC VIC MODEL
Uttarakhand,Pauri Garhwal,2020-11-28,2020,11,0,NRSC VIC MODEL
Uttarakhand,Pauri Garhwal,2020-12-01,2020,12,0,NRSC VIC MODEL
Uttarakhand,Pauri Garhwal,2020-12-02,2020,12,0,NRSC VIC MODEL
Uttarakhand,Pauri Garhwal,2020-12-05,2020,12,0,NRSC VIC MODEL
Uttarakhand,Pauri Garhwal,2020-12-09,2020,12,0,NRSC VIC MODEL
Uttarakhand,Pauri Garhwal,2020-12-20,2020,12,0,NRSC VIC MODEL
Uttarakhand,Pauri Garhwal,2020-12-27,2020,12,0,NRSC VIC MODEL
Uttarakhand,Pauri Garhwal,2020-12-30,2020,12,0,NRSC VIC MODEL
Uttarakhand,Pauri Garhwal,2020-12-31,2020,12,0,NRSC VIC MODEL
Uttarakhand,Pithoragarh,2020-01-05,2020,01,0,NRSC VIC MODEL
Uttarakhand,Pithoragarh,2020-01-06,2020,01,3.86888062,NRSC VIC MODEL
Uttarakhand,Pithoragarh,2020-01-08,2020,01,7.81915713,NRSC VIC MODEL
Uttarakhand,Pithoragarh,2020-01-20,2020,01,0,NRSC VIC MODEL
Uttarakhand,Pithoragarh,2020-02-03,2020,02,0.027327689,NRSC VIC MODEL
Uttarakhand,Pithoragarh,2020-02-06,2020,02,1.207846918,NRSC VIC MODEL
Uttarakhand,Pithoragarh,2020-02-07,2020,02,1.462511435,NRSC VIC MODEL
Uttarakhand,Pithoragarh,2020-02-10,2020,02,0,NRSC VIC MODEL
Uttarakhand,Pithoragarh,2020-02-16,2020,02,0.245472812,NRSC VIC MODEL
Uttarakhand,Pithoragarh,2020-02-21,2020,02,17.98952952,NRSC VIC MODEL
Uttarakhand,Pithoragarh,2020-02-25,2020,02,8.761966089,NRSC VIC MODEL
Uttarakhand,Pithoragarh,2020-03-02,2020,03,0.086414584,NRSC VIC MODEL
Uttarakhand,Nainital,2020-11-07,2020,11,0,NRSC VIC MODEL
Uttarakhand,Nainital,2020-11-09,2020,11,0,NRSC VIC MODEL
Uttarakhand,Nainital,2020-11-20,2020,11,0,NRSC VIC MODEL
Uttarakhand,Nainital,2020-11-21,2020,11,0,NRSC VIC MODEL
Uttarakhand,Nainital,2020-11-25,2020,11,0,NRSC VIC MODEL
Uttarakhand,Nainital,2020-12-04,2020,12,0,NRSC VIC MODEL
Uttarakhand,Nainital,2020-12-09,2020,12,0,NRSC VIC MODEL
Uttarakhand,Nainital,2020-12-12,2020,12,0,NRSC VIC MODEL
Uttarakhand,Nainital,2020-12-20,2020,12,0,NRSC VIC MODEL
Uttarakhand,Nainital,2020-12-21,2020,12,0,NRSC VIC MODEL
Uttarakhand,Nainital,2020-12-23,2020,12,0,NRSC VIC MODEL
Uttarakhand,Nainital,2020-12-31,2020,12,0,NRSC VIC MODEL
Uttarakhand,Pauri Garhwal,2020-01-03,2020,01,0.103628557,NRSC VIC MODEL
Uttarakhand,Pauri Garhwal,2020-01-08,2020,01,9.120144436,NRSC VIC MODEL
Uttarakhand,Pauri Garhwal,2020-01-15,2020,01,0,NRSC VIC MODEL
Uttarakhand,Pauri Garhwal,2020-01-16,2020,01,35.80633811,NRSC VIC MODEL
Uttarakhand,Pauri Garhwal,2020-01-19,2020,01,0.032766701,NRSC VIC MODEL
Uttarakhand,Pauri Garhwal,2020-01-20,2020,01,0,NRSC VIC MODEL
Uttarakhand,Pauri Garhwal,2020-01-30,2020,01,0,NRSC VIC MODEL
Uttarakhand,Pauri Garhwal,2020-02-13,2020,02,0,NRSC VIC MODEL
Uttarakhand,Pauri Garhwal,2020-02-15,2020,02,0,NRSC VIC MODEL
Uttarakhand,Pauri Garhwal,2020-02-19,2020,02,0,NRSC VIC MODEL
Uttarakhand,Pauri Garhwal,2020-02-25,2020,02,6.960964371,NRSC VIC MODEL
Uttarakhand,Pauri Garhwal,2020-02-28,2020,02,0,NRSC VIC MODEL
Uttarakhand,Pauri Garhwal,2020-03-03,2020,03,0,NRSC VIC MODEL
Uttarakhand,Pauri Garhwal,2020-03-05,2020,03,9.555146089,NRSC VIC MODEL
Uttarakhand,Pauri Garhwal,2020-03-11,2020,03,2.547386631,NRSC VIC MODEL
Uttarakhand,Pauri Garhwal,2020-03-15,2020,03,0.587600279,NRSC VIC MODEL
Uttarakhand,Pauri Garhwal,2020-03-23,2020,03,0,NRSC VIC MODEL
Uttarakhand,Pauri Garhwal,2020-03-27,2020,03,6.486833305,NRSC VIC MODEL
Uttarakhand,Pauri Garhwal,2020-04-04,2020,04,0,NRSC VIC MODEL
Uttarakhand,Pauri Garhwal,2020-04-13,2020,04,0.041684638,NRSC VIC MODEL
Uttarakhand,Pauri Garhwal,2020-04-15,2020,04,2.566059037,NRSC VIC MODEL
Uttarakhand,Pauri Garhwal,2020-04-16,2020,04,0.046800157,NRSC VIC MODEL
Uttarakhand,Pauri Garhwal,2020-04-17,2020,04,5.947042091,NRSC VIC MODEL
Uttarakhand,Pauri Garhwal,2020-04-18,2020,04,15.77724494,NRSC VIC MODEL
Uttarakhand,Pauri Garhwal,2020-04-27,2020,04,5.085540992,NRSC VIC MODEL
Uttarakhand,Pauri Garhwal,2020-04-29,2020,04,0.015600052,NRSC VIC MODEL
Uttarakhand,Pauri Garhwal,2020-05-07,2020,05,0.173618391,NRSC VIC MODEL
Uttarakhand,Uttar Kashi,2020-01-09,2020,01,1.694008355,NRSC VIC MODEL
Uttarakhand,Uttar Kashi,2020-01-14,2020,01,2.643654927,NRSC VIC MODEL
Uttarakhand,Uttar Kashi,2020-01-18,2020,01,0.472947472,NRSC VIC MODEL
Uttarakhand,Uttar Kashi,2020-01-19,2020,01,0.066540839,NRSC VIC MODEL
Uttarakhand,Uttar Kashi,2020-01-21,2020,01,0.007698967,NRSC VIC MODEL
Uttarakhand,Uttar Kashi,2020-01-26,2020,01,0,NRSC VIC MODEL
Uttarakhand,Uttar Kashi,2020-02-05,2020,02,0,NRSC VIC MODEL
Uttarakhand,Uttar Kashi,2020-02-07,2020,02,1.867455709,NRSC VIC MODEL
Uttarakhand,Uttar Kashi,2020-02-09,2020,02,0,NRSC VIC MODEL
Uttarakhand,Uttar Kashi,2020-02-12,2020,02,0.019902544,NRSC VIC MODEL
Uttarakhand,Uttar Kashi,2020-02-15,2020,02,0.025209889,NRSC VIC MODEL
Uttarakhand,Uttar Kashi,2020-02-17,2020,02,0.069144755,NRSC VIC MODEL
Uttarakhand,Uttar Kashi,2020-03-01,2020,03,0.257203894,NRSC VIC MODEL
Uttarakhand,Uttar Kashi,2020-03-03,2020,03,0.096679925,NRSC VIC MODEL
Uttarakhand,Uttar Kashi,2020-03-08,2020,03,0,NRSC VIC MODEL
Uttarakhand,Uttar Kashi,2020-03-13,2020,03,27.0880093,NRSC VIC MODEL
Uttarakhand,Uttar Kashi,2020-03-14,2020,03,2.450009808,NRSC VIC MODEL
Uttarakhand,Uttar Kashi,2020-03-26,2020,03,3.522982495,NRSC VIC MODEL
Uttarakhand,Uttar Kashi,2020-03-29,2020,03,0.298916309,NRSC VIC MODEL
Uttarakhand,Uttar Kashi,2020-04-11,2020,04,3.715821561,NRSC VIC MODEL
Uttarakhand,Uttar Kashi,2020-04-17,2020,04,8.883444151,NRSC VIC MODEL
Uttarakhand,Uttar Kashi,2020-04-21,2020,04,1.911068817,NRSC VIC MODEL
Uttarakhand,Uttar Kashi,2020-04-25,2020,04,13.16982521,NRSC VIC MODEL
Uttarakhand,Uttar Kashi,2020-04-29,2020,04,6.88874816,NRSC VIC MODEL
Uttarakhand,Uttar Kashi,2020-04-30,2020,04,20.37211805,NRSC VIC MODEL
Uttarakhand,Uttar Kashi,2020-05-03,2020,05,29.76607241,NRSC VIC MODEL
Uttarakhand,Uttar Kashi,2020-05-06,2020,05,14.48826592,NRSC VIC MODEL
Uttarakhand,Uttar Kashi,2020-05-08,2020,05,1.210913903,NRSC VIC MODEL
Uttarakhand,Uttar Kashi,2020-05-14,2020,05,8.085501403,NRSC VIC MODEL
Uttarakhand,Uttar Kashi,2020-05-17,2020,05,1.218599602,NRSC VIC MODEL
Uttarakhand,Uttar Kashi,2020-05-19,2020,05,0.3914167,NRSC VIC MODEL
Uttarakhand,Uttar Kashi,2020-05-20,2020,05,0.020565962,NRSC VIC MODEL
Uttarakhand,Uttar Kashi,2020-05-21,2020,05,3.751307797,NRSC VIC MODEL
Uttarakhand,Uttar Kashi,2020-05-23,2020,05,2.897604755,NRSC VIC MODEL
Uttarakhand,Uttar Kashi,2020-05-29,2020,05,1.252888368,NRSC VIC MODEL
Uttarakhand,Uttar Kashi,2020-06-08,2020,06,0.81832627,NRSC VIC MODEL
Uttarakhand,Uttar Kashi,2020-06-09,2020,06,0.264372127,NRSC VIC MODEL
Uttarakhand,Uttar Kashi,2020-06-17,2020,06,4.596963577,NRSC VIC MODEL
Uttarakhand,Uttar Kashi,2020-06-18,2020,06,8.608444065,NRSC VIC MODEL
Uttarakhand,Uttar Kashi,2020-06-20,2020,06,11.87131689,NRSC VIC MODEL
Uttarakhand,Uttar Kashi,2020-06-26,2020,06,8.129359976,NRSC VIC MODEL
Uttarakhand,Uttar Kashi,2020-06-30,2020,06,2.603567887,NRSC VIC MODEL
Uttarakhand,Uttar Kashi,2020-07-03,2020,07,13.96515409,NRSC VIC MODEL
Uttarakhand,Uttar Kashi,2020-07-05,2020,07,7.061250144,NRSC VIC MODEL
Uttarakhand,Uttar Kashi,2020-07-07,2020,07,2.297672419,NRSC VIC MODEL
Uttarakhand,Uttar Kashi,2020-07-17,2020,07,3.876401921,NRSC VIC MODEL
Uttarakhand,Uttar Kashi,2020-07-18,2020,07,7.79949521,NRSC VIC MODEL
Uttarakhand,Uttar Kashi,2020-07-23,2020,07,7.941871376,NRSC VIC MODEL
Uttarakhand,Uttar Kashi,2020-07-28,2020,07,6.628227175,NRSC VIC MODEL
Uttarakhand,Uttar Kashi,2020-07-31,2020,07,9.453665306,NRSC VIC MODEL
Uttarakhand,Uttar Kashi,2020-08-05,2020,08,6.929067397,NRSC VIC MODEL
Uttarakhand,Uttar Kashi,2020-08-09,2020,08,19.88750105,NRSC VIC MODEL
Uttarakhand,Uttar Kashi,2020-08-10,2020,08,4.301845337,NRSC VIC MODEL
Uttarakhand,Uttar Kashi,2020-08-14,2020,08,1.215265926,NRSC VIC MODEL
Uttarakhand,Uttar Kashi,2020-08-19,2020,08,12.74836894,NRSC VIC MODEL
Uttarakhand,Uttar Kashi,2020-09-04,2020,09,2.484311843,NRSC VIC MODEL
Uttarakhand,Uttar Kashi,2020-09-12,2020,09,1.23240865,NRSC VIC MODEL
Uttarakhand,Uttar Kashi,2020-09-16,2020,09,2.845751994,NRSC VIC MODEL
Uttarakhand,Uttar Kashi,2020-09-23,2020,09,0.570665646,NRSC VIC MODEL
Uttarakhand,Uttar Kashi,2020-09-24,2020,09,1.553446637,NRSC VIC MODEL
Uttarakhand,Uttar Kashi,2020-09-26,2020,09,0.61117064,NRSC VIC MODEL
Uttarakhand,Uttar Kashi,2020-10-01,2020,10,0,NRSC VIC MODEL
Uttarakhand,Uttar Kashi,2020-10-02,2020,10,0,NRSC VIC MODEL
Uttarakhand,Uttar Kashi,2020-10-14,2020,10,0,NRSC VIC MODEL
Uttarakhand,Uttar Kashi,2020-10-15,2020,10,0,NRSC VIC MODEL
Uttarakhand,Uttar Kashi,2020-10-20,2020,10,0,NRSC VIC MODEL
Uttarakhand,Uttar Kashi,2020-10-28,2020,10,0,NRSC VIC MODEL
Uttarakhand,Uttar Kashi,2020-11-03,2020,11,0.842116444,NRSC VIC MODEL
Uttarakhand,Uttar Kashi,2020-11-04,2020,11,0.10555646,NRSC VIC MODEL
Uttarakhand,Uttar Kashi,2020-11-11,2020,11,0,NRSC VIC MODEL
Uttarakhand,Uttar Kashi,2020-11-14,2020,11,0,NRSC VIC MODEL
Uttarakhand,Uttar Kashi,2020-11-21,2020,11,0,NRSC VIC MODEL
Uttarakhand,Uttar Kashi,2020-11-25,2020,11,1.07623007,NRSC VIC MODEL
Uttarakhand,Uttar Kashi,2020-12-01,2020,12,0,NRSC VIC MODEL
Uttarakhand,Uttar Kashi,2020-12-03,2020,12,0,NRSC VIC MODEL
Uttarakhand,Uttar Kashi,2020-12-23,2020,12,0,NRSC VIC MODEL
Uttarakhand,Uttar Kashi,2020-12-25,2020,12,0,NRSC VIC MODEL
Uttarakhand,Uttar Kashi,2020-12-28,2020,12,2.298292715,NRSC VIC MODEL
Uttarakhand,Uttar Kashi,2020-12-30,2020,12,0,NRSC VIC MODEL
Uttarakhand,Tehri Garhwal,2020-02-10,2020,02,0,NRSC VIC MODEL
Uttarakhand,Tehri Garhwal,2020-02-15,2020,02,0,NRSC VIC MODEL
Uttarakhand,Tehri Garhwal,2020-02-23,2020,02,25.07540466,NRSC VIC MODEL
Uttarakhand,Tehri Garhwal,2020-02-24,2020,02,2.132332653,NRSC VIC MODEL
Uttarakhand,Tehri Garhwal,2020-03-09,2020,03,0,NRSC VIC MODEL
Uttarakhand,Tehri Garhwal,2020-03-13,2020,03,36.57023575,NRSC VIC MODEL
Uttarakhand,Tehri Garhwal,2020-03-15,2020,03,3.632112377,NRSC VIC MODEL
Uttarakhand,Tehri Garhwal,2020-04-07,2020,04,0.445415877,NRSC VIC MODEL
Uttarakhand,Tehri Garhwal,2020-04-11,2020,04,0.754343885,NRSC VIC MODEL
Uttarakhand,Tehri Garhwal,2020-04-15,2020,04,14.15628664,NRSC VIC MODEL
Uttarakhand,Tehri Garhwal,2020-04-23,2020,04,5.406236735,NRSC VIC MODEL
Uttarakhand,Tehri Garhwal,2020-04-27,2020,04,7.19259944,NRSC VIC MODEL
Uttarakhand,Tehri Garhwal,2020-04-28,2020,04,0.779079374,NRSC VIC MODEL
Uttarakhand,Tehri Garhwal,2020-05-04,2020,05,9.644702309,NRSC VIC MODEL
Uttarakhand,Tehri Garhwal,2020-05-07,2020,05,1.007834976,NRSC VIC MODEL
Uttarakhand,Tehri Garhwal,2020-05-11,2020,05,3.896833871,NRSC VIC MODEL
Uttarakhand,Tehri Garhwal,2020-05-12,2020,05,2.023719882,NRSC VIC MODEL
Uttarakhand,Tehri Garhwal,2020-05-20,2020,05,0,NRSC VIC MODEL
Uttarakhand,Tehri Garhwal,2020-05-21,2020,05,1.086686158,NRSC VIC MODEL
Uttarakhand,Tehri Garhwal,2020-05-22,2020,05,0.905065556,NRSC VIC MODEL
Uttarakhand,Tehri Garhwal,2020-05-26,2020,05,22.4014724,NRSC VIC MODEL
Uttarakhand,Tehri Garhwal,2020-05-27,2020,05,14.05877487,NRSC VIC MODEL
Uttarakhand,Tehri Garhwal,2020-05-28,2020,05,0.677719714,NRSC VIC MODEL
Uttarakhand,Tehri Garhwal,2020-06-01,2020,06,1.479838779,NRSC VIC MODEL
Uttarakhand,Tehri Garhwal,2020-06-03,2020,06,2.107828718,NRSC VIC MODEL
Uttarakhand,Tehri Garhwal,2020-06-04,2020,06,1.753141417,NRSC VIC MODEL
Uttarakhand,Tehri Garhwal,2020-06-12,2020,06,2.307823866,NRSC VIC MODEL
Uttarakhand,Tehri Garhwal,2020-06-20,2020,06,4.094847182,NRSC VIC MODEL
Uttarakhand,Tehri Garhwal,2020-06-23,2020,06,1.91003334,NRSC VIC MODEL
Uttarakhand,Tehri Garhwal,2020-06-24,2020,06,2.628704182,NRSC VIC MODEL
Uttarakhand,Tehri Garhwal,2020-06-29,2020,06,9.095876832,NRSC VIC MODEL
Uttarakhand,Tehri Garhwal,2020-06-30,2020,06,2.071106869,NRSC VIC MODEL
Uttarakhand,Tehri Garhwal,2020-07-02,2020,07,7.617127722,NRSC VIC MODEL
Uttarakhand,Tehri Garhwal,2020-07-07,2020,07,3.311599824,NRSC VIC MODEL
Uttarakhand,Tehri Garhwal,2020-07-15,2020,07,2.582672472,NRSC VIC MODEL
Uttarakhand,Tehri Garhwal,2020-07-19,2020,07,4.355284914,NRSC VIC MODEL
Uttarakhand,Tehri Garhwal,2020-07-20,2020,07,9.929834667,NRSC VIC MODEL
Uttarakhand,Tehri Garhwal,2020-07-21,2020,07,6.034260726,NRSC VIC MODEL
Uttarakhand,Tehri Garhwal,2020-08-09,2020,08,32.60973796,NRSC VIC MODEL
Uttarakhand,Tehri Garhwal,2020-08-14,2020,08,0.76750845,NRSC VIC MODEL
Uttarakhand,Tehri Garhwal,2020-08-18,2020,08,15.79060645,NRSC VIC MODEL
Uttarakhand,Tehri Garhwal,2020-08-21,2020,08,1.743586381,NRSC VIC MODEL
Uttarakhand,Tehri Garhwal,2020-08-22,2020,08,2.159649296,NRSC VIC MODEL
Uttarakhand,Tehri Garhwal,2020-09-02,2020,09,11.25406869,NRSC VIC MODEL
Uttarakhand,Tehri Garhwal,2020-09-06,2020,09,20.60155694,NRSC VIC MODEL
Uttarakhand,Tehri Garhwal,2020-09-07,2020,09,0.177282357,NRSC VIC MODEL
Uttarakhand,Tehri Garhwal,2020-09-09,2020,09,0.070235986,NRSC VIC MODEL
Uttarakhand,Tehri Garhwal,2020-09-16,2020,09,5.262475325,NRSC VIC MODEL
Uttarakhand,Tehri Garhwal,2020-09-22,2020,09,2.76645198,NRSC VIC MODEL
Uttarakhand,Tehri Garhwal,2020-09-25,2020,09,0.258455896,NRSC VIC MODEL
Uttarakhand,Tehri Garhwal,2020-09-29,2020,09,0.493122953,NRSC VIC MODEL
Uttarakhand,Tehri Garhwal,2020-09-30,2020,09,0.096994173,NRSC VIC MODEL
Uttarakhand,Tehri Garhwal,2020-10-02,2020,10,0,NRSC VIC MODEL
Uttarakhand,Tehri Garhwal,2020-10-04,2020,10,0,NRSC VIC MODEL
Uttarakhand,Tehri Garhwal,2020-10-13,2020,10,0,NRSC VIC MODEL
Uttarakhand,Tehri Garhwal,2020-10-23,2020,10,0,NRSC VIC MODEL
Uttarakhand,Tehri Garhwal,2020-10-26,2020,10,0,NRSC VIC MODEL
Uttarakhand,Tehri Garhwal,2020-10-29,2020,10,0,NRSC VIC MODEL
Uttarakhand,Tehri Garhwal,2020-11-06,2020,11,0,NRSC VIC MODEL
Uttarakhand,Tehri Garhwal,2020-11-09,2020,11,0,NRSC VIC MODEL
Uttarakhand,Tehri Garhwal,2020-11-25,2020,11,0,NRSC VIC MODEL
Uttarakhand,Tehri Garhwal,2020-12-03,2020,12,0,NRSC VIC MODEL
Uttarakhand,Tehri Garhwal,2020-12-05,2020,12,0,NRSC VIC MODEL
Uttarakhand,Tehri Garhwal,2020-12-11,2020,12,0,NRSC VIC MODEL
Uttarakhand,Tehri Garhwal,2020-12-18,2020,12,0,NRSC VIC MODEL
Uttarakhand,Tehri Garhwal,2020-12-19,2020,12,0,NRSC VIC MODEL
Uttarakhand,Tehri Garhwal,2020-12-22,2020,12,0,NRSC VIC MODEL
Uttarakhand,Tehri Garhwal,2020-12-24,2020,12,0,NRSC VIC MODEL
Uttarakhand,Tehri Garhwal,2020-12-29,2020,12,0.169184753,NRSC VIC MODEL
Uttarakhand,Tehri Garhwal,2020-12-31,2020,12,0,NRSC VIC MODEL
Uttarakhand,Udam Singh Nagar,2020-01-02,2020,01,1.321323637,NRSC VIC MODEL
Uttarakhand,Udam Singh Nagar,2020-01-05,2020,01,0,NRSC VIC MODEL
Uttarakhand,Udam Singh Nagar,2020-01-10,2020,01,0,NRSC VIC MODEL
Uttarakhand,Udam Singh Nagar,2020-01-11,2020,01,0,NRSC VIC MODEL
Uttarakhand,Udam Singh Nagar,2020-01-16,2020,01,26.10735101,NRSC VIC MODEL
Uttarakhand,Udam Singh Nagar,2020-01-20,2020,01,0,NRSC VIC MODEL
Uttarakhand,Udam Singh Nagar,2020-01-23,2020,01,0,NRSC VIC MODEL
Uttarakhand,Udam Singh Nagar,2020-01-30,2020,01,0,NRSC VIC MODEL
Uttarakhand,Udam Singh Nagar,2020-02-07,2020,02,0.134803164,NRSC VIC MODEL
Uttarakhand,Udam Singh Nagar,2020-02-17,2020,02,0,NRSC VIC MODEL
Uttarakhand,Udam Singh Nagar,2020-02-19,2020,02,0,NRSC VIC MODEL
Uttarakhand,Udam Singh Nagar,2020-02-20,2020,02,3.794082547,NRSC VIC MODEL
Uttarakhand,Udam Singh Nagar,2020-02-25,2020,02,2.499759963,NRSC VIC MODEL
Uttarakhand,Udam Singh Nagar,2020-03-04,2020,03,4.841333364,NRSC VIC MODEL
Uttarakhand,Udam Singh Nagar,2020-03-13,2020,03,10.61780052,NRSC VIC MODEL
Uttarakhand,Udam Singh Nagar,2020-03-16,2020,03,0.516516411,NRSC VIC MODEL
Uttarakhand,Udam Singh Nagar,2020-03-19,2020,03,0,NRSC VIC MODEL
Uttarakhand,Udam Singh Nagar,2020-03-30,2020,03,0,NRSC VIC MODEL
Uttarakhand,Udam Singh Nagar,2020-04-12,2020,04,0.444436129,NRSC VIC MODEL
Uttarakhand,Udam Singh Nagar,2020-04-22,2020,04,0.043846396,NRSC VIC MODEL
Uttarakhand,Udam Singh Nagar,2020-04-26,2020,04,33.18303167,NRSC VIC MODEL
Uttarakhand,Udam Singh Nagar,2020-04-29,2020,04,0.615900903,NRSC VIC MODEL
Uttarakhand,Udam Singh Nagar,2020-05-12,2020,05,0.0081852,NRSC VIC MODEL
Uttarakhand,Udam Singh Nagar,2020-05-26,2020,05,0,NRSC VIC MODEL
Uttarakhand,Udam Singh Nagar,2020-05-31,2020,05,30.46814243,NRSC VIC MODEL
Uttarakhand,Udam Singh Nagar,2020-06-04,2020,06,5.383820101,NRSC VIC MODEL
Uttarakhand,Udam Singh Nagar,2020-06-06,2020,06,0,NRSC VIC MODEL
Uttarakhand,Udam Singh Nagar,2020-06-11,2020,06,0.233187242,NRSC VIC MODEL
Uttarakhand,Udam Singh Nagar,2020-06-12,2020,06,0.15344723,NRSC VIC MODEL
Uttarakhand,Udam Singh Nagar,2020-06-15,2020,06,3.949106185,NRSC VIC MODEL
Uttarakhand,Udam Singh Nagar,2020-06-27,2020,06,0.109570518,NRSC VIC MODEL
Uttarakhand,Udam Singh Nagar,2020-06-28,2020,06,4.758480955,NRSC VIC MODEL
Uttarakhand,Udam Singh Nagar,2020-06-29,2020,06,10.17467807,NRSC VIC MODEL
Uttarakhand,Udam Singh Nagar,2020-07-02,2020,07,41.68156274,NRSC VIC MODEL
Uttarakhand,Udam Singh Nagar,2020-07-07,2020,07,80.64066747,NRSC VIC MODEL
Uttarakhand,Udam Singh Nagar,2020-07-12,2020,07,4.778044593,NRSC VIC MODEL
Uttarakhand,Udam Singh Nagar,2020-07-16,2020,07,0.009690872,NRSC VIC MODEL
Uttarakhand,Udam Singh Nagar,2020-07-22,2020,07,1.738698082,NRSC VIC MODEL
Uttarakhand,Udam Singh Nagar,2020-07-28,2020,07,48.94188533,NRSC VIC MODEL
Uttarakhand,Udam Singh Nagar,2020-08-03,2020,08,9.828454229,NRSC VIC MODEL
Uttarakhand,Udam Singh Nagar,2020-08-06,2020,08,9.673521537,NRSC VIC MODEL
Uttarakhand,Udam Singh Nagar,2020-08-14,2020,08,8.10110427,NRSC VIC MODEL
Uttarakhand,Udam Singh Nagar,2020-08-20,2020,08,6.256372485,NRSC VIC MODEL
Uttarakhand,Udam Singh Nagar,2020-08-28,2020,08,29.2524887,NRSC VIC MODEL
Uttarakhand,Udam Singh Nagar,2020-08-30,2020,08,0,NRSC VIC MODEL
Uttarakhand,Udam Singh Nagar,2020-08-31,2020,08,0,NRSC VIC MODEL
Uttarakhand,Udam Singh Nagar,2020-09-14,2020,09,0.591992036,NRSC VIC MODEL
Uttarakhand,Udam Singh Nagar,2020-09-17,2020,09,0,NRSC VIC MODEL
Uttarakhand,Udam Singh Nagar,2020-09-26,2020,09,0,NRSC VIC MODEL
Uttarakhand,Udam Singh Nagar,2020-10-02,2020,10,0,NRSC VIC MODEL
Uttarakhand,Udam Singh Nagar,2020-10-08,2020,10,0,NRSC VIC MODEL
Uttarakhand,Udam Singh Nagar,2020-10-10,2020,10,0,NRSC VIC MODEL
Uttarakhand,Udam Singh Nagar,2020-10-11,2020,10,0,NRSC VIC MODEL
Uttarakhand,Udam Singh Nagar,2020-10-12,2020,10,0,NRSC VIC MODEL
Uttarakhand,Udam Singh Nagar,2020-10-19,2020,10,0,NRSC VIC MODEL
Uttarakhand,Udam Singh Nagar,2020-11-17,2020,11,0,NRSC VIC MODEL
Uttarakhand,Udam Singh Nagar,2020-11-29,2020,11,0,NRSC VIC MODEL
Uttarakhand,Udam Singh Nagar,2020-12-02,2020,12,0,NRSC VIC MODEL
Uttarakhand,Udam Singh Nagar,2020-12-05,2020,12,0,NRSC VIC MODEL
Uttarakhand,Udam Singh Nagar,2020-12-06,2020,12,0,NRSC VIC MODEL
Uttarakhand,Udam Singh Nagar,2020-12-13,2020,12,5.348189219,NRSC VIC MODEL
Uttarakhand,Udam Singh Nagar,2020-12-16,2020,12,0,NRSC VIC MODEL
Uttarakhand,Udam Singh Nagar,2020-12-19,2020,12,0,NRSC VIC MODEL
Uttarakhand,Udam Singh Nagar,2020-12-30,2020,12,0,NRSC VIC MODEL
Uttarakhand,Udam Singh Nagar,2020-02-15,2020,02,0.040420739,NRSC VIC MODEL
Uttarakhand,Udam Singh Nagar,2020-02-28,2020,02,0,NRSC VIC MODEL
Uttarakhand,Uttar Kashi,2020-01-01,2020,01,0,NRSC VIC MODEL
Uttarakhand,Uttar Kashi,2020-01-06,2020,01,8.217319269,NRSC VIC MODEL
Uttarakhand,Tehri Garhwal,2020-06-05,2020,06,2.831995578,NRSC VIC MODEL
Uttarakhand,Tehri Garhwal,2020-06-06,2020,06,1.300050184,NRSC VIC MODEL
Uttarakhand,Tehri Garhwal,2020-06-10,2020,06,5.16843688,NRSC VIC MODEL
Uttarakhand,Tehri Garhwal,2020-06-14,2020,06,0.979340128,NRSC VIC MODEL
Uttarakhand,Tehri Garhwal,2020-06-16,2020,06,2.700438463,NRSC VIC MODEL
Uttarakhand,Tehri Garhwal,2020-06-21,2020,06,0.916874845,NRSC VIC MODEL
Uttarakhand,Tehri Garhwal,2020-06-27,2020,06,0.611862836,NRSC VIC MODEL
Uttarakhand,Tehri Garhwal,2020-06-28,2020,06,7.565763443,NRSC VIC MODEL
Uttarakhand,Tehri Garhwal,2020-07-03,2020,07,12.83124898,NRSC VIC MODEL
Uttarakhand,Tehri Garhwal,2020-07-08,2020,07,4.055523748,NRSC VIC MODEL
Uttarakhand,Tehri Garhwal,2020-07-10,2020,07,27.56967773,NRSC VIC MODEL
Uttarakhand,Tehri Garhwal,2020-07-12,2020,07,10.01593896,NRSC VIC MODEL
Uttarakhand,Tehri Garhwal,2020-07-16,2020,07,2.945069182,NRSC VIC MODEL
Uttarakhand,Tehri Garhwal,2020-07-24,2020,07,6.637760352,NRSC VIC MODEL
Uttarakhand,Tehri Garhwal,2020-07-25,2020,07,3.772747799,NRSC VIC MODEL
Uttarakhand,Tehri Garhwal,2020-07-30,2020,07,18.13075262,NRSC VIC MODEL
Uttarakhand,Tehri Garhwal,2020-08-02,2020,08,0.085661614,NRSC VIC MODEL
Uttarakhand,Tehri Garhwal,2020-08-07,2020,08,1.743845177,NRSC VIC MODEL
Uttarakhand,Tehri Garhwal,2020-08-10,2020,08,20.57368184,NRSC VIC MODEL
Uttarakhand,Tehri Garhwal,2020-08-11,2020,08,12.58300873,NRSC VIC MODEL
Uttarakhand,Tehri Garhwal,2020-08-13,2020,08,2.953248511,NRSC VIC MODEL
Uttarakhand,Tehri Garhwal,2020-08-25,2020,08,7.822523542,NRSC VIC MODEL
Uttarakhand,Tehri Garhwal,2020-08-26,2020,08,10.78946783,NRSC VIC MODEL
Uttarakhand,Tehri Garhwal,2020-08-28,2020,08,10.42677146,NRSC VIC MODEL
Uttarakhand,Tehri Garhwal,2020-08-30,2020,08,0.218751077,NRSC VIC MODEL
Uttarakhand,Tehri Garhwal,2020-09-04,2020,09,1.483713915,NRSC VIC MODEL
Uttarakhand,Tehri Garhwal,2020-09-26,2020,09,0.132387989,NRSC VIC MODEL
Uttarakhand,Tehri Garhwal,2020-10-06,2020,10,0,NRSC VIC MODEL
Uttarakhand,Tehri Garhwal,2020-10-09,2020,10,0,NRSC VIC MODEL
Uttarakhand,Tehri Garhwal,2020-10-10,2020,10,0,NRSC VIC MODEL
Uttarakhand,Tehri Garhwal,2020-10-11,2020,10,0,NRSC VIC MODEL
Uttarakhand,Tehri Garhwal,2020-10-14,2020,10,0,NRSC VIC MODEL
Uttarakhand,Tehri Garhwal,2020-10-17,2020,10,0,NRSC VIC MODEL
Uttarakhand,Tehri Garhwal,2020-10-18,2020,10,0,NRSC VIC MODEL
Uttarakhand,Tehri Garhwal,2020-10-24,2020,10,0,NRSC VIC MODEL
Uttarakhand,Tehri Garhwal,2020-11-01,2020,11,0,NRSC VIC MODEL
Uttarakhand,Tehri Garhwal,2020-11-03,2020,11,0.326601079,NRSC VIC MODEL
Uttarakhand,Tehri Garhwal,2020-11-07,2020,11,0,NRSC VIC MODEL
Uttarakhand,Tehri Garhwal,2020-11-11,2020,11,0,NRSC VIC MODEL
Uttarakhand,Tehri Garhwal,2020-11-18,2020,11,0,NRSC VIC MODEL
Uttarakhand,Tehri Garhwal,2020-11-21,2020,11,0,NRSC VIC MODEL
Uttarakhand,Tehri Garhwal,2020-11-30,2020,11,0,NRSC VIC MODEL
Uttarakhand,Tehri Garhwal,2020-12-02,2020,12,0,NRSC VIC MODEL
Uttarakhand,Tehri Garhwal,2020-12-10,2020,12,0,NRSC VIC MODEL
Uttarakhand,Tehri Garhwal,2020-12-13,2020,12,6.120174327,NRSC VIC MODEL
Uttarakhand,Tehri Garhwal,2020-12-17,2020,12,0,NRSC VIC MODEL
Uttarakhand,Tehri Garhwal,2020-12-23,2020,12,0,NRSC VIC MODEL
Uttarakhand,Tehri Garhwal,2020-12-28,2020,12,1.459346189,NRSC VIC MODEL
Uttarakhand,Udam Singh Nagar,2020-01-09,2020,01,2.449213829,NRSC VIC MODEL
Uttarakhand,Udam Singh Nagar,2020-01-12,2020,01,0,NRSC VIC MODEL
Uttarakhand,Udam Singh Nagar,2020-01-13,2020,01,0,NRSC VIC MODEL
Uttarakhand,Udam Singh Nagar,2020-01-18,2020,01,0.011358228,NRSC VIC MODEL
Uttarakhand,Udam Singh Nagar,2020-01-19,2020,01,0,NRSC VIC MODEL
Uttarakhand,Udam Singh Nagar,2020-02-03,2020,02,0,NRSC VIC MODEL
Uttarakhand,Udam Singh Nagar,2020-02-04,2020,02,0,NRSC VIC MODEL
Uttarakhand,Udam Singh Nagar,2020-02-14,2020,02,0,NRSC VIC MODEL
Uttarakhand,Udam Singh Nagar,2020-02-18,2020,02,0,NRSC VIC MODEL
Uttarakhand,Udam Singh Nagar,2020-02-29,2020,02,6.415963667,NRSC VIC MODEL
Uttarakhand,Udam Singh Nagar,2020-03-08,2020,03,0,NRSC VIC MODEL
Uttarakhand,Udam Singh Nagar,2020-03-09,2020,03,0,NRSC VIC MODEL
Uttarakhand,Udam Singh Nagar,2020-03-17,2020,03,0,NRSC VIC MODEL
Uttarakhand,Udam Singh Nagar,2020-03-26,2020,03,0.003496394,NRSC VIC MODEL
Uttarakhand,Udam Singh Nagar,2020-03-27,2020,03,1.773267918,NRSC VIC MODEL
Uttarakhand,Udam Singh Nagar,2020-03-28,2020,03,0,NRSC VIC MODEL
Uttarakhand,Udam Singh Nagar,2020-03-29,2020,03,0,NRSC VIC MODEL
Uttarakhand,Udam Singh Nagar,2020-04-02,2020,04,0,NRSC VIC MODEL
Uttarakhand,Udam Singh Nagar,2020-04-08,2020,04,0.09928344,NRSC VIC MODEL
Uttarakhand,Udam Singh Nagar,2020-04-16,2020,04,0,NRSC VIC MODEL
Uttarakhand,Udam Singh Nagar,2020-04-24,2020,04,0,NRSC VIC MODEL
Uttarakhand,Udam Singh Nagar,2020-04-28,2020,04,0.70654441,NRSC VIC MODEL
Uttarakhand,Udam Singh Nagar,2020-05-01,2020,05,0.760991145,NRSC VIC MODEL
Uttarakhand,Udam Singh Nagar,2020-05-02,2020,05,0.020119423,NRSC VIC MODEL
Uttarakhand,Udam Singh Nagar,2020-05-03,2020,05,6.503434146,NRSC VIC MODEL
Uttarakhand,Udam Singh Nagar,2020-05-04,2020,05,0,NRSC VIC MODEL
Uttarakhand,Udam Singh Nagar,2020-05-08,2020,05,0,NRSC VIC MODEL
Uttarakhand,Udam Singh Nagar,2020-05-10,2020,05,38.92702076,NRSC VIC MODEL
Uttarakhand,Udam Singh Nagar,2020-05-14,2020,05,2.46730211,NRSC VIC MODEL
Uttarakhand,Udam Singh Nagar,2020-05-17,2020,05,0,NRSC VIC MODEL
Uttarakhand,Udam Singh Nagar,2020-05-21,2020,05,0,NRSC VIC MODEL
Uttarakhand,Udam Singh Nagar,2020-05-22,2020,05,0,NRSC VIC MODEL
Uttarakhand,Udam Singh Nagar,2020-05-24,2020,05,0,NRSC VIC MODEL
Uttarakhand,Udam Singh Nagar,2020-05-28,2020,05,0.486271594,NRSC VIC MODEL
Uttarakhand,Udam Singh Nagar,2020-06-02,2020,06,0.091472132,NRSC VIC MODEL
Uttarakhand,Udam Singh Nagar,2020-06-09,2020,06,0.009094666,NRSC VIC MODEL
Uttarakhand,Udam Singh Nagar,2020-06-14,2020,06,1.931100798,NRSC VIC MODEL
Uttarakhand,Udam Singh Nagar,2020-06-17,2020,06,0.535534369,NRSC VIC MODEL
Uttarakhand,Udam Singh Nagar,2020-06-22,2020,06,1.661282261,NRSC VIC MODEL
Uttarakhand,Uttar Kashi,2020-07-26,2020,07,7.380039143,NRSC VIC MODEL
Uttarakhand,Uttar Kashi,2020-08-04,2020,08,3.206459068,NRSC VIC MODEL
Uttarakhand,Uttar Kashi,2020-08-08,2020,08,12.4875461,NRSC VIC MODEL
Uttarakhand,Uttar Kashi,2020-08-11,2020,08,4.811330562,NRSC VIC MODEL
Uttarakhand,Uttar Kashi,2020-08-17,2020,08,0.358016914,NRSC VIC MODEL
Uttarakhand,Uttar Kashi,2020-08-25,2020,08,10.16609677,NRSC VIC MODEL
Uttarakhand,Uttar Kashi,2020-08-28,2020,08,6.282238032,NRSC VIC MODEL
Uttarakhand,Uttar Kashi,2020-08-30,2020,08,1.033466137,NRSC VIC MODEL
Uttarakhand,Uttar Kashi,2020-09-11,2020,09,1.062198776,NRSC VIC MODEL
Uttarakhand,Uttar Kashi,2020-09-21,2020,09,2.372224032,NRSC VIC MODEL
Uttarakhand,Uttar Kashi,2020-09-22,2020,09,1.232644164,NRSC VIC MODEL
Uttarakhand,Uttar Kashi,2020-10-16,2020,10,0,NRSC VIC MODEL
Uttarakhand,Uttar Kashi,2020-10-17,2020,10,0,NRSC VIC MODEL
Uttarakhand,Uttar Kashi,2020-10-18,2020,10,0,NRSC VIC MODEL
Uttarakhand,Uttar Kashi,2020-10-23,2020,10,0,NRSC VIC MODEL
Uttarakhand,Uttar Kashi,2020-11-01,2020,11,0,NRSC VIC MODEL
Uttarakhand,Uttar Kashi,2020-11-06,2020,11,0,NRSC VIC MODEL
Uttarakhand,Uttar Kashi,2020-11-16,2020,11,7.333201823,NRSC VIC MODEL
Uttarakhand,Uttar Kashi,2020-11-18,2020,11,0,NRSC VIC MODEL
Uttarakhand,Uttar Kashi,2020-11-27,2020,11,2.150801595,NRSC VIC MODEL
Uttarakhand,Uttar Kashi,2020-11-28,2020,11,0,NRSC VIC MODEL
Uttarakhand,Uttar Kashi,2020-11-30,2020,11,0,NRSC VIC MODEL
Uttarakhand,Uttar Kashi,2020-12-02,2020,12,0,NRSC VIC MODEL
Uttarakhand,Uttar Kashi,2020-12-04,2020,12,0,NRSC VIC MODEL
Uttarakhand,Uttar Kashi,2020-12-06,2020,12,0,NRSC VIC MODEL
Uttarakhand,Uttar Kashi,2020-12-10,2020,12,0,NRSC VIC MODEL
Uttarakhand,Uttar Kashi,2020-12-13,2020,12,8.135436886,NRSC VIC MODEL
Uttarakhand,Uttar Kashi,2020-12-15,2020,12,0,NRSC VIC MODEL
Uttarakhand,Uttar Kashi,2020-12-19,2020,12,0,NRSC VIC MODEL
Uttarakhand,Uttar Kashi,2020-12-22,2020,12,0,NRSC VIC MODEL
Uttarakhand,Udam Singh Nagar,2020-07-01,2020,07,0.006952367,NRSC VIC MODEL
Uttarakhand,Udam Singh Nagar,2020-07-06,2020,07,11.24790931,NRSC VIC MODEL
Uttarakhand,Udam Singh Nagar,2020-07-10,2020,07,36.83992622,NRSC VIC MODEL
Uttarakhand,Udam Singh Nagar,2020-07-17,2020,07,1.497042694,NRSC VIC MODEL
Uttarakhand,Udam Singh Nagar,2020-07-23,2020,07,0,NRSC VIC MODEL
Uttarakhand,Udam Singh Nagar,2020-08-05,2020,08,8.178075462,NRSC VIC MODEL
Uttarakhand,Udam Singh Nagar,2020-08-07,2020,08,0.271263578,NRSC VIC MODEL
Uttarakhand,Udam Singh Nagar,2020-08-08,2020,08,51.87984652,NRSC VIC MODEL
Uttarakhand,Udam Singh Nagar,2020-08-19,2020,08,33.133011,NRSC VIC MODEL
Uttarakhand,Udam Singh Nagar,2020-08-21,2020,08,1.455085967,NRSC VIC MODEL
Uttarakhand,Udam Singh Nagar,2020-08-26,2020,08,13.72602397,NRSC VIC MODEL
Uttarakhand,Udam Singh Nagar,2020-09-09,2020,09,0,NRSC VIC MODEL
Uttarakhand,Udam Singh Nagar,2020-09-10,2020,09,0,NRSC VIC MODEL
Uttarakhand,Udam Singh Nagar,2020-09-23,2020,09,0.212370562,NRSC VIC MODEL
Uttarakhand,Udam Singh Nagar,2020-10-05,2020,10,0,NRSC VIC MODEL
Uttarakhand,Udam Singh Nagar,2020-10-22,2020,10,0,NRSC VIC MODEL
Uttarakhand,Udam Singh Nagar,2020-10-27,2020,10,0,NRSC VIC MODEL
Uttarakhand,Udam Singh Nagar,2020-10-31,2020,10,0,NRSC VIC MODEL
Uttarakhand,Udam Singh Nagar,2020-11-14,2020,11,0,NRSC VIC MODEL
Uttarakhand,Udam Singh Nagar,2020-11-26,2020,11,0,NRSC VIC MODEL
Uttarakhand,Udam Singh Nagar,2020-11-30,2020,11,0,NRSC VIC MODEL
Uttarakhand,Udam Singh Nagar,2020-12-03,2020,12,0,NRSC VIC MODEL
Uttarakhand,Udam Singh Nagar,2020-12-04,2020,12,0,NRSC VIC MODEL
Uttarakhand,Udam Singh Nagar,2020-12-12,2020,12,0,NRSC VIC MODEL
Uttarakhand,Udam Singh Nagar,2020-12-14,2020,12,0,NRSC VIC MODEL
Uttarakhand,Udam Singh Nagar,2020-12-25,2020,12,0,NRSC VIC MODEL
Uttarakhand,Udam Singh Nagar,2020-01-01,2020,01,0,NRSC VIC MODEL
Uttarakhand,Udam Singh Nagar,2020-02-01,2020,02,0,NRSC VIC MODEL
Uttarakhand,Udam Singh Nagar,2020-04-25,2020,04,0.126830173,NRSC VIC MODEL
Uttarakhand,Udam Singh Nagar,2020-10-01,2020,10,0,NRSC VIC MODEL
Uttarakhand,Udam Singh Nagar,2020-10-24,2020,10,0,NRSC VIC MODEL
Uttarakhand,Uttar Kashi,2020-01-03,2020,01,4.801488754,NRSC VIC MODEL
Uttarakhand,Uttar Kashi,2020-01-04,2020,01,0.542666083,NRSC VIC MODEL
Uttarakhand,Uttar Kashi,2020-01-05,2020,01,3.672195185,NRSC VIC MODEL
Uttarakhand,Uttar Kashi,2020-01-08,2020,01,11.50336198,NRSC VIC MODEL
Uttarakhand,Uttar Kashi,2020-01-11,2020,01,0,NRSC VIC MODEL
Uttarakhand,Uttar Kashi,2020-01-15,2020,01,0,NRSC VIC MODEL
Uttarakhand,Uttar Kashi,2020-01-27,2020,01,0,NRSC VIC MODEL
Uttarakhand,Uttar Kashi,2020-01-29,2020,01,0.749470102,NRSC VIC MODEL
Uttarakhand,Uttar Kashi,2020-01-30,2020,01,0,NRSC VIC MODEL
Uttarakhand,Uttar Kashi,2020-02-03,2020,02,0.043122179,NRSC VIC MODEL
Uttarakhand,Uttar Kashi,2020-02-06,2020,02,1.282420426,NRSC VIC MODEL
Uttarakhand,Uttar Kashi,2020-02-11,2020,02,0.11215747,NRSC VIC MODEL
Uttarakhand,Uttar Kashi,2020-02-13,2020,02,0,NRSC VIC MODEL
Uttarakhand,Uttar Kashi,2020-02-16,2020,02,0.110041166,NRSC VIC MODEL
Uttarakhand,Uttar Kashi,2020-02-18,2020,02,0.035499504,NRSC VIC MODEL
Uttarakhand,Uttar Kashi,2020-02-19,2020,02,0,NRSC VIC MODEL
Uttarakhand,Uttar Kashi,2020-02-21,2020,02,3.344433455,NRSC VIC MODEL
Uttarakhand,Uttar Kashi,2020-02-26,2020,02,0.982933578,NRSC VIC MODEL
Uttarakhand,Uttar Kashi,2020-03-04,2020,03,0.926788501,NRSC VIC MODEL
Uttarakhand,Uttar Kashi,2020-03-05,2020,03,1.820220338,NRSC VIC MODEL
Uttarakhand,Uttar Kashi,2020-03-12,2020,03,38.4588535,NRSC VIC MODEL
Uttarakhand,Uttar Kashi,2020-03-21,2020,03,1.83744599,NRSC VIC MODEL
Uttarakhand,Uttar Kashi,2020-03-27,2020,03,8.84768923,NRSC VIC MODEL
Uttarakhand,Uttar Kashi,2020-04-02,2020,04,0.077039431,NRSC VIC MODEL
Uttarakhand,Uttar Kashi,2020-04-03,2020,04,0.691513893,NRSC VIC MODEL
Uttarakhand,Uttar Kashi,2020-04-13,2020,04,8.44067557,NRSC VIC MODEL
Uttarakhand,Uttar Kashi,2020-04-14,2020,04,21.67274599,NRSC VIC MODEL
Uttarakhand,Uttar Kashi,2020-04-18,2020,04,11.06210599,NRSC VIC MODEL
Uttarakhand,Uttar Kashi,2020-04-27,2020,04,1.411106959,NRSC VIC MODEL
Uttarakhand,Uttar Kashi,2020-05-05,2020,05,7.789922087,NRSC VIC MODEL
Uttarakhand,Uttar Kashi,2020-05-11,2020,05,6.268528497,NRSC VIC MODEL
Uttarakhand,Uttar Kashi,2020-05-13,2020,05,4.788638345,NRSC VIC MODEL
Uttarakhand,Uttar Kashi,2020-05-24,2020,05,5.852532155,NRSC VIC MODEL
Uttarakhand,Uttar Kashi,2020-05-27,2020,05,12.99437102,NRSC VIC MODEL
Uttarakhand,Uttar Kashi,2020-06-01,2020,06,0.759162641,NRSC VIC MODEL
Uttarakhand,Uttar Kashi,2020-06-10,2020,06,3.90288889,NRSC VIC MODEL
Uttarakhand,Uttar Kashi,2020-06-14,2020,06,0.023883053,NRSC VIC MODEL
Uttarakhand,Uttar Kashi,2020-06-16,2020,06,3.83153827,NRSC VIC MODEL
Uttarakhand,Uttar Kashi,2020-06-22,2020,06,0.170478558,NRSC VIC MODEL
Uttarakhand,Uttar Kashi,2020-06-25,2020,06,6.040830124,NRSC VIC MODEL
Uttarakhand,Uttar Kashi,2020-06-29,2020,06,9.727872607,NRSC VIC MODEL
Uttarakhand,Uttar Kashi,2020-07-01,2020,07,4.378436961,NRSC VIC MODEL
Uttarakhand,Uttar Kashi,2020-07-02,2020,07,2.49122466,NRSC VIC MODEL
Uttarakhand,Uttar Kashi,2020-07-04,2020,07,24.52884067,NRSC VIC MODEL
Uttarakhand,Uttar Kashi,2020-07-10,2020,07,10.50398226,NRSC VIC MODEL
Uttarakhand,Uttar Kashi,2020-07-11,2020,07,16.33156658,NRSC VIC MODEL
Uttarakhand,Uttar Kashi,2020-07-13,2020,07,3.810172889,NRSC VIC MODEL
Uttarakhand,Uttar Kashi,2020-07-20,2020,07,3.772145761,NRSC VIC MODEL
Uttarakhand,Uttar Kashi,2020-07-21,2020,07,4.874756653,NRSC VIC MODEL
Uttarakhand,Rudra Prayag,2020-08-10,2020,08,5.476019163,NRSC VIC MODEL
Uttarakhand,Rudra Prayag,2020-08-13,2020,08,2.131723604,NRSC VIC MODEL
Uttarakhand,Rudra Prayag,2020-08-15,2020,08,2.503875569,NRSC VIC MODEL
Uttarakhand,Rudra Prayag,2020-08-17,2020,08,0.870638601,NRSC VIC MODEL
Uttarakhand,Rudra Prayag,2020-08-18,2020,08,21.49303395,NRSC VIC MODEL
Uttarakhand,Rudra Prayag,2020-08-19,2020,08,11.77667986,NRSC VIC MODEL
Uttarakhand,Rudra Prayag,2020-08-23,2020,08,3.60923703,NRSC VIC MODEL
Uttarakhand,Rudra Prayag,2020-08-25,2020,08,16.26728859,NRSC VIC MODEL
Uttarakhand,Rudra Prayag,2020-09-08,2020,09,0.932936047,NRSC VIC MODEL
Uttarakhand,Rudra Prayag,2020-09-11,2020,09,0.378816654,NRSC VIC MODEL
Uttarakhand,Rudra Prayag,2020-09-15,2020,09,5.779275906,NRSC VIC MODEL
Uttarakhand,Rudra Prayag,2020-09-18,2020,09,0.129399358,NRSC VIC MODEL
Uttarakhand,Rudra Prayag,2020-09-19,2020,09,0.49919593,NRSC VIC MODEL
Uttarakhand,Rudra Prayag,2020-09-20,2020,09,0.49298626,NRSC VIC MODEL
Uttarakhand,Rudra Prayag,2020-09-27,2020,09,0.238737734,NRSC VIC MODEL
Uttarakhand,Rudra Prayag,2020-10-04,2020,10,0,NRSC VIC MODEL
Uttarakhand,Rudra Prayag,2020-10-05,2020,10,0,NRSC VIC MODEL
Uttarakhand,Rudra Prayag,2020-10-06,2020,10,0,NRSC VIC MODEL
Uttarakhand,Rudra Prayag,2020-10-12,2020,10,0,NRSC VIC MODEL
Uttarakhand,Rudra Prayag,2020-10-20,2020,10,0,NRSC VIC MODEL
Uttarakhand,Rudra Prayag,2020-10-30,2020,10,0,NRSC VIC MODEL
Uttarakhand,Rudra Prayag,2020-11-09,2020,11,0,NRSC VIC MODEL
Uttarakhand,Rudra Prayag,2020-11-11,2020,11,0,NRSC VIC MODEL
Uttarakhand,Rudra Prayag,2020-11-17,2020,11,7.827597215,NRSC VIC MODEL
Uttarakhand,Rudra Prayag,2020-11-24,2020,11,0.994591114,NRSC VIC MODEL
Uttarakhand,Rudra Prayag,2020-11-25,2020,11,0,NRSC VIC MODEL
Uttarakhand,Rudra Prayag,2020-11-26,2020,11,2.035661076,NRSC VIC MODEL
Uttarakhand,Rudra Prayag,2020-11-28,2020,11,0,NRSC VIC MODEL
Uttarakhand,Rudra Prayag,2020-12-01,2020,12,0,NRSC VIC MODEL
Uttarakhand,Rudra Prayag,2020-12-03,2020,12,0,NRSC VIC MODEL
Uttarakhand,Rudra Prayag,2020-12-09,2020,12,0,NRSC VIC MODEL
Uttarakhand,Rudra Prayag,2020-12-13,2020,12,10.3414029,NRSC VIC MODEL
Uttarakhand,Rudra Prayag,2020-12-14,2020,12,0,NRSC VIC MODEL
Uttarakhand,Rudra Prayag,2020-12-19,2020,12,0,NRSC VIC MODEL
Uttarakhand,Rudra Prayag,2020-12-25,2020,12,0,NRSC VIC MODEL
Uttarakhand,Rudra Prayag,2020-12-26,2020,12,0,NRSC VIC MODEL
Uttarakhand,Rudra Prayag,2020-12-29,2020,12,0.010304841,NRSC VIC MODEL
Uttarakhand,Rudra Prayag,2020-12-31,2020,12,0,NRSC VIC MODEL
Uttarakhand,Rudra Prayag,2020-07-05,2020,07,6.256711225,NRSC VIC MODEL
Uttarakhand,Tehri Garhwal,2020-01-02,2020,01,0.978836156,NRSC VIC MODEL
Uttarakhand,Tehri Garhwal,2020-01-12,2020,01,1.187058306,NRSC VIC MODEL
Uttarakhand,Tehri Garhwal,2020-01-24,2020,01,0,NRSC VIC MODEL
Uttarakhand,Tehri Garhwal,2020-01-31,2020,01,0,NRSC VIC MODEL
Uttarakhand,Tehri Garhwal,2020-02-01,2020,02,0.887549125,NRSC VIC MODEL
Uttarakhand,Tehri Garhwal,2020-02-04,2020,02,0.113461798,NRSC VIC MODEL
Uttarakhand,Tehri Garhwal,2020-02-05,2020,02,0,NRSC VIC MODEL
Uttarakhand,Tehri Garhwal,2020-02-07,2020,02,1.286967344,NRSC VIC MODEL
Uttarakhand,Tehri Garhwal,2020-02-20,2020,02,2.232132724,NRSC VIC MODEL
Uttarakhand,Tehri Garhwal,2020-02-21,2020,02,10.54877354,NRSC VIC MODEL
Uttarakhand,Tehri Garhwal,2020-02-26,2020,02,4.741020975,NRSC VIC MODEL
Uttarakhand,Tehri Garhwal,2020-02-27,2020,02,0.002805898,NRSC VIC MODEL
Uttarakhand,Tehri Garhwal,2020-03-03,2020,03,0,NRSC VIC MODEL
Uttarakhand,Tehri Garhwal,2020-03-05,2020,03,5.268720491,NRSC VIC MODEL
Uttarakhand,Tehri Garhwal,2020-03-20,2020,03,0.893794291,NRSC VIC MODEL
Uttarakhand,Tehri Garhwal,2020-03-21,2020,03,4.827867604,NRSC VIC MODEL
Uttarakhand,Tehri Garhwal,2020-03-22,2020,03,1.726573922,NRSC VIC MODEL
Uttarakhand,Tehri Garhwal,2020-03-24,2020,03,1.303176172,NRSC VIC MODEL
Uttarakhand,Tehri Garhwal,2020-03-25,2020,03,3.463152368,NRSC VIC MODEL
Uttarakhand,Tehri Garhwal,2020-03-31,2020,03,2.140818451,NRSC VIC MODEL
Uttarakhand,Tehri Garhwal,2020-04-08,2020,04,0.749351838,NRSC VIC MODEL
Uttarakhand,Tehri Garhwal,2020-04-10,2020,04,5.987425385,NRSC VIC MODEL
Uttarakhand,Tehri Garhwal,2020-04-18,2020,04,10.55147047,NRSC VIC MODEL
Uttarakhand,Tehri Garhwal,2020-04-25,2020,04,14.84243767,NRSC VIC MODEL
Uttarakhand,Tehri Garhwal,2020-04-26,2020,04,32.39824681,NRSC VIC MODEL
Uttarakhand,Tehri Garhwal,2020-04-29,2020,04,2.156373478,NRSC VIC MODEL
Uttarakhand,Tehri Garhwal,2020-05-05,2020,05,10.4837884,NRSC VIC MODEL
Uttarakhand,Tehri Garhwal,2020-05-08,2020,05,0.960005312,NRSC VIC MODEL
Uttarakhand,Tehri Garhwal,2020-05-17,2020,05,0.013620864,NRSC VIC MODEL
Uttarakhand,Chamoli,2020-06-16,2020,06,4.271646623,NRSC VIC MODEL
Uttarakhand,Chamoli,2020-06-18,2020,06,7.914257829,NRSC VIC MODEL
Uttarakhand,Chamoli,2020-06-24,2020,06,3.840002944,NRSC VIC MODEL
Uttarakhand,Chamoli,2020-06-26,2020,06,6.121651133,NRSC VIC MODEL
Uttarakhand,Chamoli,2020-07-04,2020,07,7.50745864,NRSC VIC MODEL
Uttarakhand,Chamoli,2020-07-08,2020,07,2.884845744,NRSC VIC MODEL
Uttarakhand,Chamoli,2020-07-09,2020,07,2.245720123,NRSC VIC MODEL
Uttarakhand,Chamoli,2020-07-18,2020,07,6.175317001,NRSC VIC MODEL
Uttarakhand,Chamoli,2020-07-20,2020,07,3.082189855,NRSC VIC MODEL
Uttarakhand,Chamoli,2020-07-24,2020,07,1.80248938,NRSC VIC MODEL
Uttarakhand,Chamoli,2020-08-01,2020,08,2.643184342,NRSC VIC MODEL
Uttarakhand,Chamoli,2020-08-05,2020,08,2.109383303,NRSC VIC MODEL
Uttarakhand,Chamoli,2020-08-14,2020,08,1.461851447,NRSC VIC MODEL
Uttarakhand,Chamoli,2020-08-16,2020,08,0.402832507,NRSC VIC MODEL
Uttarakhand,Chamoli,2020-08-29,2020,08,6.136871488,NRSC VIC MODEL
Uttarakhand,Chamoli,2020-09-04,2020,09,2.423305669,NRSC VIC MODEL
Uttarakhand,Chamoli,2020-09-10,2020,09,2.430167416,NRSC VIC MODEL
Uttarakhand,Chamoli,2020-09-12,2020,09,2.669695791,NRSC VIC MODEL
Uttarakhand,Chamoli,2020-09-26,2020,09,0.520186408,NRSC VIC MODEL
Uttarakhand,Chamoli,2020-09-27,2020,09,0.701303185,NRSC VIC MODEL
Uttarakhand,Chamoli,2020-10-04,2020,10,0,NRSC VIC MODEL
Uttarakhand,Chamoli,2020-10-08,2020,10,0,NRSC VIC MODEL
Uttarakhand,Chamoli,2020-10-09,2020,10,0,NRSC VIC MODEL
Uttarakhand,Chamoli,2020-10-10,2020,10,0,NRSC VIC MODEL
Uttarakhand,Chamoli,2020-10-11,2020,10,0,NRSC VIC MODEL
Uttarakhand,Chamoli,2020-10-20,2020,10,0,NRSC VIC MODEL
Uttarakhand,Chamoli,2020-10-25,2020,10,0,NRSC VIC MODEL
Uttarakhand,Chamoli,2020-10-27,2020,10,0,NRSC VIC MODEL
Uttarakhand,Chamoli,2020-10-28,2020,10,0,NRSC VIC MODEL
Uttarakhand,Chamoli,2020-10-31,2020,10,0,NRSC VIC MODEL
Uttarakhand,Chamoli,2020-11-20,2020,11,0,NRSC VIC MODEL
Uttarakhand,Chamoli,2020-11-28,2020,11,0,NRSC VIC MODEL
Uttarakhand,Chamoli,2020-11-30,2020,11,0,NRSC VIC MODEL
Uttarakhand,Chamoli,2020-12-04,2020,12,0,NRSC VIC MODEL
Uttarakhand,Chamoli,2020-12-18,2020,12,0,NRSC VIC MODEL
Uttarakhand,Chamoli,2020-12-19,2020,12,0,NRSC VIC MODEL
Uttarakhand,Chamoli,2020-12-21,2020,12,0,NRSC VIC MODEL
Uttarakhand,Chamoli,2020-12-23,2020,12,0,NRSC VIC MODEL
Uttarakhand,Chamoli,2020-12-24,2020,12,0,NRSC VIC MODEL
Uttarakhand,Chamoli,2020-12-29,2020,12,0,NRSC VIC MODEL
Uttarakhand,Chamoli,2020-12-31,2020,12,0,NRSC VIC MODEL
Uttarakhand,Champawat,2020-01-03,2020,01,1.436263535,NRSC VIC MODEL
Uttarakhand,Champawat,2020-01-10,2020,01,0,NRSC VIC MODEL
Uttarakhand,Champawat,2020-01-13,2020,01,0.253713502,NRSC VIC MODEL
Uttarakhand,Champawat,2020-02-08,2020,02,0,NRSC VIC MODEL
Uttarakhand,Champawat,2020-02-21,2020,02,42.08019226,NRSC VIC MODEL
Uttarakhand,Champawat,2020-02-27,2020,02,0,NRSC VIC MODEL
Uttarakhand,Champawat,2020-02-28,2020,02,0,NRSC VIC MODEL
Uttarakhand,Champawat,2020-03-07,2020,03,2.312667464,NRSC VIC MODEL
Uttarakhand,Champawat,2020-03-08,2020,03,0,NRSC VIC MODEL
Uttarakhand,Champawat,2020-03-16,2020,03,0.007794858,NRSC VIC MODEL
Uttarakhand,Champawat,2020-03-20,2020,03,0.093355607,NRSC VIC MODEL
Uttarakhand,Champawat,2020-03-24,2020,03,0.421485647,NRSC VIC MODEL
Uttarakhand,Champawat,2020-03-26,2020,03,0.005358965,NRSC VIC MODEL
Uttarakhand,Champawat,2020-04-01,2020,04,0,NRSC VIC MODEL
Uttarakhand,Champawat,2020-04-05,2020,04,0,NRSC VIC MODEL
Uttarakhand,Champawat,2020-04-06,2020,04,0,NRSC VIC MODEL
Uttarakhand,Champawat,2020-04-10,2020,04,0.647688781,NRSC VIC MODEL
Uttarakhand,Champawat,2020-04-13,2020,04,1.461946984,NRSC VIC MODEL
Uttarakhand,Champawat,2020-04-15,2020,04,0.45712581,NRSC VIC MODEL
Uttarakhand,Champawat,2020-04-18,2020,04,1.400653821,NRSC VIC MODEL
Uttarakhand,Champawat,2020-04-19,2020,04,2.163225416,NRSC VIC MODEL
Uttarakhand,Champawat,2020-05-03,2020,05,8.903296261,NRSC VIC MODEL
Uttarakhand,Champawat,2020-05-31,2020,05,52.42042193,NRSC VIC MODEL
Uttarakhand,Champawat,2020-06-06,2020,06,0.149213684,NRSC VIC MODEL
Uttarakhand,Champawat,2020-06-22,2020,06,1.41835972,NRSC VIC MODEL
Uttarakhand,Champawat,2020-06-27,2020,06,0.006378995,NRSC VIC MODEL
Uttarakhand,Champawat,2020-06-30,2020,06,0.081708993,NRSC VIC MODEL
Uttarakhand,Champawat,2020-07-11,2020,07,4.847823325,NRSC VIC MODEL
Uttarakhand,Pithoragarh,2020-09-27,2020,09,0.304977008,NRSC VIC MODEL
Uttarakhand,Pithoragarh,2020-09-28,2020,09,0.774595955,NRSC VIC MODEL
Uttarakhand,Pithoragarh,2020-09-29,2020,09,0.903191195,NRSC VIC MODEL
Uttarakhand,Pithoragarh,2020-09-30,2020,09,0.400236161,NRSC VIC MODEL
Uttarakhand,Pithoragarh,2020-10-06,2020,10,0,NRSC VIC MODEL
Uttarakhand,Pithoragarh,2020-10-07,2020,10,0,NRSC VIC MODEL
Uttarakhand,Pithoragarh,2020-10-08,2020,10,0,NRSC VIC MODEL
Uttarakhand,Pithoragarh,2020-10-12,2020,10,0,NRSC VIC MODEL
Uttarakhand,Pithoragarh,2020-10-13,2020,10,0,NRSC VIC MODEL
Uttarakhand,Pithoragarh,2020-10-14,2020,10,0,NRSC VIC MODEL
Uttarakhand,Pithoragarh,2020-10-16,2020,10,0,NRSC VIC MODEL
Uttarakhand,Pithoragarh,2020-10-24,2020,10,0,NRSC VIC MODEL
Uttarakhand,Pithoragarh,2020-10-25,2020,10,0,NRSC VIC MODEL
Uttarakhand,Pithoragarh,2020-11-01,2020,11,0,NRSC VIC MODEL
Uttarakhand,Pithoragarh,2020-11-04,2020,11,0.044001272,NRSC VIC MODEL
Uttarakhand,Pithoragarh,2020-11-16,2020,11,0.15163913,NRSC VIC MODEL
Uttarakhand,Pithoragarh,2020-11-20,2020,11,0,NRSC VIC MODEL
Uttarakhand,Pithoragarh,2020-11-27,2020,11,0,NRSC VIC MODEL
Uttarakhand,Pithoragarh,2020-12-04,2020,12,0,NRSC VIC MODEL
Uttarakhand,Pithoragarh,2020-12-08,2020,12,0,NRSC VIC MODEL
Uttarakhand,Pithoragarh,2020-12-14,2020,12,0,NRSC VIC MODEL
Uttarakhand,Pithoragarh,2020-12-16,2020,12,0,NRSC VIC MODEL
Uttarakhand,Rudra Prayag,2020-01-06,2020,01,6.449692789,NRSC VIC MODEL
Uttarakhand,Rudra Prayag,2020-02-01,2020,02,0.366999544,NRSC VIC MODEL
Uttarakhand,Rudra Prayag,2020-02-08,2020,02,0,NRSC VIC MODEL
Uttarakhand,Rudra Prayag,2020-02-15,2020,02,0,NRSC VIC MODEL
Uttarakhand,Rudra Prayag,2020-02-25,2020,02,5.317311232,NRSC VIC MODEL
Uttarakhand,Rudra Prayag,2020-03-01,2020,03,0,NRSC VIC MODEL
Uttarakhand,Rudra Prayag,2020-03-05,2020,03,1.994562159,NRSC VIC MODEL
Uttarakhand,Rudra Prayag,2020-03-10,2020,03,0.444861315,NRSC VIC MODEL
Uttarakhand,Rudra Prayag,2020-03-13,2020,03,32.38274806,NRSC VIC MODEL
Uttarakhand,Rudra Prayag,2020-03-19,2020,03,3.420390786,NRSC VIC MODEL
Uttarakhand,Rudra Prayag,2020-03-24,2020,03,1.267749693,NRSC VIC MODEL
Uttarakhand,Rudra Prayag,2020-04-11,2020,04,0.688871916,NRSC VIC MODEL
Uttarakhand,Rudra Prayag,2020-04-15,2020,04,13.81034689,NRSC VIC MODEL
Uttarakhand,Rudra Prayag,2020-04-17,2020,04,7.564770243,NRSC VIC MODEL
Uttarakhand,Rudra Prayag,2020-04-19,2020,04,7.285562589,NRSC VIC MODEL
Uttarakhand,Rudra Prayag,2020-04-21,2020,04,9.076798194,NRSC VIC MODEL
Uttarakhand,Rudra Prayag,2020-04-26,2020,04,9.249210225,NRSC VIC MODEL
Uttarakhand,Rudra Prayag,2020-04-29,2020,04,3.276283609,NRSC VIC MODEL
Uttarakhand,Rudra Prayag,2020-05-06,2020,05,8.078245739,NRSC VIC MODEL
Uttarakhand,Rudra Prayag,2020-05-09,2020,05,47.96572831,NRSC VIC MODEL
Uttarakhand,Rudra Prayag,2020-05-10,2020,05,18.26887678,NRSC VIC MODEL
Uttarakhand,Rudra Prayag,2020-05-11,2020,05,10.64152805,NRSC VIC MODEL
Uttarakhand,Rudra Prayag,2020-05-18,2020,05,4.615136704,NRSC VIC MODEL
Uttarakhand,Rudra Prayag,2020-05-19,2020,05,0.17130125,NRSC VIC MODEL
Uttarakhand,Rudra Prayag,2020-06-02,2020,06,2.231760858,NRSC VIC MODEL
Uttarakhand,Rudra Prayag,2020-06-04,2020,06,0.663564833,NRSC VIC MODEL
Uttarakhand,Rudra Prayag,2020-06-11,2020,06,9.800211401,NRSC VIC MODEL
Uttarakhand,Rudra Prayag,2020-06-12,2020,06,5.711892954,NRSC VIC MODEL
Uttarakhand,Rudra Prayag,2020-06-13,2020,06,24.58167578,NRSC VIC MODEL
Uttarakhand,Rudra Prayag,2020-07-14,2020,07,4.737590331,NRSC VIC MODEL
Uttarakhand,Rudra Prayag,2020-07-20,2020,07,7.660431285,NRSC VIC MODEL
Uttarakhand,Rudra Prayag,2020-07-23,2020,07,2.354214485,NRSC VIC MODEL
Uttarakhand,Nainital,2020-01-06,2020,01,2.338124062,NRSC VIC MODEL
Uttarakhand,Nainital,2020-01-11,2020,01,0,NRSC VIC MODEL
Uttarakhand,Nainital,2020-01-14,2020,01,2.963984565,NRSC VIC MODEL
Uttarakhand,Nainital,2020-01-17,2020,01,5.327865979,NRSC VIC MODEL
Uttarakhand,Nainital,2020-01-30,2020,01,0,NRSC VIC MODEL
Uttarakhand,Nainital,2020-02-03,2020,02,0,NRSC VIC MODEL
Uttarakhand,Nainital,2020-02-06,2020,02,0,NRSC VIC MODEL
Uttarakhand,Nainital,2020-02-08,2020,02,0,NRSC VIC MODEL
Uttarakhand,Nainital,2020-02-10,2020,02,0,NRSC VIC MODEL
Uttarakhand,Nainital,2020-02-19,2020,02,0,NRSC VIC MODEL
Uttarakhand,Nainital,2020-02-24,2020,02,0.249579171,NRSC VIC MODEL
Uttarakhand,Nainital,2020-02-27,2020,02,0,NRSC VIC MODEL
Uttarakhand,Nainital,2020-02-28,2020,02,0,NRSC VIC MODEL
Uttarakhand,Nainital,2020-03-01,2020,03,0,NRSC VIC MODEL
Uttarakhand,Nainital,2020-03-10,2020,03,0,NRSC VIC MODEL
Uttarakhand,Nainital,2020-03-17,2020,03,0,NRSC VIC MODEL
Uttarakhand,Nainital,2020-03-26,2020,03,0.024151735,NRSC VIC MODEL
Uttarakhand,Nainital,2020-03-29,2020,03,0.000431763,NRSC VIC MODEL
Uttarakhand,Nainital,2020-03-31,2020,03,0,NRSC VIC MODEL
Uttarakhand,Nainital,2020-04-10,2020,04,0.346422231,NRSC VIC MODEL
Uttarakhand,Nainital,2020-04-12,2020,04,0.292262978,NRSC VIC MODEL
Uttarakhand,Nainital,2020-04-26,2020,04,28.72371907,NRSC VIC MODEL
Uttarakhand,Nainital,2020-05-01,2020,05,0.699975296,NRSC VIC MODEL
Uttarakhand,Nainital,2020-05-03,2020,05,7.13039496,NRSC VIC MODEL
Uttarakhand,Nainital,2020-05-26,2020,05,0,NRSC VIC MODEL
Uttarakhand,Nainital,2020-05-27,2020,05,0.825746468,NRSC VIC MODEL
Uttarakhand,Nainital,2020-06-05,2020,06,0,NRSC VIC MODEL
Uttarakhand,Nainital,2020-06-09,2020,06,0.049922581,NRSC VIC MODEL
Uttarakhand,Nainital,2020-06-11,2020,06,1.222617491,NRSC VIC MODEL
Uttarakhand,Nainital,2020-06-20,2020,06,0.040707142,NRSC VIC MODEL
Uttarakhand,Nainital,2020-06-22,2020,06,0.24047842,NRSC VIC MODEL
Uttarakhand,Nainital,2020-06-25,2020,06,13.80758059,NRSC VIC MODEL
Uttarakhand,Nainital,2020-06-27,2020,06,0.01130679,NRSC VIC MODEL
Uttarakhand,Nainital,2020-07-08,2020,07,7.027237369,NRSC VIC MODEL
Uttarakhand,Nainital,2020-07-15,2020,07,7.112105756,NRSC VIC MODEL
Uttarakhand,Nainital,2020-07-20,2020,07,4.671579687,NRSC VIC MODEL
Uttarakhand,Nainital,2020-07-24,2020,07,1.62118858,NRSC VIC MODEL
Uttarakhand,Nainital,2020-07-30,2020,07,2.727695594,NRSC VIC MODEL
Uttarakhand,Nainital,2020-07-31,2020,07,2.702052928,NRSC VIC MODEL
Uttarakhand,Nainital,2020-08-03,2020,08,4.639615743,NRSC VIC MODEL
Uttarakhand,Nainital,2020-08-05,2020,08,8.030667746,NRSC VIC MODEL
Uttarakhand,Nainital,2020-08-11,2020,08,0.743711525,NRSC VIC MODEL
Uttarakhand,Nainital,2020-08-22,2020,08,0.961502156,NRSC VIC MODEL
Uttarakhand,Nainital,2020-08-27,2020,08,0,NRSC VIC MODEL
Uttarakhand,Nainital,2020-09-01,2020,09,0.068657041,NRSC VIC MODEL
Uttarakhand,Nainital,2020-09-05,2020,09,8.031976527,NRSC VIC MODEL
Uttarakhand,Nainital,2020-09-16,2020,09,1.814962402,NRSC VIC MODEL
Uttarakhand,Nainital,2020-10-13,2020,10,0,NRSC VIC MODEL
Uttarakhand,Nainital,2020-10-14,2020,10,0,NRSC VIC MODEL
Uttarakhand,Nainital,2020-10-15,2020,10,0,NRSC VIC MODEL
Uttarakhand,Nainital,2020-10-22,2020,10,0,NRSC VIC MODEL
Uttarakhand,Nainital,2020-10-29,2020,10,0,NRSC VIC MODEL
Uttarakhand,Nainital,2020-10-31,2020,10,0,NRSC VIC MODEL
Uttarakhand,Nainital,2020-11-01,2020,11,0,NRSC VIC MODEL
Uttarakhand,Nainital,2020-11-02,2020,11,0,NRSC VIC MODEL
Uttarakhand,Nainital,2020-11-03,2020,11,0,NRSC VIC MODEL
Uttarakhand,Nainital,2020-11-10,2020,11,0,NRSC VIC MODEL
Uttarakhand,Nainital,2020-11-13,2020,11,0,NRSC VIC MODEL
Uttarakhand,Nainital,2020-11-14,2020,11,0,NRSC VIC MODEL
Uttarakhand,Nainital,2020-11-15,2020,11,0,NRSC VIC MODEL
Uttarakhand,Nainital,2020-11-18,2020,11,0,NRSC VIC MODEL
Uttarakhand,Nainital,2020-11-28,2020,11,0,NRSC VIC MODEL
Uttarakhand,Nainital,2020-11-29,2020,11,0,NRSC VIC MODEL
Uttarakhand,Nainital,2020-11-30,2020,11,0,NRSC VIC MODEL
Uttarakhand,Nainital,2020-12-07,2020,12,0,NRSC VIC MODEL
Uttarakhand,Nainital,2020-12-13,2020,12,4.932674784,NRSC VIC MODEL
Uttarakhand,Nainital,2020-12-15,2020,12,0,NRSC VIC MODEL
Uttarakhand,Nainital,2020-12-22,2020,12,0,NRSC VIC MODEL
Uttarakhand,Nainital,2020-12-30,2020,12,0,NRSC VIC MODEL
Uttarakhand,Pauri Garhwal,2020-01-17,2020,01,0,NRSC VIC MODEL
Uttarakhand,Pauri Garhwal,2020-01-18,2020,01,1.812389433,NRSC VIC MODEL
Uttarakhand,Pauri Garhwal,2020-01-22,2020,01,0,NRSC VIC MODEL
Uttarakhand,Pauri Garhwal,2020-02-01,2020,02,0.310931299,NRSC VIC MODEL
Uttarakhand,Pauri Garhwal,2020-02-04,2020,02,0,NRSC VIC MODEL
Uttarakhand,Pauri Garhwal,2020-02-06,2020,02,0.002027956,NRSC VIC MODEL
Uttarakhand,Pauri Garhwal,2020-02-07,2020,02,0.210045553,NRSC VIC MODEL
Uttarakhand,Pauri Garhwal,2020-02-18,2020,02,0,NRSC VIC MODEL
Uttarakhand,Pauri Garhwal,2020-02-21,2020,02,26.98875459,NRSC VIC MODEL
Uttarakhand,Pauri Garhwal,2020-02-22,2020,02,0,NRSC VIC MODEL
Uttarakhand,Pauri Garhwal,2020-03-13,2020,03,29.98861878,NRSC VIC MODEL
Uttarakhand,Pauri Garhwal,2020-03-17,2020,03,0,NRSC VIC MODEL
Uttarakhand,Pauri Garhwal,2020-03-18,2020,03,0.127887981,NRSC VIC MODEL
Uttarakhand,Pauri Garhwal,2020-04-01,2020,04,0,NRSC VIC MODEL
Uttarakhand,Pauri Garhwal,2020-04-02,2020,04,0.011787495,NRSC VIC MODEL
Uttarakhand,Pauri Garhwal,2020-04-06,2020,04,0.010930683,NRSC VIC MODEL
Uttarakhand,Pauri Garhwal,2020-04-08,2020,04,1.232956748,NRSC VIC MODEL
Uttarakhand,Pauri Garhwal,2020-04-11,2020,04,0,NRSC VIC MODEL
Uttarakhand,Pauri Garhwal,2020-04-14,2020,04,7.959149711,NRSC VIC MODEL
Uttarakhand,Pauri Garhwal,2020-04-23,2020,04,1.518817439,NRSC VIC MODEL
Uttarakhand,Pauri Garhwal,2020-04-24,2020,04,0.038992526,NRSC VIC MODEL
Uttarakhand,Pauri Garhwal,2020-05-03,2020,05,9.47288712,NRSC VIC MODEL
Uttarakhand,Pauri Garhwal,2020-05-09,2020,05,9.989382188,NRSC VIC MODEL
Uttarakhand,Pauri Garhwal,2020-05-12,2020,05,0.251618653,NRSC VIC MODEL
Uttarakhand,Bageshwar,2020-06-26,2020,06,3.022976433,NRSC VIC MODEL
Uttarakhand,Bageshwar,2020-06-27,2020,06,0.033089899,NRSC VIC MODEL
Uttarakhand,Bageshwar,2020-06-28,2020,06,9.22580126,NRSC VIC MODEL
Uttarakhand,Bageshwar,2020-07-02,2020,07,16.0896704,NRSC VIC MODEL
Uttarakhand,Bageshwar,2020-07-03,2020,07,34.40701119,NRSC VIC MODEL
Uttarakhand,Bageshwar,2020-07-09,2020,07,4.144719231,NRSC VIC MODEL
Uttarakhand,Bageshwar,2020-07-10,2020,07,5.684763336,NRSC VIC MODEL
Uttarakhand,Bageshwar,2020-07-19,2020,07,2.405382056,NRSC VIC MODEL
Uttarakhand,Bageshwar,2020-07-20,2020,07,3.354365911,NRSC VIC MODEL
Uttarakhand,Bageshwar,2020-07-21,2020,07,4.919831577,NRSC VIC MODEL
Uttarakhand,Bageshwar,2020-07-25,2020,07,2.116485463,NRSC VIC MODEL
Uttarakhand,Bageshwar,2020-07-30,2020,07,4.403971294,NRSC VIC MODEL
Uttarakhand,Bageshwar,2020-08-04,2020,08,7.87085004,NRSC VIC MODEL
Uttarakhand,Bageshwar,2020-08-12,2020,08,6.506220682,NRSC VIC MODEL
Uttarakhand,Bageshwar,2020-08-17,2020,08,19.32996827,NRSC VIC MODEL
Uttarakhand,Bageshwar,2020-08-23,2020,08,4.202859835,NRSC VIC MODEL
Uttarakhand,Bageshwar,2020-08-26,2020,08,45.42778994,NRSC VIC MODEL
Uttarakhand,Bageshwar,2020-09-02,2020,09,11.24625902,NRSC VIC MODEL
Uttarakhand,Bageshwar,2020-09-07,2020,09,2.071456402,NRSC VIC MODEL
Uttarakhand,Bageshwar,2020-09-17,2020,09,0.016018574,NRSC VIC MODEL
Uttarakhand,Bageshwar,2020-09-20,2020,09,1.294944375,NRSC VIC MODEL
Uttarakhand,Bageshwar,2020-09-22,2020,09,1.471615247,NRSC VIC MODEL
Uttarakhand,Bageshwar,2020-09-25,2020,09,0.597484427,NRSC VIC MODEL
Uttarakhand,Bageshwar,2020-09-26,2020,09,1.166221556,NRSC VIC MODEL
Uttarakhand,Bageshwar,2020-10-13,2020,10,0,NRSC VIC MODEL
Uttarakhand,Bageshwar,2020-10-22,2020,10,0.023148574,NRSC VIC MODEL
Uttarakhand,Bageshwar,2020-10-28,2020,10,0,NRSC VIC MODEL
Uttarakhand,Bageshwar,2020-10-29,2020,10,0,NRSC VIC MODEL
Uttarakhand,Bageshwar,2020-11-08,2020,11,0,NRSC VIC MODEL
Uttarakhand,Bageshwar,2020-11-09,2020,11,0,NRSC VIC MODEL
Uttarakhand,Bageshwar,2020-11-26,2020,11,0.037360721,NRSC VIC MODEL
Uttarakhand,Bageshwar,2020-12-09,2020,12,0,NRSC VIC MODEL
Uttarakhand,Bageshwar,2020-12-13,2020,12,3.982404064,NRSC VIC MODEL
Uttarakhand,Bageshwar,2020-12-20,2020,12,0,NRSC VIC MODEL
Uttarakhand,Bageshwar,2020-12-30,2020,12,0,NRSC VIC MODEL
Uttarakhand,Chamoli,2020-01-02,2020,01,1.783006373,NRSC VIC MODEL
Uttarakhand,Chamoli,2020-01-04,2020,01,0,NRSC VIC MODEL
Uttarakhand,Chamoli,2020-01-06,2020,01,5.2695324,NRSC VIC MODEL
Uttarakhand,Chamoli,2020-01-10,2020,01,0,NRSC VIC MODEL
Uttarakhand,Chamoli,2020-01-12,2020,01,1.99864961,NRSC VIC MODEL
Uttarakhand,Chamoli,2020-01-18,2020,01,0.266533108,NRSC VIC MODEL
Uttarakhand,Chamoli,2020-01-19,2020,01,0,NRSC VIC MODEL
Uttarakhand,Chamoli,2020-01-25,2020,01,0,NRSC VIC MODEL
Uttarakhand,Chamoli,2020-01-30,2020,01,0,NRSC VIC MODEL
Uttarakhand,Chamoli,2020-02-02,2020,02,0,NRSC VIC MODEL
Uttarakhand,Chamoli,2020-02-08,2020,02,0,NRSC VIC MODEL
Uttarakhand,Chamoli,2020-02-11,2020,02,0,NRSC VIC MODEL
Uttarakhand,Chamoli,2020-02-17,2020,02,0.223841952,NRSC VIC MODEL
Uttarakhand,Chamoli,2020-02-18,2020,02,0,NRSC VIC MODEL
Uttarakhand,Chamoli,2020-03-04,2020,03,1.574418795,NRSC VIC MODEL
Uttarakhand,Chamoli,2020-03-05,2020,03,0.398532433,NRSC VIC MODEL
Uttarakhand,Chamoli,2020-03-07,2020,03,0.011695927,NRSC VIC MODEL
Uttarakhand,Chamoli,2020-03-18,2020,03,2.525184069,NRSC VIC MODEL
Uttarakhand,Chamoli,2020-03-20,2020,03,0.216490324,NRSC VIC MODEL
Uttarakhand,Chamoli,2020-03-26,2020,03,1.063257779,NRSC VIC MODEL
Uttarakhand,Chamoli,2020-03-27,2020,03,7.875216973,NRSC VIC MODEL
Uttarakhand,Chamoli,2020-03-28,2020,03,0,NRSC VIC MODEL
Uttarakhand,Chamoli,2020-04-01,2020,04,0,NRSC VIC MODEL
Uttarakhand,Chamoli,2020-04-07,2020,04,1.457496943,NRSC VIC MODEL
Uttarakhand,Chamoli,2020-04-18,2020,04,1.773912943,NRSC VIC MODEL
Uttarakhand,Chamoli,2020-04-25,2020,04,11.93346225,NRSC VIC MODEL
Uttarakhand,Chamoli,2020-04-26,2020,04,6.183454482,NRSC VIC MODEL
Uttarakhand,Chamoli,2020-04-27,2020,04,1.245446172,NRSC VIC MODEL
Uttarakhand,Chamoli,2020-04-30,2020,04,19.73248559,NRSC VIC MODEL
Uttarakhand,Chamoli,2020-05-02,2020,05,22.19815583,NRSC VIC MODEL
Uttarakhand,Chamoli,2020-05-04,2020,05,5.96270831,NRSC VIC MODEL
Uttarakhand,Chamoli,2020-05-27,2020,05,2.308227677,NRSC VIC MODEL
Uttarakhand,Chamoli,2020-06-03,2020,06,0.210240929,NRSC VIC MODEL
Uttarakhand,Almora,2020-01-05,2020,01,0,NRSC VIC MODEL
Uttarakhand,Almora,2020-01-06,2020,01,3.144850835,NRSC VIC MODEL
Uttarakhand,Almora,2020-01-07,2020,01,9.603057264,NRSC VIC MODEL
Uttarakhand,Almora,2020-01-09,2020,01,0,NRSC VIC MODEL
Uttarakhand,Almora,2020-01-24,2020,01,0,NRSC VIC MODEL
Uttarakhand,Almora,2020-01-29,2020,01,48.51179594,NRSC VIC MODEL
Uttarakhand,Almora,2020-02-04,2020,02,0,NRSC VIC MODEL
Uttarakhand,Almora,2020-02-05,2020,02,0,NRSC VIC MODEL
Uttarakhand,Almora,2020-02-11,2020,02,0,NRSC VIC MODEL
Uttarakhand,Almora,2020-02-27,2020,02,0,NRSC VIC MODEL
Uttarakhand,Almora,2020-03-01,2020,03,0,NRSC VIC MODEL
Uttarakhand,Almora,2020-03-04,2020,03,0.828581922,NRSC VIC MODEL
Uttarakhand,Almora,2020-03-06,2020,03,12.86223995,NRSC VIC MODEL
Uttarakhand,Almora,2020-03-08,2020,03,0,NRSC VIC MODEL
Uttarakhand,Almora,2020-03-14,2020,03,23.55303589,NRSC VIC MODEL
Uttarakhand,Almora,2020-03-20,2020,03,0.246272249,NRSC VIC MODEL
Uttarakhand,Almora,2020-04-01,2020,04,0,NRSC VIC MODEL
Uttarakhand,Almora,2020-04-06,2020,04,0,NRSC VIC MODEL
Uttarakhand,Champawat,2020-07-21,2020,07,4.153502413,NRSC VIC MODEL
Uttarakhand,Champawat,2020-07-24,2020,07,12.93664824,NRSC VIC MODEL
Uttarakhand,Champawat,2020-07-26,2020,07,6.005664266,NRSC VIC MODEL
Uttarakhand,Champawat,2020-08-16,2020,08,0.885188369,NRSC VIC MODEL
Uttarakhand,Champawat,2020-08-20,2020,08,0.092305128,NRSC VIC MODEL
Uttarakhand,Champawat,2020-08-27,2020,08,0.040664192,NRSC VIC MODEL
Uttarakhand,Champawat,2020-09-04,2020,09,0.261614931,NRSC VIC MODEL
Uttarakhand,Champawat,2020-09-08,2020,09,0.280432206,NRSC VIC MODEL
Uttarakhand,Champawat,2020-09-09,2020,09,0.019578492,NRSC VIC MODEL
Uttarakhand,Champawat,2020-09-10,2020,09,0.202742437,NRSC VIC MODEL
Uttarakhand,Champawat,2020-09-15,2020,09,1.703298329,NRSC VIC MODEL
Uttarakhand,Champawat,2020-09-17,2020,09,0.123210524,NRSC VIC MODEL
Uttarakhand,Champawat,2020-09-19,2020,09,0,NRSC VIC MODEL
Uttarakhand,Champawat,2020-09-22,2020,09,28.15782938,NRSC VIC MODEL
Uttarakhand,Champawat,2020-09-25,2020,09,0,NRSC VIC MODEL
Uttarakhand,Champawat,2020-10-18,2020,10,0,NRSC VIC MODEL
Uttarakhand,Champawat,2020-10-20,2020,10,0,NRSC VIC MODEL
Uttarakhand,Champawat,2020-10-22,2020,10,0,NRSC VIC MODEL
Uttarakhand,Champawat,2020-10-27,2020,10,0,NRSC VIC MODEL
Uttarakhand,Champawat,2020-10-29,2020,10,0,NRSC VIC MODEL
Uttarakhand,Champawat,2020-10-30,2020,10,0,NRSC VIC MODEL
Uttarakhand,Champawat,2020-11-01,2020,11,0,NRSC VIC MODEL
Uttarakhand,Champawat,2020-11-02,2020,11,0,NRSC VIC MODEL
Uttarakhand,Champawat,2020-11-03,2020,11,0,NRSC VIC MODEL
Uttarakhand,Champawat,2020-11-07,2020,11,0,NRSC VIC MODEL
Uttarakhand,Champawat,2020-11-12,2020,11,0,NRSC VIC MODEL
Uttarakhand,Champawat,2020-11-13,2020,11,0,NRSC VIC MODEL
Uttarakhand,Champawat,2020-11-17,2020,11,0,NRSC VIC MODEL
Uttarakhand,Champawat,2020-11-21,2020,11,0,NRSC VIC MODEL
Uttarakhand,Champawat,2020-11-23,2020,11,0,NRSC VIC MODEL
Uttarakhand,Champawat,2020-11-25,2020,11,0,NRSC VIC MODEL
Uttarakhand,Champawat,2020-11-28,2020,11,0,NRSC VIC MODEL
Uttarakhand,Champawat,2020-12-06,2020,12,0,NRSC VIC MODEL
Uttarakhand,Champawat,2020-12-12,2020,12,0,NRSC VIC MODEL
Uttarakhand,Champawat,2020-12-13,2020,12,1.851918263,NRSC VIC MODEL
Uttarakhand,Champawat,2020-12-14,2020,12,0,NRSC VIC MODEL
Uttarakhand,Champawat,2020-12-17,2020,12,0,NRSC VIC MODEL
Uttarakhand,Champawat,2020-12-20,2020,12,0,NRSC VIC MODEL
Uttarakhand,Champawat,2020-12-22,2020,12,0,NRSC VIC MODEL
Uttarakhand,Dehradun,2020-01-08,2020,01,25.59553059,NRSC VIC MODEL
Uttarakhand,Dehradun,2020-01-20,2020,01,0.128809263,NRSC VIC MODEL
Uttarakhand,Dehradun,2020-01-28,2020,01,21.01114176,NRSC VIC MODEL
Uttarakhand,Dehradun,2020-01-29,2020,01,21.98153865,NRSC VIC MODEL
Uttarakhand,Dehradun,2020-02-01,2020,02,1.223507694,NRSC VIC MODEL
Uttarakhand,Dehradun,2020-02-02,2020,02,0,NRSC VIC MODEL
Uttarakhand,Dehradun,2020-02-08,2020,02,0,NRSC VIC MODEL
Uttarakhand,Dehradun,2020-02-19,2020,02,0,NRSC VIC MODEL
Uttarakhand,Dehradun,2020-02-21,2020,02,9.063614625,NRSC VIC MODEL
Uttarakhand,Dehradun,2020-02-24,2020,02,0.470039616,NRSC VIC MODEL
Uttarakhand,Dehradun,2020-02-28,2020,02,0.259722131,NRSC VIC MODEL
Uttarakhand,Dehradun,2020-03-02,2020,03,0,NRSC VIC MODEL
Uttarakhand,Dehradun,2020-03-03,2020,03,0.024410394,NRSC VIC MODEL
Uttarakhand,Dehradun,2020-03-04,2020,03,1.085030438,NRSC VIC MODEL
Uttarakhand,Dehradun,2020-03-05,2020,03,9.145723876,NRSC VIC MODEL
Uttarakhand,Dehradun,2020-03-08,2020,03,0,NRSC VIC MODEL
Uttarakhand,Dehradun,2020-03-12,2020,03,56.65699752,NRSC VIC MODEL
Uttarakhand,Dehradun,2020-03-13,2020,03,42.07140481,NRSC VIC MODEL
Uttarakhand,Dehradun,2020-03-19,2020,03,2.33060451,NRSC VIC MODEL
Uttarakhand,Dehradun,2020-03-29,2020,03,0.019550639,NRSC VIC MODEL
Uttarakhand,Dehradun,2020-03-30,2020,03,0.245168625,NRSC VIC MODEL
Uttarakhand,Dehradun,2020-04-01,2020,04,1.512259562,NRSC VIC MODEL
Uttarakhand,Dehradun,2020-04-04,2020,04,0.531198687,NRSC VIC MODEL
Uttarakhand,Dehradun,2020-04-12,2020,04,0.053294167,NRSC VIC MODEL
Uttarakhand,Dehradun,2020-04-13,2020,04,0.108262632,NRSC VIC MODEL
Uttarakhand,Dehradun,2020-04-17,2020,04,20.35611377,NRSC VIC MODEL
Uttarakhand,Dehradun,2020-04-23,2020,04,1.029108912,NRSC VIC MODEL
Uttarakhand,Dehradun,2020-04-29,2020,04,0.004078416,NRSC VIC MODEL
Uttarakhand,Dehradun,2020-05-04,2020,05,0.823925938,NRSC VIC MODEL
Uttarakhand,Dehradun,2020-05-19,2020,05,0.733256306,NRSC VIC MODEL
Uttarakhand,Dehradun,2020-05-21,2020,05,0,NRSC VIC MODEL
Uttarakhand,Dehradun,2020-05-23,2020,05,0.927998534,NRSC VIC MODEL
Uttarakhand,Dehradun,2020-05-26,2020,05,10.09276647,NRSC VIC MODEL
Uttarakhand,Dehradun,2020-05-28,2020,05,7.272425738,NRSC VIC MODEL
Uttarakhand,Dehradun,2020-06-10,2020,06,1.566970443,NRSC VIC MODEL
Uttarakhand,Dehradun,2020-06-19,2020,06,0.570428758,NRSC VIC MODEL
Uttarakhand,Dehradun,2020-06-21,2020,06,0,NRSC VIC MODEL
Uttarakhand,Dehradun,2020-06-25,2020,06,0.207801746,NRSC VIC MODEL
Uttarakhand,Dehradun,2020-06-26,2020,06,0.006413846,NRSC VIC MODEL
Uttarakhand,Dehradun,2020-06-29,2020,06,4.867697086,NRSC VIC MODEL
Uttarakhand,Dehradun,2020-06-30,2020,06,0.557661169,NRSC VIC MODEL
Uttarakhand,Dehradun,2020-07-01,2020,07,6.115494969,NRSC VIC MODEL
Uttarakhand,Dehradun,2020-07-08,2020,07,1.803707479,NRSC VIC MODEL
Uttarakhand,Dehradun,2020-07-12,2020,07,5.519573963,NRSC VIC MODEL
Uttarakhand,Dehradun,2020-07-29,2020,07,5.588108527,NRSC VIC MODEL
Uttarakhand,Dehradun,2020-07-30,2020,07,14.35203254,NRSC VIC MODEL
Uttarakhand,Dehradun,2020-07-31,2020,07,28.94746496,NRSC VIC MODEL
Uttarakhand,Dehradun,2020-08-02,2020,08,0,NRSC VIC MODEL
Uttarakhand,Dehradun,2020-08-04,2020,08,5.555575645,NRSC VIC MODEL
Uttarakhand,Dehradun,2020-08-05,2020,08,6.398219367,NRSC VIC MODEL
Uttarakhand,Dehradun,2020-08-10,2020,08,29.27847781,NRSC VIC MODEL
Uttarakhand,Dehradun,2020-08-11,2020,08,18.61815036,NRSC VIC MODEL
Uttarakhand,Dehradun,2020-08-21,2020,08,1.209872905,NRSC VIC MODEL
Uttarakhand,Dehradun,2020-08-25,2020,08,7.803778975,NRSC VIC MODEL
Uttarakhand,Dehradun,2020-08-27,2020,08,4.634239956,NRSC VIC MODEL
Uttarakhand,Dehradun,2020-08-29,2020,08,0.45005967,NRSC VIC MODEL
Uttarakhand,Dehradun,2020-08-31,2020,08,0,NRSC VIC MODEL
Uttarakhand,Dehradun,2020-09-02,2020,09,9.504203783,NRSC VIC MODEL
Uttarakhand,Dehradun,2020-09-04,2020,09,0.079713718,NRSC VIC MODEL
Uttarakhand,Dehradun,2020-09-06,2020,09,19.87477479,NRSC VIC MODEL
Uttarakhand,Dehradun,2020-09-09,2020,09,0,NRSC VIC MODEL
Uttarakhand,Dehradun,2020-09-10,2020,09,0.070500791,NRSC VIC MODEL
Uttarakhand,Dehradun,2020-09-11,2020,09,0.010784191,NRSC VIC MODEL
Uttarakhand,Dehradun,2020-09-19,2020,09,0.016365182,NRSC VIC MODEL
Uttarakhand,Dehradun,2020-09-22,2020,09,0.796639187,NRSC VIC MODEL
Uttarakhand,Dehradun,2020-10-12,2020,10,0,NRSC VIC MODEL
Uttarakhand,Dehradun,2020-11-09,2020,11,0,NRSC VIC MODEL
Uttarakhand,Dehradun,2020-11-26,2020,11,10.537829,NRSC VIC MODEL
Uttarakhand,Dehradun,2020-11-28,2020,11,0,NRSC VIC MODEL
Uttarakhand,Pauri Garhwal,2020-05-18,2020,05,0,NRSC VIC MODEL
Uttarakhand,Pauri Garhwal,2020-05-28,2020,05,0.105261061,NRSC VIC MODEL
Uttarakhand,Pauri Garhwal,2020-05-30,2020,05,0.038703542,NRSC VIC MODEL
Uttarakhand,Pauri Garhwal,2020-06-13,2020,06,10.31271951,NRSC VIC MODEL
Uttarakhand,Pauri Garhwal,2020-06-16,2020,06,1.454617419,NRSC VIC MODEL
Uttarakhand,Pauri Garhwal,2020-06-19,2020,06,0.483398825,NRSC VIC MODEL
Uttarakhand,Pauri Garhwal,2020-07-04,2020,07,54.5897694,NRSC VIC MODEL
Uttarakhand,Pauri Garhwal,2020-07-05,2020,07,13.77806554,NRSC VIC MODEL
Uttarakhand,Pauri Garhwal,2020-07-14,2020,07,0.123228752,NRSC VIC MODEL
Uttarakhand,Pauri Garhwal,2020-07-22,2020,07,1.867854033,NRSC VIC MODEL
Uttarakhand,Pauri Garhwal,2020-08-01,2020,08,5.517039351,NRSC VIC MODEL
Uttarakhand,Pauri Garhwal,2020-08-02,2020,08,0.037730123,NRSC VIC MODEL
Uttarakhand,Pauri Garhwal,2020-08-05,2020,08,0.365422479,NRSC VIC MODEL
Uttarakhand,Pauri Garhwal,2020-08-06,2020,08,5.877868509,NRSC VIC MODEL
Uttarakhand,Pauri Garhwal,2020-08-13,2020,08,12.70030827,NRSC VIC MODEL
Uttarakhand,Pauri Garhwal,2020-08-19,2020,08,18.26979056,NRSC VIC MODEL
Uttarakhand,Pauri Garhwal,2020-08-20,2020,08,6.986085677,NRSC VIC MODEL
Uttarakhand,Pauri Garhwal,2020-08-29,2020,08,3.961612234,NRSC VIC MODEL
Uttarakhand,Pauri Garhwal,2020-09-03,2020,09,1.675745751,NRSC VIC MODEL
Uttarakhand,Pauri Garhwal,2020-09-09,2020,09,0,NRSC VIC MODEL
Uttarakhand,Pauri Garhwal,2020-09-10,2020,09,0.607707464,NRSC VIC MODEL
Uttarakhand,Pauri Garhwal,2020-09-15,2020,09,0.377301232,NRSC VIC MODEL
Uttarakhand,Pauri Garhwal,2020-09-16,2020,09,1.867848963,NRSC VIC MODEL
Uttarakhand,Pauri Garhwal,2020-09-17,2020,09,0,NRSC VIC MODEL
Uttarakhand,Pauri Garhwal,2020-09-22,2020,09,1.084971721,NRSC VIC MODEL
Uttarakhand,Pauri Garhwal,2020-09-29,2020,09,0,NRSC VIC MODEL
Uttarakhand,Pauri Garhwal,2020-10-11,2020,10,0,NRSC VIC MODEL
Uttarakhand,Pauri Garhwal,2020-10-21,2020,10,0,NRSC VIC MODEL
Uttarakhand,Pauri Garhwal,2020-10-27,2020,10,0,NRSC VIC MODEL
Uttarakhand,Pauri Garhwal,2020-10-30,2020,10,0,NRSC VIC MODEL
Uttarakhand,Pauri Garhwal,2020-11-02,2020,11,0,NRSC VIC MODEL
Uttarakhand,Pauri Garhwal,2020-11-04,2020,11,0,NRSC VIC MODEL
Uttarakhand,Pauri Garhwal,2020-11-15,2020,11,0,NRSC VIC MODEL
Uttarakhand,Pauri Garhwal,2020-11-17,2020,11,2.155636212,NRSC VIC MODEL
Uttarakhand,Pauri Garhwal,2020-11-21,2020,11,0,NRSC VIC MODEL
Uttarakhand,Pauri Garhwal,2020-11-22,2020,11,0,NRSC VIC MODEL
Uttarakhand,Pauri Garhwal,2020-11-26,2020,11,0,NRSC VIC MODEL
Uttarakhand,Pauri Garhwal,2020-12-03,2020,12,0,NRSC VIC MODEL
Uttarakhand,Pauri Garhwal,2020-12-04,2020,12,0,NRSC VIC MODEL
Uttarakhand,Pauri Garhwal,2020-12-10,2020,12,0,NRSC VIC MODEL
Uttarakhand,Pauri Garhwal,2020-12-22,2020,12,0,NRSC VIC MODEL
Uttarakhand,Pauri Garhwal,2020-12-24,2020,12,0,NRSC VIC MODEL
Uttarakhand,Pauri Garhwal,2020-12-26,2020,12,0,NRSC VIC MODEL
Uttarakhand,Pauri Garhwal,2020-12-28,2020,12,0.238436938,NRSC VIC MODEL
Uttarakhand,Pithoragarh,2020-01-07,2020,01,7.61187661,NRSC VIC MODEL
Uttarakhand,Pithoragarh,2020-01-11,2020,01,0,NRSC VIC MODEL
Uttarakhand,Pithoragarh,2020-01-12,2020,01,0.208281304,NRSC VIC MODEL
Uttarakhand,Pithoragarh,2020-01-15,2020,01,0,NRSC VIC MODEL
Uttarakhand,Pithoragarh,2020-01-22,2020,01,0.033974965,NRSC VIC MODEL
Uttarakhand,Pithoragarh,2020-01-24,2020,01,0,NRSC VIC MODEL
Uttarakhand,Pithoragarh,2020-01-30,2020,01,0,NRSC VIC MODEL
Uttarakhand,Pithoragarh,2020-02-02,2020,02,0,NRSC VIC MODEL
Uttarakhand,Pithoragarh,2020-02-04,2020,02,0.949637188,NRSC VIC MODEL
Uttarakhand,Pithoragarh,2020-02-09,2020,02,0,NRSC VIC MODEL
Uttarakhand,Pithoragarh,2020-02-14,2020,02,0,NRSC VIC MODEL
Uttarakhand,Pithoragarh,2020-02-15,2020,02,0,NRSC VIC MODEL
Uttarakhand,Pithoragarh,2020-02-18,2020,02,0,NRSC VIC MODEL
Uttarakhand,Pithoragarh,2020-02-24,2020,02,1.002357469,NRSC VIC MODEL
Uttarakhand,Pithoragarh,2020-03-01,2020,03,0,NRSC VIC MODEL
Uttarakhand,Pithoragarh,2020-03-03,2020,03,0.98449107,NRSC VIC MODEL
Uttarakhand,Pithoragarh,2020-03-07,2020,03,0.028132748,NRSC VIC MODEL
Uttarakhand,Pithoragarh,2020-03-29,2020,03,0.046235495,NRSC VIC MODEL
Uttarakhand,Pithoragarh,2020-03-30,2020,03,0.042572108,NRSC VIC MODEL
Uttarakhand,Pithoragarh,2020-04-08,2020,04,4.918562999,NRSC VIC MODEL
Uttarakhand,Pithoragarh,2020-04-09,2020,04,1.056684176,NRSC VIC MODEL
Uttarakhand,Pithoragarh,2020-04-11,2020,04,0.905983051,NRSC VIC MODEL
Uttarakhand,Pithoragarh,2020-04-16,2020,04,2.680355117,NRSC VIC MODEL
Uttarakhand,Pithoragarh,2020-04-25,2020,04,16.34482734,NRSC VIC MODEL
Uttarakhand,Pithoragarh,2020-04-28,2020,04,0.127635079,NRSC VIC MODEL
Uttarakhand,Pithoragarh,2020-05-06,2020,05,12.13923636,NRSC VIC MODEL
Uttarakhand,Pithoragarh,2020-05-17,2020,05,0.503309556,NRSC VIC MODEL
Uttarakhand,Pithoragarh,2020-05-22,2020,05,4.788128679,NRSC VIC MODEL
Uttarakhand,Pithoragarh,2020-05-24,2020,05,4.934948534,NRSC VIC MODEL
Uttarakhand,Pithoragarh,2020-05-26,2020,05,8.159268683,NRSC VIC MODEL
Uttarakhand,Pithoragarh,2020-06-02,2020,06,1.534896574,NRSC VIC MODEL
Uttarakhand,Pithoragarh,2020-06-06,2020,06,7.097399631,NRSC VIC MODEL
Uttarakhand,Pithoragarh,2020-06-08,2020,06,0.066472757,NRSC VIC MODEL
Uttarakhand,Pithoragarh,2020-06-09,2020,06,0.759266598,NRSC VIC MODEL
Uttarakhand,Pithoragarh,2020-06-11,2020,06,9.205860079,NRSC VIC MODEL
Uttarakhand,Pithoragarh,2020-06-12,2020,06,8.898501131,NRSC VIC MODEL
Uttarakhand,Pithoragarh,2020-06-16,2020,06,1.009001052,NRSC VIC MODEL
Uttarakhand,Pithoragarh,2020-06-20,2020,06,2.61060673,NRSC VIC MODEL
Uttarakhand,Pithoragarh,2020-06-23,2020,06,5.601481944,NRSC VIC MODEL
Uttarakhand,Pithoragarh,2020-06-24,2020,06,6.470044526,NRSC VIC MODEL
Uttarakhand,Pithoragarh,2020-06-29,2020,06,10.90734107,NRSC VIC MODEL
Uttarakhand,Pithoragarh,2020-07-05,2020,07,3.102763635,NRSC VIC MODEL
Uttarakhand,Pithoragarh,2020-07-10,2020,07,4.643199605,NRSC VIC MODEL
Uttarakhand,Pithoragarh,2020-07-15,2020,07,6.854039176,NRSC VIC MODEL
Uttarakhand,Pithoragarh,2020-07-28,2020,07,27.81870095,NRSC VIC MODEL
Uttarakhand,Pithoragarh,2020-07-31,2020,07,6.199589036,NRSC VIC MODEL
Uttarakhand,Pithoragarh,2020-08-14,2020,08,3.849108668,NRSC VIC MODEL
Uttarakhand,Pithoragarh,2020-08-15,2020,08,4.171054693,NRSC VIC MODEL
Uttarakhand,Pithoragarh,2020-08-16,2020,08,2.609480386,NRSC VIC MODEL
Uttarakhand,Pithoragarh,2020-08-17,2020,08,12.71884187,NRSC VIC MODEL
Uttarakhand,Pithoragarh,2020-08-22,2020,08,12.58577818,NRSC VIC MODEL
Uttarakhand,Pithoragarh,2020-09-02,2020,09,6.772196441,NRSC VIC MODEL
Uttarakhand,Pithoragarh,2020-09-06,2020,09,4.266081191,NRSC VIC MODEL
Uttarakhand,Pithoragarh,2020-09-19,2020,09,0.642425957,NRSC VIC MODEL
Uttarakhand,Almora,2020-04-16,2020,04,0.049807008,NRSC VIC MODEL
Uttarakhand,Almora,2020-04-18,2020,04,11.68436944,NRSC VIC MODEL
Uttarakhand,Almora,2020-04-22,2020,04,0.161324909,NRSC VIC MODEL
Uttarakhand,Almora,2020-04-29,2020,04,0.85634628,NRSC VIC MODEL
Uttarakhand,Almora,2020-05-02,2020,05,4.430632272,NRSC VIC MODEL
Uttarakhand,Almora,2020-05-04,2020,05,0.21934355,NRSC VIC MODEL
Uttarakhand,Almora,2020-05-08,2020,05,0.031558935,NRSC VIC MODEL
Uttarakhand,Almora,2020-05-09,2020,05,21.49842218,NRSC VIC MODEL
Uttarakhand,Almora,2020-05-10,2020,05,40.33460392,NRSC VIC MODEL
Uttarakhand,Almora,2020-05-11,2020,05,0.416687086,NRSC VIC MODEL
Uttarakhand,Almora,2020-05-18,2020,05,0,NRSC VIC MODEL
Uttarakhand,Almora,2020-05-25,2020,05,0.252403261,NRSC VIC MODEL
Uttarakhand,Almora,2020-05-31,2020,05,25.67691554,NRSC VIC MODEL
Uttarakhand,Almora,2020-06-09,2020,06,0.2362017,NRSC VIC MODEL
Uttarakhand,Almora,2020-06-13,2020,06,41.35229216,NRSC VIC MODEL
Uttarakhand,Almora,2020-06-14,2020,06,1.647442907,NRSC VIC MODEL
Uttarakhand,Almora,2020-06-19,2020,06,1.180991448,NRSC VIC MODEL
Uttarakhand,Almora,2020-06-27,2020,06,0,NRSC VIC MODEL
Uttarakhand,Almora,2020-07-08,2020,07,7.925607361,NRSC VIC MODEL
Uttarakhand,Almora,2020-07-10,2020,07,11.82807728,NRSC VIC MODEL
Uttarakhand,Almora,2020-07-16,2020,07,8.344264216,NRSC VIC MODEL
Uttarakhand,Almora,2020-07-22,2020,07,0.28180483,NRSC VIC MODEL
Uttarakhand,Almora,2020-07-27,2020,07,6.795753155,NRSC VIC MODEL
Uttarakhand,Almora,2020-07-31,2020,07,1.566750608,NRSC VIC MODEL
Uttarakhand,Almora,2020-08-06,2020,08,16.37160885,NRSC VIC MODEL
Uttarakhand,Almora,2020-08-09,2020,08,27.55343999,NRSC VIC MODEL
Uttarakhand,Almora,2020-08-12,2020,08,22.40897548,NRSC VIC MODEL
Uttarakhand,Almora,2020-08-17,2020,08,10.95674029,NRSC VIC MODEL
Uttarakhand,Almora,2020-08-30,2020,08,0.018486833,NRSC VIC MODEL
Uttarakhand,Almora,2020-09-01,2020,09,0.134396209,NRSC VIC MODEL
Uttarakhand,Almora,2020-09-06,2020,09,1.810311228,NRSC VIC MODEL
Uttarakhand,Almora,2020-09-07,2020,09,0.407759174,NRSC VIC MODEL
Uttarakhand,Almora,2020-09-09,2020,09,0,NRSC VIC MODEL
Uttarakhand,Almora,2020-09-18,2020,09,0.088238816,NRSC VIC MODEL
Uttarakhand,Almora,2020-09-20,2020,09,0,NRSC VIC MODEL
Uttarakhand,Almora,2020-09-22,2020,09,3.252864082,NRSC VIC MODEL
Uttarakhand,Almora,2020-09-26,2020,09,0,NRSC VIC MODEL
Uttarakhand,Almora,2020-09-30,2020,09,0,NRSC VIC MODEL
Uttarakhand,Almora,2020-10-02,2020,10,0,NRSC VIC MODEL
Uttarakhand,Almora,2020-10-06,2020,10,0,NRSC VIC MODEL
Uttarakhand,Almora,2020-10-24,2020,10,0,NRSC VIC MODEL
Uttarakhand,Almora,2020-11-04,2020,11,0,NRSC VIC MODEL
Uttarakhand,Almora,2020-11-05,2020,11,0,NRSC VIC MODEL
Uttarakhand,Almora,2020-11-16,2020,11,0.013720164,NRSC VIC MODEL
Uttarakhand,Almora,2020-11-25,2020,11,0,NRSC VIC MODEL
Uttarakhand,Almora,2020-11-26,2020,11,0,NRSC VIC MODEL
Uttarakhand,Almora,2020-12-03,2020,12,0,NRSC VIC MODEL
Uttarakhand,Almora,2020-12-06,2020,12,0,NRSC VIC MODEL
Uttarakhand,Almora,2020-12-15,2020,12,0,NRSC VIC MODEL
Uttarakhand,Almora,2020-12-18,2020,12,0,NRSC VIC MODEL
Uttarakhand,Almora,2020-12-19,2020,12,0,NRSC VIC MODEL
Uttarakhand,Almora,2020-12-22,2020,12,0,NRSC VIC MODEL
Uttarakhand,Almora,2020-12-23,2020,12,0,NRSC VIC MODEL
Uttarakhand,Almora,2020-12-29,2020,12,0,NRSC VIC MODEL
Uttarakhand,Almora,2020-12-30,2020,12,0,NRSC VIC MODEL
Uttarakhand,Almora,2020-12-31,2020,12,0,NRSC VIC MODEL
Uttarakhand,Bageshwar,2020-01-05,2020,01,0,NRSC VIC MODEL
Uttarakhand,Bageshwar,2020-01-18,2020,01,0.597819394,NRSC VIC MODEL
Uttarakhand,Bageshwar,2020-01-23,2020,01,0,NRSC VIC MODEL
Uttarakhand,Bageshwar,2020-01-27,2020,01,3.524457085,NRSC VIC MODEL
Uttarakhand,Bageshwar,2020-01-29,2020,01,0.267757818,NRSC VIC MODEL
Uttarakhand,Bageshwar,2020-01-30,2020,01,0,NRSC VIC MODEL
Uttarakhand,Bageshwar,2020-02-05,2020,02,0,NRSC VIC MODEL
Uttarakhand,Bageshwar,2020-02-10,2020,02,0,NRSC VIC MODEL
Uttarakhand,Bageshwar,2020-02-14,2020,02,0,NRSC VIC MODEL
Uttarakhand,Bageshwar,2020-02-20,2020,02,1.625735699,NRSC VIC MODEL
Uttarakhand,Bageshwar,2020-02-22,2020,02,0,NRSC VIC MODEL
Uttarakhand,Bageshwar,2020-02-25,2020,02,15.21105342,NRSC VIC MODEL
Uttarakhand,Bageshwar,2020-02-28,2020,02,0,NRSC VIC MODEL
Uttarakhand,Bageshwar,2020-03-03,2020,03,1.082001422,NRSC VIC MODEL
Uttarakhand,Bageshwar,2020-03-05,2020,03,0.271597969,NRSC VIC MODEL
Uttarakhand,Bageshwar,2020-03-07,2020,03,0,NRSC VIC MODEL
Uttarakhand,Bageshwar,2020-03-13,2020,03,18.78760975,NRSC VIC MODEL
Uttarakhand,Bageshwar,2020-03-27,2020,03,2.348916284,NRSC VIC MODEL
Uttarakhand,Bageshwar,2020-03-31,2020,03,2.583452609,NRSC VIC MODEL
Uttarakhand,Bageshwar,2020-04-01,2020,04,0,NRSC VIC MODEL
Uttarakhand,Bageshwar,2020-04-02,2020,04,0.05053208,NRSC VIC MODEL
Uttarakhand,Bageshwar,2020-04-05,2020,04,0.127538473,NRSC VIC MODEL
Uttarakhand,Bageshwar,2020-04-06,2020,04,1.487897008,NRSC VIC MODEL
Uttarakhand,Bageshwar,2020-04-07,2020,04,2.065187745,NRSC VIC MODEL
Uttarakhand,Bageshwar,2020-04-18,2020,04,3.634015038,NRSC VIC MODEL
Uttarakhand,Bageshwar,2020-04-20,2020,04,6.635386135,NRSC VIC MODEL
Uttarakhand,Bageshwar,2020-04-24,2020,04,9.268234331,NRSC VIC MODEL
Uttarakhand,Bageshwar,2020-05-04,2020,05,4.007155691,NRSC VIC MODEL
Uttarakhand,Dehradun,2020-12-01,2020,12,0,NRSC VIC MODEL
Uttarakhand,Dehradun,2020-12-06,2020,12,0,NRSC VIC MODEL
Uttarakhand,Dehradun,2020-12-09,2020,12,0,NRSC VIC MODEL
Uttarakhand,Dehradun,2020-12-10,2020,12,0,NRSC VIC MODEL
Uttarakhand,Dehradun,2020-12-19,2020,12,0,NRSC VIC MODEL
Uttarakhand,Dehradun,2020-12-24,2020,12,0,NRSC VIC MODEL
Uttarakhand,Dehradun,2020-12-27,2020,12,0,NRSC VIC MODEL
Uttarakhand,Haridwar,2020-01-14,2020,01,2.404298093,NRSC VIC MODEL
Uttarakhand,Haridwar,2020-01-15,2020,01,0,NRSC VIC MODEL
Uttarakhand,Haridwar,2020-01-22,2020,01,0,NRSC VIC MODEL
Uttarakhand,Haridwar,2020-01-27,2020,01,1.153941514,NRSC VIC MODEL
Uttarakhand,Haridwar,2020-01-30,2020,01,0,NRSC VIC MODEL
Uttarakhand,Haridwar,2020-02-01,2020,02,0,NRSC VIC MODEL
Uttarakhand,Haridwar,2020-02-05,2020,02,0,NRSC VIC MODEL
Uttarakhand,Haridwar,2020-02-07,2020,02,0.075397329,NRSC VIC MODEL
Uttarakhand,Haridwar,2020-02-11,2020,02,0,NRSC VIC MODEL
Uttarakhand,Haridwar,2020-02-16,2020,02,0,NRSC VIC MODEL
Uttarakhand,Haridwar,2020-02-18,2020,02,0,NRSC VIC MODEL
Uttarakhand,Haridwar,2020-02-21,2020,02,6.722297299,NRSC VIC MODEL
Uttarakhand,Haridwar,2020-02-28,2020,02,0,NRSC VIC MODEL
Uttarakhand,Haridwar,2020-03-05,2020,03,3.250232749,NRSC VIC MODEL
Uttarakhand,Haridwar,2020-03-09,2020,03,0,NRSC VIC MODEL
Uttarakhand,Haridwar,2020-03-11,2020,03,5.240313111,NRSC VIC MODEL
Uttarakhand,Haridwar,2020-03-12,2020,03,16.41487531,NRSC VIC MODEL
Uttarakhand,Haridwar,2020-03-19,2020,03,0,NRSC VIC MODEL
Uttarakhand,Haridwar,2020-03-21,2020,03,0.305961193,NRSC VIC MODEL
Uttarakhand,Haridwar,2020-03-25,2020,03,6.912696012,NRSC VIC MODEL
Uttarakhand,Haridwar,2020-03-30,2020,03,0.023460843,NRSC VIC MODEL
Uttarakhand,Haridwar,2020-04-08,2020,04,0,NRSC VIC MODEL
Uttarakhand,Haridwar,2020-04-20,2020,04,10.21928388,NRSC VIC MODEL
Uttarakhand,Haridwar,2020-04-25,2020,04,0.050919499,NRSC VIC MODEL
Uttarakhand,Haridwar,2020-04-27,2020,04,5.343589918,NRSC VIC MODEL
Uttarakhand,Haridwar,2020-05-16,2020,05,0.01402741,NRSC VIC MODEL
Uttarakhand,Haridwar,2020-05-24,2020,05,0,NRSC VIC MODEL
Uttarakhand,Haridwar,2020-06-06,2020,06,0,NRSC VIC MODEL
Uttarakhand,Haridwar,2020-06-08,2020,06,0.021041115,NRSC VIC MODEL
Uttarakhand,Haridwar,2020-06-12,2020,06,0.892061456,NRSC VIC MODEL
Uttarakhand,Haridwar,2020-06-13,2020,06,7.21357227,NRSC VIC MODEL
Uttarakhand,Haridwar,2020-06-17,2020,06,0,NRSC VIC MODEL
Uttarakhand,Haridwar,2020-06-19,2020,06,0,NRSC VIC MODEL
Uttarakhand,Haridwar,2020-06-22,2020,06,0,NRSC VIC MODEL
Uttarakhand,Haridwar,2020-06-28,2020,06,0,NRSC VIC MODEL
Uttarakhand,Haridwar,2020-07-06,2020,07,0.025261028,NRSC VIC MODEL
Uttarakhand,Haridwar,2020-07-09,2020,07,1.152877768,NRSC VIC MODEL
Uttarakhand,Haridwar,2020-07-13,2020,07,0,NRSC VIC MODEL
Uttarakhand,Haridwar,2020-07-15,2020,07,1.273840802,NRSC VIC MODEL
Uttarakhand,Haridwar,2020-07-18,2020,07,22.78972535,NRSC VIC MODEL
Uttarakhand,Haridwar,2020-07-21,2020,07,2.886233146,NRSC VIC MODEL
Uttarakhand,Haridwar,2020-07-23,2020,07,9.533904623,NRSC VIC MODEL
Uttarakhand,Haridwar,2020-07-25,2020,07,0.130232813,NRSC VIC MODEL
Uttarakhand,Haridwar,2020-07-27,2020,07,15.35405242,NRSC VIC MODEL
Uttarakhand,Haridwar,2020-07-31,2020,07,63.33299683,NRSC VIC MODEL
Uttarakhand,Haridwar,2020-08-02,2020,08,0,NRSC VIC MODEL
Uttarakhand,Haridwar,2020-08-06,2020,08,5.216431445,NRSC VIC MODEL
Uttarakhand,Haridwar,2020-08-27,2020,08,3.381552687,NRSC VIC MODEL
Uttarakhand,Haridwar,2020-08-31,2020,08,0,NRSC VIC MODEL
Uttarakhand,Haridwar,2020-09-01,2020,09,0.298643561,NRSC VIC MODEL
Uttarakhand,Haridwar,2020-09-12,2020,09,0.089927388,NRSC VIC MODEL
Uttarakhand,Haridwar,2020-09-18,2020,09,0,NRSC VIC MODEL
Uttarakhand,Haridwar,2020-09-21,2020,09,0.040352183,NRSC VIC MODEL
Uttarakhand,Haridwar,2020-09-27,2020,09,0,NRSC VIC MODEL
Uttarakhand,Haridwar,2020-10-08,2020,10,0,NRSC VIC MODEL
Uttarakhand,Haridwar,2020-10-10,2020,10,0,NRSC VIC MODEL
Uttarakhand,Haridwar,2020-10-14,2020,10,0,NRSC VIC MODEL
Uttarakhand,Haridwar,2020-10-18,2020,10,0,NRSC VIC MODEL
Uttarakhand,Haridwar,2020-10-29,2020,10,0,NRSC VIC MODEL
Uttarakhand,Haridwar,2020-11-01,2020,11,0,NRSC VIC MODEL
Uttarakhand,Haridwar,2020-11-04,2020,11,0,NRSC VIC MODEL
Uttarakhand,Haridwar,2020-12-11,2020,12,0,NRSC VIC MODEL
Uttarakhand,Haridwar,2020-12-14,2020,12,0,NRSC VIC MODEL
Uttarakhand,Haridwar,2020-12-17,2020,12,0,NRSC VIC MODEL
Uttarakhand,Haridwar,2020-12-22,2020,12,0,NRSC VIC MODEL
Uttarakhand,Haridwar,2020-12-29,2020,12,0,NRSC VIC MODEL
Uttarakhand,Haridwar,2020-12-30,2020,12,0,NRSC VIC MODEL
Uttarakhand,Haridwar,2020-12-31,2020,12,0,NRSC VIC MODEL
Uttarakhand,Bageshwar,2020-05-20,2020,05,0,NRSC VIC MODEL
Uttarakhand,Bageshwar,2020-05-22,2020,05,2.443053817,NRSC VIC MODEL
Uttarakhand,Bageshwar,2020-06-13,2020,06,9.819062718,NRSC VIC MODEL
Uttarakhand,Bageshwar,2020-06-14,2020,06,4.233736563,NRSC VIC MODEL
Uttarakhand,Udam Singh Nagar,2020-07-08,2020,07,7.341224695,NRSC VIC MODEL
Uttarakhand,Udam Singh Nagar,2020-07-11,2020,07,32.94123481,NRSC VIC MODEL
Uttarakhand,Udam Singh Nagar,2020-07-13,2020,07,1.371344302,NRSC VIC MODEL
Uttarakhand,Udam Singh Nagar,2020-07-14,2020,07,1.168371562,NRSC VIC MODEL
Uttarakhand,Udam Singh Nagar,2020-07-21,2020,07,9.213735632,NRSC VIC MODEL
Uttarakhand,Udam Singh Nagar,2020-07-25,2020,07,5.372471978,NRSC VIC MODEL
Uttarakhand,Udam Singh Nagar,2020-07-27,2020,07,42.40723627,NRSC VIC MODEL
Uttarakhand,Udam Singh Nagar,2020-07-30,2020,07,7.544712799,NRSC VIC MODEL
Uttarakhand,Udam Singh Nagar,2020-07-31,2020,07,6.966362763,NRSC VIC MODEL
Uttarakhand,Udam Singh Nagar,2020-08-01,2020,08,15.02081139,NRSC VIC MODEL
Uttarakhand,Udam Singh Nagar,2020-08-15,2020,08,0.282722858,NRSC VIC MODEL
Uttarakhand,Udam Singh Nagar,2020-08-16,2020,08,0.408512197,NRSC VIC MODEL
Uttarakhand,Udam Singh Nagar,2020-08-17,2020,08,0.777179651,NRSC VIC MODEL
Uttarakhand,Udam Singh Nagar,2020-08-22,2020,08,0.526773174,NRSC VIC MODEL
Uttarakhand,Udam Singh Nagar,2020-09-04,2020,09,0.090865821,NRSC VIC MODEL
Uttarakhand,Udam Singh Nagar,2020-09-06,2020,09,1.609190034,NRSC VIC MODEL
Uttarakhand,Udam Singh Nagar,2020-09-12,2020,09,0.142826681,NRSC VIC MODEL
Uttarakhand,Udam Singh Nagar,2020-09-15,2020,09,0.514960213,NRSC VIC MODEL
Uttarakhand,Udam Singh Nagar,2020-09-19,2020,09,0,NRSC VIC MODEL
Uttarakhand,Udam Singh Nagar,2020-09-27,2020,09,0,NRSC VIC MODEL
Uttarakhand,Udam Singh Nagar,2020-09-28,2020,09,0,NRSC VIC MODEL
Uttarakhand,Udam Singh Nagar,2020-10-04,2020,10,0,NRSC VIC MODEL
Uttarakhand,Udam Singh Nagar,2020-10-06,2020,10,0,NRSC VIC MODEL
Uttarakhand,Udam Singh Nagar,2020-10-13,2020,10,0,NRSC VIC MODEL
Uttarakhand,Udam Singh Nagar,2020-10-15,2020,10,0,NRSC VIC MODEL
Uttarakhand,Udam Singh Nagar,2020-10-16,2020,10,0,NRSC VIC MODEL
Uttarakhand,Udam Singh Nagar,2020-10-18,2020,10,0,NRSC VIC MODEL
Uttarakhand,Udam Singh Nagar,2020-10-20,2020,10,0,NRSC VIC MODEL
Uttarakhand,Udam Singh Nagar,2020-10-21,2020,10,0,NRSC VIC MODEL
Uttarakhand,Udam Singh Nagar,2020-11-01,2020,11,0,NRSC VIC MODEL
Uttarakhand,Udam Singh Nagar,2020-11-02,2020,11,0,NRSC VIC MODEL
Uttarakhand,Udam Singh Nagar,2020-11-05,2020,11,0,NRSC VIC MODEL
Uttarakhand,Udam Singh Nagar,2020-11-07,2020,11,0,NRSC VIC MODEL
Uttarakhand,Udam Singh Nagar,2020-11-10,2020,11,0,NRSC VIC MODEL
Uttarakhand,Udam Singh Nagar,2020-11-11,2020,11,0,NRSC VIC MODEL
Uttarakhand,Udam Singh Nagar,2020-11-12,2020,11,0,NRSC VIC MODEL
Uttarakhand,Udam Singh Nagar,2020-11-13,2020,11,0,NRSC VIC MODEL
Uttarakhand,Udam Singh Nagar,2020-11-16,2020,11,0.360987513,NRSC VIC MODEL
Uttarakhand,Udam Singh Nagar,2020-11-18,2020,11,0,NRSC VIC MODEL
Uttarakhand,Udam Singh Nagar,2020-11-19,2020,11,0,NRSC VIC MODEL
Uttarakhand,Udam Singh Nagar,2020-11-20,2020,11,0,NRSC VIC MODEL
Uttarakhand,Udam Singh Nagar,2020-11-23,2020,11,0,NRSC VIC MODEL
Uttarakhand,Udam Singh Nagar,2020-11-24,2020,11,0,NRSC VIC MODEL
Uttarakhand,Udam Singh Nagar,2020-11-25,2020,11,0,NRSC VIC MODEL
Uttarakhand,Udam Singh Nagar,2020-11-28,2020,11,0,NRSC VIC MODEL
Uttarakhand,Udam Singh Nagar,2020-12-10,2020,12,0,NRSC VIC MODEL
Uttarakhand,Udam Singh Nagar,2020-12-17,2020,12,0,NRSC VIC MODEL
Uttarakhand,Udam Singh Nagar,2020-12-18,2020,12,0,NRSC VIC MODEL
Uttarakhand,Udam Singh Nagar,2020-12-20,2020,12,0,NRSC VIC MODEL
Uttarakhand,Udam Singh Nagar,2020-12-22,2020,12,0,NRSC VIC MODEL
Uttarakhand,Udam Singh Nagar,2020-12-23,2020,12,0,NRSC VIC MODEL
Uttarakhand,Udam Singh Nagar,2020-12-26,2020,12,0,NRSC VIC MODEL
Uttarakhand,Udam Singh Nagar,2020-12-27,2020,12,0,NRSC VIC MODEL
Uttarakhand,Udam Singh Nagar,2020-12-31,2020,12,0,NRSC VIC MODEL
Uttarakhand,Udam Singh Nagar,2020-04-15,2020,04,0.731271797,NRSC VIC MODEL
Uttarakhand,Uttar Kashi,2020-01-12,2020,01,6.542297941,NRSC VIC MODEL
Uttarakhand,Uttar Kashi,2020-01-20,2020,01,0.806699867,NRSC VIC MODEL
Uttarakhand,Uttar Kashi,2020-01-22,2020,01,0.060039341,NRSC VIC MODEL
Uttarakhand,Uttar Kashi,2020-01-24,2020,01,0,NRSC VIC MODEL
Uttarakhand,Uttar Kashi,2020-01-25,2020,01,0,NRSC VIC MODEL
Uttarakhand,Uttar Kashi,2020-01-31,2020,01,0,NRSC VIC MODEL
Uttarakhand,Uttar Kashi,2020-02-04,2020,02,1.227224038,NRSC VIC MODEL
Uttarakhand,Uttar Kashi,2020-02-10,2020,02,0.064766195,NRSC VIC MODEL
Uttarakhand,Uttar Kashi,2020-02-22,2020,02,0.075297958,NRSC VIC MODEL
Uttarakhand,Uttar Kashi,2020-03-09,2020,03,0.129432878,NRSC VIC MODEL
Uttarakhand,Uttar Kashi,2020-03-18,2020,03,4.606175138,NRSC VIC MODEL
Uttarakhand,Uttar Kashi,2020-03-19,2020,03,3.129456125,NRSC VIC MODEL
Uttarakhand,Uttar Kashi,2020-03-23,2020,03,0.757484193,NRSC VIC MODEL
Uttarakhand,Uttar Kashi,2020-03-25,2020,03,2.965276722,NRSC VIC MODEL
Uttarakhand,Uttar Kashi,2020-03-28,2020,03,0.215027086,NRSC VIC MODEL
Uttarakhand,Uttar Kashi,2020-03-30,2020,03,0.649993869,NRSC VIC MODEL
Uttarakhand,Uttar Kashi,2020-04-10,2020,04,13.02045993,NRSC VIC MODEL
Uttarakhand,Uttar Kashi,2020-04-12,2020,04,4.592886873,NRSC VIC MODEL
Uttarakhand,Uttar Kashi,2020-04-19,2020,04,1.562936834,NRSC VIC MODEL
Uttarakhand,Uttar Kashi,2020-04-20,2020,04,5.397931512,NRSC VIC MODEL
Uttarakhand,Uttar Kashi,2020-04-23,2020,04,3.31432754,NRSC VIC MODEL
Uttarakhand,Uttar Kashi,2020-05-10,2020,05,15.99617886,NRSC VIC MODEL
Uttarakhand,Uttar Kashi,2020-05-12,2020,05,1.951378103,NRSC VIC MODEL
Uttarakhand,Uttar Kashi,2020-05-18,2020,05,2.88053169,NRSC VIC MODEL
Uttarakhand,Uttar Kashi,2020-05-26,2020,05,17.78991554,NRSC VIC MODEL
Uttarakhand,Uttar Kashi,2020-05-31,2020,05,8.184921245,NRSC VIC MODEL
Uttarakhand,Uttar Kashi,2020-06-02,2020,06,1.599998688,NRSC VIC MODEL
Uttarakhand,Uttar Kashi,2020-06-21,2020,06,3.903688309,NRSC VIC MODEL
Uttarakhand,Uttar Kashi,2020-06-23,2020,06,3.143477468,NRSC VIC MODEL
Uttarakhand,Uttar Kashi,2020-07-14,2020,07,7.160139251,NRSC VIC MODEL
Uttarakhand,Uttar Kashi,2020-07-19,2020,07,2.876226106,NRSC VIC MODEL
Uttarakhand,Tehri Garhwal,2020-05-18,2020,05,4.241196557,NRSC VIC MODEL
Uttarakhand,Tehri Garhwal,2020-05-19,2020,05,0.251985986,NRSC VIC MODEL
Uttarakhand,Tehri Garhwal,2020-05-25,2020,05,0.484221718,NRSC VIC MODEL
Uttarakhand,Tehri Garhwal,2020-05-30,2020,05,0.225139263,NRSC VIC MODEL
Uttarakhand,Tehri Garhwal,2020-06-02,2020,06,1.865588461,NRSC VIC MODEL
Uttarakhand,Tehri Garhwal,2020-06-07,2020,06,0.079682055,NRSC VIC MODEL
Uttarakhand,Tehri Garhwal,2020-06-09,2020,06,0.328262825,NRSC VIC MODEL
Uttarakhand,Tehri Garhwal,2020-06-13,2020,06,13.86304987,NRSC VIC MODEL
Uttarakhand,Tehri Garhwal,2020-06-25,2020,06,3.239988131,NRSC VIC MODEL
Uttarakhand,Tehri Garhwal,2020-07-06,2020,07,2.483069903,NRSC VIC MODEL
Uttarakhand,Tehri Garhwal,2020-07-13,2020,07,1.415480196,NRSC VIC MODEL
Uttarakhand,Tehri Garhwal,2020-07-18,2020,07,10.84401258,NRSC VIC MODEL
Uttarakhand,Tehri Garhwal,2020-07-26,2020,07,11.53177768,NRSC VIC MODEL
Uttarakhand,Tehri Garhwal,2020-07-28,2020,07,33.03547169,NRSC VIC MODEL
Uttarakhand,Tehri Garhwal,2020-07-31,2020,07,23.39207699,NRSC VIC MODEL
Uttarakhand,Tehri Garhwal,2020-08-04,2020,08,5.981466257,NRSC VIC MODEL
Uttarakhand,Tehri Garhwal,2020-08-05,2020,08,3.269974463,NRSC VIC MODEL
Uttarakhand,Tehri Garhwal,2020-08-16,2020,08,0.106426622,NRSC VIC MODEL
Uttarakhand,Tehri Garhwal,2020-08-19,2020,08,14.27939882,NRSC VIC MODEL
Uttarakhand,Tehri Garhwal,2020-08-29,2020,08,0.902395867,NRSC VIC MODEL
Uttarakhand,Tehri Garhwal,2020-09-03,2020,09,1.561495859,NRSC VIC MODEL
Uttarakhand,Tehri Garhwal,2020-09-10,2020,09,0.095693381,NRSC VIC MODEL
Uttarakhand,Tehri Garhwal,2020-09-13,2020,09,0.731508506,NRSC VIC MODEL
Uttarakhand,Tehri Garhwal,2020-09-18,2020,09,0.012074896,NRSC VIC MODEL
Uttarakhand,Tehri Garhwal,2020-09-19,2020,09,0.076188303,NRSC VIC MODEL
Uttarakhand,Tehri Garhwal,2020-09-23,2020,09,1.113151497,NRSC VIC MODEL
Uttarakhand,Tehri Garhwal,2020-09-28,2020,09,0.825335828,NRSC VIC MODEL
Uttarakhand,Tehri Garhwal,2020-10-05,2020,10,0,NRSC VIC MODEL
Uttarakhand,Tehri Garhwal,2020-10-08,2020,10,0,NRSC VIC MODEL
Uttarakhand,Tehri Garhwal,2020-10-15,2020,10,0,NRSC VIC MODEL
Uttarakhand,Tehri Garhwal,2020-10-21,2020,10,0,NRSC VIC MODEL
Uttarakhand,Tehri Garhwal,2020-10-25,2020,10,0,NRSC VIC MODEL
Uttarakhand,Tehri Garhwal,2020-11-04,2020,11,0,NRSC VIC MODEL
Uttarakhand,Tehri Garhwal,2020-11-05,2020,11,0,NRSC VIC MODEL
Uttarakhand,Tehri Garhwal,2020-11-19,2020,11,0,NRSC VIC MODEL
Uttarakhand,Tehri Garhwal,2020-11-26,2020,11,5.317796465,NRSC VIC MODEL
Uttarakhand,Tehri Garhwal,2020-12-06,2020,12,0,NRSC VIC MODEL
Uttarakhand,Tehri Garhwal,2020-12-07,2020,12,0,NRSC VIC MODEL
Uttarakhand,Tehri Garhwal,2020-12-08,2020,12,0,NRSC VIC MODEL
Uttarakhand,Tehri Garhwal,2020-12-15,2020,12,0,NRSC VIC MODEL
Uttarakhand,Tehri Garhwal,2020-12-20,2020,12,0,NRSC VIC MODEL
Uttarakhand,Udam Singh Nagar,2020-01-04,2020,01,20.61797215,NRSC VIC MODEL
Uttarakhand,Udam Singh Nagar,2020-01-07,2020,01,3.771881456,NRSC VIC MODEL
Uttarakhand,Udam Singh Nagar,2020-01-15,2020,01,0.055164203,NRSC VIC MODEL
Uttarakhand,Udam Singh Nagar,2020-01-17,2020,01,3.382983422,NRSC VIC MODEL
Uttarakhand,Udam Singh Nagar,2020-01-22,2020,01,0.012126222,NRSC VIC MODEL
Uttarakhand,Udam Singh Nagar,2020-01-25,2020,01,0,NRSC VIC MODEL
Uttarakhand,Udam Singh Nagar,2020-01-26,2020,01,0,NRSC VIC MODEL
Uttarakhand,Udam Singh Nagar,2020-01-28,2020,01,17.48601163,NRSC VIC MODEL
Uttarakhand,Udam Singh Nagar,2020-01-31,2020,01,0,NRSC VIC MODEL
Uttarakhand,Udam Singh Nagar,2020-02-05,2020,02,0,NRSC VIC MODEL
Uttarakhand,Udam Singh Nagar,2020-02-06,2020,02,0,NRSC VIC MODEL
Uttarakhand,Udam Singh Nagar,2020-02-11,2020,02,0,NRSC VIC MODEL
Uttarakhand,Udam Singh Nagar,2020-02-13,2020,02,0,NRSC VIC MODEL
Uttarakhand,Udam Singh Nagar,2020-02-16,2020,02,0,NRSC VIC MODEL
Uttarakhand,Udam Singh Nagar,2020-02-21,2020,02,39.04459458,NRSC VIC MODEL
Uttarakhand,Udam Singh Nagar,2020-02-23,2020,02,5.232737484,NRSC VIC MODEL
Uttarakhand,Udam Singh Nagar,2020-03-01,2020,03,0.328367977,NRSC VIC MODEL
Uttarakhand,Udam Singh Nagar,2020-03-03,2020,03,0,NRSC VIC MODEL
Uttarakhand,Udam Singh Nagar,2020-03-05,2020,03,4.311174954,NRSC VIC MODEL
Uttarakhand,Udam Singh Nagar,2020-03-07,2020,03,13.65991585,NRSC VIC MODEL
Uttarakhand,Udam Singh Nagar,2020-03-10,2020,03,0,NRSC VIC MODEL
Uttarakhand,Udam Singh Nagar,2020-03-11,2020,03,3.292693597,NRSC VIC MODEL
Uttarakhand,Udam Singh Nagar,2020-03-12,2020,03,2.783634812,NRSC VIC MODEL
Uttarakhand,Udam Singh Nagar,2020-03-15,2020,03,2.911596766,NRSC VIC MODEL
Uttarakhand,Udam Singh Nagar,2020-03-18,2020,03,0,NRSC VIC MODEL
Uttarakhand,Udam Singh Nagar,2020-03-23,2020,03,0,NRSC VIC MODEL
Uttarakhand,Udam Singh Nagar,2020-03-25,2020,03,1.871480209,NRSC VIC MODEL
Uttarakhand,Udam Singh Nagar,2020-03-31,2020,03,0,NRSC VIC MODEL
Uttarakhand,Udam Singh Nagar,2020-04-05,2020,04,0,NRSC VIC MODEL
Uttarakhand,Udam Singh Nagar,2020-04-07,2020,04,1.339502865,NRSC VIC MODEL
Uttarakhand,Udam Singh Nagar,2020-04-17,2020,04,14.7886852,NRSC VIC MODEL
Uttarakhand,Udam Singh Nagar,2020-04-23,2020,04,0,NRSC VIC MODEL
Uttarakhand,Udam Singh Nagar,2020-05-06,2020,05,12.0725227,NRSC VIC MODEL
Uttarakhand,Udam Singh Nagar,2020-05-07,2020,05,0.028051993,NRSC VIC MODEL
Uttarakhand,Udam Singh Nagar,2020-05-11,2020,05,2.131062194,NRSC VIC MODEL
Uttarakhand,Udam Singh Nagar,2020-05-16,2020,05,0.016168296,NRSC VIC MODEL
Uttarakhand,Udam Singh Nagar,2020-05-19,2020,05,0,NRSC VIC MODEL
Uttarakhand,Udam Singh Nagar,2020-05-20,2020,05,0,NRSC VIC MODEL
Uttarakhand,Udam Singh Nagar,2020-05-25,2020,05,0.066694219,NRSC VIC MODEL
Uttarakhand,Udam Singh Nagar,2020-05-30,2020,05,0.379904419,NRSC VIC MODEL
Uttarakhand,Udam Singh Nagar,2020-06-01,2020,06,0,NRSC VIC MODEL
Uttarakhand,Udam Singh Nagar,2020-06-08,2020,06,0,NRSC VIC MODEL
Uttarakhand,Udam Singh Nagar,2020-06-18,2020,06,0.147303278,NRSC VIC MODEL
Uttarakhand,Udam Singh Nagar,2020-06-24,2020,06,10.64458937,NRSC VIC MODEL
Uttarakhand,Uttar Kashi,2020-07-29,2020,07,5.501819475,NRSC VIC MODEL
Uttarakhand,Uttar Kashi,2020-07-30,2020,07,4.700559636,NRSC VIC MODEL
Uttarakhand,Uttar Kashi,2020-08-06,2020,08,4.420530841,NRSC VIC MODEL
Uttarakhand,Uttar Kashi,2020-08-07,2020,08,5.603183132,NRSC VIC MODEL
Uttarakhand,Uttar Kashi,2020-08-12,2020,08,3.791567327,NRSC VIC MODEL
Uttarakhand,Uttar Kashi,2020-08-18,2020,08,6.324199229,NRSC VIC MODEL
Uttarakhand,Uttar Kashi,2020-08-26,2020,08,6.36931498,NRSC VIC MODEL
Uttarakhand,Uttar Kashi,2020-08-27,2020,08,3.667425208,NRSC VIC MODEL
Uttarakhand,Uttar Kashi,2020-09-05,2020,09,14.56374964,NRSC VIC MODEL
Uttarakhand,Uttar Kashi,2020-09-09,2020,09,0.856718277,NRSC VIC MODEL
Uttarakhand,Uttar Kashi,2020-09-15,2020,09,3.076269893,NRSC VIC MODEL
Uttarakhand,Uttar Kashi,2020-09-17,2020,09,0.304674779,NRSC VIC MODEL
Uttarakhand,Uttar Kashi,2020-09-25,2020,09,0.418805918,NRSC VIC MODEL
Uttarakhand,Uttar Kashi,2020-09-29,2020,09,1.621831779,NRSC VIC MODEL
Uttarakhand,Uttar Kashi,2020-10-04,2020,10,0,NRSC VIC MODEL
Uttarakhand,Uttar Kashi,2020-10-05,2020,10,0,NRSC VIC MODEL
Uttarakhand,Uttar Kashi,2020-10-10,2020,10,0,NRSC VIC MODEL
Uttarakhand,Uttar Kashi,2020-10-25,2020,10,0,NRSC VIC MODEL
Uttarakhand,Uttar Kashi,2020-10-27,2020,10,0,NRSC VIC MODEL
Uttarakhand,Uttar Kashi,2020-10-30,2020,10,0,NRSC VIC MODEL
Uttarakhand,Uttar Kashi,2020-11-05,2020,11,0,NRSC VIC MODEL
Uttarakhand,Uttar Kashi,2020-11-07,2020,11,0,NRSC VIC MODEL
Uttarakhand,Uttar Kashi,2020-11-09,2020,11,0,NRSC VIC MODEL
Uttarakhand,Uttar Kashi,2020-11-10,2020,11,0,NRSC VIC MODEL
Uttarakhand,Uttar Kashi,2020-11-17,2020,11,5.525085549,NRSC VIC MODEL
Uttarakhand,Uttar Kashi,2020-11-20,2020,11,0,NRSC VIC MODEL
Uttarakhand,Uttar Kashi,2020-11-22,2020,11,0,NRSC VIC MODEL
Uttarakhand,Uttar Kashi,2020-11-24,2020,11,1.614769693,NRSC VIC MODEL
Uttarakhand,Uttar Kashi,2020-12-07,2020,12,0,NRSC VIC MODEL
Uttarakhand,Uttar Kashi,2020-12-08,2020,12,0,NRSC VIC MODEL
Uttarakhand,Uttar Kashi,2020-12-09,2020,12,0,NRSC VIC MODEL
Uttarakhand,Uttar Kashi,2020-12-12,2020,12,6.693819327,NRSC VIC MODEL
Uttarakhand,Uttar Kashi,2020-12-14,2020,12,0,NRSC VIC MODEL
Uttarakhand,Uttar Kashi,2020-12-16,2020,12,0,NRSC VIC MODEL
Uttarakhand,Uttar Kashi,2020-12-21,2020,12,0,NRSC VIC MODEL
Uttarakhand,Uttar Kashi,2020-12-29,2020,12,0.045284922,NRSC VIC MODEL
Uttarakhand,Rudra Prayag,2020-07-29,2020,07,8.621993377,NRSC VIC MODEL
Uttarakhand,Rudra Prayag,2020-07-30,2020,07,21.22085232,NRSC VIC MODEL
Uttarakhand,Rudra Prayag,2020-08-03,2020,08,7.453076475,NRSC VIC MODEL
Uttarakhand,Rudra Prayag,2020-08-07,2020,08,3.556709108,NRSC VIC MODEL
Uttarakhand,Rudra Prayag,2020-08-11,2020,08,2.3089401,NRSC VIC MODEL
Uttarakhand,Rudra Prayag,2020-08-12,2020,08,6.123778779,NRSC VIC MODEL
Uttarakhand,Rudra Prayag,2020-08-16,2020,08,0.511628654,NRSC VIC MODEL
Uttarakhand,Rudra Prayag,2020-08-28,2020,08,4.700078034,NRSC VIC MODEL
Uttarakhand,Rudra Prayag,2020-09-10,2020,09,0.397097709,NRSC VIC MODEL
Uttarakhand,Rudra Prayag,2020-09-12,2020,09,0.763026621,NRSC VIC MODEL
Uttarakhand,Rudra Prayag,2020-09-17,2020,09,0,NRSC VIC MODEL
Uttarakhand,Rudra Prayag,2020-09-23,2020,09,0.77980879,NRSC VIC MODEL
Uttarakhand,Rudra Prayag,2020-09-30,2020,09,0.399346038,NRSC VIC MODEL
Uttarakhand,Rudra Prayag,2020-10-02,2020,10,0,NRSC VIC MODEL
Uttarakhand,Rudra Prayag,2020-10-16,2020,10,0,NRSC VIC MODEL
Uttarakhand,Rudra Prayag,2020-10-25,2020,10,0,NRSC VIC MODEL
Uttarakhand,Rudra Prayag,2020-10-26,2020,10,0,NRSC VIC MODEL
Uttarakhand,Rudra Prayag,2020-10-28,2020,10,0,NRSC VIC MODEL
Uttarakhand,Rudra Prayag,2020-10-31,2020,10,0,NRSC VIC MODEL
Uttarakhand,Rudra Prayag,2020-11-04,2020,11,0.165881171,NRSC VIC MODEL
Uttarakhand,Rudra Prayag,2020-11-10,2020,11,0,NRSC VIC MODEL
Uttarakhand,Rudra Prayag,2020-11-12,2020,11,0,NRSC VIC MODEL
Uttarakhand,Rudra Prayag,2020-11-18,2020,11,0,NRSC VIC MODEL
Uttarakhand,Rudra Prayag,2020-11-19,2020,11,0,NRSC VIC MODEL
Uttarakhand,Rudra Prayag,2020-11-30,2020,11,0,NRSC VIC MODEL
Uttarakhand,Rudra Prayag,2020-12-04,2020,12,0,NRSC VIC MODEL
Uttarakhand,Rudra Prayag,2020-12-07,2020,12,0,NRSC VIC MODEL
Uttarakhand,Rudra Prayag,2020-12-08,2020,12,0,NRSC VIC MODEL
Uttarakhand,Rudra Prayag,2020-07-09,2020,07,2.091333982,NRSC VIC MODEL
Uttarakhand,Rudra Prayag,2020-09-22,2020,09,0.518320109,NRSC VIC MODEL
Uttarakhand,Tehri Garhwal,2020-01-01,2020,01,0,NRSC VIC MODEL
Uttarakhand,Tehri Garhwal,2020-01-07,2020,01,13.22542317,NRSC VIC MODEL
Uttarakhand,Tehri Garhwal,2020-01-11,2020,01,0,NRSC VIC MODEL
Uttarakhand,Tehri Garhwal,2020-01-15,2020,01,0,NRSC VIC MODEL
Uttarakhand,Tehri Garhwal,2020-01-20,2020,01,0.105840924,NRSC VIC MODEL
Uttarakhand,Tehri Garhwal,2020-01-21,2020,01,0.012912579,NRSC VIC MODEL
Uttarakhand,Tehri Garhwal,2020-02-08,2020,02,0,NRSC VIC MODEL
Uttarakhand,Tehri Garhwal,2020-02-11,2020,02,0,NRSC VIC MODEL
Uttarakhand,Tehri Garhwal,2020-02-16,2020,02,0.185141595,NRSC VIC MODEL
Uttarakhand,Tehri Garhwal,2020-02-28,2020,02,0.021098718,NRSC VIC MODEL
Uttarakhand,Tehri Garhwal,2020-02-29,2020,02,2.920789992,NRSC VIC MODEL
Uttarakhand,Tehri Garhwal,2020-03-01,2020,03,1.084002848,NRSC VIC MODEL
Uttarakhand,Tehri Garhwal,2020-03-11,2020,03,10.94796021,NRSC VIC MODEL
Uttarakhand,Tehri Garhwal,2020-03-16,2020,03,0,NRSC VIC MODEL
Uttarakhand,Tehri Garhwal,2020-03-18,2020,03,3.236637398,NRSC VIC MODEL
Uttarakhand,Tehri Garhwal,2020-03-19,2020,03,2.501063065,NRSC VIC MODEL
Uttarakhand,Tehri Garhwal,2020-04-01,2020,04,0.058733166,NRSC VIC MODEL
Uttarakhand,Tehri Garhwal,2020-04-02,2020,04,0.667272511,NRSC VIC MODEL
Uttarakhand,Tehri Garhwal,2020-04-03,2020,04,0.29839908,NRSC VIC MODEL
Uttarakhand,Tehri Garhwal,2020-04-04,2020,04,0.849083805,NRSC VIC MODEL
Uttarakhand,Tehri Garhwal,2020-04-13,2020,04,4.479452711,NRSC VIC MODEL
Uttarakhand,Tehri Garhwal,2020-04-14,2020,04,24.9144401,NRSC VIC MODEL
Uttarakhand,Tehri Garhwal,2020-04-16,2020,04,2.940478951,NRSC VIC MODEL
Uttarakhand,Tehri Garhwal,2020-04-17,2020,04,10.52502557,NRSC VIC MODEL
Uttarakhand,Tehri Garhwal,2020-04-20,2020,04,7.593127759,NRSC VIC MODEL
Uttarakhand,Tehri Garhwal,2020-05-14,2020,05,6.160607862,NRSC VIC MODEL
Uttarakhand,Tehri Garhwal,2020-05-16,2020,05,0.24858077,NRSC VIC MODEL
Uttarakhand,Almora,2020-01-01,2020,01,0,NRSC VIC MODEL
Uttarakhand,Almora,2020-01-02,2020,01,1.682864635,NRSC VIC MODEL
Uttarakhand,Almora,2020-01-18,2020,01,2.879349891,NRSC VIC MODEL
Uttarakhand,Almora,2020-01-23,2020,01,0,NRSC VIC MODEL
Uttarakhand,Almora,2020-01-25,2020,01,0,NRSC VIC MODEL
Uttarakhand,Almora,2020-02-01,2020,02,0.533722044,NRSC VIC MODEL
Uttarakhand,Almora,2020-02-02,2020,02,0,NRSC VIC MODEL
Uttarakhand,Almora,2020-02-17,2020,02,0,NRSC VIC MODEL
Uttarakhand,Almora,2020-03-07,2020,03,0.85343,NRSC VIC MODEL
Uttarakhand,Almora,2020-03-10,2020,03,0,NRSC VIC MODEL
Uttarakhand,Almora,2020-03-17,2020,03,0,NRSC VIC MODEL
Uttarakhand,Almora,2020-03-18,2020,03,0.126176049,NRSC VIC MODEL
Uttarakhand,Almora,2020-03-21,2020,03,1.017202197,NRSC VIC MODEL
Uttarakhand,Almora,2020-03-22,2020,03,0.522585603,NRSC VIC MODEL
Uttarakhand,Almora,2020-03-26,2020,03,0.248369925,NRSC VIC MODEL
Uttarakhand,Almora,2020-04-02,2020,04,0.056918641,NRSC VIC MODEL
Uttarakhand,Almora,2020-04-05,2020,04,0,NRSC VIC MODEL
Uttarakhand,Almora,2020-04-07,2020,04,1.591445197,NRSC VIC MODEL
Uttarakhand,Bageshwar,2020-11-02,2020,11,0,NRSC VIC MODEL
Uttarakhand,Bageshwar,2020-11-12,2020,11,0,NRSC VIC MODEL
Uttarakhand,Bageshwar,2020-11-23,2020,11,0,NRSC VIC MODEL
Uttarakhand,Bageshwar,2020-11-28,2020,11,0,NRSC VIC MODEL
Uttarakhand,Bageshwar,2020-11-29,2020,11,0,NRSC VIC MODEL
Uttarakhand,Bageshwar,2020-12-01,2020,12,0,NRSC VIC MODEL
Uttarakhand,Bageshwar,2020-12-02,2020,12,0,NRSC VIC MODEL
Uttarakhand,Bageshwar,2020-12-08,2020,12,0,NRSC VIC MODEL
Uttarakhand,Bageshwar,2020-12-27,2020,12,0,NRSC VIC MODEL
Uttarakhand,Chamoli,2020-01-05,2020,01,0.341389765,NRSC VIC MODEL
Uttarakhand,Chamoli,2020-01-21,2020,01,0,NRSC VIC MODEL
Uttarakhand,Chamoli,2020-01-26,2020,01,0,NRSC VIC MODEL
Uttarakhand,Chamoli,2020-01-29,2020,01,1.621930524,NRSC VIC MODEL
Uttarakhand,Chamoli,2020-02-01,2020,02,0.155659935,NRSC VIC MODEL
Uttarakhand,Chamoli,2020-02-13,2020,02,0,NRSC VIC MODEL
Uttarakhand,Chamoli,2020-02-21,2020,02,10.88523431,NRSC VIC MODEL
Uttarakhand,Chamoli,2020-02-23,2020,02,2.660115881,NRSC VIC MODEL
Uttarakhand,Chamoli,2020-02-25,2020,02,1.992784636,NRSC VIC MODEL
Uttarakhand,Chamoli,2020-03-19,2020,03,1.234580322,NRSC VIC MODEL
Uttarakhand,Chamoli,2020-04-02,2020,04,0.002388174,NRSC VIC MODEL
Uttarakhand,Chamoli,2020-04-04,2020,04,0.236408781,NRSC VIC MODEL
Uttarakhand,Chamoli,2020-04-05,2020,04,0.331044415,NRSC VIC MODEL
Uttarakhand,Chamoli,2020-04-08,2020,04,6.362948526,NRSC VIC MODEL
Uttarakhand,Chamoli,2020-04-20,2020,04,7.0764035,NRSC VIC MODEL
Uttarakhand,Chamoli,2020-04-21,2020,04,5.920421987,NRSC VIC MODEL
Uttarakhand,Chamoli,2020-04-24,2020,04,3.698590405,NRSC VIC MODEL
Uttarakhand,Chamoli,2020-04-29,2020,04,7.062404448,NRSC VIC MODEL
Uttarakhand,Chamoli,2020-05-07,2020,05,0.259188283,NRSC VIC MODEL
Uttarakhand,Chamoli,2020-05-10,2020,05,17.29051679,NRSC VIC MODEL
Uttarakhand,Chamoli,2020-05-29,2020,05,0.078081712,NRSC VIC MODEL
Uttarakhand,Chamoli,2020-05-31,2020,05,2.586167546,NRSC VIC MODEL
Uttarakhand,Chamoli,2020-06-04,2020,06,2.978539036,NRSC VIC MODEL
Uttarakhand,Chamoli,2020-06-05,2020,06,0.792264705,NRSC VIC MODEL
Uttarakhand,Nainital,2020-01-21,2020,01,0,NRSC VIC MODEL
Uttarakhand,Nainital,2020-01-23,2020,01,0,NRSC VIC MODEL
Uttarakhand,Nainital,2020-02-01,2020,02,0,NRSC VIC MODEL
Uttarakhand,Nainital,2020-02-04,2020,02,0,NRSC VIC MODEL
Uttarakhand,Nainital,2020-02-05,2020,02,0,NRSC VIC MODEL
Uttarakhand,Nainital,2020-02-20,2020,02,4.448209871,NRSC VIC MODEL
Uttarakhand,Nainital,2020-02-21,2020,02,46.8717847,NRSC VIC MODEL
Uttarakhand,Nainital,2020-02-25,2020,02,2.24536251,NRSC VIC MODEL
Uttarakhand,Nainital,2020-03-27,2020,03,1.867246186,NRSC VIC MODEL
Uttarakhand,Nainital,2020-04-04,2020,04,0,NRSC VIC MODEL
Uttarakhand,Nainital,2020-04-08,2020,04,0.127181147,NRSC VIC MODEL
Uttarakhand,Nainital,2020-04-14,2020,04,25.076517,NRSC VIC MODEL
Uttarakhand,Nainital,2020-04-17,2020,04,6.583243477,NRSC VIC MODEL
Uttarakhand,Nainital,2020-04-18,2020,04,10.30493138,NRSC VIC MODEL
Uttarakhand,Nainital,2020-05-02,2020,05,0.178034716,NRSC VIC MODEL
Uttarakhand,Nainital,2020-05-04,2020,05,0.001389737,NRSC VIC MODEL
Uttarakhand,Nainital,2020-05-10,2020,05,36.30501613,NRSC VIC MODEL
Uttarakhand,Nainital,2020-05-11,2020,05,0.634489014,NRSC VIC MODEL
Uttarakhand,Nainital,2020-05-13,2020,05,0.200769729,NRSC VIC MODEL
Uttarakhand,Nainital,2020-05-15,2020,05,0,NRSC VIC MODEL
Uttarakhand,Nainital,2020-05-18,2020,05,0,NRSC VIC MODEL
Uttarakhand,Nainital,2020-05-22,2020,05,0,NRSC VIC MODEL
Uttarakhand,Nainital,2020-05-28,2020,05,0.281624071,NRSC VIC MODEL
Uttarakhand,Nainital,2020-06-01,2020,06,0,NRSC VIC MODEL
Uttarakhand,Nainital,2020-06-08,2020,06,0.002698518,NRSC VIC MODEL
Uttarakhand,Nainital,2020-06-12,2020,06,0.278885075,NRSC VIC MODEL
Uttarakhand,Nainital,2020-06-15,2020,06,3.109367215,NRSC VIC MODEL
Uttarakhand,Nainital,2020-06-16,2020,06,0.597836395,NRSC VIC MODEL
Uttarakhand,Nainital,2020-06-17,2020,06,0.662580585,NRSC VIC MODEL
Uttarakhand,Nainital,2020-06-23,2020,06,31.32770111,NRSC VIC MODEL
Uttarakhand,Nainital,2020-07-01,2020,07,0.093125852,NRSC VIC MODEL
Uttarakhand,Nainital,2020-07-02,2020,07,32.75442775,NRSC VIC MODEL
Uttarakhand,Nainital,2020-07-03,2020,07,15.87675012,NRSC VIC MODEL
Uttarakhand,Nainital,2020-07-12,2020,07,5.551323498,NRSC VIC MODEL
Uttarakhand,Nainital,2020-07-13,2020,07,0.165297712,NRSC VIC MODEL
Uttarakhand,Nainital,2020-07-16,2020,07,1.664344627,NRSC VIC MODEL
Uttarakhand,Nainital,2020-07-19,2020,07,1.923145984,NRSC VIC MODEL
Uttarakhand,Nainital,2020-07-23,2020,07,0,NRSC VIC MODEL
Uttarakhand,Nainital,2020-07-27,2020,07,26.23146241,NRSC VIC MODEL
Uttarakhand,Nainital,2020-08-06,2020,08,14.57003332,NRSC VIC MODEL
Uttarakhand,Nainital,2020-08-10,2020,08,0.659915799,NRSC VIC MODEL
Uttarakhand,Nainital,2020-08-12,2020,08,20.29344805,NRSC VIC MODEL
Uttarakhand,Nainital,2020-08-13,2020,08,38.51888019,NRSC VIC MODEL
Uttarakhand,Nainital,2020-08-17,2020,08,1.541568811,NRSC VIC MODEL
Uttarakhand,Nainital,2020-08-18,2020,08,22.90052664,NRSC VIC MODEL
Uttarakhand,Nainital,2020-08-20,2020,08,6.714350968,NRSC VIC MODEL
Uttarakhand,Nainital,2020-08-26,2020,08,13.93860038,NRSC VIC MODEL
Uttarakhand,Nainital,2020-09-02,2020,09,5.340326386,NRSC VIC MODEL
Uttarakhand,Nainital,2020-09-11,2020,09,0.009040035,NRSC VIC MODEL
Uttarakhand,Nainital,2020-09-13,2020,09,4.541275006,NRSC VIC MODEL
Uttarakhand,Nainital,2020-09-15,2020,09,0.620051943,NRSC VIC MODEL
Uttarakhand,Nainital,2020-09-18,2020,09,0.315841278,NRSC VIC MODEL
Uttarakhand,Nainital,2020-09-24,2020,09,3.186936111,NRSC VIC MODEL
Uttarakhand,Nainital,2020-10-04,2020,10,0,NRSC VIC MODEL
Uttarakhand,Nainital,2020-10-05,2020,10,0,NRSC VIC MODEL
Uttarakhand,Nainital,2020-10-09,2020,10,0,NRSC VIC MODEL
Uttarakhand,Nainital,2020-10-10,2020,10,0,NRSC VIC MODEL
Uttarakhand,Nainital,2020-10-19,2020,10,0,NRSC VIC MODEL
Uttarakhand,Nainital,2020-10-20,2020,10,0,NRSC VIC MODEL
Uttarakhand,Nainital,2020-10-21,2020,10,0,NRSC VIC MODEL
Uttarakhand,Nainital,2020-10-24,2020,10,0,NRSC VIC MODEL
Uttarakhand,Nainital,2020-10-25,2020,10,0,NRSC VIC MODEL
Uttarakhand,Nainital,2020-11-04,2020,11,0,NRSC VIC MODEL
Uttarakhand,Nainital,2020-11-08,2020,11,0,NRSC VIC MODEL
Uttarakhand,Nainital,2020-11-16,2020,11,0.090036049,NRSC VIC MODEL
Uttarakhand,Nainital,2020-11-23,2020,11,0,NRSC VIC MODEL
Uttarakhand,Nainital,2020-11-24,2020,11,0,NRSC VIC MODEL
Uttarakhand,Nainital,2020-11-26,2020,11,0,NRSC VIC MODEL
Uttarakhand,Nainital,2020-12-14,2020,12,0,NRSC VIC MODEL
Uttarakhand,Nainital,2020-12-17,2020,12,0,NRSC VIC MODEL
Uttarakhand,Nainital,2020-12-18,2020,12,0,NRSC VIC MODEL
Uttarakhand,Nainital,2020-12-24,2020,12,0,NRSC VIC MODEL
Uttarakhand,Nainital,2020-12-26,2020,12,0,NRSC VIC MODEL
Uttarakhand,Nainital,2020-12-28,2020,12,0,NRSC VIC MODEL
Uttarakhand,Pauri Garhwal,2020-01-04,2020,01,11.13945637,NRSC VIC MODEL
Uttarakhand,Pauri Garhwal,2020-01-07,2020,01,12.58754377,NRSC VIC MODEL
Uttarakhand,Pauri Garhwal,2020-01-09,2020,01,2.01345621,NRSC VIC MODEL
Uttarakhand,Pauri Garhwal,2020-01-21,2020,01,0,NRSC VIC MODEL
Uttarakhand,Pauri Garhwal,2020-01-23,2020,01,0,NRSC VIC MODEL
Uttarakhand,Pauri Garhwal,2020-01-25,2020,01,0,NRSC VIC MODEL
Uttarakhand,Pauri Garhwal,2020-01-29,2020,01,34.34175329,NRSC VIC MODEL
Uttarakhand,Pauri Garhwal,2020-02-03,2020,02,0,NRSC VIC MODEL
Uttarakhand,Pauri Garhwal,2020-02-09,2020,02,0,NRSC VIC MODEL
Uttarakhand,Pauri Garhwal,2020-02-11,2020,02,0,NRSC VIC MODEL
Uttarakhand,Pauri Garhwal,2020-02-12,2020,02,0,NRSC VIC MODEL
Uttarakhand,Pauri Garhwal,2020-02-16,2020,02,0,NRSC VIC MODEL
Uttarakhand,Pauri Garhwal,2020-02-20,2020,02,1.831518129,NRSC VIC MODEL
Uttarakhand,Pauri Garhwal,2020-02-24,2020,02,1.503197107,NRSC VIC MODEL
Uttarakhand,Pauri Garhwal,2020-03-02,2020,03,0.048670946,NRSC VIC MODEL
Uttarakhand,Pauri Garhwal,2020-03-06,2020,03,18.06616856,NRSC VIC MODEL
Uttarakhand,Pauri Garhwal,2020-03-08,2020,03,0,NRSC VIC MODEL
Uttarakhand,Pauri Garhwal,2020-03-09,2020,03,0,NRSC VIC MODEL
Uttarakhand,Pauri Garhwal,2020-03-10,2020,03,0.343267059,NRSC VIC MODEL
Uttarakhand,Pauri Garhwal,2020-03-12,2020,03,17.26658603,NRSC VIC MODEL
Uttarakhand,Pauri Garhwal,2020-03-21,2020,03,1.854996791,NRSC VIC MODEL
Uttarakhand,Pauri Garhwal,2020-03-26,2020,03,0.740224255,NRSC VIC MODEL
Uttarakhand,Pauri Garhwal,2020-03-29,2020,03,0,NRSC VIC MODEL
Uttarakhand,Pauri Garhwal,2020-04-03,2020,04,0,NRSC VIC MODEL
Uttarakhand,Pauri Garhwal,2020-04-09,2020,04,0.064585332,NRSC VIC MODEL
Uttarakhand,Pauri Garhwal,2020-04-19,2020,04,0.897426341,NRSC VIC MODEL
Uttarakhand,Pauri Garhwal,2020-04-20,2020,04,8.092721039,NRSC VIC MODEL
Uttarakhand,Pauri Garhwal,2020-04-25,2020,04,2.937611013,NRSC VIC MODEL
Uttarakhand,Pauri Garhwal,2020-04-28,2020,04,0.126600229,NRSC VIC MODEL
Uttarakhand,Pauri Garhwal,2020-05-13,2020,05,0.608863399,NRSC VIC MODEL
Uttarakhand,Pauri Garhwal,2020-05-15,2020,05,0,NRSC VIC MODEL
Uttarakhand,Champawat,2020-07-22,2020,07,2.501083804,NRSC VIC MODEL
Uttarakhand,Champawat,2020-07-25,2020,07,30.65551816,NRSC VIC MODEL
Uttarakhand,Champawat,2020-08-03,2020,08,8.808509566,NRSC VIC MODEL
Uttarakhand,Champawat,2020-08-07,2020,08,0.504031979,NRSC VIC MODEL
Uttarakhand,Champawat,2020-08-23,2020,08,0.005145824,NRSC VIC MODEL
Uttarakhand,Champawat,2020-08-24,2020,08,2.984562934,NRSC VIC MODEL
Uttarakhand,Champawat,2020-08-25,2020,08,4.699568774,NRSC VIC MODEL
Uttarakhand,Champawat,2020-08-28,2020,08,6.646943603,NRSC VIC MODEL
Uttarakhand,Champawat,2020-09-02,2020,09,9.766120085,NRSC VIC MODEL
Uttarakhand,Champawat,2020-09-06,2020,09,2.864945353,NRSC VIC MODEL
Uttarakhand,Champawat,2020-09-30,2020,09,0,NRSC VIC MODEL
Uttarakhand,Champawat,2020-10-08,2020,10,0,NRSC VIC MODEL
Uttarakhand,Champawat,2020-10-17,2020,10,0,NRSC VIC MODEL
Uttarakhand,Champawat,2020-10-24,2020,10,0,NRSC VIC MODEL
Uttarakhand,Champawat,2020-10-31,2020,10,0,NRSC VIC MODEL
Uttarakhand,Champawat,2020-11-06,2020,11,0,NRSC VIC MODEL
Uttarakhand,Champawat,2020-11-09,2020,11,0,NRSC VIC MODEL
Uttarakhand,Champawat,2020-11-14,2020,11,0,NRSC VIC MODEL
Uttarakhand,Champawat,2020-11-16,2020,11,0.002314099,NRSC VIC MODEL
Uttarakhand,Champawat,2020-11-18,2020,11,0,NRSC VIC MODEL
Uttarakhand,Champawat,2020-12-03,2020,12,0,NRSC VIC MODEL
Uttarakhand,Champawat,2020-12-11,2020,12,0,NRSC VIC MODEL
Uttarakhand,Champawat,2020-12-24,2020,12,0,NRSC VIC MODEL
Uttarakhand,Champawat,2020-12-25,2020,12,0,NRSC VIC MODEL
Uttarakhand,Champawat,2020-12-27,2020,12,0,NRSC VIC MODEL
Uttarakhand,Champawat,2020-12-29,2020,12,0,NRSC VIC MODEL
Uttarakhand,Dehradun,2020-01-01,2020,01,0,NRSC VIC MODEL
Uttarakhand,Dehradun,2020-01-16,2020,01,12.85098648,NRSC VIC MODEL
Uttarakhand,Dehradun,2020-01-17,2020,01,2.141434686,NRSC VIC MODEL
Uttarakhand,Dehradun,2020-01-23,2020,01,0,NRSC VIC MODEL
Uttarakhand,Dehradun,2020-02-03,2020,02,0,NRSC VIC MODEL
Uttarakhand,Dehradun,2020-02-07,2020,02,0.240497765,NRSC VIC MODEL
Uttarakhand,Dehradun,2020-02-10,2020,02,0,NRSC VIC MODEL
Uttarakhand,Dehradun,2020-02-18,2020,02,0.002678875,NRSC VIC MODEL
Uttarakhand,Dehradun,2020-03-01,2020,03,2.601308313,NRSC VIC MODEL
Uttarakhand,Dehradun,2020-03-11,2020,03,5.6810449,NRSC VIC MODEL
Uttarakhand,Dehradun,2020-03-14,2020,03,21.25626745,NRSC VIC MODEL
Uttarakhand,Dehradun,2020-03-21,2020,03,4.784411534,NRSC VIC MODEL
Uttarakhand,Dehradun,2020-03-23,2020,03,0.131393691,NRSC VIC MODEL
Uttarakhand,Dehradun,2020-03-26,2020,03,4.524225751,NRSC VIC MODEL
Uttarakhand,Dehradun,2020-04-14,2020,04,3.556439047,NRSC VIC MODEL
Uttarakhand,Dehradun,2020-04-16,2020,04,0.985336773,NRSC VIC MODEL
Uttarakhand,Dehradun,2020-04-21,2020,04,0.4281736,NRSC VIC MODEL
Uttarakhand,Dehradun,2020-04-26,2020,04,31.46040473,NRSC VIC MODEL
Uttarakhand,Dehradun,2020-05-03,2020,05,25.96809176,NRSC VIC MODEL
Uttarakhand,Dehradun,2020-05-06,2020,05,16.39198765,NRSC VIC MODEL
Uttarakhand,Dehradun,2020-05-14,2020,05,13.6029434,NRSC VIC MODEL
Uttarakhand,Dehradun,2020-05-15,2020,05,0.005623921,NRSC VIC MODEL
Uttarakhand,Dehradun,2020-05-17,2020,05,0.008586139,NRSC VIC MODEL
Uttarakhand,Dehradun,2020-05-27,2020,05,21.66282974,NRSC VIC MODEL
Uttarakhand,Dehradun,2020-05-31,2020,05,22.85286866,NRSC VIC MODEL
Uttarakhand,Dehradun,2020-06-03,2020,06,2.620489749,NRSC VIC MODEL
Uttarakhand,Dehradun,2020-06-08,2020,06,1.147108225,NRSC VIC MODEL
Uttarakhand,Dehradun,2020-06-09,2020,06,0.006868912,NRSC VIC MODEL
Uttarakhand,Dehradun,2020-06-12,2020,06,0.646896916,NRSC VIC MODEL
Uttarakhand,Dehradun,2020-06-14,2020,06,0,NRSC VIC MODEL
Uttarakhand,Dehradun,2020-06-18,2020,06,0.312149098,NRSC VIC MODEL
Uttarakhand,Dehradun,2020-06-20,2020,06,0.741893962,NRSC VIC MODEL
Uttarakhand,Dehradun,2020-06-22,2020,06,0,NRSC VIC MODEL
Uttarakhand,Dehradun,2020-07-09,2020,07,0.91090353,NRSC VIC MODEL
Uttarakhand,Dehradun,2020-07-11,2020,07,43.04121785,NRSC VIC MODEL
Uttarakhand,Dehradun,2020-07-14,2020,07,2.23414782,NRSC VIC MODEL
Uttarakhand,Dehradun,2020-07-16,2020,07,1.49215941,NRSC VIC MODEL
Uttarakhand,Dehradun,2020-07-20,2020,07,7.01687647,NRSC VIC MODEL
Uttarakhand,Dehradun,2020-08-20,2020,08,1.089409369,NRSC VIC MODEL
Uttarakhand,Dehradun,2020-08-24,2020,08,5.106786724,NRSC VIC MODEL
Uttarakhand,Dehradun,2020-08-28,2020,08,11.90124784,NRSC VIC MODEL
Uttarakhand,Dehradun,2020-09-03,2020,09,2.240613183,NRSC VIC MODEL
Uttarakhand,Dehradun,2020-09-14,2020,09,1.554683677,NRSC VIC MODEL
Uttarakhand,Dehradun,2020-09-16,2020,09,0.767901378,NRSC VIC MODEL
Uttarakhand,Dehradun,2020-09-24,2020,09,0.058463023,NRSC VIC MODEL
Uttarakhand,Dehradun,2020-09-29,2020,09,0,NRSC VIC MODEL
Uttarakhand,Dehradun,2020-10-05,2020,10,0,NRSC VIC MODEL
Uttarakhand,Dehradun,2020-10-10,2020,10,0,NRSC VIC MODEL
Uttarakhand,Dehradun,2020-10-13,2020,10,0,NRSC VIC MODEL
Uttarakhand,Dehradun,2020-10-14,2020,10,0,NRSC VIC MODEL
Uttarakhand,Dehradun,2020-10-20,2020,10,0,NRSC VIC MODEL
Uttarakhand,Dehradun,2020-10-21,2020,10,0,NRSC VIC MODEL
Uttarakhand,Dehradun,2020-10-25,2020,10,0,NRSC VIC MODEL
Uttarakhand,Dehradun,2020-10-28,2020,10,0,NRSC VIC MODEL
Uttarakhand,Dehradun,2020-10-29,2020,10,0,NRSC VIC MODEL
Uttarakhand,Dehradun,2020-10-31,2020,10,0,NRSC VIC MODEL
Uttarakhand,Dehradun,2020-11-06,2020,11,0,NRSC VIC MODEL
Uttarakhand,Dehradun,2020-11-12,2020,11,0,NRSC VIC MODEL
Uttarakhand,Dehradun,2020-11-15,2020,11,0,NRSC VIC MODEL
Uttarakhand,Dehradun,2020-11-19,2020,11,0,NRSC VIC MODEL
Uttarakhand,Dehradun,2020-11-20,2020,11,0,NRSC VIC MODEL
Uttarakhand,Dehradun,2020-11-24,2020,11,0.486859863,NRSC VIC MODEL
Uttarakhand,Dehradun,2020-11-25,2020,11,0.460277175,NRSC VIC MODEL
Uttarakhand,Dehradun,2020-11-29,2020,11,0,NRSC VIC MODEL
Uttarakhand,Chamoli,2020-06-28,2020,06,8.471467732,NRSC VIC MODEL
Uttarakhand,Chamoli,2020-06-30,2020,06,7.638280888,NRSC VIC MODEL
Uttarakhand,Chamoli,2020-07-01,2020,07,4.884893558,NRSC VIC MODEL
Uttarakhand,Chamoli,2020-07-02,2020,07,12.65735102,NRSC VIC MODEL
Uttarakhand,Chamoli,2020-07-03,2020,07,13.80373562,NRSC VIC MODEL
Uttarakhand,Chamoli,2020-07-07,2020,07,3.420521261,NRSC VIC MODEL
Uttarakhand,Chamoli,2020-07-14,2020,07,5.228664693,NRSC VIC MODEL
Uttarakhand,Chamoli,2020-07-15,2020,07,3.950733236,NRSC VIC MODEL
Uttarakhand,Chamoli,2020-07-22,2020,07,2.892367471,NRSC VIC MODEL
Uttarakhand,Chamoli,2020-07-25,2020,07,2.170659349,NRSC VIC MODEL
Uttarakhand,Chamoli,2020-07-27,2020,07,7.615562621,NRSC VIC MODEL
Uttarakhand,Chamoli,2020-07-31,2020,07,2.551209039,NRSC VIC MODEL
Uttarakhand,Chamoli,2020-08-03,2020,08,4.2997706,NRSC VIC MODEL
Uttarakhand,Chamoli,2020-08-11,2020,08,2.713094554,NRSC VIC MODEL
Uttarakhand,Chamoli,2020-08-12,2020,08,6.823903464,NRSC VIC MODEL
Uttarakhand,Chamoli,2020-08-13,2020,08,5.989393259,NRSC VIC MODEL
Uttarakhand,Chamoli,2020-08-17,2020,08,8.894433019,NRSC VIC MODEL
Uttarakhand,Chamoli,2020-08-18,2020,08,17.27350701,NRSC VIC MODEL
Uttarakhand,Chamoli,2020-08-19,2020,08,7.833376306,NRSC VIC MODEL
Uttarakhand,Chamoli,2020-08-20,2020,08,1.538225377,NRSC VIC MODEL
Uttarakhand,Chamoli,2020-08-22,2020,08,7.766891865,NRSC VIC MODEL
Uttarakhand,Chamoli,2020-08-28,2020,08,3.858499383,NRSC VIC MODEL
Uttarakhand,Chamoli,2020-08-31,2020,08,0.386816094,NRSC VIC MODEL
Uttarakhand,Chamoli,2020-09-02,2020,09,3.992543284,NRSC VIC MODEL
Uttarakhand,Chamoli,2020-09-09,2020,09,1.462028349,NRSC VIC MODEL
Uttarakhand,Chamoli,2020-09-25,2020,09,0.963230044,NRSC VIC MODEL
Uttarakhand,Chamoli,2020-10-14,2020,10,0,NRSC VIC MODEL
Uttarakhand,Chamoli,2020-10-17,2020,10,0,NRSC VIC MODEL
Uttarakhand,Chamoli,2020-10-24,2020,10,0,NRSC VIC MODEL
Uttarakhand,Chamoli,2020-10-29,2020,10,0,NRSC VIC MODEL
Uttarakhand,Chamoli,2020-11-02,2020,11,0,NRSC VIC MODEL
Uttarakhand,Chamoli,2020-11-09,2020,11,0,NRSC VIC MODEL
Uttarakhand,Chamoli,2020-11-10,2020,11,0,NRSC VIC MODEL
Uttarakhand,Chamoli,2020-11-11,2020,11,0,NRSC VIC MODEL
Uttarakhand,Chamoli,2020-11-13,2020,11,0,NRSC VIC MODEL
Uttarakhand,Chamoli,2020-11-22,2020,11,0,NRSC VIC MODEL
Uttarakhand,Chamoli,2020-11-24,2020,11,3.172338308,NRSC VIC MODEL
Uttarakhand,Chamoli,2020-12-12,2020,12,0.052322095,NRSC VIC MODEL
Uttarakhand,Chamoli,2020-12-16,2020,12,0,NRSC VIC MODEL
Uttarakhand,Chamoli,2020-12-26,2020,12,0,NRSC VIC MODEL
Uttarakhand,Champawat,2020-01-08,2020,01,60.3179531,NRSC VIC MODEL
Uttarakhand,Champawat,2020-01-15,2020,01,0,NRSC VIC MODEL
Uttarakhand,Champawat,2020-01-17,2020,01,2.472614302,NRSC VIC MODEL
Uttarakhand,Champawat,2020-01-19,2020,01,0,NRSC VIC MODEL
Uttarakhand,Champawat,2020-01-30,2020,01,0,NRSC VIC MODEL
Uttarakhand,Champawat,2020-02-03,2020,02,0,NRSC VIC MODEL
Uttarakhand,Champawat,2020-02-07,2020,02,0.00091346,NRSC VIC MODEL
Uttarakhand,Champawat,2020-02-09,2020,02,0,NRSC VIC MODEL
Uttarakhand,Champawat,2020-02-22,2020,02,0,NRSC VIC MODEL
Uttarakhand,Champawat,2020-02-29,2020,02,5.062638657,NRSC VIC MODEL
Uttarakhand,Champawat,2020-03-10,2020,03,0.212897067,NRSC VIC MODEL
Uttarakhand,Champawat,2020-03-11,2020,03,0.071295549,NRSC VIC MODEL
Uttarakhand,Champawat,2020-03-12,2020,03,7.955672904,NRSC VIC MODEL
Uttarakhand,Champawat,2020-03-21,2020,03,1.873673834,NRSC VIC MODEL
Uttarakhand,Champawat,2020-03-30,2020,03,0,NRSC VIC MODEL
Uttarakhand,Champawat,2020-03-31,2020,03,0,NRSC VIC MODEL
Uttarakhand,Champawat,2020-04-04,2020,04,0,NRSC VIC MODEL
Uttarakhand,Champawat,2020-04-09,2020,04,0.015407025,NRSC VIC MODEL
Uttarakhand,Champawat,2020-04-11,2020,04,0,NRSC VIC MODEL
Uttarakhand,Champawat,2020-04-16,2020,04,0.040222687,NRSC VIC MODEL
Uttarakhand,Champawat,2020-04-17,2020,04,13.06434994,NRSC VIC MODEL
Uttarakhand,Champawat,2020-04-20,2020,04,6.216034093,NRSC VIC MODEL
Uttarakhand,Champawat,2020-04-21,2020,04,1.078126336,NRSC VIC MODEL
Uttarakhand,Champawat,2020-04-25,2020,04,5.868904086,NRSC VIC MODEL
Uttarakhand,Champawat,2020-04-30,2020,04,35.09688225,NRSC VIC MODEL
Uttarakhand,Champawat,2020-05-01,2020,05,5.351078862,NRSC VIC MODEL
Uttarakhand,Champawat,2020-05-02,2020,05,2.021441206,NRSC VIC MODEL
Uttarakhand,Champawat,2020-05-04,2020,05,0.174744889,NRSC VIC MODEL
Uttarakhand,Champawat,2020-05-05,2020,05,32.03074734,NRSC VIC MODEL
Uttarakhand,Champawat,2020-05-06,2020,05,27.96684013,NRSC VIC MODEL
Uttarakhand,Champawat,2020-05-14,2020,05,0.877347838,NRSC VIC MODEL
Uttarakhand,Champawat,2020-05-15,2020,05,0,NRSC VIC MODEL
Uttarakhand,Champawat,2020-05-22,2020,05,0,NRSC VIC MODEL
Uttarakhand,Champawat,2020-05-26,2020,05,0,NRSC VIC MODEL
Uttarakhand,Champawat,2020-06-05,2020,06,0.170832236,NRSC VIC MODEL
Uttarakhand,Champawat,2020-06-09,2020,06,0.036538398,NRSC VIC MODEL
Uttarakhand,Champawat,2020-06-11,2020,06,1.001959,NRSC VIC MODEL
Uttarakhand,Champawat,2020-06-13,2020,06,22.73811923,NRSC VIC MODEL
Uttarakhand,Champawat,2020-06-25,2020,06,23.46815642,NRSC VIC MODEL
Uttarakhand,Champawat,2020-06-26,2020,06,0.074035929,NRSC VIC MODEL
Uttarakhand,Champawat,2020-07-01,2020,07,0.029230719,NRSC VIC MODEL
Uttarakhand,Champawat,2020-07-04,2020,07,21.48028487,NRSC VIC MODEL
Uttarakhand,Champawat,2020-07-07,2020,07,112.215815,NRSC VIC MODEL
Uttarakhand,Champawat,2020-07-13,2020,07,0.314397692,NRSC VIC MODEL
Uttarakhand,Champawat,2020-07-18,2020,07,32.73394404,NRSC VIC MODEL
Uttarakhand,Pauri Garhwal,2020-05-17,2020,05,0,NRSC VIC MODEL
Uttarakhand,Pauri Garhwal,2020-05-21,2020,05,0,NRSC VIC MODEL
Uttarakhand,Pauri Garhwal,2020-05-24,2020,05,0.025080747,NRSC VIC MODEL
Uttarakhand,Pauri Garhwal,2020-06-01,2020,06,0.5880008,NRSC VIC MODEL
Uttarakhand,Pauri Garhwal,2020-06-06,2020,06,0.088530423,NRSC VIC MODEL
Uttarakhand,Pauri Garhwal,2020-06-11,2020,06,0.928291833,NRSC VIC MODEL
Uttarakhand,Pauri Garhwal,2020-06-15,2020,06,4.365682487,NRSC VIC MODEL
Uttarakhand,Pauri Garhwal,2020-06-17,2020,06,0.017369444,NRSC VIC MODEL
Uttarakhand,Pauri Garhwal,2020-06-18,2020,06,0.044706292,NRSC VIC MODEL
Uttarakhand,Pauri Garhwal,2020-06-25,2020,06,0.077873514,NRSC VIC MODEL
Uttarakhand,Pauri Garhwal,2020-06-27,2020,06,0.296664627,NRSC VIC MODEL
Uttarakhand,Pauri Garhwal,2020-07-02,2020,07,29.0714655,NRSC VIC MODEL
Uttarakhand,Pauri Garhwal,2020-07-06,2020,07,1.500185592,NRSC VIC MODEL
Uttarakhand,Pauri Garhwal,2020-07-08,2020,07,1.27211658,NRSC VIC MODEL
Uttarakhand,Pauri Garhwal,2020-07-16,2020,07,1.858424037,NRSC VIC MODEL
Uttarakhand,Pauri Garhwal,2020-07-20,2020,07,5.398784161,NRSC VIC MODEL
Uttarakhand,Pauri Garhwal,2020-07-23,2020,07,1.357959961,NRSC VIC MODEL
Uttarakhand,Pauri Garhwal,2020-07-28,2020,07,33.83093143,NRSC VIC MODEL
Uttarakhand,Pauri Garhwal,2020-07-30,2020,07,7.48803016,NRSC VIC MODEL
Uttarakhand,Pauri Garhwal,2020-07-31,2020,07,26.17202062,NRSC VIC MODEL
Uttarakhand,Pauri Garhwal,2020-08-09,2020,08,20.50869972,NRSC VIC MODEL
Uttarakhand,Pauri Garhwal,2020-08-18,2020,08,19.25498685,NRSC VIC MODEL
Uttarakhand,Pauri Garhwal,2020-08-26,2020,08,10.29753519,NRSC VIC MODEL
Uttarakhand,Pauri Garhwal,2020-08-28,2020,08,8.861154163,NRSC VIC MODEL
Uttarakhand,Pauri Garhwal,2020-09-04,2020,09,0.128339202,NRSC VIC MODEL
Uttarakhand,Pauri Garhwal,2020-09-11,2020,09,0.30856873,NRSC VIC MODEL
Uttarakhand,Pauri Garhwal,2020-09-12,2020,09,2.319976704,NRSC VIC MODEL
Uttarakhand,Pauri Garhwal,2020-09-20,2020,09,0,NRSC VIC MODEL
Uttarakhand,Pauri Garhwal,2020-09-23,2020,09,0.580821836,NRSC VIC MODEL
Uttarakhand,Pauri Garhwal,2020-09-24,2020,09,0.371607745,NRSC VIC MODEL
Uttarakhand,Pauri Garhwal,2020-09-27,2020,09,0.03186933,NRSC VIC MODEL
Uttarakhand,Pauri Garhwal,2020-10-03,2020,10,0,NRSC VIC MODEL
Uttarakhand,Pauri Garhwal,2020-10-15,2020,10,0,NRSC VIC MODEL
Uttarakhand,Pauri Garhwal,2020-10-18,2020,10,0,NRSC VIC MODEL
Uttarakhand,Pauri Garhwal,2020-10-31,2020,10,0,NRSC VIC MODEL
Uttarakhand,Pauri Garhwal,2020-11-03,2020,11,9.13e-05,NRSC VIC MODEL
Uttarakhand,Pauri Garhwal,2020-11-07,2020,11,0,NRSC VIC MODEL
Uttarakhand,Pauri Garhwal,2020-11-08,2020,11,0,NRSC VIC MODEL
Uttarakhand,Pauri Garhwal,2020-11-20,2020,11,0,NRSC VIC MODEL
Uttarakhand,Pauri Garhwal,2020-11-23,2020,11,0,NRSC VIC MODEL
Uttarakhand,Pauri Garhwal,2020-11-24,2020,11,0,NRSC VIC MODEL
Uttarakhand,Pauri Garhwal,2020-11-27,2020,11,0,NRSC VIC MODEL
Uttarakhand,Pauri Garhwal,2020-11-30,2020,11,0,NRSC VIC MODEL
Uttarakhand,Pauri Garhwal,2020-12-08,2020,12,0,NRSC VIC MODEL
Uttarakhand,Pauri Garhwal,2020-12-11,2020,12,0,NRSC VIC MODEL
Uttarakhand,Pauri Garhwal,2020-12-12,2020,12,0.540997848,NRSC VIC MODEL
Uttarakhand,Pauri Garhwal,2020-12-13,2020,12,4.009253993,NRSC VIC MODEL
Uttarakhand,Pauri Garhwal,2020-12-25,2020,12,0,NRSC VIC MODEL
Uttarakhand,Pauri Garhwal,2020-12-29,2020,12,0,NRSC VIC MODEL
Uttarakhand,Pithoragarh,2020-01-02,2020,01,6.625498453,NRSC VIC MODEL
Uttarakhand,Pithoragarh,2020-01-13,2020,01,3.911977124,NRSC VIC MODEL
Uttarakhand,Pithoragarh,2020-01-17,2020,01,0.861413068,NRSC VIC MODEL
Uttarakhand,Pithoragarh,2020-01-21,2020,01,0,NRSC VIC MODEL
Uttarakhand,Pithoragarh,2020-01-25,2020,01,0,NRSC VIC MODEL
Uttarakhand,Pithoragarh,2020-01-28,2020,01,2.857220657,NRSC VIC MODEL
Uttarakhand,Pithoragarh,2020-02-05,2020,02,0,NRSC VIC MODEL
Uttarakhand,Pithoragarh,2020-02-22,2020,02,0.054655378,NRSC VIC MODEL
Uttarakhand,Pithoragarh,2020-02-23,2020,02,5.632421319,NRSC VIC MODEL
Uttarakhand,Pithoragarh,2020-03-04,2020,03,0.363358553,NRSC VIC MODEL
Uttarakhand,Pithoragarh,2020-03-05,2020,03,0.297687162,NRSC VIC MODEL
Uttarakhand,Pithoragarh,2020-03-09,2020,03,0,NRSC VIC MODEL
Uttarakhand,Pithoragarh,2020-03-10,2020,03,0.092415596,NRSC VIC MODEL
Uttarakhand,Pithoragarh,2020-03-16,2020,03,0,NRSC VIC MODEL
Uttarakhand,Pithoragarh,2020-03-31,2020,03,0.679610078,NRSC VIC MODEL
Uttarakhand,Pithoragarh,2020-04-04,2020,04,3.238157561,NRSC VIC MODEL
Uttarakhand,Pithoragarh,2020-04-06,2020,04,0.631162517,NRSC VIC MODEL
Uttarakhand,Pithoragarh,2020-04-12,2020,04,3.094986322,NRSC VIC MODEL
Uttarakhand,Pithoragarh,2020-04-13,2020,04,12.40059985,NRSC VIC MODEL
Uttarakhand,Pithoragarh,2020-04-17,2020,04,1.944878379,NRSC VIC MODEL
Uttarakhand,Pithoragarh,2020-04-20,2020,04,3.983435337,NRSC VIC MODEL
Uttarakhand,Pithoragarh,2020-04-21,2020,04,5.52051074,NRSC VIC MODEL
Uttarakhand,Pithoragarh,2020-04-30,2020,04,40.56339333,NRSC VIC MODEL
Uttarakhand,Pithoragarh,2020-05-03,2020,05,21.4740979,NRSC VIC MODEL
Uttarakhand,Pithoragarh,2020-05-07,2020,05,1.057803134,NRSC VIC MODEL
Uttarakhand,Pithoragarh,2020-05-12,2020,05,4.406774474,NRSC VIC MODEL
Uttarakhand,Pithoragarh,2020-05-18,2020,05,0.537698129,NRSC VIC MODEL
Uttarakhand,Pithoragarh,2020-05-19,2020,05,0.0107095,NRSC VIC MODEL
Uttarakhand,Pithoragarh,2020-05-25,2020,05,0.283986388,NRSC VIC MODEL
Uttarakhand,Pithoragarh,2020-05-29,2020,05,0.689078753,NRSC VIC MODEL
Uttarakhand,Pithoragarh,2020-05-30,2020,05,0.387248123,NRSC VIC MODEL
Uttarakhand,Pithoragarh,2020-06-13,2020,06,3.907719174,NRSC VIC MODEL
Uttarakhand,Pithoragarh,2020-06-14,2020,06,0.970132954,NRSC VIC MODEL
Uttarakhand,Pithoragarh,2020-06-19,2020,06,5.937298617,NRSC VIC MODEL
Uttarakhand,Pithoragarh,2020-07-01,2020,07,1.631093731,NRSC VIC MODEL
Uttarakhand,Pithoragarh,2020-07-06,2020,07,4.402051215,NRSC VIC MODEL
Uttarakhand,Pithoragarh,2020-07-12,2020,07,3.296162427,NRSC VIC MODEL
Uttarakhand,Pithoragarh,2020-07-13,2020,07,1.670294193,NRSC VIC MODEL
Uttarakhand,Pithoragarh,2020-07-16,2020,07,4.59735556,NRSC VIC MODEL
Uttarakhand,Pithoragarh,2020-07-19,2020,07,2.402310654,NRSC VIC MODEL
Uttarakhand,Pithoragarh,2020-08-02,2020,08,6.749436908,NRSC VIC MODEL
Uttarakhand,Pithoragarh,2020-08-09,2020,08,12.73192592,NRSC VIC MODEL
Uttarakhand,Pithoragarh,2020-08-12,2020,08,8.342866437,NRSC VIC MODEL
Uttarakhand,Pithoragarh,2020-08-21,2020,08,0.774525789,NRSC VIC MODEL
Uttarakhand,Pithoragarh,2020-08-25,2020,08,10.4651089,NRSC VIC MODEL
Uttarakhand,Pithoragarh,2020-08-28,2020,08,4.383509009,NRSC VIC MODEL
Uttarakhand,Pithoragarh,2020-09-18,2020,09,9.189153259,NRSC VIC MODEL
Uttarakhand,Pithoragarh,2020-09-21,2020,09,1.585637445,NRSC VIC MODEL
Uttarakhand,Pithoragarh,2020-09-22,2020,09,5.143865022,NRSC VIC MODEL
Uttarakhand,Pithoragarh,2020-09-25,2020,09,0.488685549,NRSC VIC MODEL
Uttarakhand,Pithoragarh,2020-10-11,2020,10,0,NRSC VIC MODEL
Uttarakhand,Pithoragarh,2020-10-22,2020,10,0.081706097,NRSC VIC MODEL
Uttarakhand,Pithoragarh,2020-10-28,2020,10,0,NRSC VIC MODEL
Uttarakhand,Pithoragarh,2020-11-02,2020,11,0,NRSC VIC MODEL
Uttarakhand,Pithoragarh,2020-11-09,2020,11,0,NRSC VIC MODEL
Uttarakhand,Pithoragarh,2020-11-12,2020,11,0,NRSC VIC MODEL
Uttarakhand,Pithoragarh,2020-11-17,2020,11,0.226258492,NRSC VIC MODEL
Uttarakhand,Pithoragarh,2020-11-29,2020,11,0,NRSC VIC MODEL
Uttarakhand,Pithoragarh,2020-11-30,2020,11,0,NRSC VIC MODEL
Uttarakhand,Pithoragarh,2020-12-01,2020,12,0,NRSC VIC MODEL
Uttarakhand,Pithoragarh,2020-12-05,2020,12,0,NRSC VIC MODEL
Uttarakhand,Pithoragarh,2020-12-07,2020,12,0,NRSC VIC MODEL
Uttarakhand,Pithoragarh,2020-12-09,2020,12,0,NRSC VIC MODEL
Uttarakhand,Pithoragarh,2020-12-11,2020,12,0,NRSC VIC MODEL
Uttarakhand,Pithoragarh,2020-12-20,2020,12,0,NRSC VIC MODEL
Uttarakhand,Pithoragarh,2020-12-24,2020,12,0,NRSC VIC MODEL
Uttarakhand,Pithoragarh,2020-12-27,2020,12,0,NRSC VIC MODEL
Uttarakhand,Pithoragarh,2020-12-28,2020,12,0,NRSC VIC MODEL
Uttarakhand,Rudra Prayag,2020-01-01,2020,01,0,NRSC VIC MODEL
Uttarakhand,Rudra Prayag,2020-01-02,2020,01,1.216171957,NRSC VIC MODEL
Uttarakhand,Rudra Prayag,2020-01-03,2020,01,3.735437873,NRSC VIC MODEL
Uttarakhand,Rudra Prayag,2020-01-07,2020,01,6.752173323,NRSC VIC MODEL
Uttarakhand,Rudra Prayag,2020-01-20,2020,01,0.124126491,NRSC VIC MODEL
Uttarakhand,Rudra Prayag,2020-01-21,2020,01,0,NRSC VIC MODEL
Uttarakhand,Rudra Prayag,2020-01-22,2020,01,0.001338291,NRSC VIC MODEL
Uttarakhand,Rudra Prayag,2020-01-24,2020,01,0,NRSC VIC MODEL
Uttarakhand,Rudra Prayag,2020-01-28,2020,01,4.497996091,NRSC VIC MODEL
Uttarakhand,Rudra Prayag,2020-01-29,2020,01,0.118452137,NRSC VIC MODEL
Uttarakhand,Rudra Prayag,2020-02-10,2020,02,0,NRSC VIC MODEL
Uttarakhand,Rudra Prayag,2020-02-19,2020,02,0,NRSC VIC MODEL
Uttarakhand,Rudra Prayag,2020-02-21,2020,02,6.182088118,NRSC VIC MODEL
Uttarakhand,Rudra Prayag,2020-02-23,2020,02,0.447377302,NRSC VIC MODEL
Uttarakhand,Rudra Prayag,2020-02-24,2020,02,4.086070118,NRSC VIC MODEL
Uttarakhand,Rudra Prayag,2020-02-27,2020,02,0,NRSC VIC MODEL
Uttarakhand,Rudra Prayag,2020-02-29,2020,02,3.27996391,NRSC VIC MODEL
Uttarakhand,Rudra Prayag,2020-03-04,2020,03,2.285038223,NRSC VIC MODEL
Uttarakhand,Rudra Prayag,2020-03-06,2020,03,6.3333953,NRSC VIC MODEL
Uttarakhand,Rudra Prayag,2020-03-11,2020,03,12.36613014,NRSC VIC MODEL
Uttarakhand,Rudra Prayag,2020-03-16,2020,03,0,NRSC VIC MODEL
Uttarakhand,Rudra Prayag,2020-03-25,2020,03,6.509340419,NRSC VIC MODEL
Uttarakhand,Rudra Prayag,2020-03-29,2020,03,0.338935582,NRSC VIC MODEL
Uttarakhand,Rudra Prayag,2020-04-09,2020,04,2.408656163,NRSC VIC MODEL
Uttarakhand,Rudra Prayag,2020-04-20,2020,04,11.19503183,NRSC VIC MODEL
Uttarakhand,Rudra Prayag,2020-04-25,2020,04,18.15221795,NRSC VIC MODEL
Uttarakhand,Rudra Prayag,2020-05-01,2020,05,3.530719497,NRSC VIC MODEL
Uttarakhand,Rudra Prayag,2020-05-07,2020,05,0.88732709,NRSC VIC MODEL
Uttarakhand,Rudra Prayag,2020-05-15,2020,05,4.929956281,NRSC VIC MODEL
Uttarakhand,Rudra Prayag,2020-05-16,2020,05,0.064237969,NRSC VIC MODEL
Uttarakhand,Rudra Prayag,2020-05-23,2020,05,4.607147106,NRSC VIC MODEL
Uttarakhand,Rudra Prayag,2020-05-26,2020,05,22.57332922,NRSC VIC MODEL
Uttarakhand,Rudra Prayag,2020-05-30,2020,05,0.49625169,NRSC VIC MODEL
Uttarakhand,Rudra Prayag,2020-06-03,2020,06,0.277026239,NRSC VIC MODEL
Uttarakhand,Rudra Prayag,2020-06-09,2020,06,0.176654414,NRSC VIC MODEL
Uttarakhand,Rudra Prayag,2020-06-10,2020,06,4.804464733,NRSC VIC MODEL
Uttarakhand,Rudra Prayag,2020-06-17,2020,06,3.284340121,NRSC VIC MODEL
Uttarakhand,Rudra Prayag,2020-06-22,2020,06,0.048499666,NRSC VIC MODEL
Uttarakhand,Rudra Prayag,2020-06-30,2020,06,1.04575398,NRSC VIC MODEL
Uttarakhand,Rudra Prayag,2020-07-01,2020,07,12.35899705,NRSC VIC MODEL
Uttarakhand,Rudra Prayag,2020-07-02,2020,07,12.82488292,NRSC VIC MODEL
Uttarakhand,Rudra Prayag,2020-07-06,2020,07,6.415218412,NRSC VIC MODEL
Uttarakhand,Rudra Prayag,2020-07-17,2020,07,4.187887298,NRSC VIC MODEL
Uttarakhand,Rudra Prayag,2020-07-25,2020,07,1.394566149,NRSC VIC MODEL
Uttarakhand,Rudra Prayag,2020-07-26,2020,07,7.178592989,NRSC VIC MODEL
Uttarakhand,Dehradun,2020-12-08,2020,12,0,NRSC VIC MODEL
Uttarakhand,Dehradun,2020-12-13,2020,12,2.99441612,NRSC VIC MODEL
Uttarakhand,Dehradun,2020-12-16,2020,12,0,NRSC VIC MODEL
Uttarakhand,Dehradun,2020-12-17,2020,12,0,NRSC VIC MODEL
Uttarakhand,Dehradun,2020-12-18,2020,12,0,NRSC VIC MODEL
Uttarakhand,Haridwar,2020-01-02,2020,01,0,NRSC VIC MODEL
Uttarakhand,Haridwar,2020-01-17,2020,01,0,NRSC VIC MODEL
Uttarakhand,Haridwar,2020-01-19,2020,01,0.207629049,NRSC VIC MODEL
Uttarakhand,Haridwar,2020-01-21,2020,01,0,NRSC VIC MODEL
Uttarakhand,Haridwar,2020-01-23,2020,01,0,NRSC VIC MODEL
Uttarakhand,Haridwar,2020-02-04,2020,02,0,NRSC VIC MODEL
Uttarakhand,Haridwar,2020-02-10,2020,02,0,NRSC VIC MODEL
Uttarakhand,Haridwar,2020-02-23,2020,02,31.03157692,NRSC VIC MODEL
Uttarakhand,Haridwar,2020-02-24,2020,02,0,NRSC VIC MODEL
Uttarakhand,Haridwar,2020-02-29,2020,02,11.31685859,NRSC VIC MODEL
Uttarakhand,Haridwar,2020-03-14,2020,03,8.973042009,NRSC VIC MODEL
Uttarakhand,Haridwar,2020-03-15,2020,03,3.86801158,NRSC VIC MODEL
Uttarakhand,Haridwar,2020-03-22,2020,03,0,NRSC VIC MODEL
Uttarakhand,Haridwar,2020-03-23,2020,03,0.036260855,NRSC VIC MODEL
Uttarakhand,Haridwar,2020-03-28,2020,03,0,NRSC VIC MODEL
Uttarakhand,Haridwar,2020-04-06,2020,04,0,NRSC VIC MODEL
Uttarakhand,Haridwar,2020-04-15,2020,04,0,NRSC VIC MODEL
Uttarakhand,Haridwar,2020-04-16,2020,04,0.04470068,NRSC VIC MODEL
Uttarakhand,Haridwar,2020-04-22,2020,04,0.006125302,NRSC VIC MODEL
Uttarakhand,Haridwar,2020-04-26,2020,04,13.41887768,NRSC VIC MODEL
Uttarakhand,Haridwar,2020-05-01,2020,05,0,NRSC VIC MODEL
Uttarakhand,Haridwar,2020-05-02,2020,05,8.526771646,NRSC VIC MODEL
Uttarakhand,Haridwar,2020-05-04,2020,05,0,NRSC VIC MODEL
Uttarakhand,Haridwar,2020-05-05,2020,05,0.011689508,NRSC VIC MODEL
Uttarakhand,Haridwar,2020-05-07,2020,05,0,NRSC VIC MODEL
Uttarakhand,Haridwar,2020-05-17,2020,05,0,NRSC VIC MODEL
Uttarakhand,Haridwar,2020-05-21,2020,05,0,NRSC VIC MODEL
Uttarakhand,Haridwar,2020-05-30,2020,05,2.545448907,NRSC VIC MODEL
Uttarakhand,Haridwar,2020-06-04,2020,06,0.591115062,NRSC VIC MODEL
Uttarakhand,Haridwar,2020-06-07,2020,06,0.070137051,NRSC VIC MODEL
Uttarakhand,Haridwar,2020-06-14,2020,06,0,NRSC VIC MODEL
Uttarakhand,Haridwar,2020-06-16,2020,06,0.967224996,NRSC VIC MODEL
Uttarakhand,Haridwar,2020-06-23,2020,06,0,NRSC VIC MODEL
Uttarakhand,Haridwar,2020-06-25,2020,06,0.433072908,NRSC VIC MODEL
Uttarakhand,Haridwar,2020-06-27,2020,06,0.118321204,NRSC VIC MODEL
Uttarakhand,Haridwar,2020-06-30,2020,06,0.003904296,NRSC VIC MODEL
Uttarakhand,Haridwar,2020-07-02,2020,07,9.482786403,NRSC VIC MODEL
Uttarakhand,Haridwar,2020-07-10,2020,07,30.28421989,NRSC VIC MODEL
Uttarakhand,Haridwar,2020-07-16,2020,07,0.013290971,NRSC VIC MODEL
Uttarakhand,Haridwar,2020-07-17,2020,07,7.159800531,NRSC VIC MODEL
Uttarakhand,Haridwar,2020-07-30,2020,07,5.632472739,NRSC VIC MODEL
Uttarakhand,Haridwar,2020-08-01,2020,08,9.45099094,NRSC VIC MODEL
Uttarakhand,Haridwar,2020-08-07,2020,08,0.03472953,NRSC VIC MODEL
Uttarakhand,Haridwar,2020-08-09,2020,08,13.76602101,NRSC VIC MODEL
Uttarakhand,Haridwar,2020-08-11,2020,08,50.93451971,NRSC VIC MODEL
Uttarakhand,Haridwar,2020-08-18,2020,08,31.75212991,NRSC VIC MODEL
Uttarakhand,Haridwar,2020-08-22,2020,08,0.266357139,NRSC VIC MODEL
Uttarakhand,Haridwar,2020-08-23,2020,08,0.472712031,NRSC VIC MODEL
Uttarakhand,Haridwar,2020-09-07,2020,09,0.310905856,NRSC VIC MODEL
Uttarakhand,Haridwar,2020-09-09,2020,09,0,NRSC VIC MODEL
Uttarakhand,Haridwar,2020-09-11,2020,09,0.047926985,NRSC VIC MODEL
Uttarakhand,Haridwar,2020-09-13,2020,09,0.359534211,NRSC VIC MODEL
Uttarakhand,Haridwar,2020-09-19,2020,09,0,NRSC VIC MODEL
Uttarakhand,Haridwar,2020-09-23,2020,09,2.100312426,NRSC VIC MODEL
Uttarakhand,Haridwar,2020-09-26,2020,09,0,NRSC VIC MODEL
Uttarakhand,Haridwar,2020-09-28,2020,09,0,NRSC VIC MODEL
Uttarakhand,Haridwar,2020-10-01,2020,10,0,NRSC VIC MODEL
Uttarakhand,Haridwar,2020-10-04,2020,10,0,NRSC VIC MODEL
Uttarakhand,Haridwar,2020-10-17,2020,10,0,NRSC VIC MODEL
Uttarakhand,Haridwar,2020-10-23,2020,10,0,NRSC VIC MODEL
Uttarakhand,Haridwar,2020-10-28,2020,10,0,NRSC VIC MODEL
Uttarakhand,Haridwar,2020-11-15,2020,11,0,NRSC VIC MODEL
Uttarakhand,Haridwar,2020-11-17,2020,11,0.374812398,NRSC VIC MODEL
Uttarakhand,Haridwar,2020-11-20,2020,11,0,NRSC VIC MODEL
Uttarakhand,Haridwar,2020-11-22,2020,11,0,NRSC VIC MODEL
Uttarakhand,Haridwar,2020-11-24,2020,11,0,NRSC VIC MODEL
Uttarakhand,Haridwar,2020-11-25,2020,11,0,NRSC VIC MODEL
Uttarakhand,Haridwar,2020-11-29,2020,11,0,NRSC VIC MODEL
Uttarakhand,Haridwar,2020-11-30,2020,11,0,NRSC VIC MODEL
Uttarakhand,Haridwar,2020-12-05,2020,12,0,NRSC VIC MODEL
Uttarakhand,Haridwar,2020-12-08,2020,12,0,NRSC VIC MODEL
Uttarakhand,Haridwar,2020-12-15,2020,12,0,NRSC VIC MODEL
Uttarakhand,Haridwar,2020-12-16,2020,12,0,NRSC VIC MODEL
Uttarakhand,Haridwar,2020-12-25,2020,12,0,NRSC VIC MODEL
Uttarakhand,Haridwar,2020-12-26,2020,12,0,NRSC VIC MODEL
Uttarakhand,Haridwar,2020-12-27,2020,12,0,NRSC VIC MODEL
Uttarakhand,Nainital,2020-01-02,2020,01,2.172583483,NRSC VIC MODEL
Uttarakhand,Almora,2020-04-20,2020,04,5.490657752,NRSC VIC MODEL
Uttarakhand,Almora,2020-04-23,2020,04,2.473952734,NRSC VIC MODEL
Uttarakhand,Almora,2020-04-25,2020,04,9.946300117,NRSC VIC MODEL
Uttarakhand,Almora,2020-04-27,2020,04,1.108979774,NRSC VIC MODEL
Uttarakhand,Almora,2020-04-28,2020,04,0.344845956,NRSC VIC MODEL
Uttarakhand,Almora,2020-05-05,2020,05,39.48293051,NRSC VIC MODEL
Uttarakhand,Almora,2020-05-12,2020,05,0.631775595,NRSC VIC MODEL
Uttarakhand,Almora,2020-05-16,2020,05,0.00682171,NRSC VIC MODEL
Uttarakhand,Almora,2020-05-19,2020,05,0,NRSC VIC MODEL
Uttarakhand,Almora,2020-05-22,2020,05,0,NRSC VIC MODEL
Uttarakhand,Almora,2020-05-30,2020,05,0.013788381,NRSC VIC MODEL
Uttarakhand,Almora,2020-06-01,2020,06,0.064772134,NRSC VIC MODEL
Uttarakhand,Almora,2020-06-03,2020,06,1.081240997,NRSC VIC MODEL
Uttarakhand,Almora,2020-06-06,2020,06,2.18090061,NRSC VIC MODEL
Uttarakhand,Almora,2020-06-07,2020,06,0.094651223,NRSC VIC MODEL
Uttarakhand,Almora,2020-06-08,2020,06,0.005116282,NRSC VIC MODEL
Uttarakhand,Almora,2020-06-15,2020,06,0.027286839,NRSC VIC MODEL
Uttarakhand,Almora,2020-06-16,2020,06,0.03008374,NRSC VIC MODEL
Uttarakhand,Almora,2020-06-20,2020,06,0.291883906,NRSC VIC MODEL
Uttarakhand,Almora,2020-07-14,2020,07,0.629285671,NRSC VIC MODEL
Uttarakhand,Almora,2020-07-15,2020,07,0.126934964,NRSC VIC MODEL
Uttarakhand,Almora,2020-07-17,2020,07,7.703765359,NRSC VIC MODEL
Uttarakhand,Almora,2020-07-20,2020,07,3.760458978,NRSC VIC MODEL
Uttarakhand,Almora,2020-07-23,2020,07,0.017054274,NRSC VIC MODEL
Uttarakhand,Almora,2020-07-26,2020,07,4.024288603,NRSC VIC MODEL
Uttarakhand,Almora,2020-07-28,2020,07,16.68837494,NRSC VIC MODEL
Uttarakhand,Almora,2020-08-02,2020,08,0.891384287,NRSC VIC MODEL
Uttarakhand,Almora,2020-08-03,2020,08,8.726893916,NRSC VIC MODEL
Uttarakhand,Almora,2020-08-08,2020,08,30.07054003,NRSC VIC MODEL
Uttarakhand,Almora,2020-08-11,2020,08,1.162376707,NRSC VIC MODEL
Uttarakhand,Almora,2020-08-22,2020,08,0.636908932,NRSC VIC MODEL
Uttarakhand,Almora,2020-08-24,2020,08,0.836179601,NRSC VIC MODEL
Uttarakhand,Almora,2020-08-25,2020,08,1.894542289,NRSC VIC MODEL
Uttarakhand,Almora,2020-08-27,2020,08,0.023705441,NRSC VIC MODEL
Uttarakhand,Almora,2020-09-04,2020,09,0.32722889,NRSC VIC MODEL
Uttarakhand,Almora,2020-09-13,2020,09,5.693578036,NRSC VIC MODEL
Uttarakhand,Almora,2020-09-15,2020,09,1.316589984,NRSC VIC MODEL
Uttarakhand,Almora,2020-09-16,2020,09,0.383303344,NRSC VIC MODEL
Uttarakhand,Almora,2020-09-28,2020,09,0,NRSC VIC MODEL
Uttarakhand,Almora,2020-10-09,2020,10,0,NRSC VIC MODEL
Uttarakhand,Almora,2020-10-14,2020,10,0,NRSC VIC MODEL
Uttarakhand,Almora,2020-10-16,2020,10,0,NRSC VIC MODEL
Uttarakhand,Almora,2020-10-17,2020,10,0,NRSC VIC MODEL
Uttarakhand,Almora,2020-10-21,2020,10,0,NRSC VIC MODEL
Uttarakhand,Almora,2020-10-26,2020,10,0,NRSC VIC MODEL
Uttarakhand,Almora,2020-11-07,2020,11,0,NRSC VIC MODEL
Uttarakhand,Almora,2020-11-09,2020,11,0,NRSC VIC MODEL
Uttarakhand,Almora,2020-11-10,2020,11,0,NRSC VIC MODEL
Uttarakhand,Almora,2020-11-17,2020,11,0.062248102,NRSC VIC MODEL
Uttarakhand,Almora,2020-12-04,2020,12,0,NRSC VIC MODEL
Uttarakhand,Almora,2020-12-11,2020,12,0,NRSC VIC MODEL
Uttarakhand,Almora,2020-12-13,2020,12,4.824466631,NRSC VIC MODEL
Uttarakhand,Almora,2020-12-20,2020,12,0,NRSC VIC MODEL
Uttarakhand,Almora,2020-12-27,2020,12,0,NRSC VIC MODEL
Uttarakhand,Almora,2020-12-28,2020,12,0,NRSC VIC MODEL
Uttarakhand,Bageshwar,2020-01-01,2020,01,0,NRSC VIC MODEL
Uttarakhand,Bageshwar,2020-01-02,2020,01,3.334602891,NRSC VIC MODEL
Uttarakhand,Bageshwar,2020-01-04,2020,01,5.292840636,NRSC VIC MODEL
Uttarakhand,Bageshwar,2020-01-28,2020,01,3.732483209,NRSC VIC MODEL
Uttarakhand,Bageshwar,2020-02-13,2020,02,0,NRSC VIC MODEL
Uttarakhand,Bageshwar,2020-02-15,2020,02,0,NRSC VIC MODEL
Uttarakhand,Bageshwar,2020-02-18,2020,02,0,NRSC VIC MODEL
Uttarakhand,Bageshwar,2020-02-23,2020,02,11.99833046,NRSC VIC MODEL
Uttarakhand,Bageshwar,2020-02-26,2020,02,0,NRSC VIC MODEL
Uttarakhand,Bageshwar,2020-03-09,2020,03,0,NRSC VIC MODEL
Uttarakhand,Bageshwar,2020-03-10,2020,03,0,NRSC VIC MODEL
Uttarakhand,Bageshwar,2020-03-12,2020,03,12.35479457,NRSC VIC MODEL
Uttarakhand,Bageshwar,2020-03-14,2020,03,16.23150476,NRSC VIC MODEL
Uttarakhand,Bageshwar,2020-03-17,2020,03,0,NRSC VIC MODEL
Uttarakhand,Bageshwar,2020-03-18,2020,03,1.620735129,NRSC VIC MODEL
Uttarakhand,Bageshwar,2020-04-03,2020,04,0.532165971,NRSC VIC MODEL
Uttarakhand,Bageshwar,2020-04-04,2020,04,4.593430706,NRSC VIC MODEL
Uttarakhand,Bageshwar,2020-04-21,2020,04,20.98994233,NRSC VIC MODEL
Uttarakhand,Bageshwar,2020-04-27,2020,04,0.357648455,NRSC VIC MODEL
Uttarakhand,Bageshwar,2020-04-30,2020,04,43.24087779,NRSC VIC MODEL
Uttarakhand,Bageshwar,2020-05-14,2020,05,14.51370114,NRSC VIC MODEL
Uttarakhand,Bageshwar,2020-05-17,2020,05,0,NRSC VIC MODEL
Uttarakhand,Bageshwar,2020-05-19,2020,05,0,NRSC VIC MODEL
Uttarakhand,Bageshwar,2020-05-21,2020,05,3.273997891,NRSC VIC MODEL
Uttarakhand,Bageshwar,2020-05-24,2020,05,10.02523456,NRSC VIC MODEL
Uttarakhand,Bageshwar,2020-05-27,2020,05,13.48718452,NRSC VIC MODEL
Uttarakhand,Bageshwar,2020-05-30,2020,05,0.563987783,NRSC VIC MODEL
Uttarakhand,Bageshwar,2020-06-04,2020,06,12.17361362,NRSC VIC MODEL
Uttarakhand,Bageshwar,2020-06-05,2020,06,0,NRSC VIC MODEL
Uttarakhand,Bageshwar,2020-06-10,2020,06,9.68770802,NRSC VIC MODEL
Uttarakhand,Bageshwar,2020-06-18,2020,06,6.080633855,NRSC VIC MODEL
Uttarakhand,Bageshwar,2020-06-21,2020,06,2.457433448,NRSC VIC MODEL
Uttarakhand,Bageshwar,2020-06-24,2020,06,16.82353402,NRSC VIC MODEL
Uttarakhand,Bageshwar,2020-07-04,2020,07,17.08403024,NRSC VIC MODEL
Uttarakhand,Bageshwar,2020-07-06,2020,07,7.970227406,NRSC VIC MODEL
Uttarakhand,Bageshwar,2020-07-12,2020,07,4.386588928,NRSC VIC MODEL
Uttarakhand,Bageshwar,2020-07-13,2020,07,1.989616923,NRSC VIC MODEL
Uttarakhand,Bageshwar,2020-07-27,2020,07,16.42685001,NRSC VIC MODEL
Uttarakhand,Bageshwar,2020-07-28,2020,07,20.57753882,NRSC VIC MODEL
Uttarakhand,Bageshwar,2020-07-29,2020,07,6.823350161,NRSC VIC MODEL
Uttarakhand,Bageshwar,2020-07-31,2020,07,6.788023165,NRSC VIC MODEL
Uttarakhand,Bageshwar,2020-08-06,2020,08,14.3666748,NRSC VIC MODEL
Uttarakhand,Bageshwar,2020-08-24,2020,08,10.59814681,NRSC VIC MODEL
Uttarakhand,Bageshwar,2020-08-25,2020,08,5.991425114,NRSC VIC MODEL
Uttarakhand,Bageshwar,2020-08-30,2020,08,0.226018607,NRSC VIC MODEL
Uttarakhand,Bageshwar,2020-09-05,2020,09,10.19092332,NRSC VIC MODEL
Uttarakhand,Bageshwar,2020-09-06,2020,09,11.89953929,NRSC VIC MODEL
Uttarakhand,Bageshwar,2020-09-09,2020,09,3.029711651,NRSC VIC MODEL
Uttarakhand,Bageshwar,2020-09-13,2020,09,5.754867027,NRSC VIC MODEL
Uttarakhand,Bageshwar,2020-10-03,2020,10,0,NRSC VIC MODEL
Uttarakhand,Bageshwar,2020-10-05,2020,10,0,NRSC VIC MODEL
Uttarakhand,Bageshwar,2020-10-06,2020,10,0,NRSC VIC MODEL
Uttarakhand,Bageshwar,2020-10-08,2020,10,0,NRSC VIC MODEL
Uttarakhand,Bageshwar,2020-10-21,2020,10,0,NRSC VIC MODEL
Uttarakhand,Bageshwar,2020-10-31,2020,10,0,NRSC VIC MODEL
