State,District,Date,Year,Month,Avg_rainfall,Agency_name
Uttarakhand,Pithoragarh,2019-06-14,2019,06,0,IMD GRID MODEL
Uttarakhand,Pithoragarh,2019-06-16,2019,06,0,IMD GRID MODEL
Uttarakhand,Pithoragarh,2019-06-24,2019,06,4.404722229,IMD GRID MODEL
Uttarakhand,Dehradun,2019-03-23,2019,03,0,IMD GRID MODEL
Uttarakhand,Dehradun,2019-03-28,2019,03,0,IMD GRID MODEL
Uttarakhand,Dehradun,2019-04-02,2019,04,0.03895051,IMD GRID MODEL
Uttarakhand,Dehradun,2019-04-14,2019,04,0.110482169,IMD GRID MODEL
Uttarakhand,Dehradun,2019-04-16,2019,04,0,IMD GRID MODEL
Uttarakhand,Dehradun,2019-04-23,2019,04,0,IMD GRID MODEL
Uttarakhand,Dehradun,2019-04-24,2019,04,0.414818876,IMD GRID MODEL
Uttarakhand,Dehradun,2019-05-01,2019,05,0.951231597,IMD GRID MODEL
Uttarakhand,Dehradun,2019-05-11,2019,05,0.585134178,IMD GRID MODEL
Uttarakhand,Dehradun,2019-05-13,2019,05,1.849296765,IMD GRID MODEL
Uttarakhand,Dehradun,2019-05-15,2019,05,1.028847672,IMD GRID MODEL
Uttarakhand,Dehradun,2019-05-16,2019,05,0,IMD GRID MODEL
Uttarakhand,Dehradun,2019-05-22,2019,05,0,IMD GRID MODEL
Uttarakhand,Dehradun,2019-05-29,2019,05,0,IMD GRID MODEL
Uttarakhand,Dehradun,2019-05-31,2019,05,0,IMD GRID MODEL
Uttarakhand,Dehradun,2019-06-03,2019,06,1.91458574,IMD GRID MODEL
Uttarakhand,Dehradun,2019-06-06,2019,06,0,IMD GRID MODEL
Uttarakhand,Dehradun,2019-06-10,2019,06,0,IMD GRID MODEL
Uttarakhand,Dehradun,2019-06-22,2019,06,1.2258746,IMD GRID MODEL
Uttarakhand,Dehradun,2019-07-01,2019,07,1.874776768,IMD GRID MODEL
Uttarakhand,Dehradun,2019-07-08,2019,07,9.849066394,IMD GRID MODEL
Uttarakhand,Dehradun,2019-07-13,2019,07,4.421802845,IMD GRID MODEL
Uttarakhand,Dehradun,2019-07-14,2019,07,2.735150548,IMD GRID MODEL
Uttarakhand,Dehradun,2019-07-17,2019,07,8.086465345,IMD GRID MODEL
Uttarakhand,Dehradun,2019-07-20,2019,07,1.831095605,IMD GRID MODEL
Uttarakhand,Dehradun,2019-07-22,2019,07,1.244728334,IMD GRID MODEL
Uttarakhand,Dehradun,2019-07-30,2019,07,9.044623581,IMD GRID MODEL
Uttarakhand,Dehradun,2019-08-13,2019,08,8.242976533,IMD GRID MODEL
Uttarakhand,Dehradun,2019-08-17,2019,08,18.46705425,IMD GRID MODEL
Uttarakhand,Dehradun,2019-08-26,2019,08,24.55122701,IMD GRID MODEL
Uttarakhand,Dehradun,2019-08-30,2019,08,3.231138666,IMD GRID MODEL
Uttarakhand,Dehradun,2019-09-16,2019,09,0.340204902,IMD GRID MODEL
Uttarakhand,Dehradun,2019-09-20,2019,09,2.335676116,IMD GRID MODEL
Uttarakhand,Dehradun,2019-09-26,2019,09,5.53217436,IMD GRID MODEL
Uttarakhand,Dehradun,2019-10-01,2019,10,10.66978406,IMD GRID MODEL
Uttarakhand,Dehradun,2019-10-02,2019,10,9.092706116,IMD GRID MODEL
Uttarakhand,Dehradun,2019-10-03,2019,10,0.0025343,IMD GRID MODEL
Uttarakhand,Dehradun,2019-10-05,2019,10,0.059065598,IMD GRID MODEL
Uttarakhand,Dehradun,2019-10-07,2019,10,0,IMD GRID MODEL
Uttarakhand,Dehradun,2019-10-08,2019,10,0,IMD GRID MODEL
Uttarakhand,Dehradun,2019-10-10,2019,10,0.496322699,IMD GRID MODEL
Uttarakhand,Dehradun,2019-10-14,2019,10,0,IMD GRID MODEL
Uttarakhand,Dehradun,2019-10-16,2019,10,0,IMD GRID MODEL
Uttarakhand,Dehradun,2019-10-17,2019,10,0,IMD GRID MODEL
Uttarakhand,Dehradun,2019-10-24,2019,10,0,IMD GRID MODEL
Uttarakhand,Dehradun,2019-11-29,2019,11,7.72487606,IMD GRID MODEL
Uttarakhand,Dehradun,2019-11-30,2019,11,0,IMD GRID MODEL
Uttarakhand,Dehradun,2019-12-03,2019,12,0,IMD GRID MODEL
Uttarakhand,Dehradun,2019-12-05,2019,12,0,IMD GRID MODEL
Uttarakhand,Dehradun,2019-12-06,2019,12,0,IMD GRID MODEL
Uttarakhand,Dehradun,2019-12-07,2019,12,0,IMD GRID MODEL
Uttarakhand,Dehradun,2019-12-11,2019,12,0,IMD GRID MODEL
Uttarakhand,Dehradun,2019-12-21,2019,12,0,IMD GRID MODEL
Uttarakhand,Haridwar,2019-01-05,2019,01,0,IMD GRID MODEL
Uttarakhand,Haridwar,2019-01-17,2019,01,0,IMD GRID MODEL
Uttarakhand,Haridwar,2019-01-21,2019,01,0,IMD GRID MODEL
Uttarakhand,Haridwar,2019-01-31,2019,01,0.09264637,IMD GRID MODEL
Uttarakhand,Haridwar,2019-02-02,2019,02,0.049798678,IMD GRID MODEL
Uttarakhand,Haridwar,2019-02-19,2019,02,5.118498054,IMD GRID MODEL
Uttarakhand,Haridwar,2019-02-25,2019,02,0,IMD GRID MODEL
Uttarakhand,Haridwar,2019-02-27,2019,02,5.604628916,IMD GRID MODEL
Uttarakhand,Haridwar,2019-03-14,2019,03,0,IMD GRID MODEL
Uttarakhand,Haridwar,2019-03-15,2019,03,2.759777114,IMD GRID MODEL
Uttarakhand,Haridwar,2019-03-21,2019,03,0.00756764,IMD GRID MODEL
Uttarakhand,Haridwar,2019-03-27,2019,03,0,IMD GRID MODEL
Uttarakhand,Haridwar,2019-03-29,2019,03,0,IMD GRID MODEL
Uttarakhand,Haridwar,2019-03-30,2019,03,0,IMD GRID MODEL
Uttarakhand,Haridwar,2019-03-31,2019,03,0,IMD GRID MODEL
Uttarakhand,Haridwar,2019-04-01,2019,04,0,IMD GRID MODEL
Uttarakhand,Haridwar,2019-04-02,2019,04,0,IMD GRID MODEL
Uttarakhand,Haridwar,2019-04-04,2019,04,0,IMD GRID MODEL
Uttarakhand,Haridwar,2019-04-05,2019,04,0.149396044,IMD GRID MODEL
Uttarakhand,Haridwar,2019-04-06,2019,04,0.049798678,IMD GRID MODEL
Uttarakhand,Haridwar,2019-04-07,2019,04,0.80766862,IMD GRID MODEL
Uttarakhand,Haridwar,2019-04-09,2019,04,4.803654247,IMD GRID MODEL
Uttarakhand,Haridwar,2019-04-10,2019,04,0,IMD GRID MODEL
Uttarakhand,Haridwar,2019-04-11,2019,04,0,IMD GRID MODEL
Uttarakhand,Haridwar,2019-04-13,2019,04,0,IMD GRID MODEL
Uttarakhand,Haridwar,2019-04-19,2019,04,0.297747728,IMD GRID MODEL
Uttarakhand,Haridwar,2019-04-24,2019,04,0.099597355,IMD GRID MODEL
Uttarakhand,Haridwar,2019-05-12,2019,05,0.3904168,IMD GRID MODEL
Uttarakhand,Haridwar,2019-05-14,2019,05,0.094645866,IMD GRID MODEL
Uttarakhand,Haridwar,2019-06-02,2019,06,0.015935579,IMD GRID MODEL
Uttarakhand,Haridwar,2019-06-05,2019,06,0,IMD GRID MODEL
Uttarakhand,Haridwar,2019-06-19,2019,06,0,IMD GRID MODEL
Uttarakhand,Haridwar,2019-06-23,2019,06,1.439186258,IMD GRID MODEL
Uttarakhand,Haridwar,2019-07-06,2019,07,3.433179246,IMD GRID MODEL
Uttarakhand,Haridwar,2019-07-10,2019,07,5.026427137,IMD GRID MODEL
Uttarakhand,Haridwar,2019-07-20,2019,07,3.44281011,IMD GRID MODEL
Uttarakhand,Haridwar,2019-08-11,2019,08,5.890805839,IMD GRID MODEL
Uttarakhand,Haridwar,2019-08-13,2019,08,9.114374848,IMD GRID MODEL
Uttarakhand,Haridwar,2019-08-31,2019,08,6.152446782,IMD GRID MODEL
Uttarakhand,Haridwar,2019-09-01,2019,09,14.14638508,IMD GRID MODEL
Uttarakhand,Haridwar,2019-09-06,2019,09,0.638094186,IMD GRID MODEL
Uttarakhand,Haridwar,2019-09-26,2019,09,1.353644369,IMD GRID MODEL
Uttarakhand,Haridwar,2019-09-30,2019,09,5.69318249,IMD GRID MODEL
Uttarakhand,Haridwar,2019-10-15,2019,10,0,IMD GRID MODEL
Uttarakhand,Haridwar,2019-10-28,2019,10,0,IMD GRID MODEL
Uttarakhand,Haridwar,2019-10-30,2019,10,0,IMD GRID MODEL
Uttarakhand,Haridwar,2019-11-04,2019,11,0,IMD GRID MODEL
Uttarakhand,Haridwar,2019-11-05,2019,11,0,IMD GRID MODEL
Uttarakhand,Haridwar,2019-11-13,2019,11,0,IMD GRID MODEL
Uttarakhand,Haridwar,2019-11-14,2019,11,0,IMD GRID MODEL
Uttarakhand,Haridwar,2019-11-16,2019,11,0,IMD GRID MODEL
Uttarakhand,Haridwar,2019-11-18,2019,11,0,IMD GRID MODEL
Uttarakhand,Haridwar,2019-11-20,2019,11,0,IMD GRID MODEL
Uttarakhand,Haridwar,2019-11-23,2019,11,0,IMD GRID MODEL
Uttarakhand,Haridwar,2019-11-25,2019,11,0,IMD GRID MODEL
Uttarakhand,Haridwar,2019-11-29,2019,11,10.11339576,IMD GRID MODEL
Uttarakhand,Haridwar,2019-12-02,2019,12,0,IMD GRID MODEL
Uttarakhand,Haridwar,2019-12-06,2019,12,0,IMD GRID MODEL
Uttarakhand,Haridwar,2019-12-10,2019,12,0,IMD GRID MODEL
Uttarakhand,Haridwar,2019-12-11,2019,12,0,IMD GRID MODEL
Uttarakhand,Haridwar,2019-12-14,2019,12,21.76735998,IMD GRID MODEL
Uttarakhand,Haridwar,2019-12-15,2019,12,0.308751824,IMD GRID MODEL
Uttarakhand,Haridwar,2019-12-16,2019,12,0,IMD GRID MODEL
Uttarakhand,Haridwar,2019-12-17,2019,12,0,IMD GRID MODEL
Uttarakhand,Haridwar,2019-12-18,2019,12,0,IMD GRID MODEL
Uttarakhand,Nainital,2019-01-02,2019,01,0,IMD GRID MODEL
Uttarakhand,Almora,2019-01-04,2019,01,0,IMD GRID MODEL
Uttarakhand,Almora,2019-01-05,2019,01,0,IMD GRID MODEL
Uttarakhand,Almora,2019-01-06,2019,01,0,IMD GRID MODEL
Uttarakhand,Almora,2019-01-18,2019,01,0,IMD GRID MODEL
Uttarakhand,Almora,2019-01-19,2019,01,0,IMD GRID MODEL
Uttarakhand,Almora,2019-01-22,2019,01,18.14526368,IMD GRID MODEL
Uttarakhand,Almora,2019-01-27,2019,01,0.185097152,IMD GRID MODEL
Uttarakhand,Almora,2019-01-30,2019,01,0,IMD GRID MODEL
Uttarakhand,Almora,2019-01-31,2019,01,0.012790471,IMD GRID MODEL
Uttarakhand,Almora,2019-02-05,2019,02,0,IMD GRID MODEL
Uttarakhand,Almora,2019-02-13,2019,02,0,IMD GRID MODEL
Uttarakhand,Almora,2019-02-24,2019,02,0,IMD GRID MODEL
Uttarakhand,Almora,2019-02-27,2019,02,10.72037722,IMD GRID MODEL
Uttarakhand,Almora,2019-03-09,2019,03,0,IMD GRID MODEL
Uttarakhand,Almora,2019-03-14,2019,03,0,IMD GRID MODEL
Uttarakhand,Almora,2019-03-28,2019,03,0,IMD GRID MODEL
Uttarakhand,Almora,2019-03-29,2019,03,0,IMD GRID MODEL
Uttarakhand,Almora,2019-04-06,2019,04,6.15073895,IMD GRID MODEL
Uttarakhand,Almora,2019-04-08,2019,04,0.822296453,IMD GRID MODEL
Uttarakhand,Almora,2019-04-10,2019,04,0,IMD GRID MODEL
Uttarakhand,Almora,2019-04-11,2019,04,0.646975054,IMD GRID MODEL
Uttarakhand,Almora,2019-04-14,2019,04,0,IMD GRID MODEL
Uttarakhand,Almora,2019-04-15,2019,04,0,IMD GRID MODEL
Uttarakhand,Almora,2019-04-16,2019,04,0,IMD GRID MODEL
Uttarakhand,Almora,2019-04-24,2019,04,0,IMD GRID MODEL
Uttarakhand,Almora,2019-04-26,2019,04,0.451311491,IMD GRID MODEL
Uttarakhand,Almora,2019-05-01,2019,05,0.030178097,IMD GRID MODEL
Uttarakhand,Almora,2019-05-05,2019,05,0,IMD GRID MODEL
Uttarakhand,Almora,2019-05-06,2019,05,0,IMD GRID MODEL
Uttarakhand,Almora,2019-05-16,2019,05,0.399855703,IMD GRID MODEL
Uttarakhand,Almora,2019-05-17,2019,05,2.502662969,IMD GRID MODEL
Uttarakhand,Almora,2019-05-30,2019,05,0,IMD GRID MODEL
Uttarakhand,Almora,2019-06-07,2019,06,7.720896747,IMD GRID MODEL
Uttarakhand,Almora,2019-06-09,2019,06,2.222889951,IMD GRID MODEL
Uttarakhand,Almora,2019-06-17,2019,06,0,IMD GRID MODEL
Uttarakhand,Almora,2019-06-21,2019,06,1.916078231,IMD GRID MODEL
Uttarakhand,Almora,2019-06-26,2019,06,6.492132041,IMD GRID MODEL
Uttarakhand,Almora,2019-06-28,2019,06,2.272594775,IMD GRID MODEL
Uttarakhand,Almora,2019-07-03,2019,07,2.21856047,IMD GRID MODEL
Uttarakhand,Almora,2019-07-07,2019,07,0.718576342,IMD GRID MODEL
Uttarakhand,Almora,2019-07-13,2019,07,6.101706714,IMD GRID MODEL
Uttarakhand,Almora,2019-08-02,2019,08,15.32518932,IMD GRID MODEL
Uttarakhand,Almora,2019-08-16,2019,08,5.638929202,IMD GRID MODEL
Uttarakhand,Almora,2019-08-18,2019,08,24.93260915,IMD GRID MODEL
Uttarakhand,Almora,2019-08-22,2019,08,13.15614723,IMD GRID MODEL
Uttarakhand,Almora,2019-08-26,2019,08,26.19689669,IMD GRID MODEL
Uttarakhand,Almora,2019-09-03,2019,09,11.43492932,IMD GRID MODEL
Uttarakhand,Almora,2019-09-11,2019,09,0.221262226,IMD GRID MODEL
Uttarakhand,Almora,2019-09-15,2019,09,6.858487297,IMD GRID MODEL
Uttarakhand,Almora,2019-09-16,2019,09,2.207740726,IMD GRID MODEL
Uttarakhand,Almora,2019-09-21,2019,09,0.654262325,IMD GRID MODEL
Uttarakhand,Almora,2019-09-28,2019,09,2.578165892,IMD GRID MODEL
Uttarakhand,Almora,2019-10-04,2019,10,4.277541656,IMD GRID MODEL
Uttarakhand,Almora,2019-10-05,2019,10,0.267663824,IMD GRID MODEL
Uttarakhand,Almora,2019-10-08,2019,10,0.021317451,IMD GRID MODEL
Uttarakhand,Almora,2019-10-17,2019,10,0,IMD GRID MODEL
Uttarakhand,Almora,2019-10-26,2019,10,0,IMD GRID MODEL
Uttarakhand,Almora,2019-10-27,2019,10,0,IMD GRID MODEL
Uttarakhand,Almora,2019-10-30,2019,10,0,IMD GRID MODEL
Uttarakhand,Almora,2019-11-04,2019,11,0,IMD GRID MODEL
Uttarakhand,Almora,2019-11-06,2019,11,0,IMD GRID MODEL
Uttarakhand,Almora,2019-11-16,2019,11,0,IMD GRID MODEL
Uttarakhand,Almora,2019-11-18,2019,11,0,IMD GRID MODEL
Uttarakhand,Almora,2019-11-21,2019,11,0,IMD GRID MODEL
Uttarakhand,Almora,2019-11-27,2019,11,0,IMD GRID MODEL
Uttarakhand,Almora,2019-12-07,2019,12,0,IMD GRID MODEL
Uttarakhand,Almora,2019-12-10,2019,12,0,IMD GRID MODEL
Uttarakhand,Almora,2019-12-11,2019,12,0,IMD GRID MODEL
Uttarakhand,Almora,2019-12-16,2019,12,0,IMD GRID MODEL
Uttarakhand,Almora,2019-12-18,2019,12,0,IMD GRID MODEL
Uttarakhand,Almora,2019-12-21,2019,12,0.163278915,IMD GRID MODEL
Uttarakhand,Bageshwar,2019-01-04,2019,01,3.832434708,IMD GRID MODEL
Uttarakhand,Bageshwar,2019-01-05,2019,01,0,IMD GRID MODEL
Uttarakhand,Bageshwar,2019-01-14,2019,01,1.047212144,IMD GRID MODEL
Uttarakhand,Bageshwar,2019-01-17,2019,01,0,IMD GRID MODEL
Uttarakhand,Bageshwar,2019-01-28,2019,01,0.481811693,IMD GRID MODEL
Uttarakhand,Bageshwar,2019-01-29,2019,01,0.329837768,IMD GRID MODEL
Uttarakhand,Bageshwar,2019-02-05,2019,02,0,IMD GRID MODEL
Uttarakhand,Bageshwar,2019-02-14,2019,02,0,IMD GRID MODEL
Uttarakhand,Bageshwar,2019-02-20,2019,02,0.439248922,IMD GRID MODEL
Uttarakhand,Bageshwar,2019-02-22,2019,02,12.23432334,IMD GRID MODEL
Uttarakhand,Bageshwar,2019-02-27,2019,02,9.474056229,IMD GRID MODEL
Uttarakhand,Bageshwar,2019-03-08,2019,03,0.017809921,IMD GRID MODEL
Uttarakhand,Bageshwar,2019-03-12,2019,03,2.064734805,IMD GRID MODEL
Uttarakhand,Bageshwar,2019-03-23,2019,03,0,IMD GRID MODEL
Uttarakhand,Bageshwar,2019-03-24,2019,03,0,IMD GRID MODEL
Uttarakhand,Bageshwar,2019-04-03,2019,04,0,IMD GRID MODEL
Uttarakhand,Bageshwar,2019-04-04,2019,04,0,IMD GRID MODEL
Uttarakhand,Bageshwar,2019-04-06,2019,04,19.51511028,IMD GRID MODEL
Uttarakhand,Bageshwar,2019-04-14,2019,04,7.025919424,IMD GRID MODEL
Uttarakhand,Bageshwar,2019-04-16,2019,04,0,IMD GRID MODEL
Uttarakhand,Bageshwar,2019-04-25,2019,04,5.31056925,IMD GRID MODEL
Uttarakhand,Bageshwar,2019-04-29,2019,04,0,IMD GRID MODEL
Uttarakhand,Bageshwar,2019-05-01,2019,05,0.061655425,IMD GRID MODEL
Uttarakhand,Bageshwar,2019-06-01,2019,06,2.145990843,IMD GRID MODEL
Uttarakhand,Bageshwar,2019-06-04,2019,06,1.040535588,IMD GRID MODEL
Uttarakhand,Bageshwar,2019-06-10,2019,06,0,IMD GRID MODEL
Uttarakhand,Bageshwar,2019-06-13,2019,06,0.031727312,IMD GRID MODEL
Uttarakhand,Bageshwar,2019-06-26,2019,06,38.9286226,IMD GRID MODEL
Uttarakhand,Bageshwar,2019-06-29,2019,06,0.001217682,IMD GRID MODEL
Uttarakhand,Bageshwar,2019-07-05,2019,07,16.3106052,IMD GRID MODEL
Uttarakhand,Bageshwar,2019-07-11,2019,07,22.9310589,IMD GRID MODEL
Uttarakhand,Bageshwar,2019-07-16,2019,07,10.34853178,IMD GRID MODEL
Uttarakhand,Bageshwar,2019-07-21,2019,07,0.036030332,IMD GRID MODEL
Uttarakhand,Bageshwar,2019-07-28,2019,07,0.948282747,IMD GRID MODEL
Uttarakhand,Bageshwar,2019-07-30,2019,07,25.14752904,IMD GRID MODEL
Uttarakhand,Bageshwar,2019-08-01,2019,08,4.749998181,IMD GRID MODEL
Uttarakhand,Bageshwar,2019-08-02,2019,08,23.08966538,IMD GRID MODEL
Uttarakhand,Bageshwar,2019-08-12,2019,08,55.61419558,IMD GRID MODEL
Uttarakhand,Bageshwar,2019-08-17,2019,08,7.593737529,IMD GRID MODEL
Uttarakhand,Bageshwar,2019-08-22,2019,08,10.34395257,IMD GRID MODEL
Uttarakhand,Bageshwar,2019-08-23,2019,08,3.959086097,IMD GRID MODEL
Uttarakhand,Bageshwar,2019-09-01,2019,09,26.08769378,IMD GRID MODEL
Uttarakhand,Bageshwar,2019-09-02,2019,09,1.899038867,IMD GRID MODEL
Uttarakhand,Bageshwar,2019-09-10,2019,09,5.149488132,IMD GRID MODEL
Uttarakhand,Bageshwar,2019-09-16,2019,09,14.12730884,IMD GRID MODEL
Uttarakhand,Bageshwar,2019-09-21,2019,09,0.020107975,IMD GRID MODEL
Uttarakhand,Bageshwar,2019-10-03,2019,10,0.90344294,IMD GRID MODEL
Uttarakhand,Bageshwar,2019-10-08,2019,10,0,IMD GRID MODEL
Uttarakhand,Bageshwar,2019-10-10,2019,10,0.851037317,IMD GRID MODEL
Uttarakhand,Bageshwar,2019-10-14,2019,10,0,IMD GRID MODEL
Uttarakhand,Bageshwar,2019-10-16,2019,10,0.020026878,IMD GRID MODEL
Uttarakhand,Bageshwar,2019-10-17,2019,10,0,IMD GRID MODEL
Uttarakhand,Bageshwar,2019-10-19,2019,10,0,IMD GRID MODEL
Uttarakhand,Bageshwar,2019-10-26,2019,10,0,IMD GRID MODEL
Uttarakhand,Bageshwar,2019-10-30,2019,10,0,IMD GRID MODEL
Uttarakhand,Bageshwar,2019-10-31,2019,10,0,IMD GRID MODEL
Uttarakhand,Bageshwar,2019-11-05,2019,11,0.173592124,IMD GRID MODEL
Uttarakhand,Bageshwar,2019-11-27,2019,11,0.019025533,IMD GRID MODEL
Uttarakhand,Bageshwar,2019-11-29,2019,11,6.566774297,IMD GRID MODEL
Uttarakhand,Bageshwar,2019-12-03,2019,12,0,IMD GRID MODEL
Uttarakhand,Bageshwar,2019-12-06,2019,12,0,IMD GRID MODEL
Uttarakhand,Bageshwar,2019-12-09,2019,12,0,IMD GRID MODEL
Uttarakhand,Bageshwar,2019-12-10,2019,12,0,IMD GRID MODEL
Uttarakhand,Bageshwar,2019-12-13,2019,12,14.58939541,IMD GRID MODEL
Uttarakhand,Bageshwar,2019-12-16,2019,12,0,IMD GRID MODEL
Uttarakhand,Bageshwar,2019-12-30,2019,12,0,IMD GRID MODEL
Uttarakhand,Chamoli,2019-01-02,2019,01,0,IMD GRID MODEL
Uttarakhand,Chamoli,2019-01-09,2019,01,0,IMD GRID MODEL
Uttarakhand,Chamoli,2019-01-13,2019,01,1.013057932,IMD GRID MODEL
Uttarakhand,Chamoli,2019-01-19,2019,01,0,IMD GRID MODEL
Uttarakhand,Chamoli,2019-01-30,2019,01,0,IMD GRID MODEL
Uttarakhand,Chamoli,2019-02-06,2019,02,0,IMD GRID MODEL
Uttarakhand,Chamoli,2019-02-08,2019,02,30.80470929,IMD GRID MODEL
Uttarakhand,Chamoli,2019-02-12,2019,02,0,IMD GRID MODEL
Uttarakhand,Chamoli,2019-02-14,2019,02,0,IMD GRID MODEL
Uttarakhand,Chamoli,2019-02-15,2019,02,22.80484221,IMD GRID MODEL
Uttarakhand,Chamoli,2019-03-02,2019,03,0,IMD GRID MODEL
Uttarakhand,Chamoli,2019-03-03,2019,03,15.6630043,IMD GRID MODEL
Uttarakhand,Chamoli,2019-03-05,2019,03,7.600480533,IMD GRID MODEL
Uttarakhand,Chamoli,2019-03-09,2019,03,0,IMD GRID MODEL
Uttarakhand,Chamoli,2019-03-22,2019,03,0,IMD GRID MODEL
Uttarakhand,Chamoli,2019-03-24,2019,03,0,IMD GRID MODEL
Uttarakhand,Chamoli,2019-03-29,2019,03,0,IMD GRID MODEL
Uttarakhand,Chamoli,2019-04-06,2019,04,7.313912222,IMD GRID MODEL
Uttarakhand,Chamoli,2019-04-07,2019,04,1.203903464,IMD GRID MODEL
Uttarakhand,Chamoli,2019-04-08,2019,04,2.570525843,IMD GRID MODEL
Uttarakhand,Chamoli,2019-04-09,2019,04,7.973959628,IMD GRID MODEL
Uttarakhand,Chamoli,2019-04-10,2019,04,0,IMD GRID MODEL
Uttarakhand,Chamoli,2019-04-16,2019,04,0,IMD GRID MODEL
Uttarakhand,Chamoli,2019-04-22,2019,04,2.539288795,IMD GRID MODEL
Uttarakhand,Chamoli,2019-04-24,2019,04,0,IMD GRID MODEL
Uttarakhand,Chamoli,2019-04-27,2019,04,1.992249976,IMD GRID MODEL
Uttarakhand,Chamoli,2019-05-02,2019,05,1.949403273,IMD GRID MODEL
Uttarakhand,Chamoli,2019-05-08,2019,05,0,IMD GRID MODEL
Uttarakhand,Chamoli,2019-05-09,2019,05,0,IMD GRID MODEL
Uttarakhand,Chamoli,2019-05-10,2019,05,0,IMD GRID MODEL
Uttarakhand,Chamoli,2019-05-13,2019,05,2.867155503,IMD GRID MODEL
Uttarakhand,Chamoli,2019-05-16,2019,05,0.076947268,IMD GRID MODEL
Uttarakhand,Chamoli,2019-05-17,2019,05,4.681882435,IMD GRID MODEL
Uttarakhand,Chamoli,2019-05-19,2019,05,3.020660086,IMD GRID MODEL
Uttarakhand,Chamoli,2019-05-24,2019,05,0.201924804,IMD GRID MODEL
Uttarakhand,Chamoli,2019-05-26,2019,05,0.647537612,IMD GRID MODEL
Uttarakhand,Chamoli,2019-05-30,2019,05,0,IMD GRID MODEL
Uttarakhand,Chamoli,2019-06-03,2019,06,4.324039694,IMD GRID MODEL
Uttarakhand,Chamoli,2019-06-07,2019,06,1.953280413,IMD GRID MODEL
Uttarakhand,Chamoli,2019-06-09,2019,06,2.176615432,IMD GRID MODEL
Uttarakhand,Chamoli,2019-06-10,2019,06,0,IMD GRID MODEL
Uttarakhand,Chamoli,2019-06-26,2019,06,22.07696051,IMD GRID MODEL
Uttarakhand,Chamoli,2019-07-05,2019,07,5.97683783,IMD GRID MODEL
Uttarakhand,Chamoli,2019-07-06,2019,07,1.801673037,IMD GRID MODEL
Uttarakhand,Chamoli,2019-07-07,2019,07,2.128968867,IMD GRID MODEL
Uttarakhand,Chamoli,2019-07-11,2019,07,15.10391033,IMD GRID MODEL
Uttarakhand,Chamoli,2019-07-13,2019,07,37.62694546,IMD GRID MODEL
Uttarakhand,Chamoli,2019-07-19,2019,07,4.298677189,IMD GRID MODEL
Uttarakhand,Chamoli,2019-07-21,2019,07,0.313539373,IMD GRID MODEL
Uttarakhand,Chamoli,2019-07-22,2019,07,2.056894374,IMD GRID MODEL
Uttarakhand,Chamoli,2019-07-23,2019,07,0.602809909,IMD GRID MODEL
Uttarakhand,Chamoli,2019-07-26,2019,07,7.60655043,IMD GRID MODEL
Uttarakhand,Chamoli,2019-07-27,2019,07,16.10298325,IMD GRID MODEL
Uttarakhand,Chamoli,2019-07-28,2019,07,3.159002243,IMD GRID MODEL
Uttarakhand,Chamoli,2019-08-11,2019,08,17.41989218,IMD GRID MODEL
Uttarakhand,Chamoli,2019-08-12,2019,08,43.98283242,IMD GRID MODEL
Uttarakhand,Chamoli,2019-08-13,2019,08,4.928898023,IMD GRID MODEL
Uttarakhand,Chamoli,2019-08-21,2019,08,1.12368897,IMD GRID MODEL
Uttarakhand,Chamoli,2019-08-22,2019,08,6.748468251,IMD GRID MODEL
Uttarakhand,Chamoli,2019-08-28,2019,08,0.680892449,IMD GRID MODEL
Uttarakhand,Chamoli,2019-08-29,2019,08,0.788689508,IMD GRID MODEL
Uttarakhand,Chamoli,2019-09-04,2019,09,32.16767898,IMD GRID MODEL
Uttarakhand,Chamoli,2019-09-07,2019,09,16.56552477,IMD GRID MODEL
Uttarakhand,Chamoli,2019-09-09,2019,09,0.358137633,IMD GRID MODEL
Uttarakhand,Chamoli,2019-09-27,2019,09,10.70070637,IMD GRID MODEL
Uttarakhand,Chamoli,2019-10-12,2019,10,0,IMD GRID MODEL
Uttarakhand,Chamoli,2019-10-14,2019,10,0,IMD GRID MODEL
Uttarakhand,Chamoli,2019-10-21,2019,10,1.062635985,IMD GRID MODEL
Uttarakhand,Chamoli,2019-10-25,2019,10,0,IMD GRID MODEL
Uttarakhand,Chamoli,2019-11-10,2019,11,0,IMD GRID MODEL
Uttarakhand,Chamoli,2019-11-14,2019,11,0,IMD GRID MODEL
Uttarakhand,Chamoli,2019-11-24,2019,11,0,IMD GRID MODEL
Uttarakhand,Chamoli,2019-12-04,2019,12,0,IMD GRID MODEL
Uttarakhand,Chamoli,2019-12-10,2019,12,0,IMD GRID MODEL
Uttarakhand,Chamoli,2019-12-13,2019,12,24.96758827,IMD GRID MODEL
Uttarakhand,Chamoli,2019-12-15,2019,12,1.949652765,IMD GRID MODEL
Uttarakhand,Chamoli,2019-12-22,2019,12,0.109610014,IMD GRID MODEL
Uttarakhand,Chamoli,2019-12-24,2019,12,0,IMD GRID MODEL
Uttarakhand,Chamoli,2019-12-26,2019,12,0,IMD GRID MODEL
Uttarakhand,Champawat,2019-01-10,2019,01,0,IMD GRID MODEL
Uttarakhand,Champawat,2019-01-17,2019,01,0,IMD GRID MODEL
Uttarakhand,Champawat,2019-01-18,2019,01,0,IMD GRID MODEL
Uttarakhand,Champawat,2019-01-19,2019,01,0,IMD GRID MODEL
Uttarakhand,Champawat,2019-01-24,2019,01,10.74730146,IMD GRID MODEL
Uttarakhand,Champawat,2019-01-27,2019,01,0.018888468,IMD GRID MODEL
Uttarakhand,Champawat,2019-02-04,2019,02,0,IMD GRID MODEL
Uttarakhand,Champawat,2019-02-07,2019,02,1.555997109,IMD GRID MODEL
Uttarakhand,Champawat,2019-02-11,2019,02,0,IMD GRID MODEL
Uttarakhand,Champawat,2019-02-15,2019,02,15.96605941,IMD GRID MODEL
Uttarakhand,Champawat,2019-02-18,2019,02,0.45607532,IMD GRID MODEL
Uttarakhand,Champawat,2019-02-22,2019,02,0.317018016,IMD GRID MODEL
Uttarakhand,Champawat,2019-02-26,2019,02,3.981125739,IMD GRID MODEL
Uttarakhand,Champawat,2019-03-08,2019,03,0.00790132,IMD GRID MODEL
Uttarakhand,Champawat,2019-03-09,2019,03,0,IMD GRID MODEL
Uttarakhand,Champawat,2019-03-24,2019,03,0,IMD GRID MODEL
Uttarakhand,Champawat,2019-03-26,2019,03,1.30647621,IMD GRID MODEL
Uttarakhand,Champawat,2019-03-31,2019,03,0,IMD GRID MODEL
Uttarakhand,Udam Singh Nagar,2019-07-17,2019,07,8.396641946,IMD GRID MODEL
Uttarakhand,Udam Singh Nagar,2019-07-21,2019,07,1.310405701,IMD GRID MODEL
Uttarakhand,Udam Singh Nagar,2019-07-22,2019,07,16.08854012,IMD GRID MODEL
Uttarakhand,Champawat,2019-04-12,2019,04,0,IMD GRID MODEL
Uttarakhand,Champawat,2019-04-20,2019,04,4.735149811,IMD GRID MODEL
Uttarakhand,Champawat,2019-04-26,2019,04,0.851374508,IMD GRID MODEL
Uttarakhand,Champawat,2019-05-02,2019,05,1.264436134,IMD GRID MODEL
Uttarakhand,Champawat,2019-05-05,2019,05,0,IMD GRID MODEL
Uttarakhand,Champawat,2019-05-12,2019,05,0.705454736,IMD GRID MODEL
Uttarakhand,Champawat,2019-05-19,2019,05,0.018311913,IMD GRID MODEL
Uttarakhand,Champawat,2019-05-25,2019,05,3.195892141,IMD GRID MODEL
Uttarakhand,Champawat,2019-05-27,2019,05,0,IMD GRID MODEL
Uttarakhand,Champawat,2019-05-29,2019,05,0,IMD GRID MODEL
Uttarakhand,Champawat,2019-06-05,2019,06,0,IMD GRID MODEL
Uttarakhand,Champawat,2019-06-07,2019,06,13.88050038,IMD GRID MODEL
Uttarakhand,Champawat,2019-06-10,2019,06,0,IMD GRID MODEL
Uttarakhand,Champawat,2019-06-19,2019,06,1.546104421,IMD GRID MODEL
Uttarakhand,Champawat,2019-06-20,2019,06,0,IMD GRID MODEL
Uttarakhand,Champawat,2019-06-21,2019,06,0.881308345,IMD GRID MODEL
Uttarakhand,Champawat,2019-06-22,2019,06,4.590206902,IMD GRID MODEL
Uttarakhand,Champawat,2019-06-23,2019,06,1.438014532,IMD GRID MODEL
Uttarakhand,Champawat,2019-06-24,2019,06,11.15964685,IMD GRID MODEL
Uttarakhand,Champawat,2019-06-25,2019,06,10.78130546,IMD GRID MODEL
Uttarakhand,Champawat,2019-06-29,2019,06,0.007324765,IMD GRID MODEL
Uttarakhand,Champawat,2019-07-02,2019,07,0.22716419,IMD GRID MODEL
Uttarakhand,Champawat,2019-07-06,2019,07,7.984114569,IMD GRID MODEL
Uttarakhand,Champawat,2019-07-11,2019,07,7.692328806,IMD GRID MODEL
Uttarakhand,Champawat,2019-07-13,2019,07,5.466179677,IMD GRID MODEL
Uttarakhand,Champawat,2019-07-17,2019,07,9.202653477,IMD GRID MODEL
Uttarakhand,Champawat,2019-07-18,2019,07,0.490182329,IMD GRID MODEL
Uttarakhand,Champawat,2019-07-19,2019,07,0.223405336,IMD GRID MODEL
Uttarakhand,Champawat,2019-07-25,2019,07,31.67766361,IMD GRID MODEL
Uttarakhand,Champawat,2019-07-28,2019,07,4.870733054,IMD GRID MODEL
Uttarakhand,Champawat,2019-07-29,2019,07,1.633430583,IMD GRID MODEL
Uttarakhand,Champawat,2019-08-03,2019,08,13.14948353,IMD GRID MODEL
Uttarakhand,Champawat,2019-08-07,2019,08,24.36242799,IMD GRID MODEL
Uttarakhand,Champawat,2019-08-16,2019,08,8.190175569,IMD GRID MODEL
Uttarakhand,Champawat,2019-08-21,2019,08,7.7842922,IMD GRID MODEL
Uttarakhand,Champawat,2019-09-06,2019,09,2.894456833,IMD GRID MODEL
Uttarakhand,Champawat,2019-09-07,2019,09,11.24978583,IMD GRID MODEL
Uttarakhand,Champawat,2019-09-09,2019,09,0.058934678,IMD GRID MODEL
Uttarakhand,Champawat,2019-09-11,2019,09,3.602369711,IMD GRID MODEL
Uttarakhand,Champawat,2019-09-13,2019,09,4.744691667,IMD GRID MODEL
Uttarakhand,Champawat,2019-09-14,2019,09,20.90036193,IMD GRID MODEL
Uttarakhand,Champawat,2019-09-16,2019,09,0.794808771,IMD GRID MODEL
Uttarakhand,Champawat,2019-09-22,2019,09,8.667796002,IMD GRID MODEL
Uttarakhand,Champawat,2019-09-28,2019,09,3.87301817,IMD GRID MODEL
Uttarakhand,Champawat,2019-10-02,2019,10,1.275575849,IMD GRID MODEL
Uttarakhand,Champawat,2019-10-05,2019,10,0,IMD GRID MODEL
Uttarakhand,Champawat,2019-10-06,2019,10,0,IMD GRID MODEL
Uttarakhand,Champawat,2019-10-08,2019,10,0,IMD GRID MODEL
Uttarakhand,Champawat,2019-10-09,2019,10,0.150157686,IMD GRID MODEL
Uttarakhand,Champawat,2019-10-14,2019,10,0,IMD GRID MODEL
Uttarakhand,Champawat,2019-10-18,2019,10,0,IMD GRID MODEL
Uttarakhand,Champawat,2019-10-21,2019,10,0,IMD GRID MODEL
Uttarakhand,Champawat,2019-11-01,2019,11,0,IMD GRID MODEL
Uttarakhand,Champawat,2019-11-02,2019,11,0,IMD GRID MODEL
Uttarakhand,Champawat,2019-11-18,2019,11,0,IMD GRID MODEL
Uttarakhand,Champawat,2019-11-21,2019,11,0,IMD GRID MODEL
Uttarakhand,Champawat,2019-11-27,2019,11,0,IMD GRID MODEL
Uttarakhand,Champawat,2019-11-29,2019,11,7.470329852,IMD GRID MODEL
Uttarakhand,Champawat,2019-11-30,2019,11,0,IMD GRID MODEL
Uttarakhand,Champawat,2019-12-03,2019,12,0,IMD GRID MODEL
Uttarakhand,Champawat,2019-12-12,2019,12,0,IMD GRID MODEL
Uttarakhand,Champawat,2019-12-13,2019,12,16.35018447,IMD GRID MODEL
Uttarakhand,Champawat,2019-12-23,2019,12,0,IMD GRID MODEL
Uttarakhand,Champawat,2019-12-24,2019,12,0,IMD GRID MODEL
Uttarakhand,Champawat,2019-12-30,2019,12,0,IMD GRID MODEL
Uttarakhand,Champawat,2019-12-31,2019,12,0,IMD GRID MODEL
Uttarakhand,Dehradun,2019-01-11,2019,01,0,IMD GRID MODEL
Uttarakhand,Dehradun,2019-01-14,2019,01,0,IMD GRID MODEL
Uttarakhand,Dehradun,2019-01-16,2019,01,0,IMD GRID MODEL
Uttarakhand,Dehradun,2019-01-21,2019,01,0,IMD GRID MODEL
Uttarakhand,Dehradun,2019-01-24,2019,01,4.498826368,IMD GRID MODEL
Uttarakhand,Dehradun,2019-01-30,2019,01,0,IMD GRID MODEL
Uttarakhand,Dehradun,2019-02-02,2019,02,0.53824564,IMD GRID MODEL
Uttarakhand,Dehradun,2019-02-07,2019,02,0.263000926,IMD GRID MODEL
Uttarakhand,Dehradun,2019-02-08,2019,02,36.3374932,IMD GRID MODEL
Uttarakhand,Dehradun,2019-02-09,2019,02,3.493228692,IMD GRID MODEL
Uttarakhand,Dehradun,2019-02-11,2019,02,0,IMD GRID MODEL
Uttarakhand,Dehradun,2019-02-28,2019,02,8.330621897,IMD GRID MODEL
Uttarakhand,Dehradun,2019-03-04,2019,03,0.036672907,IMD GRID MODEL
Uttarakhand,Dehradun,2019-03-05,2019,03,3.590547951,IMD GRID MODEL
Uttarakhand,Dehradun,2019-03-08,2019,03,0,IMD GRID MODEL
Uttarakhand,Dehradun,2019-03-09,2019,03,0.134389994,IMD GRID MODEL
Uttarakhand,Dehradun,2019-03-17,2019,03,0,IMD GRID MODEL
Uttarakhand,Dehradun,2019-03-18,2019,03,0.585075353,IMD GRID MODEL
Uttarakhand,Udam Singh Nagar,2019-07-27,2019,07,36.72203332,IMD GRID MODEL
Uttarakhand,Udam Singh Nagar,2019-08-02,2019,08,11.98037503,IMD GRID MODEL
Uttarakhand,Udam Singh Nagar,2019-08-19,2019,08,38.41331742,IMD GRID MODEL
Uttarakhand,Udam Singh Nagar,2019-08-21,2019,08,0.435058532,IMD GRID MODEL
Uttarakhand,Udam Singh Nagar,2019-08-22,2019,08,13.73291033,IMD GRID MODEL
Uttarakhand,Udam Singh Nagar,2019-08-23,2019,08,1.714044076,IMD GRID MODEL
Uttarakhand,Udam Singh Nagar,2019-08-24,2019,08,3.249467473,IMD GRID MODEL
Uttarakhand,Udam Singh Nagar,2019-08-26,2019,08,3.787054806,IMD GRID MODEL
Uttarakhand,Udam Singh Nagar,2019-08-27,2019,08,0.121019188,IMD GRID MODEL
Uttarakhand,Udam Singh Nagar,2019-08-28,2019,08,0,IMD GRID MODEL
Uttarakhand,Udam Singh Nagar,2019-08-29,2019,08,6.241092074,IMD GRID MODEL
Uttarakhand,Udam Singh Nagar,2019-09-05,2019,09,1.870908219,IMD GRID MODEL
Uttarakhand,Udam Singh Nagar,2019-09-08,2019,09,12.46016188,IMD GRID MODEL
Uttarakhand,Udam Singh Nagar,2019-09-16,2019,09,0.978287913,IMD GRID MODEL
Uttarakhand,Udam Singh Nagar,2019-09-27,2019,09,0.968849219,IMD GRID MODEL
Uttarakhand,Udam Singh Nagar,2019-09-28,2019,09,4.254648082,IMD GRID MODEL
Uttarakhand,Udam Singh Nagar,2019-10-03,2019,10,0.747002354,IMD GRID MODEL
Uttarakhand,Udam Singh Nagar,2019-10-19,2019,10,0,IMD GRID MODEL
Uttarakhand,Udam Singh Nagar,2019-10-25,2019,10,0,IMD GRID MODEL
Uttarakhand,Udam Singh Nagar,2019-10-30,2019,10,0,IMD GRID MODEL
Uttarakhand,Udam Singh Nagar,2019-11-01,2019,11,0,IMD GRID MODEL
Uttarakhand,Udam Singh Nagar,2019-11-03,2019,11,0,IMD GRID MODEL
Uttarakhand,Udam Singh Nagar,2019-11-21,2019,11,0,IMD GRID MODEL
Uttarakhand,Udam Singh Nagar,2019-11-23,2019,11,0,IMD GRID MODEL
Uttarakhand,Udam Singh Nagar,2019-11-28,2019,11,1.934698075,IMD GRID MODEL
Uttarakhand,Udam Singh Nagar,2019-12-13,2019,12,30.54516124,IMD GRID MODEL
Uttarakhand,Udam Singh Nagar,2019-12-16,2019,12,0,IMD GRID MODEL
Uttarakhand,Udam Singh Nagar,2019-12-18,2019,12,0,IMD GRID MODEL
Uttarakhand,Udam Singh Nagar,2019-12-20,2019,12,0,IMD GRID MODEL
Uttarakhand,Udam Singh Nagar,2019-12-26,2019,12,0,IMD GRID MODEL
Uttarakhand,Udam Singh Nagar,2019-12-27,2019,12,0,IMD GRID MODEL
Uttarakhand,Udam Singh Nagar,2019-12-31,2019,12,0,IMD GRID MODEL
Uttarakhand,Udam Singh Nagar,2019-01-23,2019,01,2.500900107,IMD GRID MODEL
Uttarakhand,Udam Singh Nagar,2019-04-14,2019,04,0,IMD GRID MODEL
Uttarakhand,Udam Singh Nagar,2019-05-22,2019,05,0,IMD GRID MODEL
Uttarakhand,Udam Singh Nagar,2019-10-29,2019,10,0,IMD GRID MODEL
Uttarakhand,Uttar Kashi,2019-01-10,2019,01,0,IMD GRID MODEL
Uttarakhand,Uttar Kashi,2019-01-11,2019,01,0,IMD GRID MODEL
Uttarakhand,Uttar Kashi,2019-01-16,2019,01,0,IMD GRID MODEL
Uttarakhand,Uttar Kashi,2019-01-17,2019,01,0.016360632,IMD GRID MODEL
Uttarakhand,Uttar Kashi,2019-01-23,2019,01,25.44412731,IMD GRID MODEL
Uttarakhand,Uttar Kashi,2019-01-24,2019,01,8.447461704,IMD GRID MODEL
Uttarakhand,Uttar Kashi,2019-01-27,2019,01,2.703872025,IMD GRID MODEL
Uttarakhand,Uttar Kashi,2019-01-28,2019,01,1.355908754,IMD GRID MODEL
Uttarakhand,Uttar Kashi,2019-02-01,2019,02,7.728069219,IMD GRID MODEL
Uttarakhand,Uttar Kashi,2019-02-02,2019,02,1.291753841,IMD GRID MODEL
Uttarakhand,Uttar Kashi,2019-02-05,2019,02,0,IMD GRID MODEL
Uttarakhand,Uttar Kashi,2019-02-16,2019,02,17.23485653,IMD GRID MODEL
Uttarakhand,Uttar Kashi,2019-02-23,2019,02,1.404394882,IMD GRID MODEL
Uttarakhand,Uttar Kashi,2019-03-01,2019,03,0,IMD GRID MODEL
Uttarakhand,Uttar Kashi,2019-03-07,2019,03,0,IMD GRID MODEL
Uttarakhand,Uttar Kashi,2019-03-08,2019,03,0,IMD GRID MODEL
Uttarakhand,Uttar Kashi,2019-03-09,2019,03,0.08869391,IMD GRID MODEL
Uttarakhand,Uttar Kashi,2019-03-11,2019,03,0,IMD GRID MODEL
Uttarakhand,Uttar Kashi,2019-03-15,2019,03,11.65597948,IMD GRID MODEL
Uttarakhand,Uttar Kashi,2019-03-17,2019,03,0,IMD GRID MODEL
Uttarakhand,Uttar Kashi,2019-03-28,2019,03,0,IMD GRID MODEL
Uttarakhand,Uttar Kashi,2019-03-30,2019,03,0.268878663,IMD GRID MODEL
Uttarakhand,Uttar Kashi,2019-04-09,2019,04,0.632976917,IMD GRID MODEL
Uttarakhand,Uttar Kashi,2019-04-10,2019,04,0,IMD GRID MODEL
Uttarakhand,Uttar Kashi,2019-04-12,2019,04,0,IMD GRID MODEL
Uttarakhand,Uttar Kashi,2019-04-25,2019,04,2.804785226,IMD GRID MODEL
Uttarakhand,Uttar Kashi,2019-04-27,2019,04,2.212105695,IMD GRID MODEL
Uttarakhand,Uttar Kashi,2019-04-28,2019,04,0,IMD GRID MODEL
Uttarakhand,Uttar Kashi,2019-05-02,2019,05,8.822634932,IMD GRID MODEL
Uttarakhand,Uttar Kashi,2019-05-03,2019,05,5.038826413,IMD GRID MODEL
Uttarakhand,Uttar Kashi,2019-05-04,2019,05,0.808159825,IMD GRID MODEL
Uttarakhand,Uttar Kashi,2019-05-08,2019,05,0,IMD GRID MODEL
Uttarakhand,Uttar Kashi,2019-05-09,2019,05,0,IMD GRID MODEL
Uttarakhand,Uttar Kashi,2019-05-10,2019,05,0,IMD GRID MODEL
Uttarakhand,Uttar Kashi,2019-05-22,2019,05,0,IMD GRID MODEL
Uttarakhand,Uttar Kashi,2019-05-25,2019,05,6.246488827,IMD GRID MODEL
Uttarakhand,Uttar Kashi,2019-05-26,2019,05,4.472152856,IMD GRID MODEL
Uttarakhand,Uttar Kashi,2019-05-29,2019,05,0,IMD GRID MODEL
Uttarakhand,Uttar Kashi,2019-06-04,2019,06,7.579025456,IMD GRID MODEL
Uttarakhand,Uttar Kashi,2019-06-06,2019,06,0,IMD GRID MODEL
Uttarakhand,Uttar Kashi,2019-06-11,2019,06,0,IMD GRID MODEL
Uttarakhand,Uttar Kashi,2019-06-16,2019,06,0,IMD GRID MODEL
Uttarakhand,Uttar Kashi,2019-06-17,2019,06,0.331817051,IMD GRID MODEL
Uttarakhand,Uttar Kashi,2019-07-02,2019,07,2.772966758,IMD GRID MODEL
Uttarakhand,Uttar Kashi,2019-07-07,2019,07,1.587192095,IMD GRID MODEL
Uttarakhand,Uttar Kashi,2019-07-10,2019,07,17.78811253,IMD GRID MODEL
Uttarakhand,Uttar Kashi,2019-07-23,2019,07,0.126992662,IMD GRID MODEL
Uttarakhand,Uttar Kashi,2019-07-25,2019,07,33.45868435,IMD GRID MODEL
Uttarakhand,Uttar Kashi,2019-07-26,2019,07,3.636414968,IMD GRID MODEL
Uttarakhand,Uttar Kashi,2019-07-27,2019,07,13.82082377,IMD GRID MODEL
Uttarakhand,Uttar Kashi,2019-07-31,2019,07,3.057763768,IMD GRID MODEL
Uttarakhand,Uttar Kashi,2019-08-08,2019,08,7.129841157,IMD GRID MODEL
Uttarakhand,Uttar Kashi,2019-08-14,2019,08,28.05283943,IMD GRID MODEL
Uttarakhand,Uttar Kashi,2019-08-19,2019,08,38.28425697,IMD GRID MODEL
Uttarakhand,Uttar Kashi,2019-08-28,2019,08,0.755194017,IMD GRID MODEL
Uttarakhand,Uttar Kashi,2019-09-03,2019,09,7.916030228,IMD GRID MODEL
Uttarakhand,Uttar Kashi,2019-09-04,2019,09,8.174987832,IMD GRID MODEL
Uttarakhand,Uttar Kashi,2019-09-06,2019,09,6.98601955,IMD GRID MODEL
Uttarakhand,Uttar Kashi,2019-09-09,2019,09,0.319422907,IMD GRID MODEL
Uttarakhand,Uttar Kashi,2019-09-14,2019,09,2.537266169,IMD GRID MODEL
Uttarakhand,Uttar Kashi,2019-09-18,2019,09,0.142926261,IMD GRID MODEL
Uttarakhand,Uttar Kashi,2019-09-20,2019,09,3.759382236,IMD GRID MODEL
Uttarakhand,Uttar Kashi,2019-09-22,2019,09,2.30504982,IMD GRID MODEL
Uttarakhand,Uttar Kashi,2019-09-24,2019,09,0,IMD GRID MODEL
Uttarakhand,Uttar Kashi,2019-09-29,2019,09,14.65586264,IMD GRID MODEL
Uttarakhand,Uttar Kashi,2019-10-03,2019,10,0.08390417,IMD GRID MODEL
Uttarakhand,Uttar Kashi,2019-10-05,2019,10,3.079608252,IMD GRID MODEL
Uttarakhand,Uttar Kashi,2019-10-10,2019,10,0.793561691,IMD GRID MODEL
Uttarakhand,Uttar Kashi,2019-10-11,2019,10,0,IMD GRID MODEL
Uttarakhand,Uttar Kashi,2019-10-13,2019,10,0,IMD GRID MODEL
Uttarakhand,Uttar Kashi,2019-10-17,2019,10,0,IMD GRID MODEL
Uttarakhand,Uttar Kashi,2019-10-19,2019,10,0,IMD GRID MODEL
Uttarakhand,Uttar Kashi,2019-10-20,2019,10,0.016360632,IMD GRID MODEL
Uttarakhand,Uttar Kashi,2019-10-22,2019,10,0,IMD GRID MODEL
Uttarakhand,Uttar Kashi,2019-10-24,2019,10,0,IMD GRID MODEL
Uttarakhand,Uttar Kashi,2019-10-30,2019,10,0,IMD GRID MODEL
Uttarakhand,Uttar Kashi,2019-11-02,2019,11,0,IMD GRID MODEL
Uttarakhand,Uttar Kashi,2019-11-12,2019,11,0,IMD GRID MODEL
Uttarakhand,Uttar Kashi,2019-11-13,2019,11,0,IMD GRID MODEL
Uttarakhand,Uttar Kashi,2019-11-17,2019,11,0,IMD GRID MODEL
Uttarakhand,Uttar Kashi,2019-11-19,2019,11,0,IMD GRID MODEL
Uttarakhand,Uttar Kashi,2019-11-24,2019,11,0.195231469,IMD GRID MODEL
Uttarakhand,Uttar Kashi,2019-11-27,2019,11,7.126929868,IMD GRID MODEL
Uttarakhand,Uttar Kashi,2019-12-07,2019,12,0,IMD GRID MODEL
Uttarakhand,Uttar Kashi,2019-12-17,2019,12,0,IMD GRID MODEL
Uttarakhand,Uttar Kashi,2019-12-18,2019,12,0,IMD GRID MODEL
Uttarakhand,Uttar Kashi,2019-12-24,2019,12,0,IMD GRID MODEL
Uttarakhand,Uttar Kashi,2019-12-27,2019,12,0,IMD GRID MODEL
Uttarakhand,Pithoragarh,2019-06-28,2019,06,1.802500455,IMD GRID MODEL
Uttarakhand,Pithoragarh,2019-07-08,2019,07,49.29131889,IMD GRID MODEL
Uttarakhand,Pithoragarh,2019-07-11,2019,07,24.53834118,IMD GRID MODEL
Uttarakhand,Pithoragarh,2019-07-12,2019,07,23.41728942,IMD GRID MODEL
Uttarakhand,Pithoragarh,2019-07-15,2019,07,10.86653646,IMD GRID MODEL
Uttarakhand,Pithoragarh,2019-07-26,2019,07,8.434490053,IMD GRID MODEL
Uttarakhand,Pithoragarh,2019-08-05,2019,08,15.21123732,IMD GRID MODEL
Uttarakhand,Pithoragarh,2019-08-09,2019,08,22.60974597,IMD GRID MODEL
Uttarakhand,Pithoragarh,2019-08-10,2019,08,23.5685205,IMD GRID MODEL
Uttarakhand,Pithoragarh,2019-08-12,2019,08,42.78388957,IMD GRID MODEL
Uttarakhand,Pithoragarh,2019-08-20,2019,08,0.921836689,IMD GRID MODEL
Uttarakhand,Pithoragarh,2019-08-28,2019,08,0.138258264,IMD GRID MODEL
Uttarakhand,Pithoragarh,2019-09-05,2019,09,25.91968202,IMD GRID MODEL
Uttarakhand,Pithoragarh,2019-09-10,2019,09,5.96744154,IMD GRID MODEL
Uttarakhand,Pithoragarh,2019-09-11,2019,09,4.766142316,IMD GRID MODEL
Uttarakhand,Pithoragarh,2019-09-16,2019,09,18.41460985,IMD GRID MODEL
Uttarakhand,Pithoragarh,2019-09-18,2019,09,7.879378123,IMD GRID MODEL
Uttarakhand,Pithoragarh,2019-10-11,2019,10,0,IMD GRID MODEL
Uttarakhand,Pithoragarh,2019-10-12,2019,10,0,IMD GRID MODEL
Uttarakhand,Pithoragarh,2019-11-09,2019,11,0,IMD GRID MODEL
Uttarakhand,Pithoragarh,2019-11-18,2019,11,0,IMD GRID MODEL
Uttarakhand,Pithoragarh,2019-11-21,2019,11,0,IMD GRID MODEL
Uttarakhand,Pithoragarh,2019-11-27,2019,11,0.084662384,IMD GRID MODEL
Uttarakhand,Pithoragarh,2019-12-06,2019,12,0,IMD GRID MODEL
Uttarakhand,Pithoragarh,2019-12-09,2019,12,0,IMD GRID MODEL
Uttarakhand,Pithoragarh,2019-12-12,2019,12,0.302185174,IMD GRID MODEL
Uttarakhand,Pithoragarh,2019-12-14,2019,12,29.81975325,IMD GRID MODEL
Uttarakhand,Pithoragarh,2019-12-21,2019,12,0.281828354,IMD GRID MODEL
Uttarakhand,Pithoragarh,2019-12-22,2019,12,0.281828354,IMD GRID MODEL
Uttarakhand,Pithoragarh,2019-12-23,2019,12,0,IMD GRID MODEL
Uttarakhand,Pithoragarh,2019-12-25,2019,12,0,IMD GRID MODEL
Uttarakhand,Pithoragarh,2019-12-30,2019,12,0,IMD GRID MODEL
Uttarakhand,Rudra Prayag,2019-01-05,2019,01,0.099175098,IMD GRID MODEL
Uttarakhand,Rudra Prayag,2019-01-06,2019,01,0.556186684,IMD GRID MODEL
Uttarakhand,Rudra Prayag,2019-01-09,2019,01,0,IMD GRID MODEL
Uttarakhand,Rudra Prayag,2019-01-10,2019,01,0,IMD GRID MODEL
Uttarakhand,Rudra Prayag,2019-01-14,2019,01,0.077422907,IMD GRID MODEL
Uttarakhand,Rudra Prayag,2019-01-22,2019,01,30.03984147,IMD GRID MODEL
Uttarakhand,Rudra Prayag,2019-01-29,2019,01,0.191317366,IMD GRID MODEL
Uttarakhand,Rudra Prayag,2019-01-30,2019,01,0,IMD GRID MODEL
Uttarakhand,Rudra Prayag,2019-03-02,2019,03,0,IMD GRID MODEL
Uttarakhand,Rudra Prayag,2019-03-03,2019,03,8.605137402,IMD GRID MODEL
Uttarakhand,Rudra Prayag,2019-03-09,2019,03,0,IMD GRID MODEL
Uttarakhand,Rudra Prayag,2019-03-14,2019,03,0,IMD GRID MODEL
Uttarakhand,Rudra Prayag,2019-03-15,2019,03,9.077039145,IMD GRID MODEL
Uttarakhand,Rudra Prayag,2019-03-20,2019,03,0,IMD GRID MODEL
Uttarakhand,Rudra Prayag,2019-03-21,2019,03,0.504969257,IMD GRID MODEL
Uttarakhand,Rudra Prayag,2019-04-03,2019,04,0,IMD GRID MODEL
Uttarakhand,Rudra Prayag,2019-04-10,2019,04,0,IMD GRID MODEL
Uttarakhand,Rudra Prayag,2019-04-11,2019,04,0.625310144,IMD GRID MODEL
Uttarakhand,Rudra Prayag,2019-04-16,2019,04,0,IMD GRID MODEL
Uttarakhand,Rudra Prayag,2019-05-15,2019,05,0.819098292,IMD GRID MODEL
Uttarakhand,Rudra Prayag,2019-05-16,2019,05,0.191317366,IMD GRID MODEL
Uttarakhand,Rudra Prayag,2019-05-23,2019,05,0.191317366,IMD GRID MODEL
Uttarakhand,Rudra Prayag,2019-06-03,2019,06,12.6097487,IMD GRID MODEL
Uttarakhand,Rudra Prayag,2019-06-12,2019,06,4.087252203,IMD GRID MODEL
Uttarakhand,Rudra Prayag,2019-06-16,2019,06,0,IMD GRID MODEL
Uttarakhand,Rudra Prayag,2019-06-19,2019,06,0,IMD GRID MODEL
Uttarakhand,Rudra Prayag,2019-06-20,2019,06,1.890753543,IMD GRID MODEL
Uttarakhand,Rudra Prayag,2019-07-03,2019,07,0.006632484,IMD GRID MODEL
Uttarakhand,Rudra Prayag,2019-07-12,2019,07,16.62269754,IMD GRID MODEL
Uttarakhand,Rudra Prayag,2019-07-15,2019,07,15.06428612,IMD GRID MODEL
Uttarakhand,Rudra Prayag,2019-07-28,2019,07,2.529260829,IMD GRID MODEL
Uttarakhand,Rudra Prayag,2019-08-01,2019,08,7.540291476,IMD GRID MODEL
Uttarakhand,Rudra Prayag,2019-08-13,2019,08,14.02198866,IMD GRID MODEL
Uttarakhand,Rudra Prayag,2019-08-15,2019,08,1.141962537,IMD GRID MODEL
Uttarakhand,Rudra Prayag,2019-08-26,2019,08,10.71882338,IMD GRID MODEL
Uttarakhand,Rudra Prayag,2019-09-02,2019,09,1.458552976,IMD GRID MODEL
Uttarakhand,Rudra Prayag,2019-09-05,2019,09,4.519486937,IMD GRID MODEL
Uttarakhand,Rudra Prayag,2019-09-11,2019,09,0.191317366,IMD GRID MODEL
Uttarakhand,Rudra Prayag,2019-09-15,2019,09,3.190107143,IMD GRID MODEL
Uttarakhand,Rudra Prayag,2019-09-25,2019,09,0,IMD GRID MODEL
Uttarakhand,Rudra Prayag,2019-09-26,2019,09,27.68194576,IMD GRID MODEL
Uttarakhand,Rudra Prayag,2019-09-29,2019,09,14.09694531,IMD GRID MODEL
Uttarakhand,Rudra Prayag,2019-10-03,2019,10,0.359730704,IMD GRID MODEL
Uttarakhand,Rudra Prayag,2019-10-06,2019,10,0,IMD GRID MODEL
Uttarakhand,Rudra Prayag,2019-10-08,2019,10,0.368210642,IMD GRID MODEL
Uttarakhand,Rudra Prayag,2019-10-09,2019,10,0.107860918,IMD GRID MODEL
Uttarakhand,Rudra Prayag,2019-10-10,2019,10,1.511515597,IMD GRID MODEL
Uttarakhand,Rudra Prayag,2019-10-16,2019,10,0.511542992,IMD GRID MODEL
Uttarakhand,Rudra Prayag,2019-10-24,2019,10,0,IMD GRID MODEL
Uttarakhand,Rudra Prayag,2019-11-15,2019,11,0,IMD GRID MODEL
Uttarakhand,Rudra Prayag,2019-11-16,2019,11,0,IMD GRID MODEL
Uttarakhand,Rudra Prayag,2019-11-19,2019,11,0,IMD GRID MODEL
Uttarakhand,Rudra Prayag,2019-11-27,2019,11,0.757792936,IMD GRID MODEL
Uttarakhand,Rudra Prayag,2019-11-30,2019,11,0,IMD GRID MODEL
Uttarakhand,Rudra Prayag,2019-12-03,2019,12,0,IMD GRID MODEL
Uttarakhand,Rudra Prayag,2019-12-04,2019,12,0,IMD GRID MODEL
Uttarakhand,Rudra Prayag,2019-12-06,2019,12,0,IMD GRID MODEL
Uttarakhand,Rudra Prayag,2019-12-12,2019,12,11.53575487,IMD GRID MODEL
Uttarakhand,Rudra Prayag,2019-12-14,2019,12,27.16448961,IMD GRID MODEL
Uttarakhand,Rudra Prayag,2019-12-18,2019,12,0,IMD GRID MODEL
Uttarakhand,Rudra Prayag,2019-12-27,2019,12,0,IMD GRID MODEL
Uttarakhand,Rudra Prayag,2019-12-31,2019,12,0,IMD GRID MODEL
Uttarakhand,Rudra Prayag,2019-10-28,2019,10,0,IMD GRID MODEL
Uttarakhand,Tehri Garhwal,2019-01-10,2019,01,0,IMD GRID MODEL
Uttarakhand,Tehri Garhwal,2019-01-11,2019,01,0,IMD GRID MODEL
Uttarakhand,Tehri Garhwal,2019-01-15,2019,01,0,IMD GRID MODEL
Uttarakhand,Tehri Garhwal,2019-01-21,2019,01,0,IMD GRID MODEL
Uttarakhand,Tehri Garhwal,2019-01-23,2019,01,26.39754373,IMD GRID MODEL
Uttarakhand,Tehri Garhwal,2019-01-28,2019,01,0.676908545,IMD GRID MODEL
Uttarakhand,Tehri Garhwal,2019-01-31,2019,01,1.478948008,IMD GRID MODEL
Uttarakhand,Tehri Garhwal,2019-02-16,2019,02,18.26687714,IMD GRID MODEL
Uttarakhand,Tehri Garhwal,2019-03-08,2019,03,0.025103542,IMD GRID MODEL
Uttarakhand,Tehri Garhwal,2019-03-11,2019,03,0,IMD GRID MODEL
Uttarakhand,Tehri Garhwal,2019-03-12,2019,03,4.838976999,IMD GRID MODEL
Uttarakhand,Tehri Garhwal,2019-03-18,2019,03,0.772153622,IMD GRID MODEL
Uttarakhand,Tehri Garhwal,2019-03-23,2019,03,0,IMD GRID MODEL
Uttarakhand,Tehri Garhwal,2019-03-28,2019,03,0,IMD GRID MODEL
Uttarakhand,Tehri Garhwal,2019-03-29,2019,03,0,IMD GRID MODEL
Uttarakhand,Tehri Garhwal,2019-04-01,2019,04,0,IMD GRID MODEL
Uttarakhand,Tehri Garhwal,2019-04-02,2019,04,0.191315953,IMD GRID MODEL
Uttarakhand,Tehri Garhwal,2019-04-09,2019,04,5.479708999,IMD GRID MODEL
Uttarakhand,Tehri Garhwal,2019-04-13,2019,04,0,IMD GRID MODEL
Uttarakhand,Tehri Garhwal,2019-04-15,2019,04,0,IMD GRID MODEL
Uttarakhand,Tehri Garhwal,2019-04-17,2019,04,4.547065319,IMD GRID MODEL
Uttarakhand,Tehri Garhwal,2019-04-27,2019,04,3.591947767,IMD GRID MODEL
Uttarakhand,Tehri Garhwal,2019-05-06,2019,05,0,IMD GRID MODEL
Uttarakhand,Tehri Garhwal,2019-05-10,2019,05,0,IMD GRID MODEL
Uttarakhand,Tehri Garhwal,2019-05-11,2019,05,0.01841974,IMD GRID MODEL
Uttarakhand,Tehri Garhwal,2019-05-16,2019,05,0.022350069,IMD GRID MODEL
Uttarakhand,Tehri Garhwal,2019-05-19,2019,05,5.731363498,IMD GRID MODEL
Uttarakhand,Tehri Garhwal,2019-05-22,2019,05,0,IMD GRID MODEL
Uttarakhand,Tehri Garhwal,2019-05-31,2019,05,0,IMD GRID MODEL
Uttarakhand,Tehri Garhwal,2019-06-01,2019,06,0.204642256,IMD GRID MODEL
Uttarakhand,Tehri Garhwal,2019-06-02,2019,06,2.393381724,IMD GRID MODEL
Uttarakhand,Tehri Garhwal,2019-06-07,2019,06,1.086285158,IMD GRID MODEL
Uttarakhand,Tehri Garhwal,2019-06-20,2019,06,3.913355174,IMD GRID MODEL
Uttarakhand,Tehri Garhwal,2019-06-26,2019,06,8.100729569,IMD GRID MODEL
Uttarakhand,Tehri Garhwal,2019-07-03,2019,07,0.522841474,IMD GRID MODEL
Uttarakhand,Tehri Garhwal,2019-07-05,2019,07,5.753286759,IMD GRID MODEL
Uttarakhand,Tehri Garhwal,2019-07-14,2019,07,2.880176789,IMD GRID MODEL
Uttarakhand,Tehri Garhwal,2019-07-27,2019,07,13.6154298,IMD GRID MODEL
Uttarakhand,Tehri Garhwal,2019-07-28,2019,07,4.612700512,IMD GRID MODEL
Uttarakhand,Tehri Garhwal,2019-08-03,2019,08,13.26032827,IMD GRID MODEL
Uttarakhand,Tehri Garhwal,2019-08-16,2019,08,4.509447065,IMD GRID MODEL
Uttarakhand,Tehri Garhwal,2019-08-20,2019,08,1.264274216,IMD GRID MODEL
Uttarakhand,Tehri Garhwal,2019-08-23,2019,08,2.189171369,IMD GRID MODEL
Uttarakhand,Tehri Garhwal,2019-08-29,2019,08,0.160300792,IMD GRID MODEL
Uttarakhand,Tehri Garhwal,2019-09-01,2019,09,9.88199908,IMD GRID MODEL
Uttarakhand,Tehri Garhwal,2019-09-03,2019,09,3.568027493,IMD GRID MODEL
Uttarakhand,Tehri Garhwal,2019-09-09,2019,09,0.56276622,IMD GRID MODEL
Uttarakhand,Tehri Garhwal,2019-09-18,2019,09,1.564827643,IMD GRID MODEL
Uttarakhand,Tehri Garhwal,2019-09-23,2019,09,6.673979675,IMD GRID MODEL
Uttarakhand,Tehri Garhwal,2019-10-02,2019,10,4.431889762,IMD GRID MODEL
Uttarakhand,Tehri Garhwal,2019-10-10,2019,10,0.169230172,IMD GRID MODEL
Uttarakhand,Tehri Garhwal,2019-10-11,2019,10,0,IMD GRID MODEL
Uttarakhand,Tehri Garhwal,2019-10-12,2019,10,0,IMD GRID MODEL
Uttarakhand,Tehri Garhwal,2019-10-26,2019,10,0,IMD GRID MODEL
Uttarakhand,Tehri Garhwal,2019-10-27,2019,10,0,IMD GRID MODEL
Uttarakhand,Tehri Garhwal,2019-10-31,2019,10,0,IMD GRID MODEL
Uttarakhand,Tehri Garhwal,2019-11-04,2019,11,0,IMD GRID MODEL
Uttarakhand,Tehri Garhwal,2019-11-10,2019,11,0,IMD GRID MODEL
Uttarakhand,Tehri Garhwal,2019-11-14,2019,11,0,IMD GRID MODEL
Uttarakhand,Tehri Garhwal,2019-11-18,2019,11,0,IMD GRID MODEL
Uttarakhand,Tehri Garhwal,2019-11-21,2019,11,0,IMD GRID MODEL
Uttarakhand,Tehri Garhwal,2019-12-03,2019,12,0,IMD GRID MODEL
Uttarakhand,Tehri Garhwal,2019-12-04,2019,12,0,IMD GRID MODEL
Uttarakhand,Tehri Garhwal,2019-12-12,2019,12,1.480460237,IMD GRID MODEL
Uttarakhand,Tehri Garhwal,2019-12-13,2019,12,26.63163136,IMD GRID MODEL
Uttarakhand,Tehri Garhwal,2019-12-14,2019,12,27.14798315,IMD GRID MODEL
Uttarakhand,Tehri Garhwal,2019-12-25,2019,12,0,IMD GRID MODEL
Uttarakhand,Tehri Garhwal,2019-12-29,2019,12,0,IMD GRID MODEL
Uttarakhand,Udam Singh Nagar,2019-01-01,2019,01,0,IMD GRID MODEL
Uttarakhand,Udam Singh Nagar,2019-01-14,2019,01,0,IMD GRID MODEL
Uttarakhand,Udam Singh Nagar,2019-02-03,2019,02,0,IMD GRID MODEL
Uttarakhand,Udam Singh Nagar,2019-02-12,2019,02,0,IMD GRID MODEL
Uttarakhand,Udam Singh Nagar,2019-02-13,2019,02,0,IMD GRID MODEL
Uttarakhand,Udam Singh Nagar,2019-02-17,2019,02,0.15002783,IMD GRID MODEL
Uttarakhand,Udam Singh Nagar,2019-02-27,2019,02,6.320098411,IMD GRID MODEL
Uttarakhand,Udam Singh Nagar,2019-02-28,2019,02,12.80785641,IMD GRID MODEL
Uttarakhand,Udam Singh Nagar,2019-03-13,2019,03,0,IMD GRID MODEL
Uttarakhand,Udam Singh Nagar,2019-03-11,2019,03,0,IMD GRID MODEL
Uttarakhand,Udam Singh Nagar,2019-03-14,2019,03,0,IMD GRID MODEL
Uttarakhand,Udam Singh Nagar,2019-03-17,2019,03,0,IMD GRID MODEL
Uttarakhand,Udam Singh Nagar,2019-03-22,2019,03,0,IMD GRID MODEL
Uttarakhand,Udam Singh Nagar,2019-03-23,2019,03,0,IMD GRID MODEL
Uttarakhand,Udam Singh Nagar,2019-03-24,2019,03,0,IMD GRID MODEL
Uttarakhand,Udam Singh Nagar,2019-03-30,2019,03,0,IMD GRID MODEL
Uttarakhand,Udam Singh Nagar,2019-04-04,2019,04,0,IMD GRID MODEL
Uttarakhand,Udam Singh Nagar,2019-04-18,2019,04,3.202917956,IMD GRID MODEL
Uttarakhand,Udam Singh Nagar,2019-04-19,2019,04,0.853864417,IMD GRID MODEL
Uttarakhand,Udam Singh Nagar,2019-04-21,2019,04,0,IMD GRID MODEL
Uttarakhand,Udam Singh Nagar,2019-05-12,2019,05,0.000303266,IMD GRID MODEL
Uttarakhand,Udam Singh Nagar,2019-05-15,2019,05,0.361556136,IMD GRID MODEL
Uttarakhand,Udam Singh Nagar,2019-05-18,2019,05,0.019071181,IMD GRID MODEL
Uttarakhand,Udam Singh Nagar,2019-05-20,2019,05,0,IMD GRID MODEL
Uttarakhand,Udam Singh Nagar,2019-05-21,2019,05,0,IMD GRID MODEL
Uttarakhand,Udam Singh Nagar,2019-06-02,2019,06,0.01881683,IMD GRID MODEL
Uttarakhand,Udam Singh Nagar,2019-06-09,2019,06,0.040377779,IMD GRID MODEL
Uttarakhand,Udam Singh Nagar,2019-06-10,2019,06,0,IMD GRID MODEL
Uttarakhand,Udam Singh Nagar,2019-06-11,2019,06,0,IMD GRID MODEL
Uttarakhand,Udam Singh Nagar,2019-06-22,2019,06,0.047826103,IMD GRID MODEL
Uttarakhand,Udam Singh Nagar,2019-06-26,2019,06,7.608545356,IMD GRID MODEL
Uttarakhand,Udam Singh Nagar,2019-06-28,2019,06,1.351567018,IMD GRID MODEL
Uttarakhand,Udam Singh Nagar,2019-06-29,2019,06,0,IMD GRID MODEL
Uttarakhand,Udam Singh Nagar,2019-07-04,2019,07,0,IMD GRID MODEL
Uttarakhand,Nainital,2019-01-16,2019,01,0,IMD GRID MODEL
Uttarakhand,Nainital,2019-01-17,2019,01,0,IMD GRID MODEL
Uttarakhand,Nainital,2019-01-20,2019,01,0,IMD GRID MODEL
Uttarakhand,Nainital,2019-01-29,2019,01,0.335882734,IMD GRID MODEL
Uttarakhand,Nainital,2019-01-30,2019,01,0,IMD GRID MODEL
Uttarakhand,Nainital,2019-02-03,2019,02,0,IMD GRID MODEL
Uttarakhand,Nainital,2019-02-04,2019,02,0,IMD GRID MODEL
Uttarakhand,Nainital,2019-02-07,2019,02,1.104607068,IMD GRID MODEL
Uttarakhand,Nainital,2019-02-16,2019,02,16.31267549,IMD GRID MODEL
Uttarakhand,Nainital,2019-02-21,2019,02,2.387508682,IMD GRID MODEL
Uttarakhand,Nainital,2019-02-26,2019,02,1.957291725,IMD GRID MODEL
Uttarakhand,Nainital,2019-03-08,2019,03,0.508286584,IMD GRID MODEL
Uttarakhand,Nainital,2019-03-18,2019,03,0.095626675,IMD GRID MODEL
Uttarakhand,Nainital,2019-03-22,2019,03,0,IMD GRID MODEL
Uttarakhand,Nainital,2019-03-23,2019,03,0,IMD GRID MODEL
Uttarakhand,Nainital,2019-03-26,2019,03,0.173217888,IMD GRID MODEL
Uttarakhand,Nainital,2019-03-27,2019,03,0,IMD GRID MODEL
Uttarakhand,Nainital,2019-04-01,2019,04,0,IMD GRID MODEL
Uttarakhand,Nainital,2019-04-02,2019,04,0.180396638,IMD GRID MODEL
Uttarakhand,Nainital,2019-04-23,2019,04,0,IMD GRID MODEL
Uttarakhand,Nainital,2019-04-25,2019,04,1.474963827,IMD GRID MODEL
Uttarakhand,Nainital,2019-04-26,2019,04,0.44456796,IMD GRID MODEL
Uttarakhand,Nainital,2019-04-27,2019,04,0,IMD GRID MODEL
Uttarakhand,Nainital,2019-04-28,2019,04,0,IMD GRID MODEL
Uttarakhand,Nainital,2019-05-05,2019,05,0,IMD GRID MODEL
Uttarakhand,Nainital,2019-05-12,2019,05,0.195735391,IMD GRID MODEL
Uttarakhand,Nainital,2019-05-13,2019,05,0.274724919,IMD GRID MODEL
Uttarakhand,Nainital,2019-05-26,2019,05,0.036415123,IMD GRID MODEL
Uttarakhand,Nainital,2019-05-27,2019,05,0,IMD GRID MODEL
Uttarakhand,Nainital,2019-06-21,2019,06,0,IMD GRID MODEL
Uttarakhand,Nainital,2019-06-22,2019,06,0.322932863,IMD GRID MODEL
Uttarakhand,Nainital,2019-06-24,2019,06,14.20479037,IMD GRID MODEL
Uttarakhand,Nainital,2019-06-30,2019,06,0.932292236,IMD GRID MODEL
Uttarakhand,Nainital,2019-07-03,2019,07,19.4189645,IMD GRID MODEL
Uttarakhand,Nainital,2019-07-06,2019,07,16.55413727,IMD GRID MODEL
Uttarakhand,Nainital,2019-07-08,2019,07,13.0459923,IMD GRID MODEL
Uttarakhand,Nainital,2019-07-11,2019,07,39.30249621,IMD GRID MODEL
Uttarakhand,Nainital,2019-07-14,2019,07,17.88249503,IMD GRID MODEL
Uttarakhand,Nainital,2019-07-21,2019,07,4.469901124,IMD GRID MODEL
Uttarakhand,Nainital,2019-07-23,2019,07,5.374418486,IMD GRID MODEL
Uttarakhand,Nainital,2019-08-04,2019,08,9.619784948,IMD GRID MODEL
Uttarakhand,Nainital,2019-08-05,2019,08,2.626767144,IMD GRID MODEL
Uttarakhand,Nainital,2019-08-09,2019,08,2.233687544,IMD GRID MODEL
Uttarakhand,Nainital,2019-08-11,2019,08,0,IMD GRID MODEL
Uttarakhand,Nainital,2019-08-16,2019,08,6.753951664,IMD GRID MODEL
Uttarakhand,Nainital,2019-09-03,2019,09,1.717505244,IMD GRID MODEL
Uttarakhand,Nainital,2019-09-04,2019,09,11.23858537,IMD GRID MODEL
Uttarakhand,Nainital,2019-09-06,2019,09,3.524752094,IMD GRID MODEL
Uttarakhand,Nainital,2019-09-07,2019,09,19.14237288,IMD GRID MODEL
Uttarakhand,Nainital,2019-09-08,2019,09,4.172787796,IMD GRID MODEL
Uttarakhand,Nainital,2019-09-10,2019,09,0.158994654,IMD GRID MODEL
Uttarakhand,Nainital,2019-09-15,2019,09,10.17450784,IMD GRID MODEL
Uttarakhand,Nainital,2019-09-16,2019,09,3.665879305,IMD GRID MODEL
Uttarakhand,Nainital,2019-09-19,2019,09,11.72034703,IMD GRID MODEL
Uttarakhand,Nainital,2019-09-22,2019,09,12.0216534,IMD GRID MODEL
Uttarakhand,Nainital,2019-10-01,2019,10,24.02047336,IMD GRID MODEL
Uttarakhand,Nainital,2019-10-02,2019,10,6.917982958,IMD GRID MODEL
Uttarakhand,Nainital,2019-10-06,2019,10,0,IMD GRID MODEL
Uttarakhand,Nainital,2019-10-13,2019,10,0,IMD GRID MODEL
Uttarakhand,Nainital,2019-10-19,2019,10,0,IMD GRID MODEL
Uttarakhand,Nainital,2019-10-20,2019,10,0,IMD GRID MODEL
Uttarakhand,Nainital,2019-11-03,2019,11,0,IMD GRID MODEL
Uttarakhand,Nainital,2019-11-09,2019,11,0,IMD GRID MODEL
Uttarakhand,Nainital,2019-11-11,2019,11,0,IMD GRID MODEL
Uttarakhand,Nainital,2019-11-17,2019,11,0,IMD GRID MODEL
Uttarakhand,Nainital,2019-11-23,2019,11,0,IMD GRID MODEL
Uttarakhand,Nainital,2019-11-27,2019,11,0,IMD GRID MODEL
Uttarakhand,Nainital,2019-12-01,2019,12,0,IMD GRID MODEL
Uttarakhand,Nainital,2019-12-09,2019,12,0,IMD GRID MODEL
Uttarakhand,Nainital,2019-12-10,2019,12,0,IMD GRID MODEL
Uttarakhand,Nainital,2019-12-17,2019,12,0,IMD GRID MODEL
Uttarakhand,Nainital,2019-12-21,2019,12,0.649141021,IMD GRID MODEL
Uttarakhand,Nainital,2019-12-30,2019,12,0,IMD GRID MODEL
Uttarakhand,Pauri Garhwal,2019-01-06,2019,01,0.327720305,IMD GRID MODEL
Uttarakhand,Pauri Garhwal,2019-01-07,2019,01,1.327385196,IMD GRID MODEL
Uttarakhand,Pauri Garhwal,2019-01-17,2019,01,0,IMD GRID MODEL
Uttarakhand,Pauri Garhwal,2019-01-26,2019,01,6.910106702,IMD GRID MODEL
Uttarakhand,Pauri Garhwal,2019-01-27,2019,01,0.035970039,IMD GRID MODEL
Uttarakhand,Pauri Garhwal,2019-02-04,2019,02,0,IMD GRID MODEL
Uttarakhand,Pauri Garhwal,2019-02-12,2019,02,0,IMD GRID MODEL
Uttarakhand,Pauri Garhwal,2019-02-13,2019,02,0,IMD GRID MODEL
Uttarakhand,Pauri Garhwal,2019-02-15,2019,02,15.03078584,IMD GRID MODEL
Uttarakhand,Pauri Garhwal,2019-03-14,2019,03,0,IMD GRID MODEL
Uttarakhand,Pauri Garhwal,2019-03-28,2019,03,0,IMD GRID MODEL
Uttarakhand,Pauri Garhwal,2019-04-03,2019,04,0,IMD GRID MODEL
Uttarakhand,Pauri Garhwal,2019-04-05,2019,04,0.146544164,IMD GRID MODEL
Uttarakhand,Pauri Garhwal,2019-04-06,2019,04,0.09338455,IMD GRID MODEL
Uttarakhand,Pauri Garhwal,2019-04-12,2019,04,0,IMD GRID MODEL
Uttarakhand,Pauri Garhwal,2019-04-24,2019,04,0.097696102,IMD GRID MODEL
Uttarakhand,Pauri Garhwal,2019-04-27,2019,04,0.000994465,IMD GRID MODEL
Uttarakhand,Pauri Garhwal,2019-05-03,2019,05,2.600062495,IMD GRID MODEL
Uttarakhand,Pauri Garhwal,2019-05-11,2019,05,0,IMD GRID MODEL
Uttarakhand,Pauri Garhwal,2019-05-23,2019,05,0.000135212,IMD GRID MODEL
Uttarakhand,Pauri Garhwal,2019-05-24,2019,05,0,IMD GRID MODEL
Uttarakhand,Pauri Garhwal,2019-05-25,2019,05,2.218912795,IMD GRID MODEL
Uttarakhand,Pauri Garhwal,2019-05-29,2019,05,0,IMD GRID MODEL
Uttarakhand,Pauri Garhwal,2019-06-01,2019,06,0,IMD GRID MODEL
Uttarakhand,Pauri Garhwal,2019-06-12,2019,06,9.317500255,IMD GRID MODEL
Uttarakhand,Pauri Garhwal,2019-06-14,2019,06,0,IMD GRID MODEL
Uttarakhand,Pauri Garhwal,2019-06-15,2019,06,0,IMD GRID MODEL
Uttarakhand,Pauri Garhwal,2019-06-23,2019,06,3.305431842,IMD GRID MODEL
Uttarakhand,Pauri Garhwal,2019-06-24,2019,06,4.214848733,IMD GRID MODEL
Uttarakhand,Pauri Garhwal,2019-06-25,2019,06,6.530150574,IMD GRID MODEL
Uttarakhand,Pauri Garhwal,2019-06-26,2019,06,1.635934428,IMD GRID MODEL
Uttarakhand,Pauri Garhwal,2019-07-05,2019,07,8.303772009,IMD GRID MODEL
Uttarakhand,Pauri Garhwal,2019-07-07,2019,07,2.253255913,IMD GRID MODEL
Uttarakhand,Pauri Garhwal,2019-07-09,2019,07,11.93131247,IMD GRID MODEL
Uttarakhand,Pauri Garhwal,2019-07-11,2019,07,8.279419337,IMD GRID MODEL
Uttarakhand,Pauri Garhwal,2019-07-16,2019,07,21.19962132,IMD GRID MODEL
Uttarakhand,Pauri Garhwal,2019-07-22,2019,07,3.383312853,IMD GRID MODEL
Uttarakhand,Pauri Garhwal,2019-07-24,2019,07,9.474210952,IMD GRID MODEL
Uttarakhand,Pauri Garhwal,2019-07-29,2019,07,4.769508883,IMD GRID MODEL
Uttarakhand,Pauri Garhwal,2019-08-11,2019,08,3.256261208,IMD GRID MODEL
Uttarakhand,Pauri Garhwal,2019-08-12,2019,08,8.075022582,IMD GRID MODEL
Uttarakhand,Pauri Garhwal,2019-08-14,2019,08,11.47046892,IMD GRID MODEL
Uttarakhand,Pauri Garhwal,2019-08-17,2019,08,16.17155771,IMD GRID MODEL
Uttarakhand,Pauri Garhwal,2019-08-24,2019,08,0.023489995,IMD GRID MODEL
Uttarakhand,Pauri Garhwal,2019-08-25,2019,08,13.56244502,IMD GRID MODEL
Uttarakhand,Pauri Garhwal,2019-08-27,2019,08,0,IMD GRID MODEL
Uttarakhand,Pauri Garhwal,2019-08-28,2019,08,0.042624401,IMD GRID MODEL
Uttarakhand,Pauri Garhwal,2019-08-29,2019,08,0,IMD GRID MODEL
Uttarakhand,Pauri Garhwal,2019-09-02,2019,09,1.261957921,IMD GRID MODEL
Uttarakhand,Pauri Garhwal,2019-09-03,2019,09,0.869643876,IMD GRID MODEL
Uttarakhand,Pauri Garhwal,2019-09-17,2019,09,1.695996673,IMD GRID MODEL
Uttarakhand,Pauri Garhwal,2019-09-20,2019,09,5.711296813,IMD GRID MODEL
Uttarakhand,Pauri Garhwal,2019-09-22,2019,09,5.428217001,IMD GRID MODEL
Uttarakhand,Pauri Garhwal,2019-09-25,2019,09,0.02069189,IMD GRID MODEL
Uttarakhand,Pauri Garhwal,2019-10-05,2019,10,0.362718442,IMD GRID MODEL
Uttarakhand,Pauri Garhwal,2019-10-10,2019,10,0.050751548,IMD GRID MODEL
Uttarakhand,Pauri Garhwal,2019-10-13,2019,10,0,IMD GRID MODEL
Uttarakhand,Pauri Garhwal,2019-10-16,2019,10,0.041710168,IMD GRID MODEL
Uttarakhand,Pauri Garhwal,2019-10-25,2019,10,0,IMD GRID MODEL
Uttarakhand,Pauri Garhwal,2019-10-28,2019,10,0,IMD GRID MODEL
Uttarakhand,Pauri Garhwal,2019-10-31,2019,10,0,IMD GRID MODEL
Uttarakhand,Pauri Garhwal,2019-11-02,2019,11,0,IMD GRID MODEL
Uttarakhand,Pauri Garhwal,2019-11-04,2019,11,0,IMD GRID MODEL
Uttarakhand,Pauri Garhwal,2019-11-15,2019,11,0,IMD GRID MODEL
Uttarakhand,Pauri Garhwal,2019-11-19,2019,11,0,IMD GRID MODEL
Uttarakhand,Pauri Garhwal,2019-11-20,2019,11,0,IMD GRID MODEL
Uttarakhand,Pauri Garhwal,2019-12-06,2019,12,0,IMD GRID MODEL
Uttarakhand,Pauri Garhwal,2019-12-07,2019,12,0,IMD GRID MODEL
Uttarakhand,Pauri Garhwal,2019-12-16,2019,12,0,IMD GRID MODEL
Uttarakhand,Pauri Garhwal,2019-12-18,2019,12,0,IMD GRID MODEL
Uttarakhand,Pauri Garhwal,2019-12-22,2019,12,0,IMD GRID MODEL
Uttarakhand,Pauri Garhwal,2019-12-23,2019,12,0,IMD GRID MODEL
Uttarakhand,Pauri Garhwal,2019-12-25,2019,12,0,IMD GRID MODEL
Uttarakhand,Pithoragarh,2019-01-01,2019,01,0,IMD GRID MODEL
Uttarakhand,Pithoragarh,2019-01-02,2019,01,0,IMD GRID MODEL
Uttarakhand,Pithoragarh,2019-01-04,2019,01,3.130767491,IMD GRID MODEL
Uttarakhand,Pithoragarh,2019-01-05,2019,01,0.022279575,IMD GRID MODEL
Uttarakhand,Pithoragarh,2019-01-14,2019,01,0.854396897,IMD GRID MODEL
Uttarakhand,Pithoragarh,2019-01-15,2019,01,0,IMD GRID MODEL
Uttarakhand,Pithoragarh,2019-01-17,2019,01,0,IMD GRID MODEL
Uttarakhand,Pithoragarh,2019-01-23,2019,01,17.20177911,IMD GRID MODEL
Uttarakhand,Pithoragarh,2019-01-31,2019,01,0.487645567,IMD GRID MODEL
Uttarakhand,Pithoragarh,2019-02-02,2019,02,0.204972095,IMD GRID MODEL
Uttarakhand,Pithoragarh,2019-02-04,2019,02,0,IMD GRID MODEL
Uttarakhand,Pithoragarh,2019-02-14,2019,02,0,IMD GRID MODEL
Uttarakhand,Pithoragarh,2019-02-18,2019,02,0.423225534,IMD GRID MODEL
Uttarakhand,Pithoragarh,2019-02-24,2019,02,0,IMD GRID MODEL
Uttarakhand,Pithoragarh,2019-02-28,2019,02,20.28456439,IMD GRID MODEL
Uttarakhand,Pithoragarh,2019-03-01,2019,03,0,IMD GRID MODEL
Uttarakhand,Pithoragarh,2019-03-04,2019,03,0.85885281,IMD GRID MODEL
Uttarakhand,Pithoragarh,2019-03-05,2019,03,5.981507016,IMD GRID MODEL
Uttarakhand,Pithoragarh,2019-03-06,2019,03,0.637283744,IMD GRID MODEL
Uttarakhand,Pithoragarh,2019-03-12,2019,03,2.993743149,IMD GRID MODEL
Uttarakhand,Pithoragarh,2019-03-13,2019,03,0,IMD GRID MODEL
Uttarakhand,Pithoragarh,2019-03-17,2019,03,0,IMD GRID MODEL
Uttarakhand,Pithoragarh,2019-03-28,2019,03,0,IMD GRID MODEL
Uttarakhand,Pithoragarh,2019-04-02,2019,04,1.998419054,IMD GRID MODEL
Uttarakhand,Pithoragarh,2019-04-07,2019,04,2.344779165,IMD GRID MODEL
Uttarakhand,Pithoragarh,2019-04-09,2019,04,29.65210279,IMD GRID MODEL
Uttarakhand,Pithoragarh,2019-04-15,2019,04,0,IMD GRID MODEL
Uttarakhand,Pithoragarh,2019-04-17,2019,04,4.175069147,IMD GRID MODEL
Uttarakhand,Pithoragarh,2019-04-24,2019,04,0,IMD GRID MODEL
Uttarakhand,Pithoragarh,2019-04-25,2019,04,4.652627749,IMD GRID MODEL
Uttarakhand,Pithoragarh,2019-05-03,2019,05,5.240990199,IMD GRID MODEL
Uttarakhand,Pithoragarh,2019-05-07,2019,05,0,IMD GRID MODEL
Uttarakhand,Pithoragarh,2019-05-13,2019,05,0.390345772,IMD GRID MODEL
Uttarakhand,Pithoragarh,2019-05-14,2019,05,0.219263741,IMD GRID MODEL
Uttarakhand,Pithoragarh,2019-05-19,2019,05,0.418361028,IMD GRID MODEL
Uttarakhand,Pithoragarh,2019-05-21,2019,05,3.880998373,IMD GRID MODEL
Uttarakhand,Pithoragarh,2019-05-27,2019,05,0,IMD GRID MODEL
Uttarakhand,Pithoragarh,2019-05-28,2019,05,0,IMD GRID MODEL
Uttarakhand,Pithoragarh,2019-05-29,2019,05,0.281828354,IMD GRID MODEL
Uttarakhand,Pithoragarh,2019-06-03,2019,06,5.874056824,IMD GRID MODEL
Uttarakhand,Pithoragarh,2019-06-05,2019,06,0,IMD GRID MODEL
Uttarakhand,Pithoragarh,2019-06-06,2019,06,0,IMD GRID MODEL
Uttarakhand,Pithoragarh,2019-06-10,2019,06,0,IMD GRID MODEL
Uttarakhand,Champawat,2019-07-23,2019,07,1.059991073,IMD GRID MODEL
Uttarakhand,Champawat,2019-07-31,2019,07,12.62806596,IMD GRID MODEL
Uttarakhand,Champawat,2019-08-02,2019,08,8.27903622,IMD GRID MODEL
Uttarakhand,Champawat,2019-08-05,2019,08,2.04905315,IMD GRID MODEL
Uttarakhand,Champawat,2019-08-23,2019,08,2.841220508,IMD GRID MODEL
Uttarakhand,Champawat,2019-08-25,2019,08,12.30552907,IMD GRID MODEL
Uttarakhand,Champawat,2019-08-29,2019,08,0.938475367,IMD GRID MODEL
Uttarakhand,Champawat,2019-08-31,2019,08,3.970830139,IMD GRID MODEL
Uttarakhand,Champawat,2019-09-05,2019,09,0.909330614,IMD GRID MODEL
Uttarakhand,Champawat,2019-09-12,2019,09,8.038110516,IMD GRID MODEL
Uttarakhand,Champawat,2019-09-15,2019,09,6.529162996,IMD GRID MODEL
Uttarakhand,Champawat,2019-09-24,2019,09,0.12818338,IMD GRID MODEL
Uttarakhand,Champawat,2019-09-25,2019,09,0,IMD GRID MODEL
Uttarakhand,Champawat,2019-09-29,2019,09,33.30117392,IMD GRID MODEL
Uttarakhand,Champawat,2019-09-30,2019,09,11.70126047,IMD GRID MODEL
Uttarakhand,Champawat,2019-10-10,2019,10,0.102546708,IMD GRID MODEL
Uttarakhand,Champawat,2019-10-19,2019,10,0,IMD GRID MODEL
Uttarakhand,Champawat,2019-10-25,2019,10,0,IMD GRID MODEL
Uttarakhand,Champawat,2019-10-26,2019,10,0,IMD GRID MODEL
Uttarakhand,Champawat,2019-11-05,2019,11,0.085485972,IMD GRID MODEL
Uttarakhand,Champawat,2019-11-08,2019,11,0,IMD GRID MODEL
Uttarakhand,Champawat,2019-11-09,2019,11,0,IMD GRID MODEL
Uttarakhand,Champawat,2019-11-11,2019,11,0,IMD GRID MODEL
Uttarakhand,Champawat,2019-11-13,2019,11,0,IMD GRID MODEL
Uttarakhand,Champawat,2019-12-05,2019,12,0,IMD GRID MODEL
Uttarakhand,Champawat,2019-12-07,2019,12,0,IMD GRID MODEL
Uttarakhand,Champawat,2019-12-09,2019,12,0,IMD GRID MODEL
Uttarakhand,Champawat,2019-12-10,2019,12,0,IMD GRID MODEL
Uttarakhand,Champawat,2019-12-17,2019,12,0,IMD GRID MODEL
Uttarakhand,Champawat,2019-12-26,2019,12,0,IMD GRID MODEL
Uttarakhand,Dehradun,2019-01-05,2019,01,0,IMD GRID MODEL
Uttarakhand,Dehradun,2019-01-08,2019,01,0,IMD GRID MODEL
Uttarakhand,Dehradun,2019-01-12,2019,01,0,IMD GRID MODEL
Uttarakhand,Dehradun,2019-01-15,2019,01,0,IMD GRID MODEL
Uttarakhand,Dehradun,2019-01-19,2019,01,0,IMD GRID MODEL
Uttarakhand,Dehradun,2019-01-20,2019,01,0,IMD GRID MODEL
Uttarakhand,Dehradun,2019-01-27,2019,01,1.458932594,IMD GRID MODEL
Uttarakhand,Dehradun,2019-02-05,2019,02,0,IMD GRID MODEL
Uttarakhand,Dehradun,2019-02-21,2019,02,11.35681599,IMD GRID MODEL
Uttarakhand,Dehradun,2019-02-23,2019,02,0.316037001,IMD GRID MODEL
Uttarakhand,Dehradun,2019-02-24,2019,02,0,IMD GRID MODEL
Uttarakhand,Dehradun,2019-03-01,2019,03,0,IMD GRID MODEL
Uttarakhand,Dehradun,2019-03-06,2019,03,0,IMD GRID MODEL
Uttarakhand,Dehradun,2019-03-07,2019,03,0,IMD GRID MODEL
Uttarakhand,Dehradun,2019-03-16,2019,03,0.341038135,IMD GRID MODEL
Uttarakhand,Dehradun,2019-03-19,2019,03,0,IMD GRID MODEL
Uttarakhand,Dehradun,2019-03-21,2019,03,0.400042081,IMD GRID MODEL
Uttarakhand,Dehradun,2019-03-24,2019,03,0,IMD GRID MODEL
Uttarakhand,Dehradun,2019-03-27,2019,03,0,IMD GRID MODEL
Uttarakhand,Dehradun,2019-04-04,2019,04,0,IMD GRID MODEL
Uttarakhand,Dehradun,2019-04-08,2019,04,1.310085544,IMD GRID MODEL
Uttarakhand,Dehradun,2019-04-10,2019,04,0,IMD GRID MODEL
Uttarakhand,Dehradun,2019-04-17,2019,04,2.610617915,IMD GRID MODEL
Uttarakhand,Dehradun,2019-04-19,2019,04,0.947518994,IMD GRID MODEL
Uttarakhand,Dehradun,2019-04-22,2019,04,1.544542596,IMD GRID MODEL
Uttarakhand,Dehradun,2019-04-25,2019,04,0.090291477,IMD GRID MODEL
Uttarakhand,Dehradun,2019-04-27,2019,04,0,IMD GRID MODEL
Uttarakhand,Dehradun,2019-04-29,2019,04,0,IMD GRID MODEL
Uttarakhand,Dehradun,2019-05-03,2019,05,5.784326969,IMD GRID MODEL
Uttarakhand,Dehradun,2019-05-04,2019,05,0,IMD GRID MODEL
Uttarakhand,Dehradun,2019-05-06,2019,05,0,IMD GRID MODEL
Uttarakhand,Dehradun,2019-05-07,2019,05,0,IMD GRID MODEL
Uttarakhand,Dehradun,2019-05-10,2019,05,0,IMD GRID MODEL
Uttarakhand,Dehradun,2019-05-14,2019,05,1.867009426,IMD GRID MODEL
Uttarakhand,Dehradun,2019-05-20,2019,05,0,IMD GRID MODEL
Uttarakhand,Dehradun,2019-06-05,2019,06,0,IMD GRID MODEL
Uttarakhand,Dehradun,2019-06-21,2019,06,5.027160972,IMD GRID MODEL
Uttarakhand,Dehradun,2019-06-23,2019,06,5.675565091,IMD GRID MODEL
Uttarakhand,Dehradun,2019-06-24,2019,06,9.62584956,IMD GRID MODEL
Uttarakhand,Dehradun,2019-07-07,2019,07,2.539235706,IMD GRID MODEL
Uttarakhand,Dehradun,2019-07-24,2019,07,13.69776457,IMD GRID MODEL
Uttarakhand,Dehradun,2019-08-01,2019,08,1.663463793,IMD GRID MODEL
Uttarakhand,Dehradun,2019-08-03,2019,08,15.03855801,IMD GRID MODEL
Uttarakhand,Dehradun,2019-08-04,2019,08,3.198042618,IMD GRID MODEL
Uttarakhand,Dehradun,2019-08-08,2019,08,2.230236888,IMD GRID MODEL
Uttarakhand,Dehradun,2019-08-28,2019,08,1.189068001,IMD GRID MODEL
Uttarakhand,Dehradun,2019-08-29,2019,08,0.470562872,IMD GRID MODEL
Uttarakhand,Dehradun,2019-09-01,2019,09,25.24813864,IMD GRID MODEL
Uttarakhand,Dehradun,2019-09-07,2019,09,18.05279577,IMD GRID MODEL
Uttarakhand,Dehradun,2019-09-17,2019,09,1.631093347,IMD GRID MODEL
Uttarakhand,Dehradun,2019-09-18,2019,09,7.226418614,IMD GRID MODEL
Uttarakhand,Dehradun,2019-09-30,2019,09,30.59474949,IMD GRID MODEL
Uttarakhand,Dehradun,2019-10-04,2019,10,3.268542439,IMD GRID MODEL
Uttarakhand,Dehradun,2019-10-09,2019,10,0,IMD GRID MODEL
Uttarakhand,Dehradun,2019-10-15,2019,10,0,IMD GRID MODEL
Uttarakhand,Dehradun,2019-10-19,2019,10,0,IMD GRID MODEL
Uttarakhand,Dehradun,2019-10-22,2019,10,0,IMD GRID MODEL
Uttarakhand,Dehradun,2019-10-25,2019,10,0,IMD GRID MODEL
Uttarakhand,Dehradun,2019-10-26,2019,10,0,IMD GRID MODEL
Uttarakhand,Dehradun,2019-10-28,2019,10,0,IMD GRID MODEL
Uttarakhand,Dehradun,2019-10-30,2019,10,0,IMD GRID MODEL
Uttarakhand,Dehradun,2019-11-03,2019,11,0,IMD GRID MODEL
Uttarakhand,Dehradun,2019-11-04,2019,11,0,IMD GRID MODEL
Uttarakhand,Dehradun,2019-11-06,2019,11,0,IMD GRID MODEL
Uttarakhand,Dehradun,2019-11-10,2019,11,0,IMD GRID MODEL
Uttarakhand,Dehradun,2019-11-18,2019,11,0,IMD GRID MODEL
Uttarakhand,Dehradun,2019-11-20,2019,11,0,IMD GRID MODEL
Uttarakhand,Dehradun,2019-11-27,2019,11,4.93692991,IMD GRID MODEL
Uttarakhand,Dehradun,2019-11-28,2019,11,12.95488565,IMD GRID MODEL
Uttarakhand,Dehradun,2019-12-02,2019,12,0,IMD GRID MODEL
Uttarakhand,Dehradun,2019-12-14,2019,12,22.08687649,IMD GRID MODEL
Uttarakhand,Dehradun,2019-12-24,2019,12,0,IMD GRID MODEL
Uttarakhand,Dehradun,2019-12-26,2019,12,0,IMD GRID MODEL
Uttarakhand,Dehradun,2019-12-28,2019,12,0,IMD GRID MODEL
Uttarakhand,Haridwar,2019-01-08,2019,01,0,IMD GRID MODEL
Uttarakhand,Haridwar,2019-01-12,2019,01,0,IMD GRID MODEL
Uttarakhand,Haridwar,2019-01-15,2019,01,0,IMD GRID MODEL
Uttarakhand,Haridwar,2019-01-22,2019,01,22.82887536,IMD GRID MODEL
Uttarakhand,Haridwar,2019-01-28,2019,01,2.52e-05,IMD GRID MODEL
Uttarakhand,Haridwar,2019-02-01,2019,02,0.200054801,IMD GRID MODEL
Uttarakhand,Haridwar,2019-02-03,2019,02,0,IMD GRID MODEL
Uttarakhand,Haridwar,2019-02-12,2019,02,0,IMD GRID MODEL
Uttarakhand,Haridwar,2019-02-15,2019,02,9.529856948,IMD GRID MODEL
Uttarakhand,Haridwar,2019-02-22,2019,02,0.090660564,IMD GRID MODEL
Uttarakhand,Haridwar,2019-03-01,2019,03,0,IMD GRID MODEL
Uttarakhand,Haridwar,2019-03-05,2019,03,0.424571987,IMD GRID MODEL
Uttarakhand,Haridwar,2019-03-17,2019,03,0,IMD GRID MODEL
Uttarakhand,Haridwar,2019-03-20,2019,03,4.89e-05,IMD GRID MODEL
Uttarakhand,Haridwar,2019-03-25,2019,03,0,IMD GRID MODEL
Uttarakhand,Haridwar,2019-04-12,2019,04,0,IMD GRID MODEL
Uttarakhand,Haridwar,2019-04-14,2019,04,0,IMD GRID MODEL
Uttarakhand,Haridwar,2019-04-25,2019,04,1.515380089,IMD GRID MODEL
Uttarakhand,Haridwar,2019-04-27,2019,04,0,IMD GRID MODEL
Uttarakhand,Haridwar,2019-04-29,2019,04,0,IMD GRID MODEL
Uttarakhand,Haridwar,2019-05-01,2019,05,4.23e-05,IMD GRID MODEL
Uttarakhand,Haridwar,2019-05-07,2019,05,0,IMD GRID MODEL
Uttarakhand,Haridwar,2019-05-09,2019,05,0,IMD GRID MODEL
Uttarakhand,Haridwar,2019-05-11,2019,05,0,IMD GRID MODEL
Uttarakhand,Haridwar,2019-05-18,2019,05,0.947817995,IMD GRID MODEL
Uttarakhand,Haridwar,2019-05-20,2019,05,0,IMD GRID MODEL
Uttarakhand,Haridwar,2019-05-22,2019,05,0,IMD GRID MODEL
Uttarakhand,Haridwar,2019-05-23,2019,05,0,IMD GRID MODEL
Uttarakhand,Haridwar,2019-05-24,2019,05,3.53e-05,IMD GRID MODEL
Uttarakhand,Haridwar,2019-06-04,2019,06,1.033943879,IMD GRID MODEL
Uttarakhand,Haridwar,2019-06-10,2019,06,0,IMD GRID MODEL
Uttarakhand,Haridwar,2019-06-11,2019,06,0,IMD GRID MODEL
Uttarakhand,Haridwar,2019-06-21,2019,06,5.050220425,IMD GRID MODEL
Uttarakhand,Haridwar,2019-06-24,2019,06,0.833474456,IMD GRID MODEL
Uttarakhand,Haridwar,2019-07-09,2019,07,19.83062237,IMD GRID MODEL
Uttarakhand,Haridwar,2019-07-16,2019,07,41.55410937,IMD GRID MODEL
Uttarakhand,Haridwar,2019-07-19,2019,07,0.724584801,IMD GRID MODEL
Uttarakhand,Haridwar,2019-08-01,2019,08,1.988006949,IMD GRID MODEL
Uttarakhand,Haridwar,2019-08-02,2019,08,9.745332388,IMD GRID MODEL
Uttarakhand,Haridwar,2019-08-03,2019,08,41.35059929,IMD GRID MODEL
Uttarakhand,Haridwar,2019-08-08,2019,08,0.198849834,IMD GRID MODEL
Uttarakhand,Haridwar,2019-08-09,2019,08,17.25955162,IMD GRID MODEL
Uttarakhand,Haridwar,2019-08-10,2019,08,1.005323968,IMD GRID MODEL
Uttarakhand,Haridwar,2019-08-20,2019,08,2.280294617,IMD GRID MODEL
Uttarakhand,Haridwar,2019-08-25,2019,08,9.410605502,IMD GRID MODEL
Uttarakhand,Haridwar,2019-08-27,2019,08,0.037327495,IMD GRID MODEL
Uttarakhand,Haridwar,2019-09-11,2019,09,0.031393089,IMD GRID MODEL
Uttarakhand,Haridwar,2019-09-18,2019,09,18.91281994,IMD GRID MODEL
Uttarakhand,Haridwar,2019-09-27,2019,09,4.468095783,IMD GRID MODEL
Uttarakhand,Haridwar,2019-09-29,2019,09,23.09887883,IMD GRID MODEL
Uttarakhand,Haridwar,2019-10-02,2019,10,2.070031618,IMD GRID MODEL
Uttarakhand,Haridwar,2019-10-07,2019,10,0,IMD GRID MODEL
Uttarakhand,Haridwar,2019-10-09,2019,10,0,IMD GRID MODEL
Uttarakhand,Haridwar,2019-10-10,2019,10,0.012843869,IMD GRID MODEL
Uttarakhand,Haridwar,2019-10-29,2019,10,0,IMD GRID MODEL
Uttarakhand,Haridwar,2019-11-06,2019,11,0,IMD GRID MODEL
Uttarakhand,Haridwar,2019-11-08,2019,11,0.145474063,IMD GRID MODEL
Uttarakhand,Haridwar,2019-11-07,2019,11,0,IMD GRID MODEL
Uttarakhand,Haridwar,2019-11-24,2019,11,0,IMD GRID MODEL
Uttarakhand,Haridwar,2019-12-01,2019,12,0,IMD GRID MODEL
Uttarakhand,Haridwar,2019-12-20,2019,12,0,IMD GRID MODEL
Uttarakhand,Almora,2019-01-02,2019,01,0,IMD GRID MODEL
Uttarakhand,Almora,2019-01-08,2019,01,0.005292861,IMD GRID MODEL
Uttarakhand,Almora,2019-01-14,2019,01,0,IMD GRID MODEL
Uttarakhand,Almora,2019-01-20,2019,01,0,IMD GRID MODEL
Uttarakhand,Almora,2019-01-21,2019,01,0,IMD GRID MODEL
Uttarakhand,Almora,2019-01-23,2019,01,9.968584311,IMD GRID MODEL
Uttarakhand,Almora,2019-01-26,2019,01,9.451464296,IMD GRID MODEL
Uttarakhand,Almora,2019-02-01,2019,02,0.043405598,IMD GRID MODEL
Uttarakhand,Almora,2019-02-07,2019,02,0.263193298,IMD GRID MODEL
Uttarakhand,Almora,2019-02-10,2019,02,0,IMD GRID MODEL
Uttarakhand,Almora,2019-02-12,2019,02,0,IMD GRID MODEL
Uttarakhand,Almora,2019-02-16,2019,02,12.51527586,IMD GRID MODEL
Uttarakhand,Almora,2019-02-21,2019,02,7.870182992,IMD GRID MODEL
Uttarakhand,Almora,2019-02-23,2019,02,0.989122233,IMD GRID MODEL
Uttarakhand,Almora,2019-02-26,2019,02,2.610881808,IMD GRID MODEL
Uttarakhand,Almora,2019-02-28,2019,02,13.89915032,IMD GRID MODEL
Uttarakhand,Almora,2019-03-03,2019,03,6.872213437,IMD GRID MODEL
Uttarakhand,Almora,2019-03-05,2019,03,2.400151497,IMD GRID MODEL
Uttarakhand,Almora,2019-03-10,2019,03,0,IMD GRID MODEL
Uttarakhand,Almora,2019-03-26,2019,03,1.953717128,IMD GRID MODEL
Uttarakhand,Almora,2019-03-27,2019,03,0,IMD GRID MODEL
Uttarakhand,Almora,2019-04-01,2019,04,0,IMD GRID MODEL
Uttarakhand,Almora,2019-04-12,2019,04,0,IMD GRID MODEL
Uttarakhand,Almora,2019-04-19,2019,04,3.227044791,IMD GRID MODEL
Uttarakhand,Almora,2019-04-22,2019,04,2.261235746,IMD GRID MODEL
Uttarakhand,Almora,2019-04-27,2019,04,0,IMD GRID MODEL
Uttarakhand,Almora,2019-04-28,2019,04,0,IMD GRID MODEL
Uttarakhand,Almora,2019-05-09,2019,05,0,IMD GRID MODEL
Uttarakhand,Almora,2019-05-10,2019,05,0,IMD GRID MODEL
Uttarakhand,Almora,2019-05-13,2019,05,0.850129642,IMD GRID MODEL
Uttarakhand,Almora,2019-05-20,2019,05,0,IMD GRID MODEL
Uttarakhand,Almora,2019-05-23,2019,05,0,IMD GRID MODEL
Uttarakhand,Almora,2019-05-31,2019,05,0,IMD GRID MODEL
Uttarakhand,Almora,2019-06-02,2019,06,3.405428229,IMD GRID MODEL
Uttarakhand,Almora,2019-06-13,2019,06,0.379966026,IMD GRID MODEL
Uttarakhand,Almora,2019-06-15,2019,06,0.005028218,IMD GRID MODEL
Uttarakhand,Almora,2019-07-10,2019,07,7.950580669,IMD GRID MODEL
Uttarakhand,Almora,2019-07-14,2019,07,3.798210596,IMD GRID MODEL
Uttarakhand,Almora,2019-07-27,2019,07,15.02959877,IMD GRID MODEL
Uttarakhand,Almora,2019-07-30,2019,07,7.096736508,IMD GRID MODEL
Uttarakhand,Almora,2019-08-04,2019,08,2.525233537,IMD GRID MODEL
Uttarakhand,Almora,2019-08-10,2019,08,2.017167373,IMD GRID MODEL
Uttarakhand,Almora,2019-08-15,2019,08,9.386163116,IMD GRID MODEL
Uttarakhand,Almora,2019-08-17,2019,08,1.638116686,IMD GRID MODEL
Uttarakhand,Almora,2019-08-21,2019,08,2.743186699,IMD GRID MODEL
Uttarakhand,Almora,2019-08-25,2019,08,18.63879806,IMD GRID MODEL
Uttarakhand,Almora,2019-09-02,2019,09,2.298837626,IMD GRID MODEL
Uttarakhand,Almora,2019-09-09,2019,09,0.105214151,IMD GRID MODEL
Uttarakhand,Almora,2019-09-10,2019,09,0.212651304,IMD GRID MODEL
Uttarakhand,Almora,2019-09-12,2019,09,4.300867488,IMD GRID MODEL
Uttarakhand,Almora,2019-09-14,2019,09,12.58120431,IMD GRID MODEL
Uttarakhand,Almora,2019-09-19,2019,09,22.27791276,IMD GRID MODEL
Uttarakhand,Almora,2019-10-01,2019,10,2.276232234,IMD GRID MODEL
Uttarakhand,Almora,2019-10-10,2019,10,0.380931693,IMD GRID MODEL
Uttarakhand,Almora,2019-10-13,2019,10,0,IMD GRID MODEL
Uttarakhand,Almora,2019-10-14,2019,10,0,IMD GRID MODEL
Uttarakhand,Almora,2019-10-16,2019,10,0.006395236,IMD GRID MODEL
Uttarakhand,Almora,2019-10-18,2019,10,0,IMD GRID MODEL
Uttarakhand,Almora,2019-10-20,2019,10,0,IMD GRID MODEL
Uttarakhand,Udam Singh Nagar,2019-07-14,2019,07,15.68603959,IMD GRID MODEL
Uttarakhand,Udam Singh Nagar,2019-07-16,2019,07,24.15012025,IMD GRID MODEL
Uttarakhand,Udam Singh Nagar,2019-07-19,2019,07,7.652554151,IMD GRID MODEL
Uttarakhand,Udam Singh Nagar,2019-07-25,2019,07,26.68754528,IMD GRID MODEL
Uttarakhand,Udam Singh Nagar,2019-07-30,2019,07,1.460390377,IMD GRID MODEL
Uttarakhand,Udam Singh Nagar,2019-08-15,2019,08,18.00318048,IMD GRID MODEL
Uttarakhand,Udam Singh Nagar,2019-08-31,2019,08,8.150222409,IMD GRID MODEL
Uttarakhand,Udam Singh Nagar,2019-09-03,2019,09,0.123637224,IMD GRID MODEL
Uttarakhand,Udam Singh Nagar,2019-09-07,2019,09,32.74782397,IMD GRID MODEL
Uttarakhand,Udam Singh Nagar,2019-09-09,2019,09,0.669728445,IMD GRID MODEL
Uttarakhand,Udam Singh Nagar,2019-09-24,2019,09,0.014379878,IMD GRID MODEL
Uttarakhand,Udam Singh Nagar,2019-10-09,2019,10,0.80903045,IMD GRID MODEL
Uttarakhand,Udam Singh Nagar,2019-10-14,2019,10,0,IMD GRID MODEL
Uttarakhand,Udam Singh Nagar,2019-10-23,2019,10,0,IMD GRID MODEL
Uttarakhand,Udam Singh Nagar,2019-10-31,2019,10,0,IMD GRID MODEL
Uttarakhand,Udam Singh Nagar,2019-11-08,2019,11,0,IMD GRID MODEL
Uttarakhand,Udam Singh Nagar,2019-11-10,2019,11,0,IMD GRID MODEL
Uttarakhand,Udam Singh Nagar,2019-11-12,2019,11,0,IMD GRID MODEL
Uttarakhand,Udam Singh Nagar,2019-11-17,2019,11,0,IMD GRID MODEL
Uttarakhand,Udam Singh Nagar,2019-11-20,2019,11,0,IMD GRID MODEL
Uttarakhand,Udam Singh Nagar,2019-12-04,2019,12,0,IMD GRID MODEL
Uttarakhand,Udam Singh Nagar,2019-12-19,2019,12,0,IMD GRID MODEL
Uttarakhand,Udam Singh Nagar,2019-12-28,2019,12,0,IMD GRID MODEL
Uttarakhand,Udam Singh Nagar,2019-01-02,2019,01,0,IMD GRID MODEL
Uttarakhand,Udam Singh Nagar,2019-03-04,2019,03,0,IMD GRID MODEL
Uttarakhand,Udam Singh Nagar,2019-10-06,2019,10,0,IMD GRID MODEL
Uttarakhand,Uttar Kashi,2019-01-01,2019,01,0,IMD GRID MODEL
Uttarakhand,Uttar Kashi,2019-01-12,2019,01,0,IMD GRID MODEL
Uttarakhand,Uttar Kashi,2019-01-19,2019,01,0,IMD GRID MODEL
Uttarakhand,Uttar Kashi,2019-01-30,2019,01,0,IMD GRID MODEL
Uttarakhand,Uttar Kashi,2019-02-03,2019,02,0,IMD GRID MODEL
Uttarakhand,Uttar Kashi,2019-02-06,2019,02,0,IMD GRID MODEL
Uttarakhand,Uttar Kashi,2019-02-11,2019,02,0,IMD GRID MODEL
Uttarakhand,Uttar Kashi,2019-02-14,2019,02,0.125820284,IMD GRID MODEL
Uttarakhand,Uttar Kashi,2019-02-17,2019,02,0.167963271,IMD GRID MODEL
Uttarakhand,Uttar Kashi,2019-02-15,2019,02,17.1429465,IMD GRID MODEL
Uttarakhand,Uttar Kashi,2019-02-20,2019,02,0.453776934,IMD GRID MODEL
Uttarakhand,Uttar Kashi,2019-02-21,2019,02,13.59315873,IMD GRID MODEL
Uttarakhand,Uttar Kashi,2019-02-28,2019,02,4.84828577,IMD GRID MODEL
Uttarakhand,Uttar Kashi,2019-03-02,2019,03,0.042290837,IMD GRID MODEL
Uttarakhand,Uttar Kashi,2019-03-05,2019,03,1.299028939,IMD GRID MODEL
Uttarakhand,Uttar Kashi,2019-03-03,2019,03,10.93713394,IMD GRID MODEL
Uttarakhand,Uttar Kashi,2019-03-13,2019,03,0,IMD GRID MODEL
Uttarakhand,Uttar Kashi,2019-03-14,2019,03,0.263417793,IMD GRID MODEL
Uttarakhand,Uttar Kashi,2019-03-16,2019,03,0.017175885,IMD GRID MODEL
Uttarakhand,Uttar Kashi,2019-03-18,2019,03,2.198503181,IMD GRID MODEL
Uttarakhand,Uttar Kashi,2019-03-21,2019,03,2.59410986,IMD GRID MODEL
Uttarakhand,Uttar Kashi,2019-03-25,2019,03,0.080932028,IMD GRID MODEL
Uttarakhand,Uttar Kashi,2019-03-26,2019,03,15.7555519,IMD GRID MODEL
Uttarakhand,Uttar Kashi,2019-04-01,2019,04,0,IMD GRID MODEL
Uttarakhand,Uttar Kashi,2019-04-03,2019,04,0,IMD GRID MODEL
Uttarakhand,Uttar Kashi,2019-04-04,2019,04,0,IMD GRID MODEL
Uttarakhand,Uttar Kashi,2019-04-11,2019,04,0.042290837,IMD GRID MODEL
Uttarakhand,Uttar Kashi,2019-04-14,2019,04,0.160858759,IMD GRID MODEL
Uttarakhand,Uttar Kashi,2019-04-17,2019,04,3.243154635,IMD GRID MODEL
Uttarakhand,Uttar Kashi,2019-04-18,2019,04,17.90452576,IMD GRID MODEL
Uttarakhand,Uttar Kashi,2019-04-20,2019,04,0.203038455,IMD GRID MODEL
Uttarakhand,Uttar Kashi,2019-04-22,2019,04,2.061542833,IMD GRID MODEL
Uttarakhand,Uttar Kashi,2019-05-06,2019,05,0,IMD GRID MODEL
Uttarakhand,Uttar Kashi,2019-05-13,2019,05,2.074129071,IMD GRID MODEL
Uttarakhand,Uttar Kashi,2019-05-16,2019,05,0.101512156,IMD GRID MODEL
Uttarakhand,Uttar Kashi,2019-05-21,2019,05,0,IMD GRID MODEL
Uttarakhand,Uttar Kashi,2019-05-24,2019,05,0.29274265,IMD GRID MODEL
Uttarakhand,Uttar Kashi,2019-05-28,2019,05,0,IMD GRID MODEL
Uttarakhand,Uttar Kashi,2019-06-01,2019,06,0.115616096,IMD GRID MODEL
Uttarakhand,Uttar Kashi,2019-06-05,2019,06,0.016360632,IMD GRID MODEL
Uttarakhand,Uttar Kashi,2019-06-09,2019,06,1.486976432,IMD GRID MODEL
Uttarakhand,Uttar Kashi,2019-06-12,2019,06,2.712196969,IMD GRID MODEL
Uttarakhand,Uttar Kashi,2019-06-18,2019,06,2.957622942,IMD GRID MODEL
Uttarakhand,Uttar Kashi,2019-06-21,2019,06,6.472529005,IMD GRID MODEL
Uttarakhand,Uttar Kashi,2019-07-03,2019,07,0.172954323,IMD GRID MODEL
Uttarakhand,Uttar Kashi,2019-07-05,2019,07,6.600918266,IMD GRID MODEL
Uttarakhand,Uttar Kashi,2019-07-06,2019,07,0.948802128,IMD GRID MODEL
Uttarakhand,Uttar Kashi,2019-07-12,2019,07,6.741164413,IMD GRID MODEL
Uttarakhand,Uttar Kashi,2019-07-17,2019,07,5.046188145,IMD GRID MODEL
Uttarakhand,Uttar Kashi,2019-07-18,2019,07,0.867872212,IMD GRID MODEL
Uttarakhand,Uttar Kashi,2019-07-19,2019,07,2.894841626,IMD GRID MODEL
Uttarakhand,Uttar Kashi,2019-07-29,2019,07,12.49779576,IMD GRID MODEL
Uttarakhand,Uttar Kashi,2019-07-30,2019,07,13.28115173,IMD GRID MODEL
Uttarakhand,Uttar Kashi,2019-08-04,2019,08,0.976355507,IMD GRID MODEL
Uttarakhand,Uttar Kashi,2019-08-07,2019,08,5.557038708,IMD GRID MODEL
Uttarakhand,Uttar Kashi,2019-08-09,2019,08,36.47778788,IMD GRID MODEL
Uttarakhand,Uttar Kashi,2019-08-17,2019,08,18.07137245,IMD GRID MODEL
Uttarakhand,Uttar Kashi,2019-08-24,2019,08,0.000148704,IMD GRID MODEL
Uttarakhand,Uttar Kashi,2019-09-10,2019,09,0,IMD GRID MODEL
Uttarakhand,Uttar Kashi,2019-09-11,2019,09,0.068537976,IMD GRID MODEL
Uttarakhand,Uttar Kashi,2019-09-12,2019,09,1.357319595,IMD GRID MODEL
Uttarakhand,Uttar Kashi,2019-09-17,2019,09,4.028572831,IMD GRID MODEL
Uttarakhand,Uttar Kashi,2019-09-19,2019,09,2.132415838,IMD GRID MODEL
Uttarakhand,Uttar Kashi,2019-09-25,2019,09,0.004190198,IMD GRID MODEL
Uttarakhand,Uttar Kashi,2019-09-26,2019,09,5.284110405,IMD GRID MODEL
Uttarakhand,Uttar Kashi,2019-10-01,2019,10,13.54739513,IMD GRID MODEL
Uttarakhand,Uttar Kashi,2019-10-02,2019,10,8.348350174,IMD GRID MODEL
Uttarakhand,Uttar Kashi,2019-10-06,2019,10,0,IMD GRID MODEL
Uttarakhand,Uttar Kashi,2019-10-08,2019,10,0.006463613,IMD GRID MODEL
Uttarakhand,Uttar Kashi,2019-10-14,2019,10,0,IMD GRID MODEL
Uttarakhand,Uttar Kashi,2019-10-26,2019,10,0,IMD GRID MODEL
Uttarakhand,Uttar Kashi,2019-10-31,2019,10,0,IMD GRID MODEL
Uttarakhand,Uttar Kashi,2019-11-01,2019,11,0.101164079,IMD GRID MODEL
Uttarakhand,Uttar Kashi,2019-11-03,2019,11,0,IMD GRID MODEL
Uttarakhand,Uttar Kashi,2019-11-06,2019,11,0,IMD GRID MODEL
Uttarakhand,Uttar Kashi,2019-11-09,2019,11,0.323154018,IMD GRID MODEL
Uttarakhand,Uttar Kashi,2019-11-11,2019,11,0,IMD GRID MODEL
Uttarakhand,Uttar Kashi,2019-11-20,2019,11,0,IMD GRID MODEL
Uttarakhand,Uttar Kashi,2019-11-21,2019,11,0,IMD GRID MODEL
Uttarakhand,Uttar Kashi,2019-11-22,2019,11,0,IMD GRID MODEL
Uttarakhand,Uttar Kashi,2019-11-23,2019,11,1.653385741,IMD GRID MODEL
Uttarakhand,Uttar Kashi,2019-12-01,2019,12,0,IMD GRID MODEL
Uttarakhand,Uttar Kashi,2019-12-03,2019,12,0,IMD GRID MODEL
Uttarakhand,Uttar Kashi,2019-12-05,2019,12,0,IMD GRID MODEL
Uttarakhand,Uttar Kashi,2019-12-09,2019,12,0,IMD GRID MODEL
Uttarakhand,Uttar Kashi,2019-12-19,2019,12,0,IMD GRID MODEL
Uttarakhand,Uttar Kashi,2019-12-25,2019,12,0,IMD GRID MODEL
Uttarakhand,Uttar Kashi,2019-12-26,2019,12,0,IMD GRID MODEL
Uttarakhand,Uttar Kashi,2019-12-30,2019,12,0,IMD GRID MODEL
Uttarakhand,Pithoragarh,2019-10-07,2019,10,0.017823661,IMD GRID MODEL
Uttarakhand,Pithoragarh,2019-10-09,2019,10,5.413960852,IMD GRID MODEL
Uttarakhand,Pithoragarh,2019-10-13,2019,10,0,IMD GRID MODEL
Uttarakhand,Pithoragarh,2019-10-18,2019,10,0,IMD GRID MODEL
Uttarakhand,Pithoragarh,2019-10-19,2019,10,0,IMD GRID MODEL
Uttarakhand,Pithoragarh,2019-10-24,2019,10,0,IMD GRID MODEL
Uttarakhand,Pithoragarh,2019-10-26,2019,10,0,IMD GRID MODEL
Uttarakhand,Pithoragarh,2019-11-02,2019,11,0,IMD GRID MODEL
Uttarakhand,Pithoragarh,2019-11-07,2019,11,0,IMD GRID MODEL
Uttarakhand,Pithoragarh,2019-11-11,2019,11,0,IMD GRID MODEL
Uttarakhand,Pithoragarh,2019-11-12,2019,11,0,IMD GRID MODEL
Uttarakhand,Pithoragarh,2019-11-15,2019,11,0,IMD GRID MODEL
Uttarakhand,Pithoragarh,2019-11-17,2019,11,0,IMD GRID MODEL
Uttarakhand,Pithoragarh,2019-11-19,2019,11,0,IMD GRID MODEL
Uttarakhand,Pithoragarh,2019-11-20,2019,11,0,IMD GRID MODEL
Uttarakhand,Pithoragarh,2019-11-26,2019,11,0,IMD GRID MODEL
Uttarakhand,Pithoragarh,2019-11-28,2019,11,0.646299467,IMD GRID MODEL
Uttarakhand,Pithoragarh,2019-11-29,2019,11,3.010493963,IMD GRID MODEL
Uttarakhand,Pithoragarh,2019-12-10,2019,12,0,IMD GRID MODEL
Uttarakhand,Pithoragarh,2019-12-17,2019,12,0,IMD GRID MODEL
Uttarakhand,Pithoragarh,2019-12-28,2019,12,0,IMD GRID MODEL
Uttarakhand,Rudra Prayag,2019-01-01,2019,01,0,IMD GRID MODEL
Uttarakhand,Rudra Prayag,2019-01-02,2019,01,0,IMD GRID MODEL
Uttarakhand,Rudra Prayag,2019-01-04,2019,01,0,IMD GRID MODEL
Uttarakhand,Rudra Prayag,2019-01-08,2019,01,0,IMD GRID MODEL
Uttarakhand,Rudra Prayag,2019-01-21,2019,01,0,IMD GRID MODEL
Uttarakhand,Rudra Prayag,2019-01-31,2019,01,4.770798028,IMD GRID MODEL
Uttarakhand,Rudra Prayag,2019-02-01,2019,02,7.998655321,IMD GRID MODEL
Uttarakhand,Rudra Prayag,2019-02-08,2019,02,28.52534981,IMD GRID MODEL
Uttarakhand,Rudra Prayag,2019-02-09,2019,02,3.836006871,IMD GRID MODEL
Uttarakhand,Rudra Prayag,2019-02-12,2019,02,0,IMD GRID MODEL
Uttarakhand,Rudra Prayag,2019-02-17,2019,02,0.916329715,IMD GRID MODEL
Uttarakhand,Rudra Prayag,2019-02-21,2019,02,15.06452558,IMD GRID MODEL
Uttarakhand,Rudra Prayag,2019-02-25,2019,02,0.059505062,IMD GRID MODEL
Uttarakhand,Rudra Prayag,2019-03-19,2019,03,0.368210642,IMD GRID MODEL
Uttarakhand,Rudra Prayag,2019-04-04,2019,04,0,IMD GRID MODEL
Uttarakhand,Rudra Prayag,2019-04-05,2019,04,0,IMD GRID MODEL
Uttarakhand,Rudra Prayag,2019-04-07,2019,04,3.419632652,IMD GRID MODEL
Uttarakhand,Rudra Prayag,2019-04-09,2019,04,1.147117472,IMD GRID MODEL
Uttarakhand,Rudra Prayag,2019-04-12,2019,04,0,IMD GRID MODEL
Uttarakhand,Rudra Prayag,2019-04-14,2019,04,0.199481613,IMD GRID MODEL
Uttarakhand,Rudra Prayag,2019-04-15,2019,04,0,IMD GRID MODEL
Uttarakhand,Rudra Prayag,2019-04-26,2019,04,5.391698763,IMD GRID MODEL
Uttarakhand,Rudra Prayag,2019-04-27,2019,04,8.468326773,IMD GRID MODEL
Uttarakhand,Rudra Prayag,2019-05-03,2019,05,3.107354947,IMD GRID MODEL
Uttarakhand,Rudra Prayag,2019-05-06,2019,05,0,IMD GRID MODEL
Uttarakhand,Rudra Prayag,2019-05-05,2019,05,0.457861275,IMD GRID MODEL
Uttarakhand,Rudra Prayag,2019-05-19,2019,05,7.807506071,IMD GRID MODEL
Uttarakhand,Rudra Prayag,2019-05-25,2019,05,2.803174956,IMD GRID MODEL
Uttarakhand,Rudra Prayag,2019-05-27,2019,05,0,IMD GRID MODEL
Uttarakhand,Rudra Prayag,2019-06-05,2019,06,0,IMD GRID MODEL
Uttarakhand,Rudra Prayag,2019-06-14,2019,06,0,IMD GRID MODEL
Uttarakhand,Rudra Prayag,2019-06-23,2019,06,0.193020321,IMD GRID MODEL
Uttarakhand,Rudra Prayag,2019-07-01,2019,07,1.201885775,IMD GRID MODEL
Uttarakhand,Rudra Prayag,2019-07-02,2019,07,0.102307324,IMD GRID MODEL
Uttarakhand,Rudra Prayag,2019-07-07,2019,07,2.579322317,IMD GRID MODEL
Uttarakhand,Rudra Prayag,2019-07-10,2019,07,8.503989158,IMD GRID MODEL
Uttarakhand,Rudra Prayag,2019-07-21,2019,07,3.750064929,IMD GRID MODEL
Uttarakhand,Rudra Prayag,2019-07-24,2019,07,15.79358393,IMD GRID MODEL
Uttarakhand,Rudra Prayag,2019-07-27,2019,07,11.19647837,IMD GRID MODEL
Uttarakhand,Rudra Prayag,2019-08-10,2019,08,6.486284582,IMD GRID MODEL
Uttarakhand,Rudra Prayag,2019-08-12,2019,08,37.65996659,IMD GRID MODEL
Uttarakhand,Rudra Prayag,2019-08-19,2019,08,60.56102089,IMD GRID MODEL
Uttarakhand,Rudra Prayag,2019-08-24,2019,08,0,IMD GRID MODEL
Uttarakhand,Rudra Prayag,2019-08-29,2019,08,0,IMD GRID MODEL
Uttarakhand,Rudra Prayag,2019-08-30,2019,08,0.556244474,IMD GRID MODEL
Uttarakhand,Rudra Prayag,2019-09-10,2019,09,0,IMD GRID MODEL
Uttarakhand,Rudra Prayag,2019-09-17,2019,09,1.007092553,IMD GRID MODEL
Uttarakhand,Rudra Prayag,2019-09-19,2019,09,6.117466729,IMD GRID MODEL
Uttarakhand,Rudra Prayag,2019-09-20,2019,09,1.613258984,IMD GRID MODEL
Uttarakhand,Rudra Prayag,2019-09-23,2019,09,3.170745832,IMD GRID MODEL
Uttarakhand,Rudra Prayag,2019-10-15,2019,10,0,IMD GRID MODEL
Uttarakhand,Rudra Prayag,2019-10-19,2019,10,0,IMD GRID MODEL
Uttarakhand,Rudra Prayag,2019-10-30,2019,10,0,IMD GRID MODEL
Uttarakhand,Rudra Prayag,2019-10-31,2019,10,0,IMD GRID MODEL
Uttarakhand,Rudra Prayag,2019-11-02,2019,11,0,IMD GRID MODEL
Uttarakhand,Rudra Prayag,2019-11-18,2019,11,0,IMD GRID MODEL
Uttarakhand,Rudra Prayag,2019-11-20,2019,11,0,IMD GRID MODEL
Uttarakhand,Rudra Prayag,2019-11-21,2019,11,0,IMD GRID MODEL
Uttarakhand,Rudra Prayag,2019-11-22,2019,11,0,IMD GRID MODEL
Uttarakhand,Rudra Prayag,2019-11-23,2019,11,0,IMD GRID MODEL
Uttarakhand,Rudra Prayag,2019-11-26,2019,11,0,IMD GRID MODEL
Uttarakhand,Rudra Prayag,2019-12-02,2019,12,0,IMD GRID MODEL
Uttarakhand,Rudra Prayag,2019-12-13,2019,12,29.91266454,IMD GRID MODEL
Uttarakhand,Rudra Prayag,2019-12-22,2019,12,0,IMD GRID MODEL
Uttarakhand,Rudra Prayag,2019-12-30,2019,12,0,IMD GRID MODEL
Uttarakhand,Rudra Prayag,2019-03-25,2019,03,0,IMD GRID MODEL
Uttarakhand,Rudra Prayag,2019-11-08,2019,11,3.866144444,IMD GRID MODEL
Uttarakhand,Rudra Prayag,2019-11-28,2019,11,18.7708236,IMD GRID MODEL
Uttarakhand,Tehri Garhwal,2019-01-01,2019,01,0,IMD GRID MODEL
Uttarakhand,Tehri Garhwal,2019-01-05,2019,01,1.91e-05,IMD GRID MODEL
Uttarakhand,Tehri Garhwal,2019-01-08,2019,01,0,IMD GRID MODEL
Uttarakhand,Tehri Garhwal,2019-01-09,2019,01,0,IMD GRID MODEL
Uttarakhand,Tehri Garhwal,2019-01-13,2019,01,1.260305341,IMD GRID MODEL
Uttarakhand,Tehri Garhwal,2019-01-16,2019,01,0,IMD GRID MODEL
Uttarakhand,Tehri Garhwal,2019-01-19,2019,01,0,IMD GRID MODEL
Uttarakhand,Tehri Garhwal,2019-01-24,2019,01,7.635583072,IMD GRID MODEL
Uttarakhand,Tehri Garhwal,2019-01-27,2019,01,1.797802385,IMD GRID MODEL
Uttarakhand,Tehri Garhwal,2019-02-03,2019,02,0,IMD GRID MODEL
Uttarakhand,Tehri Garhwal,2019-02-04,2019,02,0,IMD GRID MODEL
Uttarakhand,Tehri Garhwal,2019-02-05,2019,02,0,IMD GRID MODEL
Uttarakhand,Tehri Garhwal,2019-02-06,2019,02,0,IMD GRID MODEL
Uttarakhand,Tehri Garhwal,2019-02-12,2019,02,0,IMD GRID MODEL
Uttarakhand,Tehri Garhwal,2019-02-14,2019,02,0.698920697,IMD GRID MODEL
Uttarakhand,Tehri Garhwal,2019-02-15,2019,02,18.08479015,IMD GRID MODEL
Uttarakhand,Tehri Garhwal,2019-02-26,2019,02,0.890312875,IMD GRID MODEL
Uttarakhand,Tehri Garhwal,2019-03-03,2019,03,8.119618696,IMD GRID MODEL
Uttarakhand,Tehri Garhwal,2019-03-13,2019,03,0,IMD GRID MODEL
Uttarakhand,Tehri Garhwal,2019-03-14,2019,03,0,IMD GRID MODEL
Uttarakhand,Tehri Garhwal,2019-03-17,2019,03,0,IMD GRID MODEL
Uttarakhand,Tehri Garhwal,2019-03-21,2019,03,1.034551551,IMD GRID MODEL
Uttarakhand,Tehri Garhwal,2019-03-22,2019,03,0,IMD GRID MODEL
Uttarakhand,Tehri Garhwal,2019-03-26,2019,03,9.780802702,IMD GRID MODEL
Uttarakhand,Tehri Garhwal,2019-04-08,2019,04,4.14181261,IMD GRID MODEL
Uttarakhand,Tehri Garhwal,2019-04-16,2019,04,0,IMD GRID MODEL
Uttarakhand,Tehri Garhwal,2019-04-21,2019,04,0,IMD GRID MODEL
Uttarakhand,Tehri Garhwal,2019-04-24,2019,04,0.319594759,IMD GRID MODEL
Uttarakhand,Tehri Garhwal,2019-04-28,2019,04,0,IMD GRID MODEL
Uttarakhand,Tehri Garhwal,2019-05-04,2019,05,1.326944405,IMD GRID MODEL
Uttarakhand,Tehri Garhwal,2019-05-17,2019,05,0.145016943,IMD GRID MODEL
Uttarakhand,Tehri Garhwal,2019-05-20,2019,05,0,IMD GRID MODEL
Uttarakhand,Tehri Garhwal,2019-05-26,2019,05,3.017243686,IMD GRID MODEL
Uttarakhand,Tehri Garhwal,2019-05-27,2019,05,0,IMD GRID MODEL
Uttarakhand,Tehri Garhwal,2019-06-05,2019,06,0.0255745,IMD GRID MODEL
Uttarakhand,Tehri Garhwal,2019-06-09,2019,06,6.172711277,IMD GRID MODEL
Uttarakhand,Tehri Garhwal,2019-06-10,2019,06,0,IMD GRID MODEL
Uttarakhand,Tehri Garhwal,2019-06-14,2019,06,0.03468695,IMD GRID MODEL
Uttarakhand,Tehri Garhwal,2019-06-18,2019,06,4.746527111,IMD GRID MODEL
Uttarakhand,Tehri Garhwal,2019-07-01,2019,07,0.911433335,IMD GRID MODEL
Uttarakhand,Tehri Garhwal,2019-07-04,2019,07,21.55659286,IMD GRID MODEL
Uttarakhand,Tehri Garhwal,2019-07-13,2019,07,3.293449906,IMD GRID MODEL
Uttarakhand,Tehri Garhwal,2019-07-19,2019,07,1.466903424,IMD GRID MODEL
Uttarakhand,Tehri Garhwal,2019-07-23,2019,07,1.614514443,IMD GRID MODEL
Uttarakhand,Tehri Garhwal,2019-07-24,2019,07,15.34603081,IMD GRID MODEL
Uttarakhand,Tehri Garhwal,2019-07-30,2019,07,16.93712418,IMD GRID MODEL
Uttarakhand,Tehri Garhwal,2019-08-05,2019,08,3.871770302,IMD GRID MODEL
Uttarakhand,Tehri Garhwal,2019-08-06,2019,08,23.32501656,IMD GRID MODEL
Uttarakhand,Tehri Garhwal,2019-08-07,2019,08,15.155302,IMD GRID MODEL
Uttarakhand,Tehri Garhwal,2019-08-08,2019,08,3.650554208,IMD GRID MODEL
Uttarakhand,Tehri Garhwal,2019-08-15,2019,08,3.250118707,IMD GRID MODEL
Uttarakhand,Tehri Garhwal,2019-08-19,2019,08,41.6500383,IMD GRID MODEL
Uttarakhand,Tehri Garhwal,2019-08-22,2019,08,5.191537267,IMD GRID MODEL
Uttarakhand,Tehri Garhwal,2019-08-25,2019,08,15.99624709,IMD GRID MODEL
Uttarakhand,Tehri Garhwal,2019-08-30,2019,08,0.564651474,IMD GRID MODEL
Uttarakhand,Tehri Garhwal,2019-08-31,2019,08,9.258205745,IMD GRID MODEL
Uttarakhand,Tehri Garhwal,2019-09-05,2019,09,2.453163937,IMD GRID MODEL
Uttarakhand,Tehri Garhwal,2019-09-11,2019,09,0.05614913,IMD GRID MODEL
Uttarakhand,Tehri Garhwal,2019-09-15,2019,09,2.153438012,IMD GRID MODEL
Uttarakhand,Tehri Garhwal,2019-09-17,2019,09,0.871402413,IMD GRID MODEL
Uttarakhand,Tehri Garhwal,2019-09-21,2019,09,0.08393956,IMD GRID MODEL
Uttarakhand,Tehri Garhwal,2019-09-22,2019,09,1.970249669,IMD GRID MODEL
Uttarakhand,Tehri Garhwal,2019-09-27,2019,09,10.75205699,IMD GRID MODEL
Uttarakhand,Tehri Garhwal,2019-09-28,2019,09,15.55033674,IMD GRID MODEL
Uttarakhand,Tehri Garhwal,2019-09-29,2019,09,37.98833313,IMD GRID MODEL
Uttarakhand,Tehri Garhwal,2019-10-01,2019,10,19.02747355,IMD GRID MODEL
Uttarakhand,Tehri Garhwal,2019-10-05,2019,10,1.437485476,IMD GRID MODEL
Uttarakhand,Tehri Garhwal,2019-10-06,2019,10,0,IMD GRID MODEL
Uttarakhand,Tehri Garhwal,2019-10-18,2019,10,0,IMD GRID MODEL
Uttarakhand,Tehri Garhwal,2019-10-25,2019,10,0,IMD GRID MODEL
Uttarakhand,Tehri Garhwal,2019-10-30,2019,10,0,IMD GRID MODEL
Uttarakhand,Tehri Garhwal,2019-11-01,2019,11,0.179061969,IMD GRID MODEL
Uttarakhand,Tehri Garhwal,2019-11-08,2019,11,3.637444264,IMD GRID MODEL
Uttarakhand,Tehri Garhwal,2019-11-07,2019,11,0,IMD GRID MODEL
Uttarakhand,Tehri Garhwal,2019-11-15,2019,11,0,IMD GRID MODEL
Uttarakhand,Tehri Garhwal,2019-11-16,2019,11,0,IMD GRID MODEL
Uttarakhand,Tehri Garhwal,2019-11-17,2019,11,0,IMD GRID MODEL
Uttarakhand,Tehri Garhwal,2019-11-19,2019,11,0,IMD GRID MODEL
Uttarakhand,Tehri Garhwal,2019-11-24,2019,11,0,IMD GRID MODEL
Uttarakhand,Tehri Garhwal,2019-11-25,2019,11,0,IMD GRID MODEL
Uttarakhand,Tehri Garhwal,2019-11-26,2019,11,0.043503159,IMD GRID MODEL
Uttarakhand,Tehri Garhwal,2019-11-30,2019,11,0,IMD GRID MODEL
Uttarakhand,Tehri Garhwal,2019-12-06,2019,12,0,IMD GRID MODEL
Uttarakhand,Tehri Garhwal,2019-12-11,2019,12,0,IMD GRID MODEL
Uttarakhand,Tehri Garhwal,2019-12-15,2019,12,1.814601906,IMD GRID MODEL
Uttarakhand,Tehri Garhwal,2019-12-16,2019,12,0.563197694,IMD GRID MODEL
Uttarakhand,Tehri Garhwal,2019-12-18,2019,12,0,IMD GRID MODEL
Uttarakhand,Tehri Garhwal,2019-12-23,2019,12,0,IMD GRID MODEL
Uttarakhand,Udam Singh Nagar,2019-01-06,2019,01,0,IMD GRID MODEL
Uttarakhand,Udam Singh Nagar,2019-01-17,2019,01,0,IMD GRID MODEL
Uttarakhand,Udam Singh Nagar,2019-01-18,2019,01,0,IMD GRID MODEL
Uttarakhand,Udam Singh Nagar,2019-01-21,2019,01,0,IMD GRID MODEL
Uttarakhand,Udam Singh Nagar,2019-01-22,2019,01,17.69509624,IMD GRID MODEL
Uttarakhand,Udam Singh Nagar,2019-01-24,2019,01,0.910899277,IMD GRID MODEL
Uttarakhand,Udam Singh Nagar,2019-01-30,2019,01,0,IMD GRID MODEL
Uttarakhand,Udam Singh Nagar,2019-02-05,2019,02,0,IMD GRID MODEL
Uttarakhand,Udam Singh Nagar,2019-02-19,2019,02,2.337280943,IMD GRID MODEL
Uttarakhand,Udam Singh Nagar,2019-03-06,2019,03,0.143644153,IMD GRID MODEL
Uttarakhand,Udam Singh Nagar,2019-03-07,2019,03,0,IMD GRID MODEL
Uttarakhand,Udam Singh Nagar,2019-03-20,2019,03,0,IMD GRID MODEL
Uttarakhand,Udam Singh Nagar,2019-03-27,2019,03,0,IMD GRID MODEL
Uttarakhand,Udam Singh Nagar,2019-04-09,2019,04,6.209386987,IMD GRID MODEL
Uttarakhand,Udam Singh Nagar,2019-04-15,2019,04,0,IMD GRID MODEL
Uttarakhand,Udam Singh Nagar,2019-04-16,2019,04,0,IMD GRID MODEL
Uttarakhand,Udam Singh Nagar,2019-04-20,2019,04,0.046258037,IMD GRID MODEL
Uttarakhand,Udam Singh Nagar,2019-04-25,2019,04,0.167783395,IMD GRID MODEL
Uttarakhand,Udam Singh Nagar,2019-05-03,2019,05,1.32598374,IMD GRID MODEL
Uttarakhand,Udam Singh Nagar,2019-05-04,2019,05,0,IMD GRID MODEL
Uttarakhand,Udam Singh Nagar,2019-05-07,2019,05,0,IMD GRID MODEL
Uttarakhand,Udam Singh Nagar,2019-05-10,2019,05,0,IMD GRID MODEL
Uttarakhand,Udam Singh Nagar,2019-05-25,2019,05,0.02939288,IMD GRID MODEL
Uttarakhand,Udam Singh Nagar,2019-06-01,2019,06,0,IMD GRID MODEL
Uttarakhand,Udam Singh Nagar,2019-06-07,2019,06,16.46248732,IMD GRID MODEL
Uttarakhand,Udam Singh Nagar,2019-06-12,2019,06,12.51923206,IMD GRID MODEL
Uttarakhand,Udam Singh Nagar,2019-06-19,2019,06,0.277760315,IMD GRID MODEL
Uttarakhand,Udam Singh Nagar,2019-06-25,2019,06,56.47709995,IMD GRID MODEL
Uttarakhand,Udam Singh Nagar,2019-06-27,2019,06,2.274815919,IMD GRID MODEL
Uttarakhand,Udam Singh Nagar,2019-07-02,2019,07,0.099524584,IMD GRID MODEL
Uttarakhand,Udam Singh Nagar,2019-07-06,2019,07,27.09695917,IMD GRID MODEL
Uttarakhand,Udam Singh Nagar,2019-07-09,2019,07,35.21866413,IMD GRID MODEL
Uttarakhand,Udam Singh Nagar,2019-07-11,2019,07,48.56719188,IMD GRID MODEL
Uttarakhand,Nainital,2019-01-07,2019,01,0.159385834,IMD GRID MODEL
Uttarakhand,Nainital,2019-01-09,2019,01,0,IMD GRID MODEL
Uttarakhand,Nainital,2019-01-12,2019,01,0,IMD GRID MODEL
Uttarakhand,Nainital,2019-01-13,2019,01,0,IMD GRID MODEL
Uttarakhand,Nainital,2019-01-15,2019,01,0,IMD GRID MODEL
Uttarakhand,Nainital,2019-01-21,2019,01,0,IMD GRID MODEL
Uttarakhand,Nainital,2019-01-22,2019,01,22.6803321,IMD GRID MODEL
Uttarakhand,Nainital,2019-01-25,2019,01,3.660713511,IMD GRID MODEL
Uttarakhand,Nainital,2019-01-26,2019,01,6.828331852,IMD GRID MODEL
Uttarakhand,Nainital,2019-02-02,2019,02,0.025848992,IMD GRID MODEL
Uttarakhand,Nainital,2019-02-17,2019,02,1.014223979,IMD GRID MODEL
Uttarakhand,Nainital,2019-02-20,2019,02,0.220174562,IMD GRID MODEL
Uttarakhand,Nainital,2019-02-25,2019,02,0,IMD GRID MODEL
Uttarakhand,Nainital,2019-02-28,2019,02,15.32087194,IMD GRID MODEL
Uttarakhand,Nainital,2019-03-03,2019,03,8.277833229,IMD GRID MODEL
Uttarakhand,Nainital,2019-03-05,2019,03,4.869917344,IMD GRID MODEL
Uttarakhand,Nainital,2019-03-06,2019,03,0.43011379,IMD GRID MODEL
Uttarakhand,Nainital,2019-03-12,2019,03,0.890450362,IMD GRID MODEL
Uttarakhand,Nainital,2019-03-15,2019,03,7.669588535,IMD GRID MODEL
Uttarakhand,Nainital,2019-03-30,2019,03,0,IMD GRID MODEL
Uttarakhand,Nainital,2019-04-05,2019,04,0,IMD GRID MODEL
Uttarakhand,Nainital,2019-04-06,2019,04,1.090095627,IMD GRID MODEL
Uttarakhand,Nainital,2019-04-08,2019,04,1.283360442,IMD GRID MODEL
Uttarakhand,Nainital,2019-04-11,2019,04,0,IMD GRID MODEL
Uttarakhand,Nainital,2019-04-16,2019,04,0,IMD GRID MODEL
Uttarakhand,Nainital,2019-04-17,2019,04,1.392357978,IMD GRID MODEL
Uttarakhand,Nainital,2019-05-06,2019,05,0,IMD GRID MODEL
Uttarakhand,Nainital,2019-05-07,2019,05,0,IMD GRID MODEL
Uttarakhand,Nainital,2019-05-10,2019,05,0,IMD GRID MODEL
Uttarakhand,Nainital,2019-05-14,2019,05,1.891862096,IMD GRID MODEL
Uttarakhand,Nainital,2019-05-19,2019,05,1.388923579,IMD GRID MODEL
Uttarakhand,Nainital,2019-05-30,2019,05,0,IMD GRID MODEL
Uttarakhand,Nainital,2019-05-31,2019,05,0,IMD GRID MODEL
Uttarakhand,Nainital,2019-06-01,2019,06,0,IMD GRID MODEL
Uttarakhand,Nainital,2019-06-06,2019,06,0,IMD GRID MODEL
Uttarakhand,Nainital,2019-06-07,2019,06,16.8052749,IMD GRID MODEL
Uttarakhand,Nainital,2019-06-08,2019,06,0,IMD GRID MODEL
Uttarakhand,Nainital,2019-06-10,2019,06,0,IMD GRID MODEL
Uttarakhand,Nainital,2019-06-13,2019,06,0.560208984,IMD GRID MODEL
Uttarakhand,Nainital,2019-06-29,2019,06,0,IMD GRID MODEL
Uttarakhand,Nainital,2019-07-07,2019,07,1.165952263,IMD GRID MODEL
Uttarakhand,Nainital,2019-07-13,2019,07,11.03047888,IMD GRID MODEL
Uttarakhand,Nainital,2019-07-26,2019,07,7.482657437,IMD GRID MODEL
Uttarakhand,Nainital,2019-07-28,2019,07,20.38936705,IMD GRID MODEL
Uttarakhand,Nainital,2019-07-30,2019,07,2.357252487,IMD GRID MODEL
Uttarakhand,Nainital,2019-07-31,2019,07,9.028205858,IMD GRID MODEL
Uttarakhand,Nainital,2019-08-14,2019,08,3.142710075,IMD GRID MODEL
Uttarakhand,Nainital,2019-08-27,2019,08,0.024397058,IMD GRID MODEL
Uttarakhand,Nainital,2019-09-02,2019,09,18.22934634,IMD GRID MODEL
Uttarakhand,Nainital,2019-09-05,2019,09,1.08605762,IMD GRID MODEL
Uttarakhand,Nainital,2019-09-20,2019,09,0.855255972,IMD GRID MODEL
Uttarakhand,Nainital,2019-09-24,2019,09,1.872843206,IMD GRID MODEL
Uttarakhand,Nainital,2019-09-30,2019,09,11.57978334,IMD GRID MODEL
Uttarakhand,Nainital,2019-10-12,2019,10,0,IMD GRID MODEL
Uttarakhand,Nainital,2019-10-16,2019,10,0,IMD GRID MODEL
Uttarakhand,Nainital,2019-10-21,2019,10,0.085307915,IMD GRID MODEL
Uttarakhand,Nainital,2019-10-26,2019,10,0,IMD GRID MODEL
Uttarakhand,Nainital,2019-10-31,2019,10,0,IMD GRID MODEL
Uttarakhand,Nainital,2019-11-04,2019,11,0,IMD GRID MODEL
Uttarakhand,Nainital,2019-11-10,2019,11,0,IMD GRID MODEL
Uttarakhand,Nainital,2019-11-14,2019,11,0,IMD GRID MODEL
Uttarakhand,Nainital,2019-11-16,2019,11,0,IMD GRID MODEL
Uttarakhand,Nainital,2019-11-25,2019,11,0,IMD GRID MODEL
Uttarakhand,Nainital,2019-11-30,2019,11,0,IMD GRID MODEL
Uttarakhand,Nainital,2019-12-07,2019,12,0,IMD GRID MODEL
Uttarakhand,Nainital,2019-12-11,2019,12,0,IMD GRID MODEL
Uttarakhand,Nainital,2019-12-13,2019,12,21.24084621,IMD GRID MODEL
Uttarakhand,Nainital,2019-12-14,2019,12,44.03603684,IMD GRID MODEL
Uttarakhand,Nainital,2019-12-20,2019,12,0,IMD GRID MODEL
Uttarakhand,Nainital,2019-12-22,2019,12,0,IMD GRID MODEL
Uttarakhand,Nainital,2019-12-24,2019,12,0,IMD GRID MODEL
Uttarakhand,Nainital,2019-12-26,2019,12,0,IMD GRID MODEL
Uttarakhand,Nainital,2019-12-27,2019,12,0,IMD GRID MODEL
Uttarakhand,Nainital,2019-12-29,2019,12,0,IMD GRID MODEL
Uttarakhand,Nainital,2019-12-31,2019,12,0,IMD GRID MODEL
Uttarakhand,Pauri Garhwal,2019-01-03,2019,01,0.000131241,IMD GRID MODEL
Uttarakhand,Pauri Garhwal,2019-01-15,2019,01,0,IMD GRID MODEL
Uttarakhand,Pauri Garhwal,2019-01-19,2019,01,0,IMD GRID MODEL
Uttarakhand,Pauri Garhwal,2019-01-23,2019,01,18.72908599,IMD GRID MODEL
Uttarakhand,Pauri Garhwal,2019-01-25,2019,01,3.784215992,IMD GRID MODEL
Uttarakhand,Pauri Garhwal,2019-02-02,2019,02,0.254643663,IMD GRID MODEL
Uttarakhand,Pauri Garhwal,2019-02-05,2019,02,0,IMD GRID MODEL
Uttarakhand,Pauri Garhwal,2019-02-08,2019,02,28.41429026,IMD GRID MODEL
Uttarakhand,Pauri Garhwal,2019-02-09,2019,02,4.389110808,IMD GRID MODEL
Uttarakhand,Pauri Garhwal,2019-02-11,2019,02,0,IMD GRID MODEL
Uttarakhand,Pauri Garhwal,2019-02-18,2019,02,0.785766765,IMD GRID MODEL
Uttarakhand,Pauri Garhwal,2019-02-26,2019,02,0.159380847,IMD GRID MODEL
Uttarakhand,Pauri Garhwal,2019-03-01,2019,03,0,IMD GRID MODEL
Uttarakhand,Pauri Garhwal,2019-03-06,2019,03,0.012820771,IMD GRID MODEL
Uttarakhand,Pauri Garhwal,2019-03-09,2019,03,0,IMD GRID MODEL
Uttarakhand,Pauri Garhwal,2019-03-10,2019,03,0,IMD GRID MODEL
Uttarakhand,Pauri Garhwal,2019-03-12,2019,03,0.822859096,IMD GRID MODEL
Uttarakhand,Pauri Garhwal,2019-04-08,2019,04,0.113310555,IMD GRID MODEL
Uttarakhand,Pauri Garhwal,2019-04-10,2019,04,0,IMD GRID MODEL
Uttarakhand,Pauri Garhwal,2019-04-11,2019,04,0.220898777,IMD GRID MODEL
Uttarakhand,Pauri Garhwal,2019-04-18,2019,04,10.19511271,IMD GRID MODEL
Uttarakhand,Pauri Garhwal,2019-04-21,2019,04,0,IMD GRID MODEL
Uttarakhand,Pauri Garhwal,2019-04-23,2019,04,0,IMD GRID MODEL
Uttarakhand,Pauri Garhwal,2019-04-28,2019,04,0,IMD GRID MODEL
Uttarakhand,Pauri Garhwal,2019-05-01,2019,05,0.213205156,IMD GRID MODEL
Uttarakhand,Pauri Garhwal,2019-05-04,2019,05,0.000135212,IMD GRID MODEL
Uttarakhand,Pauri Garhwal,2019-05-17,2019,05,0.014597248,IMD GRID MODEL
Uttarakhand,Pauri Garhwal,2019-05-18,2019,05,1.03599803,IMD GRID MODEL
Uttarakhand,Pauri Garhwal,2019-05-19,2019,05,3.599375706,IMD GRID MODEL
Uttarakhand,Pauri Garhwal,2019-05-20,2019,05,0,IMD GRID MODEL
Uttarakhand,Pauri Garhwal,2019-05-27,2019,05,0,IMD GRID MODEL
Uttarakhand,Pauri Garhwal,2019-05-28,2019,05,0,IMD GRID MODEL
Uttarakhand,Pauri Garhwal,2019-06-02,2019,06,0.668891419,IMD GRID MODEL
Uttarakhand,Pauri Garhwal,2019-06-03,2019,06,6.529082851,IMD GRID MODEL
Uttarakhand,Pauri Garhwal,2019-06-11,2019,06,0,IMD GRID MODEL
Uttarakhand,Pauri Garhwal,2019-06-13,2019,06,0.17499298,IMD GRID MODEL
Uttarakhand,Pauri Garhwal,2019-06-19,2019,06,0,IMD GRID MODEL
Uttarakhand,Pauri Garhwal,2019-06-30,2019,06,0.123097087,IMD GRID MODEL
Uttarakhand,Pauri Garhwal,2019-07-13,2019,07,7.605949587,IMD GRID MODEL
Uttarakhand,Pauri Garhwal,2019-07-14,2019,07,9.913709406,IMD GRID MODEL
Uttarakhand,Pauri Garhwal,2019-07-21,2019,07,2.085244658,IMD GRID MODEL
Uttarakhand,Pauri Garhwal,2019-07-25,2019,07,11.87546645,IMD GRID MODEL
Uttarakhand,Pauri Garhwal,2019-07-27,2019,07,7.422781679,IMD GRID MODEL
Uttarakhand,Pauri Garhwal,2019-07-31,2019,07,3.710878069,IMD GRID MODEL
Uttarakhand,Pauri Garhwal,2019-08-02,2019,08,11.29445949,IMD GRID MODEL
Uttarakhand,Pauri Garhwal,2019-08-10,2019,08,3.939053039,IMD GRID MODEL
Uttarakhand,Pauri Garhwal,2019-08-13,2019,08,7.1161373,IMD GRID MODEL
Uttarakhand,Pauri Garhwal,2019-08-18,2019,08,28.69157346,IMD GRID MODEL
Uttarakhand,Pauri Garhwal,2019-08-26,2019,08,22.80834922,IMD GRID MODEL
Uttarakhand,Pauri Garhwal,2019-08-30,2019,08,7.584967606,IMD GRID MODEL
Uttarakhand,Pauri Garhwal,2019-08-31,2019,08,3.056494682,IMD GRID MODEL
Uttarakhand,Pauri Garhwal,2019-09-01,2019,09,12.13725697,IMD GRID MODEL
Uttarakhand,Pauri Garhwal,2019-09-10,2019,09,0.14430674,IMD GRID MODEL
Uttarakhand,Pauri Garhwal,2019-09-12,2019,09,5.214457213,IMD GRID MODEL
Uttarakhand,Pauri Garhwal,2019-09-16,2019,09,0.254526395,IMD GRID MODEL
Uttarakhand,Pauri Garhwal,2019-09-26,2019,09,4.971498497,IMD GRID MODEL
Uttarakhand,Pauri Garhwal,2019-09-29,2019,09,35.38437076,IMD GRID MODEL
Uttarakhand,Pauri Garhwal,2019-10-04,2019,10,4.024863035,IMD GRID MODEL
Uttarakhand,Pauri Garhwal,2019-10-09,2019,10,0.039797469,IMD GRID MODEL
Uttarakhand,Pauri Garhwal,2019-10-17,2019,10,0,IMD GRID MODEL
Uttarakhand,Pauri Garhwal,2019-10-20,2019,10,0,IMD GRID MODEL
Uttarakhand,Pauri Garhwal,2019-10-23,2019,10,0,IMD GRID MODEL
Uttarakhand,Pauri Garhwal,2019-11-06,2019,11,0,IMD GRID MODEL
Uttarakhand,Pauri Garhwal,2019-11-11,2019,11,0,IMD GRID MODEL
Uttarakhand,Pauri Garhwal,2019-11-16,2019,11,0,IMD GRID MODEL
Uttarakhand,Pauri Garhwal,2019-11-22,2019,11,0,IMD GRID MODEL
Uttarakhand,Pauri Garhwal,2019-11-23,2019,11,0,IMD GRID MODEL
Uttarakhand,Pauri Garhwal,2019-11-27,2019,11,0.000411985,IMD GRID MODEL
Uttarakhand,Pauri Garhwal,2019-11-30,2019,11,0,IMD GRID MODEL
Uttarakhand,Pauri Garhwal,2019-12-02,2019,12,0,IMD GRID MODEL
Uttarakhand,Pauri Garhwal,2019-12-03,2019,12,0,IMD GRID MODEL
Uttarakhand,Pauri Garhwal,2019-12-12,2019,12,0.475170558,IMD GRID MODEL
Uttarakhand,Pauri Garhwal,2019-12-15,2019,12,1.045626317,IMD GRID MODEL
Uttarakhand,Pauri Garhwal,2019-12-27,2019,12,0,IMD GRID MODEL
Uttarakhand,Pauri Garhwal,2019-12-28,2019,12,0,IMD GRID MODEL
Uttarakhand,Pauri Garhwal,2019-12-29,2019,12,0,IMD GRID MODEL
Uttarakhand,Pauri Garhwal,2019-12-30,2019,12,0,IMD GRID MODEL
Uttarakhand,Pithoragarh,2019-01-08,2019,01,7.102455104,IMD GRID MODEL
Uttarakhand,Pithoragarh,2019-01-16,2019,01,0,IMD GRID MODEL
Uttarakhand,Pithoragarh,2019-01-19,2019,01,0,IMD GRID MODEL
Uttarakhand,Pithoragarh,2019-02-08,2019,02,26.26003137,IMD GRID MODEL
Uttarakhand,Pithoragarh,2019-02-09,2019,02,4.32570214,IMD GRID MODEL
Uttarakhand,Pithoragarh,2019-02-11,2019,02,0,IMD GRID MODEL
Uttarakhand,Pithoragarh,2019-02-12,2019,02,0,IMD GRID MODEL
Uttarakhand,Pithoragarh,2019-02-13,2019,02,0,IMD GRID MODEL
Uttarakhand,Pithoragarh,2019-02-17,2019,02,12.47467606,IMD GRID MODEL
Uttarakhand,Pithoragarh,2019-02-20,2019,02,0.658334498,IMD GRID MODEL
Uttarakhand,Pithoragarh,2019-02-23,2019,02,0.973359406,IMD GRID MODEL
Uttarakhand,Pithoragarh,2019-02-26,2019,02,3.501441414,IMD GRID MODEL
Uttarakhand,Pithoragarh,2019-03-07,2019,03,0,IMD GRID MODEL
Uttarakhand,Pithoragarh,2019-03-09,2019,03,0,IMD GRID MODEL
Uttarakhand,Pithoragarh,2019-03-15,2019,03,15.38183151,IMD GRID MODEL
Uttarakhand,Pithoragarh,2019-03-24,2019,03,0,IMD GRID MODEL
Uttarakhand,Pithoragarh,2019-03-30,2019,03,9.205717479,IMD GRID MODEL
Uttarakhand,Pithoragarh,2019-04-06,2019,04,4.074323859,IMD GRID MODEL
Uttarakhand,Pithoragarh,2019-04-20,2019,04,0.92489776,IMD GRID MODEL
Uttarakhand,Pithoragarh,2019-04-27,2019,04,1.188126248,IMD GRID MODEL
Uttarakhand,Pithoragarh,2019-05-04,2019,05,1.988257219,IMD GRID MODEL
Uttarakhand,Pithoragarh,2019-05-05,2019,05,0,IMD GRID MODEL
Uttarakhand,Pithoragarh,2019-05-08,2019,05,0,IMD GRID MODEL
Uttarakhand,Pithoragarh,2019-05-09,2019,05,0,IMD GRID MODEL
Uttarakhand,Pithoragarh,2019-05-15,2019,05,2.638900151,IMD GRID MODEL
Uttarakhand,Pithoragarh,2019-05-22,2019,05,0.000547005,IMD GRID MODEL
Uttarakhand,Pithoragarh,2019-05-31,2019,05,0.209743651,IMD GRID MODEL
Uttarakhand,Pithoragarh,2019-06-09,2019,06,14.775109,IMD GRID MODEL
Uttarakhand,Pithoragarh,2019-06-12,2019,06,12.8393707,IMD GRID MODEL
Uttarakhand,Pithoragarh,2019-06-13,2019,06,0.743392156,IMD GRID MODEL
Uttarakhand,Pithoragarh,2019-06-19,2019,06,0.032670851,IMD GRID MODEL
Uttarakhand,Pithoragarh,2019-06-20,2019,06,3.954673388,IMD GRID MODEL
Uttarakhand,Pithoragarh,2019-06-22,2019,06,16.08849938,IMD GRID MODEL
Uttarakhand,Pithoragarh,2019-06-23,2019,06,1.851246022,IMD GRID MODEL
Uttarakhand,Pithoragarh,2019-06-29,2019,06,0.123722624,IMD GRID MODEL
Uttarakhand,Pithoragarh,2019-07-10,2019,07,10.10669588,IMD GRID MODEL
Uttarakhand,Pithoragarh,2019-07-16,2019,07,27.8531167,IMD GRID MODEL
Uttarakhand,Pithoragarh,2019-07-17,2019,07,22.10977779,IMD GRID MODEL
Uttarakhand,Pithoragarh,2019-07-25,2019,07,38.65319173,IMD GRID MODEL
Uttarakhand,Pithoragarh,2019-07-28,2019,07,1.163735521,IMD GRID MODEL
Uttarakhand,Pithoragarh,2019-08-01,2019,08,6.6046311,IMD GRID MODEL
Uttarakhand,Pithoragarh,2019-08-04,2019,08,3.913541839,IMD GRID MODEL
Uttarakhand,Pithoragarh,2019-08-07,2019,08,23.49641041,IMD GRID MODEL
Uttarakhand,Pithoragarh,2019-08-11,2019,08,14.41670219,IMD GRID MODEL
Uttarakhand,Pithoragarh,2019-08-13,2019,08,4.645210074,IMD GRID MODEL
Uttarakhand,Pithoragarh,2019-08-15,2019,08,19.56735404,IMD GRID MODEL
Uttarakhand,Pithoragarh,2019-08-17,2019,08,13.60418397,IMD GRID MODEL
Uttarakhand,Pithoragarh,2019-08-22,2019,08,10.71505917,IMD GRID MODEL
Uttarakhand,Pithoragarh,2019-08-25,2019,08,18.88710359,IMD GRID MODEL
Uttarakhand,Pithoragarh,2019-08-29,2019,08,4.361463479,IMD GRID MODEL
Uttarakhand,Pithoragarh,2019-09-08,2019,09,23.37703545,IMD GRID MODEL
Uttarakhand,Pithoragarh,2019-09-14,2019,09,15.58984325,IMD GRID MODEL
Uttarakhand,Almora,2019-10-25,2019,10,0,IMD GRID MODEL
Uttarakhand,Almora,2019-10-29,2019,10,0,IMD GRID MODEL
Uttarakhand,Almora,2019-11-09,2019,11,0,IMD GRID MODEL
Uttarakhand,Almora,2019-11-11,2019,11,0,IMD GRID MODEL
Uttarakhand,Almora,2019-11-14,2019,11,0,IMD GRID MODEL
Uttarakhand,Almora,2019-11-15,2019,11,0,IMD GRID MODEL
Uttarakhand,Almora,2019-11-28,2019,11,0.531976508,IMD GRID MODEL
Uttarakhand,Almora,2019-12-02,2019,12,0,IMD GRID MODEL
Uttarakhand,Almora,2019-12-06,2019,12,0,IMD GRID MODEL
Uttarakhand,Almora,2019-12-13,2019,12,20.73408444,IMD GRID MODEL
Uttarakhand,Almora,2019-12-15,2019,12,0.094382103,IMD GRID MODEL
Uttarakhand,Almora,2019-12-20,2019,12,0,IMD GRID MODEL
Uttarakhand,Almora,2019-12-22,2019,12,0,IMD GRID MODEL
Uttarakhand,Almora,2019-12-29,2019,12,0,IMD GRID MODEL
Uttarakhand,Bageshwar,2019-01-01,2019,01,0,IMD GRID MODEL
Uttarakhand,Bageshwar,2019-01-07,2019,01,5.558804731,IMD GRID MODEL
Uttarakhand,Bageshwar,2019-01-09,2019,01,0,IMD GRID MODEL
Uttarakhand,Bageshwar,2019-01-13,2019,01,0.014018815,IMD GRID MODEL
Uttarakhand,Bageshwar,2019-01-15,2019,01,0,IMD GRID MODEL
Uttarakhand,Bageshwar,2019-01-20,2019,01,0,IMD GRID MODEL
Uttarakhand,Bageshwar,2019-01-21,2019,01,0,IMD GRID MODEL
Uttarakhand,Bageshwar,2019-01-22,2019,01,14.96303826,IMD GRID MODEL
Uttarakhand,Bageshwar,2019-01-30,2019,01,0,IMD GRID MODEL
Uttarakhand,Bageshwar,2019-02-08,2019,02,29.57591051,IMD GRID MODEL
Uttarakhand,Bageshwar,2019-02-15,2019,02,15.79188464,IMD GRID MODEL
Uttarakhand,Bageshwar,2019-02-19,2019,02,18.48993673,IMD GRID MODEL
Uttarakhand,Bageshwar,2019-02-24,2019,02,0,IMD GRID MODEL
Uttarakhand,Bageshwar,2019-02-28,2019,02,24.55257332,IMD GRID MODEL
Uttarakhand,Bageshwar,2019-03-01,2019,03,0.003447082,IMD GRID MODEL
Uttarakhand,Bageshwar,2019-03-15,2019,03,11.16868172,IMD GRID MODEL
Uttarakhand,Bageshwar,2019-03-25,2019,03,0,IMD GRID MODEL
Uttarakhand,Bageshwar,2019-04-07,2019,04,2.538448968,IMD GRID MODEL
Uttarakhand,Bageshwar,2019-04-10,2019,04,0,IMD GRID MODEL
Uttarakhand,Bageshwar,2019-04-15,2019,04,0,IMD GRID MODEL
Uttarakhand,Bageshwar,2019-04-22,2019,04,2.334647419,IMD GRID MODEL
Uttarakhand,Bageshwar,2019-04-23,2019,04,0,IMD GRID MODEL
Uttarakhand,Bageshwar,2019-04-24,2019,04,0,IMD GRID MODEL
Uttarakhand,Bageshwar,2019-04-30,2019,04,0,IMD GRID MODEL
Uttarakhand,Bageshwar,2019-05-03,2019,05,5.018552799,IMD GRID MODEL
Uttarakhand,Bageshwar,2019-05-04,2019,05,3.762473043,IMD GRID MODEL
Uttarakhand,Bageshwar,2019-05-06,2019,05,0,IMD GRID MODEL
Uttarakhand,Bageshwar,2019-05-10,2019,05,0,IMD GRID MODEL
Uttarakhand,Bageshwar,2019-05-13,2019,05,0.296437256,IMD GRID MODEL
Uttarakhand,Bageshwar,2019-05-19,2019,05,0.016061674,IMD GRID MODEL
Uttarakhand,Bageshwar,2019-05-21,2019,05,3.256098393,IMD GRID MODEL
Uttarakhand,Bageshwar,2019-05-23,2019,05,1.045209454,IMD GRID MODEL
Uttarakhand,Bageshwar,2019-05-31,2019,05,0.001826523,IMD GRID MODEL
Uttarakhand,Bageshwar,2019-06-03,2019,06,2.07050303,IMD GRID MODEL
Uttarakhand,Bageshwar,2019-06-07,2019,06,1.944513585,IMD GRID MODEL
Uttarakhand,Bageshwar,2019-06-15,2019,06,0.552501808,IMD GRID MODEL
Uttarakhand,Bageshwar,2019-06-18,2019,06,4.646022422,IMD GRID MODEL
Uttarakhand,Bageshwar,2019-06-20,2019,06,5.809291894,IMD GRID MODEL
Uttarakhand,Bageshwar,2019-06-24,2019,06,4.280844644,IMD GRID MODEL
Uttarakhand,Bageshwar,2019-06-30,2019,06,4.254027064,IMD GRID MODEL
Uttarakhand,Bageshwar,2019-07-03,2019,07,2.372751167,IMD GRID MODEL
Uttarakhand,Bageshwar,2019-07-09,2019,07,27.88553848,IMD GRID MODEL
Uttarakhand,Bageshwar,2019-07-13,2019,07,22.11960435,IMD GRID MODEL
Uttarakhand,Bageshwar,2019-07-20,2019,07,7.86084195,IMD GRID MODEL
Uttarakhand,Bageshwar,2019-07-23,2019,07,2.912416883,IMD GRID MODEL
Uttarakhand,Bageshwar,2019-07-24,2019,07,8.828958282,IMD GRID MODEL
Uttarakhand,Bageshwar,2019-08-03,2019,08,36.85522736,IMD GRID MODEL
Uttarakhand,Bageshwar,2019-08-05,2019,08,40.87121499,IMD GRID MODEL
Uttarakhand,Bageshwar,2019-08-09,2019,08,50.9489379,IMD GRID MODEL
Uttarakhand,Bageshwar,2019-08-15,2019,08,17.88480937,IMD GRID MODEL
Uttarakhand,Bageshwar,2019-08-29,2019,08,2.474456749,IMD GRID MODEL
Uttarakhand,Bageshwar,2019-08-30,2019,08,27.49503245,IMD GRID MODEL
Uttarakhand,Bageshwar,2019-09-05,2019,09,35.39821203,IMD GRID MODEL
Uttarakhand,Bageshwar,2019-09-06,2019,09,21.77297741,IMD GRID MODEL
Uttarakhand,Bageshwar,2019-10-01,2019,10,3.243738126,IMD GRID MODEL
Uttarakhand,Bageshwar,2019-10-02,2019,10,22.30308437,IMD GRID MODEL
Uttarakhand,Bageshwar,2019-10-04,2019,10,5.283422206,IMD GRID MODEL
Uttarakhand,Bageshwar,2019-10-07,2019,10,0,IMD GRID MODEL
Uttarakhand,Bageshwar,2019-10-23,2019,10,0,IMD GRID MODEL
Uttarakhand,Bageshwar,2019-10-27,2019,10,0,IMD GRID MODEL
Uttarakhand,Bageshwar,2019-11-01,2019,11,0,IMD GRID MODEL
Uttarakhand,Bageshwar,2019-11-02,2019,11,0,IMD GRID MODEL
Uttarakhand,Bageshwar,2019-11-04,2019,11,0,IMD GRID MODEL
Uttarakhand,Bageshwar,2019-11-09,2019,11,0,IMD GRID MODEL
Uttarakhand,Bageshwar,2019-11-10,2019,11,0,IMD GRID MODEL
Uttarakhand,Bageshwar,2019-11-12,2019,11,0,IMD GRID MODEL
Uttarakhand,Bageshwar,2019-11-15,2019,11,0,IMD GRID MODEL
Uttarakhand,Bageshwar,2019-11-20,2019,11,0,IMD GRID MODEL
Uttarakhand,Bageshwar,2019-11-23,2019,11,0,IMD GRID MODEL
Uttarakhand,Bageshwar,2019-11-28,2019,11,0.157632518,IMD GRID MODEL
Uttarakhand,Bageshwar,2019-12-02,2019,12,0,IMD GRID MODEL
Uttarakhand,Bageshwar,2019-12-04,2019,12,0,IMD GRID MODEL
Uttarakhand,Bageshwar,2019-12-05,2019,12,0,IMD GRID MODEL
Uttarakhand,Bageshwar,2019-12-11,2019,12,0,IMD GRID MODEL
Uttarakhand,Bageshwar,2019-12-12,2019,12,0.794988161,IMD GRID MODEL
Uttarakhand,Bageshwar,2019-12-14,2019,12,27.43819964,IMD GRID MODEL
Uttarakhand,Bageshwar,2019-12-18,2019,12,0,IMD GRID MODEL
Uttarakhand,Bageshwar,2019-12-23,2019,12,0,IMD GRID MODEL
Uttarakhand,Bageshwar,2019-12-26,2019,12,0,IMD GRID MODEL
Uttarakhand,Bageshwar,2019-12-31,2019,12,0,IMD GRID MODEL
Uttarakhand,Chamoli,2019-01-01,2019,01,0,IMD GRID MODEL
Uttarakhand,Chamoli,2019-01-04,2019,01,1.337850172,IMD GRID MODEL
Uttarakhand,Chamoli,2019-01-05,2019,01,0.336541327,IMD GRID MODEL
Uttarakhand,Chamoli,2019-01-07,2019,01,5.574753204,IMD GRID MODEL
Uttarakhand,Chamoli,2019-01-14,2019,01,0.513522718,IMD GRID MODEL
Uttarakhand,Chamoli,2019-01-20,2019,01,0,IMD GRID MODEL
Uttarakhand,Chamoli,2019-01-23,2019,01,24.26111673,IMD GRID MODEL
Uttarakhand,Chamoli,2019-02-02,2019,02,3.404646445,IMD GRID MODEL
Uttarakhand,Chamoli,2019-02-13,2019,02,0,IMD GRID MODEL
Uttarakhand,Chamoli,2019-02-16,2019,02,12.66501302,IMD GRID MODEL
Uttarakhand,Chamoli,2019-02-19,2019,02,27.49853594,IMD GRID MODEL
Uttarakhand,Chamoli,2019-02-20,2019,02,0.286668596,IMD GRID MODEL
Uttarakhand,Chamoli,2019-02-22,2019,02,13.97021749,IMD GRID MODEL
Uttarakhand,Chamoli,2019-02-24,2019,02,0,IMD GRID MODEL
Uttarakhand,Chamoli,2019-02-25,2019,02,0.816000956,IMD GRID MODEL
Uttarakhand,Chamoli,2019-02-26,2019,02,1.615977551,IMD GRID MODEL
Uttarakhand,Chamoli,2019-03-13,2019,03,0,IMD GRID MODEL
Uttarakhand,Chamoli,2019-03-31,2019,03,1.52694766,IMD GRID MODEL
Uttarakhand,Chamoli,2019-04-02,2019,04,0.697997545,IMD GRID MODEL
Uttarakhand,Chamoli,2019-04-15,2019,04,0,IMD GRID MODEL
Uttarakhand,Chamoli,2019-04-20,2019,04,0.256537349,IMD GRID MODEL
Uttarakhand,Chamoli,2019-04-23,2019,04,0,IMD GRID MODEL
Uttarakhand,Chamoli,2019-04-30,2019,04,0,IMD GRID MODEL
Uttarakhand,Chamoli,2019-05-04,2019,05,1.606206175,IMD GRID MODEL
Uttarakhand,Chamoli,2019-05-14,2019,05,1.92061618,IMD GRID MODEL
Uttarakhand,Chamoli,2019-05-15,2019,05,0.584990357,IMD GRID MODEL
Uttarakhand,Chamoli,2019-05-18,2019,05,3.8691986,IMD GRID MODEL
Uttarakhand,Chamoli,2019-05-23,2019,05,0.442093499,IMD GRID MODEL
Uttarakhand,Chamoli,2019-05-27,2019,05,0,IMD GRID MODEL
Uttarakhand,Chamoli,2019-06-02,2019,06,4.929178669,IMD GRID MODEL
Uttarakhand,Chamoli,2019-06-18,2019,06,3.618597298,IMD GRID MODEL
Uttarakhand,Chamoli,2019-06-19,2019,06,0,IMD GRID MODEL
Uttarakhand,Chamoli,2019-06-23,2019,06,1.971845841,IMD GRID MODEL
Uttarakhand,Chamoli,2019-06-25,2019,06,3.095699645,IMD GRID MODEL
Uttarakhand,Chamoli,2019-06-30,2019,06,0.812898784,IMD GRID MODEL
Uttarakhand,Chamoli,2019-07-01,2019,07,0.373358242,IMD GRID MODEL
Uttarakhand,Chamoli,2019-07-09,2019,07,14.96221106,IMD GRID MODEL
Uttarakhand,Chamoli,2019-07-10,2019,07,12.22288371,IMD GRID MODEL
Uttarakhand,Chamoli,2019-07-17,2019,07,6.850957291,IMD GRID MODEL
Uttarakhand,Chamoli,2019-07-25,2019,07,14.22581753,IMD GRID MODEL
Uttarakhand,Chamoli,2019-08-01,2019,08,7.438459815,IMD GRID MODEL
Uttarakhand,Chamoli,2019-08-09,2019,08,42.12083777,IMD GRID MODEL
Uttarakhand,Chamoli,2019-08-19,2019,08,46.81326782,IMD GRID MODEL
Uttarakhand,Chamoli,2019-08-23,2019,08,3.14334661,IMD GRID MODEL
Uttarakhand,Chamoli,2019-09-01,2019,09,19.68671664,IMD GRID MODEL
Uttarakhand,Chamoli,2019-09-03,2019,09,21.28676581,IMD GRID MODEL
Uttarakhand,Chamoli,2019-09-19,2019,09,4.51990145,IMD GRID MODEL
Uttarakhand,Chamoli,2019-09-20,2019,09,0.543202242,IMD GRID MODEL
Uttarakhand,Chamoli,2019-09-23,2019,09,2.124241692,IMD GRID MODEL
Uttarakhand,Chamoli,2019-09-26,2019,09,12.72212563,IMD GRID MODEL
Uttarakhand,Chamoli,2019-09-28,2019,09,6.823303691,IMD GRID MODEL
Uttarakhand,Chamoli,2019-09-30,2019,09,6.928827425,IMD GRID MODEL
Uttarakhand,Chamoli,2019-10-02,2019,10,8.201080704,IMD GRID MODEL
Uttarakhand,Chamoli,2019-10-11,2019,10,0,IMD GRID MODEL
Uttarakhand,Chamoli,2019-10-20,2019,10,0,IMD GRID MODEL
Uttarakhand,Chamoli,2019-10-22,2019,10,0,IMD GRID MODEL
Uttarakhand,Chamoli,2019-10-23,2019,10,0,IMD GRID MODEL
Uttarakhand,Chamoli,2019-10-24,2019,10,0,IMD GRID MODEL
Uttarakhand,Chamoli,2019-10-26,2019,10,0,IMD GRID MODEL
Uttarakhand,Chamoli,2019-10-31,2019,10,0,IMD GRID MODEL
Uttarakhand,Chamoli,2019-11-02,2019,11,0,IMD GRID MODEL
Uttarakhand,Chamoli,2019-11-04,2019,11,0,IMD GRID MODEL
Uttarakhand,Chamoli,2019-11-08,2019,11,3.615160938,IMD GRID MODEL
Uttarakhand,Chamoli,2019-11-09,2019,11,0,IMD GRID MODEL
Uttarakhand,Chamoli,2019-11-19,2019,11,0,IMD GRID MODEL
Uttarakhand,Chamoli,2019-11-26,2019,11,0,IMD GRID MODEL
Uttarakhand,Chamoli,2019-12-01,2019,12,0,IMD GRID MODEL
Uttarakhand,Chamoli,2019-12-02,2019,12,0,IMD GRID MODEL
Uttarakhand,Chamoli,2019-12-06,2019,12,0,IMD GRID MODEL
Uttarakhand,Chamoli,2019-12-07,2019,12,0,IMD GRID MODEL
Uttarakhand,Chamoli,2019-12-08,2019,12,0,IMD GRID MODEL
Uttarakhand,Chamoli,2019-12-12,2019,12,9.161346614,IMD GRID MODEL
Uttarakhand,Chamoli,2019-12-17,2019,12,0,IMD GRID MODEL
Uttarakhand,Chamoli,2019-12-19,2019,12,0,IMD GRID MODEL
Uttarakhand,Champawat,2019-01-03,2019,01,0,IMD GRID MODEL
Uttarakhand,Champawat,2019-01-12,2019,01,0,IMD GRID MODEL
Uttarakhand,Champawat,2019-01-20,2019,01,0,IMD GRID MODEL
Uttarakhand,Champawat,2019-01-26,2019,01,8.364071971,IMD GRID MODEL
Uttarakhand,Champawat,2019-01-29,2019,01,0.964566279,IMD GRID MODEL
Uttarakhand,Champawat,2019-01-30,2019,01,0,IMD GRID MODEL
Uttarakhand,Champawat,2019-02-03,2019,02,0,IMD GRID MODEL
Uttarakhand,Champawat,2019-02-16,2019,02,11.26960806,IMD GRID MODEL
Uttarakhand,Champawat,2019-03-03,2019,03,4.675508553,IMD GRID MODEL
Uttarakhand,Champawat,2019-03-05,2019,03,2.41856464,IMD GRID MODEL
Uttarakhand,Champawat,2019-03-10,2019,03,0,IMD GRID MODEL
Uttarakhand,Champawat,2019-03-18,2019,03,0,IMD GRID MODEL
Uttarakhand,Champawat,2019-03-19,2019,03,0.003075425,IMD GRID MODEL
Uttarakhand,Champawat,2019-03-25,2019,03,0,IMD GRID MODEL
Uttarakhand,Champawat,2019-04-04,2019,04,0,IMD GRID MODEL
Uttarakhand,Champawat,2019-04-05,2019,04,0,IMD GRID MODEL
Uttarakhand,Champawat,2019-04-07,2019,04,3.071901538,IMD GRID MODEL
Uttarakhand,Champawat,2019-04-15,2019,04,0,IMD GRID MODEL
Uttarakhand,Champawat,2019-04-18,2019,04,2.041083928,IMD GRID MODEL
Uttarakhand,Champawat,2019-04-30,2019,04,0,IMD GRID MODEL
Uttarakhand,Champawat,2019-05-06,2019,05,0,IMD GRID MODEL
Uttarakhand,Champawat,2019-05-08,2019,05,0,IMD GRID MODEL
Uttarakhand,Champawat,2019-05-18,2019,05,0.866728997,IMD GRID MODEL
Uttarakhand,Champawat,2019-05-21,2019,05,0.287384445,IMD GRID MODEL
Uttarakhand,Champawat,2019-05-28,2019,05,0,IMD GRID MODEL
Uttarakhand,Champawat,2019-05-31,2019,05,0.010987148,IMD GRID MODEL
Uttarakhand,Champawat,2019-06-04,2019,06,1.224827611,IMD GRID MODEL
Uttarakhand,Champawat,2019-06-06,2019,06,0,IMD GRID MODEL
Uttarakhand,Champawat,2019-06-11,2019,06,0,IMD GRID MODEL
Uttarakhand,Champawat,2019-06-12,2019,06,4.863357383,IMD GRID MODEL
Uttarakhand,Champawat,2019-06-30,2019,06,3.425595498,IMD GRID MODEL
Uttarakhand,Champawat,2019-07-03,2019,07,4.455565651,IMD GRID MODEL
Uttarakhand,Champawat,2019-07-15,2019,07,15.78814664,IMD GRID MODEL
Uttarakhand,Champawat,2019-07-16,2019,07,14.28150278,IMD GRID MODEL
Uttarakhand,Pithoragarh,2019-10-06,2019,10,0,IMD GRID MODEL
Uttarakhand,Pithoragarh,2019-10-14,2019,10,0,IMD GRID MODEL
Uttarakhand,Pithoragarh,2019-10-20,2019,10,0,IMD GRID MODEL
Uttarakhand,Pithoragarh,2019-10-23,2019,10,0,IMD GRID MODEL
Uttarakhand,Pithoragarh,2019-10-31,2019,10,0,IMD GRID MODEL
Uttarakhand,Pithoragarh,2019-11-03,2019,11,1.992306581,IMD GRID MODEL
Uttarakhand,Pithoragarh,2019-11-06,2019,11,0,IMD GRID MODEL
Uttarakhand,Pithoragarh,2019-11-08,2019,11,0.75971698,IMD GRID MODEL
Uttarakhand,Pithoragarh,2019-11-10,2019,11,0,IMD GRID MODEL
Uttarakhand,Pithoragarh,2019-11-22,2019,11,0,IMD GRID MODEL
Uttarakhand,Pithoragarh,2019-11-30,2019,11,0.845485063,IMD GRID MODEL
Uttarakhand,Pithoragarh,2019-12-02,2019,12,0,IMD GRID MODEL
Uttarakhand,Pithoragarh,2019-12-15,2019,12,0,IMD GRID MODEL
Uttarakhand,Pithoragarh,2019-12-31,2019,12,0,IMD GRID MODEL
Uttarakhand,Rudra Prayag,2019-01-12,2019,01,0,IMD GRID MODEL
Uttarakhand,Rudra Prayag,2019-01-13,2019,01,1.149932833,IMD GRID MODEL
Uttarakhand,Rudra Prayag,2019-01-17,2019,01,0,IMD GRID MODEL
Uttarakhand,Rudra Prayag,2019-01-24,2019,01,11.77032857,IMD GRID MODEL
Uttarakhand,Rudra Prayag,2019-02-07,2019,02,0,IMD GRID MODEL
Uttarakhand,Rudra Prayag,2019-02-10,2019,02,0,IMD GRID MODEL
Uttarakhand,Rudra Prayag,2019-02-11,2019,02,0,IMD GRID MODEL
Uttarakhand,Rudra Prayag,2019-02-15,2019,02,22.34865515,IMD GRID MODEL
Uttarakhand,Rudra Prayag,2019-03-08,2019,03,0,IMD GRID MODEL
Uttarakhand,Rudra Prayag,2019-03-10,2019,03,0,IMD GRID MODEL
Uttarakhand,Rudra Prayag,2019-03-16,2019,03,0.003150898,IMD GRID MODEL
Uttarakhand,Rudra Prayag,2019-03-27,2019,03,0,IMD GRID MODEL
Uttarakhand,Rudra Prayag,2019-03-28,2019,03,0,IMD GRID MODEL
Uttarakhand,Rudra Prayag,2019-04-02,2019,04,0.194560831,IMD GRID MODEL
Uttarakhand,Rudra Prayag,2019-04-08,2019,04,5.207558833,IMD GRID MODEL
Uttarakhand,Rudra Prayag,2019-04-17,2019,04,8.016224207,IMD GRID MODEL
Uttarakhand,Rudra Prayag,2019-04-23,2019,04,0,IMD GRID MODEL
Uttarakhand,Rudra Prayag,2019-04-24,2019,04,0,IMD GRID MODEL
Uttarakhand,Rudra Prayag,2019-04-29,2019,04,0,IMD GRID MODEL
Uttarakhand,Rudra Prayag,2019-04-30,2019,04,0,IMD GRID MODEL
Uttarakhand,Rudra Prayag,2019-05-01,2019,05,1.062443379,IMD GRID MODEL
Uttarakhand,Rudra Prayag,2019-05-02,2019,05,2.397533284,IMD GRID MODEL
Uttarakhand,Rudra Prayag,2019-05-04,2019,05,3.110182845,IMD GRID MODEL
Uttarakhand,Rudra Prayag,2019-05-08,2019,05,0,IMD GRID MODEL
Uttarakhand,Rudra Prayag,2019-05-11,2019,05,0,IMD GRID MODEL
Uttarakhand,Rudra Prayag,2019-06-02,2019,06,4.508008312,IMD GRID MODEL
Uttarakhand,Rudra Prayag,2019-06-04,2019,06,4.176617454,IMD GRID MODEL
Uttarakhand,Rudra Prayag,2019-06-11,2019,06,0,IMD GRID MODEL
Uttarakhand,Rudra Prayag,2019-06-21,2019,06,1.480629129,IMD GRID MODEL
Uttarakhand,Rudra Prayag,2019-06-25,2019,06,0.736057465,IMD GRID MODEL
Uttarakhand,Rudra Prayag,2019-06-30,2019,06,0.246110257,IMD GRID MODEL
Uttarakhand,Rudra Prayag,2019-07-09,2019,07,20.77713484,IMD GRID MODEL
Uttarakhand,Rudra Prayag,2019-07-18,2019,07,1.928401119,IMD GRID MODEL
Uttarakhand,Rudra Prayag,2019-07-20,2019,07,3.161008859,IMD GRID MODEL
Uttarakhand,Rudra Prayag,2019-07-22,2019,07,0.068166749,IMD GRID MODEL
Uttarakhand,Rudra Prayag,2019-07-26,2019,07,4.620459934,IMD GRID MODEL
Uttarakhand,Rudra Prayag,2019-07-29,2019,07,12.80459333,IMD GRID MODEL
Uttarakhand,Rudra Prayag,2019-08-06,2019,08,40.77652131,IMD GRID MODEL
Uttarakhand,Rudra Prayag,2019-08-08,2019,08,3.746955412,IMD GRID MODEL
Uttarakhand,Rudra Prayag,2019-08-11,2019,08,18.79215317,IMD GRID MODEL
Uttarakhand,Rudra Prayag,2019-08-14,2019,08,23.57025411,IMD GRID MODEL
Uttarakhand,Rudra Prayag,2019-08-18,2019,08,27.61085508,IMD GRID MODEL
Uttarakhand,Rudra Prayag,2019-08-22,2019,08,7.219868214,IMD GRID MODEL
Uttarakhand,Rudra Prayag,2019-08-23,2019,08,3.396122982,IMD GRID MODEL
Uttarakhand,Rudra Prayag,2019-08-27,2019,08,0.126259289,IMD GRID MODEL
Uttarakhand,Rudra Prayag,2019-08-31,2019,08,16.50188863,IMD GRID MODEL
Uttarakhand,Rudra Prayag,2019-09-07,2019,09,5.557233015,IMD GRID MODEL
Uttarakhand,Rudra Prayag,2019-09-09,2019,09,1.259118503,IMD GRID MODEL
Uttarakhand,Rudra Prayag,2019-09-18,2019,09,0.356814013,IMD GRID MODEL
Uttarakhand,Rudra Prayag,2019-09-22,2019,09,2.768757231,IMD GRID MODEL
Uttarakhand,Rudra Prayag,2019-09-24,2019,09,0,IMD GRID MODEL
Uttarakhand,Rudra Prayag,2019-10-01,2019,10,8.656653498,IMD GRID MODEL
Uttarakhand,Rudra Prayag,2019-10-02,2019,10,3.531147845,IMD GRID MODEL
Uttarakhand,Rudra Prayag,2019-10-04,2019,10,6.802490151,IMD GRID MODEL
Uttarakhand,Rudra Prayag,2019-10-05,2019,10,5.011335235,IMD GRID MODEL
Uttarakhand,Rudra Prayag,2019-10-18,2019,10,0,IMD GRID MODEL
Uttarakhand,Rudra Prayag,2019-10-22,2019,10,0,IMD GRID MODEL
Uttarakhand,Rudra Prayag,2019-11-05,2019,11,0,IMD GRID MODEL
Uttarakhand,Rudra Prayag,2019-11-06,2019,11,0,IMD GRID MODEL
Uttarakhand,Rudra Prayag,2019-11-07,2019,11,0,IMD GRID MODEL
Uttarakhand,Rudra Prayag,2019-11-10,2019,11,0,IMD GRID MODEL
Uttarakhand,Rudra Prayag,2019-11-12,2019,11,0,IMD GRID MODEL
Uttarakhand,Rudra Prayag,2019-11-17,2019,11,0,IMD GRID MODEL
Uttarakhand,Rudra Prayag,2019-11-25,2019,11,0,IMD GRID MODEL
Uttarakhand,Rudra Prayag,2019-12-07,2019,12,0,IMD GRID MODEL
Uttarakhand,Rudra Prayag,2019-12-08,2019,12,0,IMD GRID MODEL
Uttarakhand,Rudra Prayag,2019-12-15,2019,12,5.225557593,IMD GRID MODEL
Uttarakhand,Rudra Prayag,2019-12-17,2019,12,0,IMD GRID MODEL
Uttarakhand,Rudra Prayag,2019-12-21,2019,12,0,IMD GRID MODEL
Uttarakhand,Rudra Prayag,2019-12-28,2019,12,0,IMD GRID MODEL
Uttarakhand,Rudra Prayag,2019-02-22,2019,02,6.892245094,IMD GRID MODEL
Uttarakhand,Rudra Prayag,2019-03-05,2019,03,2.063806289,IMD GRID MODEL
Uttarakhand,Rudra Prayag,2019-09-04,2019,09,29.78543086,IMD GRID MODEL
Uttarakhand,Rudra Prayag,2019-11-29,2019,11,12.85926619,IMD GRID MODEL
Uttarakhand,Tehri Garhwal,2019-01-02,2019,01,0,IMD GRID MODEL
Uttarakhand,Tehri Garhwal,2019-01-04,2019,01,0,IMD GRID MODEL
Uttarakhand,Tehri Garhwal,2019-01-06,2019,01,0.41359336,IMD GRID MODEL
Uttarakhand,Tehri Garhwal,2019-01-07,2019,01,6.900733328,IMD GRID MODEL
Uttarakhand,Tehri Garhwal,2019-01-17,2019,01,0,IMD GRID MODEL
Uttarakhand,Tehri Garhwal,2019-01-20,2019,01,0,IMD GRID MODEL
Uttarakhand,Tehri Garhwal,2019-01-29,2019,01,0.022350069,IMD GRID MODEL
Uttarakhand,Tehri Garhwal,2019-02-01,2019,02,4.942030607,IMD GRID MODEL
Uttarakhand,Tehri Garhwal,2019-02-02,2019,02,0.950138816,IMD GRID MODEL
Uttarakhand,Tehri Garhwal,2019-02-08,2019,02,40.07686006,IMD GRID MODEL
Uttarakhand,Tehri Garhwal,2019-02-28,2019,02,8.055685908,IMD GRID MODEL
Uttarakhand,Tehri Garhwal,2019-03-06,2019,03,0.067050209,IMD GRID MODEL
Uttarakhand,Tehri Garhwal,2019-03-16,2019,03,0.112047205,IMD GRID MODEL
Uttarakhand,Tehri Garhwal,2019-03-25,2019,03,0,IMD GRID MODEL
Uttarakhand,Tehri Garhwal,2019-03-30,2019,03,8.42e-05,IMD GRID MODEL
Uttarakhand,Tehri Garhwal,2019-04-25,2019,04,4.833884039,IMD GRID MODEL
Uttarakhand,Tehri Garhwal,2019-04-30,2019,04,0,IMD GRID MODEL
Uttarakhand,Tehri Garhwal,2019-05-03,2019,05,3.00270424,IMD GRID MODEL
Uttarakhand,Tehri Garhwal,2019-05-08,2019,05,0,IMD GRID MODEL
Uttarakhand,Tehri Garhwal,2019-05-09,2019,05,0,IMD GRID MODEL
Uttarakhand,Tehri Garhwal,2019-05-15,2019,05,0.987507604,IMD GRID MODEL
Uttarakhand,Tehri Garhwal,2019-05-18,2019,05,0.693000555,IMD GRID MODEL
Uttarakhand,Tehri Garhwal,2019-05-21,2019,05,0,IMD GRID MODEL
Uttarakhand,Tehri Garhwal,2019-05-25,2019,05,2.209722995,IMD GRID MODEL
Uttarakhand,Tehri Garhwal,2019-05-28,2019,05,0,IMD GRID MODEL
Uttarakhand,Tehri Garhwal,2019-05-29,2019,05,0,IMD GRID MODEL
Uttarakhand,Tehri Garhwal,2019-06-06,2019,06,0,IMD GRID MODEL
Uttarakhand,Tehri Garhwal,2019-06-11,2019,06,0,IMD GRID MODEL
Uttarakhand,Tehri Garhwal,2019-06-15,2019,06,1.91e-05,IMD GRID MODEL
Uttarakhand,Tehri Garhwal,2019-06-17,2019,06,0,IMD GRID MODEL
Uttarakhand,Tehri Garhwal,2019-06-19,2019,06,0,IMD GRID MODEL
Uttarakhand,Tehri Garhwal,2019-06-24,2019,06,5.702912224,IMD GRID MODEL
Uttarakhand,Tehri Garhwal,2019-06-25,2019,06,4.069789972,IMD GRID MODEL
Uttarakhand,Tehri Garhwal,2019-06-27,2019,06,3.146374733,IMD GRID MODEL
Uttarakhand,Tehri Garhwal,2019-06-29,2019,06,0,IMD GRID MODEL
Uttarakhand,Tehri Garhwal,2019-06-30,2019,06,2.880789598,IMD GRID MODEL
Uttarakhand,Tehri Garhwal,2019-07-11,2019,07,1.98004619,IMD GRID MODEL
Uttarakhand,Tehri Garhwal,2019-07-15,2019,07,15.52643498,IMD GRID MODEL
Uttarakhand,Tehri Garhwal,2019-07-16,2019,07,14.68109381,IMD GRID MODEL
Uttarakhand,Tehri Garhwal,2019-07-18,2019,07,1.469053025,IMD GRID MODEL
Uttarakhand,Tehri Garhwal,2019-07-20,2019,07,2.524048949,IMD GRID MODEL
Uttarakhand,Tehri Garhwal,2019-07-22,2019,07,0.355489611,IMD GRID MODEL
Uttarakhand,Tehri Garhwal,2019-07-25,2019,07,25.13613692,IMD GRID MODEL
Uttarakhand,Tehri Garhwal,2019-07-26,2019,07,8.145430719,IMD GRID MODEL
Uttarakhand,Tehri Garhwal,2019-07-29,2019,07,10.81567567,IMD GRID MODEL
Uttarakhand,Tehri Garhwal,2019-08-02,2019,08,10.75270652,IMD GRID MODEL
Uttarakhand,Tehri Garhwal,2019-08-04,2019,08,4.575002333,IMD GRID MODEL
Uttarakhand,Tehri Garhwal,2019-08-14,2019,08,18.37635144,IMD GRID MODEL
Uttarakhand,Tehri Garhwal,2019-08-21,2019,08,1.330606178,IMD GRID MODEL
Uttarakhand,Tehri Garhwal,2019-08-24,2019,08,0.005854518,IMD GRID MODEL
Uttarakhand,Tehri Garhwal,2019-08-26,2019,08,14.39731718,IMD GRID MODEL
Uttarakhand,Tehri Garhwal,2019-09-06,2019,09,1.936349073,IMD GRID MODEL
Uttarakhand,Tehri Garhwal,2019-09-16,2019,09,0.18584876,IMD GRID MODEL
Uttarakhand,Tehri Garhwal,2019-09-19,2019,09,0.751867839,IMD GRID MODEL
Uttarakhand,Tehri Garhwal,2019-09-24,2019,09,0,IMD GRID MODEL
Uttarakhand,Tehri Garhwal,2019-09-30,2019,09,16.85280005,IMD GRID MODEL
Uttarakhand,Tehri Garhwal,2019-10-08,2019,10,0.00353795,IMD GRID MODEL
Uttarakhand,Tehri Garhwal,2019-10-13,2019,10,0,IMD GRID MODEL
Uttarakhand,Tehri Garhwal,2019-10-16,2019,10,0.001137911,IMD GRID MODEL
Uttarakhand,Tehri Garhwal,2019-10-17,2019,10,0,IMD GRID MODEL
Uttarakhand,Tehri Garhwal,2019-10-20,2019,10,0,IMD GRID MODEL
Uttarakhand,Tehri Garhwal,2019-10-23,2019,10,0,IMD GRID MODEL
Uttarakhand,Tehri Garhwal,2019-10-28,2019,10,0,IMD GRID MODEL
Uttarakhand,Tehri Garhwal,2019-11-05,2019,11,0,IMD GRID MODEL
Uttarakhand,Tehri Garhwal,2019-11-09,2019,11,0,IMD GRID MODEL
Uttarakhand,Tehri Garhwal,2019-11-11,2019,11,0,IMD GRID MODEL
Uttarakhand,Tehri Garhwal,2019-11-13,2019,11,0,IMD GRID MODEL
Uttarakhand,Tehri Garhwal,2019-11-27,2019,11,1.267251551,IMD GRID MODEL
Uttarakhand,Tehri Garhwal,2019-11-28,2019,11,19.07754345,IMD GRID MODEL
Uttarakhand,Tehri Garhwal,2019-11-29,2019,11,10.33982463,IMD GRID MODEL
Uttarakhand,Tehri Garhwal,2019-12-02,2019,12,0,IMD GRID MODEL
Uttarakhand,Tehri Garhwal,2019-12-07,2019,12,0,IMD GRID MODEL
Uttarakhand,Tehri Garhwal,2019-12-17,2019,12,0,IMD GRID MODEL
Uttarakhand,Tehri Garhwal,2019-12-19,2019,12,0,IMD GRID MODEL
Uttarakhand,Tehri Garhwal,2019-12-22,2019,12,0,IMD GRID MODEL
Uttarakhand,Tehri Garhwal,2019-12-26,2019,12,0,IMD GRID MODEL
Uttarakhand,Tehri Garhwal,2019-12-31,2019,12,0,IMD GRID MODEL
Uttarakhand,Udam Singh Nagar,2019-01-04,2019,01,0,IMD GRID MODEL
Uttarakhand,Udam Singh Nagar,2019-01-08,2019,01,0,IMD GRID MODEL
Uttarakhand,Udam Singh Nagar,2019-01-12,2019,01,0,IMD GRID MODEL
Uttarakhand,Udam Singh Nagar,2019-01-13,2019,01,0,IMD GRID MODEL
Uttarakhand,Udam Singh Nagar,2019-01-26,2019,01,3.036075748,IMD GRID MODEL
Uttarakhand,Udam Singh Nagar,2019-01-27,2019,01,0.096542605,IMD GRID MODEL
Uttarakhand,Udam Singh Nagar,2019-02-01,2019,02,0,IMD GRID MODEL
Uttarakhand,Udam Singh Nagar,2019-02-02,2019,02,0,IMD GRID MODEL
Uttarakhand,Udam Singh Nagar,2019-02-16,2019,02,14.19161916,IMD GRID MODEL
Uttarakhand,Udam Singh Nagar,2019-02-23,2019,02,0.161225141,IMD GRID MODEL
Uttarakhand,Udam Singh Nagar,2019-02-24,2019,02,0,IMD GRID MODEL
Uttarakhand,Udam Singh Nagar,2019-03-08,2019,03,0.000779828,IMD GRID MODEL
Uttarakhand,Udam Singh Nagar,2019-03-09,2019,03,0,IMD GRID MODEL
Uttarakhand,Udam Singh Nagar,2019-03-15,2019,03,2.602648937,IMD GRID MODEL
Uttarakhand,Udam Singh Nagar,2019-03-18,2019,03,0,IMD GRID MODEL
Uttarakhand,Udam Singh Nagar,2019-03-26,2019,03,0,IMD GRID MODEL
Uttarakhand,Udam Singh Nagar,2019-04-02,2019,04,0.013328587,IMD GRID MODEL
Uttarakhand,Udam Singh Nagar,2019-04-03,2019,04,0,IMD GRID MODEL
Uttarakhand,Udam Singh Nagar,2019-04-12,2019,04,0,IMD GRID MODEL
Uttarakhand,Udam Singh Nagar,2019-04-29,2019,04,0,IMD GRID MODEL
Uttarakhand,Udam Singh Nagar,2019-05-05,2019,05,0,IMD GRID MODEL
Uttarakhand,Udam Singh Nagar,2019-05-06,2019,05,0,IMD GRID MODEL
Uttarakhand,Udam Singh Nagar,2019-05-19,2019,05,0.454873186,IMD GRID MODEL
Uttarakhand,Udam Singh Nagar,2019-05-27,2019,05,0,IMD GRID MODEL
Uttarakhand,Udam Singh Nagar,2019-05-28,2019,05,0,IMD GRID MODEL
Uttarakhand,Udam Singh Nagar,2019-05-29,2019,05,0,IMD GRID MODEL
Uttarakhand,Udam Singh Nagar,2019-05-31,2019,05,0,IMD GRID MODEL
Uttarakhand,Udam Singh Nagar,2019-06-14,2019,06,0,IMD GRID MODEL
Uttarakhand,Udam Singh Nagar,2019-06-20,2019,06,0,IMD GRID MODEL
Uttarakhand,Udam Singh Nagar,2019-06-23,2019,06,10.1042748,IMD GRID MODEL
Uttarakhand,Udam Singh Nagar,2019-07-07,2019,07,1.081925786,IMD GRID MODEL
Uttarakhand,Udam Singh Nagar,2019-07-10,2019,07,14.08017627,IMD GRID MODEL
Uttarakhand,Nainital,2019-01-19,2019,01,0,IMD GRID MODEL
Uttarakhand,Nainital,2019-01-23,2019,01,7.528769768,IMD GRID MODEL
Uttarakhand,Nainital,2019-01-31,2019,01,0,IMD GRID MODEL
Uttarakhand,Nainital,2019-02-01,2019,02,0,IMD GRID MODEL
Uttarakhand,Nainital,2019-02-05,2019,02,0,IMD GRID MODEL
Uttarakhand,Nainital,2019-02-11,2019,02,0,IMD GRID MODEL
Uttarakhand,Nainital,2019-02-12,2019,02,0,IMD GRID MODEL
Uttarakhand,Nainital,2019-02-27,2019,02,11.02584127,IMD GRID MODEL
Uttarakhand,Nainital,2019-03-01,2019,03,0.027986357,IMD GRID MODEL
Uttarakhand,Nainital,2019-03-04,2019,03,0,IMD GRID MODEL
Uttarakhand,Nainital,2019-03-07,2019,03,0,IMD GRID MODEL
Uttarakhand,Nainital,2019-03-17,2019,03,0,IMD GRID MODEL
Uttarakhand,Nainital,2019-03-28,2019,03,0,IMD GRID MODEL
Uttarakhand,Nainital,2019-04-07,2019,04,2.27404754,IMD GRID MODEL
Uttarakhand,Nainital,2019-04-12,2019,04,0,IMD GRID MODEL
Uttarakhand,Nainital,2019-04-13,2019,04,0,IMD GRID MODEL
Uttarakhand,Nainital,2019-04-15,2019,04,0,IMD GRID MODEL
Uttarakhand,Nainital,2019-05-01,2019,05,0.016520207,IMD GRID MODEL
Uttarakhand,Nainital,2019-05-02,2019,05,1.031169395,IMD GRID MODEL
Uttarakhand,Nainital,2019-05-16,2019,05,1.900632321,IMD GRID MODEL
Uttarakhand,Nainital,2019-05-20,2019,05,0,IMD GRID MODEL
Uttarakhand,Nainital,2019-05-21,2019,05,0,IMD GRID MODEL
Uttarakhand,Nainital,2019-06-04,2019,06,0.704648351,IMD GRID MODEL
Uttarakhand,Nainital,2019-06-11,2019,06,0,IMD GRID MODEL
Uttarakhand,Nainital,2019-06-12,2019,06,13.97923783,IMD GRID MODEL
Uttarakhand,Nainital,2019-06-14,2019,06,0,IMD GRID MODEL
Uttarakhand,Nainital,2019-06-17,2019,06,0,IMD GRID MODEL
Uttarakhand,Nainital,2019-06-18,2019,06,4.645356319,IMD GRID MODEL
Uttarakhand,Nainital,2019-06-20,2019,06,0.239066679,IMD GRID MODEL
Uttarakhand,Nainital,2019-06-26,2019,06,14.71151834,IMD GRID MODEL
Uttarakhand,Nainital,2019-07-02,2019,07,0.4783572,IMD GRID MODEL
Uttarakhand,Nainital,2019-07-16,2019,07,17.61536602,IMD GRID MODEL
Uttarakhand,Nainital,2019-07-17,2019,07,18.8720087,IMD GRID MODEL
Uttarakhand,Nainital,2019-07-18,2019,07,3.481371952,IMD GRID MODEL
Uttarakhand,Nainital,2019-07-22,2019,07,12.56801004,IMD GRID MODEL
Uttarakhand,Nainital,2019-07-24,2019,07,0.474865578,IMD GRID MODEL
Uttarakhand,Nainital,2019-08-08,2019,08,0.81463386,IMD GRID MODEL
Uttarakhand,Nainital,2019-08-12,2019,08,18.60804358,IMD GRID MODEL
Uttarakhand,Nainital,2019-08-18,2019,08,47.39134512,IMD GRID MODEL
Uttarakhand,Nainital,2019-08-19,2019,08,38.14647665,IMD GRID MODEL
Uttarakhand,Nainital,2019-08-21,2019,08,1.055609653,IMD GRID MODEL
Uttarakhand,Nainital,2019-08-23,2019,08,8.020501937,IMD GRID MODEL
Uttarakhand,Nainital,2019-08-30,2019,08,12.0373491,IMD GRID MODEL
Uttarakhand,Nainital,2019-09-09,2019,09,0.127507314,IMD GRID MODEL
Uttarakhand,Nainital,2019-09-14,2019,09,16.32662134,IMD GRID MODEL
Uttarakhand,Nainital,2019-09-17,2019,09,7.429153269,IMD GRID MODEL
Uttarakhand,Nainital,2019-09-21,2019,09,0.419716927,IMD GRID MODEL
Uttarakhand,Nainital,2019-09-23,2019,09,5.529568907,IMD GRID MODEL
Uttarakhand,Nainital,2019-09-26,2019,09,4.486036023,IMD GRID MODEL
Uttarakhand,Nainital,2019-09-28,2019,09,7.721598315,IMD GRID MODEL
Uttarakhand,Nainital,2019-09-29,2019,09,27.37079291,IMD GRID MODEL
Uttarakhand,Nainital,2019-10-05,2019,10,0.089650007,IMD GRID MODEL
Uttarakhand,Nainital,2019-10-07,2019,10,0,IMD GRID MODEL
Uttarakhand,Nainital,2019-10-10,2019,10,3.730170238,IMD GRID MODEL
Uttarakhand,Nainital,2019-10-14,2019,10,0,IMD GRID MODEL
Uttarakhand,Nainital,2019-10-15,2019,10,0,IMD GRID MODEL
Uttarakhand,Nainital,2019-10-18,2019,10,0,IMD GRID MODEL
Uttarakhand,Nainital,2019-10-28,2019,10,0,IMD GRID MODEL
Uttarakhand,Nainital,2019-10-30,2019,10,0,IMD GRID MODEL
Uttarakhand,Nainital,2019-11-01,2019,11,0,IMD GRID MODEL
Uttarakhand,Nainital,2019-11-02,2019,11,0,IMD GRID MODEL
Uttarakhand,Nainital,2019-11-06,2019,11,0,IMD GRID MODEL
Uttarakhand,Nainital,2019-11-07,2019,11,0,IMD GRID MODEL
Uttarakhand,Nainital,2019-11-13,2019,11,0,IMD GRID MODEL
Uttarakhand,Nainital,2019-11-20,2019,11,0,IMD GRID MODEL
Uttarakhand,Nainital,2019-11-21,2019,11,0,IMD GRID MODEL
Uttarakhand,Nainital,2019-11-22,2019,11,0,IMD GRID MODEL
Uttarakhand,Nainital,2019-11-28,2019,11,0.660609899,IMD GRID MODEL
Uttarakhand,Nainital,2019-12-02,2019,12,0,IMD GRID MODEL
Uttarakhand,Nainital,2019-12-03,2019,12,0,IMD GRID MODEL
Uttarakhand,Nainital,2019-12-19,2019,12,0,IMD GRID MODEL
Uttarakhand,Nainital,2019-12-23,2019,12,0,IMD GRID MODEL
Uttarakhand,Pauri Garhwal,2019-01-01,2019,01,0,IMD GRID MODEL
Uttarakhand,Pauri Garhwal,2019-01-08,2019,01,0,IMD GRID MODEL
Uttarakhand,Pauri Garhwal,2019-01-09,2019,01,0,IMD GRID MODEL
Uttarakhand,Pauri Garhwal,2019-01-10,2019,01,0,IMD GRID MODEL
Uttarakhand,Pauri Garhwal,2019-01-11,2019,01,0,IMD GRID MODEL
Uttarakhand,Pauri Garhwal,2019-01-12,2019,01,0,IMD GRID MODEL
Uttarakhand,Pauri Garhwal,2019-01-13,2019,01,0.01823911,IMD GRID MODEL
Uttarakhand,Pauri Garhwal,2019-01-28,2019,01,0.08687997,IMD GRID MODEL
Uttarakhand,Pauri Garhwal,2019-02-06,2019,02,0,IMD GRID MODEL
Uttarakhand,Pauri Garhwal,2019-02-16,2019,02,15.2333863,IMD GRID MODEL
Uttarakhand,Pauri Garhwal,2019-02-20,2019,02,0.176606486,IMD GRID MODEL
Uttarakhand,Pauri Garhwal,2019-02-22,2019,02,0.346141448,IMD GRID MODEL
Uttarakhand,Pauri Garhwal,2019-02-23,2019,02,0.021885658,IMD GRID MODEL
Uttarakhand,Pauri Garhwal,2019-02-24,2019,02,0,IMD GRID MODEL
Uttarakhand,Pauri Garhwal,2019-02-25,2019,02,0,IMD GRID MODEL
Uttarakhand,Pauri Garhwal,2019-02-27,2019,02,10.94863611,IMD GRID MODEL
Uttarakhand,Pauri Garhwal,2019-03-05,2019,03,1.713029141,IMD GRID MODEL
Uttarakhand,Pauri Garhwal,2019-03-13,2019,03,0,IMD GRID MODEL
Uttarakhand,Pauri Garhwal,2019-03-15,2019,03,4.67509989,IMD GRID MODEL
Uttarakhand,Pauri Garhwal,2019-03-18,2019,03,0.104452996,IMD GRID MODEL
Uttarakhand,Pauri Garhwal,2019-03-19,2019,03,0.138061729,IMD GRID MODEL
Uttarakhand,Pauri Garhwal,2019-03-25,2019,03,0,IMD GRID MODEL
Uttarakhand,Pauri Garhwal,2019-03-26,2019,03,2.69797939,IMD GRID MODEL
Uttarakhand,Pauri Garhwal,2019-04-15,2019,04,0,IMD GRID MODEL
Uttarakhand,Pauri Garhwal,2019-04-16,2019,04,0,IMD GRID MODEL
Uttarakhand,Pauri Garhwal,2019-04-20,2019,04,0.000405636,IMD GRID MODEL
Uttarakhand,Pauri Garhwal,2019-04-26,2019,04,0.304894694,IMD GRID MODEL
Uttarakhand,Pauri Garhwal,2019-04-29,2019,04,0,IMD GRID MODEL
Uttarakhand,Pauri Garhwal,2019-04-30,2019,04,0,IMD GRID MODEL
Uttarakhand,Pauri Garhwal,2019-05-07,2019,05,0,IMD GRID MODEL
Uttarakhand,Pauri Garhwal,2019-05-10,2019,05,0,IMD GRID MODEL
Uttarakhand,Pauri Garhwal,2019-06-05,2019,06,0.084370223,IMD GRID MODEL
Uttarakhand,Pauri Garhwal,2019-06-10,2019,06,0,IMD GRID MODEL
Uttarakhand,Pauri Garhwal,2019-06-18,2019,06,3.092219751,IMD GRID MODEL
Uttarakhand,Pauri Garhwal,2019-06-20,2019,06,2.640794145,IMD GRID MODEL
Uttarakhand,Pauri Garhwal,2019-06-21,2019,06,0.227191868,IMD GRID MODEL
Uttarakhand,Pauri Garhwal,2019-06-22,2019,06,3.369417158,IMD GRID MODEL
Uttarakhand,Pauri Garhwal,2019-07-01,2019,07,1.012014133,IMD GRID MODEL
Uttarakhand,Pauri Garhwal,2019-07-02,2019,07,1.989924154,IMD GRID MODEL
Uttarakhand,Pauri Garhwal,2019-07-06,2019,07,4.06067439,IMD GRID MODEL
Uttarakhand,Pauri Garhwal,2019-07-12,2019,07,7.414528956,IMD GRID MODEL
Uttarakhand,Pauri Garhwal,2019-07-18,2019,07,1.475618069,IMD GRID MODEL
Uttarakhand,Pauri Garhwal,2019-07-30,2019,07,12.54934447,IMD GRID MODEL
Uttarakhand,Pauri Garhwal,2019-08-07,2019,08,9.009081438,IMD GRID MODEL
Uttarakhand,Pauri Garhwal,2019-08-23,2019,08,2.108843516,IMD GRID MODEL
Uttarakhand,Pauri Garhwal,2019-09-04,2019,09,10.15198598,IMD GRID MODEL
Uttarakhand,Pauri Garhwal,2019-09-06,2019,09,0.83027017,IMD GRID MODEL
Uttarakhand,Pauri Garhwal,2019-09-14,2019,09,0.727836253,IMD GRID MODEL
Uttarakhand,Pauri Garhwal,2019-09-28,2019,09,9.450714414,IMD GRID MODEL
Uttarakhand,Pauri Garhwal,2019-10-01,2019,10,14.74813572,IMD GRID MODEL
Uttarakhand,Pauri Garhwal,2019-10-12,2019,10,0,IMD GRID MODEL
Uttarakhand,Pauri Garhwal,2019-10-15,2019,10,0,IMD GRID MODEL
Uttarakhand,Pauri Garhwal,2019-10-06,2019,10,0,IMD GRID MODEL
Uttarakhand,Pauri Garhwal,2019-10-19,2019,10,0,IMD GRID MODEL
Uttarakhand,Pauri Garhwal,2019-10-27,2019,10,0,IMD GRID MODEL
Uttarakhand,Pauri Garhwal,2019-11-03,2019,11,0,IMD GRID MODEL
Uttarakhand,Pauri Garhwal,2019-11-08,2019,11,1.125296912,IMD GRID MODEL
Uttarakhand,Pauri Garhwal,2019-11-09,2019,11,0,IMD GRID MODEL
Uttarakhand,Pauri Garhwal,2019-11-10,2019,11,0,IMD GRID MODEL
Uttarakhand,Pauri Garhwal,2019-11-17,2019,11,0,IMD GRID MODEL
Uttarakhand,Pauri Garhwal,2019-11-21,2019,11,0,IMD GRID MODEL
Uttarakhand,Pauri Garhwal,2019-11-26,2019,11,0,IMD GRID MODEL
Uttarakhand,Pauri Garhwal,2019-11-29,2019,11,10.877258,IMD GRID MODEL
Uttarakhand,Pauri Garhwal,2019-12-01,2019,12,0,IMD GRID MODEL
Uttarakhand,Pauri Garhwal,2019-12-09,2019,12,0,IMD GRID MODEL
Uttarakhand,Pauri Garhwal,2019-12-11,2019,12,0,IMD GRID MODEL
Uttarakhand,Pauri Garhwal,2019-12-13,2019,12,23.87941895,IMD GRID MODEL
Uttarakhand,Pauri Garhwal,2019-12-17,2019,12,0,IMD GRID MODEL
Uttarakhand,Pauri Garhwal,2019-12-24,2019,12,0,IMD GRID MODEL
Uttarakhand,Pithoragarh,2019-01-07,2019,01,1.717762952,IMD GRID MODEL
Uttarakhand,Pithoragarh,2019-01-10,2019,01,0,IMD GRID MODEL
Uttarakhand,Pithoragarh,2019-01-11,2019,01,0,IMD GRID MODEL
Uttarakhand,Pithoragarh,2019-01-22,2019,01,23.66879255,IMD GRID MODEL
Uttarakhand,Pithoragarh,2019-01-24,2019,01,17.46561308,IMD GRID MODEL
Uttarakhand,Pithoragarh,2019-01-25,2019,01,12.86314915,IMD GRID MODEL
Uttarakhand,Pithoragarh,2019-01-26,2019,01,24.364511,IMD GRID MODEL
Uttarakhand,Pithoragarh,2019-01-28,2019,01,4.102933094,IMD GRID MODEL
Uttarakhand,Pithoragarh,2019-01-29,2019,01,0.529518017,IMD GRID MODEL
Uttarakhand,Pithoragarh,2019-01-30,2019,01,0,IMD GRID MODEL
Uttarakhand,Pithoragarh,2019-02-03,2019,02,0,IMD GRID MODEL
Uttarakhand,Pithoragarh,2019-02-07,2019,02,0.033346127,IMD GRID MODEL
Uttarakhand,Pithoragarh,2019-02-25,2019,02,2.676766821,IMD GRID MODEL
Uttarakhand,Pithoragarh,2019-02-27,2019,02,7.398212886,IMD GRID MODEL
Uttarakhand,Pithoragarh,2019-03-02,2019,03,0,IMD GRID MODEL
Uttarakhand,Pithoragarh,2019-03-14,2019,03,0,IMD GRID MODEL
Uttarakhand,Pithoragarh,2019-03-16,2019,03,0,IMD GRID MODEL
Uttarakhand,Pithoragarh,2019-03-20,2019,03,0.638993224,IMD GRID MODEL
Uttarakhand,Pithoragarh,2019-03-21,2019,03,2.794409147,IMD GRID MODEL
Uttarakhand,Pithoragarh,2019-03-27,2019,03,0,IMD GRID MODEL
Uttarakhand,Pithoragarh,2019-03-29,2019,03,0,IMD GRID MODEL
Uttarakhand,Pithoragarh,2019-04-08,2019,04,2.605375762,IMD GRID MODEL
Uttarakhand,Pithoragarh,2019-04-10,2019,04,0,IMD GRID MODEL
Uttarakhand,Pithoragarh,2019-04-11,2019,04,8.818855966,IMD GRID MODEL
Uttarakhand,Pithoragarh,2019-04-18,2019,04,13.59597126,IMD GRID MODEL
Uttarakhand,Pithoragarh,2019-04-21,2019,04,0,IMD GRID MODEL
Uttarakhand,Pithoragarh,2019-04-26,2019,04,4.132418036,IMD GRID MODEL
Uttarakhand,Pithoragarh,2019-04-30,2019,04,0,IMD GRID MODEL
Uttarakhand,Pithoragarh,2019-05-17,2019,05,5.113956897,IMD GRID MODEL
Uttarakhand,Pithoragarh,2019-05-25,2019,05,7.427583392,IMD GRID MODEL
Uttarakhand,Pithoragarh,2019-06-01,2019,06,4.013393899,IMD GRID MODEL
Uttarakhand,Pithoragarh,2019-06-15,2019,06,6.911919624,IMD GRID MODEL
Uttarakhand,Pithoragarh,2019-06-26,2019,06,23.50650664,IMD GRID MODEL
Uttarakhand,Pithoragarh,2019-06-27,2019,06,3.778863957,IMD GRID MODEL
Uttarakhand,Pithoragarh,2019-07-02,2019,07,5.840958476,IMD GRID MODEL
Uttarakhand,Pithoragarh,2019-07-03,2019,07,3.692764459,IMD GRID MODEL
Uttarakhand,Pithoragarh,2019-07-04,2019,07,13.5471796,IMD GRID MODEL
Uttarakhand,Pithoragarh,2019-07-14,2019,07,35.20309257,IMD GRID MODEL
Uttarakhand,Pithoragarh,2019-07-19,2019,07,5.421641853,IMD GRID MODEL
Uttarakhand,Pithoragarh,2019-07-23,2019,07,7.114455994,IMD GRID MODEL
Uttarakhand,Pithoragarh,2019-07-24,2019,07,1.834934876,IMD GRID MODEL
Uttarakhand,Pithoragarh,2019-07-31,2019,07,14.99815432,IMD GRID MODEL
Uttarakhand,Pithoragarh,2019-08-02,2019,08,19.74751211,IMD GRID MODEL
Uttarakhand,Pithoragarh,2019-08-06,2019,08,66.97472252,IMD GRID MODEL
Uttarakhand,Pithoragarh,2019-08-14,2019,08,18.48866645,IMD GRID MODEL
Uttarakhand,Pithoragarh,2019-08-16,2019,08,12.97766585,IMD GRID MODEL
Uttarakhand,Pithoragarh,2019-08-18,2019,08,28.86992285,IMD GRID MODEL
Uttarakhand,Pithoragarh,2019-08-30,2019,08,35.51098463,IMD GRID MODEL
Uttarakhand,Pithoragarh,2019-09-01,2019,09,35.2071268,IMD GRID MODEL
Uttarakhand,Pithoragarh,2019-09-03,2019,09,18.97686797,IMD GRID MODEL
Uttarakhand,Pithoragarh,2019-09-04,2019,09,16.9663459,IMD GRID MODEL
Uttarakhand,Pithoragarh,2019-09-12,2019,09,38.95981359,IMD GRID MODEL
Uttarakhand,Pithoragarh,2019-09-20,2019,09,2.483635272,IMD GRID MODEL
Uttarakhand,Pithoragarh,2019-09-22,2019,09,2.183337815,IMD GRID MODEL
Uttarakhand,Pithoragarh,2019-09-24,2019,09,2.549775082,IMD GRID MODEL
Uttarakhand,Pithoragarh,2019-09-30,2019,09,37.09624714,IMD GRID MODEL
Uttarakhand,Udam Singh Nagar,2019-07-13,2019,07,8.847840785,IMD GRID MODEL
Uttarakhand,Udam Singh Nagar,2019-07-23,2019,07,4.881958262,IMD GRID MODEL
Uttarakhand,Udam Singh Nagar,2019-07-24,2019,07,1.062294191,IMD GRID MODEL
Uttarakhand,Udam Singh Nagar,2019-07-28,2019,07,12.24832494,IMD GRID MODEL
Uttarakhand,Udam Singh Nagar,2019-07-29,2019,07,0.881865113,IMD GRID MODEL
Uttarakhand,Udam Singh Nagar,2019-08-04,2019,08,11.74031942,IMD GRID MODEL
Uttarakhand,Udam Singh Nagar,2019-08-07,2019,08,11.19354666,IMD GRID MODEL
Uttarakhand,Udam Singh Nagar,2019-08-09,2019,08,7.960527763,IMD GRID MODEL
Uttarakhand,Udam Singh Nagar,2019-08-10,2019,08,0.002252836,IMD GRID MODEL
Uttarakhand,Udam Singh Nagar,2019-08-11,2019,08,0,IMD GRID MODEL
Uttarakhand,Udam Singh Nagar,2019-08-13,2019,08,0.326012329,IMD GRID MODEL
Uttarakhand,Udam Singh Nagar,2019-08-14,2019,08,0.511116621,IMD GRID MODEL
Uttarakhand,Udam Singh Nagar,2019-09-01,2019,09,78.63041817,IMD GRID MODEL
Uttarakhand,Udam Singh Nagar,2019-09-04,2019,09,44.52995401,IMD GRID MODEL
Uttarakhand,Udam Singh Nagar,2019-09-10,2019,09,1.021018128,IMD GRID MODEL
Uttarakhand,Udam Singh Nagar,2019-09-11,2019,09,7.597650623,IMD GRID MODEL
Uttarakhand,Udam Singh Nagar,2019-09-19,2019,09,4.200211972,IMD GRID MODEL
Uttarakhand,Udam Singh Nagar,2019-09-23,2019,09,14.31666529,IMD GRID MODEL
Uttarakhand,Udam Singh Nagar,2019-09-25,2019,09,0.239406948,IMD GRID MODEL
Uttarakhand,Udam Singh Nagar,2019-10-02,2019,10,2.134772439,IMD GRID MODEL
Uttarakhand,Udam Singh Nagar,2019-10-04,2019,10,2.481093567,IMD GRID MODEL
Uttarakhand,Udam Singh Nagar,2019-10-05,2019,10,0,IMD GRID MODEL
Uttarakhand,Udam Singh Nagar,2019-10-13,2019,10,0,IMD GRID MODEL
Uttarakhand,Udam Singh Nagar,2019-10-17,2019,10,0,IMD GRID MODEL
Uttarakhand,Udam Singh Nagar,2019-10-18,2019,10,0,IMD GRID MODEL
Uttarakhand,Udam Singh Nagar,2019-10-26,2019,10,0,IMD GRID MODEL
Uttarakhand,Udam Singh Nagar,2019-11-02,2019,11,0,IMD GRID MODEL
Uttarakhand,Udam Singh Nagar,2019-11-15,2019,11,0,IMD GRID MODEL
Uttarakhand,Udam Singh Nagar,2019-11-26,2019,11,0.000173295,IMD GRID MODEL
Uttarakhand,Udam Singh Nagar,2019-11-30,2019,11,0,IMD GRID MODEL
Uttarakhand,Udam Singh Nagar,2019-12-12,2019,12,0,IMD GRID MODEL
Uttarakhand,Udam Singh Nagar,2019-12-14,2019,12,45.14294741,IMD GRID MODEL
Uttarakhand,Udam Singh Nagar,2019-12-15,2019,12,0.531921367,IMD GRID MODEL
Uttarakhand,Udam Singh Nagar,2019-12-17,2019,12,0,IMD GRID MODEL
Uttarakhand,Udam Singh Nagar,2019-12-25,2019,12,0,IMD GRID MODEL
Uttarakhand,Udam Singh Nagar,2019-12-29,2019,12,0,IMD GRID MODEL
Uttarakhand,Udam Singh Nagar,2019-12-30,2019,12,0,IMD GRID MODEL
Uttarakhand,Udam Singh Nagar,2019-01-20,2019,01,0,IMD GRID MODEL
Uttarakhand,Udam Singh Nagar,2019-01-28,2019,01,0,IMD GRID MODEL
Uttarakhand,Udam Singh Nagar,2019-07-05,2019,07,3.724154163,IMD GRID MODEL
Uttarakhand,Udam Singh Nagar,2019-08-25,2019,08,1.24033339,IMD GRID MODEL
Uttarakhand,Udam Singh Nagar,2019-09-17,2019,09,10.03039375,IMD GRID MODEL
Uttarakhand,Udam Singh Nagar,2019-11-13,2019,11,0,IMD GRID MODEL
Uttarakhand,Uttar Kashi,2019-01-06,2019,01,0.947861802,IMD GRID MODEL
Uttarakhand,Uttar Kashi,2019-01-20,2019,01,0,IMD GRID MODEL
Uttarakhand,Uttar Kashi,2019-01-22,2019,01,23.66106482,IMD GRID MODEL
Uttarakhand,Uttar Kashi,2019-01-31,2019,01,3.755303817,IMD GRID MODEL
Uttarakhand,Uttar Kashi,2019-02-04,2019,02,0,IMD GRID MODEL
Uttarakhand,Uttar Kashi,2019-02-09,2019,02,6.256207416,IMD GRID MODEL
Uttarakhand,Uttar Kashi,2019-02-13,2019,02,0.042290837,IMD GRID MODEL
Uttarakhand,Uttar Kashi,2019-02-18,2019,02,3.437143162,IMD GRID MODEL
Uttarakhand,Uttar Kashi,2019-02-19,2019,02,24.26964008,IMD GRID MODEL
Uttarakhand,Uttar Kashi,2019-02-24,2019,02,0.322730794,IMD GRID MODEL
Uttarakhand,Uttar Kashi,2019-03-29,2019,03,0,IMD GRID MODEL
Uttarakhand,Uttar Kashi,2019-04-06,2019,04,0.960783211,IMD GRID MODEL
Uttarakhand,Uttar Kashi,2019-04-13,2019,04,0,IMD GRID MODEL
Uttarakhand,Uttar Kashi,2019-04-15,2019,04,0,IMD GRID MODEL
Uttarakhand,Uttar Kashi,2019-04-23,2019,04,0,IMD GRID MODEL
Uttarakhand,Uttar Kashi,2019-04-30,2019,04,0,IMD GRID MODEL
Uttarakhand,Uttar Kashi,2019-05-01,2019,05,3.887364082,IMD GRID MODEL
Uttarakhand,Uttar Kashi,2019-05-05,2019,05,0.141528287,IMD GRID MODEL
Uttarakhand,Uttar Kashi,2019-05-11,2019,05,0.755351559,IMD GRID MODEL
Uttarakhand,Uttar Kashi,2019-05-15,2019,05,0.942419045,IMD GRID MODEL
Uttarakhand,Uttar Kashi,2019-05-17,2019,05,0.871034806,IMD GRID MODEL
Uttarakhand,Uttar Kashi,2019-05-18,2019,05,0.57884696,IMD GRID MODEL
Uttarakhand,Uttar Kashi,2019-06-08,2019,06,0,IMD GRID MODEL
Uttarakhand,Uttar Kashi,2019-06-15,2019,06,0.061108784,IMD GRID MODEL
Uttarakhand,Uttar Kashi,2019-06-28,2019,06,0.956021993,IMD GRID MODEL
Uttarakhand,Uttar Kashi,2019-07-08,2019,07,10.49988393,IMD GRID MODEL
Uttarakhand,Uttar Kashi,2019-07-13,2019,07,5.065656687,IMD GRID MODEL
Uttarakhand,Uttar Kashi,2019-07-21,2019,07,2.589117131,IMD GRID MODEL
Uttarakhand,Uttar Kashi,2019-07-24,2019,07,12.47854634,IMD GRID MODEL
Uttarakhand,Uttar Kashi,2019-08-02,2019,08,6.882595653,IMD GRID MODEL
Uttarakhand,Uttar Kashi,2019-08-03,2019,08,12.80115519,IMD GRID MODEL
Uttarakhand,Uttar Kashi,2019-08-05,2019,08,7.345984063,IMD GRID MODEL
Uttarakhand,Uttar Kashi,2019-08-06,2019,08,11.32247511,IMD GRID MODEL
Uttarakhand,Uttar Kashi,2019-08-10,2019,08,4.060691048,IMD GRID MODEL
Uttarakhand,Uttar Kashi,2019-08-11,2019,08,12.84517069,IMD GRID MODEL
Uttarakhand,Uttar Kashi,2019-08-15,2019,08,3.105999503,IMD GRID MODEL
Uttarakhand,Uttar Kashi,2019-08-21,2019,08,2.890856461,IMD GRID MODEL
Uttarakhand,Uttar Kashi,2019-08-25,2019,08,7.515573036,IMD GRID MODEL
Uttarakhand,Uttar Kashi,2019-08-30,2019,08,1.095632337,IMD GRID MODEL
Uttarakhand,Uttar Kashi,2019-09-08,2019,09,9.604894998,IMD GRID MODEL
Uttarakhand,Uttar Kashi,2019-09-13,2019,09,4.142478671,IMD GRID MODEL
Uttarakhand,Uttar Kashi,2019-09-23,2019,09,3.341045187,IMD GRID MODEL
Uttarakhand,Uttar Kashi,2019-09-27,2019,09,5.331888927,IMD GRID MODEL
Uttarakhand,Uttar Kashi,2019-09-28,2019,09,8.771416235,IMD GRID MODEL
Uttarakhand,Uttar Kashi,2019-09-30,2019,09,19.36647358,IMD GRID MODEL
Uttarakhand,Uttar Kashi,2019-10-04,2019,10,13.38614551,IMD GRID MODEL
Uttarakhand,Uttar Kashi,2019-10-15,2019,10,0,IMD GRID MODEL
Uttarakhand,Uttar Kashi,2019-10-27,2019,10,0,IMD GRID MODEL
Uttarakhand,Uttar Kashi,2019-10-29,2019,10,0,IMD GRID MODEL
Uttarakhand,Uttar Kashi,2019-11-08,2019,11,6.302854414,IMD GRID MODEL
Uttarakhand,Uttar Kashi,2019-11-15,2019,11,0.272867184,IMD GRID MODEL
Uttarakhand,Uttar Kashi,2019-11-16,2019,11,0.028312679,IMD GRID MODEL
Uttarakhand,Uttar Kashi,2019-11-18,2019,11,0,IMD GRID MODEL
Uttarakhand,Uttar Kashi,2019-11-29,2019,11,7.034436854,IMD GRID MODEL
Uttarakhand,Uttar Kashi,2019-12-04,2019,12,0,IMD GRID MODEL
Uttarakhand,Uttar Kashi,2019-12-15,2019,12,1.882750274,IMD GRID MODEL
Uttarakhand,Uttar Kashi,2019-12-28,2019,12,0,IMD GRID MODEL
Uttarakhand,Uttar Kashi,2019-12-29,2019,12,0,IMD GRID MODEL
Uttarakhand,Champawat,2019-07-20,2019,07,0.155661793,IMD GRID MODEL
Uttarakhand,Champawat,2019-07-24,2019,07,2.875065458,IMD GRID MODEL
Uttarakhand,Champawat,2019-07-26,2019,07,4.269296322,IMD GRID MODEL
Uttarakhand,Champawat,2019-07-30,2019,07,3.09476178,IMD GRID MODEL
Uttarakhand,Champawat,2019-08-06,2019,08,62.26780572,IMD GRID MODEL
Uttarakhand,Champawat,2019-08-11,2019,08,0.338455371,IMD GRID MODEL
Uttarakhand,Champawat,2019-08-18,2019,08,14.27183926,IMD GRID MODEL
Uttarakhand,Champawat,2019-08-19,2019,08,27.67068453,IMD GRID MODEL
Uttarakhand,Champawat,2019-08-28,2019,08,0,IMD GRID MODEL
Uttarakhand,Champawat,2019-09-03,2019,09,5.914547813,IMD GRID MODEL
Uttarakhand,Champawat,2019-09-08,2019,09,7.678043866,IMD GRID MODEL
Uttarakhand,Champawat,2019-09-21,2019,09,0.004100567,IMD GRID MODEL
Uttarakhand,Champawat,2019-09-26,2019,09,5.572410557,IMD GRID MODEL
Uttarakhand,Champawat,2019-10-01,2019,10,2.738124263,IMD GRID MODEL
Uttarakhand,Champawat,2019-10-11,2019,10,0,IMD GRID MODEL
Uttarakhand,Champawat,2019-10-12,2019,10,0,IMD GRID MODEL
Uttarakhand,Champawat,2019-10-13,2019,10,0,IMD GRID MODEL
Uttarakhand,Champawat,2019-10-15,2019,10,0,IMD GRID MODEL
Uttarakhand,Champawat,2019-10-16,2019,10,0,IMD GRID MODEL
Uttarakhand,Champawat,2019-10-20,2019,10,0,IMD GRID MODEL
Uttarakhand,Champawat,2019-10-28,2019,10,0,IMD GRID MODEL
Uttarakhand,Champawat,2019-10-29,2019,10,0,IMD GRID MODEL
Uttarakhand,Champawat,2019-11-12,2019,11,0,IMD GRID MODEL
Uttarakhand,Champawat,2019-11-14,2019,11,0,IMD GRID MODEL
Uttarakhand,Champawat,2019-11-15,2019,11,0,IMD GRID MODEL
Uttarakhand,Champawat,2019-11-16,2019,11,0,IMD GRID MODEL
Uttarakhand,Champawat,2019-11-17,2019,11,0,IMD GRID MODEL
Uttarakhand,Champawat,2019-11-24,2019,11,0,IMD GRID MODEL
Uttarakhand,Champawat,2019-12-02,2019,12,0,IMD GRID MODEL
Uttarakhand,Champawat,2019-12-04,2019,12,0,IMD GRID MODEL
Uttarakhand,Champawat,2019-12-06,2019,12,0,IMD GRID MODEL
Uttarakhand,Champawat,2019-12-11,2019,12,0,IMD GRID MODEL
Uttarakhand,Champawat,2019-12-16,2019,12,0,IMD GRID MODEL
Uttarakhand,Champawat,2019-12-20,2019,12,0,IMD GRID MODEL
Uttarakhand,Champawat,2019-12-21,2019,12,0.004100567,IMD GRID MODEL
Uttarakhand,Champawat,2019-12-25,2019,12,0,IMD GRID MODEL
Uttarakhand,Champawat,2019-12-27,2019,12,0,IMD GRID MODEL
Uttarakhand,Dehradun,2019-01-01,2019,01,0,IMD GRID MODEL
Uttarakhand,Dehradun,2019-01-10,2019,01,0,IMD GRID MODEL
Uttarakhand,Dehradun,2019-01-13,2019,01,0.799671372,IMD GRID MODEL
Uttarakhand,Dehradun,2019-01-31,2019,01,1.365155535,IMD GRID MODEL
Uttarakhand,Dehradun,2019-02-03,2019,02,0,IMD GRID MODEL
Uttarakhand,Dehradun,2019-02-06,2019,02,0,IMD GRID MODEL
Uttarakhand,Dehradun,2019-02-15,2019,02,15.88010453,IMD GRID MODEL
Uttarakhand,Dehradun,2019-02-19,2019,02,19.3508019,IMD GRID MODEL
Uttarakhand,Dehradun,2019-02-22,2019,02,6.29558692,IMD GRID MODEL
Uttarakhand,Dehradun,2019-03-11,2019,03,0,IMD GRID MODEL
Uttarakhand,Dehradun,2019-03-12,2019,03,7.375043799,IMD GRID MODEL
Uttarakhand,Dehradun,2019-03-14,2019,03,0,IMD GRID MODEL
Uttarakhand,Dehradun,2019-03-25,2019,03,0.110482169,IMD GRID MODEL
Uttarakhand,Dehradun,2019-03-29,2019,03,0,IMD GRID MODEL
Uttarakhand,Dehradun,2019-04-05,2019,04,0.622228295,IMD GRID MODEL
Uttarakhand,Dehradun,2019-04-06,2019,04,0.217546637,IMD GRID MODEL
Uttarakhand,Dehradun,2019-04-18,2019,04,12.39618979,IMD GRID MODEL
Uttarakhand,Dehradun,2019-04-20,2019,04,0,IMD GRID MODEL
Uttarakhand,Dehradun,2019-04-21,2019,04,0,IMD GRID MODEL
Uttarakhand,Dehradun,2019-05-02,2019,05,5.237240279,IMD GRID MODEL
Uttarakhand,Dehradun,2019-05-23,2019,05,0,IMD GRID MODEL
Uttarakhand,Dehradun,2019-05-25,2019,05,5.073790998,IMD GRID MODEL
Uttarakhand,Dehradun,2019-06-04,2019,06,8.14033312,IMD GRID MODEL
Uttarakhand,Dehradun,2019-06-14,2019,06,0.006154409,IMD GRID MODEL
Uttarakhand,Dehradun,2019-06-16,2019,06,0,IMD GRID MODEL
Uttarakhand,Dehradun,2019-06-17,2019,06,0.074272776,IMD GRID MODEL
Uttarakhand,Dehradun,2019-06-20,2019,06,1.700754922,IMD GRID MODEL
Uttarakhand,Dehradun,2019-06-25,2019,06,9.834409137,IMD GRID MODEL
Uttarakhand,Dehradun,2019-06-30,2019,06,1.873875647,IMD GRID MODEL
Uttarakhand,Dehradun,2019-07-02,2019,07,15.95489212,IMD GRID MODEL
Uttarakhand,Dehradun,2019-07-05,2019,07,7.035840079,IMD GRID MODEL
Uttarakhand,Dehradun,2019-07-15,2019,07,18.10326185,IMD GRID MODEL
Uttarakhand,Dehradun,2019-07-16,2019,07,22.31395532,IMD GRID MODEL
Uttarakhand,Dehradun,2019-07-26,2019,07,12.04033172,IMD GRID MODEL
Uttarakhand,Dehradun,2019-07-29,2019,07,3.455298906,IMD GRID MODEL
Uttarakhand,Dehradun,2019-07-31,2019,07,3.636033131,IMD GRID MODEL
Uttarakhand,Dehradun,2019-08-02,2019,08,8.809153065,IMD GRID MODEL
Uttarakhand,Dehradun,2019-08-05,2019,08,5.146517334,IMD GRID MODEL
Uttarakhand,Dehradun,2019-08-15,2019,08,5.160956661,IMD GRID MODEL
Uttarakhand,Dehradun,2019-08-19,2019,08,23.24355059,IMD GRID MODEL
Uttarakhand,Dehradun,2019-08-22,2019,08,11.66881967,IMD GRID MODEL
Uttarakhand,Dehradun,2019-08-24,2019,08,0.326932968,IMD GRID MODEL
Uttarakhand,Dehradun,2019-08-27,2019,08,1.396318589,IMD GRID MODEL
Uttarakhand,Dehradun,2019-09-02,2019,09,0.547195328,IMD GRID MODEL
Uttarakhand,Dehradun,2019-09-03,2019,09,2.65610044,IMD GRID MODEL
Uttarakhand,Dehradun,2019-09-04,2019,09,1.150535546,IMD GRID MODEL
Uttarakhand,Dehradun,2019-09-06,2019,09,1.419662792,IMD GRID MODEL
Uttarakhand,Dehradun,2019-09-08,2019,09,1.799355295,IMD GRID MODEL
Uttarakhand,Dehradun,2019-09-14,2019,09,0.806042348,IMD GRID MODEL
Uttarakhand,Dehradun,2019-09-19,2019,09,0.71505569,IMD GRID MODEL
Uttarakhand,Dehradun,2019-09-24,2019,09,0,IMD GRID MODEL
Uttarakhand,Dehradun,2019-09-27,2019,09,17.07337075,IMD GRID MODEL
Uttarakhand,Dehradun,2019-10-06,2019,10,0,IMD GRID MODEL
Uttarakhand,Dehradun,2019-10-13,2019,10,0,IMD GRID MODEL
Uttarakhand,Dehradun,2019-10-20,2019,10,0,IMD GRID MODEL
Uttarakhand,Dehradun,2019-10-21,2019,10,0,IMD GRID MODEL
Uttarakhand,Dehradun,2019-10-27,2019,10,0,IMD GRID MODEL
Uttarakhand,Dehradun,2019-10-29,2019,10,0,IMD GRID MODEL
Uttarakhand,Dehradun,2019-11-08,2019,11,2.194491352,IMD GRID MODEL
Uttarakhand,Dehradun,2019-11-11,2019,11,0,IMD GRID MODEL
Uttarakhand,Dehradun,2019-11-12,2019,11,0,IMD GRID MODEL
Uttarakhand,Dehradun,2019-11-13,2019,11,0,IMD GRID MODEL
Uttarakhand,Dehradun,2019-11-17,2019,11,0,IMD GRID MODEL
Uttarakhand,Dehradun,2019-11-26,2019,11,0.243485095,IMD GRID MODEL
Uttarakhand,Dehradun,2019-12-10,2019,12,0,IMD GRID MODEL
Uttarakhand,Dehradun,2019-12-19,2019,12,0,IMD GRID MODEL
Uttarakhand,Dehradun,2019-12-22,2019,12,0,IMD GRID MODEL
Uttarakhand,Dehradun,2019-12-23,2019,12,0,IMD GRID MODEL
Uttarakhand,Dehradun,2019-12-25,2019,12,0,IMD GRID MODEL
Uttarakhand,Dehradun,2019-12-31,2019,12,0,IMD GRID MODEL
Uttarakhand,Haridwar,2019-01-10,2019,01,0,IMD GRID MODEL
Uttarakhand,Haridwar,2019-01-24,2019,01,0.824437054,IMD GRID MODEL
Uttarakhand,Haridwar,2019-01-25,2019,01,2.058975321,IMD GRID MODEL
Uttarakhand,Haridwar,2019-01-27,2019,01,5.04e-05,IMD GRID MODEL
Uttarakhand,Haridwar,2019-02-05,2019,02,0,IMD GRID MODEL
Uttarakhand,Haridwar,2019-02-07,2019,02,1.34183277,IMD GRID MODEL
Uttarakhand,Haridwar,2019-02-09,2019,02,2.915804338,IMD GRID MODEL
Uttarakhand,Haridwar,2019-02-10,2019,02,0,IMD GRID MODEL
Uttarakhand,Haridwar,2019-02-13,2019,02,0,IMD GRID MODEL
Uttarakhand,Haridwar,2019-02-14,2019,02,1.014315796,IMD GRID MODEL
Uttarakhand,Haridwar,2019-02-16,2019,02,9.832672558,IMD GRID MODEL
Uttarakhand,Haridwar,2019-02-20,2019,02,0.045298002,IMD GRID MODEL
Uttarakhand,Haridwar,2019-02-21,2019,02,3.836594689,IMD GRID MODEL
Uttarakhand,Haridwar,2019-02-28,2019,02,7.724865737,IMD GRID MODEL
Uttarakhand,Haridwar,2019-03-04,2019,03,0,IMD GRID MODEL
Uttarakhand,Haridwar,2019-03-06,2019,03,0,IMD GRID MODEL
Uttarakhand,Haridwar,2019-03-08,2019,03,0,IMD GRID MODEL
Uttarakhand,Haridwar,2019-03-10,2019,03,0,IMD GRID MODEL
Uttarakhand,Haridwar,2019-03-16,2019,03,2.52e-05,IMD GRID MODEL
Uttarakhand,Haridwar,2019-03-19,2019,03,0,IMD GRID MODEL
Uttarakhand,Haridwar,2019-03-26,2019,03,1.992288408,IMD GRID MODEL
Uttarakhand,Haridwar,2019-04-15,2019,04,0,IMD GRID MODEL
Uttarakhand,Haridwar,2019-04-20,2019,04,0,IMD GRID MODEL
Uttarakhand,Haridwar,2019-04-21,2019,04,0,IMD GRID MODEL
Uttarakhand,Haridwar,2019-04-26,2019,04,0.187005654,IMD GRID MODEL
Uttarakhand,Haridwar,2019-04-30,2019,04,0,IMD GRID MODEL
Uttarakhand,Haridwar,2019-05-04,2019,05,0,IMD GRID MODEL
Uttarakhand,Haridwar,2019-05-05,2019,05,0,IMD GRID MODEL
Uttarakhand,Haridwar,2019-05-13,2019,05,0.225127867,IMD GRID MODEL
Uttarakhand,Haridwar,2019-05-15,2019,05,0.131895818,IMD GRID MODEL
Uttarakhand,Haridwar,2019-05-21,2019,05,0,IMD GRID MODEL
Uttarakhand,Haridwar,2019-05-25,2019,05,1.399773466,IMD GRID MODEL
Uttarakhand,Haridwar,2019-05-29,2019,05,0,IMD GRID MODEL
Uttarakhand,Haridwar,2019-05-31,2019,05,0,IMD GRID MODEL
Uttarakhand,Haridwar,2019-06-01,2019,06,0,IMD GRID MODEL
Uttarakhand,Haridwar,2019-06-07,2019,06,0.854443265,IMD GRID MODEL
Uttarakhand,Haridwar,2019-06-08,2019,06,0,IMD GRID MODEL
Uttarakhand,Haridwar,2019-06-09,2019,06,1.105530723,IMD GRID MODEL
Uttarakhand,Haridwar,2019-06-14,2019,06,0,IMD GRID MODEL
Uttarakhand,Haridwar,2019-06-16,2019,06,0,IMD GRID MODEL
Uttarakhand,Haridwar,2019-06-18,2019,06,7.796413582,IMD GRID MODEL
Uttarakhand,Haridwar,2019-06-25,2019,06,3.990478461,IMD GRID MODEL
Uttarakhand,Haridwar,2019-06-26,2019,06,1.959678161,IMD GRID MODEL
Uttarakhand,Haridwar,2019-06-29,2019,06,0,IMD GRID MODEL
Uttarakhand,Haridwar,2019-07-05,2019,07,4.239624635,IMD GRID MODEL
Uttarakhand,Haridwar,2019-07-13,2019,07,19.91744912,IMD GRID MODEL
Uttarakhand,Haridwar,2019-07-14,2019,07,15.85440808,IMD GRID MODEL
Uttarakhand,Haridwar,2019-07-15,2019,07,36.0075347,IMD GRID MODEL
Uttarakhand,Haridwar,2019-07-17,2019,07,4.923072628,IMD GRID MODEL
Uttarakhand,Haridwar,2019-07-29,2019,07,0.343353775,IMD GRID MODEL
Uttarakhand,Haridwar,2019-08-04,2019,08,9.541009108,IMD GRID MODEL
Uttarakhand,Haridwar,2019-08-06,2019,08,77.24242567,IMD GRID MODEL
Uttarakhand,Haridwar,2019-08-12,2019,08,23.45409034,IMD GRID MODEL
Uttarakhand,Haridwar,2019-08-14,2019,08,17.7150948,IMD GRID MODEL
Uttarakhand,Haridwar,2019-08-16,2019,08,5.089559621,IMD GRID MODEL
Uttarakhand,Haridwar,2019-08-22,2019,08,5.515303714,IMD GRID MODEL
Uttarakhand,Haridwar,2019-08-24,2019,08,0.186708894,IMD GRID MODEL
Uttarakhand,Haridwar,2019-08-26,2019,08,15.03815416,IMD GRID MODEL
Uttarakhand,Haridwar,2019-08-29,2019,08,7.34e-05,IMD GRID MODEL
Uttarakhand,Haridwar,2019-09-02,2019,09,0.035944495,IMD GRID MODEL
Uttarakhand,Haridwar,2019-09-04,2019,09,7.682224847,IMD GRID MODEL
Uttarakhand,Haridwar,2019-09-07,2019,09,41.09867134,IMD GRID MODEL
Uttarakhand,Haridwar,2019-09-10,2019,09,0.007580755,IMD GRID MODEL
Uttarakhand,Haridwar,2019-09-23,2019,09,2.659143867,IMD GRID MODEL
Uttarakhand,Haridwar,2019-09-25,2019,09,0.156773999,IMD GRID MODEL
Uttarakhand,Haridwar,2019-09-28,2019,09,7.553533294,IMD GRID MODEL
Uttarakhand,Haridwar,2019-10-01,2019,10,5.124674377,IMD GRID MODEL
Uttarakhand,Haridwar,2019-10-08,2019,10,0,IMD GRID MODEL
Uttarakhand,Haridwar,2019-10-12,2019,10,0,IMD GRID MODEL
Uttarakhand,Haridwar,2019-10-13,2019,10,0,IMD GRID MODEL
Uttarakhand,Haridwar,2019-10-14,2019,10,0,IMD GRID MODEL
Uttarakhand,Haridwar,2019-10-17,2019,10,0,IMD GRID MODEL
Uttarakhand,Haridwar,2019-10-18,2019,10,0,IMD GRID MODEL
Uttarakhand,Haridwar,2019-10-19,2019,10,0,IMD GRID MODEL
Uttarakhand,Haridwar,2019-10-21,2019,10,0,IMD GRID MODEL
Uttarakhand,Haridwar,2019-10-25,2019,10,0,IMD GRID MODEL
Uttarakhand,Haridwar,2019-11-09,2019,11,0,IMD GRID MODEL
Uttarakhand,Haridwar,2019-11-11,2019,11,0,IMD GRID MODEL
Uttarakhand,Haridwar,2019-11-17,2019,11,0,IMD GRID MODEL
Uttarakhand,Haridwar,2019-11-19,2019,11,0,IMD GRID MODEL
Uttarakhand,Haridwar,2019-11-30,2019,11,0,IMD GRID MODEL
Uttarakhand,Haridwar,2019-12-07,2019,12,0,IMD GRID MODEL
Uttarakhand,Haridwar,2019-12-08,2019,12,0,IMD GRID MODEL
Uttarakhand,Haridwar,2019-12-19,2019,12,0,IMD GRID MODEL
Uttarakhand,Haridwar,2019-12-21,2019,12,0,IMD GRID MODEL
Uttarakhand,Haridwar,2019-12-24,2019,12,0,IMD GRID MODEL
Uttarakhand,Haridwar,2019-12-26,2019,12,0,IMD GRID MODEL
Uttarakhand,Haridwar,2019-12-28,2019,12,0,IMD GRID MODEL
Uttarakhand,Haridwar,2019-12-29,2019,12,0,IMD GRID MODEL
Uttarakhand,Haridwar,2019-12-30,2019,12,0,IMD GRID MODEL
Uttarakhand,Nainital,2019-01-01,2019,01,0,IMD GRID MODEL
Uttarakhand,Nainital,2019-01-03,2019,01,0,IMD GRID MODEL
Uttarakhand,Nainital,2019-01-04,2019,01,0,IMD GRID MODEL
Uttarakhand,Almora,2019-01-03,2019,01,0,IMD GRID MODEL
Uttarakhand,Almora,2019-01-09,2019,01,0,IMD GRID MODEL
Uttarakhand,Almora,2019-01-10,2019,01,0,IMD GRID MODEL
Uttarakhand,Almora,2019-01-12,2019,01,0,IMD GRID MODEL
Uttarakhand,Almora,2019-01-17,2019,01,0,IMD GRID MODEL
Uttarakhand,Almora,2019-01-25,2019,01,4.451792616,IMD GRID MODEL
Uttarakhand,Almora,2019-01-28,2019,01,0.123835568,IMD GRID MODEL
Uttarakhand,Almora,2019-01-29,2019,01,0.1997679,IMD GRID MODEL
Uttarakhand,Almora,2019-02-06,2019,02,0,IMD GRID MODEL
Uttarakhand,Almora,2019-02-08,2019,02,24.86387272,IMD GRID MODEL
Uttarakhand,Almora,2019-02-25,2019,02,0,IMD GRID MODEL
Uttarakhand,Almora,2019-03-04,2019,03,0,IMD GRID MODEL
Uttarakhand,Almora,2019-03-06,2019,03,0.086622799,IMD GRID MODEL
Uttarakhand,Almora,2019-03-07,2019,03,0,IMD GRID MODEL
Uttarakhand,Almora,2019-03-18,2019,03,0.281554354,IMD GRID MODEL
Uttarakhand,Almora,2019-03-20,2019,03,0,IMD GRID MODEL
Uttarakhand,Almora,2019-03-25,2019,03,0,IMD GRID MODEL
Uttarakhand,Almora,2019-04-03,2019,04,0,IMD GRID MODEL
Uttarakhand,Almora,2019-04-04,2019,04,0,IMD GRID MODEL
Uttarakhand,Almora,2019-04-13,2019,04,0,IMD GRID MODEL
Uttarakhand,Almora,2019-04-17,2019,04,0.711185696,IMD GRID MODEL
Uttarakhand,Almora,2019-04-23,2019,04,0,IMD GRID MODEL
Uttarakhand,Almora,2019-04-25,2019,04,6.121714543,IMD GRID MODEL
Uttarakhand,Almora,2019-05-03,2019,05,5.569490013,IMD GRID MODEL
Uttarakhand,Almora,2019-05-08,2019,05,0,IMD GRID MODEL
Uttarakhand,Almora,2019-05-14,2019,05,0.840246257,IMD GRID MODEL
Uttarakhand,Almora,2019-05-18,2019,05,0.296334655,IMD GRID MODEL
Uttarakhand,Almora,2019-05-25,2019,05,5.189171623,IMD GRID MODEL
Uttarakhand,Almora,2019-05-27,2019,05,0,IMD GRID MODEL
Uttarakhand,Almora,2019-05-29,2019,05,0,IMD GRID MODEL
Uttarakhand,Almora,2019-06-01,2019,06,0.363321656,IMD GRID MODEL
Uttarakhand,Almora,2019-06-06,2019,06,0,IMD GRID MODEL
Uttarakhand,Almora,2019-06-08,2019,06,0,IMD GRID MODEL
Uttarakhand,Almora,2019-06-12,2019,06,6.562372431,IMD GRID MODEL
Uttarakhand,Almora,2019-07-06,2019,07,4.784298466,IMD GRID MODEL
Uttarakhand,Almora,2019-07-09,2019,07,10.65029422,IMD GRID MODEL
Uttarakhand,Almora,2019-07-12,2019,07,7.36632261,IMD GRID MODEL
Uttarakhand,Almora,2019-07-16,2019,07,11.07570356,IMD GRID MODEL
Uttarakhand,Almora,2019-07-21,2019,07,2.795928481,IMD GRID MODEL
Uttarakhand,Almora,2019-07-23,2019,07,0.78404401,IMD GRID MODEL
Uttarakhand,Almora,2019-07-28,2019,07,7.641836838,IMD GRID MODEL
Uttarakhand,Almora,2019-07-29,2019,07,1.46684858,IMD GRID MODEL
Uttarakhand,Almora,2019-08-03,2019,08,12.61612258,IMD GRID MODEL
Uttarakhand,Almora,2019-08-08,2019,08,1.168065495,IMD GRID MODEL
Uttarakhand,Almora,2019-08-09,2019,08,9.385472992,IMD GRID MODEL
Uttarakhand,Almora,2019-08-14,2019,08,10.03306147,IMD GRID MODEL
Uttarakhand,Almora,2019-08-27,2019,08,0.016866703,IMD GRID MODEL
Uttarakhand,Almora,2019-08-28,2019,08,0.216823538,IMD GRID MODEL
Uttarakhand,Almora,2019-08-31,2019,08,1.549123679,IMD GRID MODEL
Uttarakhand,Almora,2019-09-04,2019,09,6.199750123,IMD GRID MODEL
Uttarakhand,Almora,2019-09-08,2019,09,2.49099345,IMD GRID MODEL
Uttarakhand,Almora,2019-09-13,2019,09,17.3520072,IMD GRID MODEL
Uttarakhand,Almora,2019-09-18,2019,09,5.301754709,IMD GRID MODEL
Uttarakhand,Almora,2019-09-20,2019,09,1.547811961,IMD GRID MODEL
Uttarakhand,Almora,2019-09-22,2019,09,3.919055703,IMD GRID MODEL
Uttarakhand,Almora,2019-09-23,2019,09,0.416722523,IMD GRID MODEL
Uttarakhand,Almora,2019-09-26,2019,09,3.256041626,IMD GRID MODEL
Uttarakhand,Almora,2019-09-29,2019,09,39.81572389,IMD GRID MODEL
Uttarakhand,Almora,2019-10-19,2019,10,0,IMD GRID MODEL
Uttarakhand,Almora,2019-10-22,2019,10,0,IMD GRID MODEL
Uttarakhand,Almora,2019-10-24,2019,10,0,IMD GRID MODEL
Uttarakhand,Almora,2019-10-31,2019,10,0,IMD GRID MODEL
Uttarakhand,Almora,2019-11-08,2019,11,0.024476792,IMD GRID MODEL
Uttarakhand,Almora,2019-11-07,2019,11,0,IMD GRID MODEL
Uttarakhand,Almora,2019-11-12,2019,11,0,IMD GRID MODEL
Uttarakhand,Almora,2019-11-17,2019,11,0,IMD GRID MODEL
Uttarakhand,Almora,2019-11-19,2019,11,0,IMD GRID MODEL
Uttarakhand,Almora,2019-11-22,2019,11,0,IMD GRID MODEL
Uttarakhand,Almora,2019-11-30,2019,11,0,IMD GRID MODEL
Uttarakhand,Almora,2019-12-05,2019,12,0,IMD GRID MODEL
Uttarakhand,Almora,2019-12-12,2019,12,0.150152064,IMD GRID MODEL
Uttarakhand,Almora,2019-12-19,2019,12,0,IMD GRID MODEL
Uttarakhand,Almora,2019-12-28,2019,12,0,IMD GRID MODEL
Uttarakhand,Almora,2019-12-31,2019,12,0,IMD GRID MODEL
Uttarakhand,Bageshwar,2019-01-06,2019,01,0.182409942,IMD GRID MODEL
Uttarakhand,Bageshwar,2019-01-11,2019,01,0,IMD GRID MODEL
Uttarakhand,Bageshwar,2019-01-16,2019,01,0,IMD GRID MODEL
Uttarakhand,Bageshwar,2019-01-23,2019,01,18.22081422,IMD GRID MODEL
Uttarakhand,Bageshwar,2019-01-25,2019,01,9.641636984,IMD GRID MODEL
Uttarakhand,Bageshwar,2019-01-27,2019,01,0.001826523,IMD GRID MODEL
Uttarakhand,Bageshwar,2019-02-16,2019,02,6.392049398,IMD GRID MODEL
Uttarakhand,Bageshwar,2019-03-07,2019,03,0,IMD GRID MODEL
Uttarakhand,Bageshwar,2019-03-10,2019,03,0,IMD GRID MODEL
Uttarakhand,Bageshwar,2019-03-14,2019,03,0,IMD GRID MODEL
Uttarakhand,Bageshwar,2019-03-17,2019,03,0,IMD GRID MODEL
Uttarakhand,Bageshwar,2019-03-22,2019,03,0,IMD GRID MODEL
Uttarakhand,Bageshwar,2019-03-30,2019,03,11.17093039,IMD GRID MODEL
Uttarakhand,Bageshwar,2019-04-01,2019,04,0,IMD GRID MODEL
Uttarakhand,Bageshwar,2019-04-02,2019,04,2.150661943,IMD GRID MODEL
Uttarakhand,Bageshwar,2019-04-08,2019,04,0.57966049,IMD GRID MODEL
Uttarakhand,Bageshwar,2019-04-12,2019,04,0,IMD GRID MODEL
Uttarakhand,Bageshwar,2019-04-17,2019,04,2.998703384,IMD GRID MODEL
Uttarakhand,Bageshwar,2019-04-18,2019,04,11.63726333,IMD GRID MODEL
Uttarakhand,Bageshwar,2019-04-20,2019,04,1.08732592,IMD GRID MODEL
Uttarakhand,Bageshwar,2019-04-26,2019,04,1.395169443,IMD GRID MODEL
Uttarakhand,Bageshwar,2019-05-18,2019,05,6.446375806,IMD GRID MODEL
Uttarakhand,Bageshwar,2019-05-24,2019,05,0,IMD GRID MODEL
Uttarakhand,Bageshwar,2019-05-26,2019,05,0.112447909,IMD GRID MODEL
Uttarakhand,Bageshwar,2019-05-27,2019,05,0,IMD GRID MODEL
Uttarakhand,Bageshwar,2019-06-14,2019,06,0,IMD GRID MODEL
Uttarakhand,Bageshwar,2019-06-19,2019,06,0,IMD GRID MODEL
Uttarakhand,Bageshwar,2019-06-21,2019,06,12.88578453,IMD GRID MODEL
Uttarakhand,Bageshwar,2019-06-22,2019,06,1.010236914,IMD GRID MODEL
Uttarakhand,Bageshwar,2019-07-04,2019,07,12.03142041,IMD GRID MODEL
Uttarakhand,Bageshwar,2019-07-14,2019,07,27.75611849,IMD GRID MODEL
Uttarakhand,Bageshwar,2019-07-22,2019,07,9.68817047,IMD GRID MODEL
Uttarakhand,Bageshwar,2019-07-25,2019,07,37.10567547,IMD GRID MODEL
Uttarakhand,Bageshwar,2019-07-26,2019,07,16.97629024,IMD GRID MODEL
Uttarakhand,Bageshwar,2019-08-14,2019,08,14.98844138,IMD GRID MODEL
Uttarakhand,Bageshwar,2019-08-20,2019,08,4.256844223,IMD GRID MODEL
Uttarakhand,Bageshwar,2019-09-15,2019,09,28.06837214,IMD GRID MODEL
Uttarakhand,Bageshwar,2019-09-17,2019,09,0.583656579,IMD GRID MODEL
Uttarakhand,Bageshwar,2019-09-18,2019,09,4.813629583,IMD GRID MODEL
Uttarakhand,Bageshwar,2019-09-20,2019,09,0.894953536,IMD GRID MODEL
Uttarakhand,Bageshwar,2019-09-24,2019,09,0.88288618,IMD GRID MODEL
Uttarakhand,Bageshwar,2019-09-27,2019,09,19.08541005,IMD GRID MODEL
Uttarakhand,Bageshwar,2019-10-05,2019,10,0.10274402,IMD GRID MODEL
Uttarakhand,Bageshwar,2019-10-09,2019,10,5.495619657,IMD GRID MODEL
Uttarakhand,Bageshwar,2019-10-11,2019,10,0,IMD GRID MODEL
Uttarakhand,Bageshwar,2019-10-15,2019,10,0,IMD GRID MODEL
Uttarakhand,Bageshwar,2019-10-18,2019,10,0,IMD GRID MODEL
Uttarakhand,Bageshwar,2019-10-20,2019,10,0,IMD GRID MODEL
Uttarakhand,Bageshwar,2019-10-22,2019,10,0,IMD GRID MODEL
Uttarakhand,Bageshwar,2019-10-28,2019,10,0,IMD GRID MODEL
Uttarakhand,Bageshwar,2019-11-07,2019,11,0,IMD GRID MODEL
Uttarakhand,Bageshwar,2019-11-11,2019,11,0,IMD GRID MODEL
Uttarakhand,Bageshwar,2019-11-13,2019,11,0,IMD GRID MODEL
Uttarakhand,Bageshwar,2019-11-19,2019,11,0,IMD GRID MODEL
Uttarakhand,Bageshwar,2019-11-22,2019,11,0,IMD GRID MODEL
Uttarakhand,Bageshwar,2019-11-26,2019,11,0,IMD GRID MODEL
Uttarakhand,Bageshwar,2019-11-30,2019,11,1.045209454,IMD GRID MODEL
Uttarakhand,Bageshwar,2019-12-15,2019,12,0,IMD GRID MODEL
Uttarakhand,Bageshwar,2019-12-19,2019,12,0,IMD GRID MODEL
Uttarakhand,Bageshwar,2019-12-20,2019,12,0,IMD GRID MODEL
Uttarakhand,Chamoli,2019-01-12,2019,01,0,IMD GRID MODEL
Uttarakhand,Chamoli,2019-01-15,2019,01,0,IMD GRID MODEL
Uttarakhand,Chamoli,2019-01-16,2019,01,0,IMD GRID MODEL
Uttarakhand,Chamoli,2019-01-18,2019,01,0,IMD GRID MODEL
Uttarakhand,Chamoli,2019-01-21,2019,01,0,IMD GRID MODEL
Uttarakhand,Chamoli,2019-01-22,2019,01,21.05297659,IMD GRID MODEL
Uttarakhand,Chamoli,2019-01-29,2019,01,0.094017001,IMD GRID MODEL
Uttarakhand,Chamoli,2019-02-18,2019,02,1.869250695,IMD GRID MODEL
Uttarakhand,Chamoli,2019-03-04,2019,03,0.570150752,IMD GRID MODEL
Uttarakhand,Chamoli,2019-03-06,2019,03,0.492259295,IMD GRID MODEL
Uttarakhand,Chamoli,2019-03-08,2019,03,0,IMD GRID MODEL
Uttarakhand,Chamoli,2019-03-11,2019,03,0,IMD GRID MODEL
Uttarakhand,Chamoli,2019-03-12,2019,03,4.225540935,IMD GRID MODEL
Uttarakhand,Chamoli,2019-03-15,2019,03,13.66754553,IMD GRID MODEL
Uttarakhand,Chamoli,2019-03-18,2019,03,2.010856532,IMD GRID MODEL
Uttarakhand,Chamoli,2019-03-19,2019,03,0.101348154,IMD GRID MODEL
Uttarakhand,Chamoli,2019-03-20,2019,03,0.110354215,IMD GRID MODEL
Uttarakhand,Chamoli,2019-03-21,2019,03,1.636547212,IMD GRID MODEL
Uttarakhand,Chamoli,2019-03-23,2019,03,0,IMD GRID MODEL
Uttarakhand,Chamoli,2019-03-27,2019,03,0,IMD GRID MODEL
Uttarakhand,Chamoli,2019-04-04,2019,04,0,IMD GRID MODEL
Uttarakhand,Chamoli,2019-04-11,2019,04,1.545865007,IMD GRID MODEL
Uttarakhand,Chamoli,2019-04-12,2019,04,0,IMD GRID MODEL
Uttarakhand,Chamoli,2019-04-14,2019,04,3.130067178,IMD GRID MODEL
Uttarakhand,Chamoli,2019-04-18,2019,04,16.49276876,IMD GRID MODEL
Uttarakhand,Chamoli,2019-04-19,2019,04,2.124428722,IMD GRID MODEL
Uttarakhand,Chamoli,2019-05-03,2019,05,7.05737187,IMD GRID MODEL
Uttarakhand,Chamoli,2019-05-25,2019,05,6.853424046,IMD GRID MODEL
Uttarakhand,Chamoli,2019-05-28,2019,05,0,IMD GRID MODEL
Uttarakhand,Chamoli,2019-05-29,2019,05,0.109610014,IMD GRID MODEL
Uttarakhand,Chamoli,2019-05-31,2019,05,0,IMD GRID MODEL
Uttarakhand,Chamoli,2019-06-06,2019,06,0,IMD GRID MODEL
Uttarakhand,Chamoli,2019-06-12,2019,06,3.185048793,IMD GRID MODEL
Uttarakhand,Chamoli,2019-06-16,2019,06,0,IMD GRID MODEL
Uttarakhand,Chamoli,2019-06-20,2019,06,8.354982375,IMD GRID MODEL
Uttarakhand,Chamoli,2019-06-24,2019,06,4.713865644,IMD GRID MODEL
Uttarakhand,Chamoli,2019-06-28,2019,06,0.594195425,IMD GRID MODEL
Uttarakhand,Chamoli,2019-07-02,2019,07,0.653679805,IMD GRID MODEL
Uttarakhand,Chamoli,2019-07-04,2019,07,3.983435016,IMD GRID MODEL
Uttarakhand,Chamoli,2019-07-14,2019,07,22.10194105,IMD GRID MODEL
Uttarakhand,Chamoli,2019-07-15,2019,07,8.106276947,IMD GRID MODEL
Uttarakhand,Chamoli,2019-07-18,2019,07,2.46048396,IMD GRID MODEL
Uttarakhand,Chamoli,2019-07-29,2019,07,8.838717787,IMD GRID MODEL
Uttarakhand,Chamoli,2019-07-31,2019,07,4.134051108,IMD GRID MODEL
Uttarakhand,Chamoli,2019-08-05,2019,08,23.21375619,IMD GRID MODEL
Uttarakhand,Chamoli,2019-08-08,2019,08,4.487654973,IMD GRID MODEL
Uttarakhand,Chamoli,2019-08-14,2019,08,26.4441518,IMD GRID MODEL
Uttarakhand,Chamoli,2019-08-16,2019,08,11.85618088,IMD GRID MODEL
Uttarakhand,Chamoli,2019-08-25,2019,08,10.08568869,IMD GRID MODEL
Uttarakhand,Chamoli,2019-08-26,2019,08,10.77454644,IMD GRID MODEL
Uttarakhand,Chamoli,2019-08-27,2019,08,0,IMD GRID MODEL
Uttarakhand,Chamoli,2019-08-30,2019,08,9.780068841,IMD GRID MODEL
Uttarakhand,Chamoli,2019-09-11,2019,09,0.515826193,IMD GRID MODEL
Uttarakhand,Chamoli,2019-09-12,2019,09,8.553924285,IMD GRID MODEL
Uttarakhand,Chamoli,2019-09-13,2019,09,37.80333038,IMD GRID MODEL
Uttarakhand,Chamoli,2019-09-16,2019,09,10.16559563,IMD GRID MODEL
Uttarakhand,Chamoli,2019-09-24,2019,09,0.364692605,IMD GRID MODEL
Uttarakhand,Chamoli,2019-09-25,2019,09,0,IMD GRID MODEL
Uttarakhand,Chamoli,2019-10-04,2019,10,3.642188578,IMD GRID MODEL
Uttarakhand,Chamoli,2019-10-18,2019,10,0,IMD GRID MODEL
Uttarakhand,Chamoli,2019-10-29,2019,10,0,IMD GRID MODEL
Uttarakhand,Chamoli,2019-11-03,2019,11,0.851359161,IMD GRID MODEL
Uttarakhand,Chamoli,2019-11-06,2019,11,0,IMD GRID MODEL
Uttarakhand,Chamoli,2019-11-07,2019,11,0,IMD GRID MODEL
Uttarakhand,Chamoli,2019-11-12,2019,11,0,IMD GRID MODEL
Uttarakhand,Chamoli,2019-11-17,2019,11,0,IMD GRID MODEL
Uttarakhand,Chamoli,2019-11-18,2019,11,0,IMD GRID MODEL
Uttarakhand,Chamoli,2019-11-21,2019,11,0,IMD GRID MODEL
Uttarakhand,Chamoli,2019-11-22,2019,11,0,IMD GRID MODEL
Uttarakhand,Chamoli,2019-11-25,2019,11,0,IMD GRID MODEL
Uttarakhand,Chamoli,2019-12-09,2019,12,0,IMD GRID MODEL
Uttarakhand,Chamoli,2019-12-11,2019,12,0,IMD GRID MODEL
Uttarakhand,Chamoli,2019-12-27,2019,12,0,IMD GRID MODEL
Uttarakhand,Chamoli,2019-12-28,2019,12,0,IMD GRID MODEL
Uttarakhand,Chamoli,2019-12-30,2019,12,0,IMD GRID MODEL
Uttarakhand,Champawat,2019-01-02,2019,01,0,IMD GRID MODEL
Uttarakhand,Champawat,2019-01-05,2019,01,0,IMD GRID MODEL
Uttarakhand,Champawat,2019-01-07,2019,01,0.380588118,IMD GRID MODEL
Uttarakhand,Champawat,2019-01-13,2019,01,0,IMD GRID MODEL
Uttarakhand,Champawat,2019-01-16,2019,01,0,IMD GRID MODEL
Uttarakhand,Champawat,2019-01-28,2019,01,0.306033955,IMD GRID MODEL
Uttarakhand,Champawat,2019-01-31,2019,01,0,IMD GRID MODEL
Uttarakhand,Champawat,2019-02-06,2019,02,0,IMD GRID MODEL
Uttarakhand,Champawat,2019-02-12,2019,02,0,IMD GRID MODEL
Uttarakhand,Champawat,2019-02-13,2019,02,0,IMD GRID MODEL
Uttarakhand,Champawat,2019-02-20,2019,02,0.49262923,IMD GRID MODEL
Uttarakhand,Champawat,2019-02-27,2019,02,9.579006924,IMD GRID MODEL
Uttarakhand,Champawat,2019-02-28,2019,02,16.32557996,IMD GRID MODEL
Uttarakhand,Champawat,2019-03-02,2019,03,0,IMD GRID MODEL
Uttarakhand,Champawat,2019-03-11,2019,03,0,IMD GRID MODEL
Uttarakhand,Champawat,2019-03-14,2019,03,0,IMD GRID MODEL
Uttarakhand,Champawat,2019-03-16,2019,03,0,IMD GRID MODEL
Uttarakhand,Champawat,2019-03-22,2019,03,0,IMD GRID MODEL
Uttarakhand,Champawat,2019-04-02,2019,04,1.281751082,IMD GRID MODEL
Uttarakhand,Champawat,2019-04-09,2019,04,6.934358499,IMD GRID MODEL
Uttarakhand,Champawat,2019-04-10,2019,04,0,IMD GRID MODEL
Uttarakhand,Champawat,2019-04-16,2019,04,0,IMD GRID MODEL
Uttarakhand,Champawat,2019-04-25,2019,04,14.32785527,IMD GRID MODEL
Uttarakhand,Champawat,2019-04-29,2019,04,0,IMD GRID MODEL
Uttarakhand,Champawat,2019-05-01,2019,05,0.045779778,IMD GRID MODEL
Uttarakhand,Champawat,2019-05-04,2019,05,0,IMD GRID MODEL
Uttarakhand,Champawat,2019-05-15,2019,05,3.060236209,IMD GRID MODEL
Uttarakhand,Champawat,2019-05-16,2019,05,0,IMD GRID MODEL
Uttarakhand,Champawat,2019-05-23,2019,05,0,IMD GRID MODEL
Uttarakhand,Champawat,2019-05-24,2019,05,0,IMD GRID MODEL
Uttarakhand,Champawat,2019-06-08,2019,06,0,IMD GRID MODEL
Uttarakhand,Champawat,2019-06-16,2019,06,0,IMD GRID MODEL
Uttarakhand,Champawat,2019-06-17,2019,06,0,IMD GRID MODEL
Uttarakhand,Champawat,2019-06-18,2019,06,0.048019092,IMD GRID MODEL
Uttarakhand,Champawat,2019-06-28,2019,06,3.685621757,IMD GRID MODEL
Uttarakhand,Champawat,2019-07-04,2019,07,0.650478115,IMD GRID MODEL
Uttarakhand,Champawat,2019-07-12,2019,07,9.001401289,IMD GRID MODEL
Uttarakhand,Uttar Kashi,2019-08-31,2019,08,25.42778277,IMD GRID MODEL
Uttarakhand,Uttar Kashi,2019-09-01,2019,09,22.47816517,IMD GRID MODEL
Uttarakhand,Uttar Kashi,2019-09-02,2019,09,0.828142505,IMD GRID MODEL
Uttarakhand,Uttar Kashi,2019-09-07,2019,09,1.938945042,IMD GRID MODEL
Uttarakhand,Uttar Kashi,2019-10-07,2019,10,0.041676605,IMD GRID MODEL
Uttarakhand,Uttar Kashi,2019-10-09,2019,10,0.061108784,IMD GRID MODEL
Uttarakhand,Uttar Kashi,2019-10-12,2019,10,0,IMD GRID MODEL
Uttarakhand,Uttar Kashi,2019-10-16,2019,10,0.244435136,IMD GRID MODEL
Uttarakhand,Uttar Kashi,2019-10-18,2019,10,0,IMD GRID MODEL
Uttarakhand,Uttar Kashi,2019-10-21,2019,10,0.183326353,IMD GRID MODEL
Uttarakhand,Uttar Kashi,2019-10-23,2019,10,0,IMD GRID MODEL
Uttarakhand,Uttar Kashi,2019-10-28,2019,10,0,IMD GRID MODEL
Uttarakhand,Uttar Kashi,2019-11-05,2019,11,0,IMD GRID MODEL
Uttarakhand,Uttar Kashi,2019-11-07,2019,11,0.061464151,IMD GRID MODEL
Uttarakhand,Uttar Kashi,2019-11-10,2019,11,0,IMD GRID MODEL
Uttarakhand,Uttar Kashi,2019-11-26,2019,11,0.001104973,IMD GRID MODEL
Uttarakhand,Uttar Kashi,2019-12-02,2019,12,0,IMD GRID MODEL
Uttarakhand,Uttar Kashi,2019-12-06,2019,12,0,IMD GRID MODEL
Uttarakhand,Uttar Kashi,2019-12-08,2019,12,0,IMD GRID MODEL
Uttarakhand,Uttar Kashi,2019-12-10,2019,12,0,IMD GRID MODEL
Uttarakhand,Uttar Kashi,2019-12-16,2019,12,2.455279741,IMD GRID MODEL
Uttarakhand,Uttar Kashi,2019-12-20,2019,12,0.042290837,IMD GRID MODEL
Uttarakhand,Uttar Kashi,2019-12-22,2019,12,0,IMD GRID MODEL
Uttarakhand,Uttar Kashi,2019-12-31,2019,12,0,IMD GRID MODEL
Uttarakhand,Nainital,2019-01-11,2019,01,0,IMD GRID MODEL
Uttarakhand,Nainital,2019-01-14,2019,01,0,IMD GRID MODEL
Uttarakhand,Nainital,2019-02-06,2019,02,0,IMD GRID MODEL
Uttarakhand,Nainital,2019-02-08,2019,02,22.38922267,IMD GRID MODEL
Uttarakhand,Nainital,2019-02-09,2019,02,10.1683677,IMD GRID MODEL
Uttarakhand,Nainital,2019-02-14,2019,02,0.040450899,IMD GRID MODEL
Uttarakhand,Nainital,2019-02-15,2019,02,16.60612807,IMD GRID MODEL
Uttarakhand,Nainital,2019-02-22,2019,02,0.934799755,IMD GRID MODEL
Uttarakhand,Nainital,2019-02-23,2019,02,0.476173243,IMD GRID MODEL
Uttarakhand,Nainital,2019-02-24,2019,02,0,IMD GRID MODEL
Uttarakhand,Nainital,2019-03-02,2019,03,0,IMD GRID MODEL
Uttarakhand,Nainital,2019-03-10,2019,03,0,IMD GRID MODEL
Uttarakhand,Nainital,2019-03-11,2019,03,0,IMD GRID MODEL
Uttarakhand,Nainital,2019-03-13,2019,03,0,IMD GRID MODEL
Uttarakhand,Nainital,2019-03-16,2019,03,0,IMD GRID MODEL
Uttarakhand,Nainital,2019-03-21,2019,03,0.199414446,IMD GRID MODEL
Uttarakhand,Nainital,2019-03-24,2019,03,0,IMD GRID MODEL
Uttarakhand,Nainital,2019-03-25,2019,03,0,IMD GRID MODEL
Uttarakhand,Nainital,2019-03-29,2019,03,0,IMD GRID MODEL
Uttarakhand,Nainital,2019-03-31,2019,03,0,IMD GRID MODEL
Uttarakhand,Nainital,2019-04-10,2019,04,0,IMD GRID MODEL
Uttarakhand,Nainital,2019-04-14,2019,04,0,IMD GRID MODEL
Uttarakhand,Nainital,2019-04-18,2019,04,3.680050625,IMD GRID MODEL
Uttarakhand,Nainital,2019-04-19,2019,04,4.544272275,IMD GRID MODEL
Uttarakhand,Nainital,2019-04-20,2019,04,0.722807196,IMD GRID MODEL
Uttarakhand,Nainital,2019-04-21,2019,04,0,IMD GRID MODEL
Uttarakhand,Nainital,2019-04-29,2019,04,0,IMD GRID MODEL
Uttarakhand,Nainital,2019-04-30,2019,04,0,IMD GRID MODEL
Uttarakhand,Nainital,2019-05-04,2019,05,0,IMD GRID MODEL
Uttarakhand,Nainital,2019-05-09,2019,05,0,IMD GRID MODEL
Uttarakhand,Nainital,2019-05-11,2019,05,0,IMD GRID MODEL
Uttarakhand,Nainital,2019-05-18,2019,05,0.329275801,IMD GRID MODEL
Uttarakhand,Nainital,2019-05-23,2019,05,0,IMD GRID MODEL
Uttarakhand,Nainital,2019-05-28,2019,05,0,IMD GRID MODEL
Uttarakhand,Nainital,2019-05-29,2019,05,0,IMD GRID MODEL
Uttarakhand,Nainital,2019-06-02,2019,06,0.229671126,IMD GRID MODEL
Uttarakhand,Nainital,2019-06-03,2019,06,12.83147826,IMD GRID MODEL
Uttarakhand,Nainital,2019-06-09,2019,06,0.375255607,IMD GRID MODEL
Uttarakhand,Nainital,2019-06-19,2019,06,0.650589568,IMD GRID MODEL
Uttarakhand,Nainital,2019-06-23,2019,06,6.23611034,IMD GRID MODEL
Uttarakhand,Nainital,2019-06-27,2019,06,0.474744746,IMD GRID MODEL
Uttarakhand,Nainital,2019-06-28,2019,06,3.688619577,IMD GRID MODEL
Uttarakhand,Nainital,2019-07-01,2019,07,8.669465065,IMD GRID MODEL
Uttarakhand,Nainital,2019-07-05,2019,07,4.398078385,IMD GRID MODEL
Uttarakhand,Nainital,2019-07-12,2019,07,8.615435119,IMD GRID MODEL
Uttarakhand,Nainital,2019-07-25,2019,07,31.68880265,IMD GRID MODEL
Uttarakhand,Nainital,2019-08-01,2019,08,1.857830821,IMD GRID MODEL
Uttarakhand,Nainital,2019-08-02,2019,08,11.45227035,IMD GRID MODEL
Uttarakhand,Nainital,2019-08-03,2019,08,8.986581731,IMD GRID MODEL
Uttarakhand,Nainital,2019-08-06,2019,08,35.50075753,IMD GRID MODEL
Uttarakhand,Nainital,2019-08-07,2019,08,22.95522433,IMD GRID MODEL
Uttarakhand,Nainital,2019-08-15,2019,08,20.46119519,IMD GRID MODEL
Uttarakhand,Nainital,2019-08-17,2019,08,5.716297191,IMD GRID MODEL
Uttarakhand,Nainital,2019-08-25,2019,08,4.714955412,IMD GRID MODEL
Uttarakhand,Nainital,2019-08-26,2019,08,11.38631678,IMD GRID MODEL
Uttarakhand,Nainital,2019-08-28,2019,08,0,IMD GRID MODEL
Uttarakhand,Nainital,2019-09-01,2019,09,50.78477401,IMD GRID MODEL
Uttarakhand,Nainital,2019-09-13,2019,09,1.225609519,IMD GRID MODEL
Uttarakhand,Nainital,2019-09-25,2019,09,0.731012393,IMD GRID MODEL
Uttarakhand,Nainital,2019-10-08,2019,10,0,IMD GRID MODEL
Uttarakhand,Nainital,2019-10-11,2019,10,0,IMD GRID MODEL
Uttarakhand,Nainital,2019-10-29,2019,10,0,IMD GRID MODEL
Uttarakhand,Nainital,2019-11-12,2019,11,0,IMD GRID MODEL
Uttarakhand,Nainital,2019-11-15,2019,11,0,IMD GRID MODEL
Uttarakhand,Nainital,2019-11-29,2019,11,21.65147044,IMD GRID MODEL
Uttarakhand,Nainital,2019-12-04,2019,12,0,IMD GRID MODEL
Uttarakhand,Nainital,2019-12-05,2019,12,0,IMD GRID MODEL
Uttarakhand,Nainital,2019-12-06,2019,12,0,IMD GRID MODEL
Uttarakhand,Nainital,2019-12-16,2019,12,0,IMD GRID MODEL
Uttarakhand,Nainital,2019-12-18,2019,12,0,IMD GRID MODEL
Uttarakhand,Pauri Garhwal,2019-01-05,2019,01,0,IMD GRID MODEL
Uttarakhand,Pauri Garhwal,2019-01-14,2019,01,0.006546182,IMD GRID MODEL
Uttarakhand,Pauri Garhwal,2019-01-16,2019,01,0,IMD GRID MODEL
Uttarakhand,Pauri Garhwal,2019-01-18,2019,01,0,IMD GRID MODEL
Uttarakhand,Pauri Garhwal,2019-02-03,2019,02,0,IMD GRID MODEL
Uttarakhand,Pauri Garhwal,2019-02-10,2019,02,0,IMD GRID MODEL
Uttarakhand,Pauri Garhwal,2019-02-14,2019,02,0.355629139,IMD GRID MODEL
Uttarakhand,Pauri Garhwal,2019-02-19,2019,02,8.468103937,IMD GRID MODEL
Uttarakhand,Pauri Garhwal,2019-02-21,2019,02,8.035668737,IMD GRID MODEL
Uttarakhand,Pauri Garhwal,2019-03-07,2019,03,0,IMD GRID MODEL
Uttarakhand,Pauri Garhwal,2019-03-22,2019,03,0,IMD GRID MODEL
Uttarakhand,Pauri Garhwal,2019-03-23,2019,03,0,IMD GRID MODEL
Uttarakhand,Pauri Garhwal,2019-03-24,2019,03,0,IMD GRID MODEL
Uttarakhand,Pauri Garhwal,2019-03-30,2019,03,0.000320812,IMD GRID MODEL
Uttarakhand,Pauri Garhwal,2019-03-31,2019,03,0.000993041,IMD GRID MODEL
Uttarakhand,Pauri Garhwal,2019-04-01,2019,04,0,IMD GRID MODEL
Uttarakhand,Pauri Garhwal,2019-04-02,2019,04,0.000135212,IMD GRID MODEL
Uttarakhand,Pauri Garhwal,2019-04-07,2019,04,2.243140528,IMD GRID MODEL
Uttarakhand,Pauri Garhwal,2019-04-09,2019,04,4.334756617,IMD GRID MODEL
Uttarakhand,Pauri Garhwal,2019-04-14,2019,04,0.000145824,IMD GRID MODEL
Uttarakhand,Pauri Garhwal,2019-04-22,2019,04,0.18254848,IMD GRID MODEL
Uttarakhand,Pauri Garhwal,2019-04-25,2019,04,2.417049403,IMD GRID MODEL
Uttarakhand,Pauri Garhwal,2019-05-02,2019,05,0.424590946,IMD GRID MODEL
Uttarakhand,Pauri Garhwal,2019-05-08,2019,05,0,IMD GRID MODEL
Uttarakhand,Pauri Garhwal,2019-05-12,2019,05,0.211722141,IMD GRID MODEL
Uttarakhand,Pauri Garhwal,2019-05-15,2019,05,0.599490476,IMD GRID MODEL
Uttarakhand,Pauri Garhwal,2019-05-16,2019,05,0.053934126,IMD GRID MODEL
Uttarakhand,Pauri Garhwal,2019-06-07,2019,06,5.235877676,IMD GRID MODEL
Uttarakhand,Pauri Garhwal,2019-06-09,2019,06,1.635585506,IMD GRID MODEL
Uttarakhand,Pauri Garhwal,2019-06-16,2019,06,0,IMD GRID MODEL
Uttarakhand,Pauri Garhwal,2019-06-17,2019,06,0,IMD GRID MODEL
Uttarakhand,Pauri Garhwal,2019-06-28,2019,06,0.195604884,IMD GRID MODEL
Uttarakhand,Pauri Garhwal,2019-07-03,2019,07,5.335354594,IMD GRID MODEL
Uttarakhand,Pauri Garhwal,2019-07-10,2019,07,11.56580411,IMD GRID MODEL
Uttarakhand,Pauri Garhwal,2019-07-15,2019,07,17.01677567,IMD GRID MODEL
Uttarakhand,Pauri Garhwal,2019-07-17,2019,07,8.704588605,IMD GRID MODEL
Uttarakhand,Pauri Garhwal,2019-07-20,2019,07,1.659955852,IMD GRID MODEL
Uttarakhand,Pauri Garhwal,2019-07-23,2019,07,0.716946487,IMD GRID MODEL
Uttarakhand,Pauri Garhwal,2019-07-28,2019,07,7.90513187,IMD GRID MODEL
Uttarakhand,Pauri Garhwal,2019-08-03,2019,08,10.90735813,IMD GRID MODEL
Uttarakhand,Pauri Garhwal,2019-08-05,2019,08,0.682664384,IMD GRID MODEL
Uttarakhand,Pauri Garhwal,2019-08-06,2019,08,31.70086882,IMD GRID MODEL
Uttarakhand,Pauri Garhwal,2019-08-08,2019,08,2.61550099,IMD GRID MODEL
Uttarakhand,Pauri Garhwal,2019-08-09,2019,08,17.62677718,IMD GRID MODEL
Uttarakhand,Pauri Garhwal,2019-08-15,2019,08,5.73233847,IMD GRID MODEL
Uttarakhand,Pauri Garhwal,2019-08-16,2019,08,6.189670568,IMD GRID MODEL
Uttarakhand,Pauri Garhwal,2019-08-19,2019,08,43.4632239,IMD GRID MODEL
Uttarakhand,Pauri Garhwal,2019-08-20,2019,08,14.35767618,IMD GRID MODEL
Uttarakhand,Pauri Garhwal,2019-08-21,2019,08,0,IMD GRID MODEL
Uttarakhand,Pauri Garhwal,2019-08-22,2019,08,7.815471256,IMD GRID MODEL
Uttarakhand,Pauri Garhwal,2019-09-07,2019,09,18.39213412,IMD GRID MODEL
Uttarakhand,Pauri Garhwal,2019-09-08,2019,09,2.246469596,IMD GRID MODEL
Uttarakhand,Pauri Garhwal,2019-09-13,2019,09,4.108927271,IMD GRID MODEL
Uttarakhand,Pauri Garhwal,2019-09-15,2019,09,6.38485127,IMD GRID MODEL
Uttarakhand,Pauri Garhwal,2019-09-19,2019,09,6.672386799,IMD GRID MODEL
Uttarakhand,Pauri Garhwal,2019-09-23,2019,09,4.159754738,IMD GRID MODEL
Uttarakhand,Pauri Garhwal,2019-09-27,2019,09,4.474765473,IMD GRID MODEL
Uttarakhand,Pauri Garhwal,2019-09-30,2019,09,10.42998571,IMD GRID MODEL
Uttarakhand,Pauri Garhwal,2019-10-02,2019,10,5.727196798,IMD GRID MODEL
Uttarakhand,Pauri Garhwal,2019-10-07,2019,10,0,IMD GRID MODEL
Uttarakhand,Pauri Garhwal,2019-10-18,2019,10,0,IMD GRID MODEL
Uttarakhand,Pauri Garhwal,2019-10-22,2019,10,0,IMD GRID MODEL
Uttarakhand,Pauri Garhwal,2019-10-29,2019,10,0,IMD GRID MODEL
Uttarakhand,Pauri Garhwal,2019-10-30,2019,10,0,IMD GRID MODEL
Uttarakhand,Pauri Garhwal,2019-11-01,2019,11,0,IMD GRID MODEL
Uttarakhand,Pauri Garhwal,2019-11-05,2019,11,0,IMD GRID MODEL
Uttarakhand,Pauri Garhwal,2019-11-12,2019,11,0,IMD GRID MODEL
Uttarakhand,Pauri Garhwal,2019-11-13,2019,11,0,IMD GRID MODEL
Uttarakhand,Pauri Garhwal,2019-11-18,2019,11,0,IMD GRID MODEL
Uttarakhand,Pauri Garhwal,2019-12-05,2019,12,0,IMD GRID MODEL
Uttarakhand,Pauri Garhwal,2019-12-08,2019,12,0,IMD GRID MODEL
Uttarakhand,Pauri Garhwal,2019-12-19,2019,12,0,IMD GRID MODEL
Uttarakhand,Pauri Garhwal,2019-12-26,2019,12,0,IMD GRID MODEL
Uttarakhand,Pauri Garhwal,2019-12-31,2019,12,0,IMD GRID MODEL
Uttarakhand,Pithoragarh,2019-01-03,2019,01,0.321931586,IMD GRID MODEL
Uttarakhand,Pithoragarh,2019-01-13,2019,01,0.06238281,IMD GRID MODEL
Uttarakhand,Pithoragarh,2019-01-20,2019,01,0,IMD GRID MODEL
Uttarakhand,Pithoragarh,2019-02-05,2019,02,0,IMD GRID MODEL
Uttarakhand,Pithoragarh,2019-02-15,2019,02,13.94414099,IMD GRID MODEL
Uttarakhand,Pithoragarh,2019-02-16,2019,02,9.041358303,IMD GRID MODEL
Uttarakhand,Pithoragarh,2019-02-19,2019,02,25.54573148,IMD GRID MODEL
Uttarakhand,Pithoragarh,2019-02-22,2019,02,12.82301535,IMD GRID MODEL
Uttarakhand,Pithoragarh,2019-03-08,2019,03,0,IMD GRID MODEL
Uttarakhand,Pithoragarh,2019-03-11,2019,03,0,IMD GRID MODEL
Uttarakhand,Pithoragarh,2019-03-19,2019,03,0,IMD GRID MODEL
Uttarakhand,Pithoragarh,2019-03-23,2019,03,0,IMD GRID MODEL
Uttarakhand,Pithoragarh,2019-03-25,2019,03,0,IMD GRID MODEL
Uttarakhand,Pithoragarh,2019-03-26,2019,03,14.23113102,IMD GRID MODEL
Uttarakhand,Pithoragarh,2019-03-31,2019,03,0.09357421,IMD GRID MODEL
Uttarakhand,Pithoragarh,2019-04-01,2019,04,0,IMD GRID MODEL
Uttarakhand,Pithoragarh,2019-04-04,2019,04,0,IMD GRID MODEL
Uttarakhand,Pithoragarh,2019-04-05,2019,04,0,IMD GRID MODEL
Uttarakhand,Pithoragarh,2019-04-13,2019,04,0,IMD GRID MODEL
Uttarakhand,Pithoragarh,2019-04-14,2019,04,6.62280869,IMD GRID MODEL
Uttarakhand,Pithoragarh,2019-04-16,2019,04,0,IMD GRID MODEL
Uttarakhand,Pithoragarh,2019-04-19,2019,04,0.969109878,IMD GRID MODEL
Uttarakhand,Pithoragarh,2019-04-22,2019,04,5.559060076,IMD GRID MODEL
Uttarakhand,Pithoragarh,2019-04-23,2019,04,0,IMD GRID MODEL
Uttarakhand,Pithoragarh,2019-04-29,2019,04,0,IMD GRID MODEL
Uttarakhand,Pithoragarh,2019-05-02,2019,05,2.5772019,IMD GRID MODEL
Uttarakhand,Pithoragarh,2019-05-06,2019,05,0,IMD GRID MODEL
Uttarakhand,Pithoragarh,2019-05-11,2019,05,0,IMD GRID MODEL
Uttarakhand,Pithoragarh,2019-05-12,2019,05,3.30497774,IMD GRID MODEL
Uttarakhand,Pithoragarh,2019-05-18,2019,05,19.90047869,IMD GRID MODEL
Uttarakhand,Pithoragarh,2019-05-20,2019,05,0,IMD GRID MODEL
Uttarakhand,Pithoragarh,2019-05-23,2019,05,0.845485063,IMD GRID MODEL
Uttarakhand,Pithoragarh,2019-05-30,2019,05,0,IMD GRID MODEL
Uttarakhand,Pithoragarh,2019-06-08,2019,06,0,IMD GRID MODEL
Uttarakhand,Pithoragarh,2019-06-11,2019,06,0,IMD GRID MODEL
Uttarakhand,Pithoragarh,2019-06-18,2019,06,1.130788482,IMD GRID MODEL
Uttarakhand,Pithoragarh,2019-06-21,2019,06,25.60156891,IMD GRID MODEL
Uttarakhand,Champawat,2019-11-19,2019,11,0,IMD GRID MODEL
Uttarakhand,Champawat,2019-11-25,2019,11,0,IMD GRID MODEL
Uttarakhand,Champawat,2019-11-28,2019,11,0,IMD GRID MODEL
Uttarakhand,Champawat,2019-12-01,2019,12,0,IMD GRID MODEL
Uttarakhand,Champawat,2019-12-08,2019,12,0,IMD GRID MODEL
Uttarakhand,Champawat,2019-12-18,2019,12,0,IMD GRID MODEL
Uttarakhand,Champawat,2019-12-19,2019,12,0,IMD GRID MODEL
Uttarakhand,Champawat,2019-12-22,2019,12,0,IMD GRID MODEL
Uttarakhand,Dehradun,2019-01-02,2019,01,0,IMD GRID MODEL
Uttarakhand,Dehradun,2019-01-04,2019,01,0,IMD GRID MODEL
Uttarakhand,Dehradun,2019-01-09,2019,01,0,IMD GRID MODEL
Uttarakhand,Dehradun,2019-01-17,2019,01,0,IMD GRID MODEL
Uttarakhand,Dehradun,2019-01-23,2019,01,33.46982695,IMD GRID MODEL
Uttarakhand,Dehradun,2019-01-26,2019,01,11.52140728,IMD GRID MODEL
Uttarakhand,Dehradun,2019-02-01,2019,02,5.193020026,IMD GRID MODEL
Uttarakhand,Dehradun,2019-02-04,2019,02,0,IMD GRID MODEL
Uttarakhand,Dehradun,2019-02-14,2019,02,1.808631311,IMD GRID MODEL
Uttarakhand,Dehradun,2019-02-17,2019,02,0.421650783,IMD GRID MODEL
Uttarakhand,Dehradun,2019-02-18,2019,02,1.372211747,IMD GRID MODEL
Uttarakhand,Dehradun,2019-02-20,2019,02,1.61516762,IMD GRID MODEL
Uttarakhand,Dehradun,2019-02-25,2019,02,0,IMD GRID MODEL
Uttarakhand,Dehradun,2019-02-26,2019,02,0,IMD GRID MODEL
Uttarakhand,Dehradun,2019-03-02,2019,03,0,IMD GRID MODEL
Uttarakhand,Dehradun,2019-03-13,2019,03,0,IMD GRID MODEL
Uttarakhand,Dehradun,2019-03-15,2019,03,13.13711055,IMD GRID MODEL
Uttarakhand,Dehradun,2019-03-20,2019,03,0.010308009,IMD GRID MODEL
Uttarakhand,Dehradun,2019-03-26,2019,03,7.745734687,IMD GRID MODEL
Uttarakhand,Dehradun,2019-03-30,2019,03,0,IMD GRID MODEL
Uttarakhand,Dehradun,2019-03-31,2019,03,0,IMD GRID MODEL
Uttarakhand,Dehradun,2019-04-01,2019,04,0,IMD GRID MODEL
Uttarakhand,Dehradun,2019-04-09,2019,04,6.629601254,IMD GRID MODEL
Uttarakhand,Dehradun,2019-04-26,2019,04,1.517297072,IMD GRID MODEL
Uttarakhand,Dehradun,2019-04-30,2019,04,0,IMD GRID MODEL
Uttarakhand,Dehradun,2019-05-09,2019,05,0,IMD GRID MODEL
Uttarakhand,Dehradun,2019-05-18,2019,05,2.138968944,IMD GRID MODEL
Uttarakhand,Dehradun,2019-05-26,2019,05,0.875334768,IMD GRID MODEL
Uttarakhand,Dehradun,2019-05-27,2019,05,0,IMD GRID MODEL
Uttarakhand,Dehradun,2019-05-28,2019,05,0,IMD GRID MODEL
Uttarakhand,Dehradun,2019-05-30,2019,05,0,IMD GRID MODEL
Uttarakhand,Dehradun,2019-06-07,2019,06,0.436218417,IMD GRID MODEL
Uttarakhand,Dehradun,2019-06-08,2019,06,0,IMD GRID MODEL
Uttarakhand,Dehradun,2019-06-18,2019,06,20.75963254,IMD GRID MODEL
Uttarakhand,Dehradun,2019-06-28,2019,06,2.504049517,IMD GRID MODEL
Uttarakhand,Dehradun,2019-07-03,2019,07,0.65980239,IMD GRID MODEL
Uttarakhand,Dehradun,2019-07-10,2019,07,25.37051075,IMD GRID MODEL
Uttarakhand,Dehradun,2019-07-12,2019,07,11.21188998,IMD GRID MODEL
Uttarakhand,Dehradun,2019-07-21,2019,07,2.419261746,IMD GRID MODEL
Uttarakhand,Dehradun,2019-07-27,2019,07,25.30279043,IMD GRID MODEL
Uttarakhand,Dehradun,2019-08-06,2019,08,26.22588995,IMD GRID MODEL
Uttarakhand,Dehradun,2019-08-09,2019,08,37.20329765,IMD GRID MODEL
Uttarakhand,Dehradun,2019-08-10,2019,08,6.125574753,IMD GRID MODEL
Uttarakhand,Dehradun,2019-08-11,2019,08,3.695068605,IMD GRID MODEL
Uttarakhand,Dehradun,2019-08-16,2019,08,6.377776339,IMD GRID MODEL
Uttarakhand,Dehradun,2019-08-20,2019,08,0.546515055,IMD GRID MODEL
Uttarakhand,Dehradun,2019-08-31,2019,08,14.27900707,IMD GRID MODEL
Uttarakhand,Dehradun,2019-09-05,2019,09,1.726572126,IMD GRID MODEL
Uttarakhand,Dehradun,2019-09-10,2019,09,0.025958602,IMD GRID MODEL
Uttarakhand,Dehradun,2019-09-11,2019,09,0.510192471,IMD GRID MODEL
Uttarakhand,Dehradun,2019-09-12,2019,09,7.653105952,IMD GRID MODEL
Uttarakhand,Dehradun,2019-09-23,2019,09,1.947527507,IMD GRID MODEL
Uttarakhand,Dehradun,2019-09-25,2019,09,2.466614114,IMD GRID MODEL
Uttarakhand,Dehradun,2019-10-12,2019,10,0,IMD GRID MODEL
Uttarakhand,Dehradun,2019-10-18,2019,10,0,IMD GRID MODEL
Uttarakhand,Dehradun,2019-10-31,2019,10,0,IMD GRID MODEL
Uttarakhand,Dehradun,2019-11-01,2019,11,0,IMD GRID MODEL
Uttarakhand,Dehradun,2019-11-02,2019,11,0,IMD GRID MODEL
Uttarakhand,Dehradun,2019-11-09,2019,11,0.276205428,IMD GRID MODEL
Uttarakhand,Dehradun,2019-11-15,2019,11,0,IMD GRID MODEL
Uttarakhand,Dehradun,2019-11-16,2019,11,0,IMD GRID MODEL
Uttarakhand,Dehradun,2019-11-19,2019,11,0,IMD GRID MODEL
Uttarakhand,Dehradun,2019-11-23,2019,11,0.165723254,IMD GRID MODEL
Uttarakhand,Dehradun,2019-11-25,2019,11,0,IMD GRID MODEL
Uttarakhand,Dehradun,2019-12-01,2019,12,0,IMD GRID MODEL
Uttarakhand,Dehradun,2019-12-04,2019,12,0,IMD GRID MODEL
Uttarakhand,Dehradun,2019-12-08,2019,12,0,IMD GRID MODEL
Uttarakhand,Dehradun,2019-12-18,2019,12,0,IMD GRID MODEL
Uttarakhand,Haridwar,2019-01-02,2019,01,0,IMD GRID MODEL
Uttarakhand,Haridwar,2019-01-03,2019,01,0,IMD GRID MODEL
Uttarakhand,Haridwar,2019-01-07,2019,01,0.956143599,IMD GRID MODEL
Uttarakhand,Haridwar,2019-01-11,2019,01,0,IMD GRID MODEL
Uttarakhand,Haridwar,2019-01-13,2019,01,5.23e-05,IMD GRID MODEL
Uttarakhand,Haridwar,2019-01-16,2019,01,0,IMD GRID MODEL
Uttarakhand,Haridwar,2019-01-19,2019,01,0,IMD GRID MODEL
Uttarakhand,Haridwar,2019-01-30,2019,01,0,IMD GRID MODEL
Uttarakhand,Haridwar,2019-02-04,2019,02,0,IMD GRID MODEL
Uttarakhand,Haridwar,2019-02-11,2019,02,0,IMD GRID MODEL
Uttarakhand,Haridwar,2019-02-17,2019,02,1.16448191,IMD GRID MODEL
Uttarakhand,Haridwar,2019-02-24,2019,02,0,IMD GRID MODEL
Uttarakhand,Haridwar,2019-03-02,2019,03,0,IMD GRID MODEL
Uttarakhand,Haridwar,2019-03-09,2019,03,2.97e-05,IMD GRID MODEL
Uttarakhand,Haridwar,2019-03-22,2019,03,0,IMD GRID MODEL
Uttarakhand,Haridwar,2019-04-03,2019,04,0,IMD GRID MODEL
Uttarakhand,Haridwar,2019-04-08,2019,04,0.037575197,IMD GRID MODEL
Uttarakhand,Haridwar,2019-04-17,2019,04,1.033817742,IMD GRID MODEL
Uttarakhand,Haridwar,2019-04-22,2019,04,1.136598062,IMD GRID MODEL
Uttarakhand,Haridwar,2019-04-28,2019,04,0,IMD GRID MODEL
Uttarakhand,Haridwar,2019-05-02,2019,05,3.955881186,IMD GRID MODEL
Uttarakhand,Haridwar,2019-05-06,2019,05,0,IMD GRID MODEL
Uttarakhand,Haridwar,2019-05-08,2019,05,0,IMD GRID MODEL
Uttarakhand,Haridwar,2019-05-17,2019,05,0,IMD GRID MODEL
Uttarakhand,Haridwar,2019-05-26,2019,05,3.78e-05,IMD GRID MODEL
Uttarakhand,Haridwar,2019-06-03,2019,06,3.047112102,IMD GRID MODEL
Uttarakhand,Haridwar,2019-06-12,2019,06,18.22793031,IMD GRID MODEL
Uttarakhand,Haridwar,2019-06-13,2019,06,0.038852458,IMD GRID MODEL
Uttarakhand,Haridwar,2019-06-15,2019,06,0,IMD GRID MODEL
Uttarakhand,Haridwar,2019-06-17,2019,06,0,IMD GRID MODEL
Uttarakhand,Haridwar,2019-06-22,2019,06,0.589237468,IMD GRID MODEL
Uttarakhand,Haridwar,2019-06-27,2019,06,0,IMD GRID MODEL
Uttarakhand,Haridwar,2019-07-02,2019,07,18.54882766,IMD GRID MODEL
Uttarakhand,Haridwar,2019-07-04,2019,07,14.01377254,IMD GRID MODEL
Uttarakhand,Haridwar,2019-07-07,2019,07,0.828788788,IMD GRID MODEL
Uttarakhand,Haridwar,2019-07-11,2019,07,6.46876235,IMD GRID MODEL
Uttarakhand,Haridwar,2019-07-18,2019,07,0.772799114,IMD GRID MODEL
Uttarakhand,Haridwar,2019-07-22,2019,07,1.463545433,IMD GRID MODEL
Uttarakhand,Haridwar,2019-07-27,2019,07,14.68349628,IMD GRID MODEL
Uttarakhand,Haridwar,2019-07-30,2019,07,4.077206761,IMD GRID MODEL
Uttarakhand,Haridwar,2019-07-31,2019,07,0.983045966,IMD GRID MODEL
Uttarakhand,Haridwar,2019-08-05,2019,08,4.470879454,IMD GRID MODEL
Uttarakhand,Haridwar,2019-08-15,2019,08,1.753804731,IMD GRID MODEL
Uttarakhand,Haridwar,2019-08-18,2019,08,27.30981559,IMD GRID MODEL
Uttarakhand,Haridwar,2019-08-21,2019,08,0,IMD GRID MODEL
Uttarakhand,Haridwar,2019-08-30,2019,08,11.61763143,IMD GRID MODEL
Uttarakhand,Haridwar,2019-09-08,2019,09,4.131149492,IMD GRID MODEL
Uttarakhand,Haridwar,2019-09-09,2019,09,0,IMD GRID MODEL
Uttarakhand,Haridwar,2019-09-12,2019,09,9.90392874,IMD GRID MODEL
Uttarakhand,Haridwar,2019-09-13,2019,09,18.30752276,IMD GRID MODEL
Uttarakhand,Haridwar,2019-09-14,2019,09,1.304112251,IMD GRID MODEL
Uttarakhand,Haridwar,2019-09-20,2019,09,0.778695385,IMD GRID MODEL
Uttarakhand,Haridwar,2019-09-22,2019,09,10.73683271,IMD GRID MODEL
Uttarakhand,Haridwar,2019-10-03,2019,10,0,IMD GRID MODEL
Uttarakhand,Haridwar,2019-10-06,2019,10,0,IMD GRID MODEL
Uttarakhand,Haridwar,2019-10-20,2019,10,0,IMD GRID MODEL
Uttarakhand,Haridwar,2019-10-22,2019,10,0,IMD GRID MODEL
Uttarakhand,Haridwar,2019-10-26,2019,10,0,IMD GRID MODEL
Uttarakhand,Haridwar,2019-10-31,2019,10,0,IMD GRID MODEL
Uttarakhand,Haridwar,2019-11-02,2019,11,0,IMD GRID MODEL
Uttarakhand,Haridwar,2019-11-03,2019,11,0,IMD GRID MODEL
Uttarakhand,Haridwar,2019-11-10,2019,11,0,IMD GRID MODEL
Uttarakhand,Haridwar,2019-11-12,2019,11,0,IMD GRID MODEL
Uttarakhand,Haridwar,2019-11-15,2019,11,0,IMD GRID MODEL
Uttarakhand,Haridwar,2019-11-26,2019,11,0.009799482,IMD GRID MODEL
Uttarakhand,Haridwar,2019-11-28,2019,11,8.222022952,IMD GRID MODEL
Uttarakhand,Haridwar,2019-12-04,2019,12,0,IMD GRID MODEL
Uttarakhand,Haridwar,2019-12-12,2019,12,0.033905583,IMD GRID MODEL
Uttarakhand,Haridwar,2019-12-22,2019,12,0,IMD GRID MODEL
Uttarakhand,Haridwar,2019-12-27,2019,12,0,IMD GRID MODEL
Uttarakhand,Haridwar,2019-12-31,2019,12,0,IMD GRID MODEL
Uttarakhand,Nainital,2019-01-05,2019,01,0,IMD GRID MODEL
Uttarakhand,Pithoragarh,2019-07-01,2019,07,1.207667247,IMD GRID MODEL
Uttarakhand,Pithoragarh,2019-07-05,2019,07,46.47943471,IMD GRID MODEL
Uttarakhand,Pithoragarh,2019-07-06,2019,07,1.747220969,IMD GRID MODEL
Uttarakhand,Pithoragarh,2019-07-07,2019,07,4.642919336,IMD GRID MODEL
Uttarakhand,Pithoragarh,2019-07-09,2019,07,27.39443713,IMD GRID MODEL
Uttarakhand,Pithoragarh,2019-07-13,2019,07,64.23364096,IMD GRID MODEL
Uttarakhand,Pithoragarh,2019-07-21,2019,07,0.065341701,IMD GRID MODEL
Uttarakhand,Pithoragarh,2019-07-27,2019,07,34.28454283,IMD GRID MODEL
Uttarakhand,Pithoragarh,2019-07-29,2019,07,8.012855485,IMD GRID MODEL
Uttarakhand,Pithoragarh,2019-08-03,2019,08,36.23639261,IMD GRID MODEL
Uttarakhand,Pithoragarh,2019-08-19,2019,08,27.67952975,IMD GRID MODEL
Uttarakhand,Pithoragarh,2019-08-24,2019,08,16.27810744,IMD GRID MODEL
Uttarakhand,Pithoragarh,2019-08-26,2019,08,12.67088653,IMD GRID MODEL
Uttarakhand,Pithoragarh,2019-09-07,2019,09,38.8437341,IMD GRID MODEL
Uttarakhand,Pithoragarh,2019-09-13,2019,09,40.34310844,IMD GRID MODEL
Uttarakhand,Pithoragarh,2019-09-19,2019,09,10.16078259,IMD GRID MODEL
Uttarakhand,Pithoragarh,2019-09-21,2019,09,0,IMD GRID MODEL
Uttarakhand,Pithoragarh,2019-09-23,2019,09,3.820328257,IMD GRID MODEL
Uttarakhand,Pithoragarh,2019-09-29,2019,09,26.48797932,IMD GRID MODEL
Uttarakhand,Pithoragarh,2019-10-08,2019,10,0,IMD GRID MODEL
Uttarakhand,Pithoragarh,2019-10-15,2019,10,0,IMD GRID MODEL
Uttarakhand,Pithoragarh,2019-10-17,2019,10,0,IMD GRID MODEL
Uttarakhand,Pithoragarh,2019-10-27,2019,10,0,IMD GRID MODEL
Uttarakhand,Pithoragarh,2019-11-01,2019,11,0,IMD GRID MODEL
Uttarakhand,Pithoragarh,2019-11-04,2019,11,0,IMD GRID MODEL
Uttarakhand,Pithoragarh,2019-11-16,2019,11,0,IMD GRID MODEL
Uttarakhand,Pithoragarh,2019-12-03,2019,12,0,IMD GRID MODEL
Uttarakhand,Pithoragarh,2019-12-04,2019,12,0,IMD GRID MODEL
Uttarakhand,Pithoragarh,2019-12-05,2019,12,0,IMD GRID MODEL
Uttarakhand,Pithoragarh,2019-12-13,2019,12,14.43508294,IMD GRID MODEL
Uttarakhand,Pithoragarh,2019-12-24,2019,12,0,IMD GRID MODEL
Uttarakhand,Pithoragarh,2019-12-29,2019,12,0,IMD GRID MODEL
Uttarakhand,Rudra Prayag,2019-01-07,2019,01,9.186594281,IMD GRID MODEL
Uttarakhand,Rudra Prayag,2019-01-18,2019,01,0,IMD GRID MODEL
Uttarakhand,Rudra Prayag,2019-01-19,2019,01,0,IMD GRID MODEL
Uttarakhand,Rudra Prayag,2019-01-25,2019,01,5.011511649,IMD GRID MODEL
Uttarakhand,Rudra Prayag,2019-01-26,2019,01,11.22746692,IMD GRID MODEL
Uttarakhand,Rudra Prayag,2019-02-02,2019,02,2.03084366,IMD GRID MODEL
Uttarakhand,Rudra Prayag,2019-02-03,2019,02,0,IMD GRID MODEL
Uttarakhand,Rudra Prayag,2019-02-04,2019,02,0,IMD GRID MODEL
Uttarakhand,Rudra Prayag,2019-02-05,2019,02,0,IMD GRID MODEL
Uttarakhand,Rudra Prayag,2019-02-06,2019,02,0,IMD GRID MODEL
Uttarakhand,Rudra Prayag,2019-02-14,2019,02,0.000998377,IMD GRID MODEL
Uttarakhand,Rudra Prayag,2019-02-16,2019,02,11.21676769,IMD GRID MODEL
Uttarakhand,Rudra Prayag,2019-02-18,2019,02,3.005198164,IMD GRID MODEL
Uttarakhand,Rudra Prayag,2019-02-19,2019,02,19.95367789,IMD GRID MODEL
Uttarakhand,Rudra Prayag,2019-02-20,2019,02,0.382634732,IMD GRID MODEL
Uttarakhand,Rudra Prayag,2019-03-01,2019,03,0,IMD GRID MODEL
Uttarakhand,Rudra Prayag,2019-03-06,2019,03,0.573952078,IMD GRID MODEL
Uttarakhand,Rudra Prayag,2019-03-13,2019,03,0,IMD GRID MODEL
Uttarakhand,Rudra Prayag,2019-03-11,2019,03,0,IMD GRID MODEL
Uttarakhand,Rudra Prayag,2019-03-18,2019,03,2.482276896,IMD GRID MODEL
Uttarakhand,Rudra Prayag,2019-03-23,2019,03,0,IMD GRID MODEL
Uttarakhand,Rudra Prayag,2019-03-24,2019,03,0,IMD GRID MODEL
Uttarakhand,Rudra Prayag,2019-03-29,2019,03,0,IMD GRID MODEL
Uttarakhand,Rudra Prayag,2019-03-30,2019,03,0.43885957,IMD GRID MODEL
Uttarakhand,Rudra Prayag,2019-04-18,2019,04,16.87523147,IMD GRID MODEL
Uttarakhand,Rudra Prayag,2019-04-19,2019,04,2.680158041,IMD GRID MODEL
Uttarakhand,Rudra Prayag,2019-04-20,2019,04,0.573952078,IMD GRID MODEL
Uttarakhand,Rudra Prayag,2019-04-21,2019,04,0,IMD GRID MODEL
Uttarakhand,Rudra Prayag,2019-04-28,2019,04,0,IMD GRID MODEL
Uttarakhand,Rudra Prayag,2019-05-07,2019,05,0,IMD GRID MODEL
Uttarakhand,Rudra Prayag,2019-05-10,2019,05,0,IMD GRID MODEL
Uttarakhand,Rudra Prayag,2019-05-14,2019,05,3.294903955,IMD GRID MODEL
Uttarakhand,Rudra Prayag,2019-05-20,2019,05,0,IMD GRID MODEL
Uttarakhand,Rudra Prayag,2019-05-21,2019,05,0,IMD GRID MODEL
Uttarakhand,Rudra Prayag,2019-05-24,2019,05,0.059505062,IMD GRID MODEL
Uttarakhand,Rudra Prayag,2019-05-28,2019,05,0,IMD GRID MODEL
Uttarakhand,Rudra Prayag,2019-05-31,2019,05,0,IMD GRID MODEL
Uttarakhand,Rudra Prayag,2019-06-06,2019,06,0,IMD GRID MODEL
Uttarakhand,Rudra Prayag,2019-06-07,2019,06,1.691303959,IMD GRID MODEL
Uttarakhand,Rudra Prayag,2019-06-08,2019,06,0,IMD GRID MODEL
Uttarakhand,Rudra Prayag,2019-06-15,2019,06,0.099175098,IMD GRID MODEL
Uttarakhand,Rudra Prayag,2019-07-05,2019,07,5.552330883,IMD GRID MODEL
Uttarakhand,Rudra Prayag,2019-07-06,2019,07,0.243519953,IMD GRID MODEL
Uttarakhand,Rudra Prayag,2019-07-11,2019,07,10.10217479,IMD GRID MODEL
Uttarakhand,Rudra Prayag,2019-07-14,2019,07,9.664556324,IMD GRID MODEL
Uttarakhand,Rudra Prayag,2019-07-23,2019,07,0.638834735,IMD GRID MODEL
Uttarakhand,Rudra Prayag,2019-07-25,2019,07,15.65983316,IMD GRID MODEL
Uttarakhand,Rudra Prayag,2019-07-31,2019,07,2.292251203,IMD GRID MODEL
Uttarakhand,Rudra Prayag,2019-08-02,2019,08,8.800922267,IMD GRID MODEL
Uttarakhand,Rudra Prayag,2019-08-07,2019,08,12.37794393,IMD GRID MODEL
Uttarakhand,Rudra Prayag,2019-08-16,2019,08,8.055199529,IMD GRID MODEL
Uttarakhand,Rudra Prayag,2019-08-17,2019,08,22.57391637,IMD GRID MODEL
Uttarakhand,Rudra Prayag,2019-08-20,2019,08,4.84400994,IMD GRID MODEL
Uttarakhand,Rudra Prayag,2019-08-25,2019,08,29.65248578,IMD GRID MODEL
Uttarakhand,Rudra Prayag,2019-09-06,2019,09,3.360839486,IMD GRID MODEL
Uttarakhand,Rudra Prayag,2019-09-08,2019,09,35.87816179,IMD GRID MODEL
Uttarakhand,Rudra Prayag,2019-09-13,2019,09,24.87493836,IMD GRID MODEL
Uttarakhand,Rudra Prayag,2019-09-27,2019,09,22.80027415,IMD GRID MODEL
Uttarakhand,Rudra Prayag,2019-09-30,2019,09,10.06624009,IMD GRID MODEL
Uttarakhand,Rudra Prayag,2019-10-11,2019,10,0,IMD GRID MODEL
Uttarakhand,Rudra Prayag,2019-10-12,2019,10,0,IMD GRID MODEL
Uttarakhand,Rudra Prayag,2019-10-13,2019,10,0,IMD GRID MODEL
Uttarakhand,Rudra Prayag,2019-10-17,2019,10,0,IMD GRID MODEL
Uttarakhand,Rudra Prayag,2019-10-20,2019,10,0,IMD GRID MODEL
Uttarakhand,Rudra Prayag,2019-10-21,2019,10,0.374275592,IMD GRID MODEL
Uttarakhand,Rudra Prayag,2019-10-26,2019,10,0,IMD GRID MODEL
Uttarakhand,Rudra Prayag,2019-10-29,2019,10,0,IMD GRID MODEL
Uttarakhand,Rudra Prayag,2019-11-04,2019,11,0,IMD GRID MODEL
Uttarakhand,Rudra Prayag,2019-11-14,2019,11,0,IMD GRID MODEL
Uttarakhand,Rudra Prayag,2019-12-01,2019,12,0,IMD GRID MODEL
Uttarakhand,Rudra Prayag,2019-12-11,2019,12,0,IMD GRID MODEL
Uttarakhand,Rudra Prayag,2019-12-16,2019,12,0.294604996,IMD GRID MODEL
Uttarakhand,Rudra Prayag,2019-12-24,2019,12,0,IMD GRID MODEL
Uttarakhand,Rudra Prayag,2019-12-25,2019,12,0,IMD GRID MODEL
Uttarakhand,Rudra Prayag,2019-12-26,2019,12,0,IMD GRID MODEL
Uttarakhand,Rudra Prayag,2019-12-29,2019,12,0,IMD GRID MODEL
Uttarakhand,Rudra Prayag,2019-02-24,2019,02,0,IMD GRID MODEL
Uttarakhand,Rudra Prayag,2019-03-07,2019,03,0,IMD GRID MODEL
Uttarakhand,Rudra Prayag,2019-06-01,2019,06,0.457861275,IMD GRID MODEL
Uttarakhand,Rudra Prayag,2019-07-30,2019,07,27.20571582,IMD GRID MODEL
Uttarakhand,Rudra Prayag,2019-10-25,2019,10,0,IMD GRID MODEL
Uttarakhand,Rudra Prayag,2019-11-03,2019,11,0,IMD GRID MODEL
Uttarakhand,Tehri Garhwal,2019-01-12,2019,01,0,IMD GRID MODEL
Uttarakhand,Tehri Garhwal,2019-01-18,2019,01,0,IMD GRID MODEL
Uttarakhand,Tehri Garhwal,2019-01-25,2019,01,4.183266819,IMD GRID MODEL
Uttarakhand,Tehri Garhwal,2019-02-07,2019,02,0.065323957,IMD GRID MODEL
Uttarakhand,Tehri Garhwal,2019-02-11,2019,02,0,IMD GRID MODEL
Uttarakhand,Tehri Garhwal,2019-02-13,2019,02,0,IMD GRID MODEL
Uttarakhand,Tehri Garhwal,2019-02-19,2019,02,15.87994258,IMD GRID MODEL
Uttarakhand,Tehri Garhwal,2019-02-20,2019,02,0.752073595,IMD GRID MODEL
Uttarakhand,Tehri Garhwal,2019-02-24,2019,02,0,IMD GRID MODEL
Uttarakhand,Tehri Garhwal,2019-03-01,2019,03,0,IMD GRID MODEL
Uttarakhand,Tehri Garhwal,2019-03-02,2019,03,0,IMD GRID MODEL
Uttarakhand,Tehri Garhwal,2019-03-05,2019,03,2.513533251,IMD GRID MODEL
Uttarakhand,Tehri Garhwal,2019-03-09,2019,03,0.034960041,IMD GRID MODEL
Uttarakhand,Tehri Garhwal,2019-03-15,2019,03,8.295347774,IMD GRID MODEL
Uttarakhand,Tehri Garhwal,2019-03-20,2019,03,0,IMD GRID MODEL
Uttarakhand,Tehri Garhwal,2019-03-24,2019,03,0,IMD GRID MODEL
Uttarakhand,Tehri Garhwal,2019-04-03,2019,04,0,IMD GRID MODEL
Uttarakhand,Tehri Garhwal,2019-04-04,2019,04,0,IMD GRID MODEL
Uttarakhand,Tehri Garhwal,2019-04-05,2019,04,0.479392103,IMD GRID MODEL
Uttarakhand,Tehri Garhwal,2019-04-11,2019,04,0.005897409,IMD GRID MODEL
Uttarakhand,Tehri Garhwal,2019-04-14,2019,04,3.83e-05,IMD GRID MODEL
Uttarakhand,Tehri Garhwal,2019-04-18,2019,04,13.58422085,IMD GRID MODEL
Uttarakhand,Tehri Garhwal,2019-04-20,2019,04,0.067050209,IMD GRID MODEL
Uttarakhand,Tehri Garhwal,2019-04-23,2019,04,0,IMD GRID MODEL
Uttarakhand,Tehri Garhwal,2019-04-29,2019,04,0,IMD GRID MODEL
Uttarakhand,Tehri Garhwal,2019-05-01,2019,05,0.526610182,IMD GRID MODEL
Uttarakhand,Tehri Garhwal,2019-05-02,2019,05,3.28530995,IMD GRID MODEL
Uttarakhand,Tehri Garhwal,2019-05-05,2019,05,0.204642256,IMD GRID MODEL
Uttarakhand,Tehri Garhwal,2019-05-14,2019,05,2.896667735,IMD GRID MODEL
Uttarakhand,Tehri Garhwal,2019-05-23,2019,05,0.022350069,IMD GRID MODEL
Uttarakhand,Tehri Garhwal,2019-05-24,2019,05,0.013785728,IMD GRID MODEL
Uttarakhand,Tehri Garhwal,2019-06-03,2019,06,5.510225704,IMD GRID MODEL
Uttarakhand,Tehri Garhwal,2019-06-12,2019,06,5.849615184,IMD GRID MODEL
Uttarakhand,Tehri Garhwal,2019-06-21,2019,06,2.124482024,IMD GRID MODEL
Uttarakhand,Tehri Garhwal,2019-06-22,2019,06,3.970134687,IMD GRID MODEL
Uttarakhand,Tehri Garhwal,2019-06-28,2019,06,0.290899657,IMD GRID MODEL
Uttarakhand,Tehri Garhwal,2019-07-02,2019,07,5.400679528,IMD GRID MODEL
Uttarakhand,Tehri Garhwal,2019-07-07,2019,07,3.127463248,IMD GRID MODEL
Uttarakhand,Tehri Garhwal,2019-07-31,2019,07,2.600815271,IMD GRID MODEL
Uttarakhand,Tehri Garhwal,2019-08-01,2019,08,6.566505856,IMD GRID MODEL
Uttarakhand,Tehri Garhwal,2019-08-09,2019,08,45.43206381,IMD GRID MODEL
Uttarakhand,Tehri Garhwal,2019-08-10,2019,08,12.74419728,IMD GRID MODEL
Uttarakhand,Tehri Garhwal,2019-08-11,2019,08,7.025246201,IMD GRID MODEL
Uttarakhand,Tehri Garhwal,2019-08-17,2019,08,22.41360486,IMD GRID MODEL
Uttarakhand,Tehri Garhwal,2019-08-18,2019,08,36.94698795,IMD GRID MODEL
Uttarakhand,Tehri Garhwal,2019-08-27,2019,08,0.514908187,IMD GRID MODEL
Uttarakhand,Tehri Garhwal,2019-08-28,2019,08,0.141784332,IMD GRID MODEL
Uttarakhand,Tehri Garhwal,2019-09-04,2019,09,8.470252386,IMD GRID MODEL
Uttarakhand,Tehri Garhwal,2019-09-08,2019,09,17.44972703,IMD GRID MODEL
Uttarakhand,Tehri Garhwal,2019-09-12,2019,09,2.729207668,IMD GRID MODEL
Uttarakhand,Tehri Garhwal,2019-09-26,2019,09,10.29611659,IMD GRID MODEL
Uttarakhand,Tehri Garhwal,2019-10-04,2019,10,4.788967574,IMD GRID MODEL
Uttarakhand,Tehri Garhwal,2019-10-07,2019,10,0,IMD GRID MODEL
Uttarakhand,Tehri Garhwal,2019-10-09,2019,10,0.071277511,IMD GRID MODEL
Uttarakhand,Tehri Garhwal,2019-10-14,2019,10,0,IMD GRID MODEL
Uttarakhand,Tehri Garhwal,2019-10-22,2019,10,0,IMD GRID MODEL
Uttarakhand,Tehri Garhwal,2019-10-24,2019,10,0,IMD GRID MODEL
Uttarakhand,Tehri Garhwal,2019-11-03,2019,11,0,IMD GRID MODEL
Uttarakhand,Tehri Garhwal,2019-11-12,2019,11,0,IMD GRID MODEL
Uttarakhand,Tehri Garhwal,2019-11-23,2019,11,0,IMD GRID MODEL
Uttarakhand,Tehri Garhwal,2019-12-05,2019,12,0,IMD GRID MODEL
Uttarakhand,Tehri Garhwal,2019-12-08,2019,12,0,IMD GRID MODEL
Uttarakhand,Tehri Garhwal,2019-12-09,2019,12,0,IMD GRID MODEL
Uttarakhand,Tehri Garhwal,2019-12-10,2019,12,0,IMD GRID MODEL
Uttarakhand,Tehri Garhwal,2019-12-21,2019,12,0,IMD GRID MODEL
Uttarakhand,Tehri Garhwal,2019-12-27,2019,12,0,IMD GRID MODEL
Uttarakhand,Tehri Garhwal,2019-12-28,2019,12,0,IMD GRID MODEL
Uttarakhand,Udam Singh Nagar,2019-01-03,2019,01,0,IMD GRID MODEL
Uttarakhand,Udam Singh Nagar,2019-01-19,2019,01,0,IMD GRID MODEL
Uttarakhand,Udam Singh Nagar,2019-02-07,2019,02,2.454053847,IMD GRID MODEL
Uttarakhand,Udam Singh Nagar,2019-02-09,2019,02,6.540662749,IMD GRID MODEL
Uttarakhand,Udam Singh Nagar,2019-02-15,2019,02,9.012656253,IMD GRID MODEL
Uttarakhand,Udam Singh Nagar,2019-02-21,2019,02,0.172027135,IMD GRID MODEL
Uttarakhand,Udam Singh Nagar,2019-02-25,2019,02,0,IMD GRID MODEL
Uttarakhand,Udam Singh Nagar,2019-02-26,2019,02,0.300224758,IMD GRID MODEL
Uttarakhand,Udam Singh Nagar,2019-03-01,2019,03,0,IMD GRID MODEL
Uttarakhand,Udam Singh Nagar,2019-03-05,2019,03,2.069154079,IMD GRID MODEL
Uttarakhand,Udam Singh Nagar,2019-03-10,2019,03,0,IMD GRID MODEL
Uttarakhand,Udam Singh Nagar,2019-03-12,2019,03,0.185483341,IMD GRID MODEL
Uttarakhand,Udam Singh Nagar,2019-03-25,2019,03,0,IMD GRID MODEL
Uttarakhand,Udam Singh Nagar,2019-03-28,2019,03,0,IMD GRID MODEL
Uttarakhand,Udam Singh Nagar,2019-03-29,2019,03,0,IMD GRID MODEL
Uttarakhand,Udam Singh Nagar,2019-03-31,2019,03,0,IMD GRID MODEL
Uttarakhand,Udam Singh Nagar,2019-04-01,2019,04,0,IMD GRID MODEL
Uttarakhand,Udam Singh Nagar,2019-04-05,2019,04,0,IMD GRID MODEL
Uttarakhand,Udam Singh Nagar,2019-04-07,2019,04,0.903310814,IMD GRID MODEL
Uttarakhand,Udam Singh Nagar,2019-04-08,2019,04,0.449459588,IMD GRID MODEL
Uttarakhand,Udam Singh Nagar,2019-04-10,2019,04,0,IMD GRID MODEL
Uttarakhand,Udam Singh Nagar,2019-04-22,2019,04,0.115260677,IMD GRID MODEL
Uttarakhand,Udam Singh Nagar,2019-04-23,2019,04,0,IMD GRID MODEL
Uttarakhand,Udam Singh Nagar,2019-04-27,2019,04,0,IMD GRID MODEL
Uttarakhand,Udam Singh Nagar,2019-04-30,2019,04,0,IMD GRID MODEL
Uttarakhand,Udam Singh Nagar,2019-05-02,2019,05,0.461399221,IMD GRID MODEL
Uttarakhand,Udam Singh Nagar,2019-05-13,2019,05,0,IMD GRID MODEL
Uttarakhand,Udam Singh Nagar,2019-05-14,2019,05,0.551155824,IMD GRID MODEL
Uttarakhand,Udam Singh Nagar,2019-05-17,2019,05,0.658579964,IMD GRID MODEL
Uttarakhand,Udam Singh Nagar,2019-05-23,2019,05,0,IMD GRID MODEL
Uttarakhand,Udam Singh Nagar,2019-05-24,2019,05,0,IMD GRID MODEL
Uttarakhand,Udam Singh Nagar,2019-06-03,2019,06,6.864553373,IMD GRID MODEL
Uttarakhand,Udam Singh Nagar,2019-06-04,2019,06,0.000519885,IMD GRID MODEL
Uttarakhand,Udam Singh Nagar,2019-06-05,2019,06,0,IMD GRID MODEL
Uttarakhand,Udam Singh Nagar,2019-06-16,2019,06,0,IMD GRID MODEL
Uttarakhand,Udam Singh Nagar,2019-06-17,2019,06,0,IMD GRID MODEL
Uttarakhand,Udam Singh Nagar,2019-06-21,2019,06,0,IMD GRID MODEL
Uttarakhand,Udam Singh Nagar,2019-06-24,2019,06,15.12451875,IMD GRID MODEL
Uttarakhand,Udam Singh Nagar,2019-06-30,2019,06,3.827371375,IMD GRID MODEL
Uttarakhand,Udam Singh Nagar,2019-07-03,2019,07,22.41960153,IMD GRID MODEL
Uttarakhand,Udam Singh Nagar,2019-07-08,2019,07,22.3000052,IMD GRID MODEL
Uttarakhand,Udam Singh Nagar,2019-07-12,2019,07,12.35584045,IMD GRID MODEL
Uttarakhand,Udam Singh Nagar,2019-07-31,2019,07,5.9192446,IMD GRID MODEL
Uttarakhand,Udam Singh Nagar,2019-08-05,2019,08,11.33267448,IMD GRID MODEL
Uttarakhand,Udam Singh Nagar,2019-08-12,2019,08,34.53410282,IMD GRID MODEL
Uttarakhand,Udam Singh Nagar,2019-08-30,2019,08,14.58312986,IMD GRID MODEL
Uttarakhand,Udam Singh Nagar,2019-09-12,2019,09,12.51258891,IMD GRID MODEL
Uttarakhand,Udam Singh Nagar,2019-09-13,2019,09,4.012455808,IMD GRID MODEL
Uttarakhand,Udam Singh Nagar,2019-09-14,2019,09,15.82322458,IMD GRID MODEL
Uttarakhand,Udam Singh Nagar,2019-09-18,2019,09,9.182802693,IMD GRID MODEL
Uttarakhand,Udam Singh Nagar,2019-09-22,2019,09,21.51729905,IMD GRID MODEL
Uttarakhand,Udam Singh Nagar,2019-09-29,2019,09,15.25782564,IMD GRID MODEL
Uttarakhand,Udam Singh Nagar,2019-09-30,2019,09,6.327212372,IMD GRID MODEL
Uttarakhand,Udam Singh Nagar,2019-10-07,2019,10,0,IMD GRID MODEL
Uttarakhand,Udam Singh Nagar,2019-10-08,2019,10,0,IMD GRID MODEL
Uttarakhand,Udam Singh Nagar,2019-10-12,2019,10,0,IMD GRID MODEL
Uttarakhand,Udam Singh Nagar,2019-10-15,2019,10,0,IMD GRID MODEL
Uttarakhand,Udam Singh Nagar,2019-10-16,2019,10,0,IMD GRID MODEL
Uttarakhand,Udam Singh Nagar,2019-10-21,2019,10,0.000259943,IMD GRID MODEL
Uttarakhand,Udam Singh Nagar,2019-10-22,2019,10,0,IMD GRID MODEL
Uttarakhand,Udam Singh Nagar,2019-10-24,2019,10,0,IMD GRID MODEL
Uttarakhand,Udam Singh Nagar,2019-11-06,2019,11,0,IMD GRID MODEL
Uttarakhand,Udam Singh Nagar,2019-11-16,2019,11,0,IMD GRID MODEL
Uttarakhand,Udam Singh Nagar,2019-11-18,2019,11,0,IMD GRID MODEL
Uttarakhand,Udam Singh Nagar,2019-11-24,2019,11,0,IMD GRID MODEL
Uttarakhand,Udam Singh Nagar,2019-11-29,2019,11,15.69256527,IMD GRID MODEL
Uttarakhand,Udam Singh Nagar,2019-12-01,2019,12,0,IMD GRID MODEL
Uttarakhand,Udam Singh Nagar,2019-12-02,2019,12,0,IMD GRID MODEL
Uttarakhand,Udam Singh Nagar,2019-12-03,2019,12,0,IMD GRID MODEL
Uttarakhand,Udam Singh Nagar,2019-12-06,2019,12,0,IMD GRID MODEL
Uttarakhand,Udam Singh Nagar,2019-12-07,2019,12,0,IMD GRID MODEL
Uttarakhand,Udam Singh Nagar,2019-12-08,2019,12,0,IMD GRID MODEL
Uttarakhand,Udam Singh Nagar,2019-12-10,2019,12,0,IMD GRID MODEL
Uttarakhand,Udam Singh Nagar,2019-12-21,2019,12,0.144164038,IMD GRID MODEL
Uttarakhand,Udam Singh Nagar,2019-12-23,2019,12,0,IMD GRID MODEL
Uttarakhand,Udam Singh Nagar,2019-12-24,2019,12,0,IMD GRID MODEL
Uttarakhand,Udam Singh Nagar,2019-01-16,2019,01,0,IMD GRID MODEL
Uttarakhand,Udam Singh Nagar,2019-04-13,2019,04,0,IMD GRID MODEL
Uttarakhand,Udam Singh Nagar,2019-11-22,2019,11,0,IMD GRID MODEL
Uttarakhand,Udam Singh Nagar,2019-12-22,2019,12,0,IMD GRID MODEL
Uttarakhand,Uttar Kashi,2019-01-04,2019,01,0,IMD GRID MODEL
Uttarakhand,Uttar Kashi,2019-01-05,2019,01,0.491416491,IMD GRID MODEL
Uttarakhand,Uttar Kashi,2019-01-09,2019,01,0.131708897,IMD GRID MODEL
Uttarakhand,Uttar Kashi,2019-01-13,2019,01,2.517917534,IMD GRID MODEL
Uttarakhand,Uttar Kashi,2019-01-18,2019,01,0,IMD GRID MODEL
Uttarakhand,Uttar Kashi,2019-01-29,2019,01,0.067679486,IMD GRID MODEL
Uttarakhand,Uttar Kashi,2019-02-08,2019,02,29.41206229,IMD GRID MODEL
Uttarakhand,Uttar Kashi,2019-02-25,2019,02,0.439823517,IMD GRID MODEL
Uttarakhand,Uttar Kashi,2019-03-04,2019,03,0.813344489,IMD GRID MODEL
Uttarakhand,Uttar Kashi,2019-03-12,2019,03,6.246260176,IMD GRID MODEL
Uttarakhand,Uttar Kashi,2019-03-19,2019,03,0,IMD GRID MODEL
Uttarakhand,Uttar Kashi,2019-03-20,2019,03,0.020559054,IMD GRID MODEL
Uttarakhand,Uttar Kashi,2019-03-22,2019,03,0,IMD GRID MODEL
Uttarakhand,Uttar Kashi,2019-03-23,2019,03,0,IMD GRID MODEL
Uttarakhand,Uttar Kashi,2019-03-27,2019,03,0,IMD GRID MODEL
Uttarakhand,Uttar Kashi,2019-03-31,2019,03,0.256656881,IMD GRID MODEL
Uttarakhand,Uttar Kashi,2019-04-02,2019,04,0.238180517,IMD GRID MODEL
Uttarakhand,Uttar Kashi,2019-04-08,2019,04,3.344137723,IMD GRID MODEL
Uttarakhand,Uttar Kashi,2019-04-19,2019,04,2.363142827,IMD GRID MODEL
Uttarakhand,Uttar Kashi,2019-04-21,2019,04,0,IMD GRID MODEL
Uttarakhand,Uttar Kashi,2019-04-24,2019,04,0,IMD GRID MODEL
Uttarakhand,Uttar Kashi,2019-04-29,2019,04,0,IMD GRID MODEL
Uttarakhand,Uttar Kashi,2019-05-12,2019,05,1.011407434,IMD GRID MODEL
Uttarakhand,Uttar Kashi,2019-05-20,2019,05,0,IMD GRID MODEL
Uttarakhand,Uttar Kashi,2019-05-23,2019,05,0.074143099,IMD GRID MODEL
Uttarakhand,Uttar Kashi,2019-06-03,2019,06,2.72547572,IMD GRID MODEL
Uttarakhand,Uttar Kashi,2019-06-13,2019,06,1.194157707,IMD GRID MODEL
Uttarakhand,Uttar Kashi,2019-06-23,2019,06,0.909911056,IMD GRID MODEL
Uttarakhand,Uttar Kashi,2019-06-27,2019,06,2.07567335,IMD GRID MODEL
Uttarakhand,Uttar Kashi,2019-06-29,2019,06,0,IMD GRID MODEL
Uttarakhand,Uttar Kashi,2019-06-30,2019,06,7.324305546,IMD GRID MODEL
Uttarakhand,Uttar Kashi,2019-07-01,2019,07,0.337626519,IMD GRID MODEL
Uttarakhand,Uttar Kashi,2019-07-04,2019,07,11.49437673,IMD GRID MODEL
Uttarakhand,Uttar Kashi,2019-07-15,2019,07,6.886925481,IMD GRID MODEL
Uttarakhand,Uttar Kashi,2019-07-16,2019,07,10.93151912,IMD GRID MODEL
Uttarakhand,Uttar Kashi,2019-07-22,2019,07,0.291372085,IMD GRID MODEL
Uttarakhand,Uttar Kashi,2019-07-28,2019,07,2.110173263,IMD GRID MODEL
Uttarakhand,Uttar Kashi,2019-08-01,2019,08,7.806945257,IMD GRID MODEL
Uttarakhand,Uttar Kashi,2019-08-18,2019,08,28.70519099,IMD GRID MODEL
Uttarakhand,Uttar Kashi,2019-08-20,2019,08,1.451834691,IMD GRID MODEL
Uttarakhand,Uttar Kashi,2019-08-26,2019,08,10.70092915,IMD GRID MODEL
Uttarakhand,Uttar Kashi,2019-08-29,2019,08,1.445410351,IMD GRID MODEL
Uttarakhand,Almora,2019-10-28,2019,10,0,IMD GRID MODEL
Uttarakhand,Almora,2019-11-02,2019,11,0,IMD GRID MODEL
Uttarakhand,Almora,2019-11-03,2019,11,0,IMD GRID MODEL
Uttarakhand,Almora,2019-11-05,2019,11,0.138892984,IMD GRID MODEL
Uttarakhand,Almora,2019-11-20,2019,11,0,IMD GRID MODEL
Uttarakhand,Almora,2019-11-25,2019,11,0,IMD GRID MODEL
Uttarakhand,Almora,2019-11-29,2019,11,17.91547081,IMD GRID MODEL
Uttarakhand,Almora,2019-12-01,2019,12,0,IMD GRID MODEL
Uttarakhand,Almora,2019-12-03,2019,12,0,IMD GRID MODEL
Uttarakhand,Almora,2019-12-08,2019,12,0,IMD GRID MODEL
Uttarakhand,Almora,2019-12-09,2019,12,0,IMD GRID MODEL
Uttarakhand,Almora,2019-12-17,2019,12,0,IMD GRID MODEL
Uttarakhand,Almora,2019-12-24,2019,12,0,IMD GRID MODEL
Uttarakhand,Almora,2019-12-25,2019,12,0,IMD GRID MODEL
Uttarakhand,Almora,2019-12-26,2019,12,0,IMD GRID MODEL
Uttarakhand,Bageshwar,2019-01-02,2019,01,0,IMD GRID MODEL
Uttarakhand,Bageshwar,2019-01-10,2019,01,0,IMD GRID MODEL
Uttarakhand,Bageshwar,2019-01-12,2019,01,0,IMD GRID MODEL
Uttarakhand,Bageshwar,2019-01-24,2019,01,11.91397817,IMD GRID MODEL
Uttarakhand,Bageshwar,2019-01-31,2019,01,0.106142453,IMD GRID MODEL
Uttarakhand,Bageshwar,2019-02-09,2019,02,6.000299642,IMD GRID MODEL
Uttarakhand,Bageshwar,2019-02-11,2019,02,0,IMD GRID MODEL
Uttarakhand,Bageshwar,2019-02-17,2019,02,9.229101044,IMD GRID MODEL
Uttarakhand,Bageshwar,2019-02-21,2019,02,14.91431477,IMD GRID MODEL
Uttarakhand,Bageshwar,2019-02-23,2019,02,1.005145277,IMD GRID MODEL
Uttarakhand,Bageshwar,2019-03-02,2019,03,0,IMD GRID MODEL
Uttarakhand,Bageshwar,2019-03-05,2019,03,7.515606782,IMD GRID MODEL
Uttarakhand,Bageshwar,2019-03-09,2019,03,0,IMD GRID MODEL
Uttarakhand,Bageshwar,2019-03-28,2019,03,0,IMD GRID MODEL
Uttarakhand,Bageshwar,2019-04-11,2019,04,6.519113483,IMD GRID MODEL
Uttarakhand,Bageshwar,2019-04-19,2019,04,1.556072815,IMD GRID MODEL
Uttarakhand,Bageshwar,2019-05-05,2019,05,0,IMD GRID MODEL
Uttarakhand,Bageshwar,2019-05-09,2019,05,0,IMD GRID MODEL
Uttarakhand,Bageshwar,2019-05-14,2019,05,0.279490234,IMD GRID MODEL
Uttarakhand,Bageshwar,2019-05-17,2019,05,3.645221271,IMD GRID MODEL
Uttarakhand,Bageshwar,2019-05-22,2019,05,0.035394771,IMD GRID MODEL
Uttarakhand,Bageshwar,2019-05-25,2019,05,6.961651442,IMD GRID MODEL
Uttarakhand,Bageshwar,2019-06-09,2019,06,9.246636798,IMD GRID MODEL
Uttarakhand,Bageshwar,2019-06-12,2019,06,4.323479115,IMD GRID MODEL
Uttarakhand,Bageshwar,2019-06-16,2019,06,0,IMD GRID MODEL
Uttarakhand,Bageshwar,2019-06-27,2019,06,4.268774439,IMD GRID MODEL
Uttarakhand,Bageshwar,2019-06-28,2019,06,2.040694367,IMD GRID MODEL
Uttarakhand,Bageshwar,2019-07-02,2019,07,2.089961579,IMD GRID MODEL
Uttarakhand,Bageshwar,2019-07-06,2019,07,4.120466754,IMD GRID MODEL
Uttarakhand,Bageshwar,2019-07-07,2019,07,4.358431286,IMD GRID MODEL
Uttarakhand,Bageshwar,2019-07-12,2019,07,30.58030657,IMD GRID MODEL
Uttarakhand,Bageshwar,2019-07-17,2019,07,12.21005075,IMD GRID MODEL
Uttarakhand,Bageshwar,2019-07-18,2019,07,1.547167139,IMD GRID MODEL
Uttarakhand,Bageshwar,2019-07-19,2019,07,2.072607513,IMD GRID MODEL
Uttarakhand,Bageshwar,2019-07-27,2019,07,29.11134036,IMD GRID MODEL
Uttarakhand,Bageshwar,2019-08-08,2019,08,3.061108535,IMD GRID MODEL
Uttarakhand,Bageshwar,2019-08-13,2019,08,4.158063804,IMD GRID MODEL
Uttarakhand,Bageshwar,2019-08-26,2019,08,17.15665332,IMD GRID MODEL
Uttarakhand,Bageshwar,2019-08-27,2019,08,0.09111642,IMD GRID MODEL
Uttarakhand,Bageshwar,2019-09-08,2019,09,34.07532835,IMD GRID MODEL
Uttarakhand,Bageshwar,2019-09-09,2019,09,0.756581192,IMD GRID MODEL
Uttarakhand,Bageshwar,2019-09-11,2019,09,1.745169515,IMD GRID MODEL
Uttarakhand,Bageshwar,2019-09-13,2019,09,63.53578169,IMD GRID MODEL
Uttarakhand,Bageshwar,2019-09-14,2019,09,15.09289498,IMD GRID MODEL
Uttarakhand,Bageshwar,2019-09-19,2019,09,5.128832214,IMD GRID MODEL
Uttarakhand,Bageshwar,2019-09-28,2019,09,0.783613154,IMD GRID MODEL
Uttarakhand,Bageshwar,2019-10-06,2019,10,0,IMD GRID MODEL
Uttarakhand,Bageshwar,2019-10-13,2019,10,0,IMD GRID MODEL
Uttarakhand,Bageshwar,2019-10-25,2019,10,0,IMD GRID MODEL
Uttarakhand,Bageshwar,2019-11-03,2019,11,2.4388221,IMD GRID MODEL
Uttarakhand,Bageshwar,2019-11-06,2019,11,0,IMD GRID MODEL
Uttarakhand,Bageshwar,2019-11-08,2019,11,0.74086544,IMD GRID MODEL
Uttarakhand,Bageshwar,2019-11-14,2019,11,0,IMD GRID MODEL
Uttarakhand,Bageshwar,2019-11-18,2019,11,0,IMD GRID MODEL
Uttarakhand,Bageshwar,2019-11-24,2019,11,0,IMD GRID MODEL
Uttarakhand,Bageshwar,2019-11-25,2019,11,0,IMD GRID MODEL
Uttarakhand,Bageshwar,2019-12-17,2019,12,0,IMD GRID MODEL
Uttarakhand,Chamoli,2019-01-03,2019,01,0.746191012,IMD GRID MODEL
Uttarakhand,Chamoli,2019-01-08,2019,01,0.014884024,IMD GRID MODEL
Uttarakhand,Chamoli,2019-01-11,2019,01,0,IMD GRID MODEL
Uttarakhand,Chamoli,2019-01-17,2019,01,0,IMD GRID MODEL
Uttarakhand,Chamoli,2019-01-31,2019,01,8.591170559,IMD GRID MODEL
Uttarakhand,Chamoli,2019-02-01,2019,02,8.988147637,IMD GRID MODEL
Uttarakhand,Chamoli,2019-02-05,2019,02,0,IMD GRID MODEL
Uttarakhand,Chamoli,2019-02-09,2019,02,5.278935216,IMD GRID MODEL
Uttarakhand,Chamoli,2019-02-11,2019,02,0,IMD GRID MODEL
Uttarakhand,Chamoli,2019-02-17,2019,02,3.570353252,IMD GRID MODEL
Uttarakhand,Chamoli,2019-02-21,2019,02,19.81038256,IMD GRID MODEL
Uttarakhand,Chamoli,2019-02-23,2019,02,0.494354075,IMD GRID MODEL
Uttarakhand,Chamoli,2019-02-27,2019,02,10.36367705,IMD GRID MODEL
Uttarakhand,Chamoli,2019-02-28,2019,02,11.67457535,IMD GRID MODEL
Uttarakhand,Chamoli,2019-03-07,2019,03,0,IMD GRID MODEL
Uttarakhand,Chamoli,2019-03-17,2019,03,0,IMD GRID MODEL
Uttarakhand,Chamoli,2019-03-25,2019,03,0,IMD GRID MODEL
Uttarakhand,Chamoli,2019-03-26,2019,03,15.24471536,IMD GRID MODEL
Uttarakhand,Chamoli,2019-03-28,2019,03,0,IMD GRID MODEL
Uttarakhand,Chamoli,2019-04-01,2019,04,0,IMD GRID MODEL
Uttarakhand,Chamoli,2019-04-05,2019,04,0,IMD GRID MODEL
Uttarakhand,Chamoli,2019-04-13,2019,04,0,IMD GRID MODEL
Uttarakhand,Chamoli,2019-04-17,2019,04,3.807136401,IMD GRID MODEL
Uttarakhand,Chamoli,2019-04-25,2019,04,5.108734976,IMD GRID MODEL
Uttarakhand,Chamoli,2019-04-26,2019,04,8.485245377,IMD GRID MODEL
Uttarakhand,Chamoli,2019-04-28,2019,04,0,IMD GRID MODEL
Uttarakhand,Chamoli,2019-05-01,2019,05,2.188508573,IMD GRID MODEL
Uttarakhand,Chamoli,2019-05-05,2019,05,0.026003624,IMD GRID MODEL
Uttarakhand,Chamoli,2019-05-07,2019,05,0,IMD GRID MODEL
Uttarakhand,Chamoli,2019-05-11,2019,05,0,IMD GRID MODEL
Uttarakhand,Chamoli,2019-06-04,2019,06,3.410332585,IMD GRID MODEL
Uttarakhand,Chamoli,2019-06-05,2019,06,0,IMD GRID MODEL
Uttarakhand,Chamoli,2019-06-08,2019,06,0,IMD GRID MODEL
Uttarakhand,Chamoli,2019-06-11,2019,06,0,IMD GRID MODEL
Uttarakhand,Chamoli,2019-06-13,2019,06,0.042427717,IMD GRID MODEL
Uttarakhand,Chamoli,2019-06-14,2019,06,0,IMD GRID MODEL
Uttarakhand,Chamoli,2019-06-17,2019,06,0,IMD GRID MODEL
Uttarakhand,Chamoli,2019-06-21,2019,06,6.597489856,IMD GRID MODEL
Uttarakhand,Chamoli,2019-06-22,2019,06,1.387373767,IMD GRID MODEL
Uttarakhand,Chamoli,2019-06-29,2019,06,0,IMD GRID MODEL
Uttarakhand,Chamoli,2019-07-03,2019,07,0.81510742,IMD GRID MODEL
Uttarakhand,Chamoli,2019-07-20,2019,07,3.116189542,IMD GRID MODEL
Uttarakhand,Chamoli,2019-07-30,2019,07,15.89548698,IMD GRID MODEL
Uttarakhand,Chamoli,2019-08-04,2019,08,0.705701017,IMD GRID MODEL
Uttarakhand,Chamoli,2019-08-17,2019,08,38.36322471,IMD GRID MODEL
Uttarakhand,Chamoli,2019-08-18,2019,08,29.03311533,IMD GRID MODEL
Uttarakhand,Chamoli,2019-08-20,2019,08,4.402364672,IMD GRID MODEL
Uttarakhand,Chamoli,2019-08-24,2019,08,1.33668909,IMD GRID MODEL
Uttarakhand,Chamoli,2019-08-31,2019,08,15.75994516,IMD GRID MODEL
Uttarakhand,Chamoli,2019-09-05,2019,09,19.94198988,IMD GRID MODEL
Uttarakhand,Chamoli,2019-09-17,2019,09,0.332933681,IMD GRID MODEL
Uttarakhand,Chamoli,2019-09-29,2019,09,13.9944463,IMD GRID MODEL
Uttarakhand,Chamoli,2019-10-01,2019,10,8.637314497,IMD GRID MODEL
Uttarakhand,Chamoli,2019-10-05,2019,10,7.779297348,IMD GRID MODEL
Uttarakhand,Chamoli,2019-10-06,2019,10,0,IMD GRID MODEL
Uttarakhand,Chamoli,2019-10-07,2019,10,0.269233063,IMD GRID MODEL
Uttarakhand,Chamoli,2019-10-10,2019,10,3.76631131,IMD GRID MODEL
Uttarakhand,Chamoli,2019-10-15,2019,10,0,IMD GRID MODEL
Uttarakhand,Chamoli,2019-10-16,2019,10,1.424634507,IMD GRID MODEL
Uttarakhand,Chamoli,2019-10-30,2019,10,0,IMD GRID MODEL
Uttarakhand,Chamoli,2019-11-01,2019,11,0.015201816,IMD GRID MODEL
Uttarakhand,Chamoli,2019-11-11,2019,11,0,IMD GRID MODEL
Uttarakhand,Chamoli,2019-11-23,2019,11,0,IMD GRID MODEL
Uttarakhand,Chamoli,2019-11-27,2019,11,1.3219284,IMD GRID MODEL
Uttarakhand,Chamoli,2019-12-05,2019,12,0,IMD GRID MODEL
Uttarakhand,Chamoli,2019-12-14,2019,12,15.37346945,IMD GRID MODEL
Uttarakhand,Chamoli,2019-12-21,2019,12,0.109610014,IMD GRID MODEL
Uttarakhand,Chamoli,2019-12-23,2019,12,0,IMD GRID MODEL
Uttarakhand,Champawat,2019-01-01,2019,01,0,IMD GRID MODEL
Uttarakhand,Champawat,2019-01-11,2019,01,0,IMD GRID MODEL
Uttarakhand,Champawat,2019-01-15,2019,01,0,IMD GRID MODEL
Uttarakhand,Champawat,2019-01-21,2019,01,0,IMD GRID MODEL
Uttarakhand,Champawat,2019-01-25,2019,01,8.132553349,IMD GRID MODEL
Uttarakhand,Champawat,2019-02-01,2019,02,0.018311913,IMD GRID MODEL
Uttarakhand,Champawat,2019-02-02,2019,02,0,IMD GRID MODEL
Uttarakhand,Champawat,2019-02-05,2019,02,0,IMD GRID MODEL
Uttarakhand,Champawat,2019-02-09,2019,02,5.992284267,IMD GRID MODEL
Uttarakhand,Champawat,2019-02-10,2019,02,0,IMD GRID MODEL
Uttarakhand,Champawat,2019-02-14,2019,02,0,IMD GRID MODEL
Uttarakhand,Champawat,2019-02-17,2019,02,2.393217137,IMD GRID MODEL
Uttarakhand,Champawat,2019-02-24,2019,02,0,IMD GRID MODEL
Uttarakhand,Champawat,2019-03-04,2019,03,0,IMD GRID MODEL
Uttarakhand,Champawat,2019-03-06,2019,03,0,IMD GRID MODEL
Uttarakhand,Champawat,2019-03-13,2019,03,0,IMD GRID MODEL
Uttarakhand,Champawat,2019-03-15,2019,03,8.202463083,IMD GRID MODEL
Uttarakhand,Champawat,2019-03-21,2019,03,1.503923667,IMD GRID MODEL
Uttarakhand,Champawat,2019-03-23,2019,03,0,IMD GRID MODEL
Uttarakhand,Champawat,2019-03-28,2019,03,0,IMD GRID MODEL
Uttarakhand,Champawat,2019-03-30,2019,03,0,IMD GRID MODEL
Uttarakhand,Champawat,2019-04-01,2019,04,0,IMD GRID MODEL
Uttarakhand,Champawat,2019-04-06,2019,04,8.884321332,IMD GRID MODEL
Uttarakhand,Champawat,2019-04-11,2019,04,0.682813372,IMD GRID MODEL
Uttarakhand,Champawat,2019-04-13,2019,04,0,IMD GRID MODEL
Uttarakhand,Champawat,2019-04-14,2019,04,0.045779778,IMD GRID MODEL
Uttarakhand,Champawat,2019-04-19,2019,04,0.779187748,IMD GRID MODEL
Uttarakhand,Champawat,2019-04-24,2019,04,0,IMD GRID MODEL
Uttarakhand,Champawat,2019-04-27,2019,04,0,IMD GRID MODEL
Uttarakhand,Champawat,2019-05-03,2019,05,4.537964434,IMD GRID MODEL
Uttarakhand,Champawat,2019-05-10,2019,05,0,IMD GRID MODEL
Uttarakhand,Champawat,2019-05-11,2019,05,0,IMD GRID MODEL
Uttarakhand,Champawat,2019-05-14,2019,05,0.013256524,IMD GRID MODEL
Uttarakhand,Champawat,2019-05-17,2019,05,5.360821877,IMD GRID MODEL
Uttarakhand,Champawat,2019-05-26,2019,05,0.065671954,IMD GRID MODEL
Uttarakhand,Champawat,2019-06-01,2019,06,0.414396496,IMD GRID MODEL
Uttarakhand,Champawat,2019-06-03,2019,06,13.72690379,IMD GRID MODEL
Uttarakhand,Champawat,2019-06-15,2019,06,0.347926316,IMD GRID MODEL
Uttarakhand,Champawat,2019-06-27,2019,06,1.387811526,IMD GRID MODEL
Uttarakhand,Champawat,2019-07-01,2019,07,0.130987609,IMD GRID MODEL
Uttarakhand,Champawat,2019-07-09,2019,07,17.07254879,IMD GRID MODEL
Uttarakhand,Champawat,2019-07-10,2019,07,8.137842949,IMD GRID MODEL
Uttarakhand,Almora,2019-01-07,2019,01,4.05169234,IMD GRID MODEL
Uttarakhand,Almora,2019-01-13,2019,01,0,IMD GRID MODEL
Uttarakhand,Almora,2019-01-24,2019,01,6.8769448,IMD GRID MODEL
Uttarakhand,Almora,2019-02-02,2019,02,0.060391309,IMD GRID MODEL
Uttarakhand,Almora,2019-02-15,2019,02,17.68843874,IMD GRID MODEL
Uttarakhand,Almora,2019-02-17,2019,02,3.049716286,IMD GRID MODEL
Uttarakhand,Almora,2019-02-22,2019,02,0.388639339,IMD GRID MODEL
Uttarakhand,Almora,2019-03-01,2019,03,0.096649525,IMD GRID MODEL
Uttarakhand,Almora,2019-03-02,2019,03,0,IMD GRID MODEL
Uttarakhand,Almora,2019-03-12,2019,03,1.110104588,IMD GRID MODEL
Uttarakhand,Almora,2019-03-15,2019,03,6.911445254,IMD GRID MODEL
Uttarakhand,Almora,2019-03-16,2019,03,0,IMD GRID MODEL
Uttarakhand,Almora,2019-03-19,2019,03,0.457854515,IMD GRID MODEL
Uttarakhand,Almora,2019-03-24,2019,03,0,IMD GRID MODEL
Uttarakhand,Almora,2019-03-31,2019,03,0,IMD GRID MODEL
Uttarakhand,Almora,2019-04-05,2019,04,0,IMD GRID MODEL
Uttarakhand,Almora,2019-04-18,2019,04,4.740424021,IMD GRID MODEL
Uttarakhand,Almora,2019-04-21,2019,04,0,IMD GRID MODEL
Uttarakhand,Almora,2019-04-29,2019,04,0,IMD GRID MODEL
Uttarakhand,Almora,2019-05-15,2019,05,2.001372373,IMD GRID MODEL
Uttarakhand,Almora,2019-05-19,2019,05,0.572231559,IMD GRID MODEL
Uttarakhand,Almora,2019-05-21,2019,05,0.274386217,IMD GRID MODEL
Uttarakhand,Almora,2019-05-26,2019,05,1.89148311,IMD GRID MODEL
Uttarakhand,Almora,2019-05-28,2019,05,0,IMD GRID MODEL
Uttarakhand,Almora,2019-06-03,2019,06,8.174740791,IMD GRID MODEL
Uttarakhand,Almora,2019-06-05,2019,06,0,IMD GRID MODEL
Uttarakhand,Almora,2019-06-11,2019,06,0,IMD GRID MODEL
Uttarakhand,Almora,2019-06-14,2019,06,0,IMD GRID MODEL
Uttarakhand,Almora,2019-06-16,2019,06,0,IMD GRID MODEL
Uttarakhand,Almora,2019-06-19,2019,06,0.19298865,IMD GRID MODEL
Uttarakhand,Almora,2019-06-20,2019,06,1.005842508,IMD GRID MODEL
Uttarakhand,Almora,2019-06-22,2019,06,1.599174898,IMD GRID MODEL
Uttarakhand,Almora,2019-06-23,2019,06,1.461341307,IMD GRID MODEL
Uttarakhand,Almora,2019-06-24,2019,06,7.398033608,IMD GRID MODEL
Uttarakhand,Almora,2019-06-25,2019,06,20.05422881,IMD GRID MODEL
Uttarakhand,Almora,2019-06-29,2019,06,0,IMD GRID MODEL
Uttarakhand,Almora,2019-07-02,2019,07,0.129832373,IMD GRID MODEL
Uttarakhand,Almora,2019-07-08,2019,07,1.301192561,IMD GRID MODEL
Uttarakhand,Almora,2019-07-11,2019,07,7.95249804,IMD GRID MODEL
Uttarakhand,Almora,2019-07-15,2019,07,14.34189713,IMD GRID MODEL
Uttarakhand,Almora,2019-07-17,2019,07,9.784530586,IMD GRID MODEL
Uttarakhand,Almora,2019-07-22,2019,07,9.734084697,IMD GRID MODEL
Uttarakhand,Almora,2019-07-24,2019,07,4.264216218,IMD GRID MODEL
Uttarakhand,Almora,2019-07-31,2019,07,6.177589482,IMD GRID MODEL
Uttarakhand,Almora,2019-08-06,2019,08,21.76686054,IMD GRID MODEL
Uttarakhand,Almora,2019-08-07,2019,08,17.7063812,IMD GRID MODEL
Uttarakhand,Almora,2019-08-11,2019,08,0.431994253,IMD GRID MODEL
Uttarakhand,Almora,2019-08-12,2019,08,27.20702708,IMD GRID MODEL
Uttarakhand,Almora,2019-08-13,2019,08,3.479203484,IMD GRID MODEL
Uttarakhand,Almora,2019-08-20,2019,08,11.65031561,IMD GRID MODEL
Uttarakhand,Almora,2019-08-29,2019,08,0.249944822,IMD GRID MODEL
Uttarakhand,Almora,2019-09-01,2019,09,21.11733757,IMD GRID MODEL
Uttarakhand,Almora,2019-09-05,2019,09,2.492934019,IMD GRID MODEL
Uttarakhand,Almora,2019-09-06,2019,09,1.936445136,IMD GRID MODEL
Uttarakhand,Almora,2019-09-07,2019,09,12.95817779,IMD GRID MODEL
Uttarakhand,Almora,2019-09-27,2019,09,8.858186121,IMD GRID MODEL
Uttarakhand,Almora,2019-10-02,2019,10,16.33205354,IMD GRID MODEL
Uttarakhand,Almora,2019-10-07,2019,10,0,IMD GRID MODEL
Uttarakhand,Almora,2019-10-21,2019,10,0.032977178,IMD GRID MODEL
Uttarakhand,Champawat,2019-07-27,2019,07,25.27623864,IMD GRID MODEL
Uttarakhand,Champawat,2019-08-01,2019,08,10.82576265,IMD GRID MODEL
Uttarakhand,Champawat,2019-08-08,2019,08,0.151985376,IMD GRID MODEL
Uttarakhand,Champawat,2019-08-12,2019,08,33.87421913,IMD GRID MODEL
Uttarakhand,Champawat,2019-08-13,2019,08,0.579760904,IMD GRID MODEL
Uttarakhand,Champawat,2019-08-15,2019,08,14.16802745,IMD GRID MODEL
Uttarakhand,Champawat,2019-08-22,2019,08,6.453333508,IMD GRID MODEL
Uttarakhand,Champawat,2019-08-24,2019,08,2.966475681,IMD GRID MODEL
Uttarakhand,Champawat,2019-08-26,2019,08,10.63375598,IMD GRID MODEL
Uttarakhand,Champawat,2019-08-27,2019,08,0.020648497,IMD GRID MODEL
Uttarakhand,Champawat,2019-09-02,2019,09,0.769244679,IMD GRID MODEL
Uttarakhand,Champawat,2019-09-04,2019,09,9.052984188,IMD GRID MODEL
Uttarakhand,Champawat,2019-09-10,2019,09,0.153820053,IMD GRID MODEL
Uttarakhand,Champawat,2019-09-18,2019,09,14.09666571,IMD GRID MODEL
Uttarakhand,Champawat,2019-09-19,2019,09,1.022095628,IMD GRID MODEL
Uttarakhand,Champawat,2019-09-20,2019,09,0.225247051,IMD GRID MODEL
Uttarakhand,Champawat,2019-09-23,2019,09,7.609963463,IMD GRID MODEL
Uttarakhand,Champawat,2019-09-27,2019,09,14.79972075,IMD GRID MODEL
Uttarakhand,Champawat,2019-10-22,2019,10,0,IMD GRID MODEL
Uttarakhand,Champawat,2019-11-04,2019,11,0,IMD GRID MODEL
Uttarakhand,Pauri Garhwal,2019-05-21,2019,05,0,IMD GRID MODEL
Uttarakhand,Pauri Garhwal,2019-05-22,2019,05,0,IMD GRID MODEL
Uttarakhand,Pauri Garhwal,2019-05-26,2019,05,1.222052869,IMD GRID MODEL
Uttarakhand,Pauri Garhwal,2019-05-30,2019,05,0,IMD GRID MODEL
Uttarakhand,Pauri Garhwal,2019-05-31,2019,05,0,IMD GRID MODEL
Uttarakhand,Pauri Garhwal,2019-06-04,2019,06,4.003701458,IMD GRID MODEL
Uttarakhand,Pauri Garhwal,2019-06-06,2019,06,0,IMD GRID MODEL
Uttarakhand,Pauri Garhwal,2019-06-08,2019,06,0,IMD GRID MODEL
Uttarakhand,Pauri Garhwal,2019-06-27,2019,06,0,IMD GRID MODEL
Uttarakhand,Pauri Garhwal,2019-06-29,2019,06,0,IMD GRID MODEL
Uttarakhand,Pauri Garhwal,2019-07-04,2019,07,6.577302539,IMD GRID MODEL
Uttarakhand,Pauri Garhwal,2019-07-08,2019,07,5.009571334,IMD GRID MODEL
Uttarakhand,Pauri Garhwal,2019-07-19,2019,07,1.031668256,IMD GRID MODEL
Uttarakhand,Pauri Garhwal,2019-07-26,2019,07,10.47885758,IMD GRID MODEL
Uttarakhand,Pauri Garhwal,2019-08-01,2019,08,2.334419479,IMD GRID MODEL
Uttarakhand,Pauri Garhwal,2019-08-04,2019,08,4.786502477,IMD GRID MODEL
Uttarakhand,Pauri Garhwal,2019-09-05,2019,09,1.066029759,IMD GRID MODEL
Uttarakhand,Pauri Garhwal,2019-09-09,2019,09,0,IMD GRID MODEL
Uttarakhand,Pauri Garhwal,2019-09-11,2019,09,0.223583044,IMD GRID MODEL
Uttarakhand,Pauri Garhwal,2019-09-18,2019,09,5.869204931,IMD GRID MODEL
Uttarakhand,Pauri Garhwal,2019-09-21,2019,09,0,IMD GRID MODEL
Uttarakhand,Pauri Garhwal,2019-09-24,2019,09,1.209892285,IMD GRID MODEL
Uttarakhand,Pauri Garhwal,2019-10-03,2019,10,0.161022625,IMD GRID MODEL
Uttarakhand,Pauri Garhwal,2019-10-08,2019,10,0.138061729,IMD GRID MODEL
Uttarakhand,Pauri Garhwal,2019-10-11,2019,10,0,IMD GRID MODEL
Uttarakhand,Pauri Garhwal,2019-10-14,2019,10,0,IMD GRID MODEL
Uttarakhand,Pauri Garhwal,2019-10-21,2019,10,0.01325277,IMD GRID MODEL
Uttarakhand,Pauri Garhwal,2019-10-24,2019,10,0,IMD GRID MODEL
Uttarakhand,Pauri Garhwal,2019-10-26,2019,10,0,IMD GRID MODEL
Uttarakhand,Pauri Garhwal,2019-11-07,2019,11,0,IMD GRID MODEL
Uttarakhand,Pauri Garhwal,2019-11-14,2019,11,0,IMD GRID MODEL
Uttarakhand,Pauri Garhwal,2019-11-24,2019,11,0,IMD GRID MODEL
Uttarakhand,Pauri Garhwal,2019-11-25,2019,11,0,IMD GRID MODEL
Uttarakhand,Pauri Garhwal,2019-11-28,2019,11,10.14952746,IMD GRID MODEL
Uttarakhand,Pauri Garhwal,2019-12-04,2019,12,0,IMD GRID MODEL
Uttarakhand,Pauri Garhwal,2019-12-10,2019,12,0,IMD GRID MODEL
Uttarakhand,Pauri Garhwal,2019-12-14,2019,12,34.16610103,IMD GRID MODEL
Uttarakhand,Pauri Garhwal,2019-12-20,2019,12,0,IMD GRID MODEL
Uttarakhand,Pauri Garhwal,2019-12-21,2019,12,0.012415135,IMD GRID MODEL
Uttarakhand,Pithoragarh,2019-01-06,2019,01,0.196188441,IMD GRID MODEL
Uttarakhand,Pithoragarh,2019-01-09,2019,01,0,IMD GRID MODEL
Uttarakhand,Pithoragarh,2019-01-12,2019,01,0,IMD GRID MODEL
Uttarakhand,Pithoragarh,2019-01-18,2019,01,0,IMD GRID MODEL
Uttarakhand,Pithoragarh,2019-01-21,2019,01,0,IMD GRID MODEL
Uttarakhand,Pithoragarh,2019-01-27,2019,01,0.209743651,IMD GRID MODEL
Uttarakhand,Pithoragarh,2019-02-01,2019,02,1.892016432,IMD GRID MODEL
Uttarakhand,Pithoragarh,2019-02-06,2019,02,0,IMD GRID MODEL
Uttarakhand,Pithoragarh,2019-02-10,2019,02,0,IMD GRID MODEL
Uttarakhand,Pithoragarh,2019-02-21,2019,02,16.24993592,IMD GRID MODEL
Uttarakhand,Pithoragarh,2019-03-03,2019,03,10.92196623,IMD GRID MODEL
Uttarakhand,Pithoragarh,2019-03-10,2019,03,0,IMD GRID MODEL
Uttarakhand,Pithoragarh,2019-03-18,2019,03,0.906475661,IMD GRID MODEL
Uttarakhand,Pithoragarh,2019-03-22,2019,03,0,IMD GRID MODEL
Uttarakhand,Pithoragarh,2019-04-03,2019,04,0,IMD GRID MODEL
Uttarakhand,Pithoragarh,2019-04-12,2019,04,0,IMD GRID MODEL
Uttarakhand,Pithoragarh,2019-04-28,2019,04,0,IMD GRID MODEL
Uttarakhand,Pithoragarh,2019-05-01,2019,05,1.018668139,IMD GRID MODEL
Uttarakhand,Pithoragarh,2019-05-10,2019,05,0,IMD GRID MODEL
Uttarakhand,Pithoragarh,2019-05-16,2019,05,0,IMD GRID MODEL
Uttarakhand,Pithoragarh,2019-05-24,2019,05,0.013367746,IMD GRID MODEL
Uttarakhand,Pithoragarh,2019-05-26,2019,05,0.003783057,IMD GRID MODEL
Uttarakhand,Pithoragarh,2019-06-02,2019,06,15.57861593,IMD GRID MODEL
Uttarakhand,Pithoragarh,2019-06-04,2019,06,0.710830238,IMD GRID MODEL
Uttarakhand,Pithoragarh,2019-06-07,2019,06,11.39117606,IMD GRID MODEL
Uttarakhand,Pithoragarh,2019-06-17,2019,06,0,IMD GRID MODEL
Uttarakhand,Pithoragarh,2019-06-25,2019,06,2.992522764,IMD GRID MODEL
Uttarakhand,Pithoragarh,2019-06-30,2019,06,7.260917348,IMD GRID MODEL
Uttarakhand,Pithoragarh,2019-07-18,2019,07,1.796587297,IMD GRID MODEL
Uttarakhand,Pithoragarh,2019-07-20,2019,07,1.697547991,IMD GRID MODEL
Uttarakhand,Pithoragarh,2019-07-22,2019,07,12.19331572,IMD GRID MODEL
Uttarakhand,Pithoragarh,2019-07-30,2019,07,16.00819627,IMD GRID MODEL
Uttarakhand,Pithoragarh,2019-08-08,2019,08,3.557312144,IMD GRID MODEL
Uttarakhand,Pithoragarh,2019-08-21,2019,08,15.86297521,IMD GRID MODEL
Uttarakhand,Pithoragarh,2019-08-23,2019,08,1.115159847,IMD GRID MODEL
Uttarakhand,Pithoragarh,2019-08-27,2019,08,0.226767333,IMD GRID MODEL
Uttarakhand,Pithoragarh,2019-08-31,2019,08,33.49902503,IMD GRID MODEL
Uttarakhand,Pithoragarh,2019-09-02,2019,09,5.29207349,IMD GRID MODEL
Uttarakhand,Pithoragarh,2019-09-06,2019,09,21.7546743,IMD GRID MODEL
Uttarakhand,Pithoragarh,2019-09-09,2019,09,0.20959948,IMD GRID MODEL
Uttarakhand,Pithoragarh,2019-09-15,2019,09,19.51128678,IMD GRID MODEL
Uttarakhand,Pithoragarh,2019-09-17,2019,09,0.701964567,IMD GRID MODEL
Uttarakhand,Pithoragarh,2019-09-25,2019,09,0,IMD GRID MODEL
Uttarakhand,Pithoragarh,2019-09-26,2019,09,20.09428825,IMD GRID MODEL
Uttarakhand,Pithoragarh,2019-09-27,2019,09,17.20699615,IMD GRID MODEL
Uttarakhand,Pithoragarh,2019-09-28,2019,09,1.383377907,IMD GRID MODEL
Uttarakhand,Pithoragarh,2019-10-01,2019,10,16.90374677,IMD GRID MODEL
Uttarakhand,Pithoragarh,2019-10-02,2019,10,13.69938124,IMD GRID MODEL
Uttarakhand,Pithoragarh,2019-10-03,2019,10,10.37010173,IMD GRID MODEL
Uttarakhand,Pithoragarh,2019-10-04,2019,10,5.116039911,IMD GRID MODEL
Uttarakhand,Pithoragarh,2019-10-05,2019,10,0.426515247,IMD GRID MODEL
Uttarakhand,Pithoragarh,2019-10-10,2019,10,2.763175117,IMD GRID MODEL
Uttarakhand,Pithoragarh,2019-10-16,2019,10,0.089118301,IMD GRID MODEL
Uttarakhand,Pithoragarh,2019-10-21,2019,10,0.066838728,IMD GRID MODEL
Uttarakhand,Pithoragarh,2019-10-22,2019,10,0,IMD GRID MODEL
Uttarakhand,Pithoragarh,2019-10-25,2019,10,0,IMD GRID MODEL
Uttarakhand,Pithoragarh,2019-10-28,2019,10,0,IMD GRID MODEL
Uttarakhand,Pithoragarh,2019-10-29,2019,10,0,IMD GRID MODEL
Uttarakhand,Pithoragarh,2019-10-30,2019,10,0,IMD GRID MODEL
Uttarakhand,Pithoragarh,2019-11-05,2019,11,0.16330152,IMD GRID MODEL
Uttarakhand,Pithoragarh,2019-11-13,2019,11,0,IMD GRID MODEL
Uttarakhand,Pithoragarh,2019-11-14,2019,11,0,IMD GRID MODEL
Uttarakhand,Pithoragarh,2019-11-23,2019,11,0,IMD GRID MODEL
Uttarakhand,Pithoragarh,2019-11-24,2019,11,0,IMD GRID MODEL
Uttarakhand,Pithoragarh,2019-11-25,2019,11,0,IMD GRID MODEL
Uttarakhand,Pithoragarh,2019-12-01,2019,12,0,IMD GRID MODEL
Uttarakhand,Pithoragarh,2019-12-07,2019,12,0,IMD GRID MODEL
Uttarakhand,Pithoragarh,2019-12-08,2019,12,0,IMD GRID MODEL
Uttarakhand,Pithoragarh,2019-12-11,2019,12,0,IMD GRID MODEL
Uttarakhand,Pithoragarh,2019-12-16,2019,12,0,IMD GRID MODEL
Uttarakhand,Pithoragarh,2019-12-18,2019,12,0,IMD GRID MODEL
Uttarakhand,Pithoragarh,2019-12-19,2019,12,0,IMD GRID MODEL
Uttarakhand,Pithoragarh,2019-12-20,2019,12,0,IMD GRID MODEL
Uttarakhand,Pithoragarh,2019-12-26,2019,12,0,IMD GRID MODEL
Uttarakhand,Pithoragarh,2019-12-27,2019,12,0,IMD GRID MODEL
Uttarakhand,Rudra Prayag,2019-01-03,2019,01,0.17953344,IMD GRID MODEL
Uttarakhand,Rudra Prayag,2019-01-11,2019,01,0,IMD GRID MODEL
Uttarakhand,Rudra Prayag,2019-01-16,2019,01,0,IMD GRID MODEL
Uttarakhand,Rudra Prayag,2019-01-15,2019,01,0,IMD GRID MODEL
Uttarakhand,Rudra Prayag,2019-01-20,2019,01,0,IMD GRID MODEL
Uttarakhand,Rudra Prayag,2019-01-23,2019,01,27.09137715,IMD GRID MODEL
Uttarakhand,Rudra Prayag,2019-01-27,2019,01,1.381037758,IMD GRID MODEL
Uttarakhand,Rudra Prayag,2019-01-28,2019,01,0.786014731,IMD GRID MODEL
Uttarakhand,Rudra Prayag,2019-02-13,2019,02,0,IMD GRID MODEL
Uttarakhand,Rudra Prayag,2019-02-23,2019,02,0.508894012,IMD GRID MODEL
Uttarakhand,Rudra Prayag,2019-02-27,2019,02,12.55430062,IMD GRID MODEL
Uttarakhand,Rudra Prayag,2019-02-28,2019,02,5.538680306,IMD GRID MODEL
Uttarakhand,Rudra Prayag,2019-02-26,2019,02,1.851176169,IMD GRID MODEL
Uttarakhand,Rudra Prayag,2019-03-04,2019,03,0.143677916,IMD GRID MODEL
Uttarakhand,Rudra Prayag,2019-03-12,2019,03,4.328115377,IMD GRID MODEL
Uttarakhand,Rudra Prayag,2019-03-17,2019,03,0,IMD GRID MODEL
Uttarakhand,Rudra Prayag,2019-03-22,2019,03,0,IMD GRID MODEL
Uttarakhand,Rudra Prayag,2019-03-26,2019,03,13.51085226,IMD GRID MODEL
Uttarakhand,Rudra Prayag,2019-03-31,2019,03,0.427269823,IMD GRID MODEL
Uttarakhand,Rudra Prayag,2019-04-01,2019,04,0,IMD GRID MODEL
Uttarakhand,Rudra Prayag,2019-04-06,2019,04,3.29105387,IMD GRID MODEL
Uttarakhand,Rudra Prayag,2019-04-13,2019,04,0,IMD GRID MODEL
Uttarakhand,Rudra Prayag,2019-04-22,2019,04,2.506726093,IMD GRID MODEL
Uttarakhand,Rudra Prayag,2019-04-25,2019,04,16.00759225,IMD GRID MODEL
Uttarakhand,Rudra Prayag,2019-05-09,2019,05,0,IMD GRID MODEL
Uttarakhand,Rudra Prayag,2019-05-12,2019,05,0.727140004,IMD GRID MODEL
Uttarakhand,Rudra Prayag,2019-05-13,2019,05,2.728028417,IMD GRID MODEL
Uttarakhand,Rudra Prayag,2019-05-17,2019,05,2.457526923,IMD GRID MODEL
Uttarakhand,Rudra Prayag,2019-05-18,2019,05,3.205860858,IMD GRID MODEL
Uttarakhand,Rudra Prayag,2019-05-22,2019,05,0,IMD GRID MODEL
Uttarakhand,Rudra Prayag,2019-05-26,2019,05,2.779628064,IMD GRID MODEL
Uttarakhand,Rudra Prayag,2019-05-29,2019,05,0,IMD GRID MODEL
Uttarakhand,Rudra Prayag,2019-05-30,2019,05,0,IMD GRID MODEL
Uttarakhand,Rudra Prayag,2019-06-09,2019,06,5.557477673,IMD GRID MODEL
Uttarakhand,Rudra Prayag,2019-06-10,2019,06,0,IMD GRID MODEL
Uttarakhand,Rudra Prayag,2019-06-13,2019,06,0.575221863,IMD GRID MODEL
Uttarakhand,Rudra Prayag,2019-06-17,2019,06,0,IMD GRID MODEL
Uttarakhand,Rudra Prayag,2019-06-18,2019,06,2.47428094,IMD GRID MODEL
Uttarakhand,Rudra Prayag,2019-06-22,2019,06,0.707317473,IMD GRID MODEL
Uttarakhand,Rudra Prayag,2019-06-24,2019,06,5.682162244,IMD GRID MODEL
Uttarakhand,Rudra Prayag,2019-06-26,2019,06,8.074965273,IMD GRID MODEL
Uttarakhand,Rudra Prayag,2019-06-27,2019,06,7.039617055,IMD GRID MODEL
Uttarakhand,Rudra Prayag,2019-06-28,2019,06,0.649178629,IMD GRID MODEL
Uttarakhand,Rudra Prayag,2019-06-29,2019,06,0,IMD GRID MODEL
Uttarakhand,Rudra Prayag,2019-07-04,2019,07,1.061777385,IMD GRID MODEL
Uttarakhand,Rudra Prayag,2019-07-08,2019,07,6.051652767,IMD GRID MODEL
Uttarakhand,Rudra Prayag,2019-07-13,2019,07,25.21068095,IMD GRID MODEL
Uttarakhand,Rudra Prayag,2019-07-16,2019,07,17.75764945,IMD GRID MODEL
Uttarakhand,Rudra Prayag,2019-07-17,2019,07,3.884323189,IMD GRID MODEL
Uttarakhand,Rudra Prayag,2019-07-19,2019,07,3.05702009,IMD GRID MODEL
Uttarakhand,Rudra Prayag,2019-08-03,2019,08,12.65967112,IMD GRID MODEL
Uttarakhand,Rudra Prayag,2019-08-04,2019,08,3.17594937,IMD GRID MODEL
Uttarakhand,Rudra Prayag,2019-08-05,2019,08,10.56527741,IMD GRID MODEL
Uttarakhand,Rudra Prayag,2019-08-09,2019,08,47.57311083,IMD GRID MODEL
Uttarakhand,Rudra Prayag,2019-08-21,2019,08,2.01158475,IMD GRID MODEL
Uttarakhand,Rudra Prayag,2019-08-28,2019,08,0.358786295,IMD GRID MODEL
Uttarakhand,Rudra Prayag,2019-09-01,2019,09,24.72778823,IMD GRID MODEL
Uttarakhand,Rudra Prayag,2019-09-03,2019,09,14.4943947,IMD GRID MODEL
Uttarakhand,Rudra Prayag,2019-09-12,2019,09,5.322637281,IMD GRID MODEL
Uttarakhand,Rudra Prayag,2019-09-14,2019,09,10.37582224,IMD GRID MODEL
Uttarakhand,Rudra Prayag,2019-09-16,2019,09,2.024877295,IMD GRID MODEL
Uttarakhand,Rudra Prayag,2019-09-21,2019,09,0,IMD GRID MODEL
Uttarakhand,Rudra Prayag,2019-09-28,2019,09,9.902409607,IMD GRID MODEL
Uttarakhand,Rudra Prayag,2019-10-07,2019,10,0.079340078,IMD GRID MODEL
Uttarakhand,Rudra Prayag,2019-10-14,2019,10,0,IMD GRID MODEL
Uttarakhand,Rudra Prayag,2019-10-23,2019,10,0,IMD GRID MODEL
Uttarakhand,Rudra Prayag,2019-10-27,2019,10,0,IMD GRID MODEL
Uttarakhand,Rudra Prayag,2019-11-01,2019,11,0.400628607,IMD GRID MODEL
Uttarakhand,Rudra Prayag,2019-11-09,2019,11,0,IMD GRID MODEL
Uttarakhand,Rudra Prayag,2019-11-11,2019,11,0,IMD GRID MODEL
Uttarakhand,Rudra Prayag,2019-11-13,2019,11,0,IMD GRID MODEL
Uttarakhand,Rudra Prayag,2019-12-05,2019,12,0,IMD GRID MODEL
Uttarakhand,Rudra Prayag,2019-12-09,2019,12,0,IMD GRID MODEL
Uttarakhand,Rudra Prayag,2019-12-10,2019,12,0,IMD GRID MODEL
Uttarakhand,Rudra Prayag,2019-12-19,2019,12,0,IMD GRID MODEL
Uttarakhand,Rudra Prayag,2019-12-20,2019,12,0,IMD GRID MODEL
Uttarakhand,Rudra Prayag,2019-11-24,2019,11,0,IMD GRID MODEL
Uttarakhand,Rudra Prayag,2019-12-23,2019,12,0,IMD GRID MODEL
Uttarakhand,Tehri Garhwal,2019-01-03,2019,01,3.44e-05,IMD GRID MODEL
Uttarakhand,Tehri Garhwal,2019-01-14,2019,01,0.000353795,IMD GRID MODEL
Uttarakhand,Tehri Garhwal,2019-01-22,2019,01,35.76994591,IMD GRID MODEL
Uttarakhand,Tehri Garhwal,2019-01-26,2019,01,11.11787797,IMD GRID MODEL
Uttarakhand,Tehri Garhwal,2019-01-30,2019,01,0,IMD GRID MODEL
Uttarakhand,Tehri Garhwal,2019-02-09,2019,02,5.088502914,IMD GRID MODEL
Uttarakhand,Tehri Garhwal,2019-02-10,2019,02,0.009534557,IMD GRID MODEL
Uttarakhand,Tehri Garhwal,2019-02-17,2019,02,0.250665477,IMD GRID MODEL
Uttarakhand,Tehri Garhwal,2019-02-18,2019,02,2.725618638,IMD GRID MODEL
Uttarakhand,Tehri Garhwal,2019-02-21,2019,02,12.60318766,IMD GRID MODEL
Uttarakhand,Tehri Garhwal,2019-02-22,2019,02,4.045095757,IMD GRID MODEL
Uttarakhand,Tehri Garhwal,2019-02-23,2019,02,0.313032286,IMD GRID MODEL
Uttarakhand,Tehri Garhwal,2019-02-25,2019,02,0,IMD GRID MODEL
Uttarakhand,Tehri Garhwal,2019-02-27,2019,02,13.31854918,IMD GRID MODEL
Uttarakhand,Tehri Garhwal,2019-03-04,2019,03,0.165250684,IMD GRID MODEL
Uttarakhand,Tehri Garhwal,2019-03-07,2019,03,0,IMD GRID MODEL
Uttarakhand,Tehri Garhwal,2019-03-10,2019,03,0,IMD GRID MODEL
Uttarakhand,Tehri Garhwal,2019-03-19,2019,03,0.00353795,IMD GRID MODEL
Uttarakhand,Tehri Garhwal,2019-03-27,2019,03,0,IMD GRID MODEL
Uttarakhand,Tehri Garhwal,2019-03-31,2019,03,8.04e-05,IMD GRID MODEL
Uttarakhand,Tehri Garhwal,2019-04-06,2019,04,2.090552863,IMD GRID MODEL
Uttarakhand,Tehri Garhwal,2019-04-07,2019,04,4.969177348,IMD GRID MODEL
Uttarakhand,Tehri Garhwal,2019-04-10,2019,04,0,IMD GRID MODEL
Uttarakhand,Tehri Garhwal,2019-04-12,2019,04,0,IMD GRID MODEL
Uttarakhand,Tehri Garhwal,2019-04-19,2019,04,4.195672528,IMD GRID MODEL
Uttarakhand,Tehri Garhwal,2019-04-22,2019,04,0.508830077,IMD GRID MODEL
Uttarakhand,Tehri Garhwal,2019-04-26,2019,04,2.152844473,IMD GRID MODEL
Uttarakhand,Tehri Garhwal,2019-05-07,2019,05,0,IMD GRID MODEL
Uttarakhand,Tehri Garhwal,2019-05-12,2019,05,0.71722199,IMD GRID MODEL
Uttarakhand,Tehri Garhwal,2019-05-13,2019,05,1.70413896,IMD GRID MODEL
Uttarakhand,Tehri Garhwal,2019-05-30,2019,05,0,IMD GRID MODEL
Uttarakhand,Tehri Garhwal,2019-06-04,2019,06,6.637618261,IMD GRID MODEL
Uttarakhand,Tehri Garhwal,2019-06-08,2019,06,0,IMD GRID MODEL
Uttarakhand,Tehri Garhwal,2019-06-13,2019,06,0.372353152,IMD GRID MODEL
Uttarakhand,Tehri Garhwal,2019-06-16,2019,06,0,IMD GRID MODEL
Uttarakhand,Tehri Garhwal,2019-06-23,2019,06,6.301052199,IMD GRID MODEL
Uttarakhand,Tehri Garhwal,2019-07-06,2019,07,1.388335629,IMD GRID MODEL
Uttarakhand,Tehri Garhwal,2019-07-08,2019,07,7.430997038,IMD GRID MODEL
Uttarakhand,Tehri Garhwal,2019-07-09,2019,07,7.442489705,IMD GRID MODEL
Uttarakhand,Tehri Garhwal,2019-07-10,2019,07,24.91442883,IMD GRID MODEL
Uttarakhand,Tehri Garhwal,2019-07-12,2019,07,12.45890031,IMD GRID MODEL
Uttarakhand,Tehri Garhwal,2019-07-17,2019,07,6.84243646,IMD GRID MODEL
Uttarakhand,Tehri Garhwal,2019-07-21,2019,07,2.773461688,IMD GRID MODEL
Uttarakhand,Tehri Garhwal,2019-08-12,2019,08,13.24618979,IMD GRID MODEL
Uttarakhand,Tehri Garhwal,2019-08-13,2019,08,13.19021149,IMD GRID MODEL
Uttarakhand,Tehri Garhwal,2019-09-02,2019,09,1.015191518,IMD GRID MODEL
Uttarakhand,Tehri Garhwal,2019-09-07,2019,09,2.546551591,IMD GRID MODEL
Uttarakhand,Tehri Garhwal,2019-09-10,2019,09,0,IMD GRID MODEL
Uttarakhand,Tehri Garhwal,2019-09-13,2019,09,4.37245609,IMD GRID MODEL
Uttarakhand,Tehri Garhwal,2019-09-14,2019,09,4.459385271,IMD GRID MODEL
Uttarakhand,Tehri Garhwal,2019-09-20,2019,09,2.263533264,IMD GRID MODEL
Uttarakhand,Tehri Garhwal,2019-09-25,2019,09,0.164969474,IMD GRID MODEL
Uttarakhand,Tehri Garhwal,2019-10-03,2019,10,0.155200046,IMD GRID MODEL
Uttarakhand,Tehri Garhwal,2019-10-15,2019,10,0,IMD GRID MODEL
Uttarakhand,Tehri Garhwal,2019-10-19,2019,10,0,IMD GRID MODEL
Uttarakhand,Tehri Garhwal,2019-10-21,2019,10,0.000764984,IMD GRID MODEL
Uttarakhand,Tehri Garhwal,2019-10-29,2019,10,0,IMD GRID MODEL
Uttarakhand,Tehri Garhwal,2019-11-02,2019,11,0,IMD GRID MODEL
Uttarakhand,Tehri Garhwal,2019-11-06,2019,11,0,IMD GRID MODEL
Uttarakhand,Tehri Garhwal,2019-11-20,2019,11,0,IMD GRID MODEL
Uttarakhand,Tehri Garhwal,2019-11-22,2019,11,0,IMD GRID MODEL
Uttarakhand,Tehri Garhwal,2019-12-01,2019,12,0,IMD GRID MODEL
Uttarakhand,Tehri Garhwal,2019-12-20,2019,12,0,IMD GRID MODEL
Uttarakhand,Tehri Garhwal,2019-12-24,2019,12,0,IMD GRID MODEL
Uttarakhand,Tehri Garhwal,2019-12-30,2019,12,0,IMD GRID MODEL
Uttarakhand,Udam Singh Nagar,2019-01-05,2019,01,0,IMD GRID MODEL
Uttarakhand,Udam Singh Nagar,2019-01-07,2019,01,0.266354961,IMD GRID MODEL
Uttarakhand,Udam Singh Nagar,2019-01-09,2019,01,0,IMD GRID MODEL
Uttarakhand,Udam Singh Nagar,2019-01-10,2019,01,0,IMD GRID MODEL
Uttarakhand,Udam Singh Nagar,2019-01-11,2019,01,0,IMD GRID MODEL
Uttarakhand,Udam Singh Nagar,2019-01-15,2019,01,0,IMD GRID MODEL
Uttarakhand,Udam Singh Nagar,2019-01-25,2019,01,1.692417167,IMD GRID MODEL
Uttarakhand,Udam Singh Nagar,2019-01-29,2019,01,0.140448227,IMD GRID MODEL
Uttarakhand,Udam Singh Nagar,2019-01-31,2019,01,0,IMD GRID MODEL
Uttarakhand,Udam Singh Nagar,2019-02-04,2019,02,0,IMD GRID MODEL
Uttarakhand,Udam Singh Nagar,2019-02-06,2019,02,0,IMD GRID MODEL
Uttarakhand,Udam Singh Nagar,2019-02-08,2019,02,15.43318694,IMD GRID MODEL
Uttarakhand,Udam Singh Nagar,2019-02-10,2019,02,0,IMD GRID MODEL
Uttarakhand,Udam Singh Nagar,2019-02-14,2019,02,0.272909087,IMD GRID MODEL
Uttarakhand,Udam Singh Nagar,2019-02-20,2019,02,0.069440079,IMD GRID MODEL
Uttarakhand,Udam Singh Nagar,2019-02-22,2019,02,0.659026534,IMD GRID MODEL
Uttarakhand,Udam Singh Nagar,2019-03-02,2019,03,0,IMD GRID MODEL
Uttarakhand,Udam Singh Nagar,2019-03-03,2019,03,4.897085645,IMD GRID MODEL
Uttarakhand,Udam Singh Nagar,2019-03-16,2019,03,0,IMD GRID MODEL
Uttarakhand,Udam Singh Nagar,2019-03-19,2019,03,0.000389914,IMD GRID MODEL
Uttarakhand,Udam Singh Nagar,2019-03-21,2019,03,0.300500544,IMD GRID MODEL
Uttarakhand,Udam Singh Nagar,2019-04-06,2019,04,0.166268342,IMD GRID MODEL
Uttarakhand,Udam Singh Nagar,2019-04-11,2019,04,0,IMD GRID MODEL
Uttarakhand,Udam Singh Nagar,2019-04-17,2019,04,1.067764486,IMD GRID MODEL
Uttarakhand,Udam Singh Nagar,2019-04-26,2019,04,0.000866475,IMD GRID MODEL
Uttarakhand,Udam Singh Nagar,2019-04-28,2019,04,0,IMD GRID MODEL
Uttarakhand,Udam Singh Nagar,2019-05-01,2019,05,0,IMD GRID MODEL
Uttarakhand,Udam Singh Nagar,2019-05-08,2019,05,0,IMD GRID MODEL
Uttarakhand,Udam Singh Nagar,2019-05-09,2019,05,0,IMD GRID MODEL
Uttarakhand,Udam Singh Nagar,2019-05-11,2019,05,0,IMD GRID MODEL
Uttarakhand,Udam Singh Nagar,2019-05-16,2019,05,0.622458082,IMD GRID MODEL
Uttarakhand,Udam Singh Nagar,2019-05-26,2019,05,0,IMD GRID MODEL
Uttarakhand,Udam Singh Nagar,2019-05-30,2019,05,0,IMD GRID MODEL
Uttarakhand,Udam Singh Nagar,2019-06-06,2019,06,0,IMD GRID MODEL
Uttarakhand,Udam Singh Nagar,2019-06-08,2019,06,0,IMD GRID MODEL
Uttarakhand,Udam Singh Nagar,2019-06-13,2019,06,0.095762777,IMD GRID MODEL
Uttarakhand,Udam Singh Nagar,2019-06-15,2019,06,0,IMD GRID MODEL
Uttarakhand,Udam Singh Nagar,2019-06-18,2019,06,2.378357519,IMD GRID MODEL
Uttarakhand,Udam Singh Nagar,2019-07-01,2019,07,4.514954504,IMD GRID MODEL
Uttarakhand,Udam Singh Nagar,2019-07-15,2019,07,42.92247898,IMD GRID MODEL
Uttarakhand,Udam Singh Nagar,2019-07-18,2019,07,1.887116343,IMD GRID MODEL
Uttarakhand,Udam Singh Nagar,2019-07-20,2019,07,0.001749465,IMD GRID MODEL
Uttarakhand,Udam Singh Nagar,2019-07-26,2019,07,9.230860821,IMD GRID MODEL
Uttarakhand,Udam Singh Nagar,2019-08-01,2019,08,0.428970728,IMD GRID MODEL
Uttarakhand,Udam Singh Nagar,2019-08-06,2019,08,96.73319844,IMD GRID MODEL
Uttarakhand,Udam Singh Nagar,2019-08-08,2019,08,0.202366872,IMD GRID MODEL
Uttarakhand,Udam Singh Nagar,2019-08-16,2019,08,6.411732106,IMD GRID MODEL
Uttarakhand,Udam Singh Nagar,2019-08-17,2019,08,8.259939377,IMD GRID MODEL
Uttarakhand,Udam Singh Nagar,2019-08-18,2019,08,33.82854672,IMD GRID MODEL
Uttarakhand,Udam Singh Nagar,2019-08-20,2019,08,25.61383022,IMD GRID MODEL
Uttarakhand,Udam Singh Nagar,2019-09-02,2019,09,17.42172761,IMD GRID MODEL
Uttarakhand,Udam Singh Nagar,2019-09-06,2019,09,3.14793209,IMD GRID MODEL
Uttarakhand,Udam Singh Nagar,2019-09-15,2019,09,7.732378968,IMD GRID MODEL
Uttarakhand,Udam Singh Nagar,2019-09-20,2019,09,0.654560039,IMD GRID MODEL
Uttarakhand,Udam Singh Nagar,2019-09-21,2019,09,0.000519885,IMD GRID MODEL
Uttarakhand,Udam Singh Nagar,2019-09-26,2019,09,10.00096722,IMD GRID MODEL
Uttarakhand,Udam Singh Nagar,2019-10-01,2019,10,20.36476876,IMD GRID MODEL
Uttarakhand,Udam Singh Nagar,2019-10-10,2019,10,2.308300099,IMD GRID MODEL
Uttarakhand,Udam Singh Nagar,2019-10-11,2019,10,0,IMD GRID MODEL
Uttarakhand,Udam Singh Nagar,2019-10-20,2019,10,0,IMD GRID MODEL
Uttarakhand,Udam Singh Nagar,2019-10-27,2019,10,0,IMD GRID MODEL
Uttarakhand,Udam Singh Nagar,2019-10-28,2019,10,0,IMD GRID MODEL
Uttarakhand,Udam Singh Nagar,2019-11-04,2019,11,0,IMD GRID MODEL
Uttarakhand,Udam Singh Nagar,2019-11-05,2019,11,0,IMD GRID MODEL
Uttarakhand,Udam Singh Nagar,2019-11-07,2019,11,0,IMD GRID MODEL
Uttarakhand,Udam Singh Nagar,2019-11-09,2019,11,0,IMD GRID MODEL
Uttarakhand,Udam Singh Nagar,2019-11-11,2019,11,0,IMD GRID MODEL
Uttarakhand,Udam Singh Nagar,2019-11-14,2019,11,0,IMD GRID MODEL
Uttarakhand,Udam Singh Nagar,2019-11-19,2019,11,0,IMD GRID MODEL
Uttarakhand,Udam Singh Nagar,2019-11-25,2019,11,0,IMD GRID MODEL
Uttarakhand,Udam Singh Nagar,2019-11-27,2019,11,0,IMD GRID MODEL
Uttarakhand,Udam Singh Nagar,2019-12-05,2019,12,0,IMD GRID MODEL
Uttarakhand,Udam Singh Nagar,2019-12-11,2019,12,0,IMD GRID MODEL
Uttarakhand,Udam Singh Nagar,2019-02-11,2019,02,0,IMD GRID MODEL
Uttarakhand,Udam Singh Nagar,2019-02-18,2019,02,0.000259943,IMD GRID MODEL
Uttarakhand,Udam Singh Nagar,2019-04-24,2019,04,0,IMD GRID MODEL
Uttarakhand,Udam Singh Nagar,2019-08-03,2019,08,13.42101922,IMD GRID MODEL
Uttarakhand,Udam Singh Nagar,2019-12-09,2019,12,0,IMD GRID MODEL
Uttarakhand,Uttar Kashi,2019-01-02,2019,01,0.042290837,IMD GRID MODEL
Uttarakhand,Uttar Kashi,2019-01-03,2019,01,0.417316572,IMD GRID MODEL
Uttarakhand,Uttar Kashi,2019-01-07,2019,01,11.19191097,IMD GRID MODEL
Uttarakhand,Uttar Kashi,2019-01-08,2019,01,0,IMD GRID MODEL
Uttarakhand,Uttar Kashi,2019-01-14,2019,01,0.020838303,IMD GRID MODEL
Uttarakhand,Uttar Kashi,2019-01-15,2019,01,0,IMD GRID MODEL
Uttarakhand,Uttar Kashi,2019-01-25,2019,01,1.429091768,IMD GRID MODEL
Uttarakhand,Uttar Kashi,2019-01-26,2019,01,20.33028933,IMD GRID MODEL
Uttarakhand,Uttar Kashi,2019-02-07,2019,02,0.430413449,IMD GRID MODEL
Uttarakhand,Uttar Kashi,2019-02-10,2019,02,0.000242176,IMD GRID MODEL
Uttarakhand,Uttar Kashi,2019-02-12,2019,02,0,IMD GRID MODEL
Uttarakhand,Uttar Kashi,2019-02-22,2019,02,11.75878057,IMD GRID MODEL
Uttarakhand,Uttar Kashi,2019-02-27,2019,02,10.23519517,IMD GRID MODEL
Uttarakhand,Uttar Kashi,2019-02-26,2019,02,0.873109035,IMD GRID MODEL
Uttarakhand,Uttar Kashi,2019-03-06,2019,03,0.203038455,IMD GRID MODEL
Uttarakhand,Uttar Kashi,2019-03-10,2019,03,0,IMD GRID MODEL
Uttarakhand,Uttar Kashi,2019-03-24,2019,03,0,IMD GRID MODEL
Uttarakhand,Uttar Kashi,2019-04-05,2019,04,0,IMD GRID MODEL
Uttarakhand,Uttar Kashi,2019-04-07,2019,04,2.601286793,IMD GRID MODEL
Uttarakhand,Uttar Kashi,2019-04-16,2019,04,0,IMD GRID MODEL
Uttarakhand,Uttar Kashi,2019-04-26,2019,04,2.109801739,IMD GRID MODEL
Uttarakhand,Uttar Kashi,2019-05-07,2019,05,0,IMD GRID MODEL
Uttarakhand,Uttar Kashi,2019-05-14,2019,05,3.539022972,IMD GRID MODEL
Uttarakhand,Uttar Kashi,2019-05-19,2019,05,8.739090205,IMD GRID MODEL
Uttarakhand,Uttar Kashi,2019-05-27,2019,05,0,IMD GRID MODEL
Uttarakhand,Uttar Kashi,2019-05-30,2019,05,0,IMD GRID MODEL
Uttarakhand,Uttar Kashi,2019-05-31,2019,05,0,IMD GRID MODEL
Uttarakhand,Uttar Kashi,2019-06-02,2019,06,1.193146828,IMD GRID MODEL
Uttarakhand,Uttar Kashi,2019-06-07,2019,06,0.637045757,IMD GRID MODEL
Uttarakhand,Uttar Kashi,2019-06-10,2019,06,0,IMD GRID MODEL
Uttarakhand,Uttar Kashi,2019-06-14,2019,06,0.003792382,IMD GRID MODEL
Uttarakhand,Uttar Kashi,2019-06-19,2019,06,0,IMD GRID MODEL
Uttarakhand,Uttar Kashi,2019-06-20,2019,06,5.42700464,IMD GRID MODEL
Uttarakhand,Uttar Kashi,2019-06-22,2019,06,0.82503047,IMD GRID MODEL
Uttarakhand,Uttar Kashi,2019-06-24,2019,06,11.65543216,IMD GRID MODEL
Uttarakhand,Uttar Kashi,2019-06-25,2019,06,7.473744595,IMD GRID MODEL
Uttarakhand,Uttar Kashi,2019-06-26,2019,06,7.204821167,IMD GRID MODEL
Uttarakhand,Uttar Kashi,2019-07-09,2019,07,6.592004797,IMD GRID MODEL
Uttarakhand,Uttar Kashi,2019-07-11,2019,07,3.469518116,IMD GRID MODEL
Uttarakhand,Uttar Kashi,2019-07-14,2019,07,3.837084267,IMD GRID MODEL
Uttarakhand,Uttar Kashi,2019-07-20,2019,07,5.278967751,IMD GRID MODEL
Uttarakhand,Uttar Kashi,2019-08-12,2019,08,8.224612106,IMD GRID MODEL
Uttarakhand,Uttar Kashi,2019-08-13,2019,08,12.42533198,IMD GRID MODEL
Uttarakhand,Uttar Kashi,2019-08-16,2019,08,9.789596069,IMD GRID MODEL
Uttarakhand,Uttar Kashi,2019-08-22,2019,08,5.713389694,IMD GRID MODEL
Uttarakhand,Uttar Kashi,2019-08-23,2019,08,1.438760061,IMD GRID MODEL
Uttarakhand,Uttar Kashi,2019-08-27,2019,08,0.87930345,IMD GRID MODEL
Uttarakhand,Uttar Kashi,2019-09-05,2019,09,8.749248783,IMD GRID MODEL
Uttarakhand,Uttar Kashi,2019-09-15,2019,09,0.676143111,IMD GRID MODEL
Uttarakhand,Uttar Kashi,2019-09-16,2019,09,1.037936139,IMD GRID MODEL
Uttarakhand,Uttar Kashi,2019-09-21,2019,09,0.007857151,IMD GRID MODEL
Uttarakhand,Uttar Kashi,2019-10-25,2019,10,0,IMD GRID MODEL
Uttarakhand,Uttar Kashi,2019-11-04,2019,11,0.149807028,IMD GRID MODEL
Uttarakhand,Uttar Kashi,2019-11-14,2019,11,0,IMD GRID MODEL
Uttarakhand,Uttar Kashi,2019-11-25,2019,11,0,IMD GRID MODEL
Uttarakhand,Uttar Kashi,2019-11-28,2019,11,14.48435599,IMD GRID MODEL
Uttarakhand,Uttar Kashi,2019-11-30,2019,11,0,IMD GRID MODEL
Uttarakhand,Uttar Kashi,2019-12-11,2019,12,0,IMD GRID MODEL
Uttarakhand,Uttar Kashi,2019-12-12,2019,12,4.570880761,IMD GRID MODEL
Uttarakhand,Uttar Kashi,2019-12-13,2019,12,23.89645876,IMD GRID MODEL
Uttarakhand,Uttar Kashi,2019-12-14,2019,12,22.30412073,IMD GRID MODEL
Uttarakhand,Uttar Kashi,2019-12-21,2019,12,0,IMD GRID MODEL
Uttarakhand,Uttar Kashi,2019-12-23,2019,12,0,IMD GRID MODEL
Uttarakhand,Uttar Kashi,2019-01-21,2019,01,0.08834288,IMD GRID MODEL
Uttarakhand,Dehradun,2019-08-25,2019,08,10.49870618,IMD GRID MODEL
Uttarakhand,Dehradun,2019-09-09,2019,09,0,IMD GRID MODEL
Uttarakhand,Dehradun,2019-09-13,2019,09,1.552355163,IMD GRID MODEL
Uttarakhand,Dehradun,2019-09-15,2019,09,8.634521645,IMD GRID MODEL
Uttarakhand,Dehradun,2019-09-21,2019,09,0.454473183,IMD GRID MODEL
Uttarakhand,Dehradun,2019-09-22,2019,09,11.57820348,IMD GRID MODEL
Uttarakhand,Dehradun,2019-09-28,2019,09,12.27051347,IMD GRID MODEL
Uttarakhand,Dehradun,2019-09-29,2019,09,53.20525227,IMD GRID MODEL
Uttarakhand,Dehradun,2019-10-11,2019,10,0,IMD GRID MODEL
Uttarakhand,Dehradun,2019-10-23,2019,10,0,IMD GRID MODEL
Uttarakhand,Dehradun,2019-11-05,2019,11,0,IMD GRID MODEL
Uttarakhand,Dehradun,2019-11-07,2019,11,0,IMD GRID MODEL
Uttarakhand,Dehradun,2019-11-14,2019,11,0,IMD GRID MODEL
Uttarakhand,Dehradun,2019-11-21,2019,11,0,IMD GRID MODEL
Uttarakhand,Dehradun,2019-11-22,2019,11,0,IMD GRID MODEL
Uttarakhand,Dehradun,2019-11-24,2019,11,0.016505062,IMD GRID MODEL
Uttarakhand,Dehradun,2019-12-09,2019,12,0,IMD GRID MODEL
Uttarakhand,Dehradun,2019-12-12,2019,12,1.282155189,IMD GRID MODEL
Uttarakhand,Dehradun,2019-12-13,2019,12,26.09092132,IMD GRID MODEL
Uttarakhand,Dehradun,2019-12-15,2019,12,1.664523963,IMD GRID MODEL
Uttarakhand,Dehradun,2019-12-16,2019,12,0.110277216,IMD GRID MODEL
Uttarakhand,Dehradun,2019-12-17,2019,12,0,IMD GRID MODEL
Uttarakhand,Dehradun,2019-12-20,2019,12,0,IMD GRID MODEL
Uttarakhand,Dehradun,2019-12-27,2019,12,0,IMD GRID MODEL
Uttarakhand,Dehradun,2019-12-29,2019,12,0,IMD GRID MODEL
Uttarakhand,Dehradun,2019-12-30,2019,12,0,IMD GRID MODEL
Uttarakhand,Haridwar,2019-01-01,2019,01,0,IMD GRID MODEL
Uttarakhand,Haridwar,2019-01-04,2019,01,0,IMD GRID MODEL
Uttarakhand,Haridwar,2019-01-06,2019,01,0.113514598,IMD GRID MODEL
Uttarakhand,Haridwar,2019-01-09,2019,01,0,IMD GRID MODEL
Uttarakhand,Haridwar,2019-01-14,2019,01,0,IMD GRID MODEL
Uttarakhand,Haridwar,2019-01-18,2019,01,0,IMD GRID MODEL
Uttarakhand,Haridwar,2019-01-20,2019,01,0,IMD GRID MODEL
Uttarakhand,Haridwar,2019-01-23,2019,01,27.835254,IMD GRID MODEL
Uttarakhand,Haridwar,2019-01-26,2019,01,2.300021002,IMD GRID MODEL
Uttarakhand,Haridwar,2019-01-29,2019,01,0,IMD GRID MODEL
Uttarakhand,Haridwar,2019-02-06,2019,02,0,IMD GRID MODEL
Uttarakhand,Haridwar,2019-02-08,2019,02,18.35491295,IMD GRID MODEL
Uttarakhand,Haridwar,2019-02-18,2019,02,0.301123777,IMD GRID MODEL
Uttarakhand,Haridwar,2019-02-23,2019,02,0.757690044,IMD GRID MODEL
Uttarakhand,Haridwar,2019-02-26,2019,02,0,IMD GRID MODEL
Uttarakhand,Haridwar,2019-03-03,2019,03,4.545828266,IMD GRID MODEL
Uttarakhand,Haridwar,2019-03-07,2019,03,0,IMD GRID MODEL
Uttarakhand,Haridwar,2019-03-11,2019,03,0,IMD GRID MODEL
Uttarakhand,Haridwar,2019-03-12,2019,03,0.703839577,IMD GRID MODEL
Uttarakhand,Haridwar,2019-03-13,2019,03,0,IMD GRID MODEL
Uttarakhand,Haridwar,2019-03-18,2019,03,3.78e-05,IMD GRID MODEL
Uttarakhand,Haridwar,2019-03-23,2019,03,0,IMD GRID MODEL
Uttarakhand,Haridwar,2019-03-24,2019,03,0,IMD GRID MODEL
Uttarakhand,Haridwar,2019-03-28,2019,03,0,IMD GRID MODEL
Uttarakhand,Haridwar,2019-04-16,2019,04,0,IMD GRID MODEL
Uttarakhand,Haridwar,2019-04-18,2019,04,10.83434547,IMD GRID MODEL
Uttarakhand,Haridwar,2019-04-23,2019,04,0,IMD GRID MODEL
Uttarakhand,Haridwar,2019-05-03,2019,05,3.482794085,IMD GRID MODEL
Uttarakhand,Haridwar,2019-05-10,2019,05,0,IMD GRID MODEL
Uttarakhand,Haridwar,2019-05-16,2019,05,0,IMD GRID MODEL
Uttarakhand,Haridwar,2019-05-19,2019,05,0.322846767,IMD GRID MODEL
Uttarakhand,Haridwar,2019-05-27,2019,05,0,IMD GRID MODEL
Uttarakhand,Haridwar,2019-05-28,2019,05,0,IMD GRID MODEL
Uttarakhand,Haridwar,2019-05-30,2019,05,0,IMD GRID MODEL
Uttarakhand,Haridwar,2019-06-06,2019,06,0,IMD GRID MODEL
Uttarakhand,Haridwar,2019-06-20,2019,06,1.596736464,IMD GRID MODEL
Uttarakhand,Haridwar,2019-06-28,2019,06,5.04e-05,IMD GRID MODEL
Uttarakhand,Haridwar,2019-06-30,2019,06,0.125492665,IMD GRID MODEL
Uttarakhand,Haridwar,2019-07-01,2019,07,0.284428425,IMD GRID MODEL
Uttarakhand,Haridwar,2019-07-03,2019,07,5.059315204,IMD GRID MODEL
Uttarakhand,Haridwar,2019-07-08,2019,07,11.77044946,IMD GRID MODEL
Uttarakhand,Haridwar,2019-07-12,2019,07,13.15372618,IMD GRID MODEL
Uttarakhand,Haridwar,2019-07-21,2019,07,0.795680737,IMD GRID MODEL
Uttarakhand,Haridwar,2019-07-23,2019,07,0.4222928,IMD GRID MODEL
Uttarakhand,Haridwar,2019-07-24,2019,07,4.14384132,IMD GRID MODEL
Uttarakhand,Haridwar,2019-07-25,2019,07,32.79034744,IMD GRID MODEL
Uttarakhand,Haridwar,2019-07-26,2019,07,3.387596026,IMD GRID MODEL
Uttarakhand,Haridwar,2019-07-28,2019,07,8.558822302,IMD GRID MODEL
Uttarakhand,Haridwar,2019-08-07,2019,08,5.075024984,IMD GRID MODEL
Uttarakhand,Haridwar,2019-08-17,2019,08,4.194584861,IMD GRID MODEL
Uttarakhand,Haridwar,2019-08-19,2019,08,22.05202316,IMD GRID MODEL
Uttarakhand,Haridwar,2019-08-23,2019,08,1.691554839,IMD GRID MODEL
Uttarakhand,Haridwar,2019-08-28,2019,08,0.013479399,IMD GRID MODEL
Uttarakhand,Haridwar,2019-09-03,2019,09,2.235572947,IMD GRID MODEL
Uttarakhand,Haridwar,2019-09-05,2019,09,2.006742756,IMD GRID MODEL
Uttarakhand,Haridwar,2019-09-15,2019,09,3.039818611,IMD GRID MODEL
Uttarakhand,Haridwar,2019-09-16,2019,09,1.400572418,IMD GRID MODEL
Uttarakhand,Haridwar,2019-09-17,2019,09,15.06679318,IMD GRID MODEL
Uttarakhand,Haridwar,2019-09-19,2019,09,0.279125902,IMD GRID MODEL
Uttarakhand,Haridwar,2019-09-21,2019,09,0.025615567,IMD GRID MODEL
Uttarakhand,Haridwar,2019-09-24,2019,09,0,IMD GRID MODEL
Uttarakhand,Haridwar,2019-10-04,2019,10,0.032746635,IMD GRID MODEL
Uttarakhand,Haridwar,2019-10-05,2019,10,0,IMD GRID MODEL
Uttarakhand,Haridwar,2019-10-11,2019,10,0,IMD GRID MODEL
Uttarakhand,Haridwar,2019-10-16,2019,10,0,IMD GRID MODEL
Uttarakhand,Haridwar,2019-10-23,2019,10,0,IMD GRID MODEL
Uttarakhand,Haridwar,2019-10-24,2019,10,0,IMD GRID MODEL
Uttarakhand,Haridwar,2019-10-27,2019,10,0,IMD GRID MODEL
Uttarakhand,Haridwar,2019-11-01,2019,11,0,IMD GRID MODEL
Uttarakhand,Haridwar,2019-11-21,2019,11,0,IMD GRID MODEL
Uttarakhand,Haridwar,2019-11-22,2019,11,0,IMD GRID MODEL
Uttarakhand,Haridwar,2019-11-27,2019,11,0.012042768,IMD GRID MODEL
Uttarakhand,Haridwar,2019-12-03,2019,12,0,IMD GRID MODEL
Uttarakhand,Haridwar,2019-12-05,2019,12,0,IMD GRID MODEL
Uttarakhand,Haridwar,2019-12-09,2019,12,0,IMD GRID MODEL
Uttarakhand,Haridwar,2019-12-13,2019,12,25.10548078,IMD GRID MODEL
Uttarakhand,Haridwar,2019-12-23,2019,12,0,IMD GRID MODEL
Uttarakhand,Haridwar,2019-12-25,2019,12,0,IMD GRID MODEL
Uttarakhand,Nainital,2019-01-06,2019,01,0,IMD GRID MODEL
Uttarakhand,Nainital,2019-01-08,2019,01,0,IMD GRID MODEL
Uttarakhand,Nainital,2019-01-10,2019,01,0,IMD GRID MODEL
Uttarakhand,Nainital,2019-01-18,2019,01,0,IMD GRID MODEL
Uttarakhand,Nainital,2019-01-24,2019,01,3.50265037,IMD GRID MODEL
Uttarakhand,Nainital,2019-01-27,2019,01,0.615414879,IMD GRID MODEL
Uttarakhand,Nainital,2019-01-28,2019,01,0.013977013,IMD GRID MODEL
Uttarakhand,Nainital,2019-02-10,2019,02,0,IMD GRID MODEL
Uttarakhand,Nainital,2019-02-13,2019,02,0,IMD GRID MODEL
Uttarakhand,Nainital,2019-02-18,2019,02,0.193281681,IMD GRID MODEL
Uttarakhand,Nainital,2019-02-19,2019,02,5.255591002,IMD GRID MODEL
Uttarakhand,Nainital,2019-03-09,2019,03,0,IMD GRID MODEL
Uttarakhand,Nainital,2019-03-14,2019,03,0,IMD GRID MODEL
Uttarakhand,Nainital,2019-03-19,2019,03,0.295363507,IMD GRID MODEL
Uttarakhand,Nainital,2019-03-20,2019,03,0,IMD GRID MODEL
Uttarakhand,Nainital,2019-04-03,2019,04,0,IMD GRID MODEL
Uttarakhand,Nainital,2019-04-04,2019,04,0,IMD GRID MODEL
Uttarakhand,Nainital,2019-04-09,2019,04,9.377776998,IMD GRID MODEL
Uttarakhand,Nainital,2019-04-22,2019,04,0.787593865,IMD GRID MODEL
Uttarakhand,Nainital,2019-04-24,2019,04,0,IMD GRID MODEL
Uttarakhand,Nainital,2019-05-03,2019,05,7.300800605,IMD GRID MODEL
Uttarakhand,Nainital,2019-05-08,2019,05,0,IMD GRID MODEL
Uttarakhand,Nainital,2019-05-15,2019,05,2.533352607,IMD GRID MODEL
Uttarakhand,Nainital,2019-05-17,2019,05,4.238111888,IMD GRID MODEL
Uttarakhand,Nainital,2019-05-22,2019,05,0.011105158,IMD GRID MODEL
Uttarakhand,Nainital,2019-05-24,2019,05,0,IMD GRID MODEL
Uttarakhand,Nainital,2019-05-25,2019,05,1.412850886,IMD GRID MODEL
Uttarakhand,Nainital,2019-06-05,2019,06,0,IMD GRID MODEL
Uttarakhand,Nainital,2019-06-15,2019,06,0,IMD GRID MODEL
Uttarakhand,Nainital,2019-06-16,2019,06,0,IMD GRID MODEL
Uttarakhand,Nainital,2019-06-25,2019,06,33.22740977,IMD GRID MODEL
Uttarakhand,Nainital,2019-07-04,2019,07,0.032054445,IMD GRID MODEL
Uttarakhand,Nainital,2019-07-09,2019,07,23.96690603,IMD GRID MODEL
Uttarakhand,Nainital,2019-07-10,2019,07,15.20003376,IMD GRID MODEL
Uttarakhand,Nainital,2019-07-15,2019,07,29.9427234,IMD GRID MODEL
Uttarakhand,Nainital,2019-07-19,2019,07,2.486330043,IMD GRID MODEL
Uttarakhand,Nainital,2019-07-20,2019,07,1.337587646,IMD GRID MODEL
Uttarakhand,Nainital,2019-07-27,2019,07,25.5466404,IMD GRID MODEL
Uttarakhand,Nainital,2019-07-29,2019,07,2.689507312,IMD GRID MODEL
Uttarakhand,Nainital,2019-08-10,2019,08,1.05284904,IMD GRID MODEL
Uttarakhand,Nainital,2019-08-13,2019,08,1.526997665,IMD GRID MODEL
Uttarakhand,Nainital,2019-08-20,2019,08,22.24598528,IMD GRID MODEL
Uttarakhand,Nainital,2019-08-22,2019,08,19.18562279,IMD GRID MODEL
Uttarakhand,Nainital,2019-08-24,2019,08,0.66783798,IMD GRID MODEL
Uttarakhand,Nainital,2019-08-29,2019,08,7.070049062,IMD GRID MODEL
Uttarakhand,Nainital,2019-08-31,2019,08,8.417066322,IMD GRID MODEL
Uttarakhand,Nainital,2019-09-11,2019,09,3.185355597,IMD GRID MODEL
Uttarakhand,Nainital,2019-09-12,2019,09,3.431432794,IMD GRID MODEL
Uttarakhand,Nainital,2019-09-18,2019,09,7.483411225,IMD GRID MODEL
Uttarakhand,Nainital,2019-09-27,2019,09,3.630920036,IMD GRID MODEL
Uttarakhand,Nainital,2019-10-03,2019,10,0.07733462,IMD GRID MODEL
Uttarakhand,Nainital,2019-10-04,2019,10,4.308491916,IMD GRID MODEL
Uttarakhand,Nainital,2019-10-09,2019,10,1.206648751,IMD GRID MODEL
Uttarakhand,Nainital,2019-10-17,2019,10,0,IMD GRID MODEL
Uttarakhand,Nainital,2019-10-22,2019,10,0,IMD GRID MODEL
Uttarakhand,Nainital,2019-10-23,2019,10,0,IMD GRID MODEL
Uttarakhand,Nainital,2019-10-24,2019,10,0,IMD GRID MODEL
Uttarakhand,Nainital,2019-10-25,2019,10,0,IMD GRID MODEL
Uttarakhand,Nainital,2019-10-27,2019,10,0,IMD GRID MODEL
Uttarakhand,Nainital,2019-11-05,2019,11,0.02370491,IMD GRID MODEL
Uttarakhand,Nainital,2019-11-08,2019,11,0,IMD GRID MODEL
Uttarakhand,Nainital,2019-11-18,2019,11,0,IMD GRID MODEL
Uttarakhand,Nainital,2019-11-19,2019,11,0,IMD GRID MODEL
Uttarakhand,Nainital,2019-11-24,2019,11,0,IMD GRID MODEL
Uttarakhand,Nainital,2019-11-26,2019,11,0.05687194,IMD GRID MODEL
Uttarakhand,Nainital,2019-12-08,2019,12,0,IMD GRID MODEL
Uttarakhand,Nainital,2019-12-12,2019,12,0,IMD GRID MODEL
Uttarakhand,Nainital,2019-12-15,2019,12,0.692732917,IMD GRID MODEL
Uttarakhand,Nainital,2019-12-25,2019,12,0,IMD GRID MODEL
Uttarakhand,Nainital,2019-12-28,2019,12,0,IMD GRID MODEL
Uttarakhand,Pauri Garhwal,2019-01-02,2019,01,0,IMD GRID MODEL
Uttarakhand,Pauri Garhwal,2019-01-04,2019,01,0,IMD GRID MODEL
Uttarakhand,Pauri Garhwal,2019-01-20,2019,01,0,IMD GRID MODEL
Uttarakhand,Pauri Garhwal,2019-01-21,2019,01,0,IMD GRID MODEL
Uttarakhand,Pauri Garhwal,2019-01-22,2019,01,24.29316115,IMD GRID MODEL
Uttarakhand,Pauri Garhwal,2019-01-24,2019,01,5.23282536,IMD GRID MODEL
Uttarakhand,Pauri Garhwal,2019-01-29,2019,01,0.000135212,IMD GRID MODEL
Uttarakhand,Pauri Garhwal,2019-01-30,2019,01,0,IMD GRID MODEL
Uttarakhand,Pauri Garhwal,2019-01-31,2019,01,0.217057396,IMD GRID MODEL
Uttarakhand,Pauri Garhwal,2019-02-01,2019,02,1.417386379,IMD GRID MODEL
Uttarakhand,Pauri Garhwal,2019-02-07,2019,02,0.122847702,IMD GRID MODEL
Uttarakhand,Pauri Garhwal,2019-02-17,2019,02,1.031047005,IMD GRID MODEL
Uttarakhand,Pauri Garhwal,2019-02-28,2019,02,8.833107132,IMD GRID MODEL
Uttarakhand,Pauri Garhwal,2019-03-02,2019,03,0,IMD GRID MODEL
Uttarakhand,Pauri Garhwal,2019-03-03,2019,03,4.686389796,IMD GRID MODEL
Uttarakhand,Pauri Garhwal,2019-03-04,2019,03,0,IMD GRID MODEL
Uttarakhand,Pauri Garhwal,2019-03-08,2019,03,0.018026181,IMD GRID MODEL
Uttarakhand,Pauri Garhwal,2019-03-11,2019,03,0,IMD GRID MODEL
Uttarakhand,Pauri Garhwal,2019-03-16,2019,03,0.048069817,IMD GRID MODEL
Uttarakhand,Pauri Garhwal,2019-03-17,2019,03,0,IMD GRID MODEL
Uttarakhand,Pauri Garhwal,2019-03-20,2019,03,0,IMD GRID MODEL
Uttarakhand,Pauri Garhwal,2019-03-21,2019,03,0.199997189,IMD GRID MODEL
Uttarakhand,Pauri Garhwal,2019-03-27,2019,03,0,IMD GRID MODEL
Uttarakhand,Pauri Garhwal,2019-03-29,2019,03,0,IMD GRID MODEL
Uttarakhand,Pauri Garhwal,2019-04-04,2019,04,0,IMD GRID MODEL
Uttarakhand,Pauri Garhwal,2019-04-13,2019,04,0,IMD GRID MODEL
Uttarakhand,Pauri Garhwal,2019-04-17,2019,04,0.646628972,IMD GRID MODEL
Uttarakhand,Pauri Garhwal,2019-04-19,2019,04,3.275391564,IMD GRID MODEL
Uttarakhand,Pauri Garhwal,2019-05-05,2019,05,0,IMD GRID MODEL
Uttarakhand,Pauri Garhwal,2019-05-06,2019,05,0,IMD GRID MODEL
Uttarakhand,Pauri Garhwal,2019-05-09,2019,05,0,IMD GRID MODEL
Uttarakhand,Pauri Garhwal,2019-05-13,2019,05,0.313097719,IMD GRID MODEL
Uttarakhand,Pauri Garhwal,2019-05-14,2019,05,1.134156517,IMD GRID MODEL
Uttarakhand,Almora,2019-01-01,2019,01,0,IMD GRID MODEL
Uttarakhand,Almora,2019-01-11,2019,01,0,IMD GRID MODEL
Uttarakhand,Almora,2019-01-15,2019,01,0,IMD GRID MODEL
Uttarakhand,Almora,2019-01-16,2019,01,0,IMD GRID MODEL
Uttarakhand,Almora,2019-02-03,2019,02,0,IMD GRID MODEL
Uttarakhand,Almora,2019-02-04,2019,02,0,IMD GRID MODEL
Uttarakhand,Almora,2019-02-09,2019,02,9.512539194,IMD GRID MODEL
Uttarakhand,Almora,2019-02-11,2019,02,0,IMD GRID MODEL
Uttarakhand,Almora,2019-02-14,2019,02,0,IMD GRID MODEL
Uttarakhand,Almora,2019-02-18,2019,02,0.753105829,IMD GRID MODEL
Uttarakhand,Almora,2019-02-19,2019,02,10.37853953,IMD GRID MODEL
Uttarakhand,Almora,2019-02-20,2019,02,0.245291388,IMD GRID MODEL
Uttarakhand,Almora,2019-03-08,2019,03,0.640180646,IMD GRID MODEL
Uttarakhand,Almora,2019-03-11,2019,03,0,IMD GRID MODEL
Uttarakhand,Almora,2019-03-13,2019,03,0,IMD GRID MODEL
Uttarakhand,Almora,2019-03-17,2019,03,0,IMD GRID MODEL
Uttarakhand,Almora,2019-03-21,2019,03,0.431837789,IMD GRID MODEL
Uttarakhand,Almora,2019-03-22,2019,03,0,IMD GRID MODEL
Uttarakhand,Almora,2019-03-23,2019,03,0,IMD GRID MODEL
Uttarakhand,Almora,2019-03-30,2019,03,0,IMD GRID MODEL
Uttarakhand,Almora,2019-04-02,2019,04,0.590806658,IMD GRID MODEL
Uttarakhand,Almora,2019-04-07,2019,04,2.127386668,IMD GRID MODEL
Uttarakhand,Almora,2019-04-09,2019,04,4.362353196,IMD GRID MODEL
Uttarakhand,Almora,2019-04-20,2019,04,2.436491407,IMD GRID MODEL
Uttarakhand,Almora,2019-04-30,2019,04,0,IMD GRID MODEL
Uttarakhand,Almora,2019-05-02,2019,05,1.091765323,IMD GRID MODEL
Uttarakhand,Almora,2019-05-04,2019,05,0.210428302,IMD GRID MODEL
Uttarakhand,Almora,2019-05-07,2019,05,0,IMD GRID MODEL
Uttarakhand,Almora,2019-05-11,2019,05,0,IMD GRID MODEL
Uttarakhand,Almora,2019-05-12,2019,05,0.687540515,IMD GRID MODEL
Uttarakhand,Almora,2019-05-22,2019,05,0.054175274,IMD GRID MODEL
Uttarakhand,Almora,2019-05-24,2019,05,0,IMD GRID MODEL
Uttarakhand,Almora,2019-06-04,2019,06,2.944959647,IMD GRID MODEL
Uttarakhand,Almora,2019-06-10,2019,06,0,IMD GRID MODEL
Uttarakhand,Almora,2019-06-18,2019,06,1.701638341,IMD GRID MODEL
Uttarakhand,Almora,2019-06-27,2019,06,0.101611095,IMD GRID MODEL
Uttarakhand,Almora,2019-06-30,2019,06,1.041164349,IMD GRID MODEL
Uttarakhand,Almora,2019-07-01,2019,07,2.016842905,IMD GRID MODEL
Uttarakhand,Almora,2019-07-04,2019,07,9.295976394,IMD GRID MODEL
Uttarakhand,Almora,2019-07-05,2019,07,0.962432479,IMD GRID MODEL
Uttarakhand,Almora,2019-07-18,2019,07,1.305973848,IMD GRID MODEL
Uttarakhand,Almora,2019-07-19,2019,07,0.363567382,IMD GRID MODEL
Uttarakhand,Almora,2019-07-20,2019,07,3.688957283,IMD GRID MODEL
Uttarakhand,Almora,2019-07-25,2019,07,18.52912833,IMD GRID MODEL
Uttarakhand,Almora,2019-07-26,2019,07,8.564675566,IMD GRID MODEL
Uttarakhand,Almora,2019-08-01,2019,08,5.725824643,IMD GRID MODEL
Uttarakhand,Almora,2019-08-05,2019,08,5.952146331,IMD GRID MODEL
Uttarakhand,Almora,2019-08-19,2019,08,36.73436244,IMD GRID MODEL
Uttarakhand,Almora,2019-08-23,2019,08,7.907610357,IMD GRID MODEL
Uttarakhand,Almora,2019-08-24,2019,08,1.119517031,IMD GRID MODEL
Uttarakhand,Almora,2019-08-30,2019,08,6.088718291,IMD GRID MODEL
Uttarakhand,Almora,2019-09-17,2019,09,0.174516818,IMD GRID MODEL
Uttarakhand,Almora,2019-09-24,2019,09,1.560458158,IMD GRID MODEL
Uttarakhand,Almora,2019-09-25,2019,09,0.153790645,IMD GRID MODEL
Uttarakhand,Almora,2019-09-30,2019,09,5.637015412,IMD GRID MODEL
Uttarakhand,Almora,2019-10-03,2019,10,0.016042844,IMD GRID MODEL
Uttarakhand,Almora,2019-10-09,2019,10,1.525330114,IMD GRID MODEL
Uttarakhand,Almora,2019-10-11,2019,10,0,IMD GRID MODEL
Uttarakhand,Almora,2019-10-12,2019,10,0,IMD GRID MODEL
Uttarakhand,Almora,2019-10-15,2019,10,0,IMD GRID MODEL
Uttarakhand,Almora,2019-10-06,2019,10,0,IMD GRID MODEL
Uttarakhand,Almora,2019-10-23,2019,10,0,IMD GRID MODEL
Uttarakhand,Almora,2019-11-01,2019,11,0,IMD GRID MODEL
Uttarakhand,Almora,2019-11-10,2019,11,0,IMD GRID MODEL
Uttarakhand,Almora,2019-11-13,2019,11,0,IMD GRID MODEL
Uttarakhand,Almora,2019-11-23,2019,11,0,IMD GRID MODEL
Uttarakhand,Almora,2019-11-24,2019,11,0,IMD GRID MODEL
Uttarakhand,Almora,2019-11-26,2019,11,0.021984783,IMD GRID MODEL
Uttarakhand,Almora,2019-12-04,2019,12,0,IMD GRID MODEL
Uttarakhand,Almora,2019-12-14,2019,12,36.5238905,IMD GRID MODEL
Uttarakhand,Almora,2019-12-23,2019,12,0,IMD GRID MODEL
Uttarakhand,Almora,2019-12-27,2019,12,0,IMD GRID MODEL
Uttarakhand,Almora,2019-12-30,2019,12,0,IMD GRID MODEL
Uttarakhand,Bageshwar,2019-01-03,2019,01,0.345794353,IMD GRID MODEL
Uttarakhand,Bageshwar,2019-01-08,2019,01,0.399056811,IMD GRID MODEL
Uttarakhand,Bageshwar,2019-01-18,2019,01,0,IMD GRID MODEL
Uttarakhand,Bageshwar,2019-01-19,2019,01,0,IMD GRID MODEL
Uttarakhand,Bageshwar,2019-01-26,2019,01,26.18473758,IMD GRID MODEL
Uttarakhand,Bageshwar,2019-02-01,2019,02,1.497863951,IMD GRID MODEL
Uttarakhand,Bageshwar,2019-02-02,2019,02,0.047210848,IMD GRID MODEL
Uttarakhand,Bageshwar,2019-02-03,2019,02,0,IMD GRID MODEL
Uttarakhand,Bageshwar,2019-02-04,2019,02,0,IMD GRID MODEL
Uttarakhand,Bageshwar,2019-02-06,2019,02,0,IMD GRID MODEL
Uttarakhand,Bageshwar,2019-02-07,2019,02,0,IMD GRID MODEL
Uttarakhand,Bageshwar,2019-02-10,2019,02,0,IMD GRID MODEL
Uttarakhand,Bageshwar,2019-02-12,2019,02,0,IMD GRID MODEL
Uttarakhand,Bageshwar,2019-02-13,2019,02,0,IMD GRID MODEL
Uttarakhand,Bageshwar,2019-02-18,2019,02,0.803708684,IMD GRID MODEL
Uttarakhand,Bageshwar,2019-02-25,2019,02,1.811999719,IMD GRID MODEL
Uttarakhand,Bageshwar,2019-02-26,2019,02,2.464452875,IMD GRID MODEL
Uttarakhand,Bageshwar,2019-03-03,2019,03,10.83363993,IMD GRID MODEL
Uttarakhand,Bageshwar,2019-03-04,2019,03,1.048213482,IMD GRID MODEL
Uttarakhand,Bageshwar,2019-03-06,2019,03,0.700633741,IMD GRID MODEL
Uttarakhand,Bageshwar,2019-03-11,2019,03,0,IMD GRID MODEL
Uttarakhand,Bageshwar,2019-03-13,2019,03,0,IMD GRID MODEL
Uttarakhand,Bageshwar,2019-03-16,2019,03,0,IMD GRID MODEL
Uttarakhand,Bageshwar,2019-03-18,2019,03,1.067419138,IMD GRID MODEL
Uttarakhand,Bageshwar,2019-03-19,2019,03,0.013213812,IMD GRID MODEL
Uttarakhand,Bageshwar,2019-03-20,2019,03,0.35591937,IMD GRID MODEL
Uttarakhand,Bageshwar,2019-03-21,2019,03,2.173690658,IMD GRID MODEL
Uttarakhand,Bageshwar,2019-03-26,2019,03,11.92539535,IMD GRID MODEL
Uttarakhand,Bageshwar,2019-03-27,2019,03,0,IMD GRID MODEL
Uttarakhand,Bageshwar,2019-03-29,2019,03,0,IMD GRID MODEL
Uttarakhand,Bageshwar,2019-03-31,2019,03,0.02102822,IMD GRID MODEL
Uttarakhand,Bageshwar,2019-04-05,2019,04,0,IMD GRID MODEL
Uttarakhand,Bageshwar,2019-04-09,2019,04,23.78261116,IMD GRID MODEL
Uttarakhand,Bageshwar,2019-04-13,2019,04,0,IMD GRID MODEL
Uttarakhand,Bageshwar,2019-04-21,2019,04,0,IMD GRID MODEL
Uttarakhand,Bageshwar,2019-04-27,2019,04,1.403626043,IMD GRID MODEL
Uttarakhand,Bageshwar,2019-04-28,2019,04,0,IMD GRID MODEL
Uttarakhand,Bageshwar,2019-05-02,2019,05,2.774667399,IMD GRID MODEL
Uttarakhand,Bageshwar,2019-05-07,2019,05,0,IMD GRID MODEL
Uttarakhand,Bageshwar,2019-05-08,2019,05,0,IMD GRID MODEL
Uttarakhand,Bageshwar,2019-05-11,2019,05,0,IMD GRID MODEL
Uttarakhand,Bageshwar,2019-05-12,2019,05,0.560687456,IMD GRID MODEL
Uttarakhand,Bageshwar,2019-05-15,2019,05,0.884957081,IMD GRID MODEL
Uttarakhand,Bageshwar,2019-05-16,2019,05,0,IMD GRID MODEL
Uttarakhand,Bageshwar,2019-05-20,2019,05,0,IMD GRID MODEL
Uttarakhand,Bageshwar,2019-05-28,2019,05,0,IMD GRID MODEL
Uttarakhand,Bageshwar,2019-05-29,2019,05,0.336782258,IMD GRID MODEL
Uttarakhand,Bageshwar,2019-05-30,2019,05,0,IMD GRID MODEL
Uttarakhand,Bageshwar,2019-06-02,2019,06,12.17462644,IMD GRID MODEL
Uttarakhand,Bageshwar,2019-06-05,2019,06,0,IMD GRID MODEL
Uttarakhand,Bageshwar,2019-06-06,2019,06,0,IMD GRID MODEL
Uttarakhand,Bageshwar,2019-06-08,2019,06,0,IMD GRID MODEL
Uttarakhand,Bageshwar,2019-06-11,2019,06,0,IMD GRID MODEL
Uttarakhand,Bageshwar,2019-06-17,2019,06,0,IMD GRID MODEL
Uttarakhand,Bageshwar,2019-06-23,2019,06,5.132189974,IMD GRID MODEL
Uttarakhand,Bageshwar,2019-06-25,2019,06,6.677996094,IMD GRID MODEL
Uttarakhand,Bageshwar,2019-07-01,2019,07,0.897799844,IMD GRID MODEL
Uttarakhand,Bageshwar,2019-07-08,2019,07,20.16395897,IMD GRID MODEL
Uttarakhand,Bageshwar,2019-07-10,2019,07,19.16190839,IMD GRID MODEL
Uttarakhand,Bageshwar,2019-07-15,2019,07,7.341795696,IMD GRID MODEL
Uttarakhand,Bageshwar,2019-07-29,2019,07,4.634001441,IMD GRID MODEL
Uttarakhand,Bageshwar,2019-07-31,2019,07,9.773180434,IMD GRID MODEL
Uttarakhand,Bageshwar,2019-08-04,2019,08,1.710053486,IMD GRID MODEL
Uttarakhand,Bageshwar,2019-08-06,2019,08,87.4836089,IMD GRID MODEL
Uttarakhand,Bageshwar,2019-08-07,2019,08,28.5063434,IMD GRID MODEL
Uttarakhand,Bageshwar,2019-08-10,2019,08,24.9340608,IMD GRID MODEL
Uttarakhand,Bageshwar,2019-08-11,2019,08,10.92149303,IMD GRID MODEL
Uttarakhand,Bageshwar,2019-08-16,2019,08,10.9766159,IMD GRID MODEL
Uttarakhand,Bageshwar,2019-08-18,2019,08,41.12373286,IMD GRID MODEL
Uttarakhand,Bageshwar,2019-08-19,2019,08,41.64125464,IMD GRID MODEL
Uttarakhand,Bageshwar,2019-08-21,2019,08,4.766631465,IMD GRID MODEL
Uttarakhand,Bageshwar,2019-08-24,2019,08,6.844221736,IMD GRID MODEL
Uttarakhand,Bageshwar,2019-08-25,2019,08,10.02348921,IMD GRID MODEL
Uttarakhand,Bageshwar,2019-08-28,2019,08,1.497852696,IMD GRID MODEL
Uttarakhand,Bageshwar,2019-08-31,2019,08,18.50650276,IMD GRID MODEL
Uttarakhand,Bageshwar,2019-09-03,2019,09,37.74610978,IMD GRID MODEL
Uttarakhand,Bageshwar,2019-09-04,2019,09,30.33073322,IMD GRID MODEL
Uttarakhand,Bageshwar,2019-09-07,2019,09,33.47010478,IMD GRID MODEL
Uttarakhand,Bageshwar,2019-09-12,2019,09,27.59563056,IMD GRID MODEL
Uttarakhand,Bageshwar,2019-09-22,2019,09,2.10733983,IMD GRID MODEL
Uttarakhand,Bageshwar,2019-09-23,2019,09,4.221483205,IMD GRID MODEL
Uttarakhand,Bageshwar,2019-09-25,2019,09,0,IMD GRID MODEL
Uttarakhand,Bageshwar,2019-09-26,2019,09,19.61225864,IMD GRID MODEL
Uttarakhand,Bageshwar,2019-09-29,2019,09,24.19271557,IMD GRID MODEL
Uttarakhand,Bageshwar,2019-09-30,2019,09,6.342587017,IMD GRID MODEL
Uttarakhand,Bageshwar,2019-10-12,2019,10,0,IMD GRID MODEL
Uttarakhand,Bageshwar,2019-10-21,2019,10,0.015020159,IMD GRID MODEL
Uttarakhand,Bageshwar,2019-10-24,2019,10,0,IMD GRID MODEL
Uttarakhand,Bageshwar,2019-10-29,2019,10,0,IMD GRID MODEL
Uttarakhand,Bageshwar,2019-11-16,2019,11,0,IMD GRID MODEL
Uttarakhand,Bageshwar,2019-11-17,2019,11,0,IMD GRID MODEL
Uttarakhand,Bageshwar,2019-11-21,2019,11,0,IMD GRID MODEL
Uttarakhand,Bageshwar,2019-12-01,2019,12,0,IMD GRID MODEL
Uttarakhand,Bageshwar,2019-12-07,2019,12,0,IMD GRID MODEL
Uttarakhand,Bageshwar,2019-12-08,2019,12,0,IMD GRID MODEL
Uttarakhand,Bageshwar,2019-12-21,2019,12,0.336782258,IMD GRID MODEL
Uttarakhand,Bageshwar,2019-12-22,2019,12,0.336782258,IMD GRID MODEL
Uttarakhand,Bageshwar,2019-12-24,2019,12,0,IMD GRID MODEL
Uttarakhand,Bageshwar,2019-12-25,2019,12,0,IMD GRID MODEL
Uttarakhand,Bageshwar,2019-12-27,2019,12,0,IMD GRID MODEL
Uttarakhand,Bageshwar,2019-12-28,2019,12,0,IMD GRID MODEL
Uttarakhand,Bageshwar,2019-12-29,2019,12,0,IMD GRID MODEL
Uttarakhand,Chamoli,2019-01-06,2019,01,1.136141989,IMD GRID MODEL
Uttarakhand,Chamoli,2019-01-10,2019,01,0,IMD GRID MODEL
Uttarakhand,Chamoli,2019-01-24,2019,01,9.378452949,IMD GRID MODEL
Uttarakhand,Chamoli,2019-01-25,2019,01,7.415619791,IMD GRID MODEL
Uttarakhand,Chamoli,2019-01-26,2019,01,14.59646018,IMD GRID MODEL
Uttarakhand,Chamoli,2019-01-27,2019,01,0.136697987,IMD GRID MODEL
Uttarakhand,Chamoli,2019-01-28,2019,01,1.229397528,IMD GRID MODEL
Uttarakhand,Chamoli,2019-02-03,2019,02,0,IMD GRID MODEL
Uttarakhand,Chamoli,2019-02-04,2019,02,0,IMD GRID MODEL
Uttarakhand,Chamoli,2019-02-07,2019,02,0,IMD GRID MODEL
Uttarakhand,Chamoli,2019-02-10,2019,02,0,IMD GRID MODEL
Uttarakhand,Chamoli,2019-03-01,2019,03,0,IMD GRID MODEL
Uttarakhand,Chamoli,2019-03-10,2019,03,0,IMD GRID MODEL
Uttarakhand,Chamoli,2019-03-14,2019,03,0,IMD GRID MODEL
Uttarakhand,Chamoli,2019-03-16,2019,03,0,IMD GRID MODEL
Uttarakhand,Chamoli,2019-03-30,2019,03,5.422581692,IMD GRID MODEL
Uttarakhand,Chamoli,2019-04-03,2019,04,0,IMD GRID MODEL
Uttarakhand,Chamoli,2019-04-21,2019,04,0,IMD GRID MODEL
Uttarakhand,Chamoli,2019-04-29,2019,04,0,IMD GRID MODEL
Uttarakhand,Chamoli,2019-05-06,2019,05,0,IMD GRID MODEL
Uttarakhand,Chamoli,2019-05-12,2019,05,0.193494805,IMD GRID MODEL
Uttarakhand,Chamoli,2019-05-20,2019,05,0,IMD GRID MODEL
Uttarakhand,Chamoli,2019-05-21,2019,05,0.738517216,IMD GRID MODEL
Uttarakhand,Chamoli,2019-05-22,2019,05,0,IMD GRID MODEL
Uttarakhand,Chamoli,2019-06-01,2019,06,0.229033657,IMD GRID MODEL
Uttarakhand,Chamoli,2019-06-15,2019,06,0.416284577,IMD GRID MODEL
Uttarakhand,Chamoli,2019-06-27,2019,06,1.760415515,IMD GRID MODEL
Uttarakhand,Chamoli,2019-07-08,2019,07,8.097547358,IMD GRID MODEL
Uttarakhand,Chamoli,2019-07-12,2019,07,10.91297386,IMD GRID MODEL
Uttarakhand,Chamoli,2019-07-16,2019,07,9.125544663,IMD GRID MODEL
Uttarakhand,Chamoli,2019-07-24,2019,07,10.16718161,IMD GRID MODEL
Uttarakhand,Chamoli,2019-08-02,2019,08,16.3265116,IMD GRID MODEL
Uttarakhand,Chamoli,2019-08-03,2019,08,21.71461053,IMD GRID MODEL
Uttarakhand,Chamoli,2019-08-06,2019,08,47.97450201,IMD GRID MODEL
Uttarakhand,Chamoli,2019-08-07,2019,08,13.26124541,IMD GRID MODEL
Uttarakhand,Chamoli,2019-08-10,2019,08,10.25515191,IMD GRID MODEL
Uttarakhand,Chamoli,2019-08-15,2019,08,5.648586264,IMD GRID MODEL
Uttarakhand,Chamoli,2019-09-02,2019,09,2.314505278,IMD GRID MODEL
Uttarakhand,Chamoli,2019-09-06,2019,09,11.83716125,IMD GRID MODEL
Uttarakhand,Chamoli,2019-09-08,2019,09,20.56569322,IMD GRID MODEL
Uttarakhand,Chamoli,2019-09-10,2019,09,1.795138706,IMD GRID MODEL
Uttarakhand,Chamoli,2019-09-14,2019,09,5.630936776,IMD GRID MODEL
Uttarakhand,Chamoli,2019-09-15,2019,09,12.89834743,IMD GRID MODEL
Uttarakhand,Chamoli,2019-09-18,2019,09,2.143593244,IMD GRID MODEL
Uttarakhand,Chamoli,2019-09-21,2019,09,0,IMD GRID MODEL
Uttarakhand,Chamoli,2019-09-22,2019,09,0.871100415,IMD GRID MODEL
Uttarakhand,Chamoli,2019-10-03,2019,10,0.254480936,IMD GRID MODEL
Uttarakhand,Chamoli,2019-10-08,2019,10,0.101348154,IMD GRID MODEL
Uttarakhand,Chamoli,2019-10-09,2019,10,2.265410514,IMD GRID MODEL
Uttarakhand,Chamoli,2019-10-13,2019,10,0,IMD GRID MODEL
Uttarakhand,Chamoli,2019-10-17,2019,10,0,IMD GRID MODEL
Uttarakhand,Chamoli,2019-10-19,2019,10,0,IMD GRID MODEL
Uttarakhand,Chamoli,2019-10-27,2019,10,0,IMD GRID MODEL
Uttarakhand,Chamoli,2019-10-28,2019,10,0,IMD GRID MODEL
Uttarakhand,Chamoli,2019-11-05,2019,11,0,IMD GRID MODEL
Uttarakhand,Chamoli,2019-11-13,2019,11,0,IMD GRID MODEL
Uttarakhand,Chamoli,2019-11-15,2019,11,0,IMD GRID MODEL
Uttarakhand,Chamoli,2019-11-16,2019,11,0,IMD GRID MODEL
Uttarakhand,Chamoli,2019-11-20,2019,11,0,IMD GRID MODEL
Uttarakhand,Chamoli,2019-11-28,2019,11,16.41667514,IMD GRID MODEL
Uttarakhand,Chamoli,2019-11-29,2019,11,11.07122185,IMD GRID MODEL
Uttarakhand,Chamoli,2019-11-30,2019,11,0.364868212,IMD GRID MODEL
Uttarakhand,Chamoli,2019-12-03,2019,12,0,IMD GRID MODEL
Uttarakhand,Chamoli,2019-12-16,2019,12,0,IMD GRID MODEL
Uttarakhand,Chamoli,2019-12-18,2019,12,0,IMD GRID MODEL
Uttarakhand,Chamoli,2019-12-20,2019,12,0,IMD GRID MODEL
Uttarakhand,Chamoli,2019-12-25,2019,12,0,IMD GRID MODEL
Uttarakhand,Chamoli,2019-12-29,2019,12,0,IMD GRID MODEL
Uttarakhand,Chamoli,2019-12-31,2019,12,0,IMD GRID MODEL
Uttarakhand,Champawat,2019-01-04,2019,01,0,IMD GRID MODEL
Uttarakhand,Champawat,2019-01-06,2019,01,0,IMD GRID MODEL
Uttarakhand,Champawat,2019-01-08,2019,01,0.36623822,IMD GRID MODEL
Uttarakhand,Champawat,2019-01-09,2019,01,0,IMD GRID MODEL
Uttarakhand,Champawat,2019-01-14,2019,01,0,IMD GRID MODEL
Uttarakhand,Champawat,2019-01-22,2019,01,21.51488403,IMD GRID MODEL
Uttarakhand,Champawat,2019-01-23,2019,01,4.736869213,IMD GRID MODEL
Uttarakhand,Champawat,2019-02-08,2019,02,21.36075108,IMD GRID MODEL
Uttarakhand,Champawat,2019-02-19,2019,02,8.402284547,IMD GRID MODEL
Uttarakhand,Champawat,2019-02-21,2019,02,3.569759235,IMD GRID MODEL
Uttarakhand,Champawat,2019-02-23,2019,02,2.551478885,IMD GRID MODEL
Uttarakhand,Champawat,2019-02-25,2019,02,0.06409169,IMD GRID MODEL
Uttarakhand,Champawat,2019-03-01,2019,03,0,IMD GRID MODEL
Uttarakhand,Champawat,2019-03-07,2019,03,0,IMD GRID MODEL
Uttarakhand,Champawat,2019-03-12,2019,03,1.060706325,IMD GRID MODEL
Uttarakhand,Champawat,2019-03-17,2019,03,0,IMD GRID MODEL
Uttarakhand,Champawat,2019-03-20,2019,03,0.018311913,IMD GRID MODEL
Uttarakhand,Champawat,2019-03-27,2019,03,0,IMD GRID MODEL
Uttarakhand,Champawat,2019-03-29,2019,03,0,IMD GRID MODEL
Uttarakhand,Champawat,2019-04-03,2019,04,0,IMD GRID MODEL
Uttarakhand,Champawat,2019-04-08,2019,04,3.377709436,IMD GRID MODEL
Uttarakhand,Champawat,2019-04-17,2019,04,0.941581494,IMD GRID MODEL
Uttarakhand,Champawat,2019-04-21,2019,04,0,IMD GRID MODEL
Uttarakhand,Champawat,2019-04-22,2019,04,4.59706035,IMD GRID MODEL
Uttarakhand,Champawat,2019-04-23,2019,04,0,IMD GRID MODEL
Uttarakhand,Champawat,2019-04-28,2019,04,0,IMD GRID MODEL
Uttarakhand,Champawat,2019-05-07,2019,05,0,IMD GRID MODEL
Uttarakhand,Champawat,2019-05-09,2019,05,0,IMD GRID MODEL
Uttarakhand,Champawat,2019-05-13,2019,05,0.09660467,IMD GRID MODEL
Uttarakhand,Champawat,2019-05-20,2019,05,0,IMD GRID MODEL
Uttarakhand,Champawat,2019-05-22,2019,05,0.002696302,IMD GRID MODEL
Uttarakhand,Champawat,2019-05-30,2019,05,0,IMD GRID MODEL
Uttarakhand,Champawat,2019-06-02,2019,06,2.506433098,IMD GRID MODEL
Uttarakhand,Champawat,2019-06-09,2019,06,4.601304976,IMD GRID MODEL
Uttarakhand,Champawat,2019-06-13,2019,06,0.038455013,IMD GRID MODEL
Uttarakhand,Champawat,2019-06-14,2019,06,0,IMD GRID MODEL
Uttarakhand,Champawat,2019-06-26,2019,06,6.911438773,IMD GRID MODEL
Uttarakhand,Champawat,2019-07-05,2019,07,2.301235156,IMD GRID MODEL
Uttarakhand,Champawat,2019-07-07,2019,07,1.440363589,IMD GRID MODEL
Uttarakhand,Champawat,2019-07-08,2019,07,2.041588396,IMD GRID MODEL
Uttarakhand,Champawat,2019-07-14,2019,07,5.188229821,IMD GRID MODEL
Uttarakhand,Champawat,2019-07-21,2019,07,3.102743941,IMD GRID MODEL
Uttarakhand,Champawat,2019-07-22,2019,07,6.722849944,IMD GRID MODEL
Uttarakhand,Champawat,2019-08-04,2019,08,1.84523501,IMD GRID MODEL
Uttarakhand,Champawat,2019-08-09,2019,08,5.028113954,IMD GRID MODEL
Uttarakhand,Champawat,2019-08-10,2019,08,1.023796613,IMD GRID MODEL
Uttarakhand,Champawat,2019-08-14,2019,08,11.05845073,IMD GRID MODEL
Uttarakhand,Champawat,2019-08-17,2019,08,3.81408792,IMD GRID MODEL
Uttarakhand,Champawat,2019-08-20,2019,08,7.317591437,IMD GRID MODEL
Uttarakhand,Champawat,2019-08-30,2019,08,3.655008724,IMD GRID MODEL
Uttarakhand,Champawat,2019-09-01,2019,09,28.14283625,IMD GRID MODEL
Uttarakhand,Champawat,2019-09-17,2019,09,1.396479959,IMD GRID MODEL
Uttarakhand,Champawat,2019-10-03,2019,10,0.859808493,IMD GRID MODEL
Uttarakhand,Champawat,2019-10-04,2019,10,0.13006373,IMD GRID MODEL
Uttarakhand,Champawat,2019-10-07,2019,10,0,IMD GRID MODEL
Uttarakhand,Champawat,2019-10-17,2019,10,0,IMD GRID MODEL
Uttarakhand,Champawat,2019-10-23,2019,10,0,IMD GRID MODEL
Uttarakhand,Champawat,2019-10-24,2019,10,0,IMD GRID MODEL
Uttarakhand,Champawat,2019-10-27,2019,10,0,IMD GRID MODEL
Uttarakhand,Champawat,2019-10-30,2019,10,0,IMD GRID MODEL
Uttarakhand,Champawat,2019-10-31,2019,10,0,IMD GRID MODEL
Uttarakhand,Champawat,2019-11-03,2019,11,0,IMD GRID MODEL
Uttarakhand,Champawat,2019-11-06,2019,11,0,IMD GRID MODEL
Uttarakhand,Champawat,2019-11-10,2019,11,0,IMD GRID MODEL
Uttarakhand,Champawat,2019-11-07,2019,11,0,IMD GRID MODEL
Uttarakhand,Champawat,2019-11-20,2019,11,0,IMD GRID MODEL
Uttarakhand,Champawat,2019-11-22,2019,11,0,IMD GRID MODEL
Uttarakhand,Champawat,2019-11-23,2019,11,0,IMD GRID MODEL
Uttarakhand,Champawat,2019-11-26,2019,11,0,IMD GRID MODEL
Uttarakhand,Champawat,2019-12-14,2019,12,33.55077773,IMD GRID MODEL
Uttarakhand,Champawat,2019-12-15,2019,12,0,IMD GRID MODEL
Uttarakhand,Champawat,2019-12-28,2019,12,0,IMD GRID MODEL
Uttarakhand,Champawat,2019-12-29,2019,12,0,IMD GRID MODEL
Uttarakhand,Dehradun,2019-01-03,2019,01,0,IMD GRID MODEL
Uttarakhand,Dehradun,2019-01-06,2019,01,0.378719305,IMD GRID MODEL
Uttarakhand,Dehradun,2019-01-07,2019,01,4.333349737,IMD GRID MODEL
Uttarakhand,Dehradun,2019-01-18,2019,01,0,IMD GRID MODEL
Uttarakhand,Dehradun,2019-01-22,2019,01,23.00940418,IMD GRID MODEL
Uttarakhand,Dehradun,2019-01-25,2019,01,1.683886323,IMD GRID MODEL
Uttarakhand,Dehradun,2019-01-28,2019,01,0.531473564,IMD GRID MODEL
Uttarakhand,Dehradun,2019-01-29,2019,01,0,IMD GRID MODEL
Uttarakhand,Dehradun,2019-02-10,2019,02,0.025465247,IMD GRID MODEL
Uttarakhand,Dehradun,2019-02-12,2019,02,0,IMD GRID MODEL
Uttarakhand,Dehradun,2019-02-13,2019,02,0,IMD GRID MODEL
Uttarakhand,Dehradun,2019-02-16,2019,02,22.15072432,IMD GRID MODEL
Uttarakhand,Dehradun,2019-02-27,2019,02,9.295929871,IMD GRID MODEL
Uttarakhand,Dehradun,2019-03-03,2019,03,9.740651056,IMD GRID MODEL
Uttarakhand,Dehradun,2019-03-10,2019,03,0,IMD GRID MODEL
Uttarakhand,Dehradun,2019-03-22,2019,03,0,IMD GRID MODEL
Uttarakhand,Dehradun,2019-04-03,2019,04,0,IMD GRID MODEL
Uttarakhand,Dehradun,2019-04-07,2019,04,3.07829666,IMD GRID MODEL
Uttarakhand,Dehradun,2019-04-11,2019,04,0,IMD GRID MODEL
Uttarakhand,Dehradun,2019-04-12,2019,04,0,IMD GRID MODEL
Uttarakhand,Dehradun,2019-04-13,2019,04,0,IMD GRID MODEL
Uttarakhand,Dehradun,2019-04-15,2019,04,0,IMD GRID MODEL
Uttarakhand,Dehradun,2019-04-28,2019,04,0,IMD GRID MODEL
Uttarakhand,Dehradun,2019-05-05,2019,05,0,IMD GRID MODEL
Uttarakhand,Dehradun,2019-05-08,2019,05,0,IMD GRID MODEL
Uttarakhand,Dehradun,2019-05-12,2019,05,0.247476332,IMD GRID MODEL
Uttarakhand,Dehradun,2019-05-17,2019,05,0,IMD GRID MODEL
Uttarakhand,Dehradun,2019-05-19,2019,05,4.563871405,IMD GRID MODEL
Uttarakhand,Dehradun,2019-05-21,2019,05,0,IMD GRID MODEL
Uttarakhand,Dehradun,2019-05-24,2019,05,0.244971783,IMD GRID MODEL
Uttarakhand,Dehradun,2019-06-01,2019,06,0,IMD GRID MODEL
Uttarakhand,Dehradun,2019-06-02,2019,06,0.066371022,IMD GRID MODEL
Uttarakhand,Dehradun,2019-06-09,2019,06,4.604489657,IMD GRID MODEL
Uttarakhand,Dehradun,2019-06-11,2019,06,0,IMD GRID MODEL
Uttarakhand,Dehradun,2019-06-12,2019,06,5.736410273,IMD GRID MODEL
Uttarakhand,Dehradun,2019-06-13,2019,06,0.689772759,IMD GRID MODEL
Uttarakhand,Dehradun,2019-06-15,2019,06,0,IMD GRID MODEL
Uttarakhand,Dehradun,2019-06-19,2019,06,0,IMD GRID MODEL
Uttarakhand,Dehradun,2019-06-26,2019,06,10.29442871,IMD GRID MODEL
Uttarakhand,Dehradun,2019-06-27,2019,06,0.828616266,IMD GRID MODEL
Uttarakhand,Dehradun,2019-06-29,2019,06,0,IMD GRID MODEL
Uttarakhand,Dehradun,2019-07-04,2019,07,18.52503841,IMD GRID MODEL
Uttarakhand,Dehradun,2019-07-06,2019,07,3.565277392,IMD GRID MODEL
Uttarakhand,Dehradun,2019-07-09,2019,07,11.41324316,IMD GRID MODEL
Uttarakhand,Dehradun,2019-07-11,2019,07,1.85788662,IMD GRID MODEL
Uttarakhand,Dehradun,2019-07-18,2019,07,2.623119001,IMD GRID MODEL
Uttarakhand,Dehradun,2019-07-19,2019,07,3.179697088,IMD GRID MODEL
Uttarakhand,Dehradun,2019-07-23,2019,07,1.758832053,IMD GRID MODEL
Uttarakhand,Dehradun,2019-07-25,2019,07,22.34027261,IMD GRID MODEL
Uttarakhand,Dehradun,2019-07-28,2019,07,16.34156548,IMD GRID MODEL
Uttarakhand,Dehradun,2019-08-07,2019,08,7.609149735,IMD GRID MODEL
Uttarakhand,Dehradun,2019-08-12,2019,08,28.19352302,IMD GRID MODEL
Uttarakhand,Dehradun,2019-08-14,2019,08,18.94569293,IMD GRID MODEL
Uttarakhand,Dehradun,2019-08-18,2019,08,46.41392357,IMD GRID MODEL
Uttarakhand,Dehradun,2019-08-21,2019,08,0.110277216,IMD GRID MODEL
Uttarakhand,Dehradun,2019-08-23,2019,08,1.289226888,IMD GRID MODEL
