Reservoir_name,Basin,subbasin,Agency_name,Lat,Long,Date,Year,Month,Full_reservoir_level,Live_capacity_FRL,Storage,Level
Tehri Reservoir,Ganga Basin,,CWC,30.43921006,78.45546181,2018-01-02,2018,1,830,2.615,1.779,808.55
Tehri Reservoir,Ganga Basin,,CWC,30.43921006,78.45546181,2018-01-04,2018,1,830,2.615,1.748,807.65
Tehri Reservoir,Ganga Basin,,CWC,30.43921006,78.45546181,2018-01-06,2018,1,830,2.615,1.716,806.75
Tehri Reservoir,Ganga Basin,,CWC,30.43921006,78.45546181,2018-01-08,2018,1,830,2.615,1.682,805.8
Tehri Reservoir,Ganga Basin,,CWC,30.43921006,78.45546181,2018-01-10,2018,1,830,2.615,1.647,804.8
Tehri Reservoir,Ganga Basin,,CWC,30.43921006,78.45546181,2018-01-13,2018,1,830,2.615,1.597,803.3
Tehri Reservoir,Ganga Basin,,CWC,30.43921006,78.45546181,2018-01-14,2018,1,830,2.615,1.58,802.8
Tehri Reservoir,Ganga Basin,,CWC,30.43921006,78.45546181,2018-01-17,2018,1,830,2.615,1.533,801.4
Tehri Reservoir,Ganga Basin,,CWC,30.43921006,78.45546181,2018-01-21,2018,1,830,2.615,1.478,799.65
Tehri Reservoir,Ganga Basin,,CWC,30.43921006,78.45546181,2018-01-24,2018,1,830,2.615,1.439,798.45
Tehri Reservoir,Ganga Basin,,CWC,30.43921006,78.45546181,2018-01-25,2018,1,830,2.615,1.426,798.05
Tehri Reservoir,Ganga Basin,,CWC,30.43921006,78.45546181,2018-01-27,2018,1,830,2.615,1.397,797.2
Tehri Reservoir,Ganga Basin,,CWC,30.43921006,78.45546181,2018-01-29,2018,1,830,2.615,1.372,796.35
Tehri Reservoir,Ganga Basin,,CWC,30.43921006,78.45546181,2018-01-31,2018,1,830,2.615,1.347,795.55
Tehri Reservoir,Ganga Basin,,CWC,30.43921006,78.45546181,2018-01-12,2018,1,830,2.615,1.614,803.8
Tehri Reservoir,Ganga Basin,,CWC,30.43921006,78.45546181,2018-01-01,2018,1,830,2.615,1.793,809.0
Tehri Reservoir,Ganga Basin,,CWC,30.43921006,78.45546181,2018-01-05,2018,1,830,2.615,1.73,807.2
Tehri Reservoir,Ganga Basin,,CWC,30.43921006,78.45546181,2018-01-07,2018,1,830,2.615,1.702,806.35
Tehri Reservoir,Ganga Basin,,CWC,30.43921006,78.45546181,2018-01-11,2018,1,830,2.615,1.634,804.35
Tehri Reservoir,Ganga Basin,,CWC,30.43921006,78.45546181,2018-01-16,2018,1,830,2.615,1.55,801.9
Tehri Reservoir,Ganga Basin,,CWC,30.43921006,78.45546181,2018-01-19,2018,1,830,2.615,1.5,800.4
Tehri Reservoir,Ganga Basin,,CWC,30.43921006,78.45546181,2018-01-22,2018,1,830,2.615,1.465,799.25
Tehri Reservoir,Ganga Basin,,CWC,30.43921006,78.45546181,2018-01-26,2018,1,830,2.615,1.413,797.65
Tehri Reservoir,Ganga Basin,,CWC,30.43921006,78.45546181,2018-01-30,2018,1,830,2.615,1.359,795.95
Tehri Reservoir,Ganga Basin,,CWC,30.43921006,78.45546181,2018-01-03,2018,1,830,2.615,1.762,808.1
Tehri Reservoir,Ganga Basin,,CWC,30.43921006,78.45546181,2018-01-15,2018,1,830,2.615,1.567,802.35
Tehri Reservoir,Ganga Basin,,CWC,30.43921006,78.45546181,2018-01-20,2018,1,830,2.615,1.487,800.0
Tehri Reservoir,Ganga Basin,,CWC,30.43921006,78.45546181,2018-01-09,2018,1,830,2.615,1.665,805.3
Tehri Reservoir,Ganga Basin,,CWC,30.43921006,78.45546181,2018-01-18,2018,1,830,2.615,1.517,800.95
Tehri Reservoir,Ganga Basin,,CWC,30.43921006,78.45546181,2018-01-23,2018,1,830,2.615,1.452,798.85
Tehri Reservoir,Ganga Basin,,CWC,30.43921006,78.45546181,2018-01-28,2018,1,830,2.615,1.384,796.8
Tehri Reservoir,Ganga Basin,,CWC,30.43921006,78.45546181,2018-02-04,2018,2,830,2.615,1.297,793.95
Tehri Reservoir,Ganga Basin,,CWC,30.43921006,78.45546181,2018-02-05,2018,2,830,2.615,1.281,793.5
Tehri Reservoir,Ganga Basin,,CWC,30.43921006,78.45546181,2018-02-09,2018,2,830,2.615,1.227,791.7
Tehri Reservoir,Ganga Basin,,CWC,30.43921006,78.45546181,2018-02-12,2018,2,830,2.615,1.184,790.3
Tehri Reservoir,Ganga Basin,,CWC,30.43921006,78.45546181,2018-02-21,2018,2,830,2.615,1.065,786.2
Tehri Reservoir,Ganga Basin,,CWC,30.43921006,78.45546181,2018-02-22,2018,2,830,2.615,1.053,785.75
Tehri Reservoir,Ganga Basin,,CWC,30.43921006,78.45546181,2018-02-01,2018,2,830,2.615,1.334,795.2
Tehri Reservoir,Ganga Basin,,CWC,30.43921006,78.45546181,2018-02-03,2018,2,830,2.615,1.309,794.35
Tehri Reservoir,Ganga Basin,,CWC,30.43921006,78.45546181,2018-02-11,2018,2,830,2.615,1.199,790.75
Tehri Reservoir,Ganga Basin,,CWC,30.43921006,78.45546181,2018-02-24,2018,2,830,2.615,1.027,784.85
Tehri Reservoir,Ganga Basin,,CWC,30.43921006,78.45546181,2018-02-26,2018,2,830,2.615,0.999,783.9
Tehri Reservoir,Ganga Basin,,CWC,30.43921006,78.45546181,2018-02-06,2018,2,830,2.615,1.269,793.05
Tehri Reservoir,Ganga Basin,,CWC,30.43921006,78.45546181,2018-02-14,2018,2,830,2.615,1.158,789.4
Tehri Reservoir,Ganga Basin,,CWC,30.43921006,78.45546181,2018-02-17,2018,2,830,2.615,1.117,788.0
Tehri Reservoir,Ganga Basin,,CWC,30.43921006,78.45546181,2018-02-20,2018,2,830,2.615,1.079,786.65
Tehri Reservoir,Ganga Basin,,CWC,30.43921006,78.45546181,2018-02-07,2018,2,830,2.615,1.257,792.65
Tehri Reservoir,Ganga Basin,,CWC,30.43921006,78.45546181,2018-02-10,2018,2,830,2.615,1.214,791.25
Tehri Reservoir,Ganga Basin,,CWC,30.43921006,78.45546181,2018-02-16,2018,2,830,2.615,1.131,788.5
Tehri Reservoir,Ganga Basin,,CWC,30.43921006,78.45546181,2018-02-19,2018,2,830,2.615,1.091,787.1
Tehri Reservoir,Ganga Basin,,CWC,30.43921006,78.45546181,2018-02-27,2018,2,830,2.615,,
Tehri Reservoir,Ganga Basin,,CWC,30.43921006,78.45546181,2018-02-02,2018,2,830,2.615,1.322,794.8
Tehri Reservoir,Ganga Basin,,CWC,30.43921006,78.45546181,2018-02-08,2018,2,830,2.615,1.244,792.15
Tehri Reservoir,Ganga Basin,,CWC,30.43921006,78.45546181,2018-02-13,2018,2,830,2.615,1.173,789.85
Tehri Reservoir,Ganga Basin,,CWC,30.43921006,78.45546181,2018-02-15,2018,2,830,2.615,,
Tehri Reservoir,Ganga Basin,,CWC,30.43921006,78.45546181,2018-02-18,2018,2,830,2.615,1.102,787.5
Tehri Reservoir,Ganga Basin,,CWC,30.43921006,78.45546181,2018-02-23,2018,2,830,2.615,1.042,785.35
Tehri Reservoir,Ganga Basin,,CWC,30.43921006,78.45546181,2018-02-25,2018,2,830,2.615,1.013,784.4
Tehri Reservoir,Ganga Basin,,CWC,30.43921006,78.45546181,2018-02-28,2018,2,830,2.615,,
Tehri Reservoir,Ganga Basin,,CWC,30.43921006,78.45546181,2018-03-06,2018,3,830,2.615,0.886,779.8
Tehri Reservoir,Ganga Basin,,CWC,30.43921006,78.45546181,2018-03-12,2018,3,830,2.615,0.804,776.7
Tehri Reservoir,Ganga Basin,,CWC,30.43921006,78.45546181,2018-03-20,2018,3,830,2.615,0.691,772.25
Tehri Reservoir,Ganga Basin,,CWC,30.43921006,78.45546181,2018-03-22,2018,3,830,2.615,0.663,771.15
Tehri Reservoir,Ganga Basin,,CWC,30.43921006,78.45546181,2018-03-25,2018,3,830,2.615,0.614,769.2
Tehri Reservoir,Ganga Basin,,CWC,30.43921006,78.45546181,2018-03-28,2018,3,830,2.615,0.575,767.65
Tehri Reservoir,Ganga Basin,,CWC,30.43921006,78.45546181,2018-03-05,2018,3,830,2.615,0.9,780.3
Tehri Reservoir,Ganga Basin,,CWC,30.43921006,78.45546181,2018-03-10,2018,3,830,2.615,0.833,777.75
Tehri Reservoir,Ganga Basin,,CWC,30.43921006,78.45546181,2018-03-14,2018,3,830,2.615,0.777,775.65
Tehri Reservoir,Ganga Basin,,CWC,30.43921006,78.45546181,2018-03-21,2018,3,830,2.615,0.676,771.65
Tehri Reservoir,Ganga Basin,,CWC,30.43921006,78.45546181,2018-03-26,2018,3,830,2.615,0.602,768.7
Tehri Reservoir,Ganga Basin,,CWC,30.43921006,78.45546181,2018-03-27,2018,3,830,2.615,0.589,768.2
Tehri Reservoir,Ganga Basin,,CWC,30.43921006,78.45546181,2018-03-31,2018,3,830,2.615,0.539,766.05
Tehri Reservoir,Ganga Basin,,CWC,30.43921006,78.45546181,2018-03-02,2018,3,830,2.615,0.943,781.9
Tehri Reservoir,Ganga Basin,,CWC,30.43921006,78.45546181,2018-03-03,2018,3,830,2.615,0.93,781.4
Tehri Reservoir,Ganga Basin,,CWC,30.43921006,78.45546181,2018-03-07,2018,3,830,2.615,0.886,779.8
Tehri Reservoir,Ganga Basin,,CWC,30.43921006,78.45546181,2018-03-08,2018,3,830,2.615,,
Tehri Reservoir,Ganga Basin,,CWC,30.43921006,78.45546181,2018-03-09,2018,3,830,2.615,0.843,778.15
Tehri Reservoir,Ganga Basin,,CWC,30.43921006,78.45546181,2018-03-13,2018,3,830,2.615,0.791,776.2
Tehri Reservoir,Ganga Basin,,CWC,30.43921006,78.45546181,2018-03-16,2018,3,830,2.615,0.749,774.6
Tehri Reservoir,Ganga Basin,,CWC,30.43921006,78.45546181,2018-03-18,2018,3,830,2.615,0.721,773.5
Tehri Reservoir,Ganga Basin,,CWC,30.43921006,78.45546181,2018-03-24,2018,3,830,2.615,0.631,769.85
Tehri Reservoir,Ganga Basin,,CWC,30.43921006,78.45546181,2018-03-29,2018,3,830,2.615,0.563,767.1
Tehri Reservoir,Ganga Basin,,CWC,30.43921006,78.45546181,2018-03-30,2018,3,830,2.615,0.549,766.55
Tehri Reservoir,Ganga Basin,,CWC,30.43921006,78.45546181,2018-03-01,2018,3,830,2.615,,
Tehri Reservoir,Ganga Basin,,CWC,30.43921006,78.45546181,2018-03-04,2018,3,830,2.615,0.916,780.85
Tehri Reservoir,Ganga Basin,,CWC,30.43921006,78.45546181,2018-03-11,2018,3,830,2.615,0.82,777.25
Tehri Reservoir,Ganga Basin,,CWC,30.43921006,78.45546181,2018-03-19,2018,3,830,2.615,0.706,772.9
Tehri Reservoir,Ganga Basin,,CWC,30.43921006,78.45546181,2018-03-23,2018,3,830,2.615,0.643,770.4
Tehri Reservoir,Ganga Basin,,CWC,30.43921006,78.45546181,2018-03-15,2018,3,830,2.615,0.762,775.1
Tehri Reservoir,Ganga Basin,,CWC,30.43921006,78.45546181,2018-03-17,2018,3,830,2.615,0.736,774.1
Tehri Reservoir,Ganga Basin,,CWC,30.43921006,78.45546181,2018-04-07,2018,4,830,2.615,0.435,761.6
Tehri Reservoir,Ganga Basin,,CWC,30.43921006,78.45546181,2018-04-09,2018,4,830,2.615,0.405,760.3
Tehri Reservoir,Ganga Basin,,CWC,30.43921006,78.45546181,2018-04-10,2018,4,830,2.615,0.396,759.9
Tehri Reservoir,Ganga Basin,,CWC,30.43921006,78.45546181,2018-04-14,2018,4,830,2.615,0.354,758.0
Tehri Reservoir,Ganga Basin,,CWC,30.43921006,78.45546181,2018-04-15,2018,4,830,2.615,0.343,757.5
Tehri Reservoir,Ganga Basin,,CWC,30.43921006,78.45546181,2018-04-16,2018,4,830,2.615,0.334,757.05
Tehri Reservoir,Ganga Basin,,CWC,30.43921006,78.45546181,2018-04-19,2018,4,830,2.615,0.299,755.5
Tehri Reservoir,Ganga Basin,,CWC,30.43921006,78.45546181,2018-04-22,2018,4,830,2.615,0.27,754.05
Tehri Reservoir,Ganga Basin,,CWC,30.43921006,78.45546181,2018-04-30,2018,4,830,2.615,0.211,751.3
Tehri Reservoir,Ganga Basin,,CWC,30.43921006,78.45546181,2018-04-23,2018,4,830,2.615,0.253,753.25
Tehri Reservoir,Ganga Basin,,CWC,30.43921006,78.45546181,2018-04-24,2018,4,830,2.615,0.245,752.9
Tehri Reservoir,Ganga Basin,,CWC,30.43921006,78.45546181,2018-04-29,2018,4,830,2.615,0.216,751.45
Tehri Reservoir,Ganga Basin,,CWC,30.43921006,78.45546181,2018-04-11,2018,4,830,2.615,0.385,759.35
Tehri Reservoir,Ganga Basin,,CWC,30.43921006,78.45546181,2018-04-17,2018,4,830,2.615,0.321,756.5
Tehri Reservoir,Ganga Basin,,CWC,30.43921006,78.45546181,2018-04-18,2018,4,830,2.615,0.311,755.95
Tehri Reservoir,Ganga Basin,,CWC,30.43921006,78.45546181,2018-04-02,2018,4,830,2.615,0.51,764.9
Tehri Reservoir,Ganga Basin,,CWC,30.43921006,78.45546181,2018-04-21,2018,4,830,2.615,0.278,754.5
Tehri Reservoir,Ganga Basin,,CWC,30.43921006,78.45546181,2018-04-26,2018,4,830,2.615,0.251,752.15
Tehri Reservoir,Ganga Basin,,CWC,30.43921006,78.45546181,2018-04-01,2018,4,830,2.615,0.525,765.5
Tehri Reservoir,Ganga Basin,,CWC,30.43921006,78.45546181,2018-04-03,2018,4,830,2.615,,
Tehri Reservoir,Ganga Basin,,CWC,30.43921006,78.45546181,2018-04-04,2018,4,830,2.615,,
Tehri Reservoir,Ganga Basin,,CWC,30.43921006,78.45546181,2018-04-05,2018,4,830,2.615,,
Tehri Reservoir,Ganga Basin,,CWC,30.43921006,78.45546181,2018-04-20,2018,4,830,2.615,0.289,755.0
Tehri Reservoir,Ganga Basin,,CWC,30.43921006,78.45546181,2018-04-25,2018,4,830,2.615,0.236,752.45
Tehri Reservoir,Ganga Basin,,CWC,30.43921006,78.45546181,2018-04-27,2018,4,830,2.615,0.224,751.9
Tehri Reservoir,Ganga Basin,,CWC,30.43921006,78.45546181,2018-04-28,2018,4,830,2.615,0.22,751.65
Tehri Reservoir,Ganga Basin,,CWC,30.43921006,78.45546181,2018-04-06,2018,4,830,2.615,0.45,762.25
Tehri Reservoir,Ganga Basin,,CWC,30.43921006,78.45546181,2018-04-08,2018,4,830,2.615,0.421,761.0
Tehri Reservoir,Ganga Basin,,CWC,30.43921006,78.45546181,2018-04-12,2018,4,830,2.615,0.374,758.85
Tehri Reservoir,Ganga Basin,,CWC,30.43921006,78.45546181,2018-04-13,2018,4,830,2.615,0.365,758.45
Tehri Reservoir,Ganga Basin,,CWC,30.43921006,78.45546181,2018-05-03,2018,5,830,2.615,0.205,750.9
Tehri Reservoir,Ganga Basin,,CWC,30.43921006,78.45546181,2018-05-11,2018,5,830,2.615,0.135,747.45
Tehri Reservoir,Ganga Basin,,CWC,30.43921006,78.45546181,2018-05-14,2018,5,830,2.615,0.18,746.8
Tehri Reservoir,Ganga Basin,,CWC,30.43921006,78.45546181,2018-05-24,2018,5,830,2.615,0.076,744.45
Tehri Reservoir,Ganga Basin,,CWC,30.43921006,78.45546181,2018-05-06,2018,5,830,2.615,0.155,749.55
Tehri Reservoir,Ganga Basin,,CWC,30.43921006,78.45546181,2018-05-08,2018,5,830,2.615,0.161,748.75
Tehri Reservoir,Ganga Basin,,CWC,30.43921006,78.45546181,2018-05-15,2018,5,830,2.615,0.111,746.25
Tehri Reservoir,Ganga Basin,,CWC,30.43921006,78.45546181,2018-05-27,2018,5,830,2.615,0.064,743.85
Tehri Reservoir,Ganga Basin,,CWC,30.43921006,78.45546181,2018-05-31,2018,5,830,2.615,0.049,743.05
Tehri Reservoir,Ganga Basin,,CWC,30.43921006,78.45546181,2018-05-01,2018,5,830,2.615,0.209,751.15
Tehri Reservoir,Ganga Basin,,CWC,30.43921006,78.45546181,2018-05-04,2018,5,830,2.615,0.199,750.65
Tehri Reservoir,Ganga Basin,,CWC,30.43921006,78.45546181,2018-05-09,2018,5,830,2.615,0.155,748.5
Tehri Reservoir,Ganga Basin,,CWC,30.43921006,78.45546181,2018-05-13,2018,5,830,2.615,0.117,746.6
Tehri Reservoir,Ganga Basin,,CWC,30.43921006,78.45546181,2018-05-17,2018,5,830,2.615,0.099,745.65
Tehri Reservoir,Ganga Basin,,CWC,30.43921006,78.45546181,2018-05-20,2018,5,830,2.615,0.089,745.15
Tehri Reservoir,Ganga Basin,,CWC,30.43921006,78.45546181,2018-05-22,2018,5,830,2.615,0.078,744.6
Tehri Reservoir,Ganga Basin,,CWC,30.43921006,78.45546181,2018-05-23,2018,5,830,2.615,0.076,744.55
Tehri Reservoir,Ganga Basin,,CWC,30.43921006,78.45546181,2018-05-26,2018,5,830,2.615,0.068,744.05
Tehri Reservoir,Ganga Basin,,CWC,30.43921006,78.45546181,2018-05-29,2018,5,830,2.615,0.055,743.4
Tehri Reservoir,Ganga Basin,,CWC,30.43921006,78.45546181,2018-05-30,2018,5,830,2.615,0.053,743.25
Tehri Reservoir,Ganga Basin,,CWC,30.43921006,78.45546181,2018-05-02,2018,5,830,2.615,0.205,750.95
Tehri Reservoir,Ganga Basin,,CWC,30.43921006,78.45546181,2018-05-07,2018,5,830,2.615,0.165,749.0
Tehri Reservoir,Ganga Basin,,CWC,30.43921006,78.45546181,2018-05-10,2018,5,830,2.615,0.144,747.95
Tehri Reservoir,Ganga Basin,,CWC,30.43921006,78.45546181,2018-05-12,2018,5,830,2.615,0.127,747.05
Tehri Reservoir,Ganga Basin,,CWC,30.43921006,78.45546181,2018-05-16,2018,5,830,2.615,0.103,745.9
Tehri Reservoir,Ganga Basin,,CWC,30.43921006,78.45546181,2018-05-18,2018,5,830,2.615,0.095,745.55
Tehri Reservoir,Ganga Basin,,CWC,30.43921006,78.45546181,2018-05-19,2018,5,830,2.615,0.095,745.45
Tehri Reservoir,Ganga Basin,,CWC,30.43921006,78.45546181,2018-05-21,2018,5,830,2.615,0.084,744.9
Tehri Reservoir,Ganga Basin,,CWC,30.43921006,78.45546181,2018-05-28,2018,5,830,2.615,0.061,743.65
Tehri Reservoir,Ganga Basin,,CWC,30.43921006,78.45546181,2018-05-05,2018,5,830,2.615,0.187,750.1
Tehri Reservoir,Ganga Basin,,CWC,30.43921006,78.45546181,2018-05-25,2018,5,830,2.615,0.076,744.45
Tehri Reservoir,Ganga Basin,,CWC,30.43921006,78.45546181,2018-06-04,2018,6,830,2.615,0.072,743.3
Tehri Reservoir,Ganga Basin,,CWC,30.43921006,78.45546181,2018-06-05,2018,6,830,2.615,0.055,743.4
Tehri Reservoir,Ganga Basin,,CWC,30.43921006,78.45546181,2018-06-08,2018,6,830,2.615,0.047,742.95
Tehri Reservoir,Ganga Basin,,CWC,30.43921006,78.45546181,2018-06-19,2018,6,830,2.615,0.019,741.5
Tehri Reservoir,Ganga Basin,,CWC,30.43921006,78.45546181,2018-06-22,2018,6,830,2.615,0.04,740.7
Tehri Reservoir,Ganga Basin,,CWC,30.43921006,78.45546181,2018-06-23,2018,6,830,2.615,0.01,740.95
Tehri Reservoir,Ganga Basin,,CWC,30.43921006,78.45546181,2018-06-24,2018,6,830,2.615,0.017,741.35
Tehri Reservoir,Ganga Basin,,CWC,30.43921006,78.45546181,2018-06-13,2018,6,830,2.615,0.028,741.95
Tehri Reservoir,Ganga Basin,,CWC,30.43921006,78.45546181,2018-06-26,2018,6,830,2.615,0.034,742.25
Tehri Reservoir,Ganga Basin,,CWC,30.43921006,78.45546181,2018-06-18,2018,6,830,2.615,0.03,742.05
Tehri Reservoir,Ganga Basin,,CWC,30.43921006,78.45546181,2018-06-21,2018,6,830,2.615,0.006,740.75
Tehri Reservoir,Ganga Basin,,CWC,30.43921006,78.45546181,2018-06-06,2018,6,830,2.615,0.061,743.7
Tehri Reservoir,Ganga Basin,,CWC,30.43921006,78.45546181,2018-06-10,2018,6,830,2.615,0.051,743.2
Tehri Reservoir,Ganga Basin,,CWC,30.43921006,78.45546181,2018-06-14,2018,6,830,2.615,0.028,741.95
Tehri Reservoir,Ganga Basin,,CWC,30.43921006,78.45546181,2018-06-29,2018,6,830,2.615,0.068,744.05
Tehri Reservoir,Ganga Basin,,CWC,30.43921006,78.45546181,2018-06-30,2018,6,830,2.615,0.093,745.4
Tehri Reservoir,Ganga Basin,,CWC,30.43921006,78.45546181,2018-06-01,2018,6,830,2.615,0.047,743.0
Tehri Reservoir,Ganga Basin,,CWC,30.43921006,78.45546181,2018-06-02,2018,6,830,2.615,0.053,743.3
Tehri Reservoir,Ganga Basin,,CWC,30.43921006,78.45546181,2018-06-03,2018,6,830,2.615,0.049,743.05
Tehri Reservoir,Ganga Basin,,CWC,30.43921006,78.45546181,2018-06-07,2018,6,830,2.615,0.057,743.45
Tehri Reservoir,Ganga Basin,,CWC,30.43921006,78.45546181,2018-06-09,2018,6,830,2.615,0.055,743.35
Tehri Reservoir,Ganga Basin,,CWC,30.43921006,78.45546181,2018-06-11,2018,6,830,2.615,0.04,742.6
Tehri Reservoir,Ganga Basin,,CWC,30.43921006,78.45546181,2018-06-12,2018,6,830,2.615,0.032,742.15
Tehri Reservoir,Ganga Basin,,CWC,30.43921006,78.45546181,2018-06-15,2018,6,830,2.615,0.03,742.05
Tehri Reservoir,Ganga Basin,,CWC,30.43921006,78.45546181,2018-06-16,2018,6,830,2.615,0.032,742.2
Tehri Reservoir,Ganga Basin,,CWC,30.43921006,78.45546181,2018-06-17,2018,6,830,2.615,0.032,742.2
Tehri Reservoir,Ganga Basin,,CWC,30.43921006,78.45546181,2018-06-20,2018,6,830,2.615,0.01,740.95
Tehri Reservoir,Ganga Basin,,CWC,30.43921006,78.45546181,2018-06-25,2018,6,830,2.615,0.026,741.85
Tehri Reservoir,Ganga Basin,,CWC,30.43921006,78.45546181,2018-06-27,2018,6,830,2.615,0.045,742.85
Tehri Reservoir,Ganga Basin,,CWC,30.43921006,78.45546181,2018-06-28,2018,6,830,2.615,0.051,743.15
Tehri Reservoir,Ganga Basin,,CWC,30.43921006,78.45546181,2018-07-08,2018,7,830,2.615,0.214,751.4
Tehri Reservoir,Ganga Basin,,CWC,30.43921006,78.45546181,2018-07-13,2018,7,830,2.615,0.332,756.95
Tehri Reservoir,Ganga Basin,,CWC,30.43921006,78.45546181,2018-07-23,2018,7,830,2.615,0.806,776.75
Tehri Reservoir,Ganga Basin,,CWC,30.43921006,78.45546181,2018-07-12,2018,7,830,2.615,,
Tehri Reservoir,Ganga Basin,,CWC,30.43921006,78.45546181,2018-07-18,2018,7,830,2.615,0.575,767.55
Tehri Reservoir,Ganga Basin,,CWC,30.43921006,78.45546181,2018-07-26,2018,7,830,2.615,1.013,784.35
Tehri Reservoir,Ganga Basin,,CWC,30.43921006,78.45546181,2018-07-27,2018,7,830,2.615,1.082,786.75
Tehri Reservoir,Ganga Basin,,CWC,30.43921006,78.45546181,2018-07-29,2018,7,830,2.615,1.248,792.35
Tehri Reservoir,Ganga Basin,,CWC,30.43921006,78.45546181,2018-07-01,2018,7,830,2.615,0.117,746.6
Tehri Reservoir,Ganga Basin,,CWC,30.43921006,78.45546181,2018-07-03,2018,7,830,2.615,0.165,749.0
Tehri Reservoir,Ganga Basin,,CWC,30.43921006,78.45546181,2018-07-04,2018,7,830,2.615,0.183,749.9
Tehri Reservoir,Ganga Basin,,CWC,30.43921006,78.45546181,2018-07-06,2018,7,830,2.615,0.197,750.55
Tehri Reservoir,Ganga Basin,,CWC,30.43921006,78.45546181,2018-07-10,2018,7,830,2.615,0.251,753.15
Tehri Reservoir,Ganga Basin,,CWC,30.43921006,78.45546181,2018-07-16,2018,7,830,2.615,0.432,761.5
Tehri Reservoir,Ganga Basin,,CWC,30.43921006,78.45546181,2018-07-17,2018,7,830,2.615,0.487,763.85
Tehri Reservoir,Ganga Basin,,CWC,30.43921006,78.45546181,2018-07-19,2018,7,830,2.615,0.636,770.1
Tehri Reservoir,Ganga Basin,,CWC,30.43921006,78.45546181,2018-07-20,2018,7,830,2.615,0.673,771.6
Tehri Reservoir,Ganga Basin,,CWC,30.43921006,78.45546181,2018-07-28,2018,7,830,2.615,1.131,788.45
Tehri Reservoir,Ganga Basin,,CWC,30.43921006,78.45546181,2018-07-11,2018,7,830,2.615,0.251,753.15
Tehri Reservoir,Ganga Basin,,CWC,30.43921006,78.45546181,2018-07-14,2018,7,830,2.615,0.365,758.5
Tehri Reservoir,Ganga Basin,,CWC,30.43921006,78.45546181,2018-07-31,2018,7,830,2.615,1.312,794.5
Tehri Reservoir,Ganga Basin,,CWC,30.43921006,78.45546181,2018-07-02,2018,7,830,2.615,0.142,747.85
Tehri Reservoir,Ganga Basin,,CWC,30.43921006,78.45546181,2018-07-05,2018,7,830,2.615,0.189,750.15
Tehri Reservoir,Ganga Basin,,CWC,30.43921006,78.45546181,2018-07-07,2018,7,830,2.615,0.201,750.8
Tehri Reservoir,Ganga Basin,,CWC,30.43921006,78.45546181,2018-07-09,2018,7,830,2.615,0.23,752.2
Tehri Reservoir,Ganga Basin,,CWC,30.43921006,78.45546181,2018-07-15,2018,7,830,2.615,0.403,760.15
Tehri Reservoir,Ganga Basin,,CWC,30.43921006,78.45546181,2018-07-21,2018,7,830,2.615,0.711,773.1
Tehri Reservoir,Ganga Basin,,CWC,30.43921006,78.45546181,2018-07-22,2018,7,830,2.615,0.744,774.4
Tehri Reservoir,Ganga Basin,,CWC,30.43921006,78.45546181,2018-07-24,2018,7,830,2.615,0.867,779.1
Tehri Reservoir,Ganga Basin,,CWC,30.43921006,78.45546181,2018-07-25,2018,7,830,2.615,0.947,781.95
Tehri Reservoir,Ganga Basin,,CWC,30.43921006,78.45546181,2018-07-30,2018,7,830,2.615,1.297,793.95
Tehri Reservoir,Ganga Basin,,CWC,30.43921006,78.45546181,2018-08-02,2018,8,830,2.615,1.331,795.05
Tehri Reservoir,Ganga Basin,,CWC,30.43921006,78.45546181,2018-08-13,2018,8,830,2.615,1.689,806.0
Tehri Reservoir,Ganga Basin,,CWC,30.43921006,78.45546181,2018-08-16,2018,8,830,2.615,1.776,808.5
Tehri Reservoir,Ganga Basin,,CWC,30.43921006,78.45546181,2018-08-21,2018,8,830,2.615,1.967,813.8
Tehri Reservoir,Ganga Basin,,CWC,30.43921006,78.45546181,2018-08-22,2018,8,830,2.615,1.993,814.45
Tehri Reservoir,Ganga Basin,,CWC,30.43921006,78.45546181,2018-08-31,2018,8,830,2.615,2.206,820.0
Tehri Reservoir,Ganga Basin,,CWC,30.43921006,78.45546181,2018-08-05,2018,8,830,2.615,1.407,797.45
Tehri Reservoir,Ganga Basin,,CWC,30.43921006,78.45546181,2018-08-07,2018,8,830,2.615,1.487,800.0
Tehri Reservoir,Ganga Basin,,CWC,30.43921006,78.45546181,2018-08-08,2018,8,830,2.615,1.55,801.85
Tehri Reservoir,Ganga Basin,,CWC,30.43921006,78.45546181,2018-08-09,2018,8,830,2.615,1.587,802.95
Tehri Reservoir,Ganga Basin,,CWC,30.43921006,78.45546181,2018-08-15,2018,8,830,2.615,1.748,807.7
Tehri Reservoir,Ganga Basin,,CWC,30.43921006,78.45546181,2018-08-17,2018,8,830,2.615,1.804,809.3
Tehri Reservoir,Ganga Basin,,CWC,30.43921006,78.45546181,2018-08-20,2018,8,830,2.615,1.93,812.8
Tehri Reservoir,Ganga Basin,,CWC,30.43921006,78.45546181,2018-08-29,2018,8,830,2.615,2.162,818.9
Tehri Reservoir,Ganga Basin,,CWC,30.43921006,78.45546181,2018-08-11,2018,8,830,2.615,1.641,804.55
Tehri Reservoir,Ganga Basin,,CWC,30.43921006,78.45546181,2018-08-12,2018,8,830,2.615,1.654,805.0
Tehri Reservoir,Ganga Basin,,CWC,30.43921006,78.45546181,2018-08-18,2018,8,830,2.615,1.847,810.45
Tehri Reservoir,Ganga Basin,,CWC,30.43921006,78.45546181,2018-08-23,2018,8,830,2.615,2.016,815.1
Tehri Reservoir,Ganga Basin,,CWC,30.43921006,78.45546181,2018-08-24,2018,8,830,2.615,2.042,815.8
Tehri Reservoir,Ganga Basin,,CWC,30.43921006,78.45546181,2018-08-01,2018,8,830,2.615,1.319,794.7
Tehri Reservoir,Ganga Basin,,CWC,30.43921006,78.45546181,2018-08-04,2018,8,830,2.615,1.378,796.55
Tehri Reservoir,Ganga Basin,,CWC,30.43921006,78.45546181,2018-08-14,2018,8,830,2.615,1.723,807.0
Tehri Reservoir,Ganga Basin,,CWC,30.43921006,78.45546181,2018-08-19,2018,8,830,2.615,1.894,811.8
Tehri Reservoir,Ganga Basin,,CWC,30.43921006,78.45546181,2018-08-26,2018,8,830,2.615,2.119,817.75
Tehri Reservoir,Ganga Basin,,CWC,30.43921006,78.45546181,2018-08-27,2018,8,830,2.615,2.143,818.4
Tehri Reservoir,Ganga Basin,,CWC,30.43921006,78.45546181,2018-08-30,2018,8,830,2.615,2.194,819.65
Tehri Reservoir,Ganga Basin,,CWC,30.43921006,78.45546181,2018-08-03,2018,8,830,2.615,1.35,795.7
Tehri Reservoir,Ganga Basin,,CWC,30.43921006,78.45546181,2018-08-06,2018,8,830,2.615,1.448,798.75
Tehri Reservoir,Ganga Basin,,CWC,30.43921006,78.45546181,2018-08-10,2018,8,830,2.615,1.614,803.8
Tehri Reservoir,Ganga Basin,,CWC,30.43921006,78.45546181,2018-08-25,2018,8,830,2.615,2.077,816.7
Tehri Reservoir,Ganga Basin,,CWC,30.43921006,78.45546181,2018-08-28,2018,8,830,2.615,2.15,818.6
Tehri Reservoir,Ganga Basin,,CWC,30.43921006,78.45546181,2018-09-01,2018,9,830,2.615,2.214,820.15
Tehri Reservoir,Ganga Basin,,CWC,30.43921006,78.45546181,2018-09-03,2018,9,830,2.615,2.234,820.65
Tehri Reservoir,Ganga Basin,,CWC,30.43921006,78.45546181,2018-09-12,2018,9,830,2.615,2.283,821.9
Tehri Reservoir,Ganga Basin,,CWC,30.43921006,78.45546181,2018-09-25,2018,9,830,2.615,2.435,825.6
Tehri Reservoir,Ganga Basin,,CWC,30.43921006,78.45546181,2018-09-26,2018,9,830,2.615,2.44,825.7
Tehri Reservoir,Ganga Basin,,CWC,30.43921006,78.45546181,2018-09-27,2018,9,830,2.615,,
Tehri Reservoir,Ganga Basin,,CWC,30.43921006,78.45546181,2018-09-05,2018,9,830,2.615,2.242,820.9
Tehri Reservoir,Ganga Basin,,CWC,30.43921006,78.45546181,2018-09-07,2018,9,830,2.615,2.242,820.85
Tehri Reservoir,Ganga Basin,,CWC,30.43921006,78.45546181,2018-09-11,2018,9,830,2.615,2.266,821.45
Tehri Reservoir,Ganga Basin,,CWC,30.43921006,78.45546181,2018-09-16,2018,9,830,2.615,2.365,823.85
Tehri Reservoir,Ganga Basin,,CWC,30.43921006,78.45546181,2018-09-21,2018,9,830,2.615,2.406,824.9
Tehri Reservoir,Ganga Basin,,CWC,30.43921006,78.45546181,2018-09-23,2018,9,830,2.615,2.423,825.3
Tehri Reservoir,Ganga Basin,,CWC,30.43921006,78.45546181,2018-09-24,2018,9,830,2.615,2.432,825.45
Tehri Reservoir,Ganga Basin,,CWC,30.43921006,78.45546181,2018-09-28,2018,9,830,2.615,2.473,826.0
Tehri Reservoir,Ganga Basin,,CWC,30.43921006,78.45546181,2018-09-29,2018,9,830,2.615,2.461,826.15
Tehri Reservoir,Ganga Basin,,CWC,30.43921006,78.45546181,2018-09-02,2018,9,830,2.615,2.218,820.3
Tehri Reservoir,Ganga Basin,,CWC,30.43921006,78.45546181,2018-09-08,2018,9,830,2.615,2.234,820.7
Tehri Reservoir,Ganga Basin,,CWC,30.43921006,78.45546181,2018-09-17,2018,9,830,2.615,2.377,824.2
Tehri Reservoir,Ganga Basin,,CWC,30.43921006,78.45546181,2018-09-18,2018,9,830,2.615,2.39,824.45
Tehri Reservoir,Ganga Basin,,CWC,30.43921006,78.45546181,2018-09-22,2018,9,830,2.615,2.419,825.15
Tehri Reservoir,Ganga Basin,,CWC,30.43921006,78.45546181,2018-09-30,2018,9,830,2.615,2.469,826.35
Tehri Reservoir,Ganga Basin,,CWC,30.43921006,78.45546181,2018-09-04,2018,9,830,2.615,2.238,820.8
Tehri Reservoir,Ganga Basin,,CWC,30.43921006,78.45546181,2018-09-06,2018,9,830,2.615,,
Tehri Reservoir,Ganga Basin,,CWC,30.43921006,78.45546181,2018-09-10,2018,9,830,2.615,2.246,820.95
Tehri Reservoir,Ganga Basin,,CWC,30.43921006,78.45546181,2018-09-13,2018,9,830,2.615,2.311,822.55
Tehri Reservoir,Ganga Basin,,CWC,30.43921006,78.45546181,2018-09-14,2018,9,830,2.615,2.34,823.25
Tehri Reservoir,Ganga Basin,,CWC,30.43921006,78.45546181,2018-09-19,2018,9,830,2.615,2.402,824.75
Tehri Reservoir,Ganga Basin,,CWC,30.43921006,78.45546181,2018-09-20,2018,9,830,2.615,2.402,824.8
Tehri Reservoir,Ganga Basin,,CWC,30.43921006,78.45546181,2018-09-09,2018,9,830,2.615,2.234,820.7
Tehri Reservoir,Ganga Basin,,CWC,30.43921006,78.45546181,2018-09-15,2018,9,830,2.615,2.357,823.7
Tehri Reservoir,Ganga Basin,,CWC,30.43921006,78.45546181,2018-10-06,2018,10,830,2.615,2.495,827.0
Tehri Reservoir,Ganga Basin,,CWC,30.43921006,78.45546181,2018-10-07,2018,10,830,2.615,2.495,827.0
Tehri Reservoir,Ganga Basin,,CWC,30.43921006,78.45546181,2018-10-15,2018,10,830,2.615,2.495,827.0
Tehri Reservoir,Ganga Basin,,CWC,30.43921006,78.45546181,2018-10-17,2018,10,830,2.615,2.499,827.1
Tehri Reservoir,Ganga Basin,,CWC,30.43921006,78.45546181,2018-10-19,2018,10,830,2.615,2.512,827.4
Tehri Reservoir,Ganga Basin,,CWC,30.43921006,78.45546181,2018-10-28,2018,10,830,2.615,2.491,826.9
Tehri Reservoir,Ganga Basin,,CWC,30.43921006,78.45546181,2018-10-02,2018,10,830,2.615,2.478,826.6
Tehri Reservoir,Ganga Basin,,CWC,30.43921006,78.45546181,2018-10-03,2018,10,830,2.615,2.486,826.75
Tehri Reservoir,Ganga Basin,,CWC,30.43921006,78.45546181,2018-10-04,2018,10,830,2.615,2.49,826.9
Tehri Reservoir,Ganga Basin,,CWC,30.43921006,78.45546181,2018-10-12,2018,10,830,2.615,2.495,827.0
Tehri Reservoir,Ganga Basin,,CWC,30.43921006,78.45546181,2018-10-21,2018,10,830,2.615,2.52,827.6
Tehri Reservoir,Ganga Basin,,CWC,30.43921006,78.45546181,2018-10-05,2018,10,830,2.615,2.495,827.0
Tehri Reservoir,Ganga Basin,,CWC,30.43921006,78.45546181,2018-10-10,2018,10,830,2.615,2.495,827.0
Tehri Reservoir,Ganga Basin,,CWC,30.43921006,78.45546181,2018-10-13,2018,10,830,2.615,2.495,827.0
Tehri Reservoir,Ganga Basin,,CWC,30.43921006,78.45546181,2018-10-23,2018,10,830,2.615,2.512,827.4
Tehri Reservoir,Ganga Basin,,CWC,30.43921006,78.45546181,2018-10-24,2018,10,830,2.615,2.508,827.25
Tehri Reservoir,Ganga Basin,,CWC,30.43921006,78.45546181,2018-10-27,2018,10,830,2.615,2.495,827.0
Tehri Reservoir,Ganga Basin,,CWC,30.43921006,78.45546181,2018-10-01,2018,10,830,2.615,2.474,826.45
Tehri Reservoir,Ganga Basin,,CWC,30.43921006,78.45546181,2018-10-09,2018,10,830,2.615,2.495,827.0
Tehri Reservoir,Ganga Basin,,CWC,30.43921006,78.45546181,2018-10-11,2018,10,830,2.615,2.495,827.0
Tehri Reservoir,Ganga Basin,,CWC,30.43921006,78.45546181,2018-10-14,2018,10,830,2.615,2.495,827.0
Tehri Reservoir,Ganga Basin,,CWC,30.43921006,78.45546181,2018-10-16,2018,10,830,2.615,2.495,827.0
Tehri Reservoir,Ganga Basin,,CWC,30.43921006,78.45546181,2018-10-20,2018,10,830,2.615,2.516,827.5
Tehri Reservoir,Ganga Basin,,CWC,30.43921006,78.45546181,2018-10-26,2018,10,830,2.615,2.499,827.05
Tehri Reservoir,Ganga Basin,,CWC,30.43921006,78.45546181,2018-10-29,2018,10,830,2.615,2.486,826.75
Tehri Reservoir,Ganga Basin,,CWC,30.43921006,78.45546181,2018-10-31,2018,10,830,2.615,2.474,826.55
Tehri Reservoir,Ganga Basin,,CWC,30.43921006,78.45546181,2018-10-08,2018,10,830,2.615,2.495,827.0
Tehri Reservoir,Ganga Basin,,CWC,30.43921006,78.45546181,2018-10-18,2018,10,830,2.615,2.508,827.25
Tehri Reservoir,Ganga Basin,,CWC,30.43921006,78.45546181,2018-10-22,2018,10,830,2.615,2.52,827.6
Tehri Reservoir,Ganga Basin,,CWC,30.43921006,78.45546181,2018-10-25,2018,10,830,2.615,2.503,827.15
Tehri Reservoir,Ganga Basin,,CWC,30.43921006,78.45546181,2018-10-30,2018,10,830,2.615,2.478,826.65
Tehri Reservoir,Ganga Basin,,CWC,30.43921006,78.45546181,2018-11-01,2018,11,830,2.615,2.474,826.45
Tehri Reservoir,Ganga Basin,,CWC,30.43921006,78.45546181,2018-11-03,2018,11,830,2.615,2.461,826.15
Tehri Reservoir,Ganga Basin,,CWC,30.43921006,78.45546181,2018-11-04,2018,11,830,2.615,2.473,826.0
Tehri Reservoir,Ganga Basin,,CWC,30.43921006,78.45546181,2018-11-05,2018,11,830,2.615,2.448,825.9
Tehri Reservoir,Ganga Basin,,CWC,30.43921006,78.45546181,2018-11-13,2018,11,830,2.615,2.406,824.9
Tehri Reservoir,Ganga Basin,,CWC,30.43921006,78.45546181,2018-11-20,2018,11,830,2.615,2.361,823.8
Tehri Reservoir,Ganga Basin,,CWC,30.43921006,78.45546181,2018-11-21,2018,11,830,2.615,2.357,823.65
Tehri Reservoir,Ganga Basin,,CWC,30.43921006,78.45546181,2018-11-29,2018,11,830,2.615,2.295,822.15
Tehri Reservoir,Ganga Basin,,CWC,30.43921006,78.45546181,2018-11-10,2018,11,830,2.615,2.423,825.3
Tehri Reservoir,Ganga Basin,,CWC,30.43921006,78.45546181,2018-11-16,2018,11,830,2.615,2.386,824.4
Tehri Reservoir,Ganga Basin,,CWC,30.43921006,78.45546181,2018-11-22,2018,11,830,2.615,2.348,823.45
Tehri Reservoir,Ganga Basin,,CWC,30.43921006,78.45546181,2018-11-26,2018,11,830,2.615,2.317,822.7
Tehri Reservoir,Ganga Basin,,CWC,30.43921006,78.45546181,2018-11-27,2018,11,830,2.615,2.311,822.55
Tehri Reservoir,Ganga Basin,,CWC,30.43921006,78.45546181,2018-11-28,2018,11,830,2.615,2.303,822.35
Tehri Reservoir,Ganga Basin,,CWC,30.43921006,78.45546181,2018-11-11,2018,11,830,2.615,2.419,825.15
Tehri Reservoir,Ganga Basin,,CWC,30.43921006,78.45546181,2018-11-12,2018,11,830,2.615,2.415,825.05
Tehri Reservoir,Ganga Basin,,CWC,30.43921006,78.45546181,2018-11-14,2018,11,830,2.615,2.398,824.7
Tehri Reservoir,Ganga Basin,,CWC,30.43921006,78.45546181,2018-11-18,2018,11,830,2.615,2.373,824.05
Tehri Reservoir,Ganga Basin,,CWC,30.43921006,78.45546181,2018-11-30,2018,11,830,2.615,2.287,821.95
Tehri Reservoir,Ganga Basin,,CWC,30.43921006,78.45546181,2018-11-02,2018,11,830,2.615,2.465,826.25
Tehri Reservoir,Ganga Basin,,CWC,30.43921006,78.45546181,2018-11-08,2018,11,830,2.615,2.435,825.6
Tehri Reservoir,Ganga Basin,,CWC,30.43921006,78.45546181,2018-11-15,2018,11,830,2.615,2.394,824.55
Tehri Reservoir,Ganga Basin,,CWC,30.43921006,78.45546181,2018-11-17,2018,11,830,2.615,2.382,824.25
Tehri Reservoir,Ganga Basin,,CWC,30.43921006,78.45546181,2018-11-23,2018,11,830,2.615,2.34,823.25
Tehri Reservoir,Ganga Basin,,CWC,30.43921006,78.45546181,2018-11-24,2018,11,830,2.615,2.332,823.05
Tehri Reservoir,Ganga Basin,,CWC,30.43921006,78.45546181,2018-11-06,2018,11,830,2.615,2.44,825.8
Tehri Reservoir,Ganga Basin,,CWC,30.43921006,78.45546181,2018-11-07,2018,11,830,2.615,2.44,825.65
Tehri Reservoir,Ganga Basin,,CWC,30.43921006,78.45546181,2018-11-09,2018,11,830,2.615,2.432,825.5
Tehri Reservoir,Ganga Basin,,CWC,30.43921006,78.45546181,2018-11-19,2018,11,830,2.615,2.269,823.95
Tehri Reservoir,Ganga Basin,,CWC,30.43921006,78.45546181,2018-11-25,2018,11,830,2.615,2.324,822.9
Tehri Reservoir,Ganga Basin,,CWC,30.43921006,78.45546181,2018-12-15,2018,12,830,2.615,2.147,818.53
Tehri Reservoir,Ganga Basin,,CWC,30.43921006,78.45546181,2018-12-17,2018,12,830,2.615,2.127,817.96
Tehri Reservoir,Ganga Basin,,CWC,30.43921006,78.45546181,2018-12-18,2018,12,830,2.615,2.115,817.64
Tehri Reservoir,Ganga Basin,,CWC,30.43921006,78.45546181,2018-12-25,2018,12,830,2.615,2.035,815.62
Tehri Reservoir,Ganga Basin,,CWC,30.43921006,78.45546181,2018-12-27,2018,12,830,2.615,,
Tehri Reservoir,Ganga Basin,,CWC,30.43921006,78.45546181,2018-12-30,2018,12,830,2.615,1.96,813.64
Tehri Reservoir,Ganga Basin,,CWC,30.43921006,78.45546181,2018-12-31,2018,12,830,2.615,1.944,813.25
Tehri Reservoir,Ganga Basin,,CWC,30.43921006,78.45546181,2018-12-12,2018,12,830,2.615,2.182,819.4
Tehri Reservoir,Ganga Basin,,CWC,30.43921006,78.45546181,2018-12-16,2018,12,830,2.615,2.139,818.27
Tehri Reservoir,Ganga Basin,,CWC,30.43921006,78.45546181,2018-12-23,2018,12,830,2.615,2.058,816.15
Tehri Reservoir,Ganga Basin,,CWC,30.43921006,78.45546181,2018-12-05,2018,12,830,2.615,2.246,820.95
Tehri Reservoir,Ganga Basin,,CWC,30.43921006,78.45546181,2018-12-08,2018,12,830,2.615,2.222,820.36
Tehri Reservoir,Ganga Basin,,CWC,30.43921006,78.45546181,2018-12-10,2018,12,830,2.615,2.206,820.0
Tehri Reservoir,Ganga Basin,,CWC,30.43921006,78.45546181,2018-12-13,2018,12,830,2.615,2.174,819.15
Tehri Reservoir,Ganga Basin,,CWC,30.43921006,78.45546181,2018-12-14,2018,12,830,2.615,2.162,818.85
Tehri Reservoir,Ganga Basin,,CWC,30.43921006,78.45546181,2018-12-28,2018,12,830,2.615,1.993,814.44
Tehri Reservoir,Ganga Basin,,CWC,30.43921006,78.45546181,2018-12-02,2018,12,830,2.615,2.271,821.6
Tehri Reservoir,Ganga Basin,,CWC,30.43921006,78.45546181,2018-12-03,2018,12,830,2.615,2.262,821.35
Tehri Reservoir,Ganga Basin,,CWC,30.43921006,78.45546181,2018-12-07,2018,12,830,2.615,2.226,820.55
Tehri Reservoir,Ganga Basin,,CWC,30.43921006,78.45546181,2018-12-21,2018,12,830,2.615,2.077,816.68
Tehri Reservoir,Ganga Basin,,CWC,30.43921006,78.45546181,2018-12-22,2018,12,830,2.615,2.069,816.45
Tehri Reservoir,Ganga Basin,,CWC,30.43921006,78.45546181,2018-12-29,2018,12,830,2.615,1.975,814.01
Tehri Reservoir,Ganga Basin,,CWC,30.43921006,78.45546181,2018-12-01,2018,12,830,2.615,2.279,821.75
Tehri Reservoir,Ganga Basin,,CWC,30.43921006,78.45546181,2018-12-04,2018,12,830,2.615,2.254,821.15
Tehri Reservoir,Ganga Basin,,CWC,30.43921006,78.45546181,2018-12-06,2018,12,830,2.615,2.238,820.75
Tehri Reservoir,Ganga Basin,,CWC,30.43921006,78.45546181,2018-12-09,2018,12,830,2.615,2.214,820.2
Tehri Reservoir,Ganga Basin,,CWC,30.43921006,78.45546181,2018-12-11,2018,12,830,2.615,2.198,819.8
Tehri Reservoir,Ganga Basin,,CWC,30.43921006,78.45546181,2018-12-19,2018,12,830,2.615,2.1,817.3
Tehri Reservoir,Ganga Basin,,CWC,30.43921006,78.45546181,2018-12-20,2018,12,830,2.615,2.088,817.0
Tehri Reservoir,Ganga Basin,,CWC,30.43921006,78.45546181,2018-12-24,2018,12,830,2.615,2.042,815.89
Tehri Reservoir,Ganga Basin,,CWC,30.43921006,78.45546181,2018-12-26,2018,12,830,2.615,2.02,815.23
Tehri Reservoir,Ganga Basin,,CWC,30.43921006,78.45546181,2019-01-07,2019,1,830,2.615,1.843,810.37
Tehri Reservoir,Ganga Basin,,CWC,30.43921006,78.45546181,2019-01-16,2019,1,830,2.615,1.702,806.34
Tehri Reservoir,Ganga Basin,,CWC,30.43921006,78.45546181,2019-01-25,2019,1,830,2.615,1.57,802.5
Tehri Reservoir,Ganga Basin,,CWC,30.43921006,78.45546181,2019-01-28,2019,1,830,2.615,1.536,801.48
Tehri Reservoir,Ganga Basin,,CWC,30.43921006,78.45546181,2019-01-31,2019,1,830,2.615,1.491,800.14
Tehri Reservoir,Ganga Basin,,CWC,30.43921006,78.45546181,2019-01-06,2019,1,830,2.615,1.858,810.79
Tehri Reservoir,Ganga Basin,,CWC,30.43921006,78.45546181,2019-01-08,2019,1,830,2.615,1.825,809.93
Tehri Reservoir,Ganga Basin,,CWC,30.43921006,78.45546181,2019-01-13,2019,1,830,2.615,1.748,807.64
Tehri Reservoir,Ganga Basin,,CWC,30.43921006,78.45546181,2019-01-21,2019,1,830,2.615,1.62,803.95
Tehri Reservoir,Ganga Basin,,CWC,30.43921006,78.45546181,2019-01-26,2019,1,830,2.615,1.56,802.2
Tehri Reservoir,Ganga Basin,,CWC,30.43921006,78.45546181,2019-01-03,2019,1,830,2.615,,
Tehri Reservoir,Ganga Basin,,CWC,30.43921006,78.45546181,2019-01-04,2019,1,830,2.615,1.887,811.63
Tehri Reservoir,Ganga Basin,,CWC,30.43921006,78.45546181,2019-01-09,2019,1,830,2.615,1.811,809.5
Tehri Reservoir,Ganga Basin,,CWC,30.43921006,78.45546181,2019-01-10,2019,1,830,2.615,1.797,809.05
Tehri Reservoir,Ganga Basin,,CWC,30.43921006,78.45546181,2019-01-12,2019,1,830,2.615,1.762,808.13
Tehri Reservoir,Ganga Basin,,CWC,30.43921006,78.45546181,2019-01-15,2019,1,830,2.615,1.716,806.78
Tehri Reservoir,Ganga Basin,,CWC,30.43921006,78.45546181,2019-01-17,2019,1,830,2.615,1.685,805.85
Tehri Reservoir,Ganga Basin,,CWC,30.43921006,78.45546181,2019-01-19,2019,1,830,2.615,1.651,804.9
Tehri Reservoir,Ganga Basin,,CWC,30.43921006,78.45546181,2019-01-30,2019,1,830,2.615,1.507,800.63
Tehri Reservoir,Ganga Basin,,CWC,30.43921006,78.45546181,2019-01-02,2019,1,830,2.615,1.905,812.09
Tehri Reservoir,Ganga Basin,,CWC,30.43921006,78.45546181,2019-01-14,2019,1,830,2.615,1.73,807.18
Tehri Reservoir,Ganga Basin,,CWC,30.43921006,78.45546181,2019-01-20,2019,1,830,2.615,1.634,804.38
Tehri Reservoir,Ganga Basin,,CWC,30.43921006,78.45546181,2019-01-22,2019,1,830,2.615,1.61,803.7
Tehri Reservoir,Ganga Basin,,CWC,30.43921006,78.45546181,2019-01-23,2019,1,830,2.615,1.6,803.35
Tehri Reservoir,Ganga Basin,,CWC,30.43921006,78.45546181,2019-01-01,2019,1,830,2.615,1.956,813.48
Tehri Reservoir,Ganga Basin,,CWC,30.43921006,78.45546181,2019-01-05,2019,1,830,2.615,1.872,811.16
Tehri Reservoir,Ganga Basin,,CWC,30.43921006,78.45546181,2019-01-11,2019,1,830,2.615,1.779,808.58
Tehri Reservoir,Ganga Basin,,CWC,30.43921006,78.45546181,2019-01-18,2019,1,830,2.615,1.667,805.37
Tehri Reservoir,Ganga Basin,,CWC,30.43921006,78.45546181,2019-01-24,2019,1,830,2.615,1.58,802.8
Tehri Reservoir,Ganga Basin,,CWC,30.43921006,78.45546181,2019-01-27,2019,1,830,2.615,1.547,801.82
Tehri Reservoir,Ganga Basin,,CWC,30.43921006,78.45546181,2019-01-29,2019,1,830,2.615,1.523,801.12
Tehri Reservoir,Ganga Basin,,CWC,30.43921006,78.45546181,2019-02-01,2019,2,830,2.615,1.478,799.7
Tehri Reservoir,Ganga Basin,,CWC,30.43921006,78.45546181,2019-02-08,2019,2,830,2.615,1.378,796.54
Tehri Reservoir,Ganga Basin,,CWC,30.43921006,78.45546181,2019-02-10,2019,2,830,2.615,1.353,795.84
Tehri Reservoir,Ganga Basin,,CWC,30.43921006,78.45546181,2019-02-21,2019,2,830,2.615,,
Tehri Reservoir,Ganga Basin,,CWC,30.43921006,78.45546181,2019-02-05,2019,2,830,2.615,1.419,797.85
Tehri Reservoir,Ganga Basin,,CWC,30.43921006,78.45546181,2019-02-06,2019,2,830,2.615,1.397,797.24
Tehri Reservoir,Ganga Basin,,CWC,30.43921006,78.45546181,2019-02-11,2019,2,830,2.615,1.343,795.5
Tehri Reservoir,Ganga Basin,,CWC,30.43921006,78.45546181,2019-02-17,2019,2,830,2.615,,
Tehri Reservoir,Ganga Basin,,CWC,30.43921006,78.45546181,2019-02-18,2019,2,830,2.615,1.325,794.88
Tehri Reservoir,Ganga Basin,,CWC,30.43921006,78.45546181,2019-02-22,2019,2,830,2.615,,
Tehri Reservoir,Ganga Basin,,CWC,30.43921006,78.45546181,2019-02-16,2019,2,830,2.615,,
Tehri Reservoir,Ganga Basin,,CWC,30.43921006,78.45546181,2019-02-23,2019,2,830,2.615,,
Tehri Reservoir,Ganga Basin,,CWC,30.43921006,78.45546181,2019-02-24,2019,2,830,2.615,,
Tehri Reservoir,Ganga Basin,,CWC,30.43921006,78.45546181,2019-02-04,2019,2,830,2.615,1.432,798.3
Tehri Reservoir,Ganga Basin,,CWC,30.43921006,78.45546181,2019-02-09,2019,2,830,2.615,1.334,796.18
Tehri Reservoir,Ganga Basin,,CWC,30.43921006,78.45546181,2019-02-12,2019,2,830,2.615,1.331,795.15
Tehri Reservoir,Ganga Basin,,CWC,30.43921006,78.45546181,2019-02-13,2019,2,830,2.615,1.325,794.88
Tehri Reservoir,Ganga Basin,,CWC,30.43921006,78.45546181,2019-02-15,2019,2,830,2.615,,
Tehri Reservoir,Ganga Basin,,CWC,30.43921006,78.45546181,2019-02-25,2019,2,830,2.615,1.325,794.88
Tehri Reservoir,Ganga Basin,,CWC,30.43921006,78.45546181,2019-02-26,2019,2,830,2.615,,
Tehri Reservoir,Ganga Basin,,CWC,30.43921006,78.45546181,2019-02-27,2019,2,830,2.615,1.325,794.88
Tehri Reservoir,Ganga Basin,,CWC,30.43921006,78.45546181,2019-02-02,2019,2,830,2.615,1.465,799.25
Tehri Reservoir,Ganga Basin,,CWC,30.43921006,78.45546181,2019-02-03,2019,2,830,2.615,1.448,798.8
Tehri Reservoir,Ganga Basin,,CWC,30.43921006,78.45546181,2019-02-07,2019,2,830,2.615,1.391,796.97
Tehri Reservoir,Ganga Basin,,CWC,30.43921006,78.45546181,2019-02-14,2019,2,830,2.615,,
Tehri Reservoir,Ganga Basin,,CWC,30.43921006,78.45546181,2019-02-19,2019,2,830,2.615,,
Tehri Reservoir,Ganga Basin,,CWC,30.43921006,78.45546181,2019-02-20,2019,2,830,2.615,1.325,794.88
Tehri Reservoir,Ganga Basin,,CWC,30.43921006,78.45546181,2019-02-28,2019,2,830,2.615,,
Tehri Reservoir,Ganga Basin,,CWC,30.43921006,78.45546181,2019-03-01,2019,3,830,2.615,1.149,789.08
Tehri Reservoir,Ganga Basin,,CWC,30.43921006,78.45546181,2019-03-12,2019,3,830,2.615,0.985,783.4
Tehri Reservoir,Ganga Basin,,CWC,30.43921006,78.45546181,2019-03-16,2019,3,830,2.615,0.93,781.35
Tehri Reservoir,Ganga Basin,,CWC,30.43921006,78.45546181,2019-03-28,2019,3,830,2.615,0.767,775.27
Tehri Reservoir,Ganga Basin,,CWC,30.43921006,78.45546181,2019-03-29,2019,3,830,2.615,0.752,774.65
Tehri Reservoir,Ganga Basin,,CWC,30.43921006,78.45546181,2019-03-31,2019,3,830,2.615,0.731,773.86
Tehri Reservoir,Ganga Basin,,CWC,30.43921006,78.45546181,2019-03-09,2019,3,830,2.615,1.033,785.05
Tehri Reservoir,Ganga Basin,,CWC,30.43921006,78.45546181,2019-03-15,2019,3,830,2.615,0.947,781.92
Tehri Reservoir,Ganga Basin,,CWC,30.43921006,78.45546181,2019-03-26,2019,3,830,2.615,0.796,776.36
Tehri Reservoir,Ganga Basin,,CWC,30.43921006,78.45546181,2019-03-30,2019,3,830,2.615,0.742,774.29
Tehri Reservoir,Ganga Basin,,CWC,30.43921006,78.45546181,2019-03-02,2019,3,830,2.615,1.134,788.56
Tehri Reservoir,Ganga Basin,,CWC,30.43921006,78.45546181,2019-03-03,2019,3,830,2.615,1.12,788.07
Tehri Reservoir,Ganga Basin,,CWC,30.43921006,78.45546181,2019-03-04,2019,3,830,2.615,1.108,787.66
Tehri Reservoir,Ganga Basin,,CWC,30.43921006,78.45546181,2019-03-05,2019,3,830,2.615,1.091,787.08
Tehri Reservoir,Ganga Basin,,CWC,30.43921006,78.45546181,2019-03-06,2019,3,830,2.615,1.079,786.65
Tehri Reservoir,Ganga Basin,,CWC,30.43921006,78.45546181,2019-03-13,2019,3,830,2.615,0.972,782.88
Tehri Reservoir,Ganga Basin,,CWC,30.43921006,78.45546181,2019-03-19,2019,3,830,2.615,0.886,779.8
Tehri Reservoir,Ganga Basin,,CWC,30.43921006,78.45546181,2019-03-27,2019,3,830,2.615,0.783,775.86
Tehri Reservoir,Ganga Basin,,CWC,30.43921006,78.45546181,2019-03-07,2019,3,830,2.615,1.062,786.12
Tehri Reservoir,Ganga Basin,,CWC,30.43921006,78.45546181,2019-03-17,2019,3,830,2.615,0.916,780.86
Tehri Reservoir,Ganga Basin,,CWC,30.43921006,78.45546181,2019-03-18,2019,3,830,2.615,0.903,780.37
Tehri Reservoir,Ganga Basin,,CWC,30.43921006,78.45546181,2019-03-20,2019,3,830,2.615,0.873,779.32
Tehri Reservoir,Ganga Basin,,CWC,30.43921006,78.45546181,2019-03-22,2019,3,830,2.615,0.846,778.32
Tehri Reservoir,Ganga Basin,,CWC,30.43921006,78.45546181,2019-03-23,2019,3,830,2.615,0.835,777.91
Tehri Reservoir,Ganga Basin,,CWC,30.43921006,78.45546181,2019-03-08,2019,3,830,2.615,1.047,785.55
Tehri Reservoir,Ganga Basin,,CWC,30.43921006,78.45546181,2019-03-10,2019,3,830,2.615,1.019,784.61
Tehri Reservoir,Ganga Basin,,CWC,30.43921006,78.45546181,2019-03-11,2019,3,830,2.615,1.002,783.99
Tehri Reservoir,Ganga Basin,,CWC,30.43921006,78.45546181,2019-03-14,2019,3,830,2.615,0.96,782.44
Tehri Reservoir,Ganga Basin,,CWC,30.43921006,78.45546181,2019-03-21,2019,3,830,2.615,,
Tehri Reservoir,Ganga Basin,,CWC,30.43921006,78.45546181,2019-03-24,2019,3,830,2.615,0.822,777.4
Tehri Reservoir,Ganga Basin,,CWC,30.43921006,78.45546181,2019-03-25,2019,3,830,2.615,0.806,776.81
Tehri Reservoir,Ganga Basin,,CWC,30.43921006,78.45546181,2019-04-09,2019,4,830,2.615,0.633,769.97
Tehri Reservoir,Ganga Basin,,CWC,30.43921006,78.45546181,2019-04-11,2019,4,830,2.615,0.611,769.08
Tehri Reservoir,Ganga Basin,,CWC,30.43921006,78.45546181,2019-04-14,2019,4,830,2.615,0.587,768.05
Tehri Reservoir,Ganga Basin,,CWC,30.43921006,78.45546181,2019-04-21,2019,4,830,2.615,0.525,765.48
Tehri Reservoir,Ganga Basin,,CWC,30.43921006,78.45546181,2019-04-05,2019,4,830,2.615,0.671,771.45
Tehri Reservoir,Ganga Basin,,CWC,30.43921006,78.45546181,2019-04-06,2019,4,830,2.615,0.659,771.03
Tehri Reservoir,Ganga Basin,,CWC,30.43921006,78.45546181,2019-04-07,2019,4,830,2.615,0.653,770.75
Tehri Reservoir,Ganga Basin,,CWC,30.43921006,78.45546181,2019-04-17,2019,4,830,2.615,0.565,767.16
Tehri Reservoir,Ganga Basin,,CWC,30.43921006,78.45546181,2019-04-01,2019,4,830,2.615,0.719,773.4
Tehri Reservoir,Ganga Basin,,CWC,30.43921006,78.45546181,2019-04-08,2019,4,830,2.615,0.641,770.34
Tehri Reservoir,Ganga Basin,,CWC,30.43921006,78.45546181,2019-04-10,2019,4,830,2.615,0.624,769.62
Tehri Reservoir,Ganga Basin,,CWC,30.43921006,78.45546181,2019-04-13,2019,4,830,2.615,0.592,768.34
Tehri Reservoir,Ganga Basin,,CWC,30.43921006,78.45546181,2019-04-16,2019,4,830,2.615,0.57,767.43
Tehri Reservoir,Ganga Basin,,CWC,30.43921006,78.45546181,2019-04-20,2019,4,830,2.615,0.537,766.0
Tehri Reservoir,Ganga Basin,,CWC,30.43921006,78.45546181,2019-04-23,2019,4,830,2.615,0.504,764.55
Tehri Reservoir,Ganga Basin,,CWC,30.43921006,78.45546181,2019-04-28,2019,4,830,2.615,0.462,762.82
Tehri Reservoir,Ganga Basin,,CWC,30.43921006,78.45546181,2019-04-02,2019,4,830,2.615,0.719,773.4
Tehri Reservoir,Ganga Basin,,CWC,30.43921006,78.45546181,2019-04-22,2019,4,830,2.615,0.515,765.09
Tehri Reservoir,Ganga Basin,,CWC,30.43921006,78.45546181,2019-04-24,2019,4,830,2.615,0.494,764.15
Tehri Reservoir,Ganga Basin,,CWC,30.43921006,78.45546181,2019-04-26,2019,4,830,2.615,0.476,763.38
Tehri Reservoir,Ganga Basin,,CWC,30.43921006,78.45546181,2019-04-29,2019,4,830,2.615,0.455,762.48
Tehri Reservoir,Ganga Basin,,CWC,30.43921006,78.45546181,2019-04-30,2019,4,830,2.615,0.448,762.14
Tehri Reservoir,Ganga Basin,,CWC,30.43921006,78.45546181,2019-04-18,2019,4,830,2.615,0.553,766.73
Tehri Reservoir,Ganga Basin,,CWC,30.43921006,78.45546181,2019-04-19,2019,4,830,2.615,0.546,766.36
Tehri Reservoir,Ganga Basin,,CWC,30.43921006,78.45546181,2019-04-25,2019,4,830,2.615,0.483,763.68
Tehri Reservoir,Ganga Basin,,CWC,30.43921006,78.45546181,2019-04-27,2019,4,830,2.615,0.468,763.1
Tehri Reservoir,Ganga Basin,,CWC,30.43921006,78.45546181,2019-04-03,2019,4,830,2.615,,
Tehri Reservoir,Ganga Basin,,CWC,30.43921006,78.45546181,2019-04-04,2019,4,830,2.615,,
Tehri Reservoir,Ganga Basin,,CWC,30.43921006,78.45546181,2019-04-12,2019,4,830,2.615,0.602,768.71
Tehri Reservoir,Ganga Basin,,CWC,30.43921006,78.45546181,2019-04-15,2019,4,830,2.615,0.577,767.65
Tehri Reservoir,Ganga Basin,,CWC,30.43921006,78.45546181,2019-05-07,2019,5,830,2.615,0.368,758.63
Tehri Reservoir,Ganga Basin,,CWC,30.43921006,78.45546181,2019-05-12,2019,5,830,2.615,0.304,755.65
Tehri Reservoir,Ganga Basin,,CWC,30.43921006,78.45546181,2019-05-14,2019,5,830,2.615,0.27,754.1
Tehri Reservoir,Ganga Basin,,CWC,30.43921006,78.45546181,2019-05-16,2019,5,830,2.615,0.232,752.29
Tehri Reservoir,Ganga Basin,,CWC,30.43921006,78.45546181,2019-05-29,2019,5,830,2.615,0.076,744.44
Tehri Reservoir,Ganga Basin,,CWC,30.43921006,78.45546181,2019-05-30,2019,5,830,2.615,0.07,744.22
Tehri Reservoir,Ganga Basin,,CWC,30.43921006,78.45546181,2019-05-02,2019,5,830,2.615,0.425,761.18
Tehri Reservoir,Ganga Basin,,CWC,30.43921006,78.45546181,2019-05-10,2019,5,830,2.615,0.332,756.96
Tehri Reservoir,Ganga Basin,,CWC,30.43921006,78.45546181,2019-05-15,2019,5,830,2.615,0.253,753.28
Tehri Reservoir,Ganga Basin,,CWC,30.43921006,78.45546181,2019-05-20,2019,5,830,2.615,0.161,748.88
Tehri Reservoir,Ganga Basin,,CWC,30.43921006,78.45546181,2019-05-22,2019,5,830,2.615,0.131,747.3
Tehri Reservoir,Ganga Basin,,CWC,30.43921006,78.45546181,2019-05-23,2019,5,830,2.615,,
Tehri Reservoir,Ganga Basin,,CWC,30.43921006,78.45546181,2019-05-25,2019,5,830,2.615,0.113,746.44
Tehri Reservoir,Ganga Basin,,CWC,30.43921006,78.45546181,2019-05-26,2019,5,830,2.615,0.105,746.0
Tehri Reservoir,Ganga Basin,,CWC,30.43921006,78.45546181,2019-05-31,2019,5,830,2.615,0.068,744.1
Tehri Reservoir,Ganga Basin,,CWC,30.43921006,78.45546181,2019-05-01,2019,5,830,2.615,0.437,761.68
Tehri Reservoir,Ganga Basin,,CWC,30.43921006,78.45546181,2019-05-03,2019,5,830,2.615,0.421,761.0
Tehri Reservoir,Ganga Basin,,CWC,30.43921006,78.45546181,2019-05-06,2019,5,830,2.615,0.381,759.23
Tehri Reservoir,Ganga Basin,,CWC,30.43921006,78.45546181,2019-05-08,2019,5,830,2.615,0.354,758.03
Tehri Reservoir,Ganga Basin,,CWC,30.43921006,78.45546181,2019-05-09,2019,5,830,2.615,0.343,757.51
Tehri Reservoir,Ganga Basin,,CWC,30.43921006,78.45546181,2019-05-11,2019,5,830,2.615,0.319,756.38
Tehri Reservoir,Ganga Basin,,CWC,30.43921006,78.45546181,2019-05-18,2019,5,830,2.615,0.197,750.56
Tehri Reservoir,Ganga Basin,,CWC,30.43921006,78.45546181,2019-05-19,2019,5,830,2.615,0.179,749.68
Tehri Reservoir,Ganga Basin,,CWC,30.43921006,78.45546181,2019-05-21,2019,5,830,2.615,0.146,748.11
Tehri Reservoir,Ganga Basin,,CWC,30.43921006,78.45546181,2019-05-24,2019,5,830,2.615,0.117,746.57
Tehri Reservoir,Ganga Basin,,CWC,30.43921006,78.45546181,2019-05-04,2019,5,830,2.615,0.195,760.5
Tehri Reservoir,Ganga Basin,,CWC,30.43921006,78.45546181,2019-05-13,2019,5,830,2.615,0.285,754.84
Tehri Reservoir,Ganga Basin,,CWC,30.43921006,78.45546181,2019-05-17,2019,5,830,2.615,0.211,751.3
Tehri Reservoir,Ganga Basin,,CWC,30.43921006,78.45546181,2019-05-05,2019,5,830,2.615,0.394,759.8
Tehri Reservoir,Ganga Basin,,CWC,30.43921006,78.45546181,2019-05-27,2019,5,830,2.615,0.095,745.45
Tehri Reservoir,Ganga Basin,,CWC,30.43921006,78.45546181,2019-05-28,2019,5,830,2.615,0.084,744.87
Tehri Reservoir,Ganga Basin,,CWC,30.43921006,78.45546181,2019-06-02,2019,6,830,2.615,0.066,743.95
Tehri Reservoir,Ganga Basin,,CWC,30.43921006,78.45546181,2019-06-06,2019,6,830,2.615,0.062,743.82
Tehri Reservoir,Ganga Basin,,CWC,30.43921006,78.45546181,2019-06-12,2019,6,830,2.615,0.051,743.16
Tehri Reservoir,Ganga Basin,,CWC,30.43921006,78.45546181,2019-06-26,2019,6,830,2.615,0.036,742.35
Tehri Reservoir,Ganga Basin,,CWC,30.43921006,78.45546181,2019-06-04,2019,6,830,2.615,0.066,744.02
Tehri Reservoir,Ganga Basin,,CWC,30.43921006,78.45546181,2019-06-10,2019,6,830,2.615,0.028,743.02
Tehri Reservoir,Ganga Basin,,CWC,30.43921006,78.45546181,2019-06-15,2019,6,830,2.615,0.049,743.08
Tehri Reservoir,Ganga Basin,,CWC,30.43921006,78.45546181,2019-06-18,2019,6,830,2.615,0.03,742.08
Tehri Reservoir,Ganga Basin,,CWC,30.43921006,78.45546181,2019-06-19,2019,6,830,2.615,0.03,742.08
Tehri Reservoir,Ganga Basin,,CWC,30.43921006,78.45546181,2019-06-23,2019,6,830,2.615,0.017,741.39
Tehri Reservoir,Ganga Basin,,CWC,30.43921006,78.45546181,2019-06-24,2019,6,830,2.615,0.013,741.22
Tehri Reservoir,Ganga Basin,,CWC,30.43921006,78.45546181,2019-06-29,2019,6,830,2.615,0.051,743.18
Tehri Reservoir,Ganga Basin,,CWC,30.43921006,78.45546181,2019-06-05,2019,6,830,2.615,0.064,743.93
Tehri Reservoir,Ganga Basin,,CWC,30.43921006,78.45546181,2019-06-09,2019,6,830,2.615,0.049,743.05
Tehri Reservoir,Ganga Basin,,CWC,30.43921006,78.45546181,2019-06-17,2019,6,830,2.615,0.045,742.86
Tehri Reservoir,Ganga Basin,,CWC,30.43921006,78.45546181,2019-06-20,2019,6,830,2.615,0.025,741.82
Tehri Reservoir,Ganga Basin,,CWC,30.43921006,78.45546181,2019-06-21,2019,6,830,2.615,0.019,741.54
Tehri Reservoir,Ganga Basin,,CWC,30.43921006,78.45546181,2019-06-27,2019,6,830,2.615,0.045,742.88
Tehri Reservoir,Ganga Basin,,CWC,30.43921006,78.45546181,2019-06-30,2019,6,830,2.615,0.059,743.62
Tehri Reservoir,Ganga Basin,,CWC,30.43921006,78.45546181,2019-06-07,2019,6,830,2.615,0.062,743.75
Tehri Reservoir,Ganga Basin,,CWC,30.43921006,78.45546181,2019-06-11,2019,6,830,2.615,0.049,743.08
Tehri Reservoir,Ganga Basin,,CWC,30.43921006,78.45546181,2019-06-13,2019,6,830,2.615,0.061,743.67
Tehri Reservoir,Ganga Basin,,CWC,30.43921006,78.45546181,2019-06-14,2019,6,830,2.615,0.051,743.23
Tehri Reservoir,Ganga Basin,,CWC,30.43921006,78.45546181,2019-06-22,2019,6,830,2.615,0.021,741.55
Tehri Reservoir,Ganga Basin,,CWC,30.43921006,78.45546181,2019-06-01,2019,6,830,2.615,0.07,744.14
Tehri Reservoir,Ganga Basin,,CWC,30.43921006,78.45546181,2019-06-03,2019,6,830,2.615,0.066,744.0
Tehri Reservoir,Ganga Basin,,CWC,30.43921006,78.45546181,2019-06-08,2019,6,830,2.615,0.053,743.25
Tehri Reservoir,Ganga Basin,,CWC,30.43921006,78.45546181,2019-06-16,2019,6,830,2.615,0.045,743.04
Tehri Reservoir,Ganga Basin,,CWC,30.43921006,78.45546181,2019-06-25,2019,6,830,2.615,0.021,741.62
Tehri Reservoir,Ganga Basin,,CWC,30.43921006,78.45546181,2019-06-28,2019,6,830,2.615,0.09,743.09
Tehri Reservoir,Ganga Basin,,CWC,30.43921006,78.45546181,2019-07-02,2019,7,830,2.615,0.061,743.72
Tehri Reservoir,Ganga Basin,,CWC,30.43921006,78.45546181,2019-07-04,2019,7,830,2.615,0.068,744.1
Tehri Reservoir,Ganga Basin,,CWC,30.43921006,78.45546181,2019-07-05,2019,7,830,2.615,0.087,745.1
Tehri Reservoir,Ganga Basin,,CWC,30.43921006,78.45546181,2019-07-08,2019,7,830,2.615,0.145,748.45
Tehri Reservoir,Ganga Basin,,CWC,30.43921006,78.45546181,2019-07-10,2019,7,830,2.615,0.226,751.95
Tehri Reservoir,Ganga Basin,,CWC,30.43921006,78.45546181,2019-07-22,2019,7,830,2.615,0.48,763.6
Tehri Reservoir,Ganga Basin,,CWC,30.43921006,78.45546181,2019-07-26,2019,7,830,2.615,0.594,768.4
Tehri Reservoir,Ganga Basin,,CWC,30.43921006,78.45546181,2019-07-19,2019,7,830,2.615,0.432,761.5
Tehri Reservoir,Ganga Basin,,CWC,30.43921006,78.45546181,2019-07-25,2019,7,830,2.615,0.556,766.8
Tehri Reservoir,Ganga Basin,,CWC,30.43921006,78.45546181,2019-07-01,2019,7,830,2.615,0.061,743.7
Tehri Reservoir,Ganga Basin,,CWC,30.43921006,78.45546181,2019-07-03,2019,7,830,2.615,0.062,743.76
Tehri Reservoir,Ganga Basin,,CWC,30.43921006,78.45546181,2019-07-09,2019,7,830,2.615,0.189,750.2
Tehri Reservoir,Ganga Basin,,CWC,30.43921006,78.45546181,2019-07-11,2019,7,830,2.615,0.257,753.45
Tehri Reservoir,Ganga Basin,,CWC,30.43921006,78.45546181,2019-07-12,2019,7,830,2.615,0.287,754.85
Tehri Reservoir,Ganga Basin,,CWC,30.43921006,78.45546181,2019-07-13,2019,7,830,2.615,0.308,755.9
Tehri Reservoir,Ganga Basin,,CWC,30.43921006,78.45546181,2019-07-14,2019,7,830,2.615,0.339,757.3
Tehri Reservoir,Ganga Basin,,CWC,30.43921006,78.45546181,2019-07-16,2019,7,830,2.615,0.394,759.75
Tehri Reservoir,Ganga Basin,,CWC,30.43921006,78.45546181,2019-07-17,2019,7,830,2.615,0.41,760.45
Tehri Reservoir,Ganga Basin,,CWC,30.43921006,78.45546181,2019-07-18,2019,7,830,2.615,0.421,761.0
Tehri Reservoir,Ganga Basin,,CWC,30.43921006,78.45546181,2019-07-21,2019,7,830,2.615,0.464,762.9
Tehri Reservoir,Ganga Basin,,CWC,30.43921006,78.45546181,2019-07-27,2019,7,830,2.615,0.633,769.95
Tehri Reservoir,Ganga Basin,,CWC,30.43921006,78.45546181,2019-07-30,2019,7,830,2.615,0.754,774.8
Tehri Reservoir,Ganga Basin,,CWC,30.43921006,78.45546181,2019-07-07,2019,7,830,2.615,0.127,747.05
Tehri Reservoir,Ganga Basin,,CWC,30.43921006,78.45546181,2019-07-15,2019,7,830,2.615,0.362,758.3
Tehri Reservoir,Ganga Basin,,CWC,30.43921006,78.45546181,2019-07-20,2019,7,830,2.615,0.448,762.15
Tehri Reservoir,Ganga Basin,,CWC,30.43921006,78.45546181,2019-07-06,2019,7,830,2.615,0.105,746.0
Tehri Reservoir,Ganga Basin,,CWC,30.43921006,78.45546181,2019-07-23,2019,7,830,2.615,0.499,764.4
Tehri Reservoir,Ganga Basin,,CWC,30.43921006,78.45546181,2019-07-24,2019,7,830,2.615,0.525,765.45
Tehri Reservoir,Ganga Basin,,CWC,30.43921006,78.45546181,2019-07-28,2019,7,830,2.615,0.676,771.65
Tehri Reservoir,Ganga Basin,,CWC,30.43921006,78.45546181,2019-07-29,2019,7,830,2.615,0.771,773.1
Tehri Reservoir,Ganga Basin,,CWC,30.43921006,78.45546181,2019-07-31,2019,7,830,2.615,0.806,776.75
Tehri Reservoir,Ganga Basin,,CWC,30.43921006,78.45546181,2019-08-03,2019,8,830,2.615,0.957,782.4
Tehri Reservoir,Ganga Basin,,CWC,30.43921006,78.45546181,2019-08-07,2019,8,830,2.615,0.911,780.7
Tehri Reservoir,Ganga Basin,,CWC,30.43921006,78.45546181,2019-08-09,2019,8,830,2.615,1.291,793.85
Tehri Reservoir,Ganga Basin,,CWC,30.43921006,78.45546181,2019-08-10,2019,8,830,2.615,1.365,796.2
Tehri Reservoir,Ganga Basin,,CWC,30.43921006,78.45546181,2019-08-24,2019,8,830,2.615,2.05,816.05
Tehri Reservoir,Ganga Basin,,CWC,30.43921006,78.45546181,2019-08-29,2019,8,830,2.615,2.19,819.65
Tehri Reservoir,Ganga Basin,,CWC,30.43921006,78.45546181,2019-08-02,2019,8,830,2.615,0.905,780.45
Tehri Reservoir,Ganga Basin,,CWC,30.43921006,78.45546181,2019-08-08,2019,8,830,2.615,1.217,791.45
Tehri Reservoir,Ganga Basin,,CWC,30.43921006,78.45546181,2019-08-11,2019,8,830,2.615,1.416,797.85
Tehri Reservoir,Ganga Basin,,CWC,30.43921006,78.45546181,2019-08-12,2019,8,830,2.615,1.461,799.2
Tehri Reservoir,Ganga Basin,,CWC,30.43921006,78.45546181,2019-08-18,2019,8,830,2.615,1.815,809.6
Tehri Reservoir,Ganga Basin,,CWC,30.43921006,78.45546181,2019-08-30,2019,8,830,2.615,2.214,820.25
Tehri Reservoir,Ganga Basin,,CWC,30.43921006,78.45546181,2019-08-05,2019,8,830,2.615,1.105,787.65
Tehri Reservoir,Ganga Basin,,CWC,30.43921006,78.45546181,2019-08-06,2019,8,830,2.615,1.105,787.65
Tehri Reservoir,Ganga Basin,,CWC,30.43921006,78.45546181,2019-08-16,2019,8,830,2.615,1.716,806.85
Tehri Reservoir,Ganga Basin,,CWC,30.43921006,78.45546181,2019-08-20,2019,8,830,2.615,1.99,814.4
Tehri Reservoir,Ganga Basin,,CWC,30.43921006,78.45546181,2019-08-22,2019,8,830,2.615,,
Tehri Reservoir,Ganga Basin,,CWC,30.43921006,78.45546181,2019-08-28,2019,8,830,2.615,2.166,819.0
Tehri Reservoir,Ganga Basin,,CWC,30.43921006,78.45546181,2019-08-31,2019,8,830,2.615,2.238,820.8
Tehri Reservoir,Ganga Basin,,CWC,30.43921006,78.45546181,2019-08-01,2019,8,830,2.615,,
Tehri Reservoir,Ganga Basin,,CWC,30.43921006,78.45546181,2019-08-15,2019,8,830,2.615,1.647,804.85
Tehri Reservoir,Ganga Basin,,CWC,30.43921006,78.45546181,2019-08-17,2019,8,830,2.615,1.772,808.4
Tehri Reservoir,Ganga Basin,,CWC,30.43921006,78.45546181,2019-08-21,2019,8,830,2.615,2.008,814.95
Tehri Reservoir,Ganga Basin,,CWC,30.43921006,78.45546181,2019-08-23,2019,8,830,2.615,2.039,815.7
Tehri Reservoir,Ganga Basin,,CWC,30.43921006,78.45546181,2019-08-27,2019,8,830,2.615,2.141,818.35
Tehri Reservoir,Ganga Basin,,CWC,30.43921006,78.45546181,2019-08-04,2019,8,830,2.615,1.05,785.7
Tehri Reservoir,Ganga Basin,,CWC,30.43921006,78.45546181,2019-08-13,2019,8,830,2.615,1.517,800.8
Tehri Reservoir,Ganga Basin,,CWC,30.43921006,78.45546181,2019-08-14,2019,8,830,2.615,1.58,802.8
Tehri Reservoir,Ganga Basin,,CWC,30.43921006,78.45546181,2019-08-19,2019,8,830,2.615,1.945,813.25
Tehri Reservoir,Ganga Basin,,CWC,30.43921006,78.45546181,2019-08-25,2019,8,830,2.615,2.069,816.5
Tehri Reservoir,Ganga Basin,,CWC,30.43921006,78.45546181,2019-08-26,2019,8,830,2.615,2.1,817.35
Tehri Reservoir,Ganga Basin,,CWC,30.43921006,78.45546181,2019-09-01,2019,9,830,2.615,2.275,821.75
Tehri Reservoir,Ganga Basin,,CWC,30.43921006,78.45546181,2019-09-07,2019,9,830,2.615,2.44,825.7
Tehri Reservoir,Ganga Basin,,CWC,30.43921006,78.45546181,2019-09-11,2019,9,830,2.615,,
Tehri Reservoir,Ganga Basin,,CWC,30.43921006,78.45546181,2019-09-22,2019,9,830,2.615,2.525,827.7
Tehri Reservoir,Ganga Basin,,CWC,30.43921006,78.45546181,2019-09-26,2019,9,830,2.615,2.529,827.8
Tehri Reservoir,Ganga Basin,,CWC,30.43921006,78.45546181,2019-09-27,2019,9,830,2.615,2.525,827.7
Tehri Reservoir,Ganga Basin,,CWC,30.43921006,78.45546181,2019-09-30,2019,9,830,2.615,2.52,827.65
Tehri Reservoir,Ganga Basin,,CWC,30.43921006,78.45546181,2019-09-10,2019,9,830,2.615,2.473,826.0
Tehri Reservoir,Ganga Basin,,CWC,30.43921006,78.45546181,2019-09-14,2019,9,830,2.615,2.486,826.75
Tehri Reservoir,Ganga Basin,,CWC,30.43921006,78.45546181,2019-09-20,2019,9,830,2.615,2.516,827.55
Tehri Reservoir,Ganga Basin,,CWC,30.43921006,78.45546181,2019-09-24,2019,9,830,2.615,2.52,827.65
Tehri Reservoir,Ganga Basin,,CWC,30.43921006,78.45546181,2019-09-28,2019,9,830,2.615,2.529,827.8
Tehri Reservoir,Ganga Basin,,CWC,30.43921006,78.45546181,2019-09-06,2019,9,830,2.615,2.435,825.6
Tehri Reservoir,Ganga Basin,,CWC,30.43921006,78.45546181,2019-09-08,2019,9,830,2.615,2.444,825.85
Tehri Reservoir,Ganga Basin,,CWC,30.43921006,78.45546181,2019-09-09,2019,9,830,2.615,2.473,826.0
Tehri Reservoir,Ganga Basin,,CWC,30.43921006,78.45546181,2019-09-13,2019,9,830,2.615,2.478,826.6
Tehri Reservoir,Ganga Basin,,CWC,30.43921006,78.45546181,2019-09-17,2019,9,830,2.615,2.503,827.2
Tehri Reservoir,Ganga Basin,,CWC,30.43921006,78.45546181,2019-09-21,2019,9,830,2.615,2.525,827.7
Tehri Reservoir,Ganga Basin,,CWC,30.43921006,78.45546181,2019-09-29,2019,9,830,2.615,2.52,827.65
Tehri Reservoir,Ganga Basin,,CWC,30.43921006,78.45546181,2019-09-03,2019,9,830,2.615,2.34,823.3
Tehri Reservoir,Ganga Basin,,CWC,30.43921006,78.45546181,2019-09-04,2019,9,830,2.615,2.373,824.1
Tehri Reservoir,Ganga Basin,,CWC,30.43921006,78.45546181,2019-09-05,2019,9,830,2.615,2.402,824.85
Tehri Reservoir,Ganga Basin,,CWC,30.43921006,78.45546181,2019-09-12,2019,9,830,2.615,,
Tehri Reservoir,Ganga Basin,,CWC,30.43921006,78.45546181,2019-09-15,2019,9,830,2.615,2.491,826.95
Tehri Reservoir,Ganga Basin,,CWC,30.43921006,78.45546181,2019-09-18,2019,9,830,2.615,,
Tehri Reservoir,Ganga Basin,,CWC,30.43921006,78.45546181,2019-09-02,2019,9,830,2.615,2.311,822.6
Tehri Reservoir,Ganga Basin,,CWC,30.43921006,78.45546181,2019-09-16,2019,9,830,2.615,2.499,827.15
Tehri Reservoir,Ganga Basin,,CWC,30.43921006,78.45546181,2019-09-19,2019,9,830,2.615,,
Tehri Reservoir,Ganga Basin,,CWC,30.43921006,78.45546181,2019-09-23,2019,9,830,2.615,2.52,827.65
Tehri Reservoir,Ganga Basin,,CWC,30.43921006,78.45546181,2019-09-25,2019,9,830,2.615,2.525,827.7
Tehri Reservoir,Ganga Basin,,CWC,30.43921006,78.45546181,2019-10-04,2019,10,830,2.615,2.525,827.75
Tehri Reservoir,Ganga Basin,,CWC,30.43921006,78.45546181,2019-10-12,2019,10,830,2.615,2.516,827.5
Tehri Reservoir,Ganga Basin,,CWC,30.43921006,78.45546181,2019-10-17,2019,10,830,2.615,2.508,827.3
Tehri Reservoir,Ganga Basin,,CWC,30.43921006,78.45546181,2019-10-18,2019,10,830,2.615,2.503,827.27
Tehri Reservoir,Ganga Basin,,CWC,30.43921006,78.45546181,2019-10-24,2019,10,830,2.615,2.486,826.74
Tehri Reservoir,Ganga Basin,,CWC,30.43921006,78.45546181,2019-10-29,2019,10,830,2.615,2.461,826.24
Tehri Reservoir,Ganga Basin,,CWC,30.43921006,78.45546181,2019-10-11,2019,10,830,2.615,2.556,827.55
Tehri Reservoir,Ganga Basin,,CWC,30.43921006,78.45546181,2019-10-16,2019,10,830,2.615,2.508,827.36
Tehri Reservoir,Ganga Basin,,CWC,30.43921006,78.45546181,2019-10-19,2019,10,830,2.615,2.499,827.18
Tehri Reservoir,Ganga Basin,,CWC,30.43921006,78.45546181,2019-10-22,2019,10,830,2.615,2.495,826.98
Tehri Reservoir,Ganga Basin,,CWC,30.43921006,78.45546181,2019-10-23,2019,10,830,2.615,2.491,829.9
Tehri Reservoir,Ganga Basin,,CWC,30.43921006,78.45546181,2019-10-01,2019,10,830,2.615,2.512,827.4
Tehri Reservoir,Ganga Basin,,CWC,30.43921006,78.45546181,2019-10-08,2019,10,830,2.615,2.525,827.75
Tehri Reservoir,Ganga Basin,,CWC,30.43921006,78.45546181,2019-10-09,2019,10,830,2.615,2.52,827.65
Tehri Reservoir,Ganga Basin,,CWC,30.43921006,78.45546181,2019-10-13,2019,10,830,2.615,2.512,827.45
Tehri Reservoir,Ganga Basin,,CWC,30.43921006,78.45546181,2019-10-25,2019,10,830,2.615,2.474,826.58
Tehri Reservoir,Ganga Basin,,CWC,30.43921006,78.45546181,2019-10-28,2019,10,830,2.615,2.48,826.25
Tehri Reservoir,Ganga Basin,,CWC,30.43921006,78.45546181,2019-10-03,2019,10,830,2.615,,
Tehri Reservoir,Ganga Basin,,CWC,30.43921006,78.45546181,2019-10-05,2019,10,830,2.615,2.533,827.95
Tehri Reservoir,Ganga Basin,,CWC,30.43921006,78.45546181,2019-10-06,2019,10,830,2.615,2.529,829.85
Tehri Reservoir,Ganga Basin,,CWC,30.43921006,78.45546181,2019-10-10,2019,10,830,2.615,2.52,827.6
Tehri Reservoir,Ganga Basin,,CWC,30.43921006,78.45546181,2019-10-14,2019,10,830,2.615,2.512,827.45
Tehri Reservoir,Ganga Basin,,CWC,30.43921006,78.45546181,2019-10-15,2019,10,830,2.615,2.512,827.4
Tehri Reservoir,Ganga Basin,,CWC,30.43921006,78.45546181,2019-10-20,2019,10,830,2.615,2.499,827.11
Tehri Reservoir,Ganga Basin,,CWC,30.43921006,78.45546181,2019-10-27,2019,10,830,2.615,,
Tehri Reservoir,Ganga Basin,,CWC,30.43921006,78.45546181,2019-10-02,2019,10,830,2.615,,
Tehri Reservoir,Ganga Basin,,CWC,30.43921006,78.45546181,2019-10-07,2019,10,830,2.615,2.529,827.85
Tehri Reservoir,Ganga Basin,,CWC,30.43921006,78.45546181,2019-10-21,2019,10,830,2.615,2.495,827.06
Tehri Reservoir,Ganga Basin,,CWC,30.43921006,78.45546181,2019-10-26,2019,10,830,2.615,2.478,826.52
Tehri Reservoir,Ganga Basin,,CWC,30.43921006,78.45546181,2019-10-30,2019,10,830,2.615,2.456,826.14
Tehri Reservoir,Ganga Basin,,CWC,30.43921006,78.45546181,2019-10-31,2019,10,830,2.615,2.473,826.03
Tehri Reservoir,Ganga Basin,,CWC,30.43921006,78.45546181,2019-11-07,2019,11,830,2.615,2.419,825.25
Tehri Reservoir,Ganga Basin,,CWC,30.43921006,78.45546181,2019-11-20,2019,11,830,2.615,2.324,822.98
Tehri Reservoir,Ganga Basin,,CWC,30.43921006,78.45546181,2019-11-24,2019,11,830,2.615,2.295,822.28
Tehri Reservoir,Ganga Basin,,CWC,30.43921006,78.45546181,2019-11-26,2019,11,830,2.615,2.279,821.81
Tehri Reservoir,Ganga Basin,,CWC,30.43921006,78.45546181,2019-11-27,2019,11,830,2.615,2.266,821.58
Tehri Reservoir,Ganga Basin,,CWC,30.43921006,78.45546181,2019-11-29,2019,11,830,2.615,2.254,821.19
Tehri Reservoir,Ganga Basin,,CWC,30.43921006,78.45546181,2019-11-05,2019,11,830,2.615,2.427,825.41
Tehri Reservoir,Ganga Basin,,CWC,30.43921006,78.45546181,2019-11-06,2019,11,830,2.615,2.419,825.29
Tehri Reservoir,Ganga Basin,,CWC,30.43921006,78.45546181,2019-11-09,2019,11,830,2.615,2.406,824.92
Tehri Reservoir,Ganga Basin,,CWC,30.43921006,78.45546181,2019-11-12,2019,11,830,2.615,2.386,824.45
Tehri Reservoir,Ganga Basin,,CWC,30.43921006,78.45546181,2019-11-13,2019,11,830,2.615,2.423,824.3
Tehri Reservoir,Ganga Basin,,CWC,30.43921006,78.45546181,2019-11-22,2019,11,830,2.615,2.311,822.64
Tehri Reservoir,Ganga Basin,,CWC,30.43921006,78.45546181,2019-11-30,2019,11,830,2.615,2.242,820.91
Tehri Reservoir,Ganga Basin,,CWC,30.43921006,78.45546181,2019-11-08,2019,11,830,2.615,2.411,825.03
Tehri Reservoir,Ganga Basin,,CWC,30.43921006,78.45546181,2019-11-15,2019,11,830,2.615,2.365,823.98
Tehri Reservoir,Ganga Basin,,CWC,30.43921006,78.45546181,2019-11-23,2019,11,830,2.615,2.303,822.44
Tehri Reservoir,Ganga Basin,,CWC,30.43921006,78.45546181,2019-11-28,2019,11,830,2.615,2.254,821.19
Tehri Reservoir,Ganga Basin,,CWC,30.43921006,78.45546181,2019-11-10,2019,11,830,2.615,2.398,824.76
Tehri Reservoir,Ganga Basin,,CWC,30.43921006,78.45546181,2019-11-11,2019,11,830,2.615,2.394,824.6
Tehri Reservoir,Ganga Basin,,CWC,30.43921006,78.45546181,2019-11-14,2019,11,830,2.615,2.373,824.14
Tehri Reservoir,Ganga Basin,,CWC,30.43921006,78.45546181,2019-11-16,2019,11,830,2.615,2.357,823.79
Tehri Reservoir,Ganga Basin,,CWC,30.43921006,78.45546181,2019-11-17,2019,11,830,2.615,2.353,823.61
Tehri Reservoir,Ganga Basin,,CWC,30.43921006,78.45546181,2019-11-18,2019,11,830,2.615,2.344,823.42
Tehri Reservoir,Ganga Basin,,CWC,30.43921006,78.45546181,2019-11-21,2019,11,830,2.615,2.32,822.82
Tehri Reservoir,Ganga Basin,,CWC,30.43921006,78.45546181,2019-11-25,2019,11,830,2.615,2.287,822.06
Tehri Reservoir,Ganga Basin,,CWC,30.43921006,78.45546181,2019-11-01,2019,11,830,2.615,2.448,825.9
Tehri Reservoir,Ganga Basin,,CWC,30.43921006,78.45546181,2019-11-02,2019,11,830,2.615,2.44,825.76
Tehri Reservoir,Ganga Basin,,CWC,30.43921006,78.45546181,2019-11-03,2019,11,830,2.615,2.435,825.66
Tehri Reservoir,Ganga Basin,,CWC,30.43921006,78.45546181,2019-11-04,2019,11,830,2.615,2.432,825.55
Tehri Reservoir,Ganga Basin,,CWC,30.43921006,78.45546181,2019-11-19,2019,11,830,2.615,2.336,823.23
Tehri Reservoir,Ganga Basin,,CWC,30.43921006,78.45546181,2019-12-01,2019,12,830,2.615,2.23,820.68
Tehri Reservoir,Ganga Basin,,CWC,30.43921006,78.45546181,2019-12-04,2019,12,830,2.615,2.21,820.11
Tehri Reservoir,Ganga Basin,,CWC,30.43921006,78.45546181,2019-12-15,2019,12,830,2.615,2.084,816.97
Tehri Reservoir,Ganga Basin,,CWC,30.43921006,78.45546181,2019-12-19,2019,12,830,2.615,,
Tehri Reservoir,Ganga Basin,,CWC,30.43921006,78.45546181,2019-12-21,2019,12,830,2.615,2.042,815.78
Tehri Reservoir,Ganga Basin,,CWC,30.43921006,78.45546181,2019-12-24,2019,12,830,2.615,2.008,814.95
Tehri Reservoir,Ganga Basin,,CWC,30.43921006,78.45546181,2019-12-27,2019,12,830,2.615,1.979,814.1
Tehri Reservoir,Ganga Basin,,CWC,30.43921006,78.45546181,2019-12-29,2019,12,830,2.615,,
Tehri Reservoir,Ganga Basin,,CWC,30.43921006,78.45546181,2019-12-05,2019,12,830,2.615,2.198,819.87
Tehri Reservoir,Ganga Basin,,CWC,30.43921006,78.45546181,2019-12-16,2019,12,830,2.615,2.077,816.76
Tehri Reservoir,Ganga Basin,,CWC,30.43921006,78.45546181,2019-12-20,2019,12,830,2.615,2.046,815.9
Tehri Reservoir,Ganga Basin,,CWC,30.43921006,78.45546181,2019-12-22,2019,12,830,2.615,2.031,815.52
Tehri Reservoir,Ganga Basin,,CWC,30.43921006,78.45546181,2019-12-23,2019,12,830,2.615,2.02,815.19
Tehri Reservoir,Ganga Basin,,CWC,30.43921006,78.45546181,2019-12-26,2019,12,830,2.615,1.99,814.45
Tehri Reservoir,Ganga Basin,,CWC,30.43921006,78.45546181,2019-12-03,2019,12,830,2.615,2.218,820.31
Tehri Reservoir,Ganga Basin,,CWC,30.43921006,78.45546181,2019-12-14,2019,12,830,2.615,2.092,817.1
Tehri Reservoir,Ganga Basin,,CWC,30.43921006,78.45546181,2019-12-18,2019,12,830,2.615,2.058,816.27
Tehri Reservoir,Ganga Basin,,CWC,30.43921006,78.45546181,2019-12-02,2019,12,830,2.615,2.222,820.46
Tehri Reservoir,Ganga Basin,,CWC,30.43921006,78.45546181,2019-12-11,2019,12,830,2.615,2.119,817.86
Tehri Reservoir,Ganga Basin,,CWC,30.43921006,78.45546181,2019-12-12,2019,12,830,2.615,2.111,817.69
Tehri Reservoir,Ganga Basin,,CWC,30.43921006,78.45546181,2019-12-17,2019,12,830,2.615,2.069,816.56
Tehri Reservoir,Ganga Basin,,CWC,30.43921006,78.45546181,2019-12-25,2019,12,830,2.615,2.001,814.73
Tehri Reservoir,Ganga Basin,,CWC,30.43921006,78.45546181,2019-12-28,2019,12,830,2.615,1.964,813.74
Tehri Reservoir,Ganga Basin,,CWC,30.43921006,78.45546181,2019-12-30,2019,12,830,2.615,1.964,813.74
Tehri Reservoir,Ganga Basin,,CWC,30.43921006,78.45546181,2019-12-31,2019,12,830,2.615,1.964,813.74
Tehri Reservoir,Ganga Basin,,CWC,30.43921006,78.45546181,2019-12-06,2019,12,830,2.615,2.186,819.55
Tehri Reservoir,Ganga Basin,,CWC,30.43921006,78.45546181,2019-12-07,2019,12,830,2.615,2.174,819.25
Tehri Reservoir,Ganga Basin,,CWC,30.43921006,78.45546181,2019-12-08,2019,12,830,2.615,2.162,818.97
Tehri Reservoir,Ganga Basin,,CWC,30.43921006,78.45546181,2019-12-09,2019,12,830,2.615,2.147,818.57
Tehri Reservoir,Ganga Basin,,CWC,30.43921006,78.45546181,2019-12-10,2019,12,830,2.615,2.135,818.24
Tehri Reservoir,Ganga Basin,,CWC,30.43921006,78.45546181,2019-12-13,2019,12,830,2.615,2.1,817.34
Tehri Reservoir,Ganga Basin,,CWC,30.43921006,78.45546181,2020-01-05,2020,1,830,2.615,1.869,811.12
Tehri Reservoir,Ganga Basin,,CWC,30.43921006,78.45546181,2020-01-11,2020,1,830,2.615,1.793,809.05
Tehri Reservoir,Ganga Basin,,CWC,30.43921006,78.45546181,2020-01-16,2020,1,830,2.615,1.744,807.64
Tehri Reservoir,Ganga Basin,,CWC,30.43921006,78.45546181,2020-01-17,2020,1,830,2.615,1.716,806.85
Tehri Reservoir,Ganga Basin,,CWC,30.43921006,78.45546181,2020-01-21,2020,1,830,2.615,1.667,805.44
Tehri Reservoir,Ganga Basin,,CWC,30.43921006,78.45546181,2020-01-26,2020,1,830,2.615,1.603,803.53
Tehri Reservoir,Ganga Basin,,CWC,30.43921006,78.45546181,2020-01-01,2020,1,830,2.615,1.916,812.47
Tehri Reservoir,Ganga Basin,,CWC,30.43921006,78.45546181,2020-01-08,2020,1,830,2.615,1.833,810.15
Tehri Reservoir,Ganga Basin,,CWC,30.43921006,78.45546181,2020-01-13,2020,1,830,2.615,1.772,808.4
Tehri Reservoir,Ganga Basin,,CWC,30.43921006,78.45546181,2020-01-14,2020,1,830,2.615,1.7487,808.0
Tehri Reservoir,Ganga Basin,,CWC,30.43921006,78.45546181,2020-01-19,2020,1,830,2.615,1.695,806.25
Tehri Reservoir,Ganga Basin,,CWC,30.43921006,78.45546181,2020-01-29,2020,1,830,2.615,1.56,802.2
Tehri Reservoir,Ganga Basin,,CWC,30.43921006,78.45546181,2020-01-30,2020,1,830,2.615,1.55,801.9
Tehri Reservoir,Ganga Basin,,CWC,30.43921006,78.45546181,2020-01-31,2020,1,830,2.615,1.533,801.4
Tehri Reservoir,Ganga Basin,,CWC,30.43921006,78.45546181,2020-01-02,2020,1,830,2.615,1.905,812.08
Tehri Reservoir,Ganga Basin,,CWC,30.43921006,78.45546181,2020-01-09,2020,1,830,2.615,1.822,809.8
Tehri Reservoir,Ganga Basin,,CWC,30.43921006,78.45546181,2020-01-20,2020,1,830,2.615,1.682,805.85
Tehri Reservoir,Ganga Basin,,CWC,30.43921006,78.45546181,2020-01-25,2020,1,830,2.615,1.617,803.92
Tehri Reservoir,Ganga Basin,,CWC,30.43921006,78.45546181,2020-01-06,2020,1,830,2.615,1.858,810.79
Tehri Reservoir,Ganga Basin,,CWC,30.43921006,78.45546181,2020-01-15,2020,1,830,2.615,1.748,807.76
Tehri Reservoir,Ganga Basin,,CWC,30.43921006,78.45546181,2020-01-18,2020,1,830,2.615,1.706,806.5
Tehri Reservoir,Ganga Basin,,CWC,30.43921006,78.45546181,2020-01-22,2020,1,830,2.615,1.654,805.05
Tehri Reservoir,Ganga Basin,,CWC,30.43921006,78.45546181,2020-01-24,2020,1,830,2.615,1.627,804.26
Tehri Reservoir,Ganga Basin,,CWC,30.43921006,78.45546181,2020-01-27,2020,1,830,2.615,1.593,803.18
Tehri Reservoir,Ganga Basin,,CWC,30.43921006,78.45546181,2020-01-28,2020,1,830,2.615,1.57,802.57
Tehri Reservoir,Ganga Basin,,CWC,30.43921006,78.45546181,2020-01-03,2020,1,830,2.615,1.89,811.78
Tehri Reservoir,Ganga Basin,,CWC,30.43921006,78.45546181,2020-01-04,2020,1,830,2.615,1.879,811.43
Tehri Reservoir,Ganga Basin,,CWC,30.43921006,78.45546181,2020-01-07,2020,1,830,2.615,1.84,810.37
Tehri Reservoir,Ganga Basin,,CWC,30.43921006,78.45546181,2020-01-10,2020,1,830,2.615,1.808,809.4
Tehri Reservoir,Ganga Basin,,CWC,30.43921006,78.45546181,2020-01-12,2020,1,830,2.615,1.783,808.77
Tehri Reservoir,Ganga Basin,,CWC,30.43921006,78.45546181,2020-01-23,2020,1,830,2.615,1.641,804.63
Tehri Reservoir,Ganga Basin,,CWC,30.43921006,78.45546181,2020-02-04,2020,2,830,2.615,1.471,799.52
Tehri Reservoir,Ganga Basin,,CWC,30.43921006,78.45546181,2020-02-11,2020,2,830,2.615,1.365,796.24
Tehri Reservoir,Ganga Basin,,CWC,30.43921006,78.45546181,2020-02-17,2020,2,830,2.615,1.272,793.26
Tehri Reservoir,Ganga Basin,,CWC,30.43921006,78.45546181,2020-02-01,2020,2,830,2.615,1.514,800.85
Tehri Reservoir,Ganga Basin,,CWC,30.43921006,78.45546181,2020-02-08,2020,2,830,2.615,1.413,797.77
Tehri Reservoir,Ganga Basin,,CWC,30.43921006,78.45546181,2020-02-14,2020,2,830,2.615,1.319,794.69
Tehri Reservoir,Ganga Basin,,CWC,30.43921006,78.45546181,2020-02-20,2020,2,830,2.615,1.233,791.9
Tehri Reservoir,Ganga Basin,,CWC,30.43921006,78.45546181,2020-02-23,2020,2,830,2.615,1.187,790.49
Tehri Reservoir,Ganga Basin,,CWC,30.43921006,78.45546181,2020-02-25,2020,2,830,2.615,1.158,789.46
Tehri Reservoir,Ganga Basin,,CWC,30.43921006,78.45546181,2020-02-27,2020,2,830,2.615,1.131,788.57
Tehri Reservoir,Ganga Basin,,CWC,30.43921006,78.45546181,2020-02-07,2020,2,830,2.615,1.426,798.17
Tehri Reservoir,Ganga Basin,,CWC,30.43921006,78.45546181,2020-02-10,2020,2,830,2.615,1.384,796.8
Tehri Reservoir,Ganga Basin,,CWC,30.43921006,78.45546181,2020-02-13,2020,2,830,2.615,1.334,795.25
Tehri Reservoir,Ganga Basin,,CWC,30.43921006,78.45546181,2020-02-26,2020,2,830,2.615,1.137,788.75
Tehri Reservoir,Ganga Basin,,CWC,30.43921006,78.45546181,2020-02-12,2020,2,830,2.615,1.353,795.78
Tehri Reservoir,Ganga Basin,,CWC,30.43921006,78.45546181,2020-02-18,2020,2,830,2.615,1.26,792.87
Tehri Reservoir,Ganga Basin,,CWC,30.43921006,78.45546181,2020-02-19,2020,2,830,2.615,1.245,792.37
Tehri Reservoir,Ganga Basin,,CWC,30.43921006,78.45546181,2020-02-21,2020,2,830,2.615,1.22,791.5
Tehri Reservoir,Ganga Basin,,CWC,30.43921006,78.45546181,2020-02-22,2020,2,830,2.615,1.202,790.98
Tehri Reservoir,Ganga Basin,,CWC,30.43921006,78.45546181,2020-02-24,2020,2,830,2.615,1.173,789.97
Tehri Reservoir,Ganga Basin,,CWC,30.43921006,78.45546181,2020-02-28,2020,2,830,2.615,1.117,788.04
Tehri Reservoir,Ganga Basin,,CWC,30.43921006,78.45546181,2020-02-02,2020,2,830,2.615,1.5,800.45
Tehri Reservoir,Ganga Basin,,CWC,30.43921006,78.45546181,2020-02-03,2020,2,830,2.615,1.487,800.0
Tehri Reservoir,Ganga Basin,,CWC,30.43921006,78.45546181,2020-02-05,2020,2,830,2.615,1.458,799.15
Tehri Reservoir,Ganga Basin,,CWC,30.43921006,78.45546181,2020-02-06,2020,2,830,2.615,1.439,798.58
Tehri Reservoir,Ganga Basin,,CWC,30.43921006,78.45546181,2020-02-09,2020,2,830,2.615,1.397,797.29
Tehri Reservoir,Ganga Basin,,CWC,30.43921006,78.45546181,2020-02-15,2020,2,830,2.615,1.3,794.16
Tehri Reservoir,Ganga Basin,,CWC,30.43921006,78.45546181,2020-02-16,2020,2,830,2.615,1.288,793.74
Tehri Reservoir,Ganga Basin,,CWC,30.43921006,78.45546181,2020-02-29,2020,2,830,2.615,1.099,787.53
Tehri Reservoir,Ganga Basin,,CWC,30.43921006,78.45546181,2020-03-10,2020,3,830,2.615,,
Tehri Reservoir,Ganga Basin,,CWC,30.43921006,78.45546181,2020-03-12,2020,3,830,2.615,0.916,780.97
Tehri Reservoir,Ganga Basin,,CWC,30.43921006,78.45546181,2020-03-19,2020,3,830,2.615,0.859,778.88
Tehri Reservoir,Ganga Basin,,CWC,30.43921006,78.45546181,2020-03-24,2020,3,830,2.615,0.809,776.9
Tehri Reservoir,Ganga Basin,,CWC,30.43921006,78.45546181,2020-03-26,2020,3,830,2.615,0.796,776.41
Tehri Reservoir,Ganga Basin,,CWC,30.43921006,78.45546181,2020-03-30,2020,3,830,2.615,0.775,775.58
Tehri Reservoir,Ganga Basin,,CWC,30.43921006,78.45546181,2020-03-31,2020,3,830,2.615,0.767,775.36
Tehri Reservoir,Ganga Basin,,CWC,30.43921006,78.45546181,2020-03-01,2020,3,830,2.615,1.082,786.79
Tehri Reservoir,Ganga Basin,,CWC,30.43921006,78.45546181,2020-03-03,2020,3,830,2.615,1.056,785.95
Tehri Reservoir,Ganga Basin,,CWC,30.43921006,78.45546181,2020-03-17,2020,3,830,2.615,0.881,779.68
Tehri Reservoir,Ganga Basin,,CWC,30.43921006,78.45546181,2020-03-20,2020,3,830,2.615,0.849,778.42
Tehri Reservoir,Ganga Basin,,CWC,30.43921006,78.45546181,2020-03-22,2020,3,830,2.615,,
Tehri Reservoir,Ganga Basin,,CWC,30.43921006,78.45546181,2020-03-25,2020,3,830,2.615,0.796,776.4
Tehri Reservoir,Ganga Basin,,CWC,30.43921006,78.45546181,2020-03-28,2020,3,830,2.615,0.775,775.62
Tehri Reservoir,Ganga Basin,,CWC,30.43921006,78.45546181,2020-03-09,2020,3,830,2.615,0.972,782.95
Tehri Reservoir,Ganga Basin,,CWC,30.43921006,78.45546181,2020-03-11,2020,3,830,2.615,0.947,782.02
Tehri Reservoir,Ganga Basin,,CWC,30.43921006,78.45546181,2020-03-13,2020,3,830,2.615,0.908,780.68
Tehri Reservoir,Ganga Basin,,CWC,30.43921006,78.45546181,2020-03-16,2020,3,830,2.615,0.897,780.25
Tehri Reservoir,Ganga Basin,,CWC,30.43921006,78.45546181,2020-03-23,2020,3,830,2.615,0.816,777.27
Tehri Reservoir,Ganga Basin,,CWC,30.43921006,78.45546181,2020-03-04,2020,3,830,2.615,1.042,785.46
Tehri Reservoir,Ganga Basin,,CWC,30.43921006,78.45546181,2020-03-07,2020,3,830,2.615,1.002,784.05
Tehri Reservoir,Ganga Basin,,CWC,30.43921006,78.45546181,2020-03-14,2020,3,830,2.615,,
Tehri Reservoir,Ganga Basin,,CWC,30.43921006,78.45546181,2020-03-18,2020,3,830,2.615,0.87,779.27
Tehri Reservoir,Ganga Basin,,CWC,30.43921006,78.45546181,2020-03-21,2020,3,830,2.615,0.835,777.98
Tehri Reservoir,Ganga Basin,,CWC,30.43921006,78.45546181,2020-03-27,2020,3,830,2.615,0.788,776.1
Tehri Reservoir,Ganga Basin,,CWC,30.43921006,78.45546181,2020-03-02,2020,3,830,2.615,1.073,786.5
Tehri Reservoir,Ganga Basin,,CWC,30.43921006,78.45546181,2020-03-05,2020,3,830,2.615,1.027,784.97
Tehri Reservoir,Ganga Basin,,CWC,30.43921006,78.45546181,2020-03-06,2020,3,830,2.615,1.016,784.5
Tehri Reservoir,Ganga Basin,,CWC,30.43921006,78.45546181,2020-03-08,2020,3,830,2.615,1.991,783.6
Tehri Reservoir,Ganga Basin,,CWC,30.43921006,78.45546181,2020-03-15,2020,3,830,2.615,0.9,780.32
Tehri Reservoir,Ganga Basin,,CWC,30.43921006,78.45546181,2020-03-29,2020,3,830,2.615,,
Tehri Reservoir,Ganga Basin,,CWC,30.43921006,78.45546181,2020-04-04,2020,4,830,2.615,0.744,774.48
Tehri Reservoir,Ganga Basin,,CWC,30.43921006,78.45546181,2020-04-12,2020,4,830,2.615,0.708,773.0
Tehri Reservoir,Ganga Basin,,CWC,30.43921006,78.45546181,2020-04-14,2020,4,830,2.615,0.698,772.59
Tehri Reservoir,Ganga Basin,,CWC,30.43921006,78.45546181,2020-04-16,2020,4,830,2.615,0.691,772.29
Tehri Reservoir,Ganga Basin,,CWC,30.43921006,78.45546181,2020-04-17,2020,4,830,2.615,0.686,772.1
Tehri Reservoir,Ganga Basin,,CWC,30.43921006,78.45546181,2020-04-20,2020,4,830,2.615,0.668,771.48
Tehri Reservoir,Ganga Basin,,CWC,30.43921006,78.45546181,2020-04-28,2020,4,830,2.615,0.619,769.44
Tehri Reservoir,Ganga Basin,,CWC,30.43921006,78.45546181,2020-04-01,2020,4,830,2.615,0.757,774.9
Tehri Reservoir,Ganga Basin,,CWC,30.43921006,78.45546181,2020-04-05,2020,4,830,2.615,0.742,774.35
Tehri Reservoir,Ganga Basin,,CWC,30.43921006,78.45546181,2020-04-06,2020,4,830,2.615,0.739,774.22
Tehri Reservoir,Ganga Basin,,CWC,30.43921006,78.45546181,2020-04-08,2020,4,830,2.615,0.729,773.85
Tehri Reservoir,Ganga Basin,,CWC,30.43921006,78.45546181,2020-04-09,2020,4,830,2.615,0.726,773.69
Tehri Reservoir,Ganga Basin,,CWC,30.43921006,78.45546181,2020-04-11,2020,4,830,2.615,0.716,773.29
Tehri Reservoir,Ganga Basin,,CWC,30.43921006,78.45546181,2020-04-23,2020,4,830,2.615,0.648,770.65
Tehri Reservoir,Ganga Basin,,CWC,30.43921006,78.45546181,2020-04-25,2020,4,830,2.615,0.638,770.24
Tehri Reservoir,Ganga Basin,,CWC,30.43921006,78.45546181,2020-04-13,2020,4,830,2.615,0.701,772.75
Tehri Reservoir,Ganga Basin,,CWC,30.43921006,78.45546181,2020-04-15,2020,4,830,2.615,0.693,772.45
Tehri Reservoir,Ganga Basin,,CWC,30.43921006,78.45546181,2020-04-18,2020,4,830,2.615,0.678,771.86
Tehri Reservoir,Ganga Basin,,CWC,30.43921006,78.45546181,2020-04-24,2020,4,830,2.615,0.643,770.39
Tehri Reservoir,Ganga Basin,,CWC,30.43921006,78.45546181,2020-04-26,2020,4,830,2.615,0.633,770.01
Tehri Reservoir,Ganga Basin,,CWC,30.43921006,78.45546181,2020-04-27,2020,4,830,2.615,0.626,769.72
Tehri Reservoir,Ganga Basin,,CWC,30.43921006,78.45546181,2020-04-29,2020,4,830,2.615,0.611,769.18
Tehri Reservoir,Ganga Basin,,CWC,30.43921006,78.45546181,2020-04-02,2020,4,830,2.615,0.754,774.79
Tehri Reservoir,Ganga Basin,,CWC,30.43921006,78.45546181,2020-04-03,2020,4,830,2.615,0.749,774.65
Tehri Reservoir,Ganga Basin,,CWC,30.43921006,78.45546181,2020-04-07,2020,4,830,2.615,0.734,774.03
Tehri Reservoir,Ganga Basin,,CWC,30.43921006,78.45546181,2020-04-10,2020,4,830,2.615,0.719,773.48
Tehri Reservoir,Ganga Basin,,CWC,30.43921006,78.45546181,2020-04-19,2020,4,830,2.615,0.676,771.7
Tehri Reservoir,Ganga Basin,,CWC,30.43921006,78.45546181,2020-04-21,2020,4,830,2.615,0.663,771.21
Tehri Reservoir,Ganga Basin,,CWC,30.43921006,78.45546181,2020-04-22,2020,4,830,2.615,0.656,770.95
Tehri Reservoir,Ganga Basin,,CWC,30.43921006,78.45546181,2020-04-30,2020,4,830,2.615,0.606,768.91
Tehri Reservoir,Ganga Basin,,CWC,30.43921006,78.45546181,2020-05-01,2020,5,830,2.615,0.602,768.71
Tehri Reservoir,Ganga Basin,,CWC,30.43921006,78.45546181,2020-05-06,2020,5,830,2.615,0.599,768.61
Tehri Reservoir,Ganga Basin,,CWC,30.43921006,78.45546181,2020-05-12,2020,5,830,2.615,0.575,767.64
Tehri Reservoir,Ganga Basin,,CWC,30.43921006,78.45546181,2020-05-28,2020,5,830,2.615,0.441,761.96
Tehri Reservoir,Ganga Basin,,CWC,30.43921006,78.45546181,2020-05-03,2020,5,830,2.615,0.594,786.47
Tehri Reservoir,Ganga Basin,,CWC,30.43921006,78.45546181,2020-05-10,2020,5,830,2.615,0.582,767.97
Tehri Reservoir,Ganga Basin,,CWC,30.43921006,78.45546181,2020-05-11,2020,5,830,2.615,0.582,767.94
Tehri Reservoir,Ganga Basin,,CWC,30.43921006,78.45546181,2020-05-18,2020,5,830,2.615,0.541,766.27
Tehri Reservoir,Ganga Basin,,CWC,30.43921006,78.45546181,2020-05-22,2020,5,830,2.615,0.508,764.87
Tehri Reservoir,Ganga Basin,,CWC,30.43921006,78.45546181,2020-05-25,2020,5,830,2.615,0.483,763.75
Tehri Reservoir,Ganga Basin,,CWC,30.43921006,78.45546181,2020-05-02,2020,5,830,2.615,0.594,768.48
Tehri Reservoir,Ganga Basin,,CWC,30.43921006,78.45546181,2020-05-05,2020,5,830,2.615,0.602,768.74
Tehri Reservoir,Ganga Basin,,CWC,30.43921006,78.45546181,2020-05-08,2020,5,830,2.615,0.592,768.31
Tehri Reservoir,Ganga Basin,,CWC,30.43921006,78.45546181,2020-05-20,2020,5,830,2.615,0.529,765.7
Tehri Reservoir,Ganga Basin,,CWC,30.43921006,78.45546181,2020-05-21,2020,5,830,2.615,0.518,765.23
Tehri Reservoir,Ganga Basin,,CWC,30.43921006,78.45546181,2020-05-23,2020,5,830,2.615,0.501,764.5
Tehri Reservoir,Ganga Basin,,CWC,30.43921006,78.45546181,2020-05-27,2020,5,830,2.615,0.457,762.64
Tehri Reservoir,Ganga Basin,,CWC,30.43921006,78.45546181,2020-05-30,2020,5,830,2.615,0.41,760.5
Tehri Reservoir,Ganga Basin,,CWC,30.43921006,78.45546181,2020-05-31,2020,5,830,2.615,0.389,759.66
Tehri Reservoir,Ganga Basin,,CWC,30.43921006,78.45546181,2020-05-15,2020,5,830,2.615,0.558,766.9
Tehri Reservoir,Ganga Basin,,CWC,30.43921006,78.45546181,2020-05-17,2020,5,830,2.615,0.546,766.45
Tehri Reservoir,Ganga Basin,,CWC,30.43921006,78.45546181,2020-05-24,2020,5,830,2.615,0.494,764.25
Tehri Reservoir,Ganga Basin,,CWC,30.43921006,78.45546181,2020-05-26,2020,5,830,2.615,0.471,763.26
Tehri Reservoir,Ganga Basin,,CWC,30.43921006,78.45546181,2020-05-29,2020,5,830,2.615,0.425,761.19
Tehri Reservoir,Ganga Basin,,CWC,30.43921006,78.45546181,2020-05-04,2020,5,830,2.615,0.597,768.5
Tehri Reservoir,Ganga Basin,,CWC,30.43921006,78.45546181,2020-05-07,2020,5,830,2.615,0.597,768.5
Tehri Reservoir,Ganga Basin,,CWC,30.43921006,78.45546181,2020-05-09,2020,5,830,2.615,0.585,768.05
Tehri Reservoir,Ganga Basin,,CWC,30.43921006,78.45546181,2020-05-13,2020,5,830,2.615,0.592,767.35
Tehri Reservoir,Ganga Basin,,CWC,30.43921006,78.45546181,2020-05-14,2020,5,830,2.615,0.56,767.08
Tehri Reservoir,Ganga Basin,,CWC,30.43921006,78.45546181,2020-05-16,2020,5,830,2.615,0.551,766.68
Tehri Reservoir,Ganga Basin,,CWC,30.43921006,78.45546181,2020-05-19,2020,5,830,2.615,0.537,766.03
Tehri Reservoir,Ganga Basin,,CWC,30.43921006,78.45546181,2020-06-01,2020,6,830,2.615,0.374,758.96
Tehri Reservoir,Ganga Basin,,CWC,30.43921006,78.45546181,2020-06-02,2020,6,830,2.615,0.363,758.43
Tehri Reservoir,Ganga Basin,,CWC,30.43921006,78.45546181,2020-06-05,2020,6,830,2.615,0.304,755.71
Tehri Reservoir,Ganga Basin,,CWC,30.43921006,78.45546181,2020-06-13,2020,6,830,2.615,0.161,748.83
Tehri Reservoir,Ganga Basin,,CWC,30.43921006,78.45546181,2020-06-17,2020,6,830,2.615,0.111,746.33
Tehri Reservoir,Ganga Basin,,CWC,30.43921006,78.45546181,2020-06-26,2020,6,830,2.615,0.099,745.76
Tehri Reservoir,Ganga Basin,,CWC,30.43921006,78.45546181,2020-06-03,2020,6,830,2.615,0.343,757.57
Tehri Reservoir,Ganga Basin,,CWC,30.43921006,78.45546181,2020-06-09,2020,6,830,2.615,0.216,751.56
Tehri Reservoir,Ganga Basin,,CWC,30.43921006,78.45546181,2020-06-11,2020,6,830,2.615,0.187,750.1
Tehri Reservoir,Ganga Basin,,CWC,30.43921006,78.45546181,2020-06-12,2020,6,830,2.615,0.175,749.55
Tehri Reservoir,Ganga Basin,,CWC,30.43921006,78.45546181,2020-06-20,2020,6,830,2.615,0.089,745.24
Tehri Reservoir,Ganga Basin,,CWC,30.43921006,78.45546181,2020-06-21,2020,6,830,2.615,0.084,744.93
Tehri Reservoir,Ganga Basin,,CWC,30.43921006,78.45546181,2020-06-22,2020,6,830,2.615,0.086,745.08
Tehri Reservoir,Ganga Basin,,CWC,30.43921006,78.45546181,2020-06-24,2020,6,830,2.615,0.078,744.63
Tehri Reservoir,Ganga Basin,,CWC,30.43921006,78.45546181,2020-06-06,2020,6,830,2.615,0.289,755.06
Tehri Reservoir,Ganga Basin,,CWC,30.43921006,78.45546181,2020-06-07,2020,6,830,2.615,0.274,754.37
Tehri Reservoir,Ganga Basin,,CWC,30.43921006,78.45546181,2020-06-08,2020,6,830,2.615,0.238,752.65
Tehri Reservoir,Ganga Basin,,CWC,30.43921006,78.45546181,2020-06-15,2020,6,830,2.615,0.123,747.92
Tehri Reservoir,Ganga Basin,,CWC,30.43921006,78.45546181,2020-06-27,2020,6,830,2.615,0.111,746.33
Tehri Reservoir,Ganga Basin,,CWC,30.43921006,78.45546181,2020-06-29,2020,6,830,2.615,0.169,749.22
Tehri Reservoir,Ganga Basin,,CWC,30.43921006,78.45546181,2020-06-10,2020,6,830,2.615,0.197,750.68
Tehri Reservoir,Ganga Basin,,CWC,30.43921006,78.45546181,2020-06-14,2020,6,830,2.615,0.155,748.51
Tehri Reservoir,Ganga Basin,,CWC,30.43921006,78.45546181,2020-06-18,2020,6,830,2.615,0.101,745.83
Tehri Reservoir,Ganga Basin,,CWC,30.43921006,78.45546181,2020-06-19,2020,6,830,2.615,0.093,745.42
Tehri Reservoir,Ganga Basin,,CWC,30.43921006,78.45546181,2020-06-25,2020,6,830,2.615,0.095,745.49
Tehri Reservoir,Ganga Basin,,CWC,30.43921006,78.45546181,2020-06-30,2020,6,830,2.615,0.191,750.32
Tehri Reservoir,Ganga Basin,,CWC,30.43921006,78.45546181,2020-06-04,2020,6,830,2.615,0.324,756.65
Tehri Reservoir,Ganga Basin,,CWC,30.43921006,78.45546181,2020-06-16,2020,6,830,2.615,0.127,747.12
Tehri Reservoir,Ganga Basin,,CWC,30.43921006,78.45546181,2020-06-23,2020,6,830,2.615,0.076,744.5
Tehri Reservoir,Ganga Basin,,CWC,30.43921006,78.45546181,2020-06-28,2020,6,830,2.615,0.135,747.52
Tehri Reservoir,Ganga Basin,,CWC,30.43921006,78.45546181,2020-07-05,2020,7,830,2.615,0.326,756.75
Tehri Reservoir,Ganga Basin,,CWC,30.43921006,78.45546181,2020-07-06,2020,7,830,2.615,0.367,758.59
Tehri Reservoir,Ganga Basin,,CWC,30.43921006,78.45546181,2020-07-11,2020,7,830,2.615,0.485,763.8
Tehri Reservoir,Ganga Basin,,CWC,30.43921006,78.45546181,2020-07-18,2020,7,830,2.615,0.663,771.25
Tehri Reservoir,Ganga Basin,,CWC,30.43921006,78.45546181,2020-07-19,2020,7,830,2.615,0.701,772.7
Tehri Reservoir,Ganga Basin,,CWC,30.43921006,78.45546181,2020-07-20,2020,7,830,2.615,0.731,773.92
Tehri Reservoir,Ganga Basin,,CWC,30.43921006,78.45546181,2020-07-28,2020,7,830,2.615,0.873,779.37
Tehri Reservoir,Ganga Basin,,CWC,30.43921006,78.45546181,2020-07-04,2020,7,830,2.615,0.291,755.1
Tehri Reservoir,Ganga Basin,,CWC,30.43921006,78.45546181,2020-07-14,2020,7,830,2.615,0.556,766.85
Tehri Reservoir,Ganga Basin,,CWC,30.43921006,78.45546181,2020-07-22,2020,7,830,2.615,0.775,775.65
Tehri Reservoir,Ganga Basin,,CWC,30.43921006,78.45546181,2020-07-27,2020,7,830,2.615,0.843,778.2
Tehri Reservoir,Ganga Basin,,CWC,30.43921006,78.45546181,2020-07-29,2020,7,830,2.615,0.905,780.5
Tehri Reservoir,Ganga Basin,,CWC,30.43921006,78.45546181,2020-07-02,2020,7,830,2.615,0.238,752.6
Tehri Reservoir,Ganga Basin,,CWC,30.43921006,78.45546181,2020-07-03,2020,7,830,2.615,0.262,753.73
Tehri Reservoir,Ganga Basin,,CWC,30.43921006,78.45546181,2020-07-07,2020,7,830,2.615,0.389,759.65
Tehri Reservoir,Ganga Basin,,CWC,30.43921006,78.45546181,2020-07-08,2020,7,830,2.615,0.414,760.75
Tehri Reservoir,Ganga Basin,,CWC,30.43921006,78.45546181,2020-07-13,2020,7,830,2.615,0.544,766.3
Tehri Reservoir,Ganga Basin,,CWC,30.43921006,78.45546181,2020-07-15,2020,7,830,2.615,0.575,767.68
Tehri Reservoir,Ganga Basin,,CWC,30.43921006,78.45546181,2020-07-17,2020,7,830,2.615,0.626,769.75
Tehri Reservoir,Ganga Basin,,CWC,30.43921006,78.45546181,2020-07-21,2020,7,830,2.615,0.757,774.95
Tehri Reservoir,Ganga Basin,,CWC,30.43921006,78.45546181,2020-07-26,2020,7,830,2.615,0.825,777.5
Tehri Reservoir,Ganga Basin,,CWC,30.43921006,78.45546181,2020-07-01,2020,7,830,2.615,0.211,751.37
Tehri Reservoir,Ganga Basin,,CWC,30.43921006,78.45546181,2020-07-09,2020,7,830,2.615,0.43,761.4
Tehri Reservoir,Ganga Basin,,CWC,30.43921006,78.45546181,2020-07-10,2020,7,830,2.615,0.455,762.53
Tehri Reservoir,Ganga Basin,,CWC,30.43921006,78.45546181,2020-07-16,2020,7,830,2.615,0.597,768.58
Tehri Reservoir,Ganga Basin,,CWC,30.43921006,78.45546181,2020-07-24,2020,7,830,2.615,0.799,776.55
Tehri Reservoir,Ganga Basin,,CWC,30.43921006,78.45546181,2020-07-25,2020,7,830,2.615,0.809,776.95
Tehri Reservoir,Ganga Basin,,CWC,30.43921006,78.45546181,2020-07-31,2020,7,830,2.615,0.982,783.3
Tehri Reservoir,Ganga Basin,,CWC,30.43921006,78.45546181,2020-07-12,2020,7,830,2.615,0.513,765.0
Tehri Reservoir,Ganga Basin,,CWC,30.43921006,78.45546181,2020-07-23,2020,7,830,2.615,0.788,776.15
Tehri Reservoir,Ganga Basin,,CWC,30.43921006,78.45546181,2020-07-30,2020,7,830,2.615,0.935,781.65
Tehri Reservoir,Ganga Basin,,CWC,30.43921006,78.45546181,2020-08-02,2020,8,830,2.615,1.102,787.55
Tehri Reservoir,Ganga Basin,,CWC,30.43921006,78.45546181,2020-08-05,2020,8,830,2.615,1.22,791.5
Tehri Reservoir,Ganga Basin,,CWC,30.43921006,78.45546181,2020-08-08,2020,8,830,2.615,1.306,794.3
Tehri Reservoir,Ganga Basin,,CWC,30.43921006,78.45546181,2020-08-11,2020,8,830,2.615,1.41,797.65
Tehri Reservoir,Ganga Basin,,CWC,30.43921006,78.45546181,2020-08-27,2020,8,830,2.615,2.127,818.05
Tehri Reservoir,Ganga Basin,,CWC,30.43921006,78.45546181,2020-08-28,2020,8,830,2.615,2.17,819.1
Tehri Reservoir,Ganga Basin,,CWC,30.43921006,78.45546181,2020-08-06,2020,8,830,2.615,1.248,792.45
Tehri Reservoir,Ganga Basin,,CWC,30.43921006,78.45546181,2020-08-17,2020,8,830,2.615,1.658,805.15
Tehri Reservoir,Ganga Basin,,CWC,30.43921006,78.45546181,2020-08-18,2020,8,830,2.615,1.706,806.5
Tehri Reservoir,Ganga Basin,,CWC,30.43921006,78.45546181,2020-08-19,2020,8,830,2.615,1.755,807.9
Tehri Reservoir,Ganga Basin,,CWC,30.43921006,78.45546181,2020-08-20,2020,8,830,2.615,1.822,809.85
Tehri Reservoir,Ganga Basin,,CWC,30.43921006,78.45546181,2020-08-24,2020,8,830,2.615,1.986,814.3
Tehri Reservoir,Ganga Basin,,CWC,30.43921006,78.45546181,2020-08-26,2020,8,830,2.615,2.073,816.6
Tehri Reservoir,Ganga Basin,,CWC,30.43921006,78.45546181,2020-08-29,2020,8,830,2.615,2.214,820.2
Tehri Reservoir,Ganga Basin,,CWC,30.43921006,78.45546181,2020-08-30,2020,8,830,2.615,2.246,821.0
Tehri Reservoir,Ganga Basin,,CWC,30.43921006,78.45546181,2020-08-07,2020,8,830,2.615,1.278,793.4
Tehri Reservoir,Ganga Basin,,CWC,30.43921006,78.45546181,2020-08-12,2020,8,830,2.615,1.448,798.85
Tehri Reservoir,Ganga Basin,,CWC,30.43921006,78.45546181,2020-08-15,2020,8,830,2.615,1.57,802.5
Tehri Reservoir,Ganga Basin,,CWC,30.43921006,78.45546181,2020-08-16,2020,8,830,2.615,1.607,803.6
Tehri Reservoir,Ganga Basin,,CWC,30.43921006,78.45546181,2020-08-22,2020,8,830,2.615,1.92,812.55
Tehri Reservoir,Ganga Basin,,CWC,30.43921006,78.45546181,2020-08-01,2020,8,830,2.615,1.036,785.2
Tehri Reservoir,Ganga Basin,,CWC,30.43921006,78.45546181,2020-08-03,2020,8,830,2.615,1.161,789.55
Tehri Reservoir,Ganga Basin,,CWC,30.43921006,78.45546181,2020-08-09,2020,8,830,2.615,1.334,795.2
Tehri Reservoir,Ganga Basin,,CWC,30.43921006,78.45546181,2020-08-10,2020,8,830,2.615,1.372,796.4
Tehri Reservoir,Ganga Basin,,CWC,30.43921006,78.45546181,2020-08-14,2020,8,830,2.615,1.533,801.45
Tehri Reservoir,Ganga Basin,,CWC,30.43921006,78.45546181,2020-08-23,2020,8,830,2.615,1.944,813.35
Tehri Reservoir,Ganga Basin,,CWC,30.43921006,78.45546181,2020-08-25,2020,8,830,2.615,2.02,815.25
Tehri Reservoir,Ganga Basin,,CWC,30.43921006,78.45546181,2020-08-31,2020,8,830,2.615,2.246,821.5
Tehri Reservoir,Ganga Basin,,CWC,30.43921006,78.45546181,2020-08-04,2020,8,830,2.615,1.193,790.6
Tehri Reservoir,Ganga Basin,,CWC,30.43921006,78.45546181,2020-08-13,2020,8,830,2.615,1.487,800.0
Tehri Reservoir,Ganga Basin,,CWC,30.43921006,78.45546181,2020-08-21,2020,8,830,2.615,1.879,811.4
Tehri Reservoir,Ganga Basin,,CWC,30.43921006,78.45546181,2020-09-01,2020,9,830,2.615,2.283,821.95
Tehri Reservoir,Ganga Basin,,CWC,30.43921006,78.45546181,2020-09-02,2020,9,830,2.615,2.303,822.45
Tehri Reservoir,Ganga Basin,,CWC,30.43921006,78.45546181,2020-09-04,2020,9,830,2.615,2.353,823.6
Tehri Reservoir,Ganga Basin,,CWC,30.43921006,78.45546181,2020-09-08,2020,9,830,2.615,2.419,825.25
Tehri Reservoir,Ganga Basin,,CWC,30.43921006,78.45546181,2020-09-12,2020,9,830,2.615,2.478,826.67
Tehri Reservoir,Ganga Basin,,CWC,30.43921006,78.45546181,2020-09-19,2020,9,830,2.615,2.52,827.66
Tehri Reservoir,Ganga Basin,,CWC,30.43921006,78.45546181,2020-09-03,2020,9,830,2.615,2.328,823.0
Tehri Reservoir,Ganga Basin,,CWC,30.43921006,78.45546181,2020-09-10,2020,9,830,2.615,2.448,825.92
Tehri Reservoir,Ganga Basin,,CWC,30.43921006,78.45546181,2020-09-15,2020,9,830,2.615,2.508,827.3
Tehri Reservoir,Ganga Basin,,CWC,30.43921006,78.45546181,2020-09-16,2020,9,830,2.615,2.508,827.36
Tehri Reservoir,Ganga Basin,,CWC,30.43921006,78.45546181,2020-09-17,2020,9,830,2.615,2.512,827.463
Tehri Reservoir,Ganga Basin,,CWC,30.43921006,78.45546181,2020-09-18,2020,9,830,2.615,2.516,827.54
Tehri Reservoir,Ganga Basin,,CWC,30.43921006,78.45546181,2020-09-23,2020,9,830,2.615,2.529,827.85
Tehri Reservoir,Ganga Basin,,CWC,30.43921006,78.45546181,2020-09-26,2020,9,830,2.615,2.525,827.76
Tehri Reservoir,Ganga Basin,,CWC,30.43921006,78.45546181,2020-09-30,2020,9,830,2.615,2.512,827.45
Tehri Reservoir,Ganga Basin,,CWC,30.43921006,78.45546181,2020-09-07,2020,9,830,2.615,2.406,824.9
Tehri Reservoir,Ganga Basin,,CWC,30.43921006,78.45546181,2020-09-09,2020,9,830,2.615,2.427,825.48
Tehri Reservoir,Ganga Basin,,CWC,30.43921006,78.45546181,2020-09-13,2020,9,830,2.615,2.491,826.97
Tehri Reservoir,Ganga Basin,,CWC,30.43921006,78.45546181,2020-09-22,2020,9,830,2.615,2.529,827.86
Tehri Reservoir,Ganga Basin,,CWC,30.43921006,78.45546181,2020-09-27,2020,9,830,2.615,2.52,827.67
Tehri Reservoir,Ganga Basin,,CWC,30.43921006,78.45546181,2020-09-29,2020,9,830,2.615,2.512,827.47
Tehri Reservoir,Ganga Basin,,CWC,30.43921006,78.45546181,2020-09-05,2020,9,830,2.615,2.373,824.1
Tehri Reservoir,Ganga Basin,,CWC,30.43921006,78.45546181,2020-09-06,2020,9,830,2.615,2.39,824.5
Tehri Reservoir,Ganga Basin,,CWC,30.43921006,78.45546181,2020-09-11,2020,9,830,2.615,2.465,826.35
Tehri Reservoir,Ganga Basin,,CWC,30.43921006,78.45546181,2020-09-14,2020,9,830,2.615,2.503,827.25
Tehri Reservoir,Ganga Basin,,CWC,30.43921006,78.45546181,2020-09-24,2020,9,830,2.615,2.529,827.85
Tehri Reservoir,Ganga Basin,,CWC,30.43921006,78.45546181,2020-09-28,2020,9,830,2.615,2.516,827.57
Tehri Reservoir,Ganga Basin,,CWC,30.43921006,78.45546181,2020-09-20,2020,9,830,2.615,2.525,827.79
Tehri Reservoir,Ganga Basin,,CWC,30.43921006,78.45546181,2020-09-21,2020,9,830,2.615,2.529,827.84
Tehri Reservoir,Ganga Basin,,CWC,30.43921006,78.45546181,2020-09-25,2020,9,830,2.615,2.529,827.81
Tehri Reservoir,Ganga Basin,,CWC,30.43921006,78.45546181,2020-10-01,2020,10,830,2.615,,
Tehri Reservoir,Ganga Basin,,CWC,30.43921006,78.45546181,2020-10-15,2020,10,830,2.615,2.535,827.83
Tehri Reservoir,Ganga Basin,,CWC,30.43921006,78.45546181,2020-10-19,2020,10,830,2.615,,
Tehri Reservoir,Ganga Basin,,CWC,30.43921006,78.45546181,2020-10-24,2020,10,830,2.615,,
Tehri Reservoir,Ganga Basin,,CWC,30.43921006,78.45546181,2020-10-26,2020,10,830,2.615,2.52,827.65
Tehri Reservoir,Ganga Basin,,CWC,30.43921006,78.45546181,2020-10-29,2020,10,830,2.615,,
Tehri Reservoir,Ganga Basin,,CWC,30.43921006,78.45546181,2020-10-31,2020,10,830,2.615,,
Tehri Reservoir,Ganga Basin,,CWC,30.43921006,78.45546181,2020-10-08,2020,10,830,2.615,,
Tehri Reservoir,Ganga Basin,,CWC,30.43921006,78.45546181,2020-10-11,2020,10,830,2.615,,
Tehri Reservoir,Ganga Basin,,CWC,30.43921006,78.45546181,2020-10-18,2020,10,830,2.615,,
Tehri Reservoir,Ganga Basin,,CWC,30.43921006,78.45546181,2020-10-21,2020,10,830,2.615,2.525,827.75
Tehri Reservoir,Ganga Basin,,CWC,30.43921006,78.45546181,2020-10-22,2020,10,830,2.615,2.525,827.75
Tehri Reservoir,Ganga Basin,,CWC,30.43921006,78.45546181,2020-10-25,2020,10,830,2.615,,
Tehri Reservoir,Ganga Basin,,CWC,30.43921006,78.45546181,2020-10-30,2020,10,830,2.615,,
Tehri Reservoir,Ganga Basin,,CWC,30.43921006,78.45546181,2020-10-06,2020,10,830,2.615,,
Tehri Reservoir,Ganga Basin,,CWC,30.43921006,78.45546181,2020-10-12,2020,10,830,2.615,,
Tehri Reservoir,Ganga Basin,,CWC,30.43921006,78.45546181,2020-10-05,2020,10,830,2.615,,
Tehri Reservoir,Ganga Basin,,CWC,30.43921006,78.45546181,2020-10-13,2020,10,830,2.615,,
Tehri Reservoir,Ganga Basin,,CWC,30.43921006,78.45546181,2020-10-16,2020,10,830,2.615,,
Tehri Reservoir,Ganga Basin,,CWC,30.43921006,78.45546181,2020-10-17,2020,10,830,2.615,,
Tehri Reservoir,Ganga Basin,,CWC,30.43921006,78.45546181,2020-10-27,2020,10,830,2.615,,
Tehri Reservoir,Ganga Basin,,CWC,30.43921006,78.45546181,2020-10-02,2020,10,830,2.615,2.516,827.51
Tehri Reservoir,Ganga Basin,,CWC,30.43921006,78.45546181,2020-10-03,2020,10,830,2.615,2.516,827.52
Tehri Reservoir,Ganga Basin,,CWC,30.43921006,78.45546181,2020-10-04,2020,10,830,2.615,2.516,827.52
Tehri Reservoir,Ganga Basin,,CWC,30.43921006,78.45546181,2020-10-07,2020,10,830,2.615,2.516,827.52
Tehri Reservoir,Ganga Basin,,CWC,30.43921006,78.45546181,2020-10-09,2020,10,830,2.615,,
Tehri Reservoir,Ganga Basin,,CWC,30.43921006,78.45546181,2020-10-10,2020,10,830,2.615,,
Tehri Reservoir,Ganga Basin,,CWC,30.43921006,78.45546181,2020-10-14,2020,10,830,2.615,2.535,827.83
Tehri Reservoir,Ganga Basin,,CWC,30.43921006,78.45546181,2020-10-20,2020,10,830,2.615,,
Tehri Reservoir,Ganga Basin,,CWC,30.43921006,78.45546181,2020-10-23,2020,10,830,2.615,,
Tehri Reservoir,Ganga Basin,,CWC,30.43921006,78.45546181,2020-10-28,2020,10,830,2.615,2.52,827.65
Tehri Reservoir,Ganga Basin,,CWC,30.43921006,78.45546181,2020-11-09,2020,11,830,2.615,,
Tehri Reservoir,Ganga Basin,,CWC,30.43921006,78.45546181,2020-11-11,2020,11,830,2.615,2.406,824.96
Tehri Reservoir,Ganga Basin,,CWC,30.43921006,78.45546181,2020-11-17,2020,11,830,2.615,,
Tehri Reservoir,Ganga Basin,,CWC,30.43921006,78.45546181,2020-11-20,2020,11,830,2.615,,
Tehri Reservoir,Ganga Basin,,CWC,30.43921006,78.45546181,2020-11-21,2020,11,830,2.615,,
Tehri Reservoir,Ganga Basin,,CWC,30.43921006,78.45546181,2020-11-26,2020,11,830,2.615,2.303,822.37
Tehri Reservoir,Ganga Basin,,CWC,30.43921006,78.45546181,2020-11-01,2020,11,830,2.615,,
Tehri Reservoir,Ganga Basin,,CWC,30.43921006,78.45546181,2020-11-05,2020,11,830,2.615,2.461,826.2
Tehri Reservoir,Ganga Basin,,CWC,30.43921006,78.45546181,2020-11-08,2020,11,830,2.615,,
Tehri Reservoir,Ganga Basin,,CWC,30.43921006,78.45546181,2020-11-10,2020,11,830,2.615,,
Tehri Reservoir,Ganga Basin,,CWC,30.43921006,78.45546181,2020-11-13,2020,11,830,2.615,,
Tehri Reservoir,Ganga Basin,,CWC,30.43921006,78.45546181,2020-11-14,2020,11,830,2.615,,
Tehri Reservoir,Ganga Basin,,CWC,30.43921006,78.45546181,2020-11-02,2020,11,830,2.615,,
Tehri Reservoir,Ganga Basin,,CWC,30.43921006,78.45546181,2020-11-04,2020,11,830,2.615,,
Tehri Reservoir,Ganga Basin,,CWC,30.43921006,78.45546181,2020-11-15,2020,11,830,2.615,,
Tehri Reservoir,Ganga Basin,,CWC,30.43921006,78.45546181,2020-11-23,2020,11,830,2.615,,
Tehri Reservoir,Ganga Basin,,CWC,30.43921006,78.45546181,2020-11-25,2020,11,830,2.615,2.303,822.37
Tehri Reservoir,Ganga Basin,,CWC,30.43921006,78.45546181,2020-11-27,2020,11,830,2.615,,
Tehri Reservoir,Ganga Basin,,CWC,30.43921006,78.45546181,2020-11-03,2020,11,830,2.615,2.461,826.2
Tehri Reservoir,Ganga Basin,,CWC,30.43921006,78.45546181,2020-11-06,2020,11,830,2.615,,
Tehri Reservoir,Ganga Basin,,CWC,30.43921006,78.45546181,2020-11-07,2020,11,830,2.615,,
Tehri Reservoir,Ganga Basin,,CWC,30.43921006,78.45546181,2020-11-12,2020,11,830,2.615,2.406,824.96
Tehri Reservoir,Ganga Basin,,CWC,30.43921006,78.45546181,2020-11-24,2020,11,830,2.615,,
Tehri Reservoir,Ganga Basin,,CWC,30.43921006,78.45546181,2020-11-16,2020,11,830,2.615,,
Tehri Reservoir,Ganga Basin,,CWC,30.43921006,78.45546181,2020-11-18,2020,11,830,2.615,2.389,823.7
Tehri Reservoir,Ganga Basin,,CWC,30.43921006,78.45546181,2020-11-19,2020,11,830,2.615,2.359,823.7
Tehri Reservoir,Ganga Basin,,CWC,30.43921006,78.45546181,2020-11-22,2020,11,830,2.615,,
Tehri Reservoir,Ganga Basin,,CWC,30.43921006,78.45546181,2020-11-28,2020,11,830,2.615,,
Tehri Reservoir,Ganga Basin,,CWC,30.43921006,78.45546181,2020-11-29,2020,11,830,2.615,,
Tehri Reservoir,Ganga Basin,,CWC,30.43921006,78.45546181,2020-11-30,2020,11,830,2.615,,
Tehri Reservoir,Ganga Basin,,CWC,30.43921006,78.45546181,2020-12-09,2020,12,830,2.615,2.143,818.37
Tehri Reservoir,Ganga Basin,,CWC,30.43921006,78.45546181,2020-12-20,2020,12,830,2.615,,
Tehri Reservoir,Ganga Basin,,CWC,30.43921006,78.45546181,2020-12-22,2020,12,830,2.615,,
Tehri Reservoir,Ganga Basin,,CWC,30.43921006,78.45546181,2020-12-10,2020,12,830,2.615,2.143,818.37
Tehri Reservoir,Ganga Basin,,CWC,30.43921006,78.45546181,2020-12-14,2020,12,830,2.615,,
Tehri Reservoir,Ganga Basin,,CWC,30.43921006,78.45546181,2020-12-16,2020,12,830,2.615,2.031,815.45
Tehri Reservoir,Ganga Basin,,CWC,30.43921006,78.45546181,2020-12-17,2020,12,830,2.615,2.031,815.45
Tehri Reservoir,Ganga Basin,,CWC,30.43921006,78.45546181,2020-12-04,2020,12,830,2.615,,
Tehri Reservoir,Ganga Basin,,CWC,30.43921006,78.45546181,2020-12-07,2020,12,830,2.615,,
Tehri Reservoir,Ganga Basin,,CWC,30.43921006,78.45546181,2020-12-12,2020,12,830,2.615,,
Tehri Reservoir,Ganga Basin,,CWC,30.43921006,78.45546181,2020-12-13,2020,12,830,2.615,,
Tehri Reservoir,Ganga Basin,,CWC,30.43921006,78.45546181,2020-12-15,2020,12,830,2.615,,
Tehri Reservoir,Ganga Basin,,CWC,30.43921006,78.45546181,2020-12-18,2020,12,830,2.615,,
Tehri Reservoir,Ganga Basin,,CWC,30.43921006,78.45546181,2020-12-27,2020,12,830,2.615,,
Tehri Reservoir,Ganga Basin,,CWC,30.43921006,78.45546181,2020-12-01,2020,12,830,2.615,2.242,820.88
Tehri Reservoir,Ganga Basin,,CWC,30.43921006,78.45546181,2020-12-02,2020,12,830,2.615,2.242,820.88
Tehri Reservoir,Ganga Basin,,CWC,30.43921006,78.45546181,2020-12-05,2020,12,830,2.615,,
Tehri Reservoir,Ganga Basin,,CWC,30.43921006,78.45546181,2020-12-06,2020,12,830,2.615,,
Tehri Reservoir,Ganga Basin,,CWC,30.43921006,78.45546181,2020-12-11,2020,12,830,2.615,,
Tehri Reservoir,Ganga Basin,,CWC,30.43921006,78.45546181,2020-12-19,2020,12,830,2.615,,
Tehri Reservoir,Ganga Basin,,CWC,30.43921006,78.45546181,2020-12-21,2020,12,830,2.615,,
Tehri Reservoir,Ganga Basin,,CWC,30.43921006,78.45546181,2020-12-26,2020,12,830,2.615,,
Tehri Reservoir,Ganga Basin,,CWC,30.43921006,78.45546181,2020-12-03,2020,12,830,2.615,2.242,820.88
Tehri Reservoir,Ganga Basin,,CWC,30.43921006,78.45546181,2020-12-08,2020,12,830,2.615,,
Tehri Reservoir,Ganga Basin,,CWC,30.43921006,78.45546181,2020-12-23,2020,12,830,2.615,1.905,812.1
Tehri Reservoir,Ganga Basin,,CWC,30.43921006,78.45546181,2020-12-24,2020,12,830,2.615,1.905,812.1
Tehri Reservoir,Ganga Basin,,CWC,30.43921006,78.45546181,2020-12-25,2020,12,830,2.615,,
Tehri Reservoir,Ganga Basin,,CWC,30.43921006,78.45546181,2020-12-28,2020,12,830,2.615,,
Tehri Reservoir,Ganga Basin,,CWC,30.43921006,78.45546181,2020-12-29,2020,12,830,2.615,,
Tehri Reservoir,Ganga Basin,,CWC,30.43921006,78.45546181,2020-12-30,2020,12,830,2.615,1.787,808.75
Tehri Reservoir,Ganga Basin,,CWC,30.43921006,78.45546181,2020-12-31,2020,12,830,2.615,1.787,808.75
Tehri Reservoir,Ganga Basin,,CWC,30.43921006,78.45546181,2021-01-05,2021,1,830,2.615,,
Tehri Reservoir,Ganga Basin,,CWC,30.43921006,78.45546181,2021-01-11,2021,1,830,2.615,,
Tehri Reservoir,Ganga Basin,,CWC,30.43921006,78.45546181,2021-01-19,2021,1,830,2.615,,
Tehri Reservoir,Ganga Basin,,CWC,30.43921006,78.45546181,2021-01-30,2021,1,830,2.615,,
Tehri Reservoir,Ganga Basin,,CWC,30.43921006,78.45546181,2021-01-06,2021,1,830,2.615,1.675,805.6
Tehri Reservoir,Ganga Basin,,CWC,30.43921006,78.45546181,2021-01-08,2021,1,830,2.615,,
Tehri Reservoir,Ganga Basin,,CWC,30.43921006,78.45546181,2021-01-10,2021,1,830,2.615,,
Tehri Reservoir,Ganga Basin,,CWC,30.43921006,78.45546181,2021-01-12,2021,1,830,2.615,,
Tehri Reservoir,Ganga Basin,,CWC,30.43921006,78.45546181,2021-01-14,2021,1,830,2.615,1.585,802.95
Tehri Reservoir,Ganga Basin,,CWC,30.43921006,78.45546181,2021-01-16,2021,1,830,2.615,,
Tehri Reservoir,Ganga Basin,,CWC,30.43921006,78.45546181,2021-01-20,2021,1,830,2.615,1.5,800.4
Tehri Reservoir,Ganga Basin,,CWC,30.43921006,78.45546181,2021-01-23,2021,1,830,2.615,,
Tehri Reservoir,Ganga Basin,,CWC,30.43921006,78.45546181,2021-01-27,2021,1,830,2.615,1.398,797.22
Tehri Reservoir,Ganga Basin,,CWC,30.43921006,78.45546181,2021-01-31,2021,1,830,2.615,,
Tehri Reservoir,Ganga Basin,,CWC,30.43921006,78.45546181,2021-01-02,2021,1,830,2.615,,
Tehri Reservoir,Ganga Basin,,CWC,30.43921006,78.45546181,2021-01-03,2021,1,830,2.615,,
Tehri Reservoir,Ganga Basin,,CWC,30.43921006,78.45546181,2021-01-07,2021,1,830,2.615,1.675,805.6
Tehri Reservoir,Ganga Basin,,CWC,30.43921006,78.45546181,2021-01-22,2021,1,830,2.615,,
Tehri Reservoir,Ganga Basin,,CWC,30.43921006,78.45546181,2021-01-28,2021,1,830,2.615,1.398,797.22
Tehri Reservoir,Ganga Basin,,CWC,30.43921006,78.45546181,2021-01-13,2021,1,830,2.615,1.585,802.95
Tehri Reservoir,Ganga Basin,,CWC,30.43921006,78.45546181,2021-01-18,2021,1,830,2.615,,
Tehri Reservoir,Ganga Basin,,CWC,30.43921006,78.45546181,2021-01-24,2021,1,830,2.615,,
Tehri Reservoir,Ganga Basin,,CWC,30.43921006,78.45546181,2021-01-29,2021,1,830,2.615,,
Tehri Reservoir,Ganga Basin,,CWC,30.43921006,78.45546181,2021-01-01,2021,1,830,2.615,,
Tehri Reservoir,Ganga Basin,,CWC,30.43921006,78.45546181,2021-01-04,2021,1,830,2.615,,
Tehri Reservoir,Ganga Basin,,CWC,30.43921006,78.45546181,2021-01-09,2021,1,830,2.615,,
Tehri Reservoir,Ganga Basin,,CWC,30.43921006,78.45546181,2021-01-15,2021,1,830,2.615,,
Tehri Reservoir,Ganga Basin,,CWC,30.43921006,78.45546181,2021-01-17,2021,1,830,2.615,,
Tehri Reservoir,Ganga Basin,,CWC,30.43921006,78.45546181,2021-01-21,2021,1,830,2.615,1.5,800.4
Tehri Reservoir,Ganga Basin,,CWC,30.43921006,78.45546181,2021-01-25,2021,1,830,2.615,,
Tehri Reservoir,Ganga Basin,,CWC,30.43921006,78.45546181,2021-01-26,2021,1,830,2.615,,
Tehri Reservoir,Ganga Basin,,CWC,30.43921006,78.45546181,2021-02-02,2021,2,830,2.615,,
Tehri Reservoir,Ganga Basin,,CWC,30.43921006,78.45546181,2021-02-04,2021,2,830,2.615,1.283,793.55
Tehri Reservoir,Ganga Basin,,CWC,30.43921006,78.45546181,2021-02-18,2021,2,830,2.615,1.013,784.36
Tehri Reservoir,Ganga Basin,,CWC,30.43921006,78.45546181,2021-02-19,2021,2,830,2.615,,
Tehri Reservoir,Ganga Basin,,CWC,30.43921006,78.45546181,2021-02-25,2021,2,830,2.615,0.87,779.19
Tehri Reservoir,Ganga Basin,,CWC,30.43921006,78.45546181,2021-02-01,2021,2,830,2.615,,
Tehri Reservoir,Ganga Basin,,CWC,30.43921006,78.45546181,2021-02-07,2021,2,830,2.615,,
Tehri Reservoir,Ganga Basin,,CWC,30.43921006,78.45546181,2021-02-10,2021,2,830,2.615,1.157,789.36
Tehri Reservoir,Ganga Basin,,CWC,30.43921006,78.45546181,2021-02-12,2021,2,830,2.615,,
Tehri Reservoir,Ganga Basin,,CWC,30.43921006,78.45546181,2021-02-14,2021,2,830,2.615,,
Tehri Reservoir,Ganga Basin,,CWC,30.43921006,78.45546181,2021-02-15,2021,2,830,2.615,,
Tehri Reservoir,Ganga Basin,,CWC,30.43921006,78.45546181,2021-02-26,2021,2,830,2.615,,
Tehri Reservoir,Ganga Basin,,CWC,30.43921006,78.45546181,2021-02-27,2021,2,830,2.615,,
Tehri Reservoir,Ganga Basin,,CWC,30.43921006,78.45546181,2021-02-05,2021,2,830,2.615,,
Tehri Reservoir,Ganga Basin,,CWC,30.43921006,78.45546181,2021-02-08,2021,2,830,2.615,,
Tehri Reservoir,Ganga Basin,,CWC,30.43921006,78.45546181,2021-02-11,2021,2,830,2.615,1.1565,789.36
Tehri Reservoir,Ganga Basin,,CWC,30.43921006,78.45546181,2021-02-13,2021,2,830,2.615,,
Tehri Reservoir,Ganga Basin,,CWC,30.43921006,78.45546181,2021-02-20,2021,2,830,2.615,,
Tehri Reservoir,Ganga Basin,,CWC,30.43921006,78.45546181,2021-02-23,2021,2,830,2.615,,
Tehri Reservoir,Ganga Basin,,CWC,30.43921006,78.45546181,2021-02-28,2021,2,830,2.615,,
Tehri Reservoir,Ganga Basin,,CWC,30.43921006,78.45546181,2021-02-06,2021,2,830,2.615,,
Tehri Reservoir,Ganga Basin,,CWC,30.43921006,78.45546181,2021-02-17,2021,2,830,2.615,1.013,784.36
Tehri Reservoir,Ganga Basin,,CWC,30.43921006,78.45546181,2021-02-22,2021,2,830,2.615,,
Tehri Reservoir,Ganga Basin,,CWC,30.43921006,78.45546181,2021-02-03,2021,2,830,2.615,1.283,793.55
Tehri Reservoir,Ganga Basin,,CWC,30.43921006,78.45546181,2021-02-09,2021,2,830,2.615,,
Tehri Reservoir,Ganga Basin,,CWC,30.43921006,78.45546181,2021-02-16,2021,2,830,2.615,,
Tehri Reservoir,Ganga Basin,,CWC,30.43921006,78.45546181,2021-02-21,2021,2,830,2.615,,
Tehri Reservoir,Ganga Basin,,CWC,30.43921006,78.45546181,2021-02-24,2021,2,830,2.615,0.87,779.19
Tehri Reservoir,Ganga Basin,,CWC,30.43921006,78.45546181,2021-03-08,2021,3,830,2.615,,
Tehri Reservoir,Ganga Basin,,CWC,30.43921006,78.45546181,2021-03-09,2021,3,830,2.615,,
Tehri Reservoir,Ganga Basin,,CWC,30.43921006,78.45546181,2021-03-17,2021,3,830,2.615,,
Tehri Reservoir,Ganga Basin,,CWC,30.43921006,78.45546181,2021-03-28,2021,3,830,2.615,,
Tehri Reservoir,Ganga Basin,,CWC,30.43921006,78.45546181,2021-03-03,2021,3,830,2.615,,
Tehri Reservoir,Ganga Basin,,CWC,30.43921006,78.45546181,2021-03-18,2021,3,830,2.615,0.492,764.15
Tehri Reservoir,Ganga Basin,,CWC,30.43921006,78.45546181,2021-03-20,2021,3,830,2.615,,
Tehri Reservoir,Ganga Basin,,CWC,30.43921006,78.45546181,2021-03-02,2021,3,830,2.615,,
Tehri Reservoir,Ganga Basin,,CWC,30.43921006,78.45546181,2021-03-01,2021,3,830,2.615,,
Tehri Reservoir,Ganga Basin,,CWC,30.43921006,78.45546181,2021-03-04,2021,3,830,2.615,0.739,774.2
Tehri Reservoir,Ganga Basin,,CWC,30.43921006,78.45546181,2021-03-05,2021,3,830,2.615,,
Tehri Reservoir,Ganga Basin,,CWC,30.43921006,78.45546181,2021-03-06,2021,3,830,2.615,,
Tehri Reservoir,Ganga Basin,,CWC,30.43921006,78.45546181,2021-03-10,2021,3,830,2.615,,
Tehri Reservoir,Ganga Basin,,CWC,30.43921006,78.45546181,2021-03-11,2021,3,830,2.615,0.606,768.86
Tehri Reservoir,Ganga Basin,,CWC,30.43921006,78.45546181,2021-03-21,2021,3,830,2.615,,
Tehri Reservoir,Ganga Basin,,CWC,30.43921006,78.45546181,2021-03-22,2021,3,830,2.615,,
Tehri Reservoir,Ganga Basin,,CWC,30.43921006,78.45546181,2021-03-24,2021,3,830,2.615,,
Tehri Reservoir,Ganga Basin,,CWC,30.43921006,78.45546181,2021-03-25,2021,3,830,2.615,0.389,759.58
Tehri Reservoir,Ganga Basin,,CWC,30.43921006,78.45546181,2021-03-27,2021,3,830,2.615,,
Tehri Reservoir,Ganga Basin,,CWC,30.43921006,78.45546181,2021-03-30,2021,3,830,2.615,,
Tehri Reservoir,Ganga Basin,,CWC,30.43921006,78.45546181,2021-03-12,2021,3,830,2.615,,
Tehri Reservoir,Ganga Basin,,CWC,30.43921006,78.45546181,2021-03-14,2021,3,830,2.615,,
Tehri Reservoir,Ganga Basin,,CWC,30.43921006,78.45546181,2021-03-23,2021,3,830,2.615,,
Tehri Reservoir,Ganga Basin,,CWC,30.43921006,78.45546181,2021-03-26,2021,3,830,2.615,,
Tehri Reservoir,Ganga Basin,,CWC,30.43921006,78.45546181,2021-03-29,2021,3,830,2.615,,
Tehri Reservoir,Ganga Basin,,CWC,30.43921006,78.45546181,2021-03-31,2021,3,830,2.615,,
Tehri Reservoir,Ganga Basin,,CWC,30.43921006,78.45546181,2021-03-07,2021,3,830,2.615,,
Tehri Reservoir,Ganga Basin,,CWC,30.43921006,78.45546181,2021-03-13,2021,3,830,2.615,,
Tehri Reservoir,Ganga Basin,,CWC,30.43921006,78.45546181,2021-03-15,2021,3,830,2.615,,
Tehri Reservoir,Ganga Basin,,CWC,30.43921006,78.45546181,2021-03-16,2021,3,830,2.615,,
Tehri Reservoir,Ganga Basin,,CWC,30.43921006,78.45546181,2021-03-19,2021,3,830,2.615,,
Tehri Reservoir,Ganga Basin,,CWC,30.43921006,78.45546181,2021-04-02,2021,4,830,2.615,,
Tehri Reservoir,Ganga Basin,,CWC,30.43921006,78.45546181,2021-04-13,2021,4,830,2.615,,
Tehri Reservoir,Ganga Basin,,CWC,30.43921006,78.45546181,2021-04-14,2021,4,830,2.615,,
Tehri Reservoir,Ganga Basin,,CWC,30.43921006,78.45546181,2021-04-18,2021,4,830,2.615,,
Tehri Reservoir,Ganga Basin,,CWC,30.43921006,78.45546181,2021-04-19,2021,4,830,2.615,,
Tehri Reservoir,Ganga Basin,,CWC,30.43921006,78.45546181,2021-04-21,2021,4,830,2.615,,
Tehri Reservoir,Ganga Basin,,CWC,30.43921006,78.45546181,2021-04-22,2021,4,830,2.615,0.059,743.62
Tehri Reservoir,Ganga Basin,,CWC,30.43921006,78.45546181,2021-04-25,2021,4,830,2.615,,
Tehri Reservoir,Ganga Basin,,CWC,30.43921006,78.45546181,2021-04-29,2021,4,830,2.615,0.017,741.35
Tehri Reservoir,Ganga Basin,,CWC,30.43921006,78.45546181,2021-04-06,2021,4,830,2.615,,
Tehri Reservoir,Ganga Basin,,CWC,30.43921006,78.45546181,2021-04-07,2021,4,830,2.615,,
Tehri Reservoir,Ganga Basin,,CWC,30.43921006,78.45546181,2021-04-08,2021,4,830,2.615,0.255,753.4
Tehri Reservoir,Ganga Basin,,CWC,30.43921006,78.45546181,2021-04-10,2021,4,830,2.615,,
Tehri Reservoir,Ganga Basin,,CWC,30.43921006,78.45546181,2021-04-16,2021,4,830,2.615,,
Tehri Reservoir,Ganga Basin,,CWC,30.43921006,78.45546181,2021-04-17,2021,4,830,2.615,,
Tehri Reservoir,Ganga Basin,,CWC,30.43921006,78.45546181,2021-04-24,2021,4,830,2.615,,
Tehri Reservoir,Ganga Basin,,CWC,30.43921006,78.45546181,2021-04-26,2021,4,830,2.615,,
Tehri Reservoir,Ganga Basin,,CWC,30.43921006,78.45546181,2021-04-30,2021,4,830,2.615,,
Tehri Reservoir,Ganga Basin,,CWC,30.43921006,78.45546181,2021-04-11,2021,4,830,2.615,,
Tehri Reservoir,Ganga Basin,,CWC,30.43921006,78.45546181,2021-04-20,2021,4,830,2.615,,
Tehri Reservoir,Ganga Basin,,CWC,30.43921006,78.45546181,2021-04-23,2021,4,830,2.615,,
Tehri Reservoir,Ganga Basin,,CWC,30.43921006,78.45546181,2021-04-05,2021,4,830,2.615,,
Tehri Reservoir,Ganga Basin,,CWC,30.43921006,78.45546181,2021-04-15,2021,4,830,2.615,0.141,747.75
Tehri Reservoir,Ganga Basin,,CWC,30.43921006,78.45546181,2021-04-01,2021,4,830,2.615,0.321,756.48
Tehri Reservoir,Ganga Basin,,CWC,30.43921006,78.45546181,2021-04-03,2021,4,830,2.615,,
Tehri Reservoir,Ganga Basin,,CWC,30.43921006,78.45546181,2021-04-04,2021,4,830,2.615,,
Tehri Reservoir,Ganga Basin,,CWC,30.43921006,78.45546181,2021-04-09,2021,4,830,2.615,,
Tehri Reservoir,Ganga Basin,,CWC,30.43921006,78.45546181,2021-04-12,2021,4,830,2.615,,
Tehri Reservoir,Ganga Basin,,CWC,30.43921006,78.45546181,2021-04-27,2021,4,830,2.615,,
Tehri Reservoir,Ganga Basin,,CWC,30.43921006,78.45546181,2021-04-28,2021,4,830,2.615,,
Tehri Reservoir,Ganga Basin,,CWC,30.43921006,78.45546181,2021-05-07,2021,5,830,2.615,,
Tehri Reservoir,Ganga Basin,,CWC,30.43921006,78.45546181,2021-05-19,2021,5,830,2.615,,
Tehri Reservoir,Ganga Basin,,CWC,30.43921006,78.45546181,2021-05-23,2021,5,830,2.615,,
Tehri Reservoir,Ganga Basin,,CWC,30.43921006,78.45546181,2021-05-24,2021,5,830,2.615,,
Tehri Reservoir,Ganga Basin,,CWC,30.43921006,78.45546181,2021-05-31,2021,5,830,2.615,,
Tehri Reservoir,Ganga Basin,,CWC,30.43921006,78.45546181,2021-05-02,2021,5,830,2.615,,
Tehri Reservoir,Ganga Basin,,CWC,30.43921006,78.45546181,2021-05-04,2021,5,830,2.615,,
Tehri Reservoir,Ganga Basin,,CWC,30.43921006,78.45546181,2021-05-05,2021,5,830,2.615,,
Tehri Reservoir,Ganga Basin,,CWC,30.43921006,78.45546181,2021-05-06,2021,5,830,2.615,0.006,740.8
Tehri Reservoir,Ganga Basin,,CWC,30.43921006,78.45546181,2021-05-12,2021,5,830,2.615,,
Tehri Reservoir,Ganga Basin,,CWC,30.43921006,78.45546181,2021-05-18,2021,5,830,2.615,,
Tehri Reservoir,Ganga Basin,,CWC,30.43921006,78.45546181,2021-05-29,2021,5,830,2.615,,
Tehri Reservoir,Ganga Basin,,CWC,30.43921006,78.45546181,2021-05-11,2021,5,830,2.615,,
Tehri Reservoir,Ganga Basin,,CWC,30.43921006,78.45546181,2021-05-14,2021,5,830,2.615,,
Tehri Reservoir,Ganga Basin,,CWC,30.43921006,78.45546181,2021-05-17,2021,5,830,2.615,,
Tehri Reservoir,Ganga Basin,,CWC,30.43921006,78.45546181,2021-05-20,2021,5,830,2.615,0.007,740.85
Tehri Reservoir,Ganga Basin,,CWC,30.43921006,78.45546181,2021-05-26,2021,5,830,2.615,,
Tehri Reservoir,Ganga Basin,,CWC,30.43921006,78.45546181,2021-05-27,2021,5,830,2.615,0.061,743.75
Tehri Reservoir,Ganga Basin,,CWC,30.43921006,78.45546181,2021-05-30,2021,5,830,2.615,,
Tehri Reservoir,Ganga Basin,,CWC,30.43921006,78.45546181,2021-05-08,2021,5,830,2.615,,
Tehri Reservoir,Ganga Basin,,CWC,30.43921006,78.45546181,2021-05-16,2021,5,830,2.615,,
Tehri Reservoir,Ganga Basin,,CWC,30.43921006,78.45546181,2021-05-22,2021,5,830,2.615,,
Tehri Reservoir,Ganga Basin,,CWC,30.43921006,78.45546181,2021-05-25,2021,5,830,2.615,,
Tehri Reservoir,Ganga Basin,,CWC,30.43921006,78.45546181,2021-05-28,2021,5,830,2.615,,
Tehri Reservoir,Ganga Basin,,CWC,30.43921006,78.45546181,2021-05-01,2021,5,830,2.615,,
Tehri Reservoir,Ganga Basin,,CWC,30.43921006,78.45546181,2021-05-03,2021,5,830,2.615,,
Tehri Reservoir,Ganga Basin,,CWC,30.43921006,78.45546181,2021-05-09,2021,5,830,2.615,,
Tehri Reservoir,Ganga Basin,,CWC,30.43921006,78.45546181,2021-05-10,2021,5,830,2.615,,
Tehri Reservoir,Ganga Basin,,CWC,30.43921006,78.45546181,2021-05-13,2021,5,830,2.615,0.012,741.1
Tehri Reservoir,Ganga Basin,,CWC,30.43921006,78.45546181,2021-05-15,2021,5,830,2.615,,
Tehri Reservoir,Ganga Basin,,CWC,30.43921006,78.45546181,2021-05-21,2021,5,830,2.615,,
Tehri Reservoir,Ganga Basin,,CWC,30.43921006,78.45546181,2021-06-02,2021,6,830,2.615,,
Tehri Reservoir,Ganga Basin,,CWC,30.43921006,78.45546181,2021-06-16,2021,6,830,2.615,,
Tehri Reservoir,Ganga Basin,,CWC,30.43921006,78.45546181,2021-06-19,2021,6,830,2.615,,
Tehri Reservoir,Ganga Basin,,CWC,30.43921006,78.45546181,2021-06-24,2021,6,830,2.615,0.274,754.3
Tehri Reservoir,Ganga Basin,,CWC,30.43921006,78.45546181,2021-06-25,2021,6,830,2.615,,
Tehri Reservoir,Ganga Basin,,CWC,30.43921006,78.45546181,2021-06-27,2021,6,830,2.615,,
Tehri Reservoir,Ganga Basin,,CWC,30.43921006,78.45546181,2021-06-04,2021,6,830,2.615,,
Tehri Reservoir,Ganga Basin,,CWC,30.43921006,78.45546181,2021-06-06,2021,6,830,2.615,,
Tehri Reservoir,Ganga Basin,,CWC,30.43921006,78.45546181,2021-06-09,2021,6,830,2.615,,
Tehri Reservoir,Ganga Basin,,CWC,30.43921006,78.45546181,2021-06-11,2021,6,830,2.615,,
Tehri Reservoir,Ganga Basin,,CWC,30.43921006,78.45546181,2021-06-21,2021,6,830,2.615,,
Tehri Reservoir,Ganga Basin,,CWC,30.43921006,78.45546181,2021-06-26,2021,6,830,2.615,,
Tehri Reservoir,Ganga Basin,,CWC,30.43921006,78.45546181,2021-06-13,2021,6,830,2.615,,
Tehri Reservoir,Ganga Basin,,CWC,30.43921006,78.45546181,2021-06-15,2021,6,830,2.615,,
Tehri Reservoir,Ganga Basin,,CWC,30.43921006,78.45546181,2021-06-18,2021,6,830,2.615,,
Tehri Reservoir,Ganga Basin,,CWC,30.43921006,78.45546181,2021-06-22,2021,6,830,2.615,,
Tehri Reservoir,Ganga Basin,,CWC,30.43921006,78.45546181,2021-06-29,2021,6,830,2.615,,
Tehri Reservoir,Ganga Basin,,CWC,30.43921006,78.45546181,2021-06-01,2021,6,830,2.615,0.066,744.0
Tehri Reservoir,Ganga Basin,,CWC,30.43921006,78.45546181,2021-06-03,2021,6,830,2.615,0.051,743.2
Tehri Reservoir,Ganga Basin,,CWC,30.43921006,78.45546181,2021-06-05,2021,6,830,2.615,,
Tehri Reservoir,Ganga Basin,,CWC,30.43921006,78.45546181,2021-06-08,2021,6,830,2.615,,
Tehri Reservoir,Ganga Basin,,CWC,30.43921006,78.45546181,2021-06-14,2021,6,830,2.615,,
Tehri Reservoir,Ganga Basin,,CWC,30.43921006,78.45546181,2021-06-17,2021,6,830,2.615,0.103,745.9
Tehri Reservoir,Ganga Basin,,CWC,30.43921006,78.45546181,2021-06-07,2021,6,830,2.615,,
Tehri Reservoir,Ganga Basin,,CWC,30.43921006,78.45546181,2021-06-10,2021,6,830,2.615,0.052,743.25
Tehri Reservoir,Ganga Basin,,CWC,30.43921006,78.45546181,2021-06-12,2021,6,830,2.615,,
Tehri Reservoir,Ganga Basin,,CWC,30.43921006,78.45546181,2021-06-20,2021,6,830,2.615,,
Tehri Reservoir,Ganga Basin,,CWC,30.43921006,78.45546181,2021-06-23,2021,6,830,2.615,,
Tehri Reservoir,Ganga Basin,,CWC,30.43921006,78.45546181,2021-06-28,2021,6,830,2.615,,
Tehri Reservoir,Ganga Basin,,CWC,30.43921006,78.45546181,2021-06-30,2021,6,830,2.615,,
Tehri Reservoir,Ganga Basin,,CWC,30.43921006,78.45546181,2021-07-11,2021,7,830,2.615,,
Tehri Reservoir,Ganga Basin,,CWC,30.43921006,78.45546181,2021-07-12,2021,7,830,2.615,,
Tehri Reservoir,Ganga Basin,,CWC,30.43921006,78.45546181,2021-07-30,2021,7,830,2.615,,
Tehri Reservoir,Ganga Basin,,CWC,30.43921006,78.45546181,2021-07-06,2021,7,830,2.615,,
Tehri Reservoir,Ganga Basin,,CWC,30.43921006,78.45546181,2021-07-08,2021,7,830,2.615,0.366,760.55
Tehri Reservoir,Ganga Basin,,CWC,30.43921006,78.45546181,2021-07-10,2021,7,830,2.615,,
Tehri Reservoir,Ganga Basin,,CWC,30.43921006,78.45546181,2021-07-13,2021,7,830,2.615,,
Tehri Reservoir,Ganga Basin,,CWC,30.43921006,78.45546181,2021-07-24,2021,7,830,2.615,,
Tehri Reservoir,Ganga Basin,,CWC,30.43921006,78.45546181,2021-07-25,2021,7,830,2.615,,
Tehri Reservoir,Ganga Basin,,CWC,30.43921006,78.45546181,2021-07-31,2021,7,830,2.615,,
Tehri Reservoir,Ganga Basin,,CWC,30.43921006,78.45546181,2021-07-15,2021,7,830,2.615,0.62,769.5
Tehri Reservoir,Ganga Basin,,CWC,30.43921006,78.45546181,2021-07-19,2021,7,830,2.615,,
Tehri Reservoir,Ganga Basin,,CWC,30.43921006,78.45546181,2021-07-21,2021,7,830,2.615,,
Tehri Reservoir,Ganga Basin,,CWC,30.43921006,78.45546181,2021-07-23,2021,7,830,2.615,,
Tehri Reservoir,Ganga Basin,,CWC,30.43921006,78.45546181,2021-07-26,2021,7,830,2.615,,
Tehri Reservoir,Ganga Basin,,CWC,30.43921006,78.45546181,2021-07-29,2021,7,830,2.615,1.334,795.2
Tehri Reservoir,Ganga Basin,,CWC,30.43921006,78.45546181,2021-07-01,2021,7,830,2.615,0.33,756.95
Tehri Reservoir,Ganga Basin,,CWC,30.43921006,78.45546181,2021-07-02,2021,7,830,2.615,,
Tehri Reservoir,Ganga Basin,,CWC,30.43921006,78.45546181,2021-07-09,2021,7,830,2.615,,
Tehri Reservoir,Ganga Basin,,CWC,30.43921006,78.45546181,2021-07-14,2021,7,830,2.615,,
Tehri Reservoir,Ganga Basin,,CWC,30.43921006,78.45546181,2021-07-16,2021,7,830,2.615,,
Tehri Reservoir,Ganga Basin,,CWC,30.43921006,78.45546181,2021-07-18,2021,7,830,2.615,,
Tehri Reservoir,Ganga Basin,,CWC,30.43921006,78.45546181,2021-07-20,2021,7,830,2.615,,
Tehri Reservoir,Ganga Basin,,CWC,30.43921006,78.45546181,2021-07-22,2021,7,830,2.615,0.972,782.9
Tehri Reservoir,Ganga Basin,,CWC,30.43921006,78.45546181,2021-07-03,2021,7,830,2.615,,
Tehri Reservoir,Ganga Basin,,CWC,30.43921006,78.45546181,2021-07-04,2021,7,830,2.615,,
Tehri Reservoir,Ganga Basin,,CWC,30.43921006,78.45546181,2021-07-05,2021,7,830,2.615,,
Tehri Reservoir,Ganga Basin,,CWC,30.43921006,78.45546181,2021-07-07,2021,7,830,2.615,,
Tehri Reservoir,Ganga Basin,,CWC,30.43921006,78.45546181,2021-07-17,2021,7,830,2.615,,
Tehri Reservoir,Ganga Basin,,CWC,30.43921006,78.45546181,2021-07-27,2021,7,830,2.615,,
Tehri Reservoir,Ganga Basin,,CWC,30.43921006,78.45546181,2021-07-28,2021,7,830,2.615,,
Tehri Reservoir,Ganga Basin,,CWC,30.43921006,78.45546181,2021-08-01,2021,8,830,2.615,,
Tehri Reservoir,Ganga Basin,,CWC,30.43921006,78.45546181,2021-08-04,2021,8,830,2.615,,
Tehri Reservoir,Ganga Basin,,CWC,30.43921006,78.45546181,2021-08-08,2021,8,830,2.615,,
Tehri Reservoir,Ganga Basin,,CWC,30.43921006,78.45546181,2021-08-09,2021,8,830,2.615,,
Tehri Reservoir,Ganga Basin,,CWC,30.43921006,78.45546181,2021-08-19,2021,8,830,2.615,1.89,811.7
Tehri Reservoir,Ganga Basin,,CWC,30.43921006,78.45546181,2021-08-26,2021,8,830,2.615,2.083,816.95
Tehri Reservoir,Ganga Basin,,CWC,30.43921006,78.45546181,2021-08-29,2021,8,830,2.615,,
Tehri Reservoir,Ganga Basin,,CWC,30.43921006,78.45546181,2021-08-02,2021,8,830,2.615,,
Tehri Reservoir,Ganga Basin,,CWC,30.43921006,78.45546181,2021-08-07,2021,8,830,2.615,,
Tehri Reservoir,Ganga Basin,,CWC,30.43921006,78.45546181,2021-08-10,2021,8,830,2.615,,
Tehri Reservoir,Ganga Basin,,CWC,30.43921006,78.45546181,2021-08-11,2021,8,830,2.615,,
Tehri Reservoir,Ganga Basin,,CWC,30.43921006,78.45546181,2021-08-13,2021,8,830,2.615,,
Tehri Reservoir,Ganga Basin,,CWC,30.43921006,78.45546181,2021-08-15,2021,8,830,2.615,,
Tehri Reservoir,Ganga Basin,,CWC,30.43921006,78.45546181,2021-08-16,2021,8,830,2.615,,
Tehri Reservoir,Ganga Basin,,CWC,30.43921006,78.45546181,2021-08-30,2021,8,830,2.615,,
Tehri Reservoir,Ganga Basin,,CWC,30.43921006,78.45546181,2021-08-03,2021,8,830,2.615,,
Tehri Reservoir,Ganga Basin,,CWC,30.43921006,78.45546181,2021-08-17,2021,8,830,2.615,,
Tehri Reservoir,Ganga Basin,,CWC,30.43921006,78.45546181,2021-08-22,2021,8,830,2.615,,
Tehri Reservoir,Ganga Basin,,CWC,30.43921006,78.45546181,2021-08-24,2021,8,830,2.615,,
Tehri Reservoir,Ganga Basin,,CWC,30.43921006,78.45546181,2021-08-25,2021,8,830,2.615,,
Tehri Reservoir,Ganga Basin,,CWC,30.43921006,78.45546181,2021-08-27,2021,8,830,2.615,,
Tehri Reservoir,Ganga Basin,,CWC,30.43921006,78.45546181,2021-08-28,2021,8,830,2.615,,
Tehri Reservoir,Ganga Basin,,CWC,30.43921006,78.45546181,2021-08-12,2021,8,830,2.615,1.746,807.7
Tehri Reservoir,Ganga Basin,,CWC,30.43921006,78.45546181,2021-08-18,2021,8,830,2.615,,
Tehri Reservoir,Ganga Basin,,CWC,30.43921006,78.45546181,2021-08-20,2021,8,830,2.615,,
Tehri Reservoir,Ganga Basin,,CWC,30.43921006,78.45546181,2021-08-23,2021,8,830,2.615,,
Tehri Reservoir,Ganga Basin,,CWC,30.43921006,78.45546181,2021-08-05,2021,8,830,2.615,1.597,802.35
Tehri Reservoir,Ganga Basin,,CWC,30.43921006,78.45546181,2021-08-06,2021,8,830,2.615,,
Tehri Reservoir,Ganga Basin,,CWC,30.43921006,78.45546181,2021-08-14,2021,8,830,2.615,,
Tehri Reservoir,Ganga Basin,,CWC,30.43921006,78.45546181,2021-08-21,2021,8,830,2.615,,
Tehri Reservoir,Ganga Basin,,CWC,30.43921006,78.45546181,2021-08-31,2021,8,830,2.615,,
Tehri Reservoir,Ganga Basin,,CWC,30.43921006,78.45546181,2021-09-11,2021,9,830,2.615,,
Tehri Reservoir,Ganga Basin,,CWC,30.43921006,78.45546181,2021-09-19,2021,9,830,2.615,,
Tehri Reservoir,Ganga Basin,,CWC,30.43921006,78.45546181,2021-09-22,2021,9,830,2.615,,
Tehri Reservoir,Ganga Basin,,CWC,30.43921006,78.45546181,2021-09-23,2021,9,830,2.615,2.615,829.95
Tehri Reservoir,Ganga Basin,,CWC,30.43921006,78.45546181,2021-09-30,2021,9,830,2.615,2.613,829.95
Tehri Reservoir,Ganga Basin,,CWC,30.43921006,78.45546181,2021-09-01,2021,9,830,2.615,,
Tehri Reservoir,Ganga Basin,,CWC,30.43921006,78.45546181,2021-09-03,2021,9,830,2.615,,
Tehri Reservoir,Ganga Basin,,CWC,30.43921006,78.45546181,2021-09-09,2021,9,830,2.615,2.444,825.8
Tehri Reservoir,Ganga Basin,,CWC,30.43921006,78.45546181,2021-09-17,2021,9,830,2.615,,
Tehri Reservoir,Ganga Basin,,CWC,30.43921006,78.45546181,2021-09-24,2021,9,830,2.615,,
Tehri Reservoir,Ganga Basin,,CWC,30.43921006,78.45546181,2021-09-25,2021,9,830,2.615,,
Tehri Reservoir,Ganga Basin,,CWC,30.43921006,78.45546181,2021-09-02,2021,9,830,2.615,2.271,821.6
Tehri Reservoir,Ganga Basin,,CWC,30.43921006,78.45546181,2021-09-07,2021,9,830,2.615,,
Tehri Reservoir,Ganga Basin,,CWC,30.43921006,78.45546181,2021-09-08,2021,9,830,2.615,,
Tehri Reservoir,Ganga Basin,,CWC,30.43921006,78.45546181,2021-09-14,2021,9,830,2.615,,
Tehri Reservoir,Ganga Basin,,CWC,30.43921006,78.45546181,2021-09-15,2021,9,830,2.615,,
Tehri Reservoir,Ganga Basin,,CWC,30.43921006,78.45546181,2021-09-16,2021,9,830,2.615,2.576,828.9
Tehri Reservoir,Ganga Basin,,CWC,30.43921006,78.45546181,2021-09-28,2021,9,830,2.615,,
Tehri Reservoir,Ganga Basin,,CWC,30.43921006,78.45546181,2021-09-04,2021,9,830,2.615,,
Tehri Reservoir,Ganga Basin,,CWC,30.43921006,78.45546181,2021-09-06,2021,9,830,2.615,,
Tehri Reservoir,Ganga Basin,,CWC,30.43921006,78.45546181,2021-09-10,2021,9,830,2.615,,
Tehri Reservoir,Ganga Basin,,CWC,30.43921006,78.45546181,2021-09-13,2021,9,830,2.615,,
Tehri Reservoir,Ganga Basin,,CWC,30.43921006,78.45546181,2021-09-20,2021,9,830,2.615,,
Tehri Reservoir,Ganga Basin,,CWC,30.43921006,78.45546181,2021-09-21,2021,9,830,2.615,,
Tehri Reservoir,Ganga Basin,,CWC,30.43921006,78.45546181,2021-09-26,2021,9,830,2.615,,
Tehri Reservoir,Ganga Basin,,CWC,30.43921006,78.45546181,2021-09-05,2021,9,830,2.615,,
Tehri Reservoir,Ganga Basin,,CWC,30.43921006,78.45546181,2021-09-12,2021,9,830,2.615,,
Tehri Reservoir,Ganga Basin,,CWC,30.43921006,78.45546181,2021-09-18,2021,9,830,2.615,,
Tehri Reservoir,Ganga Basin,,CWC,30.43921006,78.45546181,2021-09-27,2021,9,830,2.615,,
Tehri Reservoir,Ganga Basin,,CWC,30.43921006,78.45546181,2021-09-29,2021,9,830,2.615,,
Tehri Reservoir,Ganga Basin,,CWC,30.43921006,78.45546181,2021-10-08,2021,10,830,2.615,,
Tehri Reservoir,Ganga Basin,,CWC,30.43921006,78.45546181,2021-10-15,2021,10,830,2.615,,
Tehri Reservoir,Ganga Basin,,CWC,30.43921006,78.45546181,2021-10-18,2021,10,830,2.615,,
Tehri Reservoir,Ganga Basin,,CWC,30.43921006,78.45546181,2021-10-21,2021,10,830,2.615,2.52,827.65
Tehri Reservoir,Ganga Basin,,CWC,30.43921006,78.45546181,2021-10-27,2021,10,830,2.615,,
Tehri Reservoir,Ganga Basin,,CWC,30.43921006,78.45546181,2021-10-30,2021,10,830,2.615,,
Tehri Reservoir,Ganga Basin,,CWC,30.43921006,78.45546181,2021-10-04,2021,10,830,2.615,,
Tehri Reservoir,Ganga Basin,,CWC,30.43921006,78.45546181,2021-10-05,2021,10,830,2.615,,
Tehri Reservoir,Ganga Basin,,CWC,30.43921006,78.45546181,2021-10-13,2021,10,830,2.615,,
Tehri Reservoir,Ganga Basin,,CWC,30.43921006,78.45546181,2021-10-16,2021,10,830,2.615,,
Tehri Reservoir,Ganga Basin,,CWC,30.43921006,78.45546181,2021-10-17,2021,10,830,2.615,,
Tehri Reservoir,Ganga Basin,,CWC,30.43921006,78.45546181,2021-10-20,2021,10,830,2.615,,
Tehri Reservoir,Ganga Basin,,CWC,30.43921006,78.45546181,2021-10-28,2021,10,830,2.615,2.388,824.45
Tehri Reservoir,Ganga Basin,,CWC,30.43921006,78.45546181,2021-10-31,2021,10,830,2.615,,
Tehri Reservoir,Ganga Basin,,CWC,30.43921006,78.45546181,2021-10-01,2021,10,830,2.615,,
Tehri Reservoir,Ganga Basin,,CWC,30.43921006,78.45546181,2021-10-12,2021,10,830,2.615,,
Tehri Reservoir,Ganga Basin,,CWC,30.43921006,78.45546181,2021-10-19,2021,10,830,2.615,,
Tehri Reservoir,Ganga Basin,,CWC,30.43921006,78.45546181,2021-10-23,2021,10,830,2.615,,
Tehri Reservoir,Ganga Basin,,CWC,30.43921006,78.45546181,2021-10-02,2021,10,830,2.615,,
Tehri Reservoir,Ganga Basin,,CWC,30.43921006,78.45546181,2021-10-10,2021,10,830,2.615,,
Tehri Reservoir,Ganga Basin,,CWC,30.43921006,78.45546181,2021-10-11,2021,10,830,2.615,,
Tehri Reservoir,Ganga Basin,,CWC,30.43921006,78.45546181,2021-10-29,2021,10,830,2.615,,
Tehri Reservoir,Ganga Basin,,CWC,30.43921006,78.45546181,2021-10-03,2021,10,830,2.615,,
Tehri Reservoir,Ganga Basin,,CWC,30.43921006,78.45546181,2021-10-06,2021,10,830,2.615,,
Tehri Reservoir,Ganga Basin,,CWC,30.43921006,78.45546181,2021-10-07,2021,10,830,2.615,2.611,829.7
Tehri Reservoir,Ganga Basin,,CWC,30.43921006,78.45546181,2021-10-09,2021,10,830,2.615,,
Tehri Reservoir,Ganga Basin,,CWC,30.43921006,78.45546181,2021-10-14,2021,10,830,2.615,2.578,828.95
Tehri Reservoir,Ganga Basin,,CWC,30.43921006,78.45546181,2021-10-22,2021,10,830,2.615,,
Tehri Reservoir,Ganga Basin,,CWC,30.43921006,78.45546181,2021-10-24,2021,10,830,2.615,,
Tehri Reservoir,Ganga Basin,,CWC,30.43921006,78.45546181,2021-10-25,2021,10,830,2.615,,
Tehri Reservoir,Ganga Basin,,CWC,30.43921006,78.45546181,2021-10-26,2021,10,830,2.615,,
Tehri Reservoir,Ganga Basin,,CWC,30.43921006,78.45546181,2021-11-10,2021,11,830,2.615,,
Tehri Reservoir,Ganga Basin,,CWC,30.43921006,78.45546181,2021-11-11,2021,11,830,2.615,2.297,822.25
Tehri Reservoir,Ganga Basin,,CWC,30.43921006,78.45546181,2021-11-13,2021,11,830,2.615,,
Tehri Reservoir,Ganga Basin,,CWC,30.43921006,78.45546181,2021-11-14,2021,11,830,2.615,,
Tehri Reservoir,Ganga Basin,,CWC,30.43921006,78.45546181,2021-11-15,2021,11,830,2.615,,
Tehri Reservoir,Ganga Basin,,CWC,30.43921006,78.45546181,2021-11-19,2021,11,830,2.615,,
Tehri Reservoir,Ganga Basin,,CWC,30.43921006,78.45546181,2021-11-21,2021,11,830,2.615,,
Tehri Reservoir,Ganga Basin,,CWC,30.43921006,78.45546181,2021-11-30,2021,11,830,2.615,,
Tehri Reservoir,Ganga Basin,,CWC,30.43921006,78.45546181,2021-11-01,2021,11,830,2.615,,
Tehri Reservoir,Ganga Basin,,CWC,30.43921006,78.45546181,2021-11-03,2021,11,830,2.615,2.315,822.65
Tehri Reservoir,Ganga Basin,,CWC,30.43921006,78.45546181,2021-11-04,2021,11,830,2.615,,
Tehri Reservoir,Ganga Basin,,CWC,30.43921006,78.45546181,2021-11-07,2021,11,830,2.615,,
Tehri Reservoir,Ganga Basin,,CWC,30.43921006,78.45546181,2021-11-08,2021,11,830,2.615,,
Tehri Reservoir,Ganga Basin,,CWC,30.43921006,78.45546181,2021-11-09,2021,11,830,2.615,,
Tehri Reservoir,Ganga Basin,,CWC,30.43921006,78.45546181,2021-11-16,2021,11,830,2.615,,
Tehri Reservoir,Ganga Basin,,CWC,30.43921006,78.45546181,2021-11-17,2021,11,830,2.615,,
Tehri Reservoir,Ganga Basin,,CWC,30.43921006,78.45546181,2021-11-23,2021,11,830,2.615,,
Tehri Reservoir,Ganga Basin,,CWC,30.43921006,78.45546181,2021-11-24,2021,11,830,2.615,,
Tehri Reservoir,Ganga Basin,,CWC,30.43921006,78.45546181,2021-11-02,2021,11,830,2.615,,
Tehri Reservoir,Ganga Basin,,CWC,30.43921006,78.45546181,2021-11-20,2021,11,830,2.615,,
Tehri Reservoir,Ganga Basin,,CWC,30.43921006,78.45546181,2021-11-25,2021,11,830,2.615,2.222,820.45
Tehri Reservoir,Ganga Basin,,CWC,30.43921006,78.45546181,2021-11-26,2021,11,830,2.615,,
Tehri Reservoir,Ganga Basin,,CWC,30.43921006,78.45546181,2021-11-12,2021,11,830,2.615,,
Tehri Reservoir,Ganga Basin,,CWC,30.43921006,78.45546181,2021-11-18,2021,11,830,2.615,2.271,821.6
Tehri Reservoir,Ganga Basin,,CWC,30.43921006,78.45546181,2021-11-27,2021,11,830,2.615,,
Tehri Reservoir,Ganga Basin,,CWC,30.43921006,78.45546181,2021-11-05,2021,11,830,2.615,,
Tehri Reservoir,Ganga Basin,,CWC,30.43921006,78.45546181,2021-11-06,2021,11,830,2.615,,
Tehri Reservoir,Ganga Basin,,CWC,30.43921006,78.45546181,2021-11-22,2021,11,830,2.615,,
Tehri Reservoir,Ganga Basin,,CWC,30.43921006,78.45546181,2021-11-28,2021,11,830,2.615,,
Tehri Reservoir,Ganga Basin,,CWC,30.43921006,78.45546181,2021-11-29,2021,11,830,2.615,,
Tehri Reservoir,Ganga Basin,,CWC,30.43921006,78.45546181,2021-12-04,2021,12,830,2.615,,
Tehri Reservoir,Ganga Basin,,CWC,30.43921006,78.45546181,2021-12-07,2021,12,830,2.615,,
Tehri Reservoir,Ganga Basin,,CWC,30.43921006,78.45546181,2021-12-08,2021,12,830,2.615,,
Tehri Reservoir,Ganga Basin,,CWC,30.43921006,78.45546181,2021-12-13,2021,12,830,2.615,,
Tehri Reservoir,Ganga Basin,,CWC,30.43921006,78.45546181,2021-12-14,2021,12,830,2.615,,
Tehri Reservoir,Ganga Basin,,CWC,30.43921006,78.45546181,2021-12-25,2021,12,830,2.615,,
Tehri Reservoir,Ganga Basin,,CWC,30.43921006,78.45546181,2021-12-28,2021,12,830,2.615,,
Tehri Reservoir,Ganga Basin,,CWC,30.43921006,78.45546181,2021-12-05,2021,12,830,2.615,,
Tehri Reservoir,Ganga Basin,,CWC,30.43921006,78.45546181,2021-12-06,2021,12,830,2.615,,
Tehri Reservoir,Ganga Basin,,CWC,30.43921006,78.45546181,2021-12-09,2021,12,830,2.615,2.09,817.05
Tehri Reservoir,Ganga Basin,,CWC,30.43921006,78.45546181,2021-12-11,2021,12,830,2.615,,
Tehri Reservoir,Ganga Basin,,CWC,30.43921006,78.45546181,2021-12-12,2021,12,830,2.615,,
Tehri Reservoir,Ganga Basin,,CWC,30.43921006,78.45546181,2021-12-23,2021,12,830,2.615,1.944,813.15
Tehri Reservoir,Ganga Basin,,CWC,30.43921006,78.45546181,2021-12-24,2021,12,830,2.615,,
Tehri Reservoir,Ganga Basin,,CWC,30.43921006,78.45546181,2021-12-03,2021,12,830,2.615,,
Tehri Reservoir,Ganga Basin,,CWC,30.43921006,78.45546181,2021-12-19,2021,12,830,2.615,,
Tehri Reservoir,Ganga Basin,,CWC,30.43921006,78.45546181,2021-12-20,2021,12,830,2.615,,
Tehri Reservoir,Ganga Basin,,CWC,30.43921006,78.45546181,2021-12-21,2021,12,830,2.615,,
Tehri Reservoir,Ganga Basin,,CWC,30.43921006,78.45546181,2021-12-31,2021,12,830,2.615,,
Tehri Reservoir,Ganga Basin,,CWC,30.43921006,78.45546181,2021-12-01,2021,12,830,2.615,,
Tehri Reservoir,Ganga Basin,,CWC,30.43921006,78.45546181,2021-12-02,2021,12,830,2.615,2.16,818.85
Tehri Reservoir,Ganga Basin,,CWC,30.43921006,78.45546181,2021-12-10,2021,12,830,2.615,,
Tehri Reservoir,Ganga Basin,,CWC,30.43921006,78.45546181,2021-12-15,2021,12,830,2.615,,
Tehri Reservoir,Ganga Basin,,CWC,30.43921006,78.45546181,2021-12-16,2021,12,830,2.615,2.02,815.2
Tehri Reservoir,Ganga Basin,,CWC,30.43921006,78.45546181,2021-12-18,2021,12,830,2.615,,
Tehri Reservoir,Ganga Basin,,CWC,30.43921006,78.45546181,2021-12-22,2021,12,830,2.615,,
Tehri Reservoir,Ganga Basin,,CWC,30.43921006,78.45546181,2021-12-27,2021,12,830,2.615,,
Tehri Reservoir,Ganga Basin,,CWC,30.43921006,78.45546181,2021-12-30,2021,12,830,2.615,1.892,810.75
Tehri Reservoir,Ganga Basin,,CWC,30.43921006,78.45546181,2021-12-17,2021,12,830,2.615,,
Tehri Reservoir,Ganga Basin,,CWC,30.43921006,78.45546181,2021-12-26,2021,12,830,2.615,,
Tehri Reservoir,Ganga Basin,,CWC,30.43921006,78.45546181,2021-12-29,2021,12,830,2.615,,
Tehri Reservoir,Ganga Basin,,CWC,30.43921006,78.45546181,2022-01-06,2022,1,830,2.615,1.716,807.8
Tehri Reservoir,Ganga Basin,,CWC,30.43921006,78.45546181,2022-01-07,2022,1,830,2.615,,
Tehri Reservoir,Ganga Basin,,CWC,30.43921006,78.45546181,2022-01-15,2022,1,830,2.615,,
Tehri Reservoir,Ganga Basin,,CWC,30.43921006,78.45546181,2022-01-19,2022,1,830,2.615,,
Tehri Reservoir,Ganga Basin,,CWC,30.43921006,78.45546181,2022-01-25,2022,1,830,2.615,,
Tehri Reservoir,Ganga Basin,,CWC,30.43921006,78.45546181,2022-01-26,2022,1,830,2.615,,
Tehri Reservoir,Ganga Basin,,CWC,30.43921006,78.45546181,2022-01-28,2022,1,830,2.615,,
Tehri Reservoir,Ganga Basin,,CWC,30.43921006,78.45546181,2022-01-04,2022,1,830,2.615,,
Tehri Reservoir,Ganga Basin,,CWC,30.43921006,78.45546181,2022-01-08,2022,1,830,2.615,,
Tehri Reservoir,Ganga Basin,,CWC,30.43921006,78.45546181,2022-01-14,2022,1,830,2.615,,
Tehri Reservoir,Ganga Basin,,CWC,30.43921006,78.45546181,2022-01-16,2022,1,830,2.615,,
Tehri Reservoir,Ganga Basin,,CWC,30.43921006,78.45546181,2022-01-17,2022,1,830,2.615,,
Tehri Reservoir,Ganga Basin,,CWC,30.43921006,78.45546181,2022-01-18,2022,1,830,2.615,,
Tehri Reservoir,Ganga Basin,,CWC,30.43921006,78.45546181,2022-01-29,2022,1,830,2.615,,
Tehri Reservoir,Ganga Basin,,CWC,30.43921006,78.45546181,2022-01-31,2022,1,830,2.615,,
Tehri Reservoir,Ganga Basin,,CWC,30.43921006,78.45546181,2022-01-01,2022,1,830,2.615,,
Tehri Reservoir,Ganga Basin,,CWC,30.43921006,78.45546181,2022-01-02,2022,1,830,2.615,,
Tehri Reservoir,Ganga Basin,,CWC,30.43921006,78.45546181,2022-01-03,2022,1,830,2.615,,
Tehri Reservoir,Ganga Basin,,CWC,30.43921006,78.45546181,2022-01-11,2022,1,830,2.615,,
Tehri Reservoir,Ganga Basin,,CWC,30.43921006,78.45546181,2022-01-20,2022,1,830,2.615,1.617,803.9
Tehri Reservoir,Ganga Basin,,CWC,30.43921006,78.45546181,2022-01-23,2022,1,830,2.615,,
Tehri Reservoir,Ganga Basin,,CWC,30.43921006,78.45546181,2022-01-24,2022,1,830,2.615,,
Tehri Reservoir,Ganga Basin,,CWC,30.43921006,78.45546181,2022-01-27,2022,1,830,2.615,1.552,801.95
Tehri Reservoir,Ganga Basin,,CWC,30.43921006,78.45546181,2022-01-30,2022,1,830,2.615,,
Tehri Reservoir,Ganga Basin,,CWC,30.43921006,78.45546181,2022-01-10,2022,1,830,2.615,,
Tehri Reservoir,Ganga Basin,,CWC,30.43921006,78.45546181,2022-01-12,2022,1,830,2.615,,
Tehri Reservoir,Ganga Basin,,CWC,30.43921006,78.45546181,2022-01-22,2022,1,830,2.615,,
Tehri Reservoir,Ganga Basin,,CWC,30.43921006,78.45546181,2022-01-05,2022,1,830,2.615,,
Tehri Reservoir,Ganga Basin,,CWC,30.43921006,78.45546181,2022-01-09,2022,1,830,2.615,,
Tehri Reservoir,Ganga Basin,,CWC,30.43921006,78.45546181,2022-01-13,2022,1,830,2.615,1.689,806.02
Tehri Reservoir,Ganga Basin,,CWC,30.43921006,78.45546181,2022-01-21,2022,1,830,2.615,,
Tehri Reservoir,Ganga Basin,,CWC,30.43921006,78.45546181,2022-02-13,2022,2,830,2.615,,
Tehri Reservoir,Ganga Basin,,CWC,30.43921006,78.45546181,2022-02-15,2022,2,830,2.615,,
Tehri Reservoir,Ganga Basin,,CWC,30.43921006,78.45546181,2022-02-02,2022,2,830,2.615,,
Tehri Reservoir,Ganga Basin,,CWC,30.43921006,78.45546181,2022-02-04,2022,2,830,2.615,,
Tehri Reservoir,Ganga Basin,,CWC,30.43921006,78.45546181,2022-02-09,2022,2,830,2.615,,
Tehri Reservoir,Ganga Basin,,CWC,30.43921006,78.45546181,2022-02-10,2022,2,830,2.615,1.407,797.5
Tehri Reservoir,Ganga Basin,,CWC,30.43921006,78.45546181,2022-02-12,2022,2,830,2.615,,
Tehri Reservoir,Ganga Basin,,CWC,30.43921006,78.45546181,2022-02-17,2022,2,830,2.615,1.3075,794.35
Tehri Reservoir,Ganga Basin,,CWC,30.43921006,78.45546181,2022-02-27,2022,2,830,2.615,,
Tehri Reservoir,Ganga Basin,,CWC,30.43921006,78.45546181,2022-02-28,2022,2,830,2.615,,
Tehri Reservoir,Ganga Basin,,CWC,30.43921006,78.45546181,2022-02-06,2022,2,830,2.615,,
Tehri Reservoir,Ganga Basin,,CWC,30.43921006,78.45546181,2022-02-11,2022,2,830,2.615,,
Tehri Reservoir,Ganga Basin,,CWC,30.43921006,78.45546181,2022-02-14,2022,2,830,2.615,,
Tehri Reservoir,Ganga Basin,,CWC,30.43921006,78.45546181,2022-02-16,2022,2,830,2.615,,
Tehri Reservoir,Ganga Basin,,CWC,30.43921006,78.45546181,2022-02-20,2022,2,830,2.615,,
Tehri Reservoir,Ganga Basin,,CWC,30.43921006,78.45546181,2022-02-21,2022,2,830,2.615,,
Tehri Reservoir,Ganga Basin,,CWC,30.43921006,78.45546181,2022-02-22,2022,2,830,2.615,,
Tehri Reservoir,Ganga Basin,,CWC,30.43921006,78.45546181,2022-02-23,2022,2,830,2.615,,
Tehri Reservoir,Ganga Basin,,CWC,30.43921006,78.45546181,2022-02-24,2022,2,830,2.615,1.19,790.5
Tehri Reservoir,Ganga Basin,,CWC,30.43921006,78.45546181,2022-02-01,2022,2,830,2.615,,
Tehri Reservoir,Ganga Basin,,CWC,30.43921006,78.45546181,2022-02-03,2022,2,830,2.615,1.478,799.7
Tehri Reservoir,Ganga Basin,,CWC,30.43921006,78.45546181,2022-02-18,2022,2,830,2.615,,
Tehri Reservoir,Ganga Basin,,CWC,30.43921006,78.45546181,2022-02-19,2022,2,830,2.615,,
Tehri Reservoir,Ganga Basin,,CWC,30.43921006,78.45546181,2022-02-25,2022,2,830,2.615,,
Tehri Reservoir,Ganga Basin,,CWC,30.43921006,78.45546181,2022-02-05,2022,2,830,2.615,,
Tehri Reservoir,Ganga Basin,,CWC,30.43921006,78.45546181,2022-02-07,2022,2,830,2.615,,
Tehri Reservoir,Ganga Basin,,CWC,30.43921006,78.45546181,2022-02-08,2022,2,830,2.615,,
Tehri Reservoir,Ganga Basin,,CWC,30.43921006,78.45546181,2022-02-26,2022,2,830,2.615,,
Tehri Reservoir,Ganga Basin,,CWC,30.43921006,78.45546181,2022-03-06,2022,3,830,2.615,,
Tehri Reservoir,Ganga Basin,,CWC,30.43921006,78.45546181,2022-03-08,2022,3,830,2.615,,
Tehri Reservoir,Ganga Basin,,CWC,30.43921006,78.45546181,2022-03-13,2022,3,830,2.615,,
Tehri Reservoir,Ganga Basin,,CWC,30.43921006,78.45546181,2022-03-15,2022,3,830,2.615,,
Tehri Reservoir,Ganga Basin,,CWC,30.43921006,78.45546181,2022-03-20,2022,3,830,2.615,,
Tehri Reservoir,Ganga Basin,,CWC,30.43921006,78.45546181,2022-03-21,2022,3,830,2.615,,
Tehri Reservoir,Ganga Basin,,CWC,30.43921006,78.45546181,2022-03-29,2022,3,830,2.615,,
Tehri Reservoir,Ganga Basin,,CWC,30.43921006,78.45546181,2022-03-31,2022,3,830,2.615,0.706,772.85
Tehri Reservoir,Ganga Basin,,CWC,30.43921006,78.45546181,2022-03-01,2022,3,830,2.615,,
Tehri Reservoir,Ganga Basin,,CWC,30.43921006,78.45546181,2022-03-03,2022,3,830,2.615,1.078,786.65
Tehri Reservoir,Ganga Basin,,CWC,30.43921006,78.45546181,2022-03-04,2022,3,830,2.615,,
Tehri Reservoir,Ganga Basin,,CWC,30.43921006,78.45546181,2022-03-05,2022,3,830,2.615,,
Tehri Reservoir,Ganga Basin,,CWC,30.43921006,78.45546181,2022-03-10,2022,3,830,2.615,0.963,782.6
Tehri Reservoir,Ganga Basin,,CWC,30.43921006,78.45546181,2022-03-11,2022,3,830,2.615,,
Tehri Reservoir,Ganga Basin,,CWC,30.43921006,78.45546181,2022-03-28,2022,3,830,2.615,,
Tehri Reservoir,Ganga Basin,,CWC,30.43921006,78.45546181,2022-03-30,2022,3,830,2.615,,
Tehri Reservoir,Ganga Basin,,CWC,30.43921006,78.45546181,2022-03-14,2022,3,830,2.615,,
Tehri Reservoir,Ganga Basin,,CWC,30.43921006,78.45546181,2022-03-18,2022,3,830,2.615,,
Tehri Reservoir,Ganga Basin,,CWC,30.43921006,78.45546181,2022-03-02,2022,3,830,2.615,,
Tehri Reservoir,Ganga Basin,,CWC,30.43921006,78.45546181,2022-03-07,2022,3,830,2.615,,
Tehri Reservoir,Ganga Basin,,CWC,30.43921006,78.45546181,2022-03-09,2022,3,830,2.615,,
Tehri Reservoir,Ganga Basin,,CWC,30.43921006,78.45546181,2022-03-12,2022,3,830,2.615,,
Tehri Reservoir,Ganga Basin,,CWC,30.43921006,78.45546181,2022-03-16,2022,3,830,2.615,,
Tehri Reservoir,Ganga Basin,,CWC,30.43921006,78.45546181,2022-03-22,2022,3,830,2.615,,
Tehri Reservoir,Ganga Basin,,CWC,30.43921006,78.45546181,2022-03-25,2022,3,830,2.615,,
Tehri Reservoir,Ganga Basin,,CWC,30.43921006,78.45546181,2022-03-17,2022,3,830,2.615,0.865,779.0
Tehri Reservoir,Ganga Basin,,CWC,30.43921006,78.45546181,2022-03-19,2022,3,830,2.615,,
Tehri Reservoir,Ganga Basin,,CWC,30.43921006,78.45546181,2022-03-23,2022,3,830,2.615,,
Tehri Reservoir,Ganga Basin,,CWC,30.43921006,78.45546181,2022-03-24,2022,3,830,2.615,0.777,775.7
Tehri Reservoir,Ganga Basin,,CWC,30.43921006,78.45546181,2022-03-26,2022,3,830,2.615,,
Tehri Reservoir,Ganga Basin,,CWC,30.43921006,78.45546181,2022-03-27,2022,3,830,2.615,,
Tehri Reservoir,Ganga Basin,,CWC,30.43921006,78.45546181,2022-04-07,2022,4,830,2.615,0.638,770.2
Tehri Reservoir,Ganga Basin,,CWC,30.43921006,78.45546181,2022-04-10,2022,4,830,2.615,,
Tehri Reservoir,Ganga Basin,,CWC,30.43921006,78.45546181,2022-04-21,2022,4,830,2.615,0.479,763.55
Tehri Reservoir,Ganga Basin,,CWC,30.43921006,78.45546181,2022-04-30,2022,4,830,2.615,,
Tehri Reservoir,Ganga Basin,,CWC,30.43921006,78.45546181,2022-04-09,2022,4,830,2.615,,
Tehri Reservoir,Ganga Basin,,CWC,30.43921006,78.45546181,2022-04-14,2022,4,830,2.615,,
Tehri Reservoir,Ganga Basin,,CWC,30.43921006,78.45546181,2022-04-16,2022,4,830,2.615,,
Tehri Reservoir,Ganga Basin,,CWC,30.43921006,78.45546181,2022-04-01,2022,4,830,2.615,,
Tehri Reservoir,Ganga Basin,,CWC,30.43921006,78.45546181,2022-04-03,2022,4,830,2.615,,
Tehri Reservoir,Ganga Basin,,CWC,30.43921006,78.45546181,2022-04-06,2022,4,830,2.615,,
Tehri Reservoir,Ganga Basin,,CWC,30.43921006,78.45546181,2022-04-11,2022,4,830,2.615,,
Tehri Reservoir,Ganga Basin,,CWC,30.43921006,78.45546181,2022-04-12,2022,4,830,2.615,,
Tehri Reservoir,Ganga Basin,,CWC,30.43921006,78.45546181,2022-04-13,2022,4,830,2.615,0.582,767.9
Tehri Reservoir,Ganga Basin,,CWC,30.43921006,78.45546181,2022-04-15,2022,4,830,2.615,,
Tehri Reservoir,Ganga Basin,,CWC,30.43921006,78.45546181,2022-04-18,2022,4,830,2.615,,
Tehri Reservoir,Ganga Basin,,CWC,30.43921006,78.45546181,2022-04-26,2022,4,830,2.615,,
Tehri Reservoir,Ganga Basin,,CWC,30.43921006,78.45546181,2022-04-28,2022,4,830,2.615,0.381,759.2
Tehri Reservoir,Ganga Basin,,CWC,30.43921006,78.45546181,2022-04-04,2022,4,830,2.615,,
Tehri Reservoir,Ganga Basin,,CWC,30.43921006,78.45546181,2022-04-05,2022,4,830,2.615,,
Tehri Reservoir,Ganga Basin,,CWC,30.43921006,78.45546181,2022-04-25,2022,4,830,2.615,,
Tehri Reservoir,Ganga Basin,,CWC,30.43921006,78.45546181,2022-04-02,2022,4,830,2.615,,
Tehri Reservoir,Ganga Basin,,CWC,30.43921006,78.45546181,2022-04-08,2022,4,830,2.615,,
Tehri Reservoir,Ganga Basin,,CWC,30.43921006,78.45546181,2022-04-17,2022,4,830,2.615,,
Tehri Reservoir,Ganga Basin,,CWC,30.43921006,78.45546181,2022-04-19,2022,4,830,2.615,,
Tehri Reservoir,Ganga Basin,,CWC,30.43921006,78.45546181,2022-04-20,2022,4,830,2.615,,
Tehri Reservoir,Ganga Basin,,CWC,30.43921006,78.45546181,2022-04-22,2022,4,830,2.615,,
Tehri Reservoir,Ganga Basin,,CWC,30.43921006,78.45546181,2022-04-23,2022,4,830,2.615,,
Tehri Reservoir,Ganga Basin,,CWC,30.43921006,78.45546181,2022-04-24,2022,4,830,2.615,,
Tehri Reservoir,Ganga Basin,,CWC,30.43921006,78.45546181,2022-04-27,2022,4,830,2.615,,
Tehri Reservoir,Ganga Basin,,CWC,30.43921006,78.45546181,2022-04-29,2022,4,830,2.615,,
Tehri Reservoir,Ganga Basin,,CWC,30.43921006,78.45546181,2022-05-03,2022,5,830,2.615,,
Tehri Reservoir,Ganga Basin,,CWC,30.43921006,78.45546181,2022-05-08,2022,5,830,2.615,,
Tehri Reservoir,Ganga Basin,,CWC,30.43921006,78.45546181,2022-05-09,2022,5,830,2.615,,
Tehri Reservoir,Ganga Basin,,CWC,30.43921006,78.45546181,2022-05-04,2022,5,830,2.615,,
Tehri Reservoir,Ganga Basin,,CWC,30.43921006,78.45546181,2022-05-14,2022,5,830,2.615,,
Tehri Reservoir,Ganga Basin,,CWC,30.43921006,78.45546181,2022-05-16,2022,5,830,2.615,,
Tehri Reservoir,Ganga Basin,,CWC,30.43921006,78.45546181,2022-05-23,2022,5,830,2.615,,
Tehri Reservoir,Ganga Basin,,CWC,30.43921006,78.45546181,2022-05-24,2022,5,830,2.615,,
Tehri Reservoir,Ganga Basin,,CWC,30.43921006,78.45546181,2022-05-29,2022,5,830,2.615,,
Tehri Reservoir,Ganga Basin,,CWC,30.43921006,78.45546181,2022-05-01,2022,5,830,2.615,,
Tehri Reservoir,Ganga Basin,,CWC,30.43921006,78.45546181,2022-05-05,2022,5,830,2.615,0.283,754.7
Tehri Reservoir,Ganga Basin,,CWC,30.43921006,78.45546181,2022-05-07,2022,5,830,2.615,,
Tehri Reservoir,Ganga Basin,,CWC,30.43921006,78.45546181,2022-05-10,2022,5,830,2.615,,
Tehri Reservoir,Ganga Basin,,CWC,30.43921006,78.45546181,2022-05-13,2022,5,830,2.615,,
Tehri Reservoir,Ganga Basin,,CWC,30.43921006,78.45546181,2022-05-15,2022,5,830,2.615,,
Tehri Reservoir,Ganga Basin,,CWC,30.43921006,78.45546181,2022-05-26,2022,5,830,2.615,0.072,744.3
Tehri Reservoir,Ganga Basin,,CWC,30.43921006,78.45546181,2022-05-27,2022,5,830,2.615,,
Tehri Reservoir,Ganga Basin,,CWC,30.43921006,78.45546181,2022-05-19,2022,5,830,2.615,0.197,750.6
Tehri Reservoir,Ganga Basin,,CWC,30.43921006,78.45546181,2022-05-21,2022,5,830,2.615,,
Tehri Reservoir,Ganga Basin,,CWC,30.43921006,78.45546181,2022-05-25,2022,5,830,2.615,,
Tehri Reservoir,Ganga Basin,,CWC,30.43921006,78.45546181,2022-05-28,2022,5,830,2.615,,
Tehri Reservoir,Ganga Basin,,CWC,30.43921006,78.45546181,2022-05-31,2022,5,830,2.615,,
Tehri Reservoir,Ganga Basin,,CWC,30.43921006,78.45546181,2022-05-02,2022,5,830,2.615,,
Tehri Reservoir,Ganga Basin,,CWC,30.43921006,78.45546181,2022-05-06,2022,5,830,2.615,,
Tehri Reservoir,Ganga Basin,,CWC,30.43921006,78.45546181,2022-05-11,2022,5,830,2.615,,
Tehri Reservoir,Ganga Basin,,CWC,30.43921006,78.45546181,2022-05-12,2022,5,830,2.615,0.203,750.9
Tehri Reservoir,Ganga Basin,,CWC,30.43921006,78.45546181,2022-05-17,2022,5,830,2.615,,
Tehri Reservoir,Ganga Basin,,CWC,30.43921006,78.45546181,2022-05-18,2022,5,830,2.615,,
Tehri Reservoir,Ganga Basin,,CWC,30.43921006,78.45546181,2022-05-20,2022,5,830,2.615,,
Tehri Reservoir,Ganga Basin,,CWC,30.43921006,78.45546181,2022-05-22,2022,5,830,2.615,,
Tehri Reservoir,Ganga Basin,,CWC,30.43921006,78.45546181,2022-05-30,2022,5,830,2.615,,
Tehri Reservoir,Ganga Basin,,CWC,30.43921006,78.45546181,2022-06-02,2022,6,830,2.615,0.032,742.2
Tehri Reservoir,Ganga Basin,,CWC,30.43921006,78.45546181,2022-06-06,2022,6,830,2.615,,
Tehri Reservoir,Ganga Basin,,CWC,30.43921006,78.45546181,2022-06-07,2022,6,830,2.615,,
Tehri Reservoir,Ganga Basin,,CWC,30.43921006,78.45546181,2022-06-16,2022,6,830,2.615,0.027,741.95
Tehri Reservoir,Ganga Basin,,CWC,30.43921006,78.45546181,2022-06-24,2022,6,830,2.615,,
Tehri Reservoir,Ganga Basin,,CWC,30.43921006,78.45546181,2022-06-30,2022,6,830,2.615,0.056,743.45
Tehri Reservoir,Ganga Basin,,CWC,30.43921006,78.45546181,2022-06-05,2022,6,830,2.615,,
Tehri Reservoir,Ganga Basin,,CWC,30.43921006,78.45546181,2022-06-12,2022,6,830,2.615,,
Tehri Reservoir,Ganga Basin,,CWC,30.43921006,78.45546181,2022-06-13,2022,6,830,2.615,,
Tehri Reservoir,Ganga Basin,,CWC,30.43921006,78.45546181,2022-06-21,2022,6,830,2.615,,
Tehri Reservoir,Ganga Basin,,CWC,30.43921006,78.45546181,2022-06-23,2022,6,830,2.615,0.0,740.4
Tehri Reservoir,Ganga Basin,,CWC,30.43921006,78.45546181,2022-06-26,2022,6,830,2.615,,
Tehri Reservoir,Ganga Basin,,CWC,30.43921006,78.45546181,2022-06-01,2022,6,830,2.615,,
Tehri Reservoir,Ganga Basin,,CWC,30.43921006,78.45546181,2022-06-03,2022,6,830,2.615,,
Tehri Reservoir,Ganga Basin,,CWC,30.43921006,78.45546181,2022-06-09,2022,6,830,2.615,0.052,743.25
Tehri Reservoir,Ganga Basin,,CWC,30.43921006,78.45546181,2022-06-18,2022,6,830,2.615,,
Tehri Reservoir,Ganga Basin,,CWC,30.43921006,78.45546181,2022-06-22,2022,6,830,2.615,,
Tehri Reservoir,Ganga Basin,,CWC,30.43921006,78.45546181,2022-06-27,2022,6,830,2.615,,
Tehri Reservoir,Ganga Basin,,CWC,,,2022-06-14,2022,6,830,2.615,,
Tehri Reservoir,Ganga Basin,,CWC,30.43921006,78.45546181,2022-06-17,2022,6,830,2.615,,
Tehri Reservoir,Ganga Basin,,CWC,30.43921006,78.45546181,2022-06-19,2022,6,830,2.615,,
Tehri Reservoir,Ganga Basin,,CWC,30.43921006,78.45546181,2022-06-20,2022,6,830,2.615,,
Tehri Reservoir,Ganga Basin,,CWC,30.43921006,78.45546181,2022-06-29,2022,6,830,2.615,,
Tehri Reservoir,Ganga Basin,,CWC,30.43921006,78.45546181,2022-06-04,2022,6,830,2.615,,
Tehri Reservoir,Ganga Basin,,CWC,30.43921006,78.45546181,2022-06-08,2022,6,830,2.615,,
Tehri Reservoir,Ganga Basin,,CWC,30.43921006,78.45546181,2022-06-10,2022,6,830,2.615,,
Tehri Reservoir,Ganga Basin,,CWC,30.43921006,78.45546181,2022-06-11,2022,6,830,2.615,,
Tehri Reservoir,Ganga Basin,,CWC,30.43921006,78.45546181,2022-06-15,2022,6,830,2.615,,
Tehri Reservoir,Ganga Basin,,CWC,30.43921006,78.45546181,2022-06-25,2022,6,830,2.615,,
Tehri Reservoir,Ganga Basin,,CWC,30.43921006,78.45546181,2022-06-28,2022,6,830,2.615,,
Tehri Reservoir,Ganga Basin,,CWC,30.43921006,78.45546181,2022-07-02,2022,7,830,2.615,,
Tehri Reservoir,Ganga Basin,,CWC,30.43921006,78.45546181,2022-07-03,2022,7,830,2.615,,
Tehri Reservoir,Ganga Basin,,CWC,30.43921006,78.45546181,2022-07-04,2022,7,830,2.615,,
Tehri Reservoir,Ganga Basin,,CWC,30.43921006,78.45546181,2022-07-14,2022,7,830,2.615,0.644,770.45
Tehri Reservoir,Ganga Basin,,CWC,30.43921006,78.45546181,2022-07-20,2022,7,830,2.615,,
Tehri Reservoir,Ganga Basin,,CWC,30.43921006,78.45546181,2022-07-24,2022,7,830,2.615,,
Tehri Reservoir,Ganga Basin,,CWC,30.43921006,78.45546181,2022-07-28,2022,7,830,2.615,1.1825,790.25
Tehri Reservoir,Ganga Basin,,CWC,30.43921006,78.45546181,2022-07-01,2022,7,830,2.615,,
Tehri Reservoir,Ganga Basin,,CWC,30.43921006,78.45546181,2022-07-05,2022,7,830,2.615,,
Tehri Reservoir,Ganga Basin,,CWC,30.43921006,78.45546181,2022-07-25,2022,7,830,2.615,,
Tehri Reservoir,Ganga Basin,,CWC,30.43921006,78.45546181,2022-07-29,2022,7,830,2.615,,
Tehri Reservoir,Ganga Basin,,CWC,30.43921006,78.45546181,2022-07-06,2022,7,830,2.615,,
Tehri Reservoir,Ganga Basin,,CWC,30.43921006,78.45546181,2022-07-10,2022,7,830,2.615,,
Tehri Reservoir,Ganga Basin,,CWC,30.43921006,78.45546181,2022-07-11,2022,7,830,2.615,,
Tehri Reservoir,Ganga Basin,,CWC,30.43921006,78.45546181,2022-07-15,2022,7,830,2.615,,
Tehri Reservoir,Ganga Basin,,CWC,30.43921006,78.45546181,2022-07-17,2022,7,830,2.615,,
Tehri Reservoir,Ganga Basin,,CWC,30.43921006,78.45546181,2022-07-22,2022,7,830,2.615,,
Tehri Reservoir,Ganga Basin,,CWC,30.43921006,78.45546181,2022-07-27,2022,7,830,2.615,,
Tehri Reservoir,Ganga Basin,,CWC,30.43921006,78.45546181,2022-07-08,2022,7,830,2.615,,
Tehri Reservoir,Ganga Basin,,CWC,30.43921006,78.45546181,2022-07-12,2022,7,830,2.615,,
Tehri Reservoir,Ganga Basin,,CWC,30.43921006,78.45546181,2022-07-13,2022,7,830,2.615,,
Tehri Reservoir,Ganga Basin,,CWC,30.43921006,78.45546181,2022-07-18,2022,7,830,2.615,,
Tehri Reservoir,Ganga Basin,,CWC,30.43921006,78.45546181,2022-07-31,2022,7,830,2.615,,
Tehri Reservoir,Ganga Basin,,CWC,30.43921006,78.45546181,2022-07-07,2022,7,830,2.615,0.307,755.85
Tehri Reservoir,Ganga Basin,,CWC,30.43921006,78.45546181,2022-07-09,2022,7,830,2.615,,
Tehri Reservoir,Ganga Basin,,CWC,30.43921006,78.45546181,2022-07-16,2022,7,830,2.615,,
Tehri Reservoir,Ganga Basin,,CWC,30.43921006,78.45546181,2022-07-19,2022,7,830,2.615,,
Tehri Reservoir,Ganga Basin,,CWC,30.43921006,78.45546181,2022-07-21,2022,7,830,2.615,0.873,779.3
Tehri Reservoir,Ganga Basin,,CWC,30.43921006,78.45546181,2022-07-23,2022,7,830,2.615,,
Tehri Reservoir,Ganga Basin,,CWC,30.43921006,78.45546181,2022-07-26,2022,7,830,2.615,,
Tehri Reservoir,Ganga Basin,,CWC,30.43921006,78.45546181,2022-07-30,2022,7,830,2.615,,
Tehri Reservoir,Ganga Basin,,CWC,30.43921006,78.45546181,2022-08-03,2022,8,830,2.615,,
Tehri Reservoir,Ganga Basin,,CWC,30.43921006,78.45546181,2022-08-11,2022,8,830,2.615,1.861,810.95
Tehri Reservoir,Ganga Basin,,CWC,30.43921006,78.45546181,2022-08-24,2022,8,830,2.615,,
Tehri Reservoir,Ganga Basin,,CWC,30.43921006,78.45546181,2022-08-27,2022,8,830,2.615,,
Tehri Reservoir,Ganga Basin,,CWC,30.43921006,78.45546181,2022-08-12,2022,8,830,2.615,,
Tehri Reservoir,Ganga Basin,,CWC,30.43921006,78.45546181,2022-08-25,2022,8,830,2.615,2.198,819.8
Tehri Reservoir,Ganga Basin,,CWC,30.43921006,78.45546181,2022-08-28,2022,8,830,2.615,,
Tehri Reservoir,Ganga Basin,,CWC,30.43921006,78.45546181,2022-08-30,2022,8,830,2.615,,
Tehri Reservoir,Ganga Basin,,CWC,30.43921006,78.45546181,2022-08-09,2022,8,830,2.615,,
Tehri Reservoir,Ganga Basin,,CWC,30.43921006,78.45546181,2022-08-16,2022,8,830,2.615,,
Tehri Reservoir,Ganga Basin,,CWC,30.43921006,78.45546181,2022-08-22,2022,8,830,2.615,,
Tehri Reservoir,Ganga Basin,,CWC,30.43921006,78.45546181,2022-08-23,2022,8,830,2.615,,
Tehri Reservoir,Ganga Basin,,CWC,30.43921006,78.45546181,2022-08-31,2022,8,830,2.615,,
Tehri Reservoir,Ganga Basin,,CWC,30.43921006,78.45546181,2022-08-06,2022,8,830,2.615,,
Tehri Reservoir,Ganga Basin,,CWC,30.43921006,78.45546181,2022-08-07,2022,8,830,2.615,,
Tehri Reservoir,Ganga Basin,,CWC,30.43921006,78.45546181,2022-08-13,2022,8,830,2.615,,
Tehri Reservoir,Ganga Basin,,CWC,30.43921006,78.45546181,2022-08-19,2022,8,830,2.615,,
Tehri Reservoir,Ganga Basin,,CWC,30.43921006,78.45546181,2022-08-21,2022,8,830,2.615,,
Tehri Reservoir,Ganga Basin,,CWC,30.43921006,78.45546181,2022-08-29,2022,8,830,2.615,,
Tehri Reservoir,Ganga Basin,,CWC,30.43921006,78.45546181,2022-08-04,2022,8,830,2.615,1.542,801.75
Tehri Reservoir,Ganga Basin,,CWC,30.43921006,78.45546181,2022-08-05,2022,8,830,2.615,,
Tehri Reservoir,Ganga Basin,,CWC,30.43921006,78.45546181,2022-08-08,2022,8,830,2.615,,
Tehri Reservoir,Ganga Basin,,CWC,30.43921006,78.45546181,2022-08-10,2022,8,830,2.615,,
Tehri Reservoir,Ganga Basin,,CWC,30.43921006,78.45546181,2022-08-14,2022,8,830,2.615,,
Tehri Reservoir,Ganga Basin,,CWC,30.43921006,78.45546181,2022-08-15,2022,8,830,2.615,,
Tehri Reservoir,Ganga Basin,,CWC,30.43921006,78.45546181,2022-08-17,2022,8,830,2.615,,
Tehri Reservoir,Ganga Basin,,CWC,30.43921006,78.45546181,2022-08-18,2022,8,830,2.615,2.052,816.05
Tehri Reservoir,Ganga Basin,,CWC,30.43921006,78.45546181,2022-08-20,2022,8,830,2.615,,
Tehri Reservoir,Ganga Basin,,CWC,30.43921006,78.45546181,2022-08-26,2022,8,830,2.615,,
Tehri Reservoir,Ganga Basin,,CWC,30.43921006,78.45546181,2022-08-01,2022,8,830,2.615,,
Tehri Reservoir,Ganga Basin,,CWC,30.43921006,78.45546181,2022-08-02,2022,8,830,2.615,,
Tehri Reservoir,Ganga Basin,,CWC,30.43921006,78.45546181,2022-09-06,2022,9,830,2.615,,
Tehri Reservoir,Ganga Basin,,CWC,30.43921006,78.45546181,2022-09-09,2022,9,830,2.615,,
Tehri Reservoir,Ganga Basin,,CWC,30.43921006,78.45546181,2022-09-11,2022,9,830,2.615,,
Tehri Reservoir,Ganga Basin,,CWC,30.43921006,78.45546181,2022-09-12,2022,9,830,2.615,,
Tehri Reservoir,Ganga Basin,,CWC,30.43921006,78.45546181,2022-09-13,2022,9,830,2.615,,
Tehri Reservoir,Ganga Basin,,CWC,30.43921006,78.45546181,2022-09-14,2022,9,830,2.615,,
Tehri Reservoir,Ganga Basin,,CWC,30.43921006,78.45546181,2022-09-15,2022,9,830,2.615,2.5525,828.35
Tehri Reservoir,Ganga Basin,,CWC,30.43921006,78.45546181,2022-09-21,2022,9,830,2.615,,
Tehri Reservoir,Ganga Basin,,CWC,30.43921006,78.45546181,2022-09-25,2022,9,830,2.615,,
Tehri Reservoir,Ganga Basin,,CWC,30.43921006,78.45546181,2022-09-05,2022,9,830,2.615,,
Tehri Reservoir,Ganga Basin,,CWC,30.43921006,78.45546181,2022-09-22,2022,9,830,2.615,2.576,828.9
Tehri Reservoir,Ganga Basin,,CWC,30.43921006,78.45546181,2022-09-26,2022,9,830,2.615,,
Tehri Reservoir,Ganga Basin,,CWC,30.43921006,78.45546181,2022-09-01,2022,9,830,2.615,2.373,824.1
Tehri Reservoir,Ganga Basin,,CWC,30.43921006,78.45546181,2022-09-08,2022,9,830,2.615,2.501,827.15
Tehri Reservoir,Ganga Basin,,CWC,30.43921006,78.45546181,2022-09-19,2022,9,830,2.615,,
Tehri Reservoir,Ganga Basin,,CWC,30.43921006,78.45546181,2022-09-20,2022,9,830,2.615,,
Tehri Reservoir,Ganga Basin,,CWC,30.43921006,78.45546181,2022-09-23,2022,9,830,2.615,,
Tehri Reservoir,Ganga Basin,,CWC,30.43921006,78.45546181,2022-09-02,2022,9,830,2.615,,
Tehri Reservoir,Ganga Basin,,CWC,30.43921006,78.45546181,2022-09-03,2022,9,830,2.615,,
Tehri Reservoir,Ganga Basin,,CWC,30.43921006,78.45546181,2022-09-04,2022,9,830,2.615,,
Tehri Reservoir,Ganga Basin,,CWC,30.43921006,78.45546181,2022-09-07,2022,9,830,2.615,,
Tehri Reservoir,Ganga Basin,,CWC,30.43921006,78.45546181,2022-09-17,2022,9,830,2.615,,
Tehri Reservoir,Ganga Basin,,CWC,30.43921006,78.45546181,2022-09-18,2022,9,830,2.615,,
Tehri Reservoir,Ganga Basin,,CWC,30.43921006,78.45546181,2022-09-24,2022,9,830,2.615,,
Tehri Reservoir,Ganga Basin,,CWC,30.43921006,78.45546181,2022-09-30,2022,9,830,2.615,,
Tehri Reservoir,Ganga Basin,,CWC,30.43921006,78.45546181,2022-09-10,2022,9,830,2.615,,
Tehri Reservoir,Ganga Basin,,CWC,30.43921006,78.45546181,2022-09-16,2022,9,830,2.615,,
Tehri Reservoir,Ganga Basin,,CWC,30.43921006,78.45546181,2022-09-27,2022,9,830,2.615,,
Tehri Reservoir,Ganga Basin,,CWC,30.43921006,78.45546181,2022-09-28,2022,9,830,2.615,,
Tehri Reservoir,Ganga Basin,,CWC,30.43921006,78.45546181,2022-09-29,2022,9,830,2.615,2.589,829.3
Tehri Reservoir,Ganga Basin,,CWC,30.43921006,78.45546181,2022-10-04,2022,10,830,2.615,,
Tehri Reservoir,Ganga Basin,,CWC,30.43921006,78.45546181,2022-10-28,2022,10,830,2.615,,
Tehri Reservoir,Ganga Basin,,CWC,30.43921006,78.45546181,2022-10-30,2022,10,830,2.615,,
Tehri Reservoir,Ganga Basin,,CWC,30.43921006,78.45546181,2022-10-01,2022,10,830,2.615,,
Tehri Reservoir,Ganga Basin,,CWC,30.43921006,78.45546181,2022-10-02,2022,10,830,2.615,,
Tehri Reservoir,Ganga Basin,,CWC,30.43921006,78.45546181,2022-10-03,2022,10,830,2.615,,
Tehri Reservoir,Ganga Basin,,CWC,30.43921006,78.45546181,2022-10-05,2022,10,830,2.615,,
Tehri Reservoir,Ganga Basin,,CWC,30.43921006,78.45546181,2022-10-07,2022,10,830,2.615,,
Tehri Reservoir,Ganga Basin,,CWC,30.43921006,78.45546181,2022-10-10,2022,10,830,2.615,,
Tehri Reservoir,Ganga Basin,,CWC,30.43921006,78.45546181,2022-10-15,2022,10,830,2.615,,
Tehri Reservoir,Ganga Basin,,CWC,30.43921006,78.45546181,2022-10-17,2022,10,830,2.615,,
Tehri Reservoir,Ganga Basin,,CWC,30.43921006,78.45546181,2022-10-18,2022,10,830,2.615,,
Tehri Reservoir,Ganga Basin,,CWC,30.43921006,78.45546181,2022-10-21,2022,10,830,2.615,,
Tehri Reservoir,Ganga Basin,,CWC,30.43921006,78.45546181,2022-10-22,2022,10,830,2.615,,
Tehri Reservoir,Ganga Basin,,CWC,30.43921006,78.45546181,2022-10-25,2022,10,830,2.615,,
Tehri Reservoir,Ganga Basin,,CWC,30.43921006,78.45546181,2022-10-08,2022,10,830,2.615,,
Tehri Reservoir,Ganga Basin,,CWC,30.43921006,78.45546181,2022-10-09,2022,10,830,2.615,,
Tehri Reservoir,Ganga Basin,,CWC,30.43921006,78.45546181,2022-10-11,2022,10,830,2.615,,
Tehri Reservoir,Ganga Basin,,CWC,30.43921006,78.45546181,2022-10-14,2022,10,830,2.615,,
Tehri Reservoir,Ganga Basin,,CWC,30.43921006,78.45546181,2022-10-20,2022,10,830,2.615,2.598,829.4
Tehri Reservoir,Ganga Basin,,CWC,30.43921006,78.45546181,2022-10-24,2022,10,830,2.615,,
Tehri Reservoir,Ganga Basin,,CWC,30.43921006,78.45546181,2022-10-27,2022,10,830,2.615,2.578,828.95
Tehri Reservoir,Ganga Basin,,CWC,30.43921006,78.45546181,2022-10-06,2022,10,830,2.615,2.60215,829.5
Tehri Reservoir,Ganga Basin,,CWC,30.43921006,78.45546181,2022-10-13,2022,10,830,2.615,2.60215,829.85
Tehri Reservoir,Ganga Basin,,CWC,30.43921006,78.45546181,2022-10-19,2022,10,830,2.615,,
Tehri Reservoir,Ganga Basin,,CWC,30.43921006,78.45546181,2022-10-29,2022,10,830,2.615,,
Tehri Reservoir,Ganga Basin,,CWC,30.43921006,78.45546181,2022-10-12,2022,10,830,2.615,,
Tehri Reservoir,Ganga Basin,,CWC,30.43921006,78.45546181,2022-10-16,2022,10,830,2.615,,
Tehri Reservoir,Ganga Basin,,CWC,30.43921006,78.45546181,2022-10-23,2022,10,830,2.615,,
Tehri Reservoir,Ganga Basin,,CWC,30.43921006,78.45546181,2022-10-26,2022,10,830,2.615,,
Tehri Reservoir,Ganga Basin,,CWC,30.43921006,78.45546181,2022-10-31,2022,10,830,2.615,,
Tehri Reservoir,Ganga Basin,,CWC,30.43921006,78.45546181,2022-11-07,2022,11,830,2.615,,
Tehri Reservoir,Ganga Basin,,CWC,30.43921006,78.45546181,2022-11-08,2022,11,830,2.615,,
Tehri Reservoir,Ganga Basin,,CWC,30.43921006,78.45546181,2022-11-21,2022,11,830,2.615,,
Tehri Reservoir,Ganga Basin,,CWC,30.43921006,78.45546181,2022-11-23,2022,11,830,2.615,,
Tehri Reservoir,Ganga Basin,,CWC,30.43921006,78.45546181,2022-11-02,2022,11,830,2.615,,
Tehri Reservoir,Ganga Basin,,CWC,30.43921006,78.45546181,2022-11-03,2022,11,830,2.615,2.548,828.25
Tehri Reservoir,Ganga Basin,,CWC,30.43921006,78.45546181,2022-11-13,2022,11,830,2.615,,
Tehri Reservoir,Ganga Basin,,CWC,30.43921006,78.45546181,2022-11-15,2022,11,830,2.615,,
Tehri Reservoir,Ganga Basin,,CWC,30.43921006,78.45546181,2022-11-16,2022,11,830,2.615,,
Tehri Reservoir,Ganga Basin,,CWC,30.43921006,78.45546181,2022-11-28,2022,11,830,2.615,,
Tehri Reservoir,Ganga Basin,,CWC,30.43921006,78.45546181,2022-11-01,2022,11,830,2.615,,
Tehri Reservoir,Ganga Basin,,CWC,30.43921006,78.45546181,2022-11-06,2022,11,830,2.615,,
Tehri Reservoir,Ganga Basin,,CWC,30.43921006,78.45546181,2022-11-19,2022,11,830,2.615,,
Tehri Reservoir,Ganga Basin,,CWC,30.43921006,78.45546181,2022-11-20,2022,11,830,2.615,,
Tehri Reservoir,Ganga Basin,,CWC,30.43921006,78.45546181,2022-11-25,2022,11,830,2.615,,
Tehri Reservoir,Ganga Basin,,CWC,30.43921006,78.45546181,2022-11-30,2022,11,830,2.615,,
Tehri Reservoir,Ganga Basin,,CWC,30.43921006,78.45546181,2022-11-04,2022,11,830,2.615,,
Tehri Reservoir,Ganga Basin,,CWC,30.43921006,78.45546181,2022-11-05,2022,11,830,2.615,,
Tehri Reservoir,Ganga Basin,,CWC,30.43921006,78.45546181,2022-11-12,2022,11,830,2.615,,
Tehri Reservoir,Ganga Basin,,CWC,30.43921006,78.45546181,2022-11-14,2022,11,830,2.615,,
Tehri Reservoir,Ganga Basin,,CWC,30.43921006,78.45546181,2022-11-18,2022,11,830,2.615,,
Tehri Reservoir,Ganga Basin,,CWC,30.43921006,78.45546181,2022-11-26,2022,11,830,2.615,,
Tehri Reservoir,Ganga Basin,,CWC,30.43921006,78.45546181,2022-11-27,2022,11,830,2.615,,
Tehri Reservoir,Ganga Basin,,CWC,30.43921006,78.45546181,2022-11-29,2022,11,830,2.615,,
Tehri Reservoir,Ganga Basin,,CWC,30.43921006,78.45546181,2022-11-09,2022,11,830,2.615,,
Tehri Reservoir,Ganga Basin,,CWC,30.43921006,78.45546181,2022-11-10,2022,11,830,2.615,2.512,827.4
Tehri Reservoir,Ganga Basin,,CWC,30.43921006,78.45546181,2022-11-11,2022,11,830,2.615,,
Tehri Reservoir,Ganga Basin,,CWC,30.43921006,78.45546181,2022-11-17,2022,11,830,2.615,2.472,826.45
Tehri Reservoir,Ganga Basin,,CWC,30.43921006,78.45546181,2022-11-22,2022,11,830,2.615,,
Tehri Reservoir,Ganga Basin,,CWC,30.43921006,78.45546181,2022-11-24,2022,11,830,2.615,2.442,825.75
Tehri Reservoir,Ganga Basin,,CWC,30.43921006,78.45546181,2022-12-28,2022,12,830,2.615,,
Tehri Reservoir,Ganga Basin,,CWC,30.43921006,78.45546181,2022-12-04,2022,12,830,2.615,,
Tehri Reservoir,Ganga Basin,,CWC,30.43921006,78.45546181,2022-12-05,2022,12,830,2.615,,
Tehri Reservoir,Ganga Basin,,CWC,30.43921006,78.45546181,2022-12-08,2022,12,830,2.615,2.348,823.5
Tehri Reservoir,Ganga Basin,,CWC,30.43921006,78.45546181,2022-12-11,2022,12,830,2.615,,
Tehri Reservoir,Ganga Basin,,CWC,30.43921006,78.45546181,2022-12-14,2022,12,830,2.615,,
Tehri Reservoir,Ganga Basin,,CWC,30.43921006,78.45546181,2022-12-18,2022,12,830,2.615,,
Tehri Reservoir,Ganga Basin,,CWC,30.43921006,78.45546181,2022-12-26,2022,12,830,2.615,,
Tehri Reservoir,Ganga Basin,,CWC,30.43921006,78.45546181,2022-12-02,2022,12,830,2.615,,
Tehri Reservoir,Ganga Basin,,CWC,30.43921006,78.45546181,2022-12-06,2022,12,830,2.615,,
Tehri Reservoir,Ganga Basin,,CWC,30.43921006,78.45546181,2022-12-15,2022,12,830,2.615,2.279,821.8
Tehri Reservoir,Ganga Basin,,CWC,30.43921006,78.45546181,2022-12-01,2022,12,830,2.615,2.411,825.0
Tehri Reservoir,Ganga Basin,,CWC,30.43921006,78.45546181,2022-12-03,2022,12,830,2.615,,
Tehri Reservoir,Ganga Basin,,CWC,30.43921006,78.45546181,2022-12-09,2022,12,830,2.615,,
Tehri Reservoir,Ganga Basin,,CWC,30.43921006,78.45546181,2022-12-13,2022,12,830,2.615,,
Tehri Reservoir,Ganga Basin,,CWC,30.43921006,78.45546181,2022-12-17,2022,12,830,2.615,,
Tehri Reservoir,Ganga Basin,,CWC,30.43921006,78.45546181,2022-12-23,2022,12,830,2.615,,
Tehri Reservoir,Ganga Basin,,CWC,30.43921006,78.45546181,2022-12-25,2022,12,830,2.615,,
Tehri Reservoir,Ganga Basin,,CWC,30.43921006,78.45546181,2022-12-29,2022,12,830,2.615,2.08,816.8
Tehri Reservoir,Ganga Basin,,CWC,30.43921006,78.45546181,2022-12-07,2022,12,830,2.615,,
Tehri Reservoir,Ganga Basin,,CWC,30.43921006,78.45546181,2022-12-10,2022,12,830,2.615,,
Tehri Reservoir,Ganga Basin,,CWC,30.43921006,78.45546181,2022-12-12,2022,12,830,2.615,,
Tehri Reservoir,Ganga Basin,,CWC,30.43921006,78.45546181,2022-12-20,2022,12,830,2.615,,
Tehri Reservoir,Ganga Basin,,CWC,30.43921006,78.45546181,2022-12-21,2022,12,830,2.615,,
Tehri Reservoir,Ganga Basin,,CWC,30.43921006,78.45546181,2022-12-24,2022,12,830,2.615,,
Tehri Reservoir,Ganga Basin,,CWC,30.43921006,78.45546181,2022-12-30,2022,12,830,2.615,,
Tehri Reservoir,Ganga Basin,,CWC,30.43921006,78.45546181,2022-12-31,2022,12,830,2.615,,
Tehri Reservoir,Ganga Basin,,CWC,30.43921006,78.45546181,2022-12-16,2022,12,830,2.615,,
Tehri Reservoir,Ganga Basin,,CWC,30.43921006,78.45546181,2022-12-19,2022,12,830,2.615,,
Tehri Reservoir,Ganga Basin,,CWC,30.43921006,78.45546181,2022-12-22,2022,12,830,2.615,2.184,819.45
Tehri Reservoir,Ganga Basin,,CWC,30.43921006,78.45546181,2022-12-27,2022,12,830,2.615,,
Tehri Reservoir,Ganga Basin,,CWC,30.43921006,78.45546181,2023-01-02,2023,1,830,2.615,,
Tehri Reservoir,Ganga Basin,,CWC,30.43921006,78.45546181,2023-01-11,2023,1,830,2.615,,
Tehri Reservoir,Ganga Basin,,CWC,30.43921006,78.45546181,2023-01-18,2023,1,830,2.615,,
Tehri Reservoir,Ganga Basin,,CWC,30.43921006,78.45546181,2023-01-19,2023,1,830,2.615,1.734,807.3
Tehri Reservoir,Ganga Basin,,CWC,30.43921006,78.45546181,2023-01-21,2023,1,830,2.615,,
Tehri Reservoir,Ganga Basin,,CWC,30.43921006,78.45546181,2023-01-25,2023,1,830,2.615,1.634,804.4
Tehri Reservoir,Ganga Basin,,CWC,30.43921006,78.45546181,2023-01-26,2023,1,830,2.615,,
Tehri Reservoir,Ganga Basin,,CWC,30.43921006,78.45546181,2023-01-30,2023,1,830,2.615,,
Tehri Reservoir,Ganga Basin,,CWC,30.43921006,78.45546181,2023-01-04,2023,1,830,2.615,,
Tehri Reservoir,Ganga Basin,,CWC,30.43921006,78.45546181,2023-01-08,2023,1,830,2.615,,
Tehri Reservoir,Ganga Basin,,CWC,30.43921006,78.45546181,2023-01-12,2023,1,830,2.615,1.8485,810.55
Tehri Reservoir,Ganga Basin,,CWC,30.43921006,78.45546181,2023-01-14,2023,1,830,2.615,,
Tehri Reservoir,Ganga Basin,,CWC,30.43921006,78.45546181,2023-01-20,2023,1,830,2.615,,
Tehri Reservoir,Ganga Basin,,CWC,30.43921006,78.45546181,2023-01-31,2023,1,830,2.615,,
Tehri Reservoir,Ganga Basin,,CWC,30.43921006,78.45546181,2023-01-01,2023,1,830,2.615,,
Tehri Reservoir,Ganga Basin,,CWC,30.43921006,78.45546181,2023-01-05,2023,1,830,2.615,1.967,813.8
Tehri Reservoir,Ganga Basin,,CWC,30.43921006,78.45546181,2023-01-13,2023,1,830,2.615,,
Tehri Reservoir,Ganga Basin,,CWC,30.43921006,78.45546181,2023-01-22,2023,1,830,2.615,,
Tehri Reservoir,Ganga Basin,,CWC,30.43921006,78.45546181,2023-01-23,2023,1,830,2.615,,
Tehri Reservoir,Ganga Basin,,CWC,30.43921006,78.45546181,2023-01-24,2023,1,830,2.615,,
Tehri Reservoir,Ganga Basin,,CWC,30.43921006,78.45546181,2023-01-27,2023,1,830,2.615,,
Tehri Reservoir,Ganga Basin,,CWC,30.43921006,78.45546181,2023-01-03,2023,1,830,2.615,,
Tehri Reservoir,Ganga Basin,,CWC,30.43921006,78.45546181,2023-01-06,2023,1,830,2.615,,
Tehri Reservoir,Ganga Basin,,CWC,30.43921006,78.45546181,2023-01-07,2023,1,830,2.615,,
Tehri Reservoir,Ganga Basin,,CWC,30.43921006,78.45546181,2023-01-10,2023,1,830,2.615,,
Tehri Reservoir,Ganga Basin,,CWC,30.43921006,78.45546181,2023-01-16,2023,1,830,2.615,,
Tehri Reservoir,Ganga Basin,,CWC,30.43921006,78.45546181,2023-01-17,2023,1,830,2.615,,
Tehri Reservoir,Ganga Basin,,CWC,30.43921006,78.45546181,2023-01-28,2023,1,830,2.615,,
Tehri Reservoir,Ganga Basin,,CWC,30.43921006,78.45546181,2023-01-29,2023,1,830,2.615,,
Tehri Reservoir,Ganga Basin,,CWC,30.43921006,78.45546181,2023-01-09,2023,1,830,2.615,,
Tehri Reservoir,Ganga Basin,,CWC,30.43921006,78.45546181,2023-01-15,2023,1,830,2.615,,
Tehri Reservoir,Ganga Basin,,CWC,30.43921006,78.45546181,2023-02-02,2023,2,830,2.615,1.533,801.4
Tehri Reservoir,Ganga Basin,,CWC,30.43921006,78.45546181,2023-02-08,2023,2,830,2.615,,
Tehri Reservoir,Ganga Basin,,CWC,30.43921006,78.45546181,2023-02-12,2023,2,830,2.615,,
Tehri Reservoir,Ganga Basin,,CWC,30.43921006,78.45546181,2023-02-15,2023,2,830,2.615,,
Tehri Reservoir,Ganga Basin,,CWC,30.43921006,78.45546181,2023-02-16,2023,2,830,2.615,1.31,794.45
Tehri Reservoir,Ganga Basin,,CWC,30.43921006,78.45546181,2023-02-21,2023,2,830,2.615,,
Tehri Reservoir,Ganga Basin,,CWC,30.43921006,78.45546181,2023-02-24,2023,2,830,2.615,,
Tehri Reservoir,Ganga Basin,,CWC,30.43921006,78.45546181,2023-02-04,2023,2,830,2.615,,
Tehri Reservoir,Ganga Basin,,CWC,30.43921006,78.45546181,2023-02-05,2023,2,830,2.615,,
Tehri Reservoir,Ganga Basin,,CWC,30.43921006,78.45546181,2023-02-06,2023,2,830,2.615,,
Tehri Reservoir,Ganga Basin,,CWC,30.43921006,78.45546181,2023-02-07,2023,2,830,2.615,,
Tehri Reservoir,Ganga Basin,,CWC,30.43921006,78.45546181,2023-02-11,2023,2,830,2.615,,
Tehri Reservoir,Ganga Basin,,CWC,30.43921006,78.45546181,2023-02-10,2023,2,830,2.615,,
Tehri Reservoir,Ganga Basin,,CWC,30.43921006,78.45546181,2023-02-19,2023,2,830,2.615,,
Tehri Reservoir,Ganga Basin,,CWC,30.43921006,78.45546181,2023-02-25,2023,2,830,2.615,,
Tehri Reservoir,Ganga Basin,,CWC,30.43921006,78.45546181,2023-02-01,2023,2,830,2.615,,
Tehri Reservoir,Ganga Basin,,CWC,30.43921006,78.45546181,2023-02-09,2023,2,830,2.615,1.407,797.5
Tehri Reservoir,Ganga Basin,,CWC,30.43921006,78.45546181,2023-02-13,2023,2,830,2.615,,
Tehri Reservoir,Ganga Basin,,CWC,30.43921006,78.45546181,2023-02-18,2023,2,830,2.615,,
Tehri Reservoir,Ganga Basin,,CWC,30.43921006,78.45546181,2023-02-20,2023,2,830,2.615,,
Tehri Reservoir,Ganga Basin,,CWC,30.43921006,78.45546181,2023-02-22,2023,2,830,2.615,,
Tehri Reservoir,Ganga Basin,,CWC,30.43921006,78.45546181,2023-02-27,2023,2,830,2.615,,
Tehri Reservoir,Ganga Basin,,CWC,30.43921006,78.45546181,2023-02-28,2023,2,830,2.615,,
Tehri Reservoir,Ganga Basin,,CWC,30.43921006,78.45546181,2023-02-03,2023,2,830,2.615,,
Tehri Reservoir,Ganga Basin,,CWC,30.43921006,78.45546181,2023-02-14,2023,2,830,2.615,,
Tehri Reservoir,Ganga Basin,,CWC,30.43921006,78.45546181,2023-02-17,2023,2,830,2.615,,
Tehri Reservoir,Ganga Basin,,CWC,30.43921006,78.45546181,2023-02-23,2023,2,830,2.615,1.196,790.7
Tehri Reservoir,Ganga Basin,,CWC,30.43921006,78.45546181,2023-02-26,2023,2,830,2.615,,
Tehri Reservoir,Ganga Basin,,CWC,30.43921006,78.45546181,2023-03-05,2023,3,830,2.615,,
Tehri Reservoir,Ganga Basin,,CWC,30.43921006,78.45546181,2023-03-14,2023,3,830,2.615,,
Tehri Reservoir,Ganga Basin,,CWC,30.43921006,78.45546181,2023-03-15,2023,3,830,2.615,,
Tehri Reservoir,Ganga Basin,,CWC,30.43921006,78.45546181,2023-03-22,2023,3,830,2.615,,
Tehri Reservoir,Ganga Basin,,CWC,30.43921006,78.45546181,2023-03-26,2023,3,830,2.615,,
Tehri Reservoir,Ganga Basin,,CWC,30.43921006,78.45546181,2023-03-31,2023,3,830,2.615,,
Tehri Reservoir,Ganga Basin,,CWC,30.43921006,78.45546181,2023-03-02,2023,3,830,2.615,1.082,786.8
Tehri Reservoir,Ganga Basin,,CWC,30.43921006,78.45546181,2023-03-11,2023,3,830,2.615,,
Tehri Reservoir,Ganga Basin,,CWC,30.43921006,78.45546181,2023-03-12,2023,3,830,2.615,,
Tehri Reservoir,Ganga Basin,,CWC,30.43921006,78.45546181,2023-03-16,2023,3,830,2.615,0.8555,778.65
Tehri Reservoir,Ganga Basin,,CWC,30.43921006,78.45546181,2023-03-18,2023,3,830,2.615,,
Tehri Reservoir,Ganga Basin,,CWC,30.43921006,78.45546181,2023-03-19,2023,3,830,2.615,,
Tehri Reservoir,Ganga Basin,,CWC,30.43921006,78.45546181,2023-03-20,2023,3,830,2.615,,
Tehri Reservoir,Ganga Basin,,CWC,30.43921006,78.45546181,2023-03-23,2023,3,830,2.615,0.772,775.45
Tehri Reservoir,Ganga Basin,,CWC,30.43921006,78.45546181,2023-03-30,2023,3,830,2.615,0.6915,772.35
Tehri Reservoir,Ganga Basin,,CWC,30.43921006,78.45546181,2023-03-01,2023,3,830,2.615,,
Tehri Reservoir,Ganga Basin,,CWC,30.43921006,78.45546181,2023-03-04,2023,3,830,2.615,,
Tehri Reservoir,Ganga Basin,,CWC,30.43921006,78.45546181,2023-03-13,2023,3,830,2.615,,
Tehri Reservoir,Ganga Basin,,CWC,30.43921006,78.45546181,2023-03-17,2023,3,830,2.615,,
Tehri Reservoir,Ganga Basin,,CWC,30.43921006,78.45546181,2023-03-24,2023,3,830,2.615,,
Tehri Reservoir,Ganga Basin,,CWC,30.43921006,78.45546181,2023-03-25,2023,3,830,2.615,,
Tehri Reservoir,Ganga Basin,,CWC,30.43921006,78.45546181,2023-03-29,2023,3,830,2.615,,
Tehri Reservoir,Ganga Basin,,CWC,30.43921006,78.45546181,2023-03-03,2023,3,830,2.615,,
Tehri Reservoir,Ganga Basin,,CWC,30.43921006,78.45546181,2023-03-06,2023,3,830,2.615,,
Tehri Reservoir,Ganga Basin,,CWC,30.43921006,78.45546181,2023-03-07,2023,3,830,2.615,,
Tehri Reservoir,Ganga Basin,,CWC,30.43921006,78.45546181,2023-03-09,2023,3,830,2.615,0.968,782.8
Tehri Reservoir,Ganga Basin,,CWC,30.43921006,78.45546181,2023-03-21,2023,3,830,2.615,,
Tehri Reservoir,Ganga Basin,,CWC,30.43921006,78.45546181,2023-03-27,2023,3,830,2.615,,
Tehri Reservoir,Ganga Basin,,CWC,30.43921006,78.45546181,2023-03-28,2023,3,830,2.615,,
Tehri Reservoir,Ganga Basin,,CWC,30.43921006,78.45546181,2023-03-08,2023,3,830,2.615,,
Tehri Reservoir,Ganga Basin,,CWC,30.43921006,78.45546181,2023-03-10,2023,3,830,2.615,,
Tehri Reservoir,Ganga Basin,,CWC,30.43921006,78.45546181,2023-04-10,2023,4,830,2.615,,
Tehri Reservoir,Ganga Basin,,CWC,30.43921006,78.45546181,2023-04-17,2023,4,830,2.615,,
Tehri Reservoir,Ganga Basin,,CWC,30.43921006,78.45546181,2023-04-18,2023,4,830,2.615,,
Tehri Reservoir,Ganga Basin,,CWC,30.43921006,78.45546181,2023-04-21,2023,4,830,2.615,,
Tehri Reservoir,Ganga Basin,,CWC,30.43921006,78.45546181,2023-04-25,2023,4,830,2.615,,
Tehri Reservoir,Ganga Basin,,CWC,30.43921006,78.45546181,2023-04-29,2023,4,830,2.615,,
Tehri Reservoir,Ganga Basin,,CWC,30.43921006,78.45546181,2023-04-01,2023,4,830,2.615,,
Tehri Reservoir,Ganga Basin,,CWC,30.43921006,78.45546181,2023-04-09,2023,4,830,2.615,,
Tehri Reservoir,Ganga Basin,,CWC,30.43921006,78.45546181,2023-04-11,2023,4,830,2.615,,
Tehri Reservoir,Ganga Basin,,CWC,30.43921006,78.45546181,2023-04-13,2023,4,830,2.615,0.553,766.7
Tehri Reservoir,Ganga Basin,,CWC,30.43921006,78.45546181,2023-04-19,2023,4,830,2.615,,
Tehri Reservoir,Ganga Basin,,CWC,30.43921006,78.45546181,2023-04-24,2023,4,830,2.615,,
Tehri Reservoir,Ganga Basin,,CWC,30.43921006,78.45546181,2023-04-27,2023,4,830,2.615,0.394,759.8
Tehri Reservoir,Ganga Basin,,CWC,30.43921006,78.45546181,2023-04-15,2023,4,830,2.615,,
Tehri Reservoir,Ganga Basin,,CWC,30.43921006,78.45546181,2023-04-30,2023,4,830,2.615,,
Tehri Reservoir,Ganga Basin,,CWC,30.43921006,78.45546181,2023-04-03,2023,4,830,2.615,,
Tehri Reservoir,Ganga Basin,,CWC,30.43921006,78.45546181,2023-04-04,2023,4,830,2.615,,
Tehri Reservoir,Ganga Basin,,CWC,30.43921006,78.45546181,2023-04-07,2023,4,830,2.615,,
Tehri Reservoir,Ganga Basin,,CWC,30.43921006,78.45546181,2023-04-08,2023,4,830,2.615,,
Tehri Reservoir,Ganga Basin,,CWC,30.43921006,78.45546181,2023-04-12,2023,4,830,2.615,,
Tehri Reservoir,Ganga Basin,,CWC,30.43921006,78.45546181,2023-04-20,2023,4,830,2.615,0.478,763.5
Tehri Reservoir,Ganga Basin,,CWC,30.43921006,78.45546181,2023-04-23,2023,4,830,2.615,,
Tehri Reservoir,Ganga Basin,,CWC,30.43921006,78.45546181,2023-04-02,2023,4,830,2.615,,
Tehri Reservoir,Ganga Basin,,CWC,30.43921006,78.45546181,2023-04-05,2023,4,830,2.615,,
Tehri Reservoir,Ganga Basin,,CWC,30.43921006,78.45546181,2023-04-06,2023,4,830,2.615,0.621,769.5
Tehri Reservoir,Ganga Basin,,CWC,30.43921006,78.45546181,2023-04-14,2023,4,830,2.615,,
Tehri Reservoir,Ganga Basin,,CWC,30.43921006,78.45546181,2023-04-16,2023,4,830,2.615,,
Tehri Reservoir,Ganga Basin,,CWC,30.43921006,78.45546181,2023-04-22,2023,4,830,2.615,,
Tehri Reservoir,Ganga Basin,,CWC,30.43921006,78.45546181,2023-04-26,2023,4,830,2.615,,
Tehri Reservoir,Ganga Basin,,CWC,30.43921006,78.45546181,2023-04-28,2023,4,830,2.615,,
Tehri Reservoir,Ganga Basin,,CWC,30.43921006,78.45546181,2023-05-06,2023,5,830,2.615,,
Tehri Reservoir,Ganga Basin,,CWC,30.43921006,78.45546181,2023-05-13,2023,5,830,2.615,,
Tehri Reservoir,Ganga Basin,,CWC,30.43921006,78.45546181,2023-05-14,2023,5,830,2.615,,
Tehri Reservoir,Ganga Basin,,CWC,30.43921006,78.45546181,2023-05-18,2023,5,830,2.615,0.11,746.25
Tehri Reservoir,Ganga Basin,,CWC,30.43921006,78.45546181,2023-05-19,2023,5,830,2.615,,
Tehri Reservoir,Ganga Basin,,CWC,30.43921006,78.45546181,2023-05-26,2023,5,830,2.615,,
Tehri Reservoir,Ganga Basin,,CWC,30.43921006,78.45546181,2023-05-01,2023,5,830,2.615,,
Tehri Reservoir,Ganga Basin,,CWC,30.43921006,78.45546181,2023-05-04,2023,5,830,2.615,0.2965,755.35
Tehri Reservoir,Ganga Basin,,CWC,30.43921006,78.45546181,2023-05-08,2023,5,830,2.615,,
Tehri Reservoir,Ganga Basin,,CWC,30.43921006,78.45546181,2023-05-11,2023,5,830,2.615,0.196,750.55
Tehri Reservoir,Ganga Basin,,CWC,30.43921006,78.45546181,2023-05-12,2023,5,830,2.615,,
Tehri Reservoir,Ganga Basin,,CWC,30.43921006,78.45546181,2023-05-29,2023,5,830,2.615,,
Tehri Reservoir,Ganga Basin,,CWC,30.43921006,78.45546181,2023-05-31,2023,5,830,2.615,,
Tehri Reservoir,Ganga Basin,,CWC,30.43921006,78.45546181,2023-05-02,2023,5,830,2.615,,
Tehri Reservoir,Ganga Basin,,CWC,30.43921006,78.45546181,2023-05-05,2023,5,830,2.615,,
Tehri Reservoir,Ganga Basin,,CWC,30.43921006,78.45546181,2023-05-15,2023,5,830,2.615,,
Tehri Reservoir,Ganga Basin,,CWC,30.43921006,78.45546181,2023-05-17,2023,5,830,2.615,,
Tehri Reservoir,Ganga Basin,,CWC,30.43921006,78.45546181,2023-05-20,2023,5,830,2.615,,
Tehri Reservoir,Ganga Basin,,CWC,30.43921006,78.45546181,2023-05-21,2023,5,830,2.615,,
Tehri Reservoir,Ganga Basin,,CWC,30.43921006,78.45546181,2023-05-23,2023,5,830,2.615,,
Tehri Reservoir,Ganga Basin,,CWC,30.43921006,78.45546181,2023-05-24,2023,5,830,2.615,,
Tehri Reservoir,Ganga Basin,,CWC,30.43921006,78.45546181,2023-05-25,2023,5,830,2.615,0.074,744.4
Tehri Reservoir,Ganga Basin,,CWC,30.43921006,78.45546181,2023-05-27,2023,5,830,2.615,,
Tehri Reservoir,Ganga Basin,,CWC,30.43921006,78.45546181,2023-05-30,2023,5,830,2.615,,
Tehri Reservoir,Ganga Basin,,CWC,30.43921006,78.45546181,2023-05-03,2023,5,830,2.615,,
Tehri Reservoir,Ganga Basin,,CWC,30.43921006,78.45546181,2023-05-09,2023,5,830,2.615,,
Tehri Reservoir,Ganga Basin,,CWC,30.43921006,78.45546181,2023-05-10,2023,5,830,2.615,,
Tehri Reservoir,Ganga Basin,,CWC,30.43921006,78.45546181,2023-05-28,2023,5,830,2.615,,
Tehri Reservoir,Ganga Basin,,CWC,30.43921006,78.45546181,2023-05-07,2023,5,830,2.615,,
Tehri Reservoir,Ganga Basin,,CWC,30.43921006,78.45546181,2023-05-16,2023,5,830,2.615,,
Tehri Reservoir,Ganga Basin,,CWC,30.43921006,78.45546181,2023-05-22,2023,5,830,2.615,,
Tehri Reservoir,Ganga Basin,,CWC,30.43921006,78.45546181,2023-06-03,2023,6,830,2.615,,
Tehri Reservoir,Ganga Basin,,CWC,30.43921006,78.45546181,2023-06-13,2023,6,830,2.615,,
Tehri Reservoir,Ganga Basin,,CWC,30.43921006,78.45546181,2023-06-26,2023,6,830,2.615,,
Tehri Reservoir,Ganga Basin,,CWC,30.43921006,78.45546181,2023-06-02,2023,6,830,2.615,,
Tehri Reservoir,Ganga Basin,,CWC,30.43921006,78.45546181,2023-06-04,2023,6,830,2.615,,
Tehri Reservoir,Ganga Basin,,CWC,30.43921006,78.45546181,2023-06-08,2023,6,830,2.615,0.034,742.3
Tehri Reservoir,Ganga Basin,,CWC,30.43921006,78.45546181,2023-06-10,2023,6,830,2.615,,
Tehri Reservoir,Ganga Basin,,CWC,30.43921006,78.45546181,2023-06-11,2023,6,830,2.615,,
Tehri Reservoir,Ganga Basin,,CWC,30.43921006,78.45546181,2023-06-12,2023,6,830,2.615,,
Tehri Reservoir,Ganga Basin,,CWC,30.43921006,78.45546181,2023-06-14,2023,6,830,2.615,,
Tehri Reservoir,Ganga Basin,,CWC,30.43921006,78.45546181,2023-06-16,2023,6,830,2.615,,
Tehri Reservoir,Ganga Basin,,CWC,30.43921006,78.45546181,2023-06-19,2023,6,830,2.615,,
Tehri Reservoir,Ganga Basin,,CWC,30.43921006,78.45546181,2023-06-22,2023,6,830,2.615,0.06,743.65
Tehri Reservoir,Ganga Basin,,CWC,30.43921006,78.45546181,2023-06-27,2023,6,830,2.615,,
Tehri Reservoir,Ganga Basin,,CWC,30.43921006,78.45546181,2023-06-28,2023,6,830,2.615,,
Tehri Reservoir,Ganga Basin,,CWC,30.43921006,78.45546181,2023-06-01,2023,6,830,2.615,0.061,743.7
Tehri Reservoir,Ganga Basin,,CWC,30.43921006,78.45546181,2023-06-05,2023,6,830,2.615,,
Tehri Reservoir,Ganga Basin,,CWC,30.43921006,78.45546181,2023-06-06,2023,6,830,2.615,,
Tehri Reservoir,Ganga Basin,,CWC,30.43921006,78.45546181,2023-06-18,2023,6,830,2.615,,
Tehri Reservoir,Ganga Basin,,CWC,30.43921006,78.45546181,2023-06-21,2023,6,830,2.615,,
Tehri Reservoir,Ganga Basin,,CWC,30.43921006,78.45546181,2023-06-25,2023,6,830,2.615,,
Tehri Reservoir,Ganga Basin,,CWC,30.43921006,78.45546181,2023-06-29,2023,6,830,2.615,,
Tehri Reservoir,Ganga Basin,,CWC,30.43921006,78.45546181,2023-06-30,2023,6,830,2.615,0.183,749.9
Tehri Reservoir,Ganga Basin,,CWC,30.43921006,78.45546181,2023-06-07,2023,6,830,2.615,,
Tehri Reservoir,Ganga Basin,,CWC,30.43921006,78.45546181,2023-06-17,2023,6,830,2.615,,
Tehri Reservoir,Ganga Basin,,CWC,30.43921006,78.45546181,2023-06-20,2023,6,830,2.615,,
Tehri Reservoir,Ganga Basin,,CWC,30.43921006,78.45546181,2023-06-23,2023,6,830,2.615,,
Tehri Reservoir,Ganga Basin,,CWC,30.43921006,78.45546181,2023-06-24,2023,6,830,2.615,,
Tehri Reservoir,Ganga Basin,,CWC,30.43921006,78.45546181,2023-06-09,2023,6,830,2.615,,
Tehri Reservoir,Ganga Basin,,CWC,30.43921006,78.45546181,2023-06-15,2023,6,830,2.615,0.036,742.4
Tehri Reservoir,Ganga Basin,,CWC,30.43921006,78.45546181,2023-07-04,2023,7,830,2.615,,
Tehri Reservoir,Ganga Basin,,CWC,30.43921006,78.45546181,2023-07-06,2023,7,830,2.615,0.397,759.95
Tehri Reservoir,Ganga Basin,,CWC,30.43921006,78.45546181,2023-07-10,2023,7,830,2.615,,
Tehri Reservoir,Ganga Basin,,CWC,30.43921006,78.45546181,2023-07-14,2023,7,830,2.615,,
Tehri Reservoir,Ganga Basin,,CWC,30.43921006,78.45546181,2023-07-17,2023,7,830,2.615,,
Tehri Reservoir,Ganga Basin,,CWC,30.43921006,78.45546181,2023-07-19,2023,7,830,2.615,,
Tehri Reservoir,Ganga Basin,,CWC,30.43921006,78.45546181,2023-07-25,2023,7,830,2.615,,
Tehri Reservoir,Ganga Basin,,CWC,30.43921006,78.45546181,2023-07-03,2023,7,830,2.615,,
Tehri Reservoir,Ganga Basin,,CWC,30.43921006,78.45546181,2023-07-13,2023,7,830,2.615,0.867,779.1
Tehri Reservoir,Ganga Basin,,CWC,30.43921006,78.45546181,2023-07-21,2023,7,830,2.615,,
Tehri Reservoir,Ganga Basin,,CWC,30.43921006,78.45546181,2023-07-31,2023,7,830,2.615,,
Tehri Reservoir,Ganga Basin,,CWC,30.43921006,78.45546181,2023-07-01,2023,7,830,2.615,,
Tehri Reservoir,Ganga Basin,,CWC,30.43921006,78.45546181,2023-07-05,2023,7,830,2.615,,
Tehri Reservoir,Ganga Basin,,CWC,30.43921006,78.45546181,2023-07-15,2023,7,830,2.615,,
Tehri Reservoir,Ganga Basin,,CWC,30.43921006,78.45546181,2023-07-16,2023,7,830,2.615,,
Tehri Reservoir,Ganga Basin,,CWC,30.43921006,78.45546181,2023-07-18,2023,7,830,2.615,,
Tehri Reservoir,Ganga Basin,,CWC,30.43921006,78.45546181,2023-07-23,2023,7,830,2.615,,
Tehri Reservoir,Ganga Basin,,CWC,30.43921006,78.45546181,2023-07-24,2023,7,830,2.615,,
Tehri Reservoir,Ganga Basin,,CWC,30.43921006,78.45546181,2023-07-26,2023,7,830,2.615,,
Tehri Reservoir,Ganga Basin,,CWC,30.43921006,78.45546181,2023-07-28,2023,7,830,2.615,,
Tehri Reservoir,Ganga Basin,,CWC,30.43921006,78.45546181,2023-07-29,2023,7,830,2.615,,
Tehri Reservoir,Ganga Basin,,CWC,30.43921006,78.45546181,2023-07-07,2023,7,830,2.615,,
Tehri Reservoir,Ganga Basin,,CWC,30.43921006,78.45546181,2023-07-08,2023,7,830,2.615,,
Tehri Reservoir,Ganga Basin,,CWC,30.43921006,78.45546181,2023-07-11,2023,7,830,2.615,,
Tehri Reservoir,Ganga Basin,,CWC,30.43921006,78.45546181,2023-07-22,2023,7,830,2.615,,
Tehri Reservoir,Ganga Basin,,CWC,30.43921006,78.45546181,2023-07-02,2023,7,830,2.615,,
Tehri Reservoir,Ganga Basin,,CWC,30.43921006,78.45546181,2023-07-09,2023,7,830,2.615,,
Tehri Reservoir,Ganga Basin,,CWC,30.43921006,78.45546181,2023-07-12,2023,7,830,2.615,,
Tehri Reservoir,Ganga Basin,,CWC,30.43921006,78.45546181,2023-07-20,2023,7,830,2.615,1.345,795.54
Tehri Reservoir,Ganga Basin,,CWC,30.43921006,78.45546181,2023-07-27,2023,7,830,2.615,1.861,810.86
Tehri Reservoir,Ganga Basin,,CWC,30.43921006,78.45546181,2023-07-30,2023,7,830,2.615,,
Tehri Reservoir,Ganga Basin,,CWC,30.43921006,78.45546181,2023-08-05,2023,8,830,2.615,,
Tehri Reservoir,Ganga Basin,,CWC,30.43921006,78.45546181,2023-08-07,2023,8,830,2.615,,
Tehri Reservoir,Ganga Basin,,CWC,30.43921006,78.45546181,2023-08-10,2023,8,830,2.615,2.067,816.43
Tehri Reservoir,Ganga Basin,,CWC,30.43921006,78.45546181,2023-08-19,2023,8,830,2.615,,
Tehri Reservoir,Ganga Basin,,CWC,30.43921006,78.45546181,2023-08-20,2023,8,830,2.615,,
Tehri Reservoir,Ganga Basin,,CWC,30.43921006,78.45546181,2023-08-09,2023,8,830,2.615,,
Tehri Reservoir,Ganga Basin,,CWC,30.43921006,78.45546181,2023-08-11,2023,8,830,2.615,,
Tehri Reservoir,Ganga Basin,,CWC,30.43921006,78.45546181,2023-08-12,2023,8,830,2.615,,
Tehri Reservoir,Ganga Basin,,CWC,30.43921006,78.45546181,2023-08-13,2023,8,830,2.615,,
Tehri Reservoir,Ganga Basin,,CWC,30.43921006,78.45546181,2023-08-22,2023,8,830,2.615,,
Tehri Reservoir,Ganga Basin,,CWC,30.43921006,78.45546181,2023-08-28,2023,8,830,2.615,,
Tehri Reservoir,Ganga Basin,,CWC,30.43921006,78.45546181,2023-08-01,2023,8,830,2.615,,
Tehri Reservoir,Ganga Basin,,CWC,30.43921006,78.45546181,2023-08-08,2023,8,830,2.615,,
Tehri Reservoir,Ganga Basin,,CWC,30.43921006,78.45546181,2023-08-21,2023,8,830,2.615,,
Tehri Reservoir,Ganga Basin,,CWC,30.43921006,78.45546181,2023-08-23,2023,8,830,2.615,,
Tehri Reservoir,Ganga Basin,,CWC,30.43921006,78.45546181,2023-08-31,2023,8,830,2.615,2.34,823.27
Tehri Reservoir,Ganga Basin,,CWC,30.43921006,78.45546181,2023-08-02,2023,8,830,2.615,,
Tehri Reservoir,Ganga Basin,,CWC,30.43921006,78.45546181,2023-08-03,2023,8,830,2.615,2.001,814.7
Tehri Reservoir,Ganga Basin,,CWC,30.43921006,78.45546181,2023-08-04,2023,8,830,2.615,,
Tehri Reservoir,Ganga Basin,,CWC,30.43921006,78.45546181,2023-08-14,2023,8,830,2.615,,
Tehri Reservoir,Ganga Basin,,CWC,30.43921006,78.45546181,2023-08-16,2023,8,830,2.615,,
Tehri Reservoir,Ganga Basin,,CWC,30.43921006,78.45546181,2023-08-17,2023,8,830,2.615,2.154,818.69
Tehri Reservoir,Ganga Basin,,CWC,30.43921006,78.45546181,2023-08-18,2023,8,830,2.615,,
Tehri Reservoir,Ganga Basin,,CWC,30.43921006,78.45546181,2023-08-24,2023,8,830,2.615,2.246,821.0
Tehri Reservoir,Ganga Basin,,CWC,30.43921006,78.45546181,2023-08-25,2023,8,830,2.615,,
Tehri Reservoir,Ganga Basin,,CWC,30.43921006,78.45546181,2023-08-26,2023,8,830,2.615,,
Tehri Reservoir,Ganga Basin,,CWC,30.43921006,78.45546181,2023-08-29,2023,8,830,2.615,,
Tehri Reservoir,Ganga Basin,,CWC,30.43921006,78.45546181,2023-08-30,2023,8,830,2.615,,
Tehri Reservoir,Ganga Basin,,CWC,30.43921006,78.45546181,2023-08-06,2023,8,830,2.615,,
Tehri Reservoir,Ganga Basin,,CWC,30.43921006,78.45546181,2023-08-15,2023,8,830,2.615,,
Tehri Reservoir,Ganga Basin,,CWC,30.43921006,78.45546181,2023-08-27,2023,8,830,2.615,,
Tehri Reservoir,Ganga Basin,,CWC,30.43921006,78.45546181,2023-09-09,2023,9,830,2.615,,
Tehri Reservoir,Ganga Basin,,CWC,30.43921006,78.45546181,2023-09-10,2023,9,830,2.615,,
Tehri Reservoir,Ganga Basin,,CWC,30.43921006,78.45546181,2023-09-13,2023,9,830,2.615,,
Tehri Reservoir,Ganga Basin,,CWC,30.43921006,78.45546181,2023-09-15,2023,9,830,2.615,,
Tehri Reservoir,Ganga Basin,,CWC,30.43921006,78.45546181,2023-09-19,2023,9,830,2.615,,
Tehri Reservoir,Ganga Basin,,CWC,30.43921006,78.45546181,2023-09-27,2023,9,830,2.615,,
Tehri Reservoir,Ganga Basin,,CWC,30.43921006,78.45546181,2023-09-29,2023,9,830,2.615,2.585,829.12
Tehri Reservoir,Ganga Basin,,CWC,30.43921006,78.45546181,2023-09-02,2023,9,830,2.615,,
Tehri Reservoir,Ganga Basin,,CWC,30.43921006,78.45546181,2023-09-04,2023,9,830,2.615,,
Tehri Reservoir,Ganga Basin,,CWC,30.43921006,78.45546181,2023-09-05,2023,9,830,2.615,,
Tehri Reservoir,Ganga Basin,,CWC,30.43921006,78.45546181,2023-09-18,2023,9,830,2.615,,
Tehri Reservoir,Ganga Basin,,CWC,30.43921006,78.45546181,2023-09-03,2023,9,830,2.615,,
Tehri Reservoir,Ganga Basin,,CWC,30.43921006,78.45546181,2023-09-06,2023,9,830,2.615,2.43,825.44
Tehri Reservoir,Ganga Basin,,CWC,30.43921006,78.45546181,2023-09-07,2023,9,830,2.615,,
Tehri Reservoir,Ganga Basin,,CWC,30.43921006,78.45546181,2023-09-12,2023,9,830,2.615,,
Tehri Reservoir,Ganga Basin,,CWC,30.43921006,78.45546181,2023-09-14,2023,9,830,2.615,2.486,826.81
Tehri Reservoir,Ganga Basin,,CWC,30.43921006,78.45546181,2023-09-24,2023,9,830,2.615,,
Tehri Reservoir,Ganga Basin,,CWC,30.43921006,78.45546181,2023-09-26,2023,9,830,2.615,,
Tehri Reservoir,Ganga Basin,,CWC,30.43921006,78.45546181,2023-09-28,2023,9,830,2.615,,
Tehri Reservoir,Ganga Basin,,CWC,30.43921006,78.45546181,2023-09-08,2023,9,830,2.615,,
Tehri Reservoir,Ganga Basin,,CWC,30.43921006,78.45546181,2023-09-16,2023,9,830,2.615,,
Tehri Reservoir,Ganga Basin,,CWC,30.43921006,78.45546181,2023-09-20,2023,9,830,2.615,,
Tehri Reservoir,Ganga Basin,,CWC,30.43921006,78.45546181,2023-09-21,2023,9,830,2.615,2.548,828.25
Tehri Reservoir,Ganga Basin,,CWC,30.43921006,78.45546181,2023-09-22,2023,9,830,2.615,,
Tehri Reservoir,Ganga Basin,,CWC,30.43921006,78.45546181,2023-09-30,2023,9,830,2.615,,
Tehri Reservoir,Ganga Basin,,CWC,30.43921006,78.45546181,2023-09-01,2023,9,830,2.615,,
Tehri Reservoir,Ganga Basin,,CWC,30.43921006,78.45546181,2023-09-11,2023,9,830,2.615,,
Tehri Reservoir,Ganga Basin,,CWC,30.43921006,78.45546181,2023-09-17,2023,9,830,2.615,,
Tehri Reservoir,Ganga Basin,,CWC,30.43921006,78.45546181,2023-09-23,2023,9,830,2.615,,
Tehri Reservoir,Ganga Basin,,CWC,30.43921006,78.45546181,2023-09-25,2023,9,830,2.615,,
Tehri Reservoir,Ganga Basin,,CWC,30.43921006,78.45546181,2023-10-03,2023,10,830,2.615,,
Tehri Reservoir,Ganga Basin,,CWC,30.43921006,78.45546181,2023-10-05,2023,10,830,2.615,2.586,829.13
Tehri Reservoir,Ganga Basin,,CWC,30.43921006,78.45546181,2023-10-06,2023,10,830,2.615,,
Tehri Reservoir,Ganga Basin,,CWC,30.43921006,78.45546181,2023-10-09,2023,10,830,2.615,,
Tehri Reservoir,Ganga Basin,,CWC,30.43921006,78.45546181,2023-10-11,2023,10,830,2.615,,
Tehri Reservoir,Ganga Basin,,CWC,30.43921006,78.45546181,2023-10-13,2023,10,830,2.615,,
Tehri Reservoir,Ganga Basin,,CWC,30.43921006,78.45546181,2023-10-01,2023,10,830,2.615,,
Tehri Reservoir,Ganga Basin,,CWC,30.43921006,78.45546181,2023-10-02,2023,10,830,2.615,,
Tehri Reservoir,Ganga Basin,,CWC,30.43921006,78.45546181,2023-10-04,2023,10,830,2.615,,
Tehri Reservoir,Ganga Basin,,CWC,30.43921006,78.45546181,2023-10-08,2023,10,830,2.615,,
Tehri Reservoir,Ganga Basin,,CWC,30.43921006,78.45546181,2023-10-10,2023,10,830,2.615,,
Tehri Reservoir,Ganga Basin,,CWC,30.43921006,78.45546181,2023-10-14,2023,10,830,2.615,,
Tehri Reservoir,Ganga Basin,,CWC,30.43921006,78.45546181,2023-10-19,2023,10,830,2.615,2.556,828.48
Tehri Reservoir,Ganga Basin,,CWC,30.43921006,78.45546181,2023-10-30,2023,10,830,2.615,,
Tehri Reservoir,Ganga Basin,,CWC,30.43921006,78.45546181,2023-10-31,2023,10,830,2.615,,
Tehri Reservoir,Ganga Basin,,CWC,30.43921006,78.45546181,2023-10-12,2023,10,830,2.615,2.589,829.17
Tehri Reservoir,Ganga Basin,,CWC,30.43921006,78.45546181,2023-10-16,2023,10,830,2.615,,
Tehri Reservoir,Ganga Basin,,CWC,30.43921006,78.45546181,2023-10-17,2023,10,830,2.615,,
Tehri Reservoir,Ganga Basin,,CWC,30.43921006,78.45546181,2023-10-18,2023,10,830,2.615,,
Tehri Reservoir,Ganga Basin,,CWC,30.43921006,78.45546181,2023-10-07,2023,10,830,2.615,,
Tehri Reservoir,Ganga Basin,,CWC,30.43921006,78.45546181,2023-10-15,2023,10,830,2.615,,
Tehri Reservoir,Ganga Basin,,CWC,30.43921006,78.45546181,2023-10-29,2023,10,830,2.615,,
Tehri Reservoir,Ganga Basin,,CWC,30.43921006,78.45546181,2023-10-20,2023,10,830,2.615,,
Tehri Reservoir,Ganga Basin,,CWC,30.43921006,78.45546181,2023-11-06,2023,11,830,2.615,,
Tehri Reservoir,Ganga Basin,,CWC,30.43921006,78.45546181,2023-11-13,2023,11,830,2.615,,
Tehri Reservoir,Ganga Basin,,CWC,30.43921006,78.45546181,2023-11-14,2023,11,830,2.615,,
Tehri Reservoir,Ganga Basin,,CWC,30.43921006,78.45546181,2023-11-17,2023,11,830,2.615,,
Tehri Reservoir,Ganga Basin,,CWC,30.43921006,78.45546181,2023-11-26,2023,11,830,2.615,,
Tehri Reservoir,Ganga Basin,,CWC,30.43921006,78.45546181,2023-11-19,2023,11,830,2.615,,
Tehri Reservoir,Ganga Basin,,CWC,30.43921006,78.45546181,2023-11-21,2023,11,830,2.615,,
Tehri Reservoir,Ganga Basin,,CWC,30.43921006,78.45546181,2023-11-24,2023,11,830,2.615,,
Tehri Reservoir,Ganga Basin,,CWC,30.43921006,78.45546181,2023-11-25,2023,11,830,2.615,,
Tehri Reservoir,Ganga Basin,,CWC,30.43921006,78.45546181,2023-11-28,2023,11,830,2.615,,
Tehri Reservoir,Ganga Basin,,CWC,30.43921006,78.45546181,2023-11-07,2023,11,830,2.615,,
Tehri Reservoir,Ganga Basin,,CWC,30.43921006,78.45546181,2023-11-10,2023,11,830,2.615,,
Tehri Reservoir,Ganga Basin,,CWC,30.43921006,78.45546181,2023-11-11,2023,11,830,2.615,,
Tehri Reservoir,Ganga Basin,,CWC,30.43921006,78.45546181,2023-11-16,2023,11,830,2.615,2.238,820.8
Tehri Reservoir,Ganga Basin,,CWC,30.43921006,78.45546181,2023-11-18,2023,11,830,2.615,,
Tehri Reservoir,Ganga Basin,,CWC,30.43921006,78.45546181,2023-11-22,2023,11,830,2.615,,
Tehri Reservoir,Ganga Basin,,CWC,30.43921006,78.45546181,2023-11-01,2023,11,830,2.615,,
Tehri Reservoir,Ganga Basin,,CWC,30.43921006,78.45546181,2023-11-02,2023,11,830,2.615,2.392,824.53
Tehri Reservoir,Ganga Basin,,CWC,30.43921006,78.45546181,2023-11-03,2023,11,830,2.615,,
Tehri Reservoir,Ganga Basin,,CWC,30.43921006,78.45546181,2023-11-04,2023,11,830,2.615,,
Tehri Reservoir,Ganga Basin,,CWC,30.43921006,78.45546181,2023-11-05,2023,11,830,2.615,,
Tehri Reservoir,Ganga Basin,,CWC,30.43921006,78.45546181,2023-11-08,2023,11,830,2.615,,
Tehri Reservoir,Ganga Basin,,CWC,30.43921006,78.45546181,2023-11-09,2023,11,830,2.615,2.313,822.67
Tehri Reservoir,Ganga Basin,,CWC,30.43921006,78.45546181,2023-11-12,2023,11,830,2.615,,
Tehri Reservoir,Ganga Basin,,CWC,30.43921006,78.45546181,2023-11-15,2023,11,830,2.615,,
Tehri Reservoir,Ganga Basin,,CWC,30.43921006,78.45546181,2023-11-20,2023,11,830,2.615,,
Tehri Reservoir,Ganga Basin,,CWC,30.43921006,78.45546181,2023-11-23,2023,11,830,2.615,2.162,818.93
Tehri Reservoir,Ganga Basin,,CWC,30.43921006,78.45546181,2023-11-27,2023,11,830,2.615,,
Tehri Reservoir,Ganga Basin,,CWC,30.43921006,78.45546181,2023-11-29,2023,11,830,2.615,,
Tehri Reservoir,Ganga Basin,,CWC,30.43921006,78.45546181,2023-11-30,2023,11,830,2.615,2.121,817.61
Tehri Reservoir,Ganga Basin,,CWC,30.43921006,78.45546181,2023-12-02,2023,12,830,2.615,,
Tehri Reservoir,Ganga Basin,,CWC,30.43921006,78.45546181,2023-12-03,2023,12,830,2.615,,
Tehri Reservoir,Ganga Basin,,CWC,30.43921006,78.45546181,2023-12-28,2023,12,830,2.615,1.774,808.73
Tehri Reservoir,Ganga Basin,,CWC,30.43921006,78.45546181,2023-12-30,2023,12,830,2.615,,
Tehri Reservoir,Ganga Basin,,CWC,30.43921006,78.45546181,2023-12-01,2023,12,830,2.615,,
Tehri Reservoir,Ganga Basin,,CWC,30.43921006,78.45546181,2023-12-20,2023,12,830,2.615,,
Tehri Reservoir,Ganga Basin,,CWC,30.43921006,78.45546181,2023-12-25,2023,12,830,2.615,,
Tehri Reservoir,Ganga Basin,,CWC,30.43921006,78.45546181,2023-12-26,2023,12,830,2.615,,
Tehri Reservoir,Ganga Basin,,CWC,30.43921006,78.45546181,2023-12-06,2023,12,830,2.615,,
Tehri Reservoir,Ganga Basin,,CWC,30.43921006,78.45546181,2023-12-08,2023,12,830,2.615,,
Tehri Reservoir,Ganga Basin,,CWC,30.43921006,78.45546181,2023-12-10,2023,12,830,2.615,,
Tehri Reservoir,Ganga Basin,,CWC,30.43921006,78.45546181,2023-12-11,2023,12,830,2.615,,
Tehri Reservoir,Ganga Basin,,CWC,30.43921006,78.45546181,2023-12-12,2023,12,830,2.615,,
Tehri Reservoir,Ganga Basin,,CWC,30.43921006,78.45546181,2023-12-18,2023,12,830,2.615,,
Tehri Reservoir,Ganga Basin,,CWC,30.43921006,78.45546181,2023-12-21,2023,12,830,2.615,1.883,811.53
Tehri Reservoir,Ganga Basin,,CWC,30.43921006,78.45546181,2023-12-24,2023,12,830,2.615,,
Tehri Reservoir,Ganga Basin,,CWC,30.43921006,78.45546181,2023-12-31,2023,12,830,2.615,,
Tehri Reservoir,Ganga Basin,,CWC,30.43921006,78.45546181,2023-12-05,2023,12,830,2.615,,
Tehri Reservoir,Ganga Basin,,CWC,30.43921006,78.45546181,2023-12-13,2023,12,830,2.615,,
Tehri Reservoir,Ganga Basin,,CWC,30.43921006,78.45546181,2023-12-15,2023,12,830,2.615,,
Tehri Reservoir,Ganga Basin,,CWC,30.43921006,78.45546181,2023-12-16,2023,12,830,2.615,,
Tehri Reservoir,Ganga Basin,,CWC,30.43921006,78.45546181,2023-12-23,2023,12,830,2.615,,
Tehri Reservoir,Ganga Basin,,CWC,30.43921006,78.45546181,2023-12-27,2023,12,830,2.615,,
Tehri Reservoir,Ganga Basin,,CWC,30.43921006,78.45546181,2023-12-29,2023,12,830,2.615,,
Tehri Reservoir,Ganga Basin,,CWC,30.43921006,78.45546181,2023-12-04,2023,12,830,2.615,,
Tehri Reservoir,Ganga Basin,,CWC,30.43921006,78.45546181,2023-12-07,2023,12,830,2.615,2.05,816.01
Tehri Reservoir,Ganga Basin,,CWC,30.43921006,78.45546181,2023-12-09,2023,12,830,2.615,,
Tehri Reservoir,Ganga Basin,,CWC,30.43921006,78.45546181,2023-12-14,2023,12,830,2.615,1.971,813.91
Tehri Reservoir,Ganga Basin,,CWC,30.43921006,78.45546181,2023-12-17,2023,12,830,2.615,,
Tehri Reservoir,Ganga Basin,,CWC,30.43921006,78.45546181,2023-12-19,2023,12,830,2.615,,
Tehri Reservoir,Ganga Basin,,CWC,30.43921006,78.45546181,2023-12-22,2023,12,830,2.615,,
Tehri Reservoir,Ganga Basin,,CWC,30.43921006,78.45546181,2024-01-01,2024,1,830,2.615,,
Tehri Reservoir,Ganga Basin,,CWC,30.43921006,78.45546181,2024-01-03,2024,1,830,2.615,,
Tehri Reservoir,Ganga Basin,,CWC,30.43921006,78.45546181,2024-01-09,2024,1,830,2.615,,
Tehri Reservoir,Ganga Basin,,CWC,30.43921006,78.45546181,2024-01-11,2024,1,830,2.615,1.597,803.33
Tehri Reservoir,Ganga Basin,,CWC,30.43921006,78.45546181,2024-01-17,2024,1,830,2.615,,
Tehri Reservoir,Ganga Basin,,CWC,30.43921006,78.45546181,2024-01-31,2024,1,830,2.615,,
Tehri Reservoir,Ganga Basin,,CWC,30.43921006,78.45546181,2024-01-13,2024,1,830,2.615,,
Tehri Reservoir,Ganga Basin,,CWC,30.43921006,78.45546181,2024-01-14,2024,1,830,2.615,,
Tehri Reservoir,Ganga Basin,,CWC,30.43921006,78.45546181,2024-01-18,2024,1,830,2.615,1.505,800.55
Tehri Reservoir,Ganga Basin,,CWC,30.43921006,78.45546181,2024-01-02,2024,1,830,2.615,,
Tehri Reservoir,Ganga Basin,,CWC,30.43921006,78.45546181,2024-01-06,2024,1,830,2.615,,
Tehri Reservoir,Ganga Basin,,CWC,30.43921006,78.45546181,2024-01-08,2024,1,830,2.615,,
Tehri Reservoir,Ganga Basin,,CWC,30.43921006,78.45546181,2024-01-15,2024,1,830,2.615,,
Tehri Reservoir,Ganga Basin,,CWC,30.43921006,78.45546181,2024-01-16,2024,1,830,2.615,,
Tehri Reservoir,Ganga Basin,,CWC,30.43921006,78.45546181,2024-01-19,2024,1,830,2.615,,
Tehri Reservoir,Ganga Basin,,CWC,30.43921006,78.45546181,2024-01-24,2024,1,830,2.615,,
Tehri Reservoir,Ganga Basin,,CWC,30.43921006,78.45546181,2024-01-28,2024,1,830,2.615,,
Tehri Reservoir,Ganga Basin,,CWC,30.43921006,78.45546181,2024-01-29,2024,1,830,2.615,,
Tehri Reservoir,Ganga Basin,,CWC,30.43921006,78.45546181,2024-01-30,2024,1,830,2.615,,
Tehri Reservoir,Ganga Basin,,CWC,30.43921006,78.45546181,2024-01-04,2024,1,830,2.615,1.683,805.89
Tehri Reservoir,Ganga Basin,,CWC,30.43921006,78.45546181,2024-01-05,2024,1,830,2.615,,
Tehri Reservoir,Ganga Basin,,CWC,30.43921006,78.45546181,2024-01-07,2024,1,830,2.615,,
Tehri Reservoir,Ganga Basin,,CWC,30.43921006,78.45546181,2024-01-21,2024,1,830,2.615,,
Tehri Reservoir,Ganga Basin,,CWC,30.43921006,78.45546181,2024-01-22,2024,1,830,2.615,,
Tehri Reservoir,Ganga Basin,,CWC,30.43921006,78.45546181,2024-01-23,2024,1,830,2.615,,
Tehri Reservoir,Ganga Basin,,CWC,30.43921006,78.45546181,2024-01-25,2024,1,830,2.615,1.397,797.21
Tehri Reservoir,Ganga Basin,,CWC,30.43921006,78.45546181,2024-01-26,2024,1,830,2.615,,
Tehri Reservoir,Ganga Basin,,CWC,30.43921006,78.45546181,2024-01-10,2024,1,830,2.615,,
Tehri Reservoir,Ganga Basin,,CWC,30.43921006,78.45546181,2024-01-12,2024,1,830,2.615,,
Tehri Reservoir,Ganga Basin,,CWC,30.43921006,78.45546181,2024-01-20,2024,1,830,2.615,,
Tehri Reservoir,Ganga Basin,,CWC,30.43921006,78.45546181,2024-01-27,2024,1,830,2.615,,
Tehri Reservoir,Ganga Basin,,CWC,30.43921006,78.45546181,2024-02-09,2024,2,830,2.615,,
Tehri Reservoir,Ganga Basin,,CWC,30.43921006,78.45546181,2024-02-12,2024,2,830,2.615,,
Tehri Reservoir,Ganga Basin,,CWC,30.43921006,78.45546181,2024-02-14,2024,2,830,2.615,,
Tehri Reservoir,Ganga Basin,,CWC,30.43921006,78.45546181,2024-02-16,2024,2,830,2.615,,
Tehri Reservoir,Ganga Basin,,CWC,30.43921006,78.45546181,2024-02-17,2024,2,830,2.615,,
Tehri Reservoir,Ganga Basin,,CWC,30.43921006,78.45546181,2024-02-18,2024,2,830,2.615,,
Tehri Reservoir,Ganga Basin,,CWC,30.43921006,78.45546181,2024-02-19,2024,2,830,2.615,,
Tehri Reservoir,Ganga Basin,,CWC,30.43921006,78.45546181,2024-02-24,2024,2,830,2.615,,
Tehri Reservoir,Ganga Basin,,CWC,30.43921006,78.45546181,2024-02-28,2024,2,830,2.615,,
Tehri Reservoir,Ganga Basin,,CWC,30.43921006,78.45546181,2024-02-04,2024,2,830,2.615,,
Tehri Reservoir,Ganga Basin,,CWC,30.43921006,78.45546181,2024-02-07,2024,2,830,2.615,,
Tehri Reservoir,Ganga Basin,,CWC,30.43921006,78.45546181,2024-02-10,2024,2,830,2.615,,
Tehri Reservoir,Ganga Basin,,CWC,30.43921006,78.45546181,2024-02-13,2024,2,830,2.615,,
Tehri Reservoir,Ganga Basin,,CWC,30.43921006,78.45546181,2024-02-15,2024,2,830,2.615,1.111,787.77
Tehri Reservoir,Ganga Basin,,CWC,30.43921006,78.45546181,2024-02-26,2024,2,830,2.615,,
Tehri Reservoir,Ganga Basin,,CWC,30.43921006,78.45546181,2024-02-29,2024,2,830,2.615,0.949,781.08
Tehri Reservoir,Ganga Basin,,CWC,30.43921006,78.45546181,2024-02-02,2024,2,830,2.615,,
Tehri Reservoir,Ganga Basin,,CWC,30.43921006,78.45546181,2024-02-05,2024,2,830,2.615,,
Tehri Reservoir,Ganga Basin,,CWC,30.43921006,78.45546181,2024-02-11,2024,2,830,2.615,,
Tehri Reservoir,Ganga Basin,,CWC,30.43921006,78.45546181,2024-02-21,2024,2,830,2.615,,
Tehri Reservoir,Ganga Basin,,CWC,30.43921006,78.45546181,2024-02-23,2024,2,830,2.615,,
Tehri Reservoir,Ganga Basin,,CWC,30.43921006,78.45546181,2024-02-27,2024,2,830,2.615,,
Tehri Reservoir,Ganga Basin,,CWC,30.43921006,78.45546181,2024-02-01,2024,2,830,2.615,1.3,794.04
Tehri Reservoir,Ganga Basin,,CWC,30.43921006,78.45546181,2024-02-03,2024,2,830,2.615,,
Tehri Reservoir,Ganga Basin,,CWC,30.43921006,78.45546181,2024-02-06,2024,2,830,2.615,,
Tehri Reservoir,Ganga Basin,,CWC,30.43921006,78.45546181,2024-02-08,2024,2,830,2.615,1.205,791.0
Tehri Reservoir,Ganga Basin,,CWC,30.43921006,78.45546181,2024-02-20,2024,2,830,2.615,,
Tehri Reservoir,Ganga Basin,,CWC,30.43921006,78.45546181,2024-02-22,2024,2,830,2.615,1.046,784.54
Tehri Reservoir,Ganga Basin,,CWC,30.43921006,78.45546181,2024-02-25,2024,2,830,2.615,,
Tehri Reservoir,Ganga Basin,,CWC,30.43921006,78.45546181,2024-03-11,2024,3,830,2.615,,
Tehri Reservoir,Ganga Basin,,CWC,30.43921006,78.45546181,2024-03-17,2024,3,830,2.615,,
Tehri Reservoir,Ganga Basin,,CWC,30.43921006,78.45546181,2024-03-30,2024,3,830,2.615,,
Tehri Reservoir,Ganga Basin,,CWC,30.43921006,78.45546181,2024-03-07,2024,3,830,2.615,0.843,778.18
Tehri Reservoir,Ganga Basin,,CWC,30.43921006,78.45546181,2024-03-09,2024,3,830,2.615,,
Tehri Reservoir,Ganga Basin,,CWC,30.43921006,78.45546181,2024-03-12,2024,3,830,2.615,,
Tehri Reservoir,Ganga Basin,,CWC,30.43921006,78.45546181,2024-03-18,2024,3,830,2.615,,
Tehri Reservoir,Ganga Basin,,CWC,30.43921006,78.45546181,2024-03-19,2024,3,830,2.615,,
Tehri Reservoir,Ganga Basin,,CWC,30.43921006,78.45546181,2024-03-23,2024,3,830,2.615,,
Tehri Reservoir,Ganga Basin,,CWC,30.43921006,78.45546181,2024-03-29,2024,3,830,2.615,,
Tehri Reservoir,Ganga Basin,,CWC,30.43921006,78.45546181,2024-03-01,2024,3,830,2.615,,
Tehri Reservoir,Ganga Basin,,CWC,30.43921006,78.45546181,2024-03-02,2024,3,830,2.615,,
Tehri Reservoir,Ganga Basin,,CWC,30.43921006,78.45546181,2024-03-04,2024,3,830,2.615,,
Tehri Reservoir,Ganga Basin,,CWC,30.43921006,78.45546181,2024-03-05,2024,3,830,2.615,,
Tehri Reservoir,Ganga Basin,,CWC,30.43921006,78.45546181,2024-03-10,2024,3,830,2.615,,
Tehri Reservoir,Ganga Basin,,CWC,30.43921006,78.45546181,2024-03-13,2024,3,830,2.615,,
Tehri Reservoir,Ganga Basin,,CWC,30.43921006,78.45546181,2024-03-16,2024,3,830,2.615,,
Tehri Reservoir,Ganga Basin,,CWC,30.43921006,78.45546181,2024-03-28,2024,3,830,2.615,0.573,767.45
Tehri Reservoir,Ganga Basin,,CWC,30.43921006,78.45546181,2024-03-03,2024,3,830,2.615,,
Tehri Reservoir,Ganga Basin,,CWC,30.43921006,78.45546181,2024-03-08,2024,3,830,2.615,,
Tehri Reservoir,Ganga Basin,,CWC,30.43921006,78.45546181,2024-03-14,2024,3,830,2.615,0.767,775.32
Tehri Reservoir,Ganga Basin,,CWC,30.43921006,78.45546181,2024-03-20,2024,3,830,2.615,,
Tehri Reservoir,Ganga Basin,,CWC,30.43921006,78.45546181,2024-03-21,2024,3,830,2.615,0.681,771.87
Tehri Reservoir,Ganga Basin,,CWC,30.43921006,78.45546181,2024-03-26,2024,3,830,2.615,,
Tehri Reservoir,Ganga Basin,,CWC,30.43921006,78.45546181,2024-03-27,2024,3,830,2.615,,
Tehri Reservoir,Ganga Basin,,CWC,30.43921006,78.45546181,2024-03-06,2024,3,830,2.615,,
Tehri Reservoir,Ganga Basin,,CWC,30.43921006,78.45546181,2024-03-15,2024,3,830,2.615,,
Tehri Reservoir,Ganga Basin,,CWC,30.43921006,78.45546181,2024-03-22,2024,3,830,2.615,,
Tehri Reservoir,Ganga Basin,,CWC,30.43921006,78.45546181,2024-03-24,2024,3,830,2.615,,
Tehri Reservoir,Ganga Basin,,CWC,30.43921006,78.45546181,2024-03-25,2024,3,830,2.615,,
Tehri Reservoir,Ganga Basin,,CWC,30.43921006,78.45546181,2024-03-31,2024,3,830,2.615,,
Tehri Reservoir,Ganga Basin,,CWC,30.43921006,78.45546181,2024-04-01,2024,4,830,2.615,,
Tehri Reservoir,Ganga Basin,,CWC,30.43921006,78.45546181,2024-04-06,2024,4,830,2.615,,
Tehri Reservoir,Ganga Basin,,CWC,30.43921006,78.45546181,2024-04-04,2024,4,830,2.615,0.455,762.48
Tehri Reservoir,Ganga Basin,,CWC,30.43921006,78.45546181,2024-04-05,2024,4,830,2.615,,
Tehri Reservoir,Ganga Basin,,CWC,30.43921006,78.45546181,2024-04-13,2024,4,830,2.615,,
Tehri Reservoir,Ganga Basin,,CWC,30.43921006,78.45546181,2024-04-17,2024,4,830,2.615,,
Tehri Reservoir,Ganga Basin,,CWC,30.43921006,78.45546181,2024-04-20,2024,4,830,2.615,,
Tehri Reservoir,Ganga Basin,,CWC,30.43921006,78.45546181,2024-04-23,2024,4,830,2.615,,
Tehri Reservoir,Ganga Basin,,CWC,30.43921006,78.45546181,2024-04-02,2024,4,830,2.615,,
Tehri Reservoir,Ganga Basin,,CWC,30.43921006,78.45546181,2024-04-08,2024,4,830,2.615,,
Tehri Reservoir,Ganga Basin,,CWC,30.43921006,78.45546181,2024-04-09,2024,4,830,2.615,,
Tehri Reservoir,Ganga Basin,,CWC,30.43921006,78.45546181,2024-04-10,2024,4,830,2.615,,
Tehri Reservoir,Ganga Basin,,CWC,30.43921006,78.45546181,2024-04-12,2024,4,830,2.615,0.33,756.88
Tehri Reservoir,Ganga Basin,,CWC,30.43921006,78.45546181,2024-04-15,2024,4,830,2.615,,
Tehri Reservoir,Ganga Basin,,CWC,30.43921006,78.45546181,2024-04-24,2024,4,830,2.615,,
Tehri Reservoir,Ganga Basin,,CWC,30.43921006,78.45546181,2024-04-25,2024,4,830,2.615,0.146,748.06
Tehri Reservoir,Ganga Basin,,CWC,30.43921006,78.45546181,2024-04-26,2024,4,830,2.615,,
Tehri Reservoir,Ganga Basin,,CWC,30.43921006,78.45546181,2024-04-27,2024,4,830,2.615,,
Tehri Reservoir,Ganga Basin,,CWC,30.43921006,78.45546181,2024-04-28,2024,4,830,2.615,,
Tehri Reservoir,Ganga Basin,,CWC,30.43921006,78.45546181,2024-04-03,2024,4,830,2.615,,
Tehri Reservoir,Ganga Basin,,CWC,30.43921006,78.45546181,2024-04-07,2024,4,830,2.615,,
Tehri Reservoir,Ganga Basin,,CWC,30.43921006,78.45546181,2024-04-11,2024,4,830,2.615,,
Tehri Reservoir,Ganga Basin,,CWC,30.43921006,78.45546181,2024-04-14,2024,4,830,2.615,,
Tehri Reservoir,Ganga Basin,,CWC,30.43921006,78.45546181,2024-04-19,2024,4,830,2.615,,
Tehri Reservoir,Ganga Basin,,CWC,30.43921006,78.45546181,2024-04-22,2024,4,830,2.615,,
Tehri Reservoir,Ganga Basin,,CWC,30.43921006,78.45546181,2024-04-30,2024,4,830,2.615,,
Tehri Reservoir,Ganga Basin,,CWC,30.43921006,78.45546181,2024-04-16,2024,4,830,2.615,,
Tehri Reservoir,Ganga Basin,,CWC,30.43921006,78.45546181,2024-04-18,2024,4,830,2.615,0.241,752.66
Tehri Reservoir,Ganga Basin,,CWC,30.43921006,78.45546181,2024-04-21,2024,4,830,2.615,,
Tehri Reservoir,Ganga Basin,,CWC,30.43921006,78.45546181,2024-04-29,2024,4,830,2.615,,
Tehri Reservoir,Ganga Basin,,CWC,30.43921006,78.45546181,2024-05-29,2024,5,830,2.615,,
Tehri Reservoir,Ganga Basin,,CWC,30.43921006,78.45546181,2024-05-30,2024,5,830,2.615,0.138,747.6
Tehri Reservoir,Ganga Basin,,CWC,30.43921006,78.45546181,2024-05-04,2024,5,830,2.615,,
Tehri Reservoir,Ganga Basin,,CWC,30.43921006,78.45546181,2024-05-08,2024,5,830,2.615,,
Tehri Reservoir,Ganga Basin,,CWC,30.43921006,78.45546181,2024-05-10,2024,5,830,2.615,,
Tehri Reservoir,Ganga Basin,,CWC,30.43921006,78.45546181,2024-05-12,2024,5,830,2.615,,
Tehri Reservoir,Ganga Basin,,CWC,30.43921006,78.45546181,2024-05-17,2024,5,830,2.615,,
Tehri Reservoir,Ganga Basin,,CWC,30.43921006,78.45546181,2024-05-19,2024,5,830,2.615,,
Tehri Reservoir,Ganga Basin,,CWC,30.43921006,78.45546181,2024-05-23,2024,5,830,2.615,,
Tehri Reservoir,Ganga Basin,,CWC,30.43921006,78.45546181,2024-05-02,2024,5,830,2.615,0.062,743.84
Tehri Reservoir,Ganga Basin,,CWC,30.43921006,78.45546181,2024-05-25,2024,5,830,2.615,,
Tehri Reservoir,Ganga Basin,,CWC,30.43921006,78.45546181,2024-05-28,2024,5,830,2.615,,
Tehri Reservoir,Ganga Basin,,CWC,30.43921006,78.45546181,2024-05-31,2024,5,830,2.615,,
Tehri Reservoir,Ganga Basin,,CWC,30.43921006,78.45546181,2024-05-06,2024,5,830,2.615,,
Tehri Reservoir,Ganga Basin,,CWC,30.43921006,78.45546181,2024-05-11,2024,5,830,2.615,,
Tehri Reservoir,Ganga Basin,,CWC,30.43921006,78.45546181,2024-05-18,2024,5,830,2.615,,
Tehri Reservoir,Ganga Basin,,CWC,30.43921006,78.45546181,2024-05-22,2024,5,830,2.615,,
Tehri Reservoir,Ganga Basin,,CWC,30.43921006,78.45546181,2024-05-26,2024,5,830,2.615,,
Tehri Reservoir,Ganga Basin,,CWC,30.43921006,78.45546181,2024-05-27,2024,5,830,2.615,,
Tehri Reservoir,Ganga Basin,,CWC,30.43921006,78.45546181,2024-05-01,2024,5,830,2.615,,
Tehri Reservoir,Ganga Basin,,CWC,30.43921006,78.45546181,2024-05-03,2024,5,830,2.615,,
Tehri Reservoir,Ganga Basin,,CWC,30.43921006,78.45546181,2024-05-09,2024,5,830,2.615,0.058,743.53
Tehri Reservoir,Ganga Basin,,CWC,30.43921006,78.45546181,2024-05-13,2024,5,830,2.615,,
Tehri Reservoir,Ganga Basin,,CWC,30.43921006,78.45546181,2024-05-16,2024,5,830,2.615,0.044,742.87
Tehri Reservoir,Ganga Basin,,CWC,30.43921006,78.45546181,2024-05-20,2024,5,830,2.615,,
Tehri Reservoir,Ganga Basin,,CWC,30.43921006,78.45546181,2024-05-21,2024,5,830,2.615,,
Tehri Reservoir,Ganga Basin,,CWC,30.43921006,78.45546181,2024-05-05,2024,5,830,2.615,,
Tehri Reservoir,Ganga Basin,,CWC,30.43921006,78.45546181,2024-05-07,2024,5,830,2.615,,
Tehri Reservoir,Ganga Basin,,CWC,30.43921006,78.45546181,2024-05-14,2024,5,830,2.615,,
Tehri Reservoir,Ganga Basin,,CWC,30.43921006,78.45546181,2024-05-15,2024,5,830,2.615,,
Tehri Reservoir,Ganga Basin,,CWC,30.43921006,78.45546181,2024-05-24,2024,5,830,2.615,0.061,743.75
Tehri Reservoir,Ganga Basin,,CWC,30.43921006,78.45546181,2024-06-02,2024,6,830,2.615,,
Tehri Reservoir,Ganga Basin,,CWC,30.43921006,78.45546181,2024-06-03,2024,6,830,2.615,,
Tehri Reservoir,Ganga Basin,,CWC,30.43921006,78.45546181,2024-06-07,2024,6,830,2.615,,
Tehri Reservoir,Ganga Basin,,CWC,30.43921006,78.45546181,2024-06-10,2024,6,830,2.615,,
Tehri Reservoir,Ganga Basin,,CWC,30.43921006,78.45546181,2024-06-13,2024,6,830,2.615,0.319,756.64
Tehri Reservoir,Ganga Basin,,CWC,30.43921006,78.45546181,2024-06-19,2024,6,830,2.615,,
Tehri Reservoir,Ganga Basin,,CWC,30.43921006,78.45546181,2024-06-21,2024,6,830,2.615,,
Tehri Reservoir,Ganga Basin,,CWC,30.43921006,78.45546181,2024-06-28,2024,6,830,2.615,,
Tehri Reservoir,Ganga Basin,,CWC,30.43921006,78.45546181,2024-06-01,2024,6,830,2.615,0.138,747.6
Tehri Reservoir,Ganga Basin,,CWC,30.43921006,78.45546181,2024-06-11,2024,6,830,2.615,,
Tehri Reservoir,Ganga Basin,,CWC,30.43921006,78.45546181,2024-06-12,2024,6,830,2.615,,
Tehri Reservoir,Ganga Basin,,CWC,30.43921006,78.45546181,2024-06-17,2024,6,830,2.615,,
Tehri Reservoir,Ganga Basin,,CWC,30.43921006,78.45546181,2024-06-20,2024,6,830,2.615,0.478,763.49
Tehri Reservoir,Ganga Basin,,CWC,30.43921006,78.45546181,2024-06-08,2024,6,830,2.615,,
Tehri Reservoir,Ganga Basin,,CWC,30.43921006,78.45546181,2024-06-09,2024,6,830,2.615,,
Tehri Reservoir,Ganga Basin,,CWC,30.43921006,78.45546181,2024-06-15,2024,6,830,2.615,,
Tehri Reservoir,Ganga Basin,,CWC,30.43921006,78.45546181,2024-06-18,2024,6,830,2.615,,
Tehri Reservoir,Ganga Basin,,CWC,30.43921006,78.45546181,2024-06-22,2024,6,830,2.615,,
Tehri Reservoir,Ganga Basin,,CWC,30.43921006,78.45546181,2024-06-23,2024,6,830,2.615,,
Tehri Reservoir,Ganga Basin,,CWC,30.43921006,78.45546181,2024-06-25,2024,6,830,2.615,,
Tehri Reservoir,Ganga Basin,,CWC,30.43921006,78.45546181,2024-06-29,2024,6,830,2.615,,
Tehri Reservoir,Ganga Basin,,CWC,30.43921006,78.45546181,2024-06-30,2024,6,830,2.615,,
Tehri Reservoir,Ganga Basin,,CWC,30.43921006,78.45546181,2024-06-04,2024,6,830,2.615,,
Tehri Reservoir,Ganga Basin,,CWC,30.43921006,78.45546181,2024-06-05,2024,6,830,2.615,,
Tehri Reservoir,Ganga Basin,,CWC,30.43921006,78.45546181,2024-06-14,2024,6,830,2.615,,
Tehri Reservoir,Ganga Basin,,CWC,30.43921006,78.45546181,2024-06-16,2024,6,830,2.615,,
Tehri Reservoir,Ganga Basin,,CWC,30.43921006,78.45546181,2024-06-26,2024,6,830,2.615,,
Tehri Reservoir,Ganga Basin,,CWC,30.43921006,78.45546181,2024-06-27,2024,6,830,2.615,0.621,769.49
Tehri Reservoir,Ganga Basin,,CWC,30.43921006,78.45546181,2024-06-06,2024,6,830,2.615,0.214,751.4
Tehri Reservoir,Ganga Basin,,CWC,30.43921006,78.45546181,2024-06-24,2024,6,830,2.615,,
Tehri Reservoir,Ganga Basin,,CWC,30.43921006,78.45546181,2024-07-03,2024,7,830,2.615,,
Tehri Reservoir,Ganga Basin,,CWC,30.43921006,78.45546181,2024-07-12,2024,7,830,2.615,,
Tehri Reservoir,Ganga Basin,,CWC,30.43921006,78.45546181,2024-07-15,2024,7,830,2.615,,
Tehri Reservoir,Ganga Basin,,CWC,30.43921006,78.45546181,2024-07-17,2024,7,830,2.615,,
Tehri Reservoir,Ganga Basin,,CWC,30.43921006,78.45546181,2024-07-18,2024,7,830,2.615,0.966,782.68
Tehri Reservoir,Ganga Basin,,CWC,30.43921006,78.45546181,2024-07-22,2024,7,830,2.615,,
Tehri Reservoir,Ganga Basin,,CWC,30.43921006,78.45546181,2024-07-23,2024,7,830,2.615,,
Tehri Reservoir,Ganga Basin,,CWC,30.43921006,78.45546181,2024-07-24,2024,7,830,2.615,,
Tehri Reservoir,Ganga Basin,,CWC,30.43921006,78.45546181,2024-07-28,2024,7,830,2.615,,
Tehri Reservoir,Ganga Basin,,CWC,30.43921006,78.45546181,2024-07-02,2024,7,830,2.615,,
Tehri Reservoir,Ganga Basin,,CWC,30.43921006,78.45546181,2024-07-04,2024,7,830,2.615,0.884,779.7
Tehri Reservoir,Ganga Basin,,CWC,30.43921006,78.45546181,2024-07-05,2024,7,830,2.615,,
Tehri Reservoir,Ganga Basin,,CWC,30.43921006,78.45546181,2024-07-06,2024,7,830,2.615,,
Tehri Reservoir,Ganga Basin,,CWC,30.43921006,78.45546181,2024-07-11,2024,7,830,2.615,1.065,786.21
Tehri Reservoir,Ganga Basin,,CWC,30.43921006,78.45546181,2024-07-14,2024,7,830,2.615,,
Tehri Reservoir,Ganga Basin,,CWC,30.43921006,78.45546181,2024-07-27,2024,7,830,2.615,,
Tehri Reservoir,Ganga Basin,,CWC,30.43921006,78.45546181,2024-07-01,2024,7,830,2.615,,
Tehri Reservoir,Ganga Basin,,CWC,30.43921006,78.45546181,2024-07-07,2024,7,830,2.615,,
Tehri Reservoir,Ganga Basin,,CWC,30.43921006,78.45546181,2024-07-09,2024,7,830,2.615,,
Tehri Reservoir,Ganga Basin,,CWC,30.43921006,78.45546181,2024-07-13,2024,7,830,2.615,,
Tehri Reservoir,Ganga Basin,,CWC,30.43921006,78.45546181,2024-07-16,2024,7,830,2.615,,
Tehri Reservoir,Ganga Basin,,CWC,30.43921006,78.45546181,2024-07-21,2024,7,830,2.615,,
Tehri Reservoir,Ganga Basin,,CWC,30.43921006,78.45546181,2024-07-26,2024,7,830,2.615,,
Tehri Reservoir,Ganga Basin,,CWC,30.43921006,78.45546181,2024-07-08,2024,7,830,2.615,,
Tehri Reservoir,Ganga Basin,,CWC,30.43921006,78.45546181,2024-07-10,2024,7,830,2.615,,
Tehri Reservoir,Ganga Basin,,CWC,30.43921006,78.45546181,2024-07-20,2024,7,830,2.615,,
Tehri Reservoir,Ganga Basin,,CWC,30.43921006,78.45546181,2024-07-25,2024,7,830,2.615,1.026,784.87
Tehri Reservoir,Ganga Basin,,CWC,30.43921006,78.45546181,2024-07-29,2024,7,830,2.615,,
Tehri Reservoir,Ganga Basin,,CWC,30.43921006,78.45546181,2024-07-30,2024,7,830,2.615,,
Tehri Reservoir,Ganga Basin,,CWC,30.43921006,78.45546181,2024-07-19,2024,7,830,2.615,,
Tehri Reservoir,Ganga Basin,,CWC,30.43921006,78.45546181,2024-07-31,2024,7,830,2.615,,
Tehri Reservoir,Ganga Basin,,CWC,30.43921006,78.45546181,2024-08-04,2024,8,830,2.615,,
Tehri Reservoir,Ganga Basin,,CWC,30.43921006,78.45546181,2024-08-05,2024,8,830,2.615,,
Tehri Reservoir,Ganga Basin,,CWC,30.43921006,78.45546181,2024-08-06,2024,8,830,2.615,,
Tehri Reservoir,Ganga Basin,,CWC,30.43921006,78.45546181,2024-08-15,2024,8,830,2.615,,
Tehri Reservoir,Ganga Basin,,CWC,30.43921006,78.45546181,2024-08-16,2024,8,830,2.615,1.811,809.51
Tehri Reservoir,Ganga Basin,,CWC,30.43921006,78.45546181,2024-08-24,2024,8,830,2.615,,
Tehri Reservoir,Ganga Basin,,CWC,30.43921006,78.45546181,2024-08-31,2024,8,830,2.615,,
Tehri Reservoir,Ganga Basin,,CWC,30.43921006,78.45546181,2024-08-03,2024,8,830,2.615,,
Tehri Reservoir,Ganga Basin,,CWC,30.43921006,78.45546181,2024-08-09,2024,8,830,2.615,,
Tehri Reservoir,Ganga Basin,,CWC,30.43921006,78.45546181,2024-08-12,2024,8,830,2.615,,
Tehri Reservoir,Ganga Basin,,CWC,30.43921006,78.45546181,2024-08-14,2024,8,830,2.615,,
Tehri Reservoir,Ganga Basin,,CWC,30.43921006,78.45546181,2024-08-19,2024,8,830,2.615,,
Tehri Reservoir,Ganga Basin,,CWC,30.43921006,78.45546181,2024-08-21,2024,8,830,2.615,,
Tehri Reservoir,Ganga Basin,,CWC,30.43921006,78.45546181,2024-08-27,2024,8,830,2.615,,
Tehri Reservoir,Ganga Basin,,CWC,30.43921006,78.45546181,2024-08-10,2024,8,830,2.615,,
Tehri Reservoir,Ganga Basin,,CWC,30.43921006,78.45546181,2024-08-25,2024,8,830,2.615,,
Tehri Reservoir,Ganga Basin,,CWC,30.43921006,78.45546181,2024-08-28,2024,8,830,2.615,,
Tehri Reservoir,Ganga Basin,,CWC,30.43921006,78.45546181,2024-08-30,2024,8,830,2.615,,
Tehri Reservoir,Ganga Basin,,CWC,30.43921006,78.45546181,2024-08-11,2024,8,830,2.615,,
Tehri Reservoir,Ganga Basin,,CWC,30.43921006,78.45546181,2024-08-13,2024,8,830,2.615,,
Tehri Reservoir,Ganga Basin,,CWC,30.43921006,78.45546181,2024-08-20,2024,8,830,2.615,,
Tehri Reservoir,Ganga Basin,,CWC,30.43921006,78.45546181,2024-08-22,2024,8,830,2.615,2.012,815.0
Tehri Reservoir,Ganga Basin,,CWC,30.43921006,78.45546181,2024-08-23,2024,8,830,2.615,,
Tehri Reservoir,Ganga Basin,,CWC,30.43921006,78.45546181,2024-08-26,2024,8,830,2.615,,
Tehri Reservoir,Ganga Basin,,CWC,30.43921006,78.45546181,2024-08-01,2024,8,830,2.615,1.319,794.66
Tehri Reservoir,Ganga Basin,,CWC,30.43921006,78.45546181,2024-08-02,2024,8,830,2.615,,
Tehri Reservoir,Ganga Basin,,CWC,30.43921006,78.45546181,2024-08-07,2024,8,830,2.615,,
Tehri Reservoir,Ganga Basin,,CWC,30.43921006,78.45546181,2024-08-08,2024,8,830,2.615,1.551,801.11
Tehri Reservoir,Ganga Basin,,CWC,30.43921006,78.45546181,2024-08-17,2024,8,830,2.615,,
Tehri Reservoir,Ganga Basin,,CWC,30.43921006,78.45546181,2024-08-18,2024,8,830,2.615,,
Tehri Reservoir,Ganga Basin,,CWC,30.43921006,78.45546181,2024-08-29,2024,8,830,2.615,2.238,820.8
Tehri Reservoir,Ganga Basin,,CWC,30.43921006,78.45546181,2024-09-04,2024,9,830,2.615,,
Tehri Reservoir,Ganga Basin,,CWC,30.43921006,78.45546181,2024-09-06,2024,9,830,2.615,,
Tehri Reservoir,Ganga Basin,,CWC,30.43921006,78.45546181,2024-09-16,2024,9,830,2.615,,
Tehri Reservoir,Ganga Basin,,CWC,30.43921006,78.45546181,2024-09-17,2024,9,830,2.615,,
Tehri Reservoir,Ganga Basin,,CWC,30.43921006,78.45546181,2024-09-02,2024,9,830,2.615,,
Tehri Reservoir,Ganga Basin,,CWC,30.43921006,78.45546181,2024-09-03,2024,9,830,2.615,,
Tehri Reservoir,Ganga Basin,,CWC,30.43921006,78.45546181,2024-09-07,2024,9,830,2.615,,
Tehri Reservoir,Ganga Basin,,CWC,30.43921006,78.45546181,2024-09-10,2024,9,830,2.615,,
Tehri Reservoir,Ganga Basin,,CWC,30.43921006,78.45546181,2024-09-19,2024,9,830,2.615,2.52,827.56
Tehri Reservoir,Ganga Basin,,CWC,30.43921006,78.45546181,2024-09-22,2024,9,830,2.615,,
Tehri Reservoir,Ganga Basin,,CWC,30.43921006,78.45546181,2024-09-29,2024,9,830,2.615,,
Tehri Reservoir,Ganga Basin,,CWC,30.43921006,78.45546181,2024-09-01,2024,9,830,2.615,,
Tehri Reservoir,Ganga Basin,,CWC,30.43921006,78.45546181,2024-09-05,2024,9,830,2.615,2.461,826.22
Tehri Reservoir,Ganga Basin,,CWC,30.43921006,78.45546181,2024-09-09,2024,9,830,2.615,,
Tehri Reservoir,Ganga Basin,,CWC,30.43921006,78.45546181,2024-09-15,2024,9,830,2.615,,
Tehri Reservoir,Ganga Basin,,CWC,30.43921006,78.45546181,2024-09-18,2024,9,830,2.615,,
Tehri Reservoir,Ganga Basin,,CWC,30.43921006,78.45546181,2024-09-23,2024,9,830,2.615,,
Tehri Reservoir,Ganga Basin,,CWC,30.43921006,78.45546181,2024-09-11,2024,9,830,2.615,,
Tehri Reservoir,Ganga Basin,,CWC,30.43921006,78.45546181,2024-09-12,2024,9,830,2.615,2.48,826.71
Tehri Reservoir,Ganga Basin,,CWC,30.43921006,78.45546181,2024-09-14,2024,9,830,2.615,,
Tehri Reservoir,Ganga Basin,,CWC,30.43921006,78.45546181,2024-09-20,2024,9,830,2.615,,
Tehri Reservoir,Ganga Basin,,CWC,30.43921006,78.45546181,2024-09-24,2024,9,830,2.615,,
Tehri Reservoir,Ganga Basin,,CWC,30.43921006,78.45546181,2024-09-26,2024,9,830,2.615,2.546,828.2
Tehri Reservoir,Ganga Basin,,CWC,30.43921006,78.45546181,2024-09-28,2024,9,830,2.615,,
Tehri Reservoir,Ganga Basin,,CWC,30.43921006,78.45546181,2024-09-30,2024,9,830,2.615,,
Tehri Reservoir,Ganga Basin,,CWC,30.43921006,78.45546181,2024-09-08,2024,9,830,2.615,,
Tehri Reservoir,Ganga Basin,,CWC,30.43921006,78.45546181,2024-09-13,2024,9,830,2.615,,
Tehri Reservoir,Ganga Basin,,CWC,30.43921006,78.45546181,2024-09-21,2024,9,830,2.615,,
Tehri Reservoir,Ganga Basin,,CWC,30.43921006,78.45546181,2024-09-25,2024,9,830,2.615,,
Tehri Reservoir,Ganga Basin,,CWC,30.43921006,78.45546181,2024-09-27,2024,9,830,2.615,,
Tehri Reservoir,Ganga Basin,,CWC,30.43921006,78.45546181,2024-10-08,2024,10,830,2.615,,
Tehri Reservoir,Ganga Basin,,CWC,30.43921006,78.45546181,2024-10-22,2024,10,830,2.615,,
Tehri Reservoir,Ganga Basin,,CWC,30.43921006,78.45546181,2024-10-25,2024,10,830,2.615,,
Tehri Reservoir,Ganga Basin,,CWC,30.43921006,78.45546181,2024-10-28,2024,10,830,2.615,,
Tehri Reservoir,Ganga Basin,,CWC,30.43921006,78.45546181,2024-10-31,2024,10,830,2.615,,
Tehri Reservoir,Ganga Basin,,CWC,30.43921006,78.45546181,2024-10-02,2024,10,830,2.615,,
Tehri Reservoir,Ganga Basin,,CWC,30.43921006,78.45546181,2024-10-03,2024,10,830,2.615,2.611,829.69
Tehri Reservoir,Ganga Basin,,CWC,30.43921006,78.45546181,2024-10-05,2024,10,830,2.615,,
Tehri Reservoir,Ganga Basin,,CWC,30.43921006,78.45546181,2024-10-07,2024,10,830,2.615,,
Tehri Reservoir,Ganga Basin,,CWC,30.43921006,78.45546181,2024-10-09,2024,10,830,2.615,,
Tehri Reservoir,Ganga Basin,,CWC,30.43921006,78.45546181,2024-10-14,2024,10,830,2.615,,
Tehri Reservoir,Ganga Basin,,CWC,30.43921006,78.45546181,2024-10-18,2024,10,830,2.615,,
Tehri Reservoir,Ganga Basin,,CWC,30.43921006,78.45546181,2024-10-23,2024,10,830,2.615,,
Tehri Reservoir,Ganga Basin,,CWC,30.43921006,78.45546181,2024-10-27,2024,10,830,2.615,,
Tehri Reservoir,Ganga Basin,,CWC,30.43921006,78.45546181,2024-10-01,2024,10,830,2.615,,
Tehri Reservoir,Ganga Basin,,CWC,30.43921006,78.45546181,2024-10-04,2024,10,830,2.615,,
Tehri Reservoir,Ganga Basin,,CWC,30.43921006,78.45546181,2024-10-11,2024,10,830,2.615,,
Tehri Reservoir,Ganga Basin,,CWC,30.43921006,78.45546181,2024-10-15,2024,10,830,2.615,,
Tehri Reservoir,Ganga Basin,,CWC,30.43921006,78.45546181,2024-10-17,2024,10,830,2.615,2.589,829.21
Tehri Reservoir,Ganga Basin,,CWC,30.43921006,78.45546181,2024-10-19,2024,10,830,2.615,,
Tehri Reservoir,Ganga Basin,,CWC,30.43921006,78.45546181,2024-10-24,2024,10,830,2.615,2.572,828.79
Tehri Reservoir,Ganga Basin,,CWC,30.43921006,78.45546181,2024-10-26,2024,10,830,2.615,,
Tehri Reservoir,Ganga Basin,,CWC,30.43921006,78.45546181,2024-10-16,2024,10,830,2.615,,
Tehri Reservoir,Ganga Basin,,CWC,30.43921006,78.45546181,2024-10-21,2024,10,830,2.615,,
Tehri Reservoir,Ganga Basin,,CWC,30.43921006,78.45546181,2024-10-06,2024,10,830,2.615,,
Tehri Reservoir,Ganga Basin,,CWC,30.43921006,78.45546181,2024-10-10,2024,10,830,2.615,2.606,829.6
Tehri Reservoir,Ganga Basin,,CWC,30.43921006,78.45546181,2024-10-12,2024,10,830,2.615,,
Tehri Reservoir,Ganga Basin,,CWC,30.43921006,78.45546181,2024-10-13,2024,10,830,2.615,,
Tehri Reservoir,Ganga Basin,,CWC,30.43921006,78.45546181,2024-10-20,2024,10,830,2.615,,
Tehri Reservoir,Ganga Basin,,CWC,30.43921006,78.45546181,2024-10-29,2024,10,830,2.615,,
Tehri Reservoir,Ganga Basin,,CWC,30.43921006,78.45546181,2024-10-30,2024,10,830,2.615,,
Tehri Reservoir,Ganga Basin,,CWC,30.43921006,78.45546181,2024-11-04,2024,11,830,2.615,,
Tehri Reservoir,Ganga Basin,,CWC,30.43921006,78.45546181,2024-11-09,2024,11,830,2.615,,
Tehri Reservoir,Ganga Basin,,CWC,30.43921006,78.45546181,2024-11-17,2024,11,830,2.615,,
Tehri Reservoir,Ganga Basin,,CWC,30.43921006,78.45546181,2024-11-25,2024,11,830,2.615,,
Tehri Reservoir,Ganga Basin,,CWC,30.43921006,78.45546181,2024-11-28,2024,11,830,2.615,2.375,824.05
Tehri Reservoir,Ganga Basin,,CWC,30.43921006,78.45546181,2024-11-06,2024,11,830,2.615,,
Tehri Reservoir,Ganga Basin,,CWC,30.43921006,78.45546181,2024-11-07,2024,11,830,2.615,2.508,827.33
Tehri Reservoir,Ganga Basin,,CWC,30.43921006,78.45546181,2024-11-20,2024,11,830,2.615,,
Tehri Reservoir,Ganga Basin,,CWC,30.43921006,78.45546181,2024-11-30,2024,11,830,2.615,,
Tehri Reservoir,Ganga Basin,,CWC,30.43921006,78.45546181,2024-11-18,2024,11,830,2.615,,
Tehri Reservoir,Ganga Basin,,CWC,30.43921006,78.45546181,2024-11-22,2024,11,830,2.615,,
Tehri Reservoir,Ganga Basin,,CWC,30.43921006,78.45546181,2024-11-26,2024,11,830,2.615,,
Tehri Reservoir,Ganga Basin,,CWC,30.43921006,78.45546181,2024-11-29,2024,11,830,2.615,,
Tehri Reservoir,Ganga Basin,,CWC,30.43921006,78.45546181,2024-11-01,2024,11,830,2.615,2.537,827.97
Tehri Reservoir,Ganga Basin,,CWC,30.43921006,78.45546181,2024-11-02,2024,11,830,2.615,,
Tehri Reservoir,Ganga Basin,,CWC,30.43921006,78.45546181,2024-11-08,2024,11,830,2.615,,
Tehri Reservoir,Ganga Basin,,CWC,30.43921006,78.45546181,2024-11-12,2024,11,830,2.615,,
Tehri Reservoir,Ganga Basin,,CWC,30.43921006,78.45546181,2024-11-14,2024,11,830,2.615,2.467,826.38
Tehri Reservoir,Ganga Basin,,CWC,30.43921006,78.45546181,2024-11-15,2024,11,830,2.615,,
Tehri Reservoir,Ganga Basin,,CWC,30.43921006,78.45546181,2024-11-21,2024,11,830,2.615,2.427,825.38
Tehri Reservoir,Ganga Basin,,CWC,30.43921006,78.45546181,2024-11-03,2024,11,830,2.615,,
Tehri Reservoir,Ganga Basin,,CWC,30.43921006,78.45546181,2024-11-05,2024,11,830,2.615,,
Tehri Reservoir,Ganga Basin,,CWC,30.43921006,78.45546181,2024-11-10,2024,11,830,2.615,,
Tehri Reservoir,Ganga Basin,,CWC,30.43921006,78.45546181,2024-11-11,2024,11,830,2.615,,
Tehri Reservoir,Ganga Basin,,CWC,30.43921006,78.45546181,2024-11-13,2024,11,830,2.615,,
Tehri Reservoir,Ganga Basin,,CWC,30.43921006,78.45546181,2024-11-16,2024,11,830,2.615,,
Tehri Reservoir,Ganga Basin,,CWC,30.43921006,78.45546181,2024-11-19,2024,11,830,2.615,,
Tehri Reservoir,Ganga Basin,,CWC,30.43921006,78.45546181,2024-11-23,2024,11,830,2.615,,
Tehri Reservoir,Ganga Basin,,CWC,30.43921006,78.45546181,2024-11-24,2024,11,830,2.615,,
Tehri Reservoir,Ganga Basin,,CWC,30.43921006,78.45546181,2024-11-27,2024,11,830,2.615,,
Tehri Reservoir,Ganga Basin,,CWC,30.43921006,78.45546181,2024-12-11,2024,12,830,2.615,,
Tehri Reservoir,Ganga Basin,,CWC,30.43921006,78.45546181,2024-12-13,2024,12,830,2.615,,
Tehri Reservoir,Ganga Basin,,CWC,30.43921006,78.45546181,2024-12-18,2024,12,830,2.615,,
Tehri Reservoir,Ganga Basin,,CWC,30.43921006,78.45546181,2024-12-23,2024,12,830,2.615,,
Tehri Reservoir,Ganga Basin,,CWC,30.43921006,78.45546181,2024-12-24,2024,12,830,2.615,,
Tehri Reservoir,Ganga Basin,,CWC,30.43921006,78.45546181,2024-12-05,2024,12,830,2.615,2.315,822.68
Tehri Reservoir,Ganga Basin,,CWC,30.43921006,78.45546181,2024-12-06,2024,12,830,2.615,,
Tehri Reservoir,Ganga Basin,,CWC,30.43921006,78.45546181,2024-12-07,2024,12,830,2.615,,
Tehri Reservoir,Ganga Basin,,CWC,30.43921006,78.45546181,2024-12-08,2024,12,830,2.615,,
Tehri Reservoir,Ganga Basin,,CWC,30.43921006,78.45546181,2024-12-26,2024,12,830,2.615,2.016,815.14
Tehri Reservoir,Ganga Basin,,CWC,30.43921006,78.45546181,2024-12-02,2024,12,830,2.615,,
Tehri Reservoir,Ganga Basin,,CWC,30.43921006,78.45546181,2024-12-14,2024,12,830,2.615,,
Tehri Reservoir,Ganga Basin,,CWC,30.43921006,78.45546181,2024-12-27,2024,12,830,2.615,,
Tehri Reservoir,Ganga Basin,,CWC,30.43921006,78.45546181,2024-12-29,2024,12,830,2.615,,
Tehri Reservoir,Ganga Basin,,CWC,30.43921006,78.45546181,2024-12-30,2024,12,830,2.615,,
Tehri Reservoir,Ganga Basin,,CWC,30.43921006,78.45546181,2024-12-03,2024,12,830,2.615,,
Tehri Reservoir,Ganga Basin,,CWC,30.43921006,78.45546181,2024-12-09,2024,12,830,2.615,,
Tehri Reservoir,Ganga Basin,,CWC,30.43921006,78.45546181,2024-12-12,2024,12,830,2.615,,
Tehri Reservoir,Ganga Basin,,CWC,30.43921006,78.45546181,2024-12-16,2024,12,830,2.615,,
Tehri Reservoir,Ganga Basin,,CWC,30.43921006,78.45546181,2024-12-19,2024,12,830,2.615,2.129,818.08
Tehri Reservoir,Ganga Basin,,CWC,30.43921006,78.45546181,2024-12-21,2024,12,830,2.615,,
Tehri Reservoir,Ganga Basin,,CWC,30.43921006,78.45546181,2024-12-22,2024,12,830,2.615,,
Tehri Reservoir,Ganga Basin,,CWC,30.43921006,78.45546181,2024-12-04,2024,12,830,2.615,,
Tehri Reservoir,Ganga Basin,,CWC,30.43921006,78.45546181,2024-12-10,2024,12,830,2.615,,
Tehri Reservoir,Ganga Basin,,CWC,30.43921006,78.45546181,2024-12-15,2024,12,830,2.615,,
Tehri Reservoir,Ganga Basin,,CWC,30.43921006,78.45546181,2024-12-17,2024,12,830,2.615,,
Tehri Reservoir,Ganga Basin,,CWC,30.43921006,78.45546181,2024-12-20,2024,12,830,2.615,,
Tehri Reservoir,Ganga Basin,,CWC,30.43921006,78.45546181,2024-12-25,2024,12,830,2.615,,
Tehri Reservoir,Ganga Basin,,CWC,30.43921006,78.45546181,2024-12-28,2024,12,830,2.615,,
Tehri Reservoir,Ganga Basin,,CWC,30.43921006,78.45546181,2024-12-31,2024,12,830,2.615,,
Tehri Reservoir,Ganga Basin,,CWC,30.43921006,78.45546181,2024-12-01,2024,12,830,2.615,,
Tehri Reservoir,Ganga Basin,,CWC,30.43921006,78.45546181,2025-01-03,2025,1,830,2.615,,
Tehri Reservoir,Ganga Basin,,CWC,30.43921006,78.45546181,2025-01-14,2025,1,830,2.615,,
Tehri Reservoir,Ganga Basin,,CWC,30.43921006,78.45546181,2025-01-30,2025,1,830,2.615,1.595,803.27
Tehri Reservoir,Ganga Basin,,CWC,30.43921006,78.45546181,2025-01-06,2025,1,830,2.615,,
Tehri Reservoir,Ganga Basin,,CWC,30.43921006,78.45546181,2025-01-12,2025,1,830,2.615,,
Tehri Reservoir,Ganga Basin,,CWC,30.43921006,78.45546181,2025-01-13,2025,1,830,2.615,,
Tehri Reservoir,Ganga Basin,,CWC,30.43921006,78.45546181,2025-01-31,2025,1,830,2.615,,
Tehri Reservoir,Ganga Basin,,CWC,30.43921006,78.45546181,2025-01-01,2025,1,830,2.615,,
Tehri Reservoir,Ganga Basin,,CWC,30.43921006,78.45546181,2025-01-07,2025,1,830,2.615,,
Tehri Reservoir,Ganga Basin,,CWC,30.43921006,78.45546181,2025-01-08,2025,1,830,2.615,,
Tehri Reservoir,Ganga Basin,,CWC,30.43921006,78.45546181,2025-01-11,2025,1,830,2.615,,
Tehri Reservoir,Ganga Basin,,CWC,30.43921006,78.45546181,2025-01-02,2025,1,830,2.615,1.912,812.26
Tehri Reservoir,Ganga Basin,,CWC,30.43921006,78.45546181,2025-01-05,2025,1,830,2.615,,
Tehri Reservoir,Ganga Basin,,CWC,30.43921006,78.45546181,2025-01-10,2025,1,830,2.615,,
Tehri Reservoir,Ganga Basin,,CWC,30.43921006,78.45546181,2025-01-04,2025,1,830,2.615,,
Tehri Reservoir,Ganga Basin,,CWC,30.43921006,78.45546181,2025-01-09,2025,1,830,2.615,1.833,810.12
Tehri Reservoir,Ganga Basin,,CWC,30.43921006,78.45546181,2025-01-29,2025,1,830,2.615,,
Tehri Reservoir,Ganga Basin,,CWC,30.43921006,78.45546181,2025-02-16,2025,2,830,2.615,,
Tehri Reservoir,Ganga Basin,,CWC,30.43921006,78.45546181,2025-02-23,2025,2,830,2.615,,
Tehri Reservoir,Ganga Basin,,CWC,30.43921006,78.45546181,2025-02-27,2025,2,830,2.615,0.957,782.39
Tehri Reservoir,Ganga Basin,,CWC,30.43921006,78.45546181,2025-02-01,2025,2,830,2.615,,
Tehri Reservoir,Ganga Basin,,CWC,30.43921006,78.45546181,2025-02-02,2025,2,830,2.615,,
Tehri Reservoir,Ganga Basin,,CWC,30.43921006,78.45546181,2025-02-06,2025,2,830,2.615,1.465,799.27
Tehri Reservoir,Ganga Basin,,CWC,30.43921006,78.45546181,2025-02-09,2025,2,830,2.615,,
Tehri Reservoir,Ganga Basin,,CWC,30.43921006,78.45546181,2025-02-13,2025,2,830,2.615,1.319,794.7
Tehri Reservoir,Ganga Basin,,CWC,30.43921006,78.45546181,2025-02-18,2025,2,830,2.615,,
Tehri Reservoir,Ganga Basin,,CWC,30.43921006,78.45546181,2025-02-22,2025,2,830,2.615,,
Tehri Reservoir,Ganga Basin,,CWC,30.43921006,78.45546181,2025-02-25,2025,2,830,2.615,,
Tehri Reservoir,Ganga Basin,,CWC,30.43921006,78.45546181,2025-02-28,2025,2,830,2.615,,
Tehri Reservoir,Ganga Basin,,CWC,30.43921006,78.45546181,2025-02-04,2025,2,830,2.615,,
Tehri Reservoir,Ganga Basin,,CWC,30.43921006,78.45546181,2025-02-07,2025,2,830,2.615,,
Tehri Reservoir,Ganga Basin,,CWC,30.43921006,78.45546181,2025-02-10,2025,2,830,2.615,,
Tehri Reservoir,Ganga Basin,,CWC,30.43921006,78.45546181,2025-02-12,2025,2,830,2.615,,
Tehri Reservoir,Ganga Basin,,CWC,30.43921006,78.45546181,2025-02-14,2025,2,830,2.615,,
Tehri Reservoir,Ganga Basin,,CWC,30.43921006,78.45546181,2025-02-15,2025,2,830,2.615,,
Tehri Reservoir,Ganga Basin,,CWC,30.43921006,78.45546181,2025-02-19,2025,2,830,2.615,,
Tehri Reservoir,Ganga Basin,,CWC,30.43921006,78.45546181,2025-02-26,2025,2,830,2.615,,
Tehri Reservoir,Ganga Basin,,CWC,30.43921006,78.45546181,2025-02-03,2025,2,830,2.615,,
Tehri Reservoir,Ganga Basin,,CWC,30.43921006,78.45546181,2025-02-05,2025,2,830,2.615,,
Tehri Reservoir,Ganga Basin,,CWC,30.43921006,78.45546181,2025-02-08,2025,2,830,2.615,,
Tehri Reservoir,Ganga Basin,,CWC,30.43921006,78.45546181,2025-02-11,2025,2,830,2.615,,
Tehri Reservoir,Ganga Basin,,CWC,30.43921006,78.45546181,2025-02-17,2025,2,830,2.615,,
Tehri Reservoir,Ganga Basin,,CWC,30.43921006,78.45546181,2025-02-20,2025,2,830,2.615,1.091,787.11
Tehri Reservoir,Ganga Basin,,CWC,30.43921006,78.45546181,2025-02-21,2025,2,830,2.615,,
Tehri Reservoir,Ganga Basin,,CWC,30.43921006,78.45546181,2025-02-24,2025,2,830,2.615,,
Tehri Reservoir,Ganga Basin,,CWC,30.43921006,78.45546181,2025-03-03,2025,3,830,2.615,,
Tehri Reservoir,Ganga Basin,,CWC,30.43921006,78.45546181,2025-03-23,2025,3,830,2.615,,
Tehri Reservoir,Ganga Basin,,CWC,30.43921006,78.45546181,2025-03-28,2025,3,830,2.615,,
Tehri Reservoir,Ganga Basin,,CWC,30.43921006,78.45546181,2025-03-01,2025,3,830,2.615,,
Tehri Reservoir,Ganga Basin,,CWC,30.43921006,78.45546181,2025-03-08,2025,3,830,2.615,,
Tehri Reservoir,Ganga Basin,,CWC,30.43921006,78.45546181,2025-03-12,2025,3,830,2.615,,
Tehri Reservoir,Ganga Basin,,CWC,30.43921006,78.45546181,2025-03-15,2025,3,830,2.615,,
Tehri Reservoir,Ganga Basin,,CWC,30.43921006,78.45546181,2025-03-27,2025,3,830,2.615,0.554,766.74
Tehri Reservoir,Ganga Basin,,CWC,30.43921006,78.45546181,2025-03-29,2025,3,830,2.615,,
Tehri Reservoir,Ganga Basin,,CWC,30.43921006,78.45546181,2025-03-30,2025,3,830,2.615,,
Tehri Reservoir,Ganga Basin,,CWC,30.43921006,78.45546181,2025-03-06,2025,3,830,2.615,0.862,778.9
Tehri Reservoir,Ganga Basin,,CWC,30.43921006,78.45546181,2025-03-10,2025,3,830,2.615,,
Tehri Reservoir,Ganga Basin,,CWC,30.43921006,78.45546181,2025-03-11,2025,3,830,2.615,,
Tehri Reservoir,Ganga Basin,,CWC,30.43921006,78.45546181,2025-03-13,2025,3,830,2.615,0.76,775.02
Tehri Reservoir,Ganga Basin,,CWC,30.43921006,78.45546181,2025-03-16,2025,3,830,2.615,,
Tehri Reservoir,Ganga Basin,,CWC,30.43921006,78.45546181,2025-03-17,2025,3,830,2.615,,
Tehri Reservoir,Ganga Basin,,CWC,30.43921006,78.45546181,2025-03-18,2025,3,830,2.615,,
Tehri Reservoir,Ganga Basin,,CWC,30.43921006,78.45546181,2025-03-20,2025,3,830,2.615,0.656,770.94
Tehri Reservoir,Ganga Basin,,CWC,30.43921006,78.45546181,2025-03-21,2025,3,830,2.615,,
Tehri Reservoir,Ganga Basin,,CWC,30.43921006,78.45546181,2025-03-22,2025,3,830,2.615,,
Tehri Reservoir,Ganga Basin,,CWC,30.43921006,78.45546181,2025-03-31,2025,3,830,2.615,,
Tehri Reservoir,Ganga Basin,,CWC,30.43921006,78.45546181,2025-03-02,2025,3,830,2.615,,
Tehri Reservoir,Ganga Basin,,CWC,30.43921006,78.45546181,2025-03-09,2025,3,830,2.615,,
Tehri Reservoir,Ganga Basin,,CWC,30.43921006,78.45546181,2025-03-19,2025,3,830,2.615,,
Tehri Reservoir,Ganga Basin,,CWC,30.43921006,78.45546181,2025-03-24,2025,3,830,2.615,,
Tehri Reservoir,Ganga Basin,,CWC,30.43921006,78.45546181,2025-03-26,2025,3,830,2.615,,
Tehri Reservoir,Ganga Basin,,CWC,30.43921006,78.45546181,2025-03-04,2025,3,830,2.615,,
Tehri Reservoir,Ganga Basin,,CWC,30.43921006,78.45546181,2025-03-05,2025,3,830,2.615,,
Tehri Reservoir,Ganga Basin,,CWC,30.43921006,78.45546181,2025-03-07,2025,3,830,2.615,,
Tehri Reservoir,Ganga Basin,,CWC,30.43921006,78.45546181,2025-03-14,2025,3,830,2.615,,
Tehri Reservoir,Ganga Basin,,CWC,30.43921006,78.45546181,2025-03-25,2025,3,830,2.615,,
Tehri Reservoir,Ganga Basin,,CWC,30.43921006,78.45546181,2025-04-05,2025,4,830,2.615,,
Tehri Reservoir,Ganga Basin,,CWC,30.43921006,78.45546181,2025-04-11,2025,4,830,2.615,0.405,760.3
Tehri Reservoir,Ganga Basin,,CWC,30.43921006,78.45546181,2025-04-22,2025,4,830,2.615,,
Tehri Reservoir,Ganga Basin,,CWC,30.43921006,78.45546181,2025-04-04,2025,4,830,2.615,,
Tehri Reservoir,Ganga Basin,,CWC,30.43921006,78.45546181,2025-04-08,2025,4,830,2.615,,
Tehri Reservoir,Ganga Basin,,CWC,30.43921006,78.45546181,2025-04-13,2025,4,830,2.615,,
Tehri Reservoir,Ganga Basin,,CWC,30.43921006,78.45546181,2025-04-16,2025,4,830,2.615,,
Tehri Reservoir,Ganga Basin,,CWC,30.43921006,78.45546181,2025-04-20,2025,4,830,2.615,,
Tehri Reservoir,Ganga Basin,,CWC,30.43921006,78.45546181,2025-04-26,2025,4,830,2.615,,
Tehri Reservoir,Ganga Basin,,CWC,30.43921006,78.45546181,2025-04-29,2025,4,830,2.615,,
Tehri Reservoir,Ganga Basin,,CWC,30.43921006,78.45546181,2025-04-01,2025,4,830,2.615,,
Tehri Reservoir,Ganga Basin,,CWC,30.43921006,78.45546181,2025-04-14,2025,4,830,2.615,,
Tehri Reservoir,Ganga Basin,,CWC,30.43921006,78.45546181,2025-04-15,2025,4,830,2.615,,
Tehri Reservoir,Ganga Basin,,CWC,30.43921006,78.45546181,2025-04-21,2025,4,830,2.615,,
Tehri Reservoir,Ganga Basin,,CWC,30.43921006,78.45546181,2025-04-23,2025,4,830,2.615,,
Tehri Reservoir,Ganga Basin,,CWC,30.43921006,78.45546181,2025-04-24,2025,4,830,2.615,0.324,756.57
Tehri Reservoir,Ganga Basin,,CWC,30.43921006,78.45546181,2025-04-30,2025,4,830,2.615,,
Tehri Reservoir,Ganga Basin,,CWC,30.43921006,78.45546181,2025-04-02,2025,4,830,2.615,0.48,763.58
Tehri Reservoir,Ganga Basin,,CWC,30.43921006,78.45546181,2025-04-03,2025,4,830,2.615,,
Tehri Reservoir,Ganga Basin,,CWC,30.43921006,78.45546181,2025-04-06,2025,4,830,2.615,,
Tehri Reservoir,Ganga Basin,,CWC,30.43921006,78.45546181,2025-04-18,2025,4,830,2.615,,
Tehri Reservoir,Ganga Basin,,CWC,30.43921006,78.45546181,2025-04-25,2025,4,830,2.615,,
Tehri Reservoir,Ganga Basin,,CWC,30.43921006,78.45546181,2025-04-07,2025,4,830,2.615,,
Tehri Reservoir,Ganga Basin,,CWC,30.43921006,78.45546181,2025-04-09,2025,4,830,2.615,,
Tehri Reservoir,Ganga Basin,,CWC,30.43921006,78.45546181,2025-04-10,2025,4,830,2.615,,
Tehri Reservoir,Ganga Basin,,CWC,30.43921006,78.45546181,2025-04-12,2025,4,830,2.615,,
Tehri Reservoir,Ganga Basin,,CWC,30.43921006,78.45546181,2025-04-17,2025,4,830,2.615,0.365,758.52
Tehri Reservoir,Ganga Basin,,CWC,30.43921006,78.45546181,2025-04-19,2025,4,830,2.615,,
Tehri Reservoir,Ganga Basin,,CWC,30.43921006,78.45546181,2025-04-27,2025,4,830,2.615,,
Tehri Reservoir,Ganga Basin,,CWC,30.43921006,78.45546181,2025-04-28,2025,4,830,2.615,,
Tehri Reservoir,Ganga Basin,,CWC,30.43921006,78.45546181,2025-05-09,2025,5,830,2.615,,
Tehri Reservoir,Ganga Basin,,CWC,30.43921006,78.45546181,2025-05-10,2025,5,830,2.615,,
Tehri Reservoir,Ganga Basin,,CWC,30.43921006,78.45546181,2025-05-14,2025,5,830,2.615,,
Tehri Reservoir,Ganga Basin,,CWC,30.43921006,78.45546181,2025-05-16,2025,5,830,2.615,,
Tehri Reservoir,Ganga Basin,,CWC,30.43921006,78.45546181,2025-05-18,2025,5,830,2.615,,
Tehri Reservoir,Ganga Basin,,CWC,30.43921006,78.45546181,2025-05-22,2025,5,830,2.615,0.083,744.86
Tehri Reservoir,Ganga Basin,,CWC,30.43921006,78.45546181,2025-05-06,2025,5,830,2.615,,
Tehri Reservoir,Ganga Basin,,CWC,30.43921006,78.45546181,2025-05-11,2025,5,830,2.615,,
Tehri Reservoir,Ganga Basin,,CWC,30.43921006,78.45546181,2025-05-15,2025,5,830,2.615,0.123,746.58
Tehri Reservoir,Ganga Basin,,CWC,30.43921006,78.45546181,2025-05-17,2025,5,830,2.615,,
Tehri Reservoir,Ganga Basin,,CWC,30.43921006,78.45546181,2025-05-19,2025,5,830,2.615,,
Tehri Reservoir,Ganga Basin,,CWC,30.43921006,78.45546181,2025-05-28,2025,5,830,2.615,,
Tehri Reservoir,Ganga Basin,,CWC,30.43921006,78.45546181,2025-05-30,2025,5,830,2.615,,
Tehri Reservoir,Ganga Basin,,CWC,30.43921006,78.45546181,2025-05-31,2025,5,830,2.615,,
Tehri Reservoir,Ganga Basin,,CWC,30.43921006,78.45546181,2025-05-08,2025,5,830,2.615,0.179,749.7
Tehri Reservoir,Ganga Basin,,CWC,30.43921006,78.45546181,2025-05-21,2025,5,830,2.615,,
Tehri Reservoir,Ganga Basin,,CWC,30.43921006,78.45546181,2025-05-03,2025,5,830,2.615,,
Tehri Reservoir,Ganga Basin,,CWC,30.43921006,78.45546181,2025-05-04,2025,5,830,2.615,,
Tehri Reservoir,Ganga Basin,,CWC,30.43921006,78.45546181,2025-05-05,2025,5,830,2.615,,
Tehri Reservoir,Ganga Basin,,CWC,30.43921006,78.45546181,2025-05-07,2025,5,830,2.615,,
Tehri Reservoir,Ganga Basin,,CWC,30.43921006,78.45546181,2025-05-20,2025,5,830,2.615,,
Tehri Reservoir,Ganga Basin,,CWC,30.43921006,78.45546181,2025-05-23,2025,5,830,2.615,,
Tehri Reservoir,Ganga Basin,,CWC,30.43921006,78.45546181,2025-05-27,2025,5,830,2.615,,
Tehri Reservoir,Ganga Basin,,CWC,30.43921006,78.45546181,2025-05-29,2025,5,830,2.615,0.066,744.03
Tehri Reservoir,Ganga Basin,,CWC,30.43921006,78.45546181,2025-05-01,2025,5,830,2.615,0.255,753.37
Tehri Reservoir,Ganga Basin,,CWC,30.43921006,78.45546181,2025-05-02,2025,5,830,2.615,,
Tehri Reservoir,Ganga Basin,,CWC,30.43921006,78.45546181,2025-05-12,2025,5,830,2.615,,
Tehri Reservoir,Ganga Basin,,CWC,30.43921006,78.45546181,2025-05-13,2025,5,830,2.615,,
Tehri Reservoir,Ganga Basin,,CWC,30.43921006,78.45546181,2025-06-02,2025,6,830,2.615,,
Tehri Reservoir,Ganga Basin,,CWC,30.43921006,78.45546181,2025-06-06,2025,6,830,2.615,,
Tehri Reservoir,Ganga Basin,,CWC,30.43921006,78.45546181,2025-06-07,2025,6,830,2.615,,
Tehri Reservoir,Ganga Basin,,CWC,30.43921006,78.45546181,2025-06-11,2025,6,830,2.615,,
Tehri Reservoir,Ganga Basin,,CWC,30.43921006,78.45546181,2025-06-12,2025,6,830,2.615,0.037,742.45
Tehri Reservoir,Ganga Basin,,CWC,30.43921006,78.45546181,2025-06-28,2025,6,830,2.615,,
Tehri Reservoir,Ganga Basin,,CWC,30.43921006,78.45546181,2025-06-01,2025,6,830,2.615,,
Tehri Reservoir,Ganga Basin,,CWC,30.43921006,78.45546181,2025-06-04,2025,6,830,2.615,,
Tehri Reservoir,Ganga Basin,,CWC,30.43921006,78.45546181,2025-06-13,2025,6,830,2.615,,
Tehri Reservoir,Ganga Basin,,CWC,30.43921006,78.45546181,2025-06-17,2025,6,830,2.615,,
Tehri Reservoir,Ganga Basin,,CWC,30.43921006,78.45546181,2025-06-22,2025,6,830,2.615,,
Tehri Reservoir,Ganga Basin,,CWC,30.43921006,78.45546181,2025-06-23,2025,6,830,2.615,,
Tehri Reservoir,Ganga Basin,,CWC,30.43921006,78.45546181,2025-06-24,2025,6,830,2.615,,
Tehri Reservoir,Ganga Basin,,CWC,30.43921006,78.45546181,2025-06-03,2025,6,830,2.615,,
Tehri Reservoir,Ganga Basin,,CWC,30.43921006,78.45546181,2025-06-15,2025,6,830,2.615,,
Tehri Reservoir,Ganga Basin,,CWC,30.43921006,78.45546181,2025-06-25,2025,6,830,2.615,,
Tehri Reservoir,Ganga Basin,,CWC,30.43921006,78.45546181,2025-06-27,2025,6,830,2.615,,
Tehri Reservoir,Ganga Basin,,CWC,30.43921006,78.45546181,2025-06-29,2025,6,830,2.615,,
Tehri Reservoir,Ganga Basin,,CWC,30.43921006,78.45546181,2025-06-30,2025,6,830,2.615,,
Tehri Reservoir,Ganga Basin,,CWC,30.43921006,78.45546181,2025-06-09,2025,6,830,2.615,,
Tehri Reservoir,Ganga Basin,,CWC,30.43921006,78.45546181,2025-06-05,2025,6,830,2.615,0.026,741.87
Tehri Reservoir,Ganga Basin,,CWC,30.43921006,78.45546181,2025-06-08,2025,6,830,2.615,,
Tehri Reservoir,Ganga Basin,,CWC,30.43921006,78.45546181,2025-06-10,2025,6,830,2.615,,
Tehri Reservoir,Ganga Basin,,CWC,30.43921006,78.45546181,2025-06-14,2025,6,830,2.615,,
Tehri Reservoir,Ganga Basin,,CWC,30.43921006,78.45546181,2025-06-16,2025,6,830,2.615,,
Tehri Reservoir,Ganga Basin,,CWC,30.43921006,78.45546181,2025-06-18,2025,6,830,2.615,,
Tehri Reservoir,Ganga Basin,,CWC,30.43921006,78.45546181,2025-06-19,2025,6,830,2.615,0.0761,744.56
Tehri Reservoir,Ganga Basin,,CWC,30.43921006,78.45546181,2025-06-20,2025,6,830,2.615,,
Tehri Reservoir,Ganga Basin,,CWC,30.43921006,78.45546181,2025-06-21,2025,6,830,2.615,,
Tehri Reservoir,Ganga Basin,,CWC,30.43921006,78.45546181,2025-06-26,2025,6,830,2.615,0.245,752.92
Tehri Reservoir,Ganga Basin,,CWC,30.43921006,78.45546181,2025-07-09,2025,7,830,2.615,,
Tehri Reservoir,Ganga Basin,,CWC,30.43921006,78.45546181,2025-07-01,2025,7,830,2.615,,
Tehri Reservoir,Ganga Basin,,CWC,30.43921006,78.45546181,2025-07-08,2025,7,830,2.615,,
Tehri Reservoir,Ganga Basin,,CWC,30.43921006,78.45546181,2025-07-03,2025,7,830,2.615,0.516,765.15
Tehri Reservoir,Ganga Basin,,CWC,30.43921006,78.45546181,2025-07-04,2025,7,830,2.615,,
Tehri Reservoir,Ganga Basin,,CWC,30.43921006,78.45546181,2025-07-06,2025,7,830,2.615,,
Tehri Reservoir,Ganga Basin,,CWC,30.43921006,78.45546181,2025-07-07,2025,7,830,2.615,,
Tehri Reservoir,Ganga Basin,,CWC,30.43921006,78.45546181,2025-07-10,2025,7,830,2.615,0.775,775.6
Tehri Reservoir,Ganga Basin,,CWC,30.43921006,78.45546181,2025-07-11,2025,7,830,2.615,,
Tehri Reservoir,Ganga Basin,,CWC,30.43921006,78.45546181,2025-07-02,2025,7,830,2.615,,
Tehri Reservoir,Ganga Basin,,CWC,30.43921006,78.45546181,2025-07-05,2025,7,830,2.615,,
