Reservoir_name,Basin,Agency_name,Lat,Long,Date,Year,Month,Full_reservoir_level,Live_capacity_FRL,Storage,Level
Tehri Reservoir,Ganga Basin,CWC,30.43921006,78.45546181,2018-01-02,2018,1,830,2.615,1.779,808.55
Tehri Reservoir,Ganga Basin,CWC,30.43921006,78.45546181,2018-01-04,2018,1,830,2.615,1.748,807.65
Tehri Reservoir,Ganga Basin,CWC,30.43921006,78.45546181,2018-01-06,2018,1,830,2.615,1.716,806.75
Tehri Reservoir,Ganga Basin,CWC,30.43921006,78.45546181,2018-01-08,2018,1,830,2.615,1.682,805.8
Tehri Reservoir,Ganga Basin,CWC,30.43921006,78.45546181,2018-01-10,2018,1,830,2.615,1.647,804.8
Tehri Reservoir,Ganga Basin,CWC,30.43921006,78.45546181,2018-01-13,2018,1,830,2.615,1.597,803.3
Tehri Reservoir,Ganga Basin,CWC,30.43921006,78.45546181,2018-01-14,2018,1,830,2.615,1.58,802.8
Tehri Reservoir,Ganga Basin,CWC,30.43921006,78.45546181,2018-01-17,2018,1,830,2.615,1.533,801.4
Tehri Reservoir,Ganga Basin,CWC,30.43921006,78.45546181,2018-01-21,2018,1,830,2.615,1.478,799.65
Tehri Reservoir,Ganga Basin,CWC,30.43921006,78.45546181,2018-01-24,2018,1,830,2.615,1.439,798.45
Tehri Reservoir,Ganga Basin,CWC,30.43921006,78.45546181,2018-01-25,2018,1,830,2.615,1.426,798.05
Tehri Reservoir,Ganga Basin,CWC,30.43921006,78.45546181,2018-01-27,2018,1,830,2.615,1.397,797.2
Tehri Reservoir,Ganga Basin,CWC,30.43921006,78.45546181,2018-01-29,2018,1,830,2.615,1.372,796.35
Tehri Reservoir,Ganga Basin,CWC,30.43921006,78.45546181,2018-01-31,2018,1,830,2.615,1.347,795.55
Tehri Reservoir,Ganga Basin,CWC,30.43921006,78.45546181,2018-01-12,2018,1,830,2.615,1.614,803.8
Tehri Reservoir,Ganga Basin,CWC,30.43921006,78.45546181,2018-01-01,2018,1,830,2.615,1.793,809.0
Tehri Reservoir,Ganga Basin,CWC,30.43921006,78.45546181,2018-01-05,2018,1,830,2.615,1.73,807.2
Tehri Reservoir,Ganga Basin,CWC,30.43921006,78.45546181,2018-01-07,2018,1,830,2.615,1.702,806.35
Tehri Reservoir,Ganga Basin,CWC,30.43921006,78.45546181,2018-01-11,2018,1,830,2.615,1.634,804.35
Tehri Reservoir,Ganga Basin,CWC,30.43921006,78.45546181,2018-01-16,2018,1,830,2.615,1.55,801.9
Tehri Reservoir,Ganga Basin,CWC,30.43921006,78.45546181,2018-01-19,2018,1,830,2.615,1.5,800.4
Tehri Reservoir,Ganga Basin,CWC,30.43921006,78.45546181,2018-01-22,2018,1,830,2.615,1.465,799.25
Tehri Reservoir,Ganga Basin,CWC,30.43921006,78.45546181,2018-01-26,2018,1,830,2.615,1.413,797.65
Tehri Reservoir,Ganga Basin,CWC,30.43921006,78.45546181,2018-01-30,2018,1,830,2.615,1.359,795.95
Tehri Reservoir,Ganga Basin,CWC,30.43921006,78.45546181,2018-01-03,2018,1,830,2.615,1.762,808.1
Tehri Reservoir,Ganga Basin,CWC,30.43921006,78.45546181,2018-01-15,2018,1,830,2.615,1.567,802.35
Tehri Reservoir,Ganga Basin,CWC,30.43921006,78.45546181,2018-01-20,2018,1,830,2.615,1.487,800.0
Tehri Reservoir,Ganga Basin,CWC,30.43921006,78.45546181,2018-01-09,2018,1,830,2.615,1.665,805.3
Tehri Reservoir,Ganga Basin,CWC,30.43921006,78.45546181,2018-01-18,2018,1,830,2.615,1.517,800.95
Tehri Reservoir,Ganga Basin,CWC,30.43921006,78.45546181,2018-01-23,2018,1,830,2.615,1.452,798.85
Tehri Reservoir,Ganga Basin,CWC,30.43921006,78.45546181,2018-01-28,2018,1,830,2.615,1.384,796.8
Tehri Reservoir,Ganga Basin,CWC,30.43921006,78.45546181,2018-02-04,2018,2,830,2.615,1.297,793.95
Tehri Reservoir,Ganga Basin,CWC,30.43921006,78.45546181,2018-02-05,2018,2,830,2.615,1.281,793.5
Tehri Reservoir,Ganga Basin,CWC,30.43921006,78.45546181,2018-02-09,2018,2,830,2.615,1.227,791.7
Tehri Reservoir,Ganga Basin,CWC,30.43921006,78.45546181,2018-02-12,2018,2,830,2.615,1.184,790.3
Tehri Reservoir,Ganga Basin,CWC,30.43921006,78.45546181,2018-02-21,2018,2,830,2.615,1.065,786.2
Tehri Reservoir,Ganga Basin,CWC,30.43921006,78.45546181,2018-02-22,2018,2,830,2.615,1.053,785.75
Tehri Reservoir,Ganga Basin,CWC,30.43921006,78.45546181,2018-02-01,2018,2,830,2.615,1.334,795.2
Tehri Reservoir,Ganga Basin,CWC,30.43921006,78.45546181,2018-02-03,2018,2,830,2.615,1.309,794.35
Tehri Reservoir,Ganga Basin,CWC,30.43921006,78.45546181,2018-02-11,2018,2,830,2.615,1.199,790.75
Tehri Reservoir,Ganga Basin,CWC,30.43921006,78.45546181,2018-02-24,2018,2,830,2.615,1.027,784.85
Tehri Reservoir,Ganga Basin,CWC,30.43921006,78.45546181,2018-02-26,2018,2,830,2.615,0.999,783.9
Tehri Reservoir,Ganga Basin,CWC,30.43921006,78.45546181,2018-02-06,2018,2,830,2.615,1.269,793.05
Tehri Reservoir,Ganga Basin,CWC,30.43921006,78.45546181,2018-02-14,2018,2,830,2.615,1.158,789.4
Tehri Reservoir,Ganga Basin,CWC,30.43921006,78.45546181,2018-02-17,2018,2,830,2.615,1.117,788.0
Tehri Reservoir,Ganga Basin,CWC,30.43921006,78.45546181,2018-02-20,2018,2,830,2.615,1.079,786.65
Tehri Reservoir,Ganga Basin,CWC,30.43921006,78.45546181,2018-02-07,2018,2,830,2.615,1.257,792.65
Tehri Reservoir,Ganga Basin,CWC,30.43921006,78.45546181,2018-02-10,2018,2,830,2.615,1.214,791.25
Tehri Reservoir,Ganga Basin,CWC,30.43921006,78.45546181,2018-02-16,2018,2,830,2.615,1.131,788.5
Tehri Reservoir,Ganga Basin,CWC,30.43921006,78.45546181,2018-02-19,2018,2,830,2.615,1.091,787.1
Tehri Reservoir,Ganga Basin,CWC,30.43921006,78.45546181,2018-02-27,2018,2,830,2.615,1.2065000000000001,790.95
Tehri Reservoir,Ganga Basin,CWC,30.43921006,78.45546181,2018-02-02,2018,2,830,2.615,1.322,794.8
Tehri Reservoir,Ganga Basin,CWC,30.43921006,78.45546181,2018-02-08,2018,2,830,2.615,1.244,792.15
Tehri Reservoir,Ganga Basin,CWC,30.43921006,78.45546181,2018-02-13,2018,2,830,2.615,1.173,789.85
Tehri Reservoir,Ganga Basin,CWC,30.43921006,78.45546181,2018-02-15,2018,2,830,2.615,1.1375000000000002,788.675
Tehri Reservoir,Ganga Basin,CWC,30.43921006,78.45546181,2018-02-18,2018,2,830,2.615,1.102,787.5
Tehri Reservoir,Ganga Basin,CWC,30.43921006,78.45546181,2018-02-23,2018,2,830,2.615,1.042,785.35
Tehri Reservoir,Ganga Basin,CWC,30.43921006,78.45546181,2018-02-25,2018,2,830,2.615,1.013,784.4
Tehri Reservoir,Ganga Basin,CWC,30.43921006,78.45546181,2018-02-28,2018,2,830,2.615,0.9495,782.0999999999999
Tehri Reservoir,Ganga Basin,CWC,30.43921006,78.45546181,2018-03-06,2018,3,830,2.615,0.886,779.8
Tehri Reservoir,Ganga Basin,CWC,30.43921006,78.45546181,2018-03-12,2018,3,830,2.615,0.804,776.7
Tehri Reservoir,Ganga Basin,CWC,30.43921006,78.45546181,2018-03-20,2018,3,830,2.615,0.691,772.25
Tehri Reservoir,Ganga Basin,CWC,30.43921006,78.45546181,2018-03-22,2018,3,830,2.615,0.663,771.15
Tehri Reservoir,Ganga Basin,CWC,30.43921006,78.45546181,2018-03-25,2018,3,830,2.615,0.614,769.2
Tehri Reservoir,Ganga Basin,CWC,30.43921006,78.45546181,2018-03-28,2018,3,830,2.615,0.575,767.65
Tehri Reservoir,Ganga Basin,CWC,30.43921006,78.45546181,2018-03-05,2018,3,830,2.615,0.9,780.3
Tehri Reservoir,Ganga Basin,CWC,30.43921006,78.45546181,2018-03-10,2018,3,830,2.615,0.833,777.75
Tehri Reservoir,Ganga Basin,CWC,30.43921006,78.45546181,2018-03-14,2018,3,830,2.615,0.777,775.65
Tehri Reservoir,Ganga Basin,CWC,30.43921006,78.45546181,2018-03-21,2018,3,830,2.615,0.676,771.65
Tehri Reservoir,Ganga Basin,CWC,30.43921006,78.45546181,2018-03-26,2018,3,830,2.615,0.602,768.7
Tehri Reservoir,Ganga Basin,CWC,30.43921006,78.45546181,2018-03-27,2018,3,830,2.615,0.589,768.2
Tehri Reservoir,Ganga Basin,CWC,30.43921006,78.45546181,2018-03-31,2018,3,830,2.615,0.539,766.05
Tehri Reservoir,Ganga Basin,CWC,30.43921006,78.45546181,2018-03-02,2018,3,830,2.615,0.943,781.9
Tehri Reservoir,Ganga Basin,CWC,30.43921006,78.45546181,2018-03-03,2018,3,830,2.615,0.93,781.4
Tehri Reservoir,Ganga Basin,CWC,30.43921006,78.45546181,2018-03-07,2018,3,830,2.615,0.886,779.8
Tehri Reservoir,Ganga Basin,CWC,30.43921006,78.45546181,2018-03-08,2018,3,830,2.615,0.8645,778.9749999999999
Tehri Reservoir,Ganga Basin,CWC,30.43921006,78.45546181,2018-03-09,2018,3,830,2.615,0.843,778.15
Tehri Reservoir,Ganga Basin,CWC,30.43921006,78.45546181,2018-03-13,2018,3,830,2.615,0.791,776.2
Tehri Reservoir,Ganga Basin,CWC,30.43921006,78.45546181,2018-03-16,2018,3,830,2.615,0.749,774.6
Tehri Reservoir,Ganga Basin,CWC,30.43921006,78.45546181,2018-03-18,2018,3,830,2.615,0.721,773.5
Tehri Reservoir,Ganga Basin,CWC,30.43921006,78.45546181,2018-03-24,2018,3,830,2.615,0.631,769.85
Tehri Reservoir,Ganga Basin,CWC,30.43921006,78.45546181,2018-03-29,2018,3,830,2.615,0.563,767.1
Tehri Reservoir,Ganga Basin,CWC,30.43921006,78.45546181,2018-03-30,2018,3,830,2.615,0.549,766.55
Tehri Reservoir,Ganga Basin,CWC,30.43921006,78.45546181,2018-03-01,2018,3,830,2.615,0.7325,773.7
Tehri Reservoir,Ganga Basin,CWC,30.43921006,78.45546181,2018-03-04,2018,3,830,2.615,0.916,780.85
Tehri Reservoir,Ganga Basin,CWC,30.43921006,78.45546181,2018-03-11,2018,3,830,2.615,0.82,777.25
Tehri Reservoir,Ganga Basin,CWC,30.43921006,78.45546181,2018-03-19,2018,3,830,2.615,0.706,772.9
Tehri Reservoir,Ganga Basin,CWC,30.43921006,78.45546181,2018-03-23,2018,3,830,2.615,0.643,770.4
Tehri Reservoir,Ganga Basin,CWC,30.43921006,78.45546181,2018-03-15,2018,3,830,2.615,0.762,775.1
Tehri Reservoir,Ganga Basin,CWC,30.43921006,78.45546181,2018-03-17,2018,3,830,2.615,0.736,774.1
Tehri Reservoir,Ganga Basin,CWC,30.43921006,78.45546181,2018-04-07,2018,4,830,2.615,0.435,761.6
Tehri Reservoir,Ganga Basin,CWC,30.43921006,78.45546181,2018-04-09,2018,4,830,2.615,0.405,760.3
Tehri Reservoir,Ganga Basin,CWC,30.43921006,78.45546181,2018-04-10,2018,4,830,2.615,0.396,759.9
Tehri Reservoir,Ganga Basin,CWC,30.43921006,78.45546181,2018-04-14,2018,4,830,2.615,0.354,758.0
Tehri Reservoir,Ganga Basin,CWC,30.43921006,78.45546181,2018-04-15,2018,4,830,2.615,0.343,757.5
Tehri Reservoir,Ganga Basin,CWC,30.43921006,78.45546181,2018-04-16,2018,4,830,2.615,0.334,757.05
Tehri Reservoir,Ganga Basin,CWC,30.43921006,78.45546181,2018-04-19,2018,4,830,2.615,0.299,755.5
Tehri Reservoir,Ganga Basin,CWC,30.43921006,78.45546181,2018-04-22,2018,4,830,2.615,0.27,754.05
Tehri Reservoir,Ganga Basin,CWC,30.43921006,78.45546181,2018-04-30,2018,4,830,2.615,0.211,751.3
Tehri Reservoir,Ganga Basin,CWC,30.43921006,78.45546181,2018-04-23,2018,4,830,2.615,0.253,753.25
Tehri Reservoir,Ganga Basin,CWC,30.43921006,78.45546181,2018-04-24,2018,4,830,2.615,0.245,752.9
Tehri Reservoir,Ganga Basin,CWC,30.43921006,78.45546181,2018-04-29,2018,4,830,2.615,0.216,751.45
Tehri Reservoir,Ganga Basin,CWC,30.43921006,78.45546181,2018-04-11,2018,4,830,2.615,0.385,759.35
Tehri Reservoir,Ganga Basin,CWC,30.43921006,78.45546181,2018-04-17,2018,4,830,2.615,0.321,756.5
Tehri Reservoir,Ganga Basin,CWC,30.43921006,78.45546181,2018-04-18,2018,4,830,2.615,0.311,755.95
Tehri Reservoir,Ganga Basin,CWC,30.43921006,78.45546181,2018-04-02,2018,4,830,2.615,0.51,764.9
Tehri Reservoir,Ganga Basin,CWC,30.43921006,78.45546181,2018-04-21,2018,4,830,2.615,0.278,754.5
Tehri Reservoir,Ganga Basin,CWC,30.43921006,78.45546181,2018-04-26,2018,4,830,2.615,0.251,752.15
Tehri Reservoir,Ganga Basin,CWC,30.43921006,78.45546181,2018-04-01,2018,4,830,2.615,0.525,765.5
Tehri Reservoir,Ganga Basin,CWC,30.43921006,78.45546181,2018-04-03,2018,4,830,2.615,0.466,762.875
Tehri Reservoir,Ganga Basin,CWC,30.43921006,78.45546181,2018-04-04,2018,4,830,2.615,0.40700000000000003,760.25
Tehri Reservoir,Ganga Basin,CWC,30.43921006,78.45546181,2018-04-05,2018,4,830,2.615,0.348,757.625
Tehri Reservoir,Ganga Basin,CWC,30.43921006,78.45546181,2018-04-20,2018,4,830,2.615,0.289,755.0
Tehri Reservoir,Ganga Basin,CWC,30.43921006,78.45546181,2018-04-25,2018,4,830,2.615,0.236,752.45
Tehri Reservoir,Ganga Basin,CWC,30.43921006,78.45546181,2018-04-27,2018,4,830,2.615,0.224,751.9
Tehri Reservoir,Ganga Basin,CWC,30.43921006,78.45546181,2018-04-28,2018,4,830,2.615,0.22,751.65
Tehri Reservoir,Ganga Basin,CWC,30.43921006,78.45546181,2018-04-06,2018,4,830,2.615,0.45,762.25
Tehri Reservoir,Ganga Basin,CWC,30.43921006,78.45546181,2018-04-08,2018,4,830,2.615,0.421,761.0
Tehri Reservoir,Ganga Basin,CWC,30.43921006,78.45546181,2018-04-12,2018,4,830,2.615,0.374,758.85
Tehri Reservoir,Ganga Basin,CWC,30.43921006,78.45546181,2018-04-13,2018,4,830,2.615,0.365,758.45
Tehri Reservoir,Ganga Basin,CWC,30.43921006,78.45546181,2018-05-03,2018,5,830,2.615,0.205,750.9
Tehri Reservoir,Ganga Basin,CWC,30.43921006,78.45546181,2018-05-11,2018,5,830,2.615,0.135,747.45
Tehri Reservoir,Ganga Basin,CWC,30.43921006,78.45546181,2018-05-14,2018,5,830,2.615,0.18,746.8
Tehri Reservoir,Ganga Basin,CWC,30.43921006,78.45546181,2018-05-24,2018,5,830,2.615,0.076,744.45
Tehri Reservoir,Ganga Basin,CWC,30.43921006,78.45546181,2018-05-06,2018,5,830,2.615,0.155,749.55
Tehri Reservoir,Ganga Basin,CWC,30.43921006,78.45546181,2018-05-08,2018,5,830,2.615,0.161,748.75
Tehri Reservoir,Ganga Basin,CWC,30.43921006,78.45546181,2018-05-15,2018,5,830,2.615,0.111,746.25
Tehri Reservoir,Ganga Basin,CWC,30.43921006,78.45546181,2018-05-27,2018,5,830,2.615,0.064,743.85
Tehri Reservoir,Ganga Basin,CWC,30.43921006,78.45546181,2018-05-31,2018,5,830,2.615,0.049,743.05
Tehri Reservoir,Ganga Basin,CWC,30.43921006,78.45546181,2018-05-01,2018,5,830,2.615,0.209,751.15
Tehri Reservoir,Ganga Basin,CWC,30.43921006,78.45546181,2018-05-04,2018,5,830,2.615,0.199,750.65
Tehri Reservoir,Ganga Basin,CWC,30.43921006,78.45546181,2018-05-09,2018,5,830,2.615,0.155,748.5
Tehri Reservoir,Ganga Basin,CWC,30.43921006,78.45546181,2018-05-13,2018,5,830,2.615,0.117,746.6
Tehri Reservoir,Ganga Basin,CWC,30.43921006,78.45546181,2018-05-17,2018,5,830,2.615,0.099,745.65
Tehri Reservoir,Ganga Basin,CWC,30.43921006,78.45546181,2018-05-20,2018,5,830,2.615,0.089,745.15
Tehri Reservoir,Ganga Basin,CWC,30.43921006,78.45546181,2018-05-22,2018,5,830,2.615,0.078,744.6
Tehri Reservoir,Ganga Basin,CWC,30.43921006,78.45546181,2018-05-23,2018,5,830,2.615,0.076,744.55
Tehri Reservoir,Ganga Basin,CWC,30.43921006,78.45546181,2018-05-26,2018,5,830,2.615,0.068,744.05
Tehri Reservoir,Ganga Basin,CWC,30.43921006,78.45546181,2018-05-29,2018,5,830,2.615,0.055,743.4
Tehri Reservoir,Ganga Basin,CWC,30.43921006,78.45546181,2018-05-30,2018,5,830,2.615,0.053,743.25
Tehri Reservoir,Ganga Basin,CWC,30.43921006,78.45546181,2018-05-02,2018,5,830,2.615,0.205,750.95
Tehri Reservoir,Ganga Basin,CWC,30.43921006,78.45546181,2018-05-07,2018,5,830,2.615,0.165,749.0
Tehri Reservoir,Ganga Basin,CWC,30.43921006,78.45546181,2018-05-10,2018,5,830,2.615,0.144,747.95
Tehri Reservoir,Ganga Basin,CWC,30.43921006,78.45546181,2018-05-12,2018,5,830,2.615,0.127,747.05
Tehri Reservoir,Ganga Basin,CWC,30.43921006,78.45546181,2018-05-16,2018,5,830,2.615,0.103,745.9
Tehri Reservoir,Ganga Basin,CWC,30.43921006,78.45546181,2018-05-18,2018,5,830,2.615,0.095,745.55
Tehri Reservoir,Ganga Basin,CWC,30.43921006,78.45546181,2018-05-19,2018,5,830,2.615,0.095,745.45
Tehri Reservoir,Ganga Basin,CWC,30.43921006,78.45546181,2018-05-21,2018,5,830,2.615,0.084,744.9
Tehri Reservoir,Ganga Basin,CWC,30.43921006,78.45546181,2018-05-28,2018,5,830,2.615,0.061,743.65
Tehri Reservoir,Ganga Basin,CWC,30.43921006,78.45546181,2018-05-05,2018,5,830,2.615,0.187,750.1
Tehri Reservoir,Ganga Basin,CWC,30.43921006,78.45546181,2018-05-25,2018,5,830,2.615,0.076,744.45
Tehri Reservoir,Ganga Basin,CWC,30.43921006,78.45546181,2018-06-04,2018,6,830,2.615,0.072,743.3
Tehri Reservoir,Ganga Basin,CWC,30.43921006,78.45546181,2018-06-05,2018,6,830,2.615,0.055,743.4
Tehri Reservoir,Ganga Basin,CWC,30.43921006,78.45546181,2018-06-08,2018,6,830,2.615,0.047,742.95
Tehri Reservoir,Ganga Basin,CWC,30.43921006,78.45546181,2018-06-19,2018,6,830,2.615,0.019,741.5
Tehri Reservoir,Ganga Basin,CWC,30.43921006,78.45546181,2018-06-22,2018,6,830,2.615,0.04,740.7
Tehri Reservoir,Ganga Basin,CWC,30.43921006,78.45546181,2018-06-23,2018,6,830,2.615,0.01,740.95
Tehri Reservoir,Ganga Basin,CWC,30.43921006,78.45546181,2018-06-24,2018,6,830,2.615,0.017,741.35
Tehri Reservoir,Ganga Basin,CWC,30.43921006,78.45546181,2018-06-13,2018,6,830,2.615,0.028,741.95
Tehri Reservoir,Ganga Basin,CWC,30.43921006,78.45546181,2018-06-26,2018,6,830,2.615,0.034,742.25
Tehri Reservoir,Ganga Basin,CWC,30.43921006,78.45546181,2018-06-18,2018,6,830,2.615,0.03,742.05
Tehri Reservoir,Ganga Basin,CWC,30.43921006,78.45546181,2018-06-21,2018,6,830,2.615,0.006,740.75
Tehri Reservoir,Ganga Basin,CWC,30.43921006,78.45546181,2018-06-06,2018,6,830,2.615,0.061,743.7
Tehri Reservoir,Ganga Basin,CWC,30.43921006,78.45546181,2018-06-10,2018,6,830,2.615,0.051,743.2
Tehri Reservoir,Ganga Basin,CWC,30.43921006,78.45546181,2018-06-14,2018,6,830,2.615,0.028,741.95
Tehri Reservoir,Ganga Basin,CWC,30.43921006,78.45546181,2018-06-29,2018,6,830,2.615,0.068,744.05
Tehri Reservoir,Ganga Basin,CWC,30.43921006,78.45546181,2018-06-30,2018,6,830,2.615,0.093,745.4
Tehri Reservoir,Ganga Basin,CWC,30.43921006,78.45546181,2018-06-01,2018,6,830,2.615,0.047,743.0
Tehri Reservoir,Ganga Basin,CWC,30.43921006,78.45546181,2018-06-02,2018,6,830,2.615,0.053,743.3
Tehri Reservoir,Ganga Basin,CWC,30.43921006,78.45546181,2018-06-03,2018,6,830,2.615,0.049,743.05
Tehri Reservoir,Ganga Basin,CWC,30.43921006,78.45546181,2018-06-07,2018,6,830,2.615,0.057,743.45
Tehri Reservoir,Ganga Basin,CWC,30.43921006,78.45546181,2018-06-09,2018,6,830,2.615,0.055,743.35
Tehri Reservoir,Ganga Basin,CWC,30.43921006,78.45546181,2018-06-11,2018,6,830,2.615,0.04,742.6
Tehri Reservoir,Ganga Basin,CWC,30.43921006,78.45546181,2018-06-12,2018,6,830,2.615,0.032,742.15
Tehri Reservoir,Ganga Basin,CWC,30.43921006,78.45546181,2018-06-15,2018,6,830,2.615,0.03,742.05
Tehri Reservoir,Ganga Basin,CWC,30.43921006,78.45546181,2018-06-16,2018,6,830,2.615,0.032,742.2
Tehri Reservoir,Ganga Basin,CWC,30.43921006,78.45546181,2018-06-17,2018,6,830,2.615,0.032,742.2
Tehri Reservoir,Ganga Basin,CWC,30.43921006,78.45546181,2018-06-20,2018,6,830,2.615,0.01,740.95
Tehri Reservoir,Ganga Basin,CWC,30.43921006,78.45546181,2018-06-25,2018,6,830,2.615,0.026,741.85
Tehri Reservoir,Ganga Basin,CWC,30.43921006,78.45546181,2018-06-27,2018,6,830,2.615,0.045,742.85
Tehri Reservoir,Ganga Basin,CWC,30.43921006,78.45546181,2018-06-28,2018,6,830,2.615,0.051,743.15
Tehri Reservoir,Ganga Basin,CWC,30.43921006,78.45546181,2018-07-08,2018,7,830,2.615,0.214,751.4
Tehri Reservoir,Ganga Basin,CWC,30.43921006,78.45546181,2018-07-13,2018,7,830,2.615,0.332,756.95
Tehri Reservoir,Ganga Basin,CWC,30.43921006,78.45546181,2018-07-23,2018,7,830,2.615,0.806,776.75
Tehri Reservoir,Ganga Basin,CWC,30.43921006,78.45546181,2018-07-12,2018,7,830,2.615,0.6905,772.15
Tehri Reservoir,Ganga Basin,CWC,30.43921006,78.45546181,2018-07-18,2018,7,830,2.615,0.575,767.55
Tehri Reservoir,Ganga Basin,CWC,30.43921006,78.45546181,2018-07-26,2018,7,830,2.615,1.013,784.35
Tehri Reservoir,Ganga Basin,CWC,30.43921006,78.45546181,2018-07-27,2018,7,830,2.615,1.082,786.75
Tehri Reservoir,Ganga Basin,CWC,30.43921006,78.45546181,2018-07-29,2018,7,830,2.615,1.248,792.35
Tehri Reservoir,Ganga Basin,CWC,30.43921006,78.45546181,2018-07-01,2018,7,830,2.615,0.117,746.6
Tehri Reservoir,Ganga Basin,CWC,30.43921006,78.45546181,2018-07-03,2018,7,830,2.615,0.165,749.0
Tehri Reservoir,Ganga Basin,CWC,30.43921006,78.45546181,2018-07-04,2018,7,830,2.615,0.183,749.9
Tehri Reservoir,Ganga Basin,CWC,30.43921006,78.45546181,2018-07-06,2018,7,830,2.615,0.197,750.55
Tehri Reservoir,Ganga Basin,CWC,30.43921006,78.45546181,2018-07-10,2018,7,830,2.615,0.251,753.15
Tehri Reservoir,Ganga Basin,CWC,30.43921006,78.45546181,2018-07-16,2018,7,830,2.615,0.432,761.5
Tehri Reservoir,Ganga Basin,CWC,30.43921006,78.45546181,2018-07-17,2018,7,830,2.615,0.487,763.85
Tehri Reservoir,Ganga Basin,CWC,30.43921006,78.45546181,2018-07-19,2018,7,830,2.615,0.636,770.1
Tehri Reservoir,Ganga Basin,CWC,30.43921006,78.45546181,2018-07-20,2018,7,830,2.615,0.673,771.6
Tehri Reservoir,Ganga Basin,CWC,30.43921006,78.45546181,2018-07-28,2018,7,830,2.615,1.131,788.45
Tehri Reservoir,Ganga Basin,CWC,30.43921006,78.45546181,2018-07-11,2018,7,830,2.615,0.251,753.15
Tehri Reservoir,Ganga Basin,CWC,30.43921006,78.45546181,2018-07-14,2018,7,830,2.615,0.365,758.5
Tehri Reservoir,Ganga Basin,CWC,30.43921006,78.45546181,2018-07-31,2018,7,830,2.615,1.312,794.5
Tehri Reservoir,Ganga Basin,CWC,30.43921006,78.45546181,2018-07-02,2018,7,830,2.615,0.142,747.85
Tehri Reservoir,Ganga Basin,CWC,30.43921006,78.45546181,2018-07-05,2018,7,830,2.615,0.189,750.15
Tehri Reservoir,Ganga Basin,CWC,30.43921006,78.45546181,2018-07-07,2018,7,830,2.615,0.201,750.8
Tehri Reservoir,Ganga Basin,CWC,30.43921006,78.45546181,2018-07-09,2018,7,830,2.615,0.23,752.2
Tehri Reservoir,Ganga Basin,CWC,30.43921006,78.45546181,2018-07-15,2018,7,830,2.615,0.403,760.15
Tehri Reservoir,Ganga Basin,CWC,30.43921006,78.45546181,2018-07-21,2018,7,830,2.615,0.711,773.1
Tehri Reservoir,Ganga Basin,CWC,30.43921006,78.45546181,2018-07-22,2018,7,830,2.615,0.744,774.4
Tehri Reservoir,Ganga Basin,CWC,30.43921006,78.45546181,2018-07-24,2018,7,830,2.615,0.867,779.1
Tehri Reservoir,Ganga Basin,CWC,30.43921006,78.45546181,2018-07-25,2018,7,830,2.615,0.947,781.95
Tehri Reservoir,Ganga Basin,CWC,30.43921006,78.45546181,2018-07-30,2018,7,830,2.615,1.297,793.95
Tehri Reservoir,Ganga Basin,CWC,30.43921006,78.45546181,2018-08-02,2018,8,830,2.615,1.331,795.05
Tehri Reservoir,Ganga Basin,CWC,30.43921006,78.45546181,2018-08-13,2018,8,830,2.615,1.689,806.0
Tehri Reservoir,Ganga Basin,CWC,30.43921006,78.45546181,2018-08-16,2018,8,830,2.615,1.776,808.5
Tehri Reservoir,Ganga Basin,CWC,30.43921006,78.45546181,2018-08-21,2018,8,830,2.615,1.967,813.8
Tehri Reservoir,Ganga Basin,CWC,30.43921006,78.45546181,2018-08-22,2018,8,830,2.615,1.993,814.45
Tehri Reservoir,Ganga Basin,CWC,30.43921006,78.45546181,2018-08-31,2018,8,830,2.615,2.206,820.0
Tehri Reservoir,Ganga Basin,CWC,30.43921006,78.45546181,2018-08-05,2018,8,830,2.615,1.407,797.45
Tehri Reservoir,Ganga Basin,CWC,30.43921006,78.45546181,2018-08-07,2018,8,830,2.615,1.487,800.0
Tehri Reservoir,Ganga Basin,CWC,30.43921006,78.45546181,2018-08-08,2018,8,830,2.615,1.55,801.85
Tehri Reservoir,Ganga Basin,CWC,30.43921006,78.45546181,2018-08-09,2018,8,830,2.615,1.587,802.95
Tehri Reservoir,Ganga Basin,CWC,30.43921006,78.45546181,2018-08-15,2018,8,830,2.615,1.748,807.7
Tehri Reservoir,Ganga Basin,CWC,30.43921006,78.45546181,2018-08-17,2018,8,830,2.615,1.804,809.3
Tehri Reservoir,Ganga Basin,CWC,30.43921006,78.45546181,2018-08-20,2018,8,830,2.615,1.93,812.8
Tehri Reservoir,Ganga Basin,CWC,30.43921006,78.45546181,2018-08-29,2018,8,830,2.615,2.162,818.9
Tehri Reservoir,Ganga Basin,CWC,30.43921006,78.45546181,2018-08-11,2018,8,830,2.615,1.641,804.55
Tehri Reservoir,Ganga Basin,CWC,30.43921006,78.45546181,2018-08-12,2018,8,830,2.615,1.654,805.0
Tehri Reservoir,Ganga Basin,CWC,30.43921006,78.45546181,2018-08-18,2018,8,830,2.615,1.847,810.45
Tehri Reservoir,Ganga Basin,CWC,30.43921006,78.45546181,2018-08-23,2018,8,830,2.615,2.016,815.1
Tehri Reservoir,Ganga Basin,CWC,30.43921006,78.45546181,2018-08-24,2018,8,830,2.615,2.042,815.8
Tehri Reservoir,Ganga Basin,CWC,30.43921006,78.45546181,2018-08-01,2018,8,830,2.615,1.319,794.7
Tehri Reservoir,Ganga Basin,CWC,30.43921006,78.45546181,2018-08-04,2018,8,830,2.615,1.378,796.55
Tehri Reservoir,Ganga Basin,CWC,30.43921006,78.45546181,2018-08-14,2018,8,830,2.615,1.723,807.0
Tehri Reservoir,Ganga Basin,CWC,30.43921006,78.45546181,2018-08-19,2018,8,830,2.615,1.894,811.8
Tehri Reservoir,Ganga Basin,CWC,30.43921006,78.45546181,2018-08-26,2018,8,830,2.615,2.119,817.75
Tehri Reservoir,Ganga Basin,CWC,30.43921006,78.45546181,2018-08-27,2018,8,830,2.615,2.143,818.4
Tehri Reservoir,Ganga Basin,CWC,30.43921006,78.45546181,2018-08-30,2018,8,830,2.615,2.194,819.65
Tehri Reservoir,Ganga Basin,CWC,30.43921006,78.45546181,2018-08-03,2018,8,830,2.615,1.35,795.7
Tehri Reservoir,Ganga Basin,CWC,30.43921006,78.45546181,2018-08-06,2018,8,830,2.615,1.448,798.75
Tehri Reservoir,Ganga Basin,CWC,30.43921006,78.45546181,2018-08-10,2018,8,830,2.615,1.614,803.8
Tehri Reservoir,Ganga Basin,CWC,30.43921006,78.45546181,2018-08-25,2018,8,830,2.615,2.077,816.7
Tehri Reservoir,Ganga Basin,CWC,30.43921006,78.45546181,2018-08-28,2018,8,830,2.615,2.15,818.6
Tehri Reservoir,Ganga Basin,CWC,30.43921006,78.45546181,2018-09-01,2018,9,830,2.615,2.214,820.15
Tehri Reservoir,Ganga Basin,CWC,30.43921006,78.45546181,2018-09-03,2018,9,830,2.615,2.234,820.65
Tehri Reservoir,Ganga Basin,CWC,30.43921006,78.45546181,2018-09-12,2018,9,830,2.615,2.283,821.9
Tehri Reservoir,Ganga Basin,CWC,30.43921006,78.45546181,2018-09-25,2018,9,830,2.615,2.435,825.6
Tehri Reservoir,Ganga Basin,CWC,30.43921006,78.45546181,2018-09-26,2018,9,830,2.615,2.44,825.7
Tehri Reservoir,Ganga Basin,CWC,30.43921006,78.45546181,2018-09-27,2018,9,830,2.615,2.341,823.3
Tehri Reservoir,Ganga Basin,CWC,30.43921006,78.45546181,2018-09-05,2018,9,830,2.615,2.242,820.9
Tehri Reservoir,Ganga Basin,CWC,30.43921006,78.45546181,2018-09-07,2018,9,830,2.615,2.242,820.85
Tehri Reservoir,Ganga Basin,CWC,30.43921006,78.45546181,2018-09-11,2018,9,830,2.615,2.266,821.45
Tehri Reservoir,Ganga Basin,CWC,30.43921006,78.45546181,2018-09-16,2018,9,830,2.615,2.365,823.85
Tehri Reservoir,Ganga Basin,CWC,30.43921006,78.45546181,2018-09-21,2018,9,830,2.615,2.406,824.9
Tehri Reservoir,Ganga Basin,CWC,30.43921006,78.45546181,2018-09-23,2018,9,830,2.615,2.423,825.3
Tehri Reservoir,Ganga Basin,CWC,30.43921006,78.45546181,2018-09-24,2018,9,830,2.615,2.432,825.45
Tehri Reservoir,Ganga Basin,CWC,30.43921006,78.45546181,2018-09-28,2018,9,830,2.615,2.473,826.0
Tehri Reservoir,Ganga Basin,CWC,30.43921006,78.45546181,2018-09-29,2018,9,830,2.615,2.461,826.15
Tehri Reservoir,Ganga Basin,CWC,30.43921006,78.45546181,2018-09-02,2018,9,830,2.615,2.218,820.3
Tehri Reservoir,Ganga Basin,CWC,30.43921006,78.45546181,2018-09-08,2018,9,830,2.615,2.234,820.7
Tehri Reservoir,Ganga Basin,CWC,30.43921006,78.45546181,2018-09-17,2018,9,830,2.615,2.377,824.2
Tehri Reservoir,Ganga Basin,CWC,30.43921006,78.45546181,2018-09-18,2018,9,830,2.615,2.39,824.45
Tehri Reservoir,Ganga Basin,CWC,30.43921006,78.45546181,2018-09-22,2018,9,830,2.615,2.419,825.15
Tehri Reservoir,Ganga Basin,CWC,30.43921006,78.45546181,2018-09-30,2018,9,830,2.615,2.469,826.35
Tehri Reservoir,Ganga Basin,CWC,30.43921006,78.45546181,2018-09-04,2018,9,830,2.615,2.238,820.8
Tehri Reservoir,Ganga Basin,CWC,30.43921006,78.45546181,2018-09-06,2018,9,830,2.615,2.242,820.875
Tehri Reservoir,Ganga Basin,CWC,30.43921006,78.45546181,2018-09-10,2018,9,830,2.615,2.246,820.95
Tehri Reservoir,Ganga Basin,CWC,30.43921006,78.45546181,2018-09-13,2018,9,830,2.615,2.311,822.55
Tehri Reservoir,Ganga Basin,CWC,30.43921006,78.45546181,2018-09-14,2018,9,830,2.615,2.34,823.25
Tehri Reservoir,Ganga Basin,CWC,30.43921006,78.45546181,2018-09-19,2018,9,830,2.615,2.402,824.75
Tehri Reservoir,Ganga Basin,CWC,30.43921006,78.45546181,2018-09-20,2018,9,830,2.615,2.402,824.8
Tehri Reservoir,Ganga Basin,CWC,30.43921006,78.45546181,2018-09-09,2018,9,830,2.615,2.234,820.7
Tehri Reservoir,Ganga Basin,CWC,30.43921006,78.45546181,2018-09-15,2018,9,830,2.615,2.357,823.7
Tehri Reservoir,Ganga Basin,CWC,30.43921006,78.45546181,2018-10-06,2018,10,830,2.615,2.495,827.0
Tehri Reservoir,Ganga Basin,CWC,30.43921006,78.45546181,2018-10-07,2018,10,830,2.615,2.495,827.0
Tehri Reservoir,Ganga Basin,CWC,30.43921006,78.45546181,2018-10-15,2018,10,830,2.615,2.495,827.0
Tehri Reservoir,Ganga Basin,CWC,30.43921006,78.45546181,2018-10-17,2018,10,830,2.615,2.499,827.1
Tehri Reservoir,Ganga Basin,CWC,30.43921006,78.45546181,2018-10-19,2018,10,830,2.615,2.512,827.4
Tehri Reservoir,Ganga Basin,CWC,30.43921006,78.45546181,2018-10-28,2018,10,830,2.615,2.491,826.9
Tehri Reservoir,Ganga Basin,CWC,30.43921006,78.45546181,2018-10-02,2018,10,830,2.615,2.478,826.6
Tehri Reservoir,Ganga Basin,CWC,30.43921006,78.45546181,2018-10-03,2018,10,830,2.615,2.486,826.75
Tehri Reservoir,Ganga Basin,CWC,30.43921006,78.45546181,2018-10-04,2018,10,830,2.615,2.49,826.9
Tehri Reservoir,Ganga Basin,CWC,30.43921006,78.45546181,2018-10-12,2018,10,830,2.615,2.495,827.0
Tehri Reservoir,Ganga Basin,CWC,30.43921006,78.45546181,2018-10-21,2018,10,830,2.615,2.52,827.6
Tehri Reservoir,Ganga Basin,CWC,30.43921006,78.45546181,2018-10-05,2018,10,830,2.615,2.495,827.0
Tehri Reservoir,Ganga Basin,CWC,30.43921006,78.45546181,2018-10-10,2018,10,830,2.615,2.495,827.0
Tehri Reservoir,Ganga Basin,CWC,30.43921006,78.45546181,2018-10-13,2018,10,830,2.615,2.495,827.0
Tehri Reservoir,Ganga Basin,CWC,30.43921006,78.45546181,2018-10-23,2018,10,830,2.615,2.512,827.4
Tehri Reservoir,Ganga Basin,CWC,30.43921006,78.45546181,2018-10-24,2018,10,830,2.615,2.508,827.25
Tehri Reservoir,Ganga Basin,CWC,30.43921006,78.45546181,2018-10-27,2018,10,830,2.615,2.495,827.0
Tehri Reservoir,Ganga Basin,CWC,30.43921006,78.45546181,2018-10-01,2018,10,830,2.615,2.474,826.45
Tehri Reservoir,Ganga Basin,CWC,30.43921006,78.45546181,2018-10-09,2018,10,830,2.615,2.495,827.0
Tehri Reservoir,Ganga Basin,CWC,30.43921006,78.45546181,2018-10-11,2018,10,830,2.615,2.495,827.0
Tehri Reservoir,Ganga Basin,CWC,30.43921006,78.45546181,2018-10-14,2018,10,830,2.615,2.495,827.0
Tehri Reservoir,Ganga Basin,CWC,30.43921006,78.45546181,2018-10-16,2018,10,830,2.615,2.495,827.0
Tehri Reservoir,Ganga Basin,CWC,30.43921006,78.45546181,2018-10-20,2018,10,830,2.615,2.516,827.5
Tehri Reservoir,Ganga Basin,CWC,30.43921006,78.45546181,2018-10-26,2018,10,830,2.615,2.499,827.05
Tehri Reservoir,Ganga Basin,CWC,30.43921006,78.45546181,2018-10-29,2018,10,830,2.615,2.486,826.75
Tehri Reservoir,Ganga Basin,CWC,30.43921006,78.45546181,2018-10-31,2018,10,830,2.615,2.474,826.55
Tehri Reservoir,Ganga Basin,CWC,30.43921006,78.45546181,2018-10-08,2018,10,830,2.615,2.495,827.0
Tehri Reservoir,Ganga Basin,CWC,30.43921006,78.45546181,2018-10-18,2018,10,830,2.615,2.508,827.25
Tehri Reservoir,Ganga Basin,CWC,30.43921006,78.45546181,2018-10-22,2018,10,830,2.615,2.52,827.6
Tehri Reservoir,Ganga Basin,CWC,30.43921006,78.45546181,2018-10-25,2018,10,830,2.615,2.503,827.15
Tehri Reservoir,Ganga Basin,CWC,30.43921006,78.45546181,2018-10-30,2018,10,830,2.615,2.478,826.65
Tehri Reservoir,Ganga Basin,CWC,30.43921006,78.45546181,2018-11-01,2018,11,830,2.615,2.474,826.45
Tehri Reservoir,Ganga Basin,CWC,30.43921006,78.45546181,2018-11-03,2018,11,830,2.615,2.461,826.15
Tehri Reservoir,Ganga Basin,CWC,30.43921006,78.45546181,2018-11-04,2018,11,830,2.615,2.473,826.0
Tehri Reservoir,Ganga Basin,CWC,30.43921006,78.45546181,2018-11-05,2018,11,830,2.615,2.448,825.9
Tehri Reservoir,Ganga Basin,CWC,30.43921006,78.45546181,2018-11-13,2018,11,830,2.615,2.406,824.9
Tehri Reservoir,Ganga Basin,CWC,30.43921006,78.45546181,2018-11-20,2018,11,830,2.615,2.361,823.8
Tehri Reservoir,Ganga Basin,CWC,30.43921006,78.45546181,2018-11-21,2018,11,830,2.615,2.357,823.65
Tehri Reservoir,Ganga Basin,CWC,30.43921006,78.45546181,2018-11-29,2018,11,830,2.615,2.295,822.15
Tehri Reservoir,Ganga Basin,CWC,30.43921006,78.45546181,2018-11-10,2018,11,830,2.615,2.423,825.3
Tehri Reservoir,Ganga Basin,CWC,30.43921006,78.45546181,2018-11-16,2018,11,830,2.615,2.386,824.4
Tehri Reservoir,Ganga Basin,CWC,30.43921006,78.45546181,2018-11-22,2018,11,830,2.615,2.348,823.45
Tehri Reservoir,Ganga Basin,CWC,30.43921006,78.45546181,2018-11-26,2018,11,830,2.615,2.317,822.7
Tehri Reservoir,Ganga Basin,CWC,30.43921006,78.45546181,2018-11-27,2018,11,830,2.615,2.311,822.55
Tehri Reservoir,Ganga Basin,CWC,30.43921006,78.45546181,2018-11-28,2018,11,830,2.615,2.303,822.35
Tehri Reservoir,Ganga Basin,CWC,30.43921006,78.45546181,2018-11-11,2018,11,830,2.615,2.419,825.15
Tehri Reservoir,Ganga Basin,CWC,30.43921006,78.45546181,2018-11-12,2018,11,830,2.615,2.415,825.05
Tehri Reservoir,Ganga Basin,CWC,30.43921006,78.45546181,2018-11-14,2018,11,830,2.615,2.398,824.7
Tehri Reservoir,Ganga Basin,CWC,30.43921006,78.45546181,2018-11-18,2018,11,830,2.615,2.373,824.05
Tehri Reservoir,Ganga Basin,CWC,30.43921006,78.45546181,2018-11-30,2018,11,830,2.615,2.287,821.95
Tehri Reservoir,Ganga Basin,CWC,30.43921006,78.45546181,2018-11-02,2018,11,830,2.615,2.465,826.25
Tehri Reservoir,Ganga Basin,CWC,30.43921006,78.45546181,2018-11-08,2018,11,830,2.615,2.435,825.6
Tehri Reservoir,Ganga Basin,CWC,30.43921006,78.45546181,2018-11-15,2018,11,830,2.615,2.394,824.55
Tehri Reservoir,Ganga Basin,CWC,30.43921006,78.45546181,2018-11-17,2018,11,830,2.615,2.382,824.25
Tehri Reservoir,Ganga Basin,CWC,30.43921006,78.45546181,2018-11-23,2018,11,830,2.615,2.34,823.25
Tehri Reservoir,Ganga Basin,CWC,30.43921006,78.45546181,2018-11-24,2018,11,830,2.615,2.332,823.05
Tehri Reservoir,Ganga Basin,CWC,30.43921006,78.45546181,2018-11-06,2018,11,830,2.615,2.44,825.8
Tehri Reservoir,Ganga Basin,CWC,30.43921006,78.45546181,2018-11-07,2018,11,830,2.615,2.44,825.65
Tehri Reservoir,Ganga Basin,CWC,30.43921006,78.45546181,2018-11-09,2018,11,830,2.615,2.432,825.5
Tehri Reservoir,Ganga Basin,CWC,30.43921006,78.45546181,2018-11-19,2018,11,830,2.615,2.269,823.95
Tehri Reservoir,Ganga Basin,CWC,30.43921006,78.45546181,2018-11-25,2018,11,830,2.615,2.324,822.9
Tehri Reservoir,Ganga Basin,CWC,30.43921006,78.45546181,2018-12-15,2018,12,830,2.615,2.147,818.53
Tehri Reservoir,Ganga Basin,CWC,30.43921006,78.45546181,2018-12-17,2018,12,830,2.615,2.127,817.96
Tehri Reservoir,Ganga Basin,CWC,30.43921006,78.45546181,2018-12-18,2018,12,830,2.615,2.115,817.64
Tehri Reservoir,Ganga Basin,CWC,30.43921006,78.45546181,2018-12-25,2018,12,830,2.615,2.035,815.62
Tehri Reservoir,Ganga Basin,CWC,30.43921006,78.45546181,2018-12-27,2018,12,830,2.615,1.9975,814.63
Tehri Reservoir,Ganga Basin,CWC,30.43921006,78.45546181,2018-12-30,2018,12,830,2.615,1.96,813.64
Tehri Reservoir,Ganga Basin,CWC,30.43921006,78.45546181,2018-12-31,2018,12,830,2.615,1.944,813.25
Tehri Reservoir,Ganga Basin,CWC,30.43921006,78.45546181,2018-12-12,2018,12,830,2.615,2.182,819.4
Tehri Reservoir,Ganga Basin,CWC,30.43921006,78.45546181,2018-12-16,2018,12,830,2.615,2.139,818.27
Tehri Reservoir,Ganga Basin,CWC,30.43921006,78.45546181,2018-12-23,2018,12,830,2.615,2.058,816.15
Tehri Reservoir,Ganga Basin,CWC,30.43921006,78.45546181,2018-12-05,2018,12,830,2.615,2.246,820.95
Tehri Reservoir,Ganga Basin,CWC,30.43921006,78.45546181,2018-12-08,2018,12,830,2.615,2.222,820.36
Tehri Reservoir,Ganga Basin,CWC,30.43921006,78.45546181,2018-12-10,2018,12,830,2.615,2.206,820.0
Tehri Reservoir,Ganga Basin,CWC,30.43921006,78.45546181,2018-12-13,2018,12,830,2.615,2.174,819.15
Tehri Reservoir,Ganga Basin,CWC,30.43921006,78.45546181,2018-12-14,2018,12,830,2.615,2.162,818.85
Tehri Reservoir,Ganga Basin,CWC,30.43921006,78.45546181,2018-12-28,2018,12,830,2.615,1.993,814.44
Tehri Reservoir,Ganga Basin,CWC,30.43921006,78.45546181,2018-12-02,2018,12,830,2.615,2.271,821.6
Tehri Reservoir,Ganga Basin,CWC,30.43921006,78.45546181,2018-12-03,2018,12,830,2.615,2.262,821.35
Tehri Reservoir,Ganga Basin,CWC,30.43921006,78.45546181,2018-12-07,2018,12,830,2.615,2.226,820.55
Tehri Reservoir,Ganga Basin,CWC,30.43921006,78.45546181,2018-12-21,2018,12,830,2.615,2.077,816.68
Tehri Reservoir,Ganga Basin,CWC,30.43921006,78.45546181,2018-12-22,2018,12,830,2.615,2.069,816.45
Tehri Reservoir,Ganga Basin,CWC,30.43921006,78.45546181,2018-12-29,2018,12,830,2.615,1.975,814.01
Tehri Reservoir,Ganga Basin,CWC,30.43921006,78.45546181,2018-12-01,2018,12,830,2.615,2.279,821.75
Tehri Reservoir,Ganga Basin,CWC,30.43921006,78.45546181,2018-12-04,2018,12,830,2.615,2.254,821.15
Tehri Reservoir,Ganga Basin,CWC,30.43921006,78.45546181,2018-12-06,2018,12,830,2.615,2.238,820.75
Tehri Reservoir,Ganga Basin,CWC,30.43921006,78.45546181,2018-12-09,2018,12,830,2.615,2.214,820.2
Tehri Reservoir,Ganga Basin,CWC,30.43921006,78.45546181,2018-12-11,2018,12,830,2.615,2.198,819.8
Tehri Reservoir,Ganga Basin,CWC,30.43921006,78.45546181,2018-12-19,2018,12,830,2.615,2.1,817.3
Tehri Reservoir,Ganga Basin,CWC,30.43921006,78.45546181,2018-12-20,2018,12,830,2.615,2.088,817.0
Tehri Reservoir,Ganga Basin,CWC,30.43921006,78.45546181,2018-12-24,2018,12,830,2.615,2.042,815.89
Tehri Reservoir,Ganga Basin,CWC,30.43921006,78.45546181,2018-12-26,2018,12,830,2.615,2.02,815.23
Tehri Reservoir,Ganga Basin,CWC,30.43921006,78.45546181,2019-01-07,2019,1,830,2.615,1.843,810.37
Tehri Reservoir,Ganga Basin,CWC,30.43921006,78.45546181,2019-01-16,2019,1,830,2.615,1.702,806.34
Tehri Reservoir,Ganga Basin,CWC,30.43921006,78.45546181,2019-01-25,2019,1,830,2.615,1.57,802.5
Tehri Reservoir,Ganga Basin,CWC,30.43921006,78.45546181,2019-01-28,2019,1,830,2.615,1.536,801.48
Tehri Reservoir,Ganga Basin,CWC,30.43921006,78.45546181,2019-01-31,2019,1,830,2.615,1.491,800.14
Tehri Reservoir,Ganga Basin,CWC,30.43921006,78.45546181,2019-01-06,2019,1,830,2.615,1.858,810.79
Tehri Reservoir,Ganga Basin,CWC,30.43921006,78.45546181,2019-01-08,2019,1,830,2.615,1.825,809.93
Tehri Reservoir,Ganga Basin,CWC,30.43921006,78.45546181,2019-01-13,2019,1,830,2.615,1.748,807.64
Tehri Reservoir,Ganga Basin,CWC,30.43921006,78.45546181,2019-01-21,2019,1,830,2.615,1.62,803.95
Tehri Reservoir,Ganga Basin,CWC,30.43921006,78.45546181,2019-01-26,2019,1,830,2.615,1.56,802.2
Tehri Reservoir,Ganga Basin,CWC,30.43921006,78.45546181,2019-01-03,2019,1,830,2.615,1.7235,806.915
Tehri Reservoir,Ganga Basin,CWC,30.43921006,78.45546181,2019-01-04,2019,1,830,2.615,1.887,811.63
Tehri Reservoir,Ganga Basin,CWC,30.43921006,78.45546181,2019-01-09,2019,1,830,2.615,1.811,809.5
Tehri Reservoir,Ganga Basin,CWC,30.43921006,78.45546181,2019-01-10,2019,1,830,2.615,1.797,809.05
Tehri Reservoir,Ganga Basin,CWC,30.43921006,78.45546181,2019-01-12,2019,1,830,2.615,1.762,808.13
Tehri Reservoir,Ganga Basin,CWC,30.43921006,78.45546181,2019-01-15,2019,1,830,2.615,1.716,806.78
Tehri Reservoir,Ganga Basin,CWC,30.43921006,78.45546181,2019-01-17,2019,1,830,2.615,1.685,805.85
Tehri Reservoir,Ganga Basin,CWC,30.43921006,78.45546181,2019-01-19,2019,1,830,2.615,1.651,804.9
Tehri Reservoir,Ganga Basin,CWC,30.43921006,78.45546181,2019-01-30,2019,1,830,2.615,1.507,800.63
Tehri Reservoir,Ganga Basin,CWC,30.43921006,78.45546181,2019-01-02,2019,1,830,2.615,1.905,812.09
Tehri Reservoir,Ganga Basin,CWC,30.43921006,78.45546181,2019-01-14,2019,1,830,2.615,1.73,807.18
Tehri Reservoir,Ganga Basin,CWC,30.43921006,78.45546181,2019-01-20,2019,1,830,2.615,1.634,804.38
Tehri Reservoir,Ganga Basin,CWC,30.43921006,78.45546181,2019-01-22,2019,1,830,2.615,1.61,803.7
Tehri Reservoir,Ganga Basin,CWC,30.43921006,78.45546181,2019-01-23,2019,1,830,2.615,1.6,803.35
Tehri Reservoir,Ganga Basin,CWC,30.43921006,78.45546181,2019-01-01,2019,1,830,2.615,1.956,813.48
Tehri Reservoir,Ganga Basin,CWC,30.43921006,78.45546181,2019-01-05,2019,1,830,2.615,1.872,811.16
Tehri Reservoir,Ganga Basin,CWC,30.43921006,78.45546181,2019-01-11,2019,1,830,2.615,1.779,808.58
Tehri Reservoir,Ganga Basin,CWC,30.43921006,78.45546181,2019-01-18,2019,1,830,2.615,1.667,805.37
Tehri Reservoir,Ganga Basin,CWC,30.43921006,78.45546181,2019-01-24,2019,1,830,2.615,1.58,802.8
Tehri Reservoir,Ganga Basin,CWC,30.43921006,78.45546181,2019-01-27,2019,1,830,2.615,1.547,801.82
Tehri Reservoir,Ganga Basin,CWC,30.43921006,78.45546181,2019-01-29,2019,1,830,2.615,1.523,801.12
Tehri Reservoir,Ganga Basin,CWC,30.43921006,78.45546181,2019-02-01,2019,2,830,2.615,1.478,799.7
Tehri Reservoir,Ganga Basin,CWC,30.43921006,78.45546181,2019-02-08,2019,2,830,2.615,1.378,796.54
Tehri Reservoir,Ganga Basin,CWC,30.43921006,78.45546181,2019-02-10,2019,2,830,2.615,1.353,795.84
Tehri Reservoir,Ganga Basin,CWC,30.43921006,78.45546181,2019-02-21,2019,2,830,2.615,1.3860000000000001,796.845
Tehri Reservoir,Ganga Basin,CWC,30.43921006,78.45546181,2019-02-05,2019,2,830,2.615,1.419,797.85
Tehri Reservoir,Ganga Basin,CWC,30.43921006,78.45546181,2019-02-06,2019,2,830,2.615,1.397,797.24
Tehri Reservoir,Ganga Basin,CWC,30.43921006,78.45546181,2019-02-11,2019,2,830,2.615,1.343,795.5
Tehri Reservoir,Ganga Basin,CWC,30.43921006,78.45546181,2019-02-17,2019,2,830,2.615,1.334,795.19
Tehri Reservoir,Ganga Basin,CWC,30.43921006,78.45546181,2019-02-18,2019,2,830,2.615,1.325,794.88
Tehri Reservoir,Ganga Basin,CWC,30.43921006,78.45546181,2019-02-22,2019,2,830,2.615,1.3464,795.564
Tehri Reservoir,Ganga Basin,CWC,30.43921006,78.45546181,2019-02-16,2019,2,830,2.615,1.3678,796.2479999999999
Tehri Reservoir,Ganga Basin,CWC,30.43921006,78.45546181,2019-02-23,2019,2,830,2.615,1.3892,796.932
Tehri Reservoir,Ganga Basin,CWC,30.43921006,78.45546181,2019-02-24,2019,2,830,2.615,1.4105999999999999,797.616
Tehri Reservoir,Ganga Basin,CWC,30.43921006,78.45546181,2019-02-04,2019,2,830,2.615,1.432,798.3
Tehri Reservoir,Ganga Basin,CWC,30.43921006,78.45546181,2019-02-09,2019,2,830,2.615,1.334,796.18
Tehri Reservoir,Ganga Basin,CWC,30.43921006,78.45546181,2019-02-12,2019,2,830,2.615,1.331,795.15
Tehri Reservoir,Ganga Basin,CWC,30.43921006,78.45546181,2019-02-13,2019,2,830,2.615,1.325,794.88
Tehri Reservoir,Ganga Basin,CWC,30.43921006,78.45546181,2019-02-15,2019,2,830,2.615,1.325,794.88
Tehri Reservoir,Ganga Basin,CWC,30.43921006,78.45546181,2019-02-25,2019,2,830,2.615,1.325,794.88
Tehri Reservoir,Ganga Basin,CWC,30.43921006,78.45546181,2019-02-26,2019,2,830,2.615,1.325,794.88
Tehri Reservoir,Ganga Basin,CWC,30.43921006,78.45546181,2019-02-27,2019,2,830,2.615,1.325,794.88
Tehri Reservoir,Ganga Basin,CWC,30.43921006,78.45546181,2019-02-02,2019,2,830,2.615,1.465,799.25
Tehri Reservoir,Ganga Basin,CWC,30.43921006,78.45546181,2019-02-03,2019,2,830,2.615,1.448,798.8
Tehri Reservoir,Ganga Basin,CWC,30.43921006,78.45546181,2019-02-07,2019,2,830,2.615,1.391,796.97
Tehri Reservoir,Ganga Basin,CWC,30.43921006,78.45546181,2019-02-14,2019,2,830,2.615,1.369,796.2733333333333
Tehri Reservoir,Ganga Basin,CWC,30.43921006,78.45546181,2019-02-19,2019,2,830,2.615,1.347,795.5766666666667
Tehri Reservoir,Ganga Basin,CWC,30.43921006,78.45546181,2019-02-20,2019,2,830,2.615,1.325,794.88
Tehri Reservoir,Ganga Basin,CWC,30.43921006,78.45546181,2019-02-28,2019,2,830,2.615,1.237,791.98
Tehri Reservoir,Ganga Basin,CWC,30.43921006,78.45546181,2019-03-01,2019,3,830,2.615,1.149,789.08
Tehri Reservoir,Ganga Basin,CWC,30.43921006,78.45546181,2019-03-12,2019,3,830,2.615,0.985,783.4
Tehri Reservoir,Ganga Basin,CWC,30.43921006,78.45546181,2019-03-16,2019,3,830,2.615,0.93,781.35
Tehri Reservoir,Ganga Basin,CWC,30.43921006,78.45546181,2019-03-28,2019,3,830,2.615,0.767,775.27
Tehri Reservoir,Ganga Basin,CWC,30.43921006,78.45546181,2019-03-29,2019,3,830,2.615,0.752,774.65
Tehri Reservoir,Ganga Basin,CWC,30.43921006,78.45546181,2019-03-31,2019,3,830,2.615,0.731,773.86
Tehri Reservoir,Ganga Basin,CWC,30.43921006,78.45546181,2019-03-09,2019,3,830,2.615,1.033,785.05
Tehri Reservoir,Ganga Basin,CWC,30.43921006,78.45546181,2019-03-15,2019,3,830,2.615,0.947,781.92
Tehri Reservoir,Ganga Basin,CWC,30.43921006,78.45546181,2019-03-26,2019,3,830,2.615,0.796,776.36
Tehri Reservoir,Ganga Basin,CWC,30.43921006,78.45546181,2019-03-30,2019,3,830,2.615,0.742,774.29
Tehri Reservoir,Ganga Basin,CWC,30.43921006,78.45546181,2019-03-02,2019,3,830,2.615,1.134,788.56
Tehri Reservoir,Ganga Basin,CWC,30.43921006,78.45546181,2019-03-03,2019,3,830,2.615,1.12,788.07
Tehri Reservoir,Ganga Basin,CWC,30.43921006,78.45546181,2019-03-04,2019,3,830,2.615,1.108,787.66
Tehri Reservoir,Ganga Basin,CWC,30.43921006,78.45546181,2019-03-05,2019,3,830,2.615,1.091,787.08
Tehri Reservoir,Ganga Basin,CWC,30.43921006,78.45546181,2019-03-06,2019,3,830,2.615,1.079,786.65
Tehri Reservoir,Ganga Basin,CWC,30.43921006,78.45546181,2019-03-13,2019,3,830,2.615,0.972,782.88
Tehri Reservoir,Ganga Basin,CWC,30.43921006,78.45546181,2019-03-19,2019,3,830,2.615,0.886,779.8
Tehri Reservoir,Ganga Basin,CWC,30.43921006,78.45546181,2019-03-27,2019,3,830,2.615,0.783,775.86
Tehri Reservoir,Ganga Basin,CWC,30.43921006,78.45546181,2019-03-07,2019,3,830,2.615,1.062,786.12
Tehri Reservoir,Ganga Basin,CWC,30.43921006,78.45546181,2019-03-17,2019,3,830,2.615,0.916,780.86
Tehri Reservoir,Ganga Basin,CWC,30.43921006,78.45546181,2019-03-18,2019,3,830,2.615,0.903,780.37
Tehri Reservoir,Ganga Basin,CWC,30.43921006,78.45546181,2019-03-20,2019,3,830,2.615,0.873,779.32
Tehri Reservoir,Ganga Basin,CWC,30.43921006,78.45546181,2019-03-22,2019,3,830,2.615,0.846,778.32
Tehri Reservoir,Ganga Basin,CWC,30.43921006,78.45546181,2019-03-23,2019,3,830,2.615,0.835,777.91
Tehri Reservoir,Ganga Basin,CWC,30.43921006,78.45546181,2019-03-08,2019,3,830,2.615,1.047,785.55
Tehri Reservoir,Ganga Basin,CWC,30.43921006,78.45546181,2019-03-10,2019,3,830,2.615,1.019,784.61
Tehri Reservoir,Ganga Basin,CWC,30.43921006,78.45546181,2019-03-11,2019,3,830,2.615,1.002,783.99
Tehri Reservoir,Ganga Basin,CWC,30.43921006,78.45546181,2019-03-14,2019,3,830,2.615,0.96,782.44
Tehri Reservoir,Ganga Basin,CWC,30.43921006,78.45546181,2019-03-21,2019,3,830,2.615,0.891,779.9200000000001
Tehri Reservoir,Ganga Basin,CWC,30.43921006,78.45546181,2019-03-24,2019,3,830,2.615,0.822,777.4
Tehri Reservoir,Ganga Basin,CWC,30.43921006,78.45546181,2019-03-25,2019,3,830,2.615,0.806,776.81
Tehri Reservoir,Ganga Basin,CWC,30.43921006,78.45546181,2019-04-09,2019,4,830,2.615,0.633,769.97
Tehri Reservoir,Ganga Basin,CWC,30.43921006,78.45546181,2019-04-11,2019,4,830,2.615,0.611,769.08
Tehri Reservoir,Ganga Basin,CWC,30.43921006,78.45546181,2019-04-14,2019,4,830,2.615,0.587,768.05
Tehri Reservoir,Ganga Basin,CWC,30.43921006,78.45546181,2019-04-21,2019,4,830,2.615,0.525,765.48
Tehri Reservoir,Ganga Basin,CWC,30.43921006,78.45546181,2019-04-05,2019,4,830,2.615,0.671,771.45
Tehri Reservoir,Ganga Basin,CWC,30.43921006,78.45546181,2019-04-06,2019,4,830,2.615,0.659,771.03
Tehri Reservoir,Ganga Basin,CWC,30.43921006,78.45546181,2019-04-07,2019,4,830,2.615,0.653,770.75
Tehri Reservoir,Ganga Basin,CWC,30.43921006,78.45546181,2019-04-17,2019,4,830,2.615,0.565,767.16
Tehri Reservoir,Ganga Basin,CWC,30.43921006,78.45546181,2019-04-01,2019,4,830,2.615,0.719,773.4
Tehri Reservoir,Ganga Basin,CWC,30.43921006,78.45546181,2019-04-08,2019,4,830,2.615,0.641,770.34
Tehri Reservoir,Ganga Basin,CWC,30.43921006,78.45546181,2019-04-10,2019,4,830,2.615,0.624,769.62
Tehri Reservoir,Ganga Basin,CWC,30.43921006,78.45546181,2019-04-13,2019,4,830,2.615,0.592,768.34
Tehri Reservoir,Ganga Basin,CWC,30.43921006,78.45546181,2019-04-16,2019,4,830,2.615,0.57,767.43
Tehri Reservoir,Ganga Basin,CWC,30.43921006,78.45546181,2019-04-20,2019,4,830,2.615,0.537,766.0
Tehri Reservoir,Ganga Basin,CWC,30.43921006,78.45546181,2019-04-23,2019,4,830,2.615,0.504,764.55
Tehri Reservoir,Ganga Basin,CWC,30.43921006,78.45546181,2019-04-28,2019,4,830,2.615,0.462,762.82
Tehri Reservoir,Ganga Basin,CWC,30.43921006,78.45546181,2019-04-02,2019,4,830,2.615,0.719,773.4
Tehri Reservoir,Ganga Basin,CWC,30.43921006,78.45546181,2019-04-22,2019,4,830,2.615,0.515,765.09
Tehri Reservoir,Ganga Basin,CWC,30.43921006,78.45546181,2019-04-24,2019,4,830,2.615,0.494,764.15
Tehri Reservoir,Ganga Basin,CWC,30.43921006,78.45546181,2019-04-26,2019,4,830,2.615,0.476,763.38
Tehri Reservoir,Ganga Basin,CWC,30.43921006,78.45546181,2019-04-29,2019,4,830,2.615,0.455,762.48
Tehri Reservoir,Ganga Basin,CWC,30.43921006,78.45546181,2019-04-30,2019,4,830,2.615,0.448,762.14
Tehri Reservoir,Ganga Basin,CWC,30.43921006,78.45546181,2019-04-18,2019,4,830,2.615,0.553,766.73
Tehri Reservoir,Ganga Basin,CWC,30.43921006,78.45546181,2019-04-19,2019,4,830,2.615,0.546,766.36
Tehri Reservoir,Ganga Basin,CWC,30.43921006,78.45546181,2019-04-25,2019,4,830,2.615,0.483,763.68
Tehri Reservoir,Ganga Basin,CWC,30.43921006,78.45546181,2019-04-27,2019,4,830,2.615,0.468,763.1
Tehri Reservoir,Ganga Basin,CWC,30.43921006,78.45546181,2019-04-03,2019,4,830,2.615,0.5126666666666667,764.97
Tehri Reservoir,Ganga Basin,CWC,30.43921006,78.45546181,2019-04-04,2019,4,830,2.615,0.5573333333333333,766.84
Tehri Reservoir,Ganga Basin,CWC,30.43921006,78.45546181,2019-04-12,2019,4,830,2.615,0.602,768.71
Tehri Reservoir,Ganga Basin,CWC,30.43921006,78.45546181,2019-04-15,2019,4,830,2.615,0.577,767.65
Tehri Reservoir,Ganga Basin,CWC,30.43921006,78.45546181,2019-05-07,2019,5,830,2.615,0.368,758.63
Tehri Reservoir,Ganga Basin,CWC,30.43921006,78.45546181,2019-05-12,2019,5,830,2.615,0.304,755.65
Tehri Reservoir,Ganga Basin,CWC,30.43921006,78.45546181,2019-05-14,2019,5,830,2.615,0.27,754.1
Tehri Reservoir,Ganga Basin,CWC,30.43921006,78.45546181,2019-05-16,2019,5,830,2.615,0.232,752.29
Tehri Reservoir,Ganga Basin,CWC,30.43921006,78.45546181,2019-05-29,2019,5,830,2.615,0.076,744.44
Tehri Reservoir,Ganga Basin,CWC,30.43921006,78.45546181,2019-05-30,2019,5,830,2.615,0.07,744.22
Tehri Reservoir,Ganga Basin,CWC,30.43921006,78.45546181,2019-05-02,2019,5,830,2.615,0.425,761.18
Tehri Reservoir,Ganga Basin,CWC,30.43921006,78.45546181,2019-05-10,2019,5,830,2.615,0.332,756.96
Tehri Reservoir,Ganga Basin,CWC,30.43921006,78.45546181,2019-05-15,2019,5,830,2.615,0.253,753.28
Tehri Reservoir,Ganga Basin,CWC,30.43921006,78.45546181,2019-05-20,2019,5,830,2.615,0.161,748.88
Tehri Reservoir,Ganga Basin,CWC,30.43921006,78.45546181,2019-05-22,2019,5,830,2.615,0.131,747.3
Tehri Reservoir,Ganga Basin,CWC,30.43921006,78.45546181,2019-05-23,2019,5,830,2.615,0.122,746.87
Tehri Reservoir,Ganga Basin,CWC,30.43921006,78.45546181,2019-05-25,2019,5,830,2.615,0.113,746.44
Tehri Reservoir,Ganga Basin,CWC,30.43921006,78.45546181,2019-05-26,2019,5,830,2.615,0.105,746.0
Tehri Reservoir,Ganga Basin,CWC,30.43921006,78.45546181,2019-05-31,2019,5,830,2.615,0.068,744.1
Tehri Reservoir,Ganga Basin,CWC,30.43921006,78.45546181,2019-05-01,2019,5,830,2.615,0.437,761.68
Tehri Reservoir,Ganga Basin,CWC,30.43921006,78.45546181,2019-05-03,2019,5,830,2.615,0.421,761.0
Tehri Reservoir,Ganga Basin,CWC,30.43921006,78.45546181,2019-05-06,2019,5,830,2.615,0.381,759.23
Tehri Reservoir,Ganga Basin,CWC,30.43921006,78.45546181,2019-05-08,2019,5,830,2.615,0.354,758.03
Tehri Reservoir,Ganga Basin,CWC,30.43921006,78.45546181,2019-05-09,2019,5,830,2.615,0.343,757.51
Tehri Reservoir,Ganga Basin,CWC,30.43921006,78.45546181,2019-05-11,2019,5,830,2.615,0.319,756.38
Tehri Reservoir,Ganga Basin,CWC,30.43921006,78.45546181,2019-05-18,2019,5,830,2.615,0.197,750.56
Tehri Reservoir,Ganga Basin,CWC,30.43921006,78.45546181,2019-05-19,2019,5,830,2.615,0.179,749.68
Tehri Reservoir,Ganga Basin,CWC,30.43921006,78.45546181,2019-05-21,2019,5,830,2.615,0.146,748.11
Tehri Reservoir,Ganga Basin,CWC,30.43921006,78.45546181,2019-05-24,2019,5,830,2.615,0.117,746.57
Tehri Reservoir,Ganga Basin,CWC,30.43921006,78.45546181,2019-05-04,2019,5,830,2.615,0.195,760.5
Tehri Reservoir,Ganga Basin,CWC,30.43921006,78.45546181,2019-05-13,2019,5,830,2.615,0.285,754.84
Tehri Reservoir,Ganga Basin,CWC,30.43921006,78.45546181,2019-05-17,2019,5,830,2.615,0.211,751.3
Tehri Reservoir,Ganga Basin,CWC,30.43921006,78.45546181,2019-05-05,2019,5,830,2.615,0.394,759.8
Tehri Reservoir,Ganga Basin,CWC,30.43921006,78.45546181,2019-05-27,2019,5,830,2.615,0.095,745.45
Tehri Reservoir,Ganga Basin,CWC,30.43921006,78.45546181,2019-05-28,2019,5,830,2.615,0.084,744.87
Tehri Reservoir,Ganga Basin,CWC,30.43921006,78.45546181,2019-06-02,2019,6,830,2.615,0.066,743.95
Tehri Reservoir,Ganga Basin,CWC,30.43921006,78.45546181,2019-06-06,2019,6,830,2.615,0.062,743.82
Tehri Reservoir,Ganga Basin,CWC,30.43921006,78.45546181,2019-06-12,2019,6,830,2.615,0.051,743.16
Tehri Reservoir,Ganga Basin,CWC,30.43921006,78.45546181,2019-06-26,2019,6,830,2.615,0.036,742.35
Tehri Reservoir,Ganga Basin,CWC,30.43921006,78.45546181,2019-06-04,2019,6,830,2.615,0.066,744.02
Tehri Reservoir,Ganga Basin,CWC,30.43921006,78.45546181,2019-06-10,2019,6,830,2.615,0.028,743.02
Tehri Reservoir,Ganga Basin,CWC,30.43921006,78.45546181,2019-06-15,2019,6,830,2.615,0.049,743.08
Tehri Reservoir,Ganga Basin,CWC,30.43921006,78.45546181,2019-06-18,2019,6,830,2.615,0.03,742.08
Tehri Reservoir,Ganga Basin,CWC,30.43921006,78.45546181,2019-06-19,2019,6,830,2.615,0.03,742.08
Tehri Reservoir,Ganga Basin,CWC,30.43921006,78.45546181,2019-06-23,2019,6,830,2.615,0.017,741.39
Tehri Reservoir,Ganga Basin,CWC,30.43921006,78.45546181,2019-06-24,2019,6,830,2.615,0.013,741.22
Tehri Reservoir,Ganga Basin,CWC,30.43921006,78.45546181,2019-06-29,2019,6,830,2.615,0.051,743.18
Tehri Reservoir,Ganga Basin,CWC,30.43921006,78.45546181,2019-06-05,2019,6,830,2.615,0.064,743.93
Tehri Reservoir,Ganga Basin,CWC,30.43921006,78.45546181,2019-06-09,2019,6,830,2.615,0.049,743.05
Tehri Reservoir,Ganga Basin,CWC,30.43921006,78.45546181,2019-06-17,2019,6,830,2.615,0.045,742.86
Tehri Reservoir,Ganga Basin,CWC,30.43921006,78.45546181,2019-06-20,2019,6,830,2.615,0.025,741.82
Tehri Reservoir,Ganga Basin,CWC,30.43921006,78.45546181,2019-06-21,2019,6,830,2.615,0.019,741.54
Tehri Reservoir,Ganga Basin,CWC,30.43921006,78.45546181,2019-06-27,2019,6,830,2.615,0.045,742.88
Tehri Reservoir,Ganga Basin,CWC,30.43921006,78.45546181,2019-06-30,2019,6,830,2.615,0.059,743.62
Tehri Reservoir,Ganga Basin,CWC,30.43921006,78.45546181,2019-06-07,2019,6,830,2.615,0.062,743.75
Tehri Reservoir,Ganga Basin,CWC,30.43921006,78.45546181,2019-06-11,2019,6,830,2.615,0.049,743.08
Tehri Reservoir,Ganga Basin,CWC,30.43921006,78.45546181,2019-06-13,2019,6,830,2.615,0.061,743.67
Tehri Reservoir,Ganga Basin,CWC,30.43921006,78.45546181,2019-06-14,2019,6,830,2.615,0.051,743.23
Tehri Reservoir,Ganga Basin,CWC,30.43921006,78.45546181,2019-06-22,2019,6,830,2.615,0.021,741.55
Tehri Reservoir,Ganga Basin,CWC,30.43921006,78.45546181,2019-06-01,2019,6,830,2.615,0.07,744.14
Tehri Reservoir,Ganga Basin,CWC,30.43921006,78.45546181,2019-06-03,2019,6,830,2.615,0.066,744.0
Tehri Reservoir,Ganga Basin,CWC,30.43921006,78.45546181,2019-06-08,2019,6,830,2.615,0.053,743.25
Tehri Reservoir,Ganga Basin,CWC,30.43921006,78.45546181,2019-06-16,2019,6,830,2.615,0.045,743.04
Tehri Reservoir,Ganga Basin,CWC,30.43921006,78.45546181,2019-06-25,2019,6,830,2.615,0.021,741.62
Tehri Reservoir,Ganga Basin,CWC,30.43921006,78.45546181,2019-06-28,2019,6,830,2.615,0.09,743.09
Tehri Reservoir,Ganga Basin,CWC,30.43921006,78.45546181,2019-07-02,2019,7,830,2.615,0.061,743.72
Tehri Reservoir,Ganga Basin,CWC,30.43921006,78.45546181,2019-07-04,2019,7,830,2.615,0.068,744.1
Tehri Reservoir,Ganga Basin,CWC,30.43921006,78.45546181,2019-07-05,2019,7,830,2.615,0.087,745.1
Tehri Reservoir,Ganga Basin,CWC,30.43921006,78.45546181,2019-07-08,2019,7,830,2.615,0.145,748.45
Tehri Reservoir,Ganga Basin,CWC,30.43921006,78.45546181,2019-07-10,2019,7,830,2.615,0.226,751.95
Tehri Reservoir,Ganga Basin,CWC,30.43921006,78.45546181,2019-07-22,2019,7,830,2.615,0.48,763.6
Tehri Reservoir,Ganga Basin,CWC,30.43921006,78.45546181,2019-07-26,2019,7,830,2.615,0.594,768.4
Tehri Reservoir,Ganga Basin,CWC,30.43921006,78.45546181,2019-07-19,2019,7,830,2.615,0.432,761.5
Tehri Reservoir,Ganga Basin,CWC,30.43921006,78.45546181,2019-07-25,2019,7,830,2.615,0.556,766.8
Tehri Reservoir,Ganga Basin,CWC,30.43921006,78.45546181,2019-07-01,2019,7,830,2.615,0.061,743.7
Tehri Reservoir,Ganga Basin,CWC,30.43921006,78.45546181,2019-07-03,2019,7,830,2.615,0.062,743.76
Tehri Reservoir,Ganga Basin,CWC,30.43921006,78.45546181,2019-07-09,2019,7,830,2.615,0.189,750.2
Tehri Reservoir,Ganga Basin,CWC,30.43921006,78.45546181,2019-07-11,2019,7,830,2.615,0.257,753.45
Tehri Reservoir,Ganga Basin,CWC,30.43921006,78.45546181,2019-07-12,2019,7,830,2.615,0.287,754.85
Tehri Reservoir,Ganga Basin,CWC,30.43921006,78.45546181,2019-07-13,2019,7,830,2.615,0.308,755.9
Tehri Reservoir,Ganga Basin,CWC,30.43921006,78.45546181,2019-07-14,2019,7,830,2.615,0.339,757.3
Tehri Reservoir,Ganga Basin,CWC,30.43921006,78.45546181,2019-07-16,2019,7,830,2.615,0.394,759.75
Tehri Reservoir,Ganga Basin,CWC,30.43921006,78.45546181,2019-07-17,2019,7,830,2.615,0.41,760.45
Tehri Reservoir,Ganga Basin,CWC,30.43921006,78.45546181,2019-07-18,2019,7,830,2.615,0.421,761.0
Tehri Reservoir,Ganga Basin,CWC,30.43921006,78.45546181,2019-07-21,2019,7,830,2.615,0.464,762.9
Tehri Reservoir,Ganga Basin,CWC,30.43921006,78.45546181,2019-07-27,2019,7,830,2.615,0.633,769.95
Tehri Reservoir,Ganga Basin,CWC,30.43921006,78.45546181,2019-07-30,2019,7,830,2.615,0.754,774.8
Tehri Reservoir,Ganga Basin,CWC,30.43921006,78.45546181,2019-07-07,2019,7,830,2.615,0.127,747.05
Tehri Reservoir,Ganga Basin,CWC,30.43921006,78.45546181,2019-07-15,2019,7,830,2.615,0.362,758.3
Tehri Reservoir,Ganga Basin,CWC,30.43921006,78.45546181,2019-07-20,2019,7,830,2.615,0.448,762.15
Tehri Reservoir,Ganga Basin,CWC,30.43921006,78.45546181,2019-07-06,2019,7,830,2.615,0.105,746.0
Tehri Reservoir,Ganga Basin,CWC,30.43921006,78.45546181,2019-07-23,2019,7,830,2.615,0.499,764.4
Tehri Reservoir,Ganga Basin,CWC,30.43921006,78.45546181,2019-07-24,2019,7,830,2.615,0.525,765.45
Tehri Reservoir,Ganga Basin,CWC,30.43921006,78.45546181,2019-07-28,2019,7,830,2.615,0.676,771.65
Tehri Reservoir,Ganga Basin,CWC,30.43921006,78.45546181,2019-07-29,2019,7,830,2.615,0.771,773.1
Tehri Reservoir,Ganga Basin,CWC,30.43921006,78.45546181,2019-07-31,2019,7,830,2.615,0.806,776.75
Tehri Reservoir,Ganga Basin,CWC,30.43921006,78.45546181,2019-08-03,2019,8,830,2.615,0.957,782.4
Tehri Reservoir,Ganga Basin,CWC,30.43921006,78.45546181,2019-08-07,2019,8,830,2.615,0.911,780.7
Tehri Reservoir,Ganga Basin,CWC,30.43921006,78.45546181,2019-08-09,2019,8,830,2.615,1.291,793.85
Tehri Reservoir,Ganga Basin,CWC,30.43921006,78.45546181,2019-08-10,2019,8,830,2.615,1.365,796.2
Tehri Reservoir,Ganga Basin,CWC,30.43921006,78.45546181,2019-08-24,2019,8,830,2.615,2.05,816.05
Tehri Reservoir,Ganga Basin,CWC,30.43921006,78.45546181,2019-08-29,2019,8,830,2.615,2.19,819.65
Tehri Reservoir,Ganga Basin,CWC,30.43921006,78.45546181,2019-08-02,2019,8,830,2.615,0.905,780.45
Tehri Reservoir,Ganga Basin,CWC,30.43921006,78.45546181,2019-08-08,2019,8,830,2.615,1.217,791.45
Tehri Reservoir,Ganga Basin,CWC,30.43921006,78.45546181,2019-08-11,2019,8,830,2.615,1.416,797.85
Tehri Reservoir,Ganga Basin,CWC,30.43921006,78.45546181,2019-08-12,2019,8,830,2.615,1.461,799.2
Tehri Reservoir,Ganga Basin,CWC,30.43921006,78.45546181,2019-08-18,2019,8,830,2.615,1.815,809.6
Tehri Reservoir,Ganga Basin,CWC,30.43921006,78.45546181,2019-08-30,2019,8,830,2.615,2.214,820.25
Tehri Reservoir,Ganga Basin,CWC,30.43921006,78.45546181,2019-08-05,2019,8,830,2.615,1.105,787.65
Tehri Reservoir,Ganga Basin,CWC,30.43921006,78.45546181,2019-08-06,2019,8,830,2.615,1.105,787.65
Tehri Reservoir,Ganga Basin,CWC,30.43921006,78.45546181,2019-08-16,2019,8,830,2.615,1.716,806.85
Tehri Reservoir,Ganga Basin,CWC,30.43921006,78.45546181,2019-08-20,2019,8,830,2.615,1.99,814.4
Tehri Reservoir,Ganga Basin,CWC,30.43921006,78.45546181,2019-08-22,2019,8,830,2.615,2.078,816.7
Tehri Reservoir,Ganga Basin,CWC,30.43921006,78.45546181,2019-08-28,2019,8,830,2.615,2.166,819.0
Tehri Reservoir,Ganga Basin,CWC,30.43921006,78.45546181,2019-08-31,2019,8,830,2.615,2.238,820.8
Tehri Reservoir,Ganga Basin,CWC,30.43921006,78.45546181,2019-08-01,2019,8,830,2.615,1.9425,812.825
Tehri Reservoir,Ganga Basin,CWC,30.43921006,78.45546181,2019-08-15,2019,8,830,2.615,1.647,804.85
Tehri Reservoir,Ganga Basin,CWC,30.43921006,78.45546181,2019-08-17,2019,8,830,2.615,1.772,808.4
Tehri Reservoir,Ganga Basin,CWC,30.43921006,78.45546181,2019-08-21,2019,8,830,2.615,2.008,814.95
Tehri Reservoir,Ganga Basin,CWC,30.43921006,78.45546181,2019-08-23,2019,8,830,2.615,2.039,815.7
Tehri Reservoir,Ganga Basin,CWC,30.43921006,78.45546181,2019-08-27,2019,8,830,2.615,2.141,818.35
Tehri Reservoir,Ganga Basin,CWC,30.43921006,78.45546181,2019-08-04,2019,8,830,2.615,1.05,785.7
Tehri Reservoir,Ganga Basin,CWC,30.43921006,78.45546181,2019-08-13,2019,8,830,2.615,1.517,800.8
Tehri Reservoir,Ganga Basin,CWC,30.43921006,78.45546181,2019-08-14,2019,8,830,2.615,1.58,802.8
Tehri Reservoir,Ganga Basin,CWC,30.43921006,78.45546181,2019-08-19,2019,8,830,2.615,1.945,813.25
Tehri Reservoir,Ganga Basin,CWC,30.43921006,78.45546181,2019-08-25,2019,8,830,2.615,2.069,816.5
Tehri Reservoir,Ganga Basin,CWC,30.43921006,78.45546181,2019-08-26,2019,8,830,2.615,2.1,817.35
Tehri Reservoir,Ganga Basin,CWC,30.43921006,78.45546181,2019-09-01,2019,9,830,2.615,2.275,821.75
Tehri Reservoir,Ganga Basin,CWC,30.43921006,78.45546181,2019-09-07,2019,9,830,2.615,2.44,825.7
Tehri Reservoir,Ganga Basin,CWC,30.43921006,78.45546181,2019-09-11,2019,9,830,2.615,2.4825,826.7
Tehri Reservoir,Ganga Basin,CWC,30.43921006,78.45546181,2019-09-22,2019,9,830,2.615,2.525,827.7
Tehri Reservoir,Ganga Basin,CWC,30.43921006,78.45546181,2019-09-26,2019,9,830,2.615,2.529,827.8
Tehri Reservoir,Ganga Basin,CWC,30.43921006,78.45546181,2019-09-27,2019,9,830,2.615,2.525,827.7
Tehri Reservoir,Ganga Basin,CWC,30.43921006,78.45546181,2019-09-30,2019,9,830,2.615,2.52,827.65
Tehri Reservoir,Ganga Basin,CWC,30.43921006,78.45546181,2019-09-10,2019,9,830,2.615,2.473,826.0
Tehri Reservoir,Ganga Basin,CWC,30.43921006,78.45546181,2019-09-14,2019,9,830,2.615,2.486,826.75
Tehri Reservoir,Ganga Basin,CWC,30.43921006,78.45546181,2019-09-20,2019,9,830,2.615,2.516,827.55
Tehri Reservoir,Ganga Basin,CWC,30.43921006,78.45546181,2019-09-24,2019,9,830,2.615,2.52,827.65
Tehri Reservoir,Ganga Basin,CWC,30.43921006,78.45546181,2019-09-28,2019,9,830,2.615,2.529,827.8
Tehri Reservoir,Ganga Basin,CWC,30.43921006,78.45546181,2019-09-06,2019,9,830,2.615,2.435,825.6
Tehri Reservoir,Ganga Basin,CWC,30.43921006,78.45546181,2019-09-08,2019,9,830,2.615,2.444,825.85
Tehri Reservoir,Ganga Basin,CWC,30.43921006,78.45546181,2019-09-09,2019,9,830,2.615,2.473,826.0
Tehri Reservoir,Ganga Basin,CWC,30.43921006,78.45546181,2019-09-13,2019,9,830,2.615,2.478,826.6
Tehri Reservoir,Ganga Basin,CWC,30.43921006,78.45546181,2019-09-17,2019,9,830,2.615,2.503,827.2
Tehri Reservoir,Ganga Basin,CWC,30.43921006,78.45546181,2019-09-21,2019,9,830,2.615,2.525,827.7
Tehri Reservoir,Ganga Basin,CWC,30.43921006,78.45546181,2019-09-29,2019,9,830,2.615,2.52,827.65
Tehri Reservoir,Ganga Basin,CWC,30.43921006,78.45546181,2019-09-03,2019,9,830,2.615,2.34,823.3
Tehri Reservoir,Ganga Basin,CWC,30.43921006,78.45546181,2019-09-04,2019,9,830,2.615,2.373,824.1
Tehri Reservoir,Ganga Basin,CWC,30.43921006,78.45546181,2019-09-05,2019,9,830,2.615,2.402,824.85
Tehri Reservoir,Ganga Basin,CWC,30.43921006,78.45546181,2019-09-12,2019,9,830,2.615,2.4465000000000003,825.9000000000001
Tehri Reservoir,Ganga Basin,CWC,30.43921006,78.45546181,2019-09-15,2019,9,830,2.615,2.491,826.95
Tehri Reservoir,Ganga Basin,CWC,30.43921006,78.45546181,2019-09-18,2019,9,830,2.615,2.401,824.7750000000001
Tehri Reservoir,Ganga Basin,CWC,30.43921006,78.45546181,2019-09-02,2019,9,830,2.615,2.311,822.6
Tehri Reservoir,Ganga Basin,CWC,30.43921006,78.45546181,2019-09-16,2019,9,830,2.615,2.499,827.15
Tehri Reservoir,Ganga Basin,CWC,30.43921006,78.45546181,2019-09-19,2019,9,830,2.615,2.5095,827.4
Tehri Reservoir,Ganga Basin,CWC,30.43921006,78.45546181,2019-09-23,2019,9,830,2.615,2.52,827.65
Tehri Reservoir,Ganga Basin,CWC,30.43921006,78.45546181,2019-09-25,2019,9,830,2.615,2.525,827.7
Tehri Reservoir,Ganga Basin,CWC,30.43921006,78.45546181,2019-10-04,2019,10,830,2.615,2.525,827.75
Tehri Reservoir,Ganga Basin,CWC,30.43921006,78.45546181,2019-10-12,2019,10,830,2.615,2.516,827.5
Tehri Reservoir,Ganga Basin,CWC,30.43921006,78.45546181,2019-10-17,2019,10,830,2.615,2.508,827.3
Tehri Reservoir,Ganga Basin,CWC,30.43921006,78.45546181,2019-10-18,2019,10,830,2.615,2.503,827.27
Tehri Reservoir,Ganga Basin,CWC,30.43921006,78.45546181,2019-10-24,2019,10,830,2.615,2.486,826.74
Tehri Reservoir,Ganga Basin,CWC,30.43921006,78.45546181,2019-10-29,2019,10,830,2.615,2.461,826.24
Tehri Reservoir,Ganga Basin,CWC,30.43921006,78.45546181,2019-10-11,2019,10,830,2.615,2.556,827.55
Tehri Reservoir,Ganga Basin,CWC,30.43921006,78.45546181,2019-10-16,2019,10,830,2.615,2.508,827.36
Tehri Reservoir,Ganga Basin,CWC,30.43921006,78.45546181,2019-10-19,2019,10,830,2.615,2.499,827.18
Tehri Reservoir,Ganga Basin,CWC,30.43921006,78.45546181,2019-10-22,2019,10,830,2.615,2.495,826.98
Tehri Reservoir,Ganga Basin,CWC,30.43921006,78.45546181,2019-10-23,2019,10,830,2.615,2.491,829.9
Tehri Reservoir,Ganga Basin,CWC,30.43921006,78.45546181,2019-10-01,2019,10,830,2.615,2.512,827.4
Tehri Reservoir,Ganga Basin,CWC,30.43921006,78.45546181,2019-10-08,2019,10,830,2.615,2.525,827.75
Tehri Reservoir,Ganga Basin,CWC,30.43921006,78.45546181,2019-10-09,2019,10,830,2.615,2.52,827.65
Tehri Reservoir,Ganga Basin,CWC,30.43921006,78.45546181,2019-10-13,2019,10,830,2.615,2.512,827.45
Tehri Reservoir,Ganga Basin,CWC,30.43921006,78.45546181,2019-10-25,2019,10,830,2.615,2.474,826.58
Tehri Reservoir,Ganga Basin,CWC,30.43921006,78.45546181,2019-10-28,2019,10,830,2.615,2.48,826.25
Tehri Reservoir,Ganga Basin,CWC,30.43921006,78.45546181,2019-10-03,2019,10,830,2.615,2.5065,827.1
Tehri Reservoir,Ganga Basin,CWC,30.43921006,78.45546181,2019-10-05,2019,10,830,2.615,2.533,827.95
Tehri Reservoir,Ganga Basin,CWC,30.43921006,78.45546181,2019-10-06,2019,10,830,2.615,2.529,829.85
Tehri Reservoir,Ganga Basin,CWC,30.43921006,78.45546181,2019-10-10,2019,10,830,2.615,2.52,827.6
Tehri Reservoir,Ganga Basin,CWC,30.43921006,78.45546181,2019-10-14,2019,10,830,2.615,2.512,827.45
Tehri Reservoir,Ganga Basin,CWC,30.43921006,78.45546181,2019-10-15,2019,10,830,2.615,2.512,827.4
Tehri Reservoir,Ganga Basin,CWC,30.43921006,78.45546181,2019-10-20,2019,10,830,2.615,2.499,827.11
Tehri Reservoir,Ganga Basin,CWC,30.43921006,78.45546181,2019-10-27,2019,10,830,2.615,2.509,827.3566666666667
Tehri Reservoir,Ganga Basin,CWC,30.43921006,78.45546181,2019-10-02,2019,10,830,2.615,2.519,827.6033333333334
Tehri Reservoir,Ganga Basin,CWC,30.43921006,78.45546181,2019-10-07,2019,10,830,2.615,2.529,827.85
Tehri Reservoir,Ganga Basin,CWC,30.43921006,78.45546181,2019-10-21,2019,10,830,2.615,2.495,827.06
Tehri Reservoir,Ganga Basin,CWC,30.43921006,78.45546181,2019-10-26,2019,10,830,2.615,2.478,826.52
Tehri Reservoir,Ganga Basin,CWC,30.43921006,78.45546181,2019-10-30,2019,10,830,2.615,2.456,826.14
Tehri Reservoir,Ganga Basin,CWC,30.43921006,78.45546181,2019-10-31,2019,10,830,2.615,2.473,826.03
Tehri Reservoir,Ganga Basin,CWC,30.43921006,78.45546181,2019-11-07,2019,11,830,2.615,2.419,825.25
Tehri Reservoir,Ganga Basin,CWC,30.43921006,78.45546181,2019-11-20,2019,11,830,2.615,2.324,822.98
Tehri Reservoir,Ganga Basin,CWC,30.43921006,78.45546181,2019-11-24,2019,11,830,2.615,2.295,822.28
Tehri Reservoir,Ganga Basin,CWC,30.43921006,78.45546181,2019-11-26,2019,11,830,2.615,2.279,821.81
Tehri Reservoir,Ganga Basin,CWC,30.43921006,78.45546181,2019-11-27,2019,11,830,2.615,2.266,821.58
Tehri Reservoir,Ganga Basin,CWC,30.43921006,78.45546181,2019-11-29,2019,11,830,2.615,2.254,821.19
Tehri Reservoir,Ganga Basin,CWC,30.43921006,78.45546181,2019-11-05,2019,11,830,2.615,2.427,825.41
Tehri Reservoir,Ganga Basin,CWC,30.43921006,78.45546181,2019-11-06,2019,11,830,2.615,2.419,825.29
Tehri Reservoir,Ganga Basin,CWC,30.43921006,78.45546181,2019-11-09,2019,11,830,2.615,2.406,824.92
Tehri Reservoir,Ganga Basin,CWC,30.43921006,78.45546181,2019-11-12,2019,11,830,2.615,2.386,824.45
Tehri Reservoir,Ganga Basin,CWC,30.43921006,78.45546181,2019-11-13,2019,11,830,2.615,2.423,824.3
Tehri Reservoir,Ganga Basin,CWC,30.43921006,78.45546181,2019-11-22,2019,11,830,2.615,2.311,822.64
Tehri Reservoir,Ganga Basin,CWC,30.43921006,78.45546181,2019-11-30,2019,11,830,2.615,2.242,820.91
Tehri Reservoir,Ganga Basin,CWC,30.43921006,78.45546181,2019-11-08,2019,11,830,2.615,2.411,825.03
Tehri Reservoir,Ganga Basin,CWC,30.43921006,78.45546181,2019-11-15,2019,11,830,2.615,2.365,823.98
Tehri Reservoir,Ganga Basin,CWC,30.43921006,78.45546181,2019-11-23,2019,11,830,2.615,2.303,822.44
Tehri Reservoir,Ganga Basin,CWC,30.43921006,78.45546181,2019-11-28,2019,11,830,2.615,2.254,821.19
Tehri Reservoir,Ganga Basin,CWC,30.43921006,78.45546181,2019-11-10,2019,11,830,2.615,2.398,824.76
Tehri Reservoir,Ganga Basin,CWC,30.43921006,78.45546181,2019-11-11,2019,11,830,2.615,2.394,824.6
Tehri Reservoir,Ganga Basin,CWC,30.43921006,78.45546181,2019-11-14,2019,11,830,2.615,2.373,824.14
Tehri Reservoir,Ganga Basin,CWC,30.43921006,78.45546181,2019-11-16,2019,11,830,2.615,2.357,823.79
Tehri Reservoir,Ganga Basin,CWC,30.43921006,78.45546181,2019-11-17,2019,11,830,2.615,2.353,823.61
Tehri Reservoir,Ganga Basin,CWC,30.43921006,78.45546181,2019-11-18,2019,11,830,2.615,2.344,823.42
Tehri Reservoir,Ganga Basin,CWC,30.43921006,78.45546181,2019-11-21,2019,11,830,2.615,2.32,822.82
Tehri Reservoir,Ganga Basin,CWC,30.43921006,78.45546181,2019-11-25,2019,11,830,2.615,2.287,822.06
Tehri Reservoir,Ganga Basin,CWC,30.43921006,78.45546181,2019-11-01,2019,11,830,2.615,2.448,825.9
Tehri Reservoir,Ganga Basin,CWC,30.43921006,78.45546181,2019-11-02,2019,11,830,2.615,2.44,825.76
Tehri Reservoir,Ganga Basin,CWC,30.43921006,78.45546181,2019-11-03,2019,11,830,2.615,2.435,825.66
Tehri Reservoir,Ganga Basin,CWC,30.43921006,78.45546181,2019-11-04,2019,11,830,2.615,2.432,825.55
Tehri Reservoir,Ganga Basin,CWC,30.43921006,78.45546181,2019-11-19,2019,11,830,2.615,2.336,823.23
Tehri Reservoir,Ganga Basin,CWC,30.43921006,78.45546181,2019-12-01,2019,12,830,2.615,2.23,820.68
Tehri Reservoir,Ganga Basin,CWC,30.43921006,78.45546181,2019-12-04,2019,12,830,2.615,2.21,820.11
Tehri Reservoir,Ganga Basin,CWC,30.43921006,78.45546181,2019-12-15,2019,12,830,2.615,2.084,816.97
Tehri Reservoir,Ganga Basin,CWC,30.43921006,78.45546181,2019-12-19,2019,12,830,2.615,2.0629999999999997,816.375
Tehri Reservoir,Ganga Basin,CWC,30.43921006,78.45546181,2019-12-21,2019,12,830,2.615,2.042,815.78
Tehri Reservoir,Ganga Basin,CWC,30.43921006,78.45546181,2019-12-24,2019,12,830,2.615,2.008,814.95
Tehri Reservoir,Ganga Basin,CWC,30.43921006,78.45546181,2019-12-27,2019,12,830,2.615,1.979,814.1
Tehri Reservoir,Ganga Basin,CWC,30.43921006,78.45546181,2019-12-29,2019,12,830,2.615,2.0885,816.985
Tehri Reservoir,Ganga Basin,CWC,30.43921006,78.45546181,2019-12-05,2019,12,830,2.615,2.198,819.87
Tehri Reservoir,Ganga Basin,CWC,30.43921006,78.45546181,2019-12-16,2019,12,830,2.615,2.077,816.76
Tehri Reservoir,Ganga Basin,CWC,30.43921006,78.45546181,2019-12-20,2019,12,830,2.615,2.046,815.9
Tehri Reservoir,Ganga Basin,CWC,30.43921006,78.45546181,2019-12-22,2019,12,830,2.615,2.031,815.52
Tehri Reservoir,Ganga Basin,CWC,30.43921006,78.45546181,2019-12-23,2019,12,830,2.615,2.02,815.19
Tehri Reservoir,Ganga Basin,CWC,30.43921006,78.45546181,2019-12-26,2019,12,830,2.615,1.99,814.45
Tehri Reservoir,Ganga Basin,CWC,30.43921006,78.45546181,2019-12-03,2019,12,830,2.615,2.218,820.31
Tehri Reservoir,Ganga Basin,CWC,30.43921006,78.45546181,2019-12-14,2019,12,830,2.615,2.092,817.1
Tehri Reservoir,Ganga Basin,CWC,30.43921006,78.45546181,2019-12-18,2019,12,830,2.615,2.058,816.27
Tehri Reservoir,Ganga Basin,CWC,30.43921006,78.45546181,2019-12-02,2019,12,830,2.615,2.222,820.46
Tehri Reservoir,Ganga Basin,CWC,30.43921006,78.45546181,2019-12-11,2019,12,830,2.615,2.119,817.86
Tehri Reservoir,Ganga Basin,CWC,30.43921006,78.45546181,2019-12-12,2019,12,830,2.615,2.111,817.69
Tehri Reservoir,Ganga Basin,CWC,30.43921006,78.45546181,2019-12-17,2019,12,830,2.615,2.069,816.56
Tehri Reservoir,Ganga Basin,CWC,30.43921006,78.45546181,2019-12-25,2019,12,830,2.615,2.001,814.73
Tehri Reservoir,Ganga Basin,CWC,30.43921006,78.45546181,2019-12-28,2019,12,830,2.615,1.964,813.74
Tehri Reservoir,Ganga Basin,CWC,30.43921006,78.45546181,2019-12-30,2019,12,830,2.615,1.964,813.74
Tehri Reservoir,Ganga Basin,CWC,30.43921006,78.45546181,2019-12-31,2019,12,830,2.615,1.964,813.74
Tehri Reservoir,Ganga Basin,CWC,30.43921006,78.45546181,2019-12-06,2019,12,830,2.615,2.186,819.55
Tehri Reservoir,Ganga Basin,CWC,30.43921006,78.45546181,2019-12-07,2019,12,830,2.615,2.174,819.25
Tehri Reservoir,Ganga Basin,CWC,30.43921006,78.45546181,2019-12-08,2019,12,830,2.615,2.162,818.97
Tehri Reservoir,Ganga Basin,CWC,30.43921006,78.45546181,2019-12-09,2019,12,830,2.615,2.147,818.57
Tehri Reservoir,Ganga Basin,CWC,30.43921006,78.45546181,2019-12-10,2019,12,830,2.615,2.135,818.24
Tehri Reservoir,Ganga Basin,CWC,30.43921006,78.45546181,2019-12-13,2019,12,830,2.615,2.1,817.34
Tehri Reservoir,Ganga Basin,CWC,30.43921006,78.45546181,2020-01-05,2020,1,830,2.615,1.869,811.12
Tehri Reservoir,Ganga Basin,CWC,30.43921006,78.45546181,2020-01-11,2020,1,830,2.615,1.793,809.05
Tehri Reservoir,Ganga Basin,CWC,30.43921006,78.45546181,2020-01-16,2020,1,830,2.615,1.744,807.64
Tehri Reservoir,Ganga Basin,CWC,30.43921006,78.45546181,2020-01-17,2020,1,830,2.615,1.716,806.85
Tehri Reservoir,Ganga Basin,CWC,30.43921006,78.45546181,2020-01-21,2020,1,830,2.615,1.667,805.44
Tehri Reservoir,Ganga Basin,CWC,30.43921006,78.45546181,2020-01-26,2020,1,830,2.615,1.603,803.53
Tehri Reservoir,Ganga Basin,CWC,30.43921006,78.45546181,2020-01-01,2020,1,830,2.615,1.916,812.47
Tehri Reservoir,Ganga Basin,CWC,30.43921006,78.45546181,2020-01-08,2020,1,830,2.615,1.833,810.15
Tehri Reservoir,Ganga Basin,CWC,30.43921006,78.45546181,2020-01-13,2020,1,830,2.615,1.772,808.4
Tehri Reservoir,Ganga Basin,CWC,30.43921006,78.45546181,2020-01-14,2020,1,830,2.615,1.7487,808.0
Tehri Reservoir,Ganga Basin,CWC,30.43921006,78.45546181,2020-01-19,2020,1,830,2.615,1.695,806.25
Tehri Reservoir,Ganga Basin,CWC,30.43921006,78.45546181,2020-01-29,2020,1,830,2.615,1.56,802.2
Tehri Reservoir,Ganga Basin,CWC,30.43921006,78.45546181,2020-01-30,2020,1,830,2.615,1.55,801.9
Tehri Reservoir,Ganga Basin,CWC,30.43921006,78.45546181,2020-01-31,2020,1,830,2.615,1.533,801.4
Tehri Reservoir,Ganga Basin,CWC,30.43921006,78.45546181,2020-01-02,2020,1,830,2.615,1.905,812.08
Tehri Reservoir,Ganga Basin,CWC,30.43921006,78.45546181,2020-01-09,2020,1,830,2.615,1.822,809.8
Tehri Reservoir,Ganga Basin,CWC,30.43921006,78.45546181,2020-01-20,2020,1,830,2.615,1.682,805.85
Tehri Reservoir,Ganga Basin,CWC,30.43921006,78.45546181,2020-01-25,2020,1,830,2.615,1.617,803.92
Tehri Reservoir,Ganga Basin,CWC,30.43921006,78.45546181,2020-01-06,2020,1,830,2.615,1.858,810.79
Tehri Reservoir,Ganga Basin,CWC,30.43921006,78.45546181,2020-01-15,2020,1,830,2.615,1.748,807.76
Tehri Reservoir,Ganga Basin,CWC,30.43921006,78.45546181,2020-01-18,2020,1,830,2.615,1.706,806.5
Tehri Reservoir,Ganga Basin,CWC,30.43921006,78.45546181,2020-01-22,2020,1,830,2.615,1.654,805.05
Tehri Reservoir,Ganga Basin,CWC,30.43921006,78.45546181,2020-01-24,2020,1,830,2.615,1.627,804.26
Tehri Reservoir,Ganga Basin,CWC,30.43921006,78.45546181,2020-01-27,2020,1,830,2.615,1.593,803.18
Tehri Reservoir,Ganga Basin,CWC,30.43921006,78.45546181,2020-01-28,2020,1,830,2.615,1.57,802.57
Tehri Reservoir,Ganga Basin,CWC,30.43921006,78.45546181,2020-01-03,2020,1,830,2.615,1.89,811.78
Tehri Reservoir,Ganga Basin,CWC,30.43921006,78.45546181,2020-01-04,2020,1,830,2.615,1.879,811.43
Tehri Reservoir,Ganga Basin,CWC,30.43921006,78.45546181,2020-01-07,2020,1,830,2.615,1.84,810.37
Tehri Reservoir,Ganga Basin,CWC,30.43921006,78.45546181,2020-01-10,2020,1,830,2.615,1.808,809.4
Tehri Reservoir,Ganga Basin,CWC,30.43921006,78.45546181,2020-01-12,2020,1,830,2.615,1.783,808.77
Tehri Reservoir,Ganga Basin,CWC,30.43921006,78.45546181,2020-01-23,2020,1,830,2.615,1.641,804.63
Tehri Reservoir,Ganga Basin,CWC,30.43921006,78.45546181,2020-02-04,2020,2,830,2.615,1.471,799.52
Tehri Reservoir,Ganga Basin,CWC,30.43921006,78.45546181,2020-02-11,2020,2,830,2.615,1.365,796.24
Tehri Reservoir,Ganga Basin,CWC,30.43921006,78.45546181,2020-02-17,2020,2,830,2.615,1.272,793.26
Tehri Reservoir,Ganga Basin,CWC,30.43921006,78.45546181,2020-02-01,2020,2,830,2.615,1.514,800.85
Tehri Reservoir,Ganga Basin,CWC,30.43921006,78.45546181,2020-02-08,2020,2,830,2.615,1.413,797.77
Tehri Reservoir,Ganga Basin,CWC,30.43921006,78.45546181,2020-02-14,2020,2,830,2.615,1.319,794.69
Tehri Reservoir,Ganga Basin,CWC,30.43921006,78.45546181,2020-02-20,2020,2,830,2.615,1.233,791.9
Tehri Reservoir,Ganga Basin,CWC,30.43921006,78.45546181,2020-02-23,2020,2,830,2.615,1.187,790.49
Tehri Reservoir,Ganga Basin,CWC,30.43921006,78.45546181,2020-02-25,2020,2,830,2.615,1.158,789.46
Tehri Reservoir,Ganga Basin,CWC,30.43921006,78.45546181,2020-02-27,2020,2,830,2.615,1.131,788.57
Tehri Reservoir,Ganga Basin,CWC,30.43921006,78.45546181,2020-02-07,2020,2,830,2.615,1.426,798.17
Tehri Reservoir,Ganga Basin,CWC,30.43921006,78.45546181,2020-02-10,2020,2,830,2.615,1.384,796.8
Tehri Reservoir,Ganga Basin,CWC,30.43921006,78.45546181,2020-02-13,2020,2,830,2.615,1.334,795.25
Tehri Reservoir,Ganga Basin,CWC,30.43921006,78.45546181,2020-02-26,2020,2,830,2.615,1.137,788.75
Tehri Reservoir,Ganga Basin,CWC,30.43921006,78.45546181,2020-02-12,2020,2,830,2.615,1.353,795.78
Tehri Reservoir,Ganga Basin,CWC,30.43921006,78.45546181,2020-02-18,2020,2,830,2.615,1.26,792.87
Tehri Reservoir,Ganga Basin,CWC,30.43921006,78.45546181,2020-02-19,2020,2,830,2.615,1.245,792.37
Tehri Reservoir,Ganga Basin,CWC,30.43921006,78.45546181,2020-02-21,2020,2,830,2.615,1.22,791.5
Tehri Reservoir,Ganga Basin,CWC,30.43921006,78.45546181,2020-02-22,2020,2,830,2.615,1.202,790.98
Tehri Reservoir,Ganga Basin,CWC,30.43921006,78.45546181,2020-02-24,2020,2,830,2.615,1.173,789.97
Tehri Reservoir,Ganga Basin,CWC,30.43921006,78.45546181,2020-02-28,2020,2,830,2.615,1.117,788.04
Tehri Reservoir,Ganga Basin,CWC,30.43921006,78.45546181,2020-02-02,2020,2,830,2.615,1.5,800.45
Tehri Reservoir,Ganga Basin,CWC,30.43921006,78.45546181,2020-02-03,2020,2,830,2.615,1.487,800.0
Tehri Reservoir,Ganga Basin,CWC,30.43921006,78.45546181,2020-02-05,2020,2,830,2.615,1.458,799.15
Tehri Reservoir,Ganga Basin,CWC,30.43921006,78.45546181,2020-02-06,2020,2,830,2.615,1.439,798.58
Tehri Reservoir,Ganga Basin,CWC,30.43921006,78.45546181,2020-02-09,2020,2,830,2.615,1.397,797.29
Tehri Reservoir,Ganga Basin,CWC,30.43921006,78.45546181,2020-02-15,2020,2,830,2.615,1.3,794.16
Tehri Reservoir,Ganga Basin,CWC,30.43921006,78.45546181,2020-02-16,2020,2,830,2.615,1.288,793.74
Tehri Reservoir,Ganga Basin,CWC,30.43921006,78.45546181,2020-02-29,2020,2,830,2.615,1.099,787.53
Tehri Reservoir,Ganga Basin,CWC,30.43921006,78.45546181,2020-03-10,2020,3,830,2.615,1.0075,784.25
Tehri Reservoir,Ganga Basin,CWC,30.43921006,78.45546181,2020-03-12,2020,3,830,2.615,0.916,780.97
Tehri Reservoir,Ganga Basin,CWC,30.43921006,78.45546181,2020-03-19,2020,3,830,2.615,0.859,778.88
Tehri Reservoir,Ganga Basin,CWC,30.43921006,78.45546181,2020-03-24,2020,3,830,2.615,0.809,776.9
Tehri Reservoir,Ganga Basin,CWC,30.43921006,78.45546181,2020-03-26,2020,3,830,2.615,0.796,776.41
Tehri Reservoir,Ganga Basin,CWC,30.43921006,78.45546181,2020-03-30,2020,3,830,2.615,0.775,775.58
Tehri Reservoir,Ganga Basin,CWC,30.43921006,78.45546181,2020-03-31,2020,3,830,2.615,0.767,775.36
Tehri Reservoir,Ganga Basin,CWC,30.43921006,78.45546181,2020-03-01,2020,3,830,2.615,1.082,786.79
Tehri Reservoir,Ganga Basin,CWC,30.43921006,78.45546181,2020-03-03,2020,3,830,2.615,1.056,785.95
Tehri Reservoir,Ganga Basin,CWC,30.43921006,78.45546181,2020-03-17,2020,3,830,2.615,0.881,779.68
Tehri Reservoir,Ganga Basin,CWC,30.43921006,78.45546181,2020-03-20,2020,3,830,2.615,0.849,778.42
Tehri Reservoir,Ganga Basin,CWC,30.43921006,78.45546181,2020-03-22,2020,3,830,2.615,0.8225,777.41
Tehri Reservoir,Ganga Basin,CWC,30.43921006,78.45546181,2020-03-25,2020,3,830,2.615,0.796,776.4
Tehri Reservoir,Ganga Basin,CWC,30.43921006,78.45546181,2020-03-28,2020,3,830,2.615,0.775,775.62
Tehri Reservoir,Ganga Basin,CWC,30.43921006,78.45546181,2020-03-09,2020,3,830,2.615,0.972,782.95
Tehri Reservoir,Ganga Basin,CWC,30.43921006,78.45546181,2020-03-11,2020,3,830,2.615,0.947,782.02
Tehri Reservoir,Ganga Basin,CWC,30.43921006,78.45546181,2020-03-13,2020,3,830,2.615,0.908,780.68
Tehri Reservoir,Ganga Basin,CWC,30.43921006,78.45546181,2020-03-16,2020,3,830,2.615,0.897,780.25
Tehri Reservoir,Ganga Basin,CWC,30.43921006,78.45546181,2020-03-23,2020,3,830,2.615,0.816,777.27
Tehri Reservoir,Ganga Basin,CWC,30.43921006,78.45546181,2020-03-04,2020,3,830,2.615,1.042,785.46
Tehri Reservoir,Ganga Basin,CWC,30.43921006,78.45546181,2020-03-07,2020,3,830,2.615,1.002,784.05
Tehri Reservoir,Ganga Basin,CWC,30.43921006,78.45546181,2020-03-14,2020,3,830,2.615,0.9359999999999999,781.66
Tehri Reservoir,Ganga Basin,CWC,30.43921006,78.45546181,2020-03-18,2020,3,830,2.615,0.87,779.27
Tehri Reservoir,Ganga Basin,CWC,30.43921006,78.45546181,2020-03-21,2020,3,830,2.615,0.835,777.98
Tehri Reservoir,Ganga Basin,CWC,30.43921006,78.45546181,2020-03-27,2020,3,830,2.615,0.788,776.1
Tehri Reservoir,Ganga Basin,CWC,30.43921006,78.45546181,2020-03-02,2020,3,830,2.615,1.073,786.5
Tehri Reservoir,Ganga Basin,CWC,30.43921006,78.45546181,2020-03-05,2020,3,830,2.615,1.027,784.97
Tehri Reservoir,Ganga Basin,CWC,30.43921006,78.45546181,2020-03-06,2020,3,830,2.615,1.016,784.5
Tehri Reservoir,Ganga Basin,CWC,30.43921006,78.45546181,2020-03-08,2020,3,830,2.615,1.991,783.6
Tehri Reservoir,Ganga Basin,CWC,30.43921006,78.45546181,2020-03-15,2020,3,830,2.615,0.9,780.32
Tehri Reservoir,Ganga Basin,CWC,30.43921006,78.45546181,2020-03-29,2020,3,830,2.615,0.8220000000000001,777.4000000000001
Tehri Reservoir,Ganga Basin,CWC,30.43921006,78.45546181,2020-04-04,2020,4,830,2.615,0.744,774.48
Tehri Reservoir,Ganga Basin,CWC,30.43921006,78.45546181,2020-04-12,2020,4,830,2.615,0.708,773.0
Tehri Reservoir,Ganga Basin,CWC,30.43921006,78.45546181,2020-04-14,2020,4,830,2.615,0.698,772.59
Tehri Reservoir,Ganga Basin,CWC,30.43921006,78.45546181,2020-04-16,2020,4,830,2.615,0.691,772.29
Tehri Reservoir,Ganga Basin,CWC,30.43921006,78.45546181,2020-04-17,2020,4,830,2.615,0.686,772.1
Tehri Reservoir,Ganga Basin,CWC,30.43921006,78.45546181,2020-04-20,2020,4,830,2.615,0.668,771.48
Tehri Reservoir,Ganga Basin,CWC,30.43921006,78.45546181,2020-04-28,2020,4,830,2.615,0.619,769.44
Tehri Reservoir,Ganga Basin,CWC,30.43921006,78.45546181,2020-04-01,2020,4,830,2.615,0.757,774.9
Tehri Reservoir,Ganga Basin,CWC,30.43921006,78.45546181,2020-04-05,2020,4,830,2.615,0.742,774.35
Tehri Reservoir,Ganga Basin,CWC,30.43921006,78.45546181,2020-04-06,2020,4,830,2.615,0.739,774.22
Tehri Reservoir,Ganga Basin,CWC,30.43921006,78.45546181,2020-04-08,2020,4,830,2.615,0.729,773.85
Tehri Reservoir,Ganga Basin,CWC,30.43921006,78.45546181,2020-04-09,2020,4,830,2.615,0.726,773.69
Tehri Reservoir,Ganga Basin,CWC,30.43921006,78.45546181,2020-04-11,2020,4,830,2.615,0.716,773.29
Tehri Reservoir,Ganga Basin,CWC,30.43921006,78.45546181,2020-04-23,2020,4,830,2.615,0.648,770.65
Tehri Reservoir,Ganga Basin,CWC,30.43921006,78.45546181,2020-04-25,2020,4,830,2.615,0.638,770.24
Tehri Reservoir,Ganga Basin,CWC,30.43921006,78.45546181,2020-04-13,2020,4,830,2.615,0.701,772.75
Tehri Reservoir,Ganga Basin,CWC,30.43921006,78.45546181,2020-04-15,2020,4,830,2.615,0.693,772.45
Tehri Reservoir,Ganga Basin,CWC,30.43921006,78.45546181,2020-04-18,2020,4,830,2.615,0.678,771.86
Tehri Reservoir,Ganga Basin,CWC,30.43921006,78.45546181,2020-04-24,2020,4,830,2.615,0.643,770.39
Tehri Reservoir,Ganga Basin,CWC,30.43921006,78.45546181,2020-04-26,2020,4,830,2.615,0.633,770.01
Tehri Reservoir,Ganga Basin,CWC,30.43921006,78.45546181,2020-04-27,2020,4,830,2.615,0.626,769.72
Tehri Reservoir,Ganga Basin,CWC,30.43921006,78.45546181,2020-04-29,2020,4,830,2.615,0.611,769.18
Tehri Reservoir,Ganga Basin,CWC,30.43921006,78.45546181,2020-04-02,2020,4,830,2.615,0.754,774.79
Tehri Reservoir,Ganga Basin,CWC,30.43921006,78.45546181,2020-04-03,2020,4,830,2.615,0.749,774.65
Tehri Reservoir,Ganga Basin,CWC,30.43921006,78.45546181,2020-04-07,2020,4,830,2.615,0.734,774.03
Tehri Reservoir,Ganga Basin,CWC,30.43921006,78.45546181,2020-04-10,2020,4,830,2.615,0.719,773.48
Tehri Reservoir,Ganga Basin,CWC,30.43921006,78.45546181,2020-04-19,2020,4,830,2.615,0.676,771.7
Tehri Reservoir,Ganga Basin,CWC,30.43921006,78.45546181,2020-04-21,2020,4,830,2.615,0.663,771.21
Tehri Reservoir,Ganga Basin,CWC,30.43921006,78.45546181,2020-04-22,2020,4,830,2.615,0.656,770.95
Tehri Reservoir,Ganga Basin,CWC,30.43921006,78.45546181,2020-04-30,2020,4,830,2.615,0.606,768.91
Tehri Reservoir,Ganga Basin,CWC,30.43921006,78.45546181,2020-05-01,2020,5,830,2.615,0.602,768.71
Tehri Reservoir,Ganga Basin,CWC,30.43921006,78.45546181,2020-05-06,2020,5,830,2.615,0.599,768.61
Tehri Reservoir,Ganga Basin,CWC,30.43921006,78.45546181,2020-05-12,2020,5,830,2.615,0.575,767.64
Tehri Reservoir,Ganga Basin,CWC,30.43921006,78.45546181,2020-05-28,2020,5,830,2.615,0.441,761.96
Tehri Reservoir,Ganga Basin,CWC,30.43921006,78.45546181,2020-05-03,2020,5,830,2.615,0.594,786.47
Tehri Reservoir,Ganga Basin,CWC,30.43921006,78.45546181,2020-05-10,2020,5,830,2.615,0.582,767.97
Tehri Reservoir,Ganga Basin,CWC,30.43921006,78.45546181,2020-05-11,2020,5,830,2.615,0.582,767.94
Tehri Reservoir,Ganga Basin,CWC,30.43921006,78.45546181,2020-05-18,2020,5,830,2.615,0.541,766.27
Tehri Reservoir,Ganga Basin,CWC,30.43921006,78.45546181,2020-05-22,2020,5,830,2.615,0.508,764.87
Tehri Reservoir,Ganga Basin,CWC,30.43921006,78.45546181,2020-05-25,2020,5,830,2.615,0.483,763.75
Tehri Reservoir,Ganga Basin,CWC,30.43921006,78.45546181,2020-05-02,2020,5,830,2.615,0.594,768.48
Tehri Reservoir,Ganga Basin,CWC,30.43921006,78.45546181,2020-05-05,2020,5,830,2.615,0.602,768.74
Tehri Reservoir,Ganga Basin,CWC,30.43921006,78.45546181,2020-05-08,2020,5,830,2.615,0.592,768.31
Tehri Reservoir,Ganga Basin,CWC,30.43921006,78.45546181,2020-05-20,2020,5,830,2.615,0.529,765.7
Tehri Reservoir,Ganga Basin,CWC,30.43921006,78.45546181,2020-05-21,2020,5,830,2.615,0.518,765.23
Tehri Reservoir,Ganga Basin,CWC,30.43921006,78.45546181,2020-05-23,2020,5,830,2.615,0.501,764.5
Tehri Reservoir,Ganga Basin,CWC,30.43921006,78.45546181,2020-05-27,2020,5,830,2.615,0.457,762.64
Tehri Reservoir,Ganga Basin,CWC,30.43921006,78.45546181,2020-05-30,2020,5,830,2.615,0.41,760.5
Tehri Reservoir,Ganga Basin,CWC,30.43921006,78.45546181,2020-05-31,2020,5,830,2.615,0.389,759.66
Tehri Reservoir,Ganga Basin,CWC,30.43921006,78.45546181,2020-05-15,2020,5,830,2.615,0.558,766.9
Tehri Reservoir,Ganga Basin,CWC,30.43921006,78.45546181,2020-05-17,2020,5,830,2.615,0.546,766.45
Tehri Reservoir,Ganga Basin,CWC,30.43921006,78.45546181,2020-05-24,2020,5,830,2.615,0.494,764.25
Tehri Reservoir,Ganga Basin,CWC,30.43921006,78.45546181,2020-05-26,2020,5,830,2.615,0.471,763.26
Tehri Reservoir,Ganga Basin,CWC,30.43921006,78.45546181,2020-05-29,2020,5,830,2.615,0.425,761.19
Tehri Reservoir,Ganga Basin,CWC,30.43921006,78.45546181,2020-05-04,2020,5,830,2.615,0.597,768.5
Tehri Reservoir,Ganga Basin,CWC,30.43921006,78.45546181,2020-05-07,2020,5,830,2.615,0.597,768.5
Tehri Reservoir,Ganga Basin,CWC,30.43921006,78.45546181,2020-05-09,2020,5,830,2.615,0.585,768.05
Tehri Reservoir,Ganga Basin,CWC,30.43921006,78.45546181,2020-05-13,2020,5,830,2.615,0.592,767.35
Tehri Reservoir,Ganga Basin,CWC,30.43921006,78.45546181,2020-05-14,2020,5,830,2.615,0.56,767.08
Tehri Reservoir,Ganga Basin,CWC,30.43921006,78.45546181,2020-05-16,2020,5,830,2.615,0.551,766.68
Tehri Reservoir,Ganga Basin,CWC,30.43921006,78.45546181,2020-05-19,2020,5,830,2.615,0.537,766.03
Tehri Reservoir,Ganga Basin,CWC,30.43921006,78.45546181,2020-06-01,2020,6,830,2.615,0.374,758.96
Tehri Reservoir,Ganga Basin,CWC,30.43921006,78.45546181,2020-06-02,2020,6,830,2.615,0.363,758.43
Tehri Reservoir,Ganga Basin,CWC,30.43921006,78.45546181,2020-06-05,2020,6,830,2.615,0.304,755.71
Tehri Reservoir,Ganga Basin,CWC,30.43921006,78.45546181,2020-06-13,2020,6,830,2.615,0.161,748.83
Tehri Reservoir,Ganga Basin,CWC,30.43921006,78.45546181,2020-06-17,2020,6,830,2.615,0.111,746.33
Tehri Reservoir,Ganga Basin,CWC,30.43921006,78.45546181,2020-06-26,2020,6,830,2.615,0.099,745.76
Tehri Reservoir,Ganga Basin,CWC,30.43921006,78.45546181,2020-06-03,2020,6,830,2.615,0.343,757.57
Tehri Reservoir,Ganga Basin,CWC,30.43921006,78.45546181,2020-06-09,2020,6,830,2.615,0.216,751.56
Tehri Reservoir,Ganga Basin,CWC,30.43921006,78.45546181,2020-06-11,2020,6,830,2.615,0.187,750.1
Tehri Reservoir,Ganga Basin,CWC,30.43921006,78.45546181,2020-06-12,2020,6,830,2.615,0.175,749.55
Tehri Reservoir,Ganga Basin,CWC,30.43921006,78.45546181,2020-06-20,2020,6,830,2.615,0.089,745.24
Tehri Reservoir,Ganga Basin,CWC,30.43921006,78.45546181,2020-06-21,2020,6,830,2.615,0.084,744.93
Tehri Reservoir,Ganga Basin,CWC,30.43921006,78.45546181,2020-06-22,2020,6,830,2.615,0.086,745.08
Tehri Reservoir,Ganga Basin,CWC,30.43921006,78.45546181,2020-06-24,2020,6,830,2.615,0.078,744.63
Tehri Reservoir,Ganga Basin,CWC,30.43921006,78.45546181,2020-06-06,2020,6,830,2.615,0.289,755.06
Tehri Reservoir,Ganga Basin,CWC,30.43921006,78.45546181,2020-06-07,2020,6,830,2.615,0.274,754.37
Tehri Reservoir,Ganga Basin,CWC,30.43921006,78.45546181,2020-06-08,2020,6,830,2.615,0.238,752.65
Tehri Reservoir,Ganga Basin,CWC,30.43921006,78.45546181,2020-06-15,2020,6,830,2.615,0.123,747.92
Tehri Reservoir,Ganga Basin,CWC,30.43921006,78.45546181,2020-06-27,2020,6,830,2.615,0.111,746.33
Tehri Reservoir,Ganga Basin,CWC,30.43921006,78.45546181,2020-06-29,2020,6,830,2.615,0.169,749.22
Tehri Reservoir,Ganga Basin,CWC,30.43921006,78.45546181,2020-06-10,2020,6,830,2.615,0.197,750.68
Tehri Reservoir,Ganga Basin,CWC,30.43921006,78.45546181,2020-06-14,2020,6,830,2.615,0.155,748.51
Tehri Reservoir,Ganga Basin,CWC,30.43921006,78.45546181,2020-06-18,2020,6,830,2.615,0.101,745.83
Tehri Reservoir,Ganga Basin,CWC,30.43921006,78.45546181,2020-06-19,2020,6,830,2.615,0.093,745.42
Tehri Reservoir,Ganga Basin,CWC,30.43921006,78.45546181,2020-06-25,2020,6,830,2.615,0.095,745.49
Tehri Reservoir,Ganga Basin,CWC,30.43921006,78.45546181,2020-06-30,2020,6,830,2.615,0.191,750.32
Tehri Reservoir,Ganga Basin,CWC,30.43921006,78.45546181,2020-06-04,2020,6,830,2.615,0.324,756.65
Tehri Reservoir,Ganga Basin,CWC,30.43921006,78.45546181,2020-06-16,2020,6,830,2.615,0.127,747.12
Tehri Reservoir,Ganga Basin,CWC,30.43921006,78.45546181,2020-06-23,2020,6,830,2.615,0.076,744.5
Tehri Reservoir,Ganga Basin,CWC,30.43921006,78.45546181,2020-06-28,2020,6,830,2.615,0.135,747.52
Tehri Reservoir,Ganga Basin,CWC,30.43921006,78.45546181,2020-07-05,2020,7,830,2.615,0.326,756.75
Tehri Reservoir,Ganga Basin,CWC,30.43921006,78.45546181,2020-07-06,2020,7,830,2.615,0.367,758.59
Tehri Reservoir,Ganga Basin,CWC,30.43921006,78.45546181,2020-07-11,2020,7,830,2.615,0.485,763.8
Tehri Reservoir,Ganga Basin,CWC,30.43921006,78.45546181,2020-07-18,2020,7,830,2.615,0.663,771.25
Tehri Reservoir,Ganga Basin,CWC,30.43921006,78.45546181,2020-07-19,2020,7,830,2.615,0.701,772.7
Tehri Reservoir,Ganga Basin,CWC,30.43921006,78.45546181,2020-07-20,2020,7,830,2.615,0.731,773.92
Tehri Reservoir,Ganga Basin,CWC,30.43921006,78.45546181,2020-07-28,2020,7,830,2.615,0.873,779.37
Tehri Reservoir,Ganga Basin,CWC,30.43921006,78.45546181,2020-07-04,2020,7,830,2.615,0.291,755.1
Tehri Reservoir,Ganga Basin,CWC,30.43921006,78.45546181,2020-07-14,2020,7,830,2.615,0.556,766.85
Tehri Reservoir,Ganga Basin,CWC,30.43921006,78.45546181,2020-07-22,2020,7,830,2.615,0.775,775.65
Tehri Reservoir,Ganga Basin,CWC,30.43921006,78.45546181,2020-07-27,2020,7,830,2.615,0.843,778.2
Tehri Reservoir,Ganga Basin,CWC,30.43921006,78.45546181,2020-07-29,2020,7,830,2.615,0.905,780.5
Tehri Reservoir,Ganga Basin,CWC,30.43921006,78.45546181,2020-07-02,2020,7,830,2.615,0.238,752.6
Tehri Reservoir,Ganga Basin,CWC,30.43921006,78.45546181,2020-07-03,2020,7,830,2.615,0.262,753.73
Tehri Reservoir,Ganga Basin,CWC,30.43921006,78.45546181,2020-07-07,2020,7,830,2.615,0.389,759.65
Tehri Reservoir,Ganga Basin,CWC,30.43921006,78.45546181,2020-07-08,2020,7,830,2.615,0.414,760.75
Tehri Reservoir,Ganga Basin,CWC,30.43921006,78.45546181,2020-07-13,2020,7,830,2.615,0.544,766.3
Tehri Reservoir,Ganga Basin,CWC,30.43921006,78.45546181,2020-07-15,2020,7,830,2.615,0.575,767.68
Tehri Reservoir,Ganga Basin,CWC,30.43921006,78.45546181,2020-07-17,2020,7,830,2.615,0.626,769.75
Tehri Reservoir,Ganga Basin,CWC,30.43921006,78.45546181,2020-07-21,2020,7,830,2.615,0.757,774.95
Tehri Reservoir,Ganga Basin,CWC,30.43921006,78.45546181,2020-07-26,2020,7,830,2.615,0.825,777.5
Tehri Reservoir,Ganga Basin,CWC,30.43921006,78.45546181,2020-07-01,2020,7,830,2.615,0.211,751.37
Tehri Reservoir,Ganga Basin,CWC,30.43921006,78.45546181,2020-07-09,2020,7,830,2.615,0.43,761.4
Tehri Reservoir,Ganga Basin,CWC,30.43921006,78.45546181,2020-07-10,2020,7,830,2.615,0.455,762.53
Tehri Reservoir,Ganga Basin,CWC,30.43921006,78.45546181,2020-07-16,2020,7,830,2.615,0.597,768.58
Tehri Reservoir,Ganga Basin,CWC,30.43921006,78.45546181,2020-07-24,2020,7,830,2.615,0.799,776.55
Tehri Reservoir,Ganga Basin,CWC,30.43921006,78.45546181,2020-07-25,2020,7,830,2.615,0.809,776.95
Tehri Reservoir,Ganga Basin,CWC,30.43921006,78.45546181,2020-07-31,2020,7,830,2.615,0.982,783.3
Tehri Reservoir,Ganga Basin,CWC,30.43921006,78.45546181,2020-07-12,2020,7,830,2.615,0.513,765.0
Tehri Reservoir,Ganga Basin,CWC,30.43921006,78.45546181,2020-07-23,2020,7,830,2.615,0.788,776.15
Tehri Reservoir,Ganga Basin,CWC,30.43921006,78.45546181,2020-07-30,2020,7,830,2.615,0.935,781.65
Tehri Reservoir,Ganga Basin,CWC,30.43921006,78.45546181,2020-08-02,2020,8,830,2.615,1.102,787.55
Tehri Reservoir,Ganga Basin,CWC,30.43921006,78.45546181,2020-08-05,2020,8,830,2.615,1.22,791.5
Tehri Reservoir,Ganga Basin,CWC,30.43921006,78.45546181,2020-08-08,2020,8,830,2.615,1.306,794.3
Tehri Reservoir,Ganga Basin,CWC,30.43921006,78.45546181,2020-08-11,2020,8,830,2.615,1.41,797.65
Tehri Reservoir,Ganga Basin,CWC,30.43921006,78.45546181,2020-08-27,2020,8,830,2.615,2.127,818.05
Tehri Reservoir,Ganga Basin,CWC,30.43921006,78.45546181,2020-08-28,2020,8,830,2.615,2.17,819.1
Tehri Reservoir,Ganga Basin,CWC,30.43921006,78.45546181,2020-08-06,2020,8,830,2.615,1.248,792.45
Tehri Reservoir,Ganga Basin,CWC,30.43921006,78.45546181,2020-08-17,2020,8,830,2.615,1.658,805.15
Tehri Reservoir,Ganga Basin,CWC,30.43921006,78.45546181,2020-08-18,2020,8,830,2.615,1.706,806.5
Tehri Reservoir,Ganga Basin,CWC,30.43921006,78.45546181,2020-08-19,2020,8,830,2.615,1.755,807.9
Tehri Reservoir,Ganga Basin,CWC,30.43921006,78.45546181,2020-08-20,2020,8,830,2.615,1.822,809.85
Tehri Reservoir,Ganga Basin,CWC,30.43921006,78.45546181,2020-08-24,2020,8,830,2.615,1.986,814.3
Tehri Reservoir,Ganga Basin,CWC,30.43921006,78.45546181,2020-08-26,2020,8,830,2.615,2.073,816.6
Tehri Reservoir,Ganga Basin,CWC,30.43921006,78.45546181,2020-08-29,2020,8,830,2.615,2.214,820.2
Tehri Reservoir,Ganga Basin,CWC,30.43921006,78.45546181,2020-08-30,2020,8,830,2.615,2.246,821.0
Tehri Reservoir,Ganga Basin,CWC,30.43921006,78.45546181,2020-08-07,2020,8,830,2.615,1.278,793.4
Tehri Reservoir,Ganga Basin,CWC,30.43921006,78.45546181,2020-08-12,2020,8,830,2.615,1.448,798.85
Tehri Reservoir,Ganga Basin,CWC,30.43921006,78.45546181,2020-08-15,2020,8,830,2.615,1.57,802.5
Tehri Reservoir,Ganga Basin,CWC,30.43921006,78.45546181,2020-08-16,2020,8,830,2.615,1.607,803.6
Tehri Reservoir,Ganga Basin,CWC,30.43921006,78.45546181,2020-08-22,2020,8,830,2.615,1.92,812.55
Tehri Reservoir,Ganga Basin,CWC,30.43921006,78.45546181,2020-08-01,2020,8,830,2.615,1.036,785.2
Tehri Reservoir,Ganga Basin,CWC,30.43921006,78.45546181,2020-08-03,2020,8,830,2.615,1.161,789.55
Tehri Reservoir,Ganga Basin,CWC,30.43921006,78.45546181,2020-08-09,2020,8,830,2.615,1.334,795.2
Tehri Reservoir,Ganga Basin,CWC,30.43921006,78.45546181,2020-08-10,2020,8,830,2.615,1.372,796.4
Tehri Reservoir,Ganga Basin,CWC,30.43921006,78.45546181,2020-08-14,2020,8,830,2.615,1.533,801.45
Tehri Reservoir,Ganga Basin,CWC,30.43921006,78.45546181,2020-08-23,2020,8,830,2.615,1.944,813.35
Tehri Reservoir,Ganga Basin,CWC,30.43921006,78.45546181,2020-08-25,2020,8,830,2.615,2.02,815.25
Tehri Reservoir,Ganga Basin,CWC,30.43921006,78.45546181,2020-08-31,2020,8,830,2.615,2.246,821.5
Tehri Reservoir,Ganga Basin,CWC,30.43921006,78.45546181,2020-08-04,2020,8,830,2.615,1.193,790.6
Tehri Reservoir,Ganga Basin,CWC,30.43921006,78.45546181,2020-08-13,2020,8,830,2.615,1.487,800.0
Tehri Reservoir,Ganga Basin,CWC,30.43921006,78.45546181,2020-08-21,2020,8,830,2.615,1.879,811.4
Tehri Reservoir,Ganga Basin,CWC,30.43921006,78.45546181,2020-09-01,2020,9,830,2.615,2.283,821.95
Tehri Reservoir,Ganga Basin,CWC,30.43921006,78.45546181,2020-09-02,2020,9,830,2.615,2.303,822.45
Tehri Reservoir,Ganga Basin,CWC,30.43921006,78.45546181,2020-09-04,2020,9,830,2.615,2.353,823.6
Tehri Reservoir,Ganga Basin,CWC,30.43921006,78.45546181,2020-09-08,2020,9,830,2.615,2.419,825.25
Tehri Reservoir,Ganga Basin,CWC,30.43921006,78.45546181,2020-09-12,2020,9,830,2.615,2.478,826.67
Tehri Reservoir,Ganga Basin,CWC,30.43921006,78.45546181,2020-09-19,2020,9,830,2.615,2.52,827.66
Tehri Reservoir,Ganga Basin,CWC,30.43921006,78.45546181,2020-09-03,2020,9,830,2.615,2.328,823.0
Tehri Reservoir,Ganga Basin,CWC,30.43921006,78.45546181,2020-09-10,2020,9,830,2.615,2.448,825.92
Tehri Reservoir,Ganga Basin,CWC,30.43921006,78.45546181,2020-09-15,2020,9,830,2.615,2.508,827.3
Tehri Reservoir,Ganga Basin,CWC,30.43921006,78.45546181,2020-09-16,2020,9,830,2.615,2.508,827.36
Tehri Reservoir,Ganga Basin,CWC,30.43921006,78.45546181,2020-09-17,2020,9,830,2.615,2.512,827.463
Tehri Reservoir,Ganga Basin,CWC,30.43921006,78.45546181,2020-09-18,2020,9,830,2.615,2.516,827.54
Tehri Reservoir,Ganga Basin,CWC,30.43921006,78.45546181,2020-09-23,2020,9,830,2.615,2.529,827.85
Tehri Reservoir,Ganga Basin,CWC,30.43921006,78.45546181,2020-09-26,2020,9,830,2.615,2.525,827.76
Tehri Reservoir,Ganga Basin,CWC,30.43921006,78.45546181,2020-09-30,2020,9,830,2.615,2.512,827.45
Tehri Reservoir,Ganga Basin,CWC,30.43921006,78.45546181,2020-09-07,2020,9,830,2.615,2.406,824.9
Tehri Reservoir,Ganga Basin,CWC,30.43921006,78.45546181,2020-09-09,2020,9,830,2.615,2.427,825.48
Tehri Reservoir,Ganga Basin,CWC,30.43921006,78.45546181,2020-09-13,2020,9,830,2.615,2.491,826.97
Tehri Reservoir,Ganga Basin,CWC,30.43921006,78.45546181,2020-09-22,2020,9,830,2.615,2.529,827.86
Tehri Reservoir,Ganga Basin,CWC,30.43921006,78.45546181,2020-09-27,2020,9,830,2.615,2.52,827.67
Tehri Reservoir,Ganga Basin,CWC,30.43921006,78.45546181,2020-09-29,2020,9,830,2.615,2.512,827.47
Tehri Reservoir,Ganga Basin,CWC,30.43921006,78.45546181,2020-09-05,2020,9,830,2.615,2.373,824.1
Tehri Reservoir,Ganga Basin,CWC,30.43921006,78.45546181,2020-09-06,2020,9,830,2.615,2.39,824.5
Tehri Reservoir,Ganga Basin,CWC,30.43921006,78.45546181,2020-09-11,2020,9,830,2.615,2.465,826.35
Tehri Reservoir,Ganga Basin,CWC,30.43921006,78.45546181,2020-09-14,2020,9,830,2.615,2.503,827.25
Tehri Reservoir,Ganga Basin,CWC,30.43921006,78.45546181,2020-09-24,2020,9,830,2.615,2.529,827.85
Tehri Reservoir,Ganga Basin,CWC,30.43921006,78.45546181,2020-09-28,2020,9,830,2.615,2.516,827.57
Tehri Reservoir,Ganga Basin,CWC,30.43921006,78.45546181,2020-09-20,2020,9,830,2.615,2.525,827.79
Tehri Reservoir,Ganga Basin,CWC,30.43921006,78.45546181,2020-09-21,2020,9,830,2.615,2.529,827.84
Tehri Reservoir,Ganga Basin,CWC,30.43921006,78.45546181,2020-09-25,2020,9,830,2.615,2.529,827.81
Tehri Reservoir,Ganga Basin,CWC,30.43921006,78.45546181,2020-10-01,2020,10,830,2.615,2.532,827.8199999999999
Tehri Reservoir,Ganga Basin,CWC,30.43921006,78.45546181,2020-10-15,2020,10,830,2.615,2.535,827.83
Tehri Reservoir,Ganga Basin,CWC,30.43921006,78.45546181,2020-10-19,2020,10,830,2.615,2.5300000000000002,827.77
Tehri Reservoir,Ganga Basin,CWC,30.43921006,78.45546181,2020-10-24,2020,10,830,2.615,2.525,827.71
Tehri Reservoir,Ganga Basin,CWC,30.43921006,78.45546181,2020-10-26,2020,10,830,2.615,2.52,827.65
Tehri Reservoir,Ganga Basin,CWC,30.43921006,78.45546181,2020-10-29,2020,10,830,2.615,2.5208333333333335,827.6666666666666
Tehri Reservoir,Ganga Basin,CWC,30.43921006,78.45546181,2020-10-31,2020,10,830,2.615,2.5216666666666665,827.6833333333333
Tehri Reservoir,Ganga Basin,CWC,30.43921006,78.45546181,2020-10-08,2020,10,830,2.615,2.5225,827.7
Tehri Reservoir,Ganga Basin,CWC,30.43921006,78.45546181,2020-10-11,2020,10,830,2.615,2.5233333333333334,827.7166666666667
Tehri Reservoir,Ganga Basin,CWC,30.43921006,78.45546181,2020-10-18,2020,10,830,2.615,2.5241666666666664,827.7333333333333
Tehri Reservoir,Ganga Basin,CWC,30.43921006,78.45546181,2020-10-21,2020,10,830,2.615,2.525,827.75
Tehri Reservoir,Ganga Basin,CWC,30.43921006,78.45546181,2020-10-22,2020,10,830,2.615,2.525,827.75
Tehri Reservoir,Ganga Basin,CWC,30.43921006,78.45546181,2020-10-25,2020,10,830,2.615,2.5241,827.726
Tehri Reservoir,Ganga Basin,CWC,30.43921006,78.45546181,2020-10-30,2020,10,830,2.615,2.5232,827.702
Tehri Reservoir,Ganga Basin,CWC,30.43921006,78.45546181,2020-10-06,2020,10,830,2.615,2.5223,827.678
Tehri Reservoir,Ganga Basin,CWC,30.43921006,78.45546181,2020-10-12,2020,10,830,2.615,2.5214,827.654
Tehri Reservoir,Ganga Basin,CWC,30.43921006,78.45546181,2020-10-05,2020,10,830,2.615,2.5205,827.63
Tehri Reservoir,Ganga Basin,CWC,30.43921006,78.45546181,2020-10-13,2020,10,830,2.615,2.5196,827.606
Tehri Reservoir,Ganga Basin,CWC,30.43921006,78.45546181,2020-10-16,2020,10,830,2.615,2.5187,827.582
Tehri Reservoir,Ganga Basin,CWC,30.43921006,78.45546181,2020-10-17,2020,10,830,2.615,2.5178,827.558
Tehri Reservoir,Ganga Basin,CWC,30.43921006,78.45546181,2020-10-27,2020,10,830,2.615,2.5169,827.534
Tehri Reservoir,Ganga Basin,CWC,30.43921006,78.45546181,2020-10-02,2020,10,830,2.615,2.516,827.51
Tehri Reservoir,Ganga Basin,CWC,30.43921006,78.45546181,2020-10-03,2020,10,830,2.615,2.516,827.52
Tehri Reservoir,Ganga Basin,CWC,30.43921006,78.45546181,2020-10-04,2020,10,830,2.615,2.516,827.52
Tehri Reservoir,Ganga Basin,CWC,30.43921006,78.45546181,2020-10-07,2020,10,830,2.615,2.516,827.52
Tehri Reservoir,Ganga Basin,CWC,30.43921006,78.45546181,2020-10-09,2020,10,830,2.615,2.5223333333333335,827.6233333333333
Tehri Reservoir,Ganga Basin,CWC,30.43921006,78.45546181,2020-10-10,2020,10,830,2.615,2.5286666666666666,827.7266666666667
Tehri Reservoir,Ganga Basin,CWC,30.43921006,78.45546181,2020-10-14,2020,10,830,2.615,2.535,827.83
Tehri Reservoir,Ganga Basin,CWC,30.43921006,78.45546181,2020-10-20,2020,10,830,2.615,2.5300000000000002,827.77
Tehri Reservoir,Ganga Basin,CWC,30.43921006,78.45546181,2020-10-23,2020,10,830,2.615,2.525,827.71
Tehri Reservoir,Ganga Basin,CWC,30.43921006,78.45546181,2020-10-28,2020,10,830,2.615,2.52,827.65
Tehri Reservoir,Ganga Basin,CWC,30.43921006,78.45546181,2020-11-09,2020,11,830,2.615,2.463,826.3050000000001
Tehri Reservoir,Ganga Basin,CWC,30.43921006,78.45546181,2020-11-11,2020,11,830,2.615,2.406,824.96
Tehri Reservoir,Ganga Basin,CWC,30.43921006,78.45546181,2020-11-17,2020,11,830,2.615,2.38025,824.3125
Tehri Reservoir,Ganga Basin,CWC,30.43921006,78.45546181,2020-11-20,2020,11,830,2.615,2.3545,823.665
Tehri Reservoir,Ganga Basin,CWC,30.43921006,78.45546181,2020-11-21,2020,11,830,2.615,2.32875,823.0175
Tehri Reservoir,Ganga Basin,CWC,30.43921006,78.45546181,2020-11-26,2020,11,830,2.615,2.303,822.37
Tehri Reservoir,Ganga Basin,CWC,30.43921006,78.45546181,2020-11-01,2020,11,830,2.615,2.3819999999999997,824.2850000000001
Tehri Reservoir,Ganga Basin,CWC,30.43921006,78.45546181,2020-11-05,2020,11,830,2.615,2.461,826.2
Tehri Reservoir,Ganga Basin,CWC,30.43921006,78.45546181,2020-11-08,2020,11,830,2.615,2.4434444444444443,825.7744444444445
Tehri Reservoir,Ganga Basin,CWC,30.43921006,78.45546181,2020-11-10,2020,11,830,2.615,2.4258888888888888,825.348888888889
Tehri Reservoir,Ganga Basin,CWC,30.43921006,78.45546181,2020-11-13,2020,11,830,2.615,2.408333333333333,824.9233333333334
Tehri Reservoir,Ganga Basin,CWC,30.43921006,78.45546181,2020-11-14,2020,11,830,2.615,2.3907777777777777,824.4977777777779
Tehri Reservoir,Ganga Basin,CWC,30.43921006,78.45546181,2020-11-02,2020,11,830,2.615,2.373222222222222,824.0722222222222
Tehri Reservoir,Ganga Basin,CWC,30.43921006,78.45546181,2020-11-04,2020,11,830,2.615,2.3556666666666666,823.6466666666666
Tehri Reservoir,Ganga Basin,CWC,30.43921006,78.45546181,2020-11-15,2020,11,830,2.615,2.338111111111111,823.2211111111111
Tehri Reservoir,Ganga Basin,CWC,30.43921006,78.45546181,2020-11-23,2020,11,830,2.615,2.3205555555555555,822.7955555555556
Tehri Reservoir,Ganga Basin,CWC,30.43921006,78.45546181,2020-11-25,2020,11,830,2.615,2.303,822.37
Tehri Reservoir,Ganga Basin,CWC,30.43921006,78.45546181,2020-11-27,2020,11,830,2.615,2.3819999999999997,824.2850000000001
Tehri Reservoir,Ganga Basin,CWC,30.43921006,78.45546181,2020-11-03,2020,11,830,2.615,2.461,826.2
Tehri Reservoir,Ganga Basin,CWC,30.43921006,78.45546181,2020-11-06,2020,11,830,2.615,2.4426666666666668,825.7866666666667
Tehri Reservoir,Ganga Basin,CWC,30.43921006,78.45546181,2020-11-07,2020,11,830,2.615,2.4243333333333332,825.3733333333333
Tehri Reservoir,Ganga Basin,CWC,30.43921006,78.45546181,2020-11-12,2020,11,830,2.615,2.406,824.96
Tehri Reservoir,Ganga Basin,CWC,30.43921006,78.45546181,2020-11-24,2020,11,830,2.615,2.400333333333333,824.5400000000001
Tehri Reservoir,Ganga Basin,CWC,30.43921006,78.45546181,2020-11-16,2020,11,830,2.615,2.3946666666666667,824.12
Tehri Reservoir,Ganga Basin,CWC,30.43921006,78.45546181,2020-11-18,2020,11,830,2.615,2.389,823.7
Tehri Reservoir,Ganga Basin,CWC,30.43921006,78.45546181,2020-11-19,2020,11,830,2.615,2.359,823.7
Tehri Reservoir,Ganga Basin,CWC,30.43921006,78.45546181,2020-11-22,2020,11,830,2.615,2.3158,822.634
Tehri Reservoir,Ganga Basin,CWC,30.43921006,78.45546181,2020-11-28,2020,11,830,2.615,2.2725999999999997,821.568
Tehri Reservoir,Ganga Basin,CWC,30.43921006,78.45546181,2020-11-29,2020,11,830,2.615,2.2294,820.5020000000001
Tehri Reservoir,Ganga Basin,CWC,30.43921006,78.45546181,2020-11-30,2020,11,830,2.615,2.1862,819.436
Tehri Reservoir,Ganga Basin,CWC,30.43921006,78.45546181,2020-12-09,2020,12,830,2.615,2.143,818.37
Tehri Reservoir,Ganga Basin,CWC,30.43921006,78.45546181,2020-12-20,2020,12,830,2.615,2.143,818.37
Tehri Reservoir,Ganga Basin,CWC,30.43921006,78.45546181,2020-12-22,2020,12,830,2.615,2.143,818.37
Tehri Reservoir,Ganga Basin,CWC,30.43921006,78.45546181,2020-12-10,2020,12,830,2.615,2.143,818.37
Tehri Reservoir,Ganga Basin,CWC,30.43921006,78.45546181,2020-12-14,2020,12,830,2.615,2.0869999999999997,816.9100000000001
Tehri Reservoir,Ganga Basin,CWC,30.43921006,78.45546181,2020-12-16,2020,12,830,2.615,2.031,815.45
Tehri Reservoir,Ganga Basin,CWC,30.43921006,78.45546181,2020-12-17,2020,12,830,2.615,2.031,815.45
Tehri Reservoir,Ganga Basin,CWC,30.43921006,78.45546181,2020-12-04,2020,12,830,2.615,2.057375,816.1287500000001
Tehri Reservoir,Ganga Basin,CWC,30.43921006,78.45546181,2020-12-07,2020,12,830,2.615,2.08375,816.8075
Tehri Reservoir,Ganga Basin,CWC,30.43921006,78.45546181,2020-12-12,2020,12,830,2.615,2.110125,817.48625
Tehri Reservoir,Ganga Basin,CWC,30.43921006,78.45546181,2020-12-13,2020,12,830,2.615,2.1365,818.165
Tehri Reservoir,Ganga Basin,CWC,30.43921006,78.45546181,2020-12-15,2020,12,830,2.615,2.162875,818.84375
Tehri Reservoir,Ganga Basin,CWC,30.43921006,78.45546181,2020-12-18,2020,12,830,2.615,2.18925,819.5225
Tehri Reservoir,Ganga Basin,CWC,30.43921006,78.45546181,2020-12-27,2020,12,830,2.615,2.215625,820.20125
Tehri Reservoir,Ganga Basin,CWC,30.43921006,78.45546181,2020-12-01,2020,12,830,2.615,2.242,820.88
Tehri Reservoir,Ganga Basin,CWC,30.43921006,78.45546181,2020-12-02,2020,12,830,2.615,2.242,820.88
Tehri Reservoir,Ganga Basin,CWC,30.43921006,78.45546181,2020-12-05,2020,12,830,2.615,2.242,820.88
Tehri Reservoir,Ganga Basin,CWC,30.43921006,78.45546181,2020-12-06,2020,12,830,2.615,2.242,820.88
Tehri Reservoir,Ganga Basin,CWC,30.43921006,78.45546181,2020-12-11,2020,12,830,2.615,2.242,820.88
Tehri Reservoir,Ganga Basin,CWC,30.43921006,78.45546181,2020-12-19,2020,12,830,2.615,2.242,820.88
Tehri Reservoir,Ganga Basin,CWC,30.43921006,78.45546181,2020-12-21,2020,12,830,2.615,2.242,820.88
Tehri Reservoir,Ganga Basin,CWC,30.43921006,78.45546181,2020-12-26,2020,12,830,2.615,2.242,820.88
Tehri Reservoir,Ganga Basin,CWC,30.43921006,78.45546181,2020-12-03,2020,12,830,2.615,2.242,820.88
Tehri Reservoir,Ganga Basin,CWC,30.43921006,78.45546181,2020-12-08,2020,12,830,2.615,2.0735,816.49
Tehri Reservoir,Ganga Basin,CWC,30.43921006,78.45546181,2020-12-23,2020,12,830,2.615,1.905,812.1
Tehri Reservoir,Ganga Basin,CWC,30.43921006,78.45546181,2020-12-24,2020,12,830,2.615,1.905,812.1
Tehri Reservoir,Ganga Basin,CWC,30.43921006,78.45546181,2020-12-25,2020,12,830,2.615,1.8755,811.2625
Tehri Reservoir,Ganga Basin,CWC,30.43921006,78.45546181,2020-12-28,2020,12,830,2.615,1.846,810.425
Tehri Reservoir,Ganga Basin,CWC,30.43921006,78.45546181,2020-12-29,2020,12,830,2.615,1.8165,809.5875
Tehri Reservoir,Ganga Basin,CWC,30.43921006,78.45546181,2020-12-30,2020,12,830,2.615,1.787,808.75
Tehri Reservoir,Ganga Basin,CWC,30.43921006,78.45546181,2020-12-31,2020,12,830,2.615,1.787,808.75
Tehri Reservoir,Ganga Basin,CWC,30.43921006,78.45546181,2021-01-05,2021,1,830,2.615,1.7646,808.12
Tehri Reservoir,Ganga Basin,CWC,30.43921006,78.45546181,2021-01-11,2021,1,830,2.615,1.7422,807.49
Tehri Reservoir,Ganga Basin,CWC,30.43921006,78.45546181,2021-01-19,2021,1,830,2.615,1.7198,806.86
Tehri Reservoir,Ganga Basin,CWC,30.43921006,78.45546181,2021-01-30,2021,1,830,2.615,1.6974,806.23
Tehri Reservoir,Ganga Basin,CWC,30.43921006,78.45546181,2021-01-06,2021,1,830,2.615,1.675,805.6
Tehri Reservoir,Ganga Basin,CWC,30.43921006,78.45546181,2021-01-08,2021,1,830,2.615,1.6525,804.9375
Tehri Reservoir,Ganga Basin,CWC,30.43921006,78.45546181,2021-01-10,2021,1,830,2.615,1.63,804.2750000000001
Tehri Reservoir,Ganga Basin,CWC,30.43921006,78.45546181,2021-01-12,2021,1,830,2.615,1.6075,803.6125000000001
Tehri Reservoir,Ganga Basin,CWC,30.43921006,78.45546181,2021-01-14,2021,1,830,2.615,1.585,802.95
Tehri Reservoir,Ganga Basin,CWC,30.43921006,78.45546181,2021-01-16,2021,1,830,2.615,1.5425,801.675
Tehri Reservoir,Ganga Basin,CWC,30.43921006,78.45546181,2021-01-20,2021,1,830,2.615,1.5,800.4
Tehri Reservoir,Ganga Basin,CWC,30.43921006,78.45546181,2021-01-23,2021,1,830,2.615,1.4489999999999998,798.81
Tehri Reservoir,Ganga Basin,CWC,30.43921006,78.45546181,2021-01-27,2021,1,830,2.615,1.398,797.22
Tehri Reservoir,Ganga Basin,CWC,30.43921006,78.45546181,2021-01-31,2021,1,830,2.615,1.46725,799.315
Tehri Reservoir,Ganga Basin,CWC,30.43921006,78.45546181,2021-01-02,2021,1,830,2.615,1.5365,801.4100000000001
Tehri Reservoir,Ganga Basin,CWC,30.43921006,78.45546181,2021-01-03,2021,1,830,2.615,1.60575,803.505
Tehri Reservoir,Ganga Basin,CWC,30.43921006,78.45546181,2021-01-07,2021,1,830,2.615,1.675,805.6
Tehri Reservoir,Ganga Basin,CWC,30.43921006,78.45546181,2021-01-22,2021,1,830,2.615,1.5365,801.4100000000001
Tehri Reservoir,Ganga Basin,CWC,30.43921006,78.45546181,2021-01-28,2021,1,830,2.615,1.398,797.22
Tehri Reservoir,Ganga Basin,CWC,30.43921006,78.45546181,2021-01-13,2021,1,830,2.615,1.585,802.95
Tehri Reservoir,Ganga Basin,CWC,30.43921006,78.45546181,2021-01-18,2021,1,830,2.615,1.5755555555555556,802.6666666666667
Tehri Reservoir,Ganga Basin,CWC,30.43921006,78.45546181,2021-01-24,2021,1,830,2.615,1.566111111111111,802.3833333333333
Tehri Reservoir,Ganga Basin,CWC,30.43921006,78.45546181,2021-01-29,2021,1,830,2.615,1.5566666666666666,802.1
Tehri Reservoir,Ganga Basin,CWC,30.43921006,78.45546181,2021-01-01,2021,1,830,2.615,1.5472222222222223,801.8166666666667
Tehri Reservoir,Ganga Basin,CWC,30.43921006,78.45546181,2021-01-04,2021,1,830,2.615,1.5377777777777777,801.5333333333333
Tehri Reservoir,Ganga Basin,CWC,30.43921006,78.45546181,2021-01-09,2021,1,830,2.615,1.5283333333333333,801.25
Tehri Reservoir,Ganga Basin,CWC,30.43921006,78.45546181,2021-01-15,2021,1,830,2.615,1.518888888888889,800.9666666666667
Tehri Reservoir,Ganga Basin,CWC,30.43921006,78.45546181,2021-01-17,2021,1,830,2.615,1.5094444444444444,800.6833333333333
Tehri Reservoir,Ganga Basin,CWC,30.43921006,78.45546181,2021-01-21,2021,1,830,2.615,1.5,800.4
Tehri Reservoir,Ganga Basin,CWC,30.43921006,78.45546181,2021-01-25,2021,1,830,2.615,1.4457499999999999,798.6875
Tehri Reservoir,Ganga Basin,CWC,30.43921006,78.45546181,2021-01-26,2021,1,830,2.615,1.3915,796.9749999999999
Tehri Reservoir,Ganga Basin,CWC,30.43921006,78.45546181,2021-02-02,2021,2,830,2.615,1.33725,795.2624999999999
Tehri Reservoir,Ganga Basin,CWC,30.43921006,78.45546181,2021-02-04,2021,2,830,2.615,1.283,793.55
Tehri Reservoir,Ganga Basin,CWC,30.43921006,78.45546181,2021-02-18,2021,2,830,2.615,1.013,784.36
Tehri Reservoir,Ganga Basin,CWC,30.43921006,78.45546181,2021-02-19,2021,2,830,2.615,0.9415,781.7750000000001
Tehri Reservoir,Ganga Basin,CWC,30.43921006,78.45546181,2021-02-25,2021,2,830,2.615,0.87,779.19
Tehri Reservoir,Ganga Basin,CWC,30.43921006,78.45546181,2021-02-01,2021,2,830,2.615,0.9656666666666667,782.58
Tehri Reservoir,Ganga Basin,CWC,30.43921006,78.45546181,2021-02-07,2021,2,830,2.615,1.0613333333333332,785.97
Tehri Reservoir,Ganga Basin,CWC,30.43921006,78.45546181,2021-02-10,2021,2,830,2.615,1.157,789.36
Tehri Reservoir,Ganga Basin,CWC,30.43921006,78.45546181,2021-02-12,2021,2,830,2.615,1.1569375,789.36
Tehri Reservoir,Ganga Basin,CWC,30.43921006,78.45546181,2021-02-14,2021,2,830,2.615,1.156875,789.36
Tehri Reservoir,Ganga Basin,CWC,30.43921006,78.45546181,2021-02-15,2021,2,830,2.615,1.1568125,789.36
Tehri Reservoir,Ganga Basin,CWC,30.43921006,78.45546181,2021-02-26,2021,2,830,2.615,1.1567500000000002,789.36
Tehri Reservoir,Ganga Basin,CWC,30.43921006,78.45546181,2021-02-27,2021,2,830,2.615,1.1566875,789.36
Tehri Reservoir,Ganga Basin,CWC,30.43921006,78.45546181,2021-02-05,2021,2,830,2.615,1.156625,789.36
Tehri Reservoir,Ganga Basin,CWC,30.43921006,78.45546181,2021-02-08,2021,2,830,2.615,1.1565625000000002,789.36
Tehri Reservoir,Ganga Basin,CWC,30.43921006,78.45546181,2021-02-11,2021,2,830,2.615,1.1565,789.36
Tehri Reservoir,Ganga Basin,CWC,30.43921006,78.45546181,2021-02-13,2021,2,830,2.615,1.1325833333333333,788.5266666666666
Tehri Reservoir,Ganga Basin,CWC,30.43921006,78.45546181,2021-02-20,2021,2,830,2.615,1.1086666666666667,787.6933333333334
Tehri Reservoir,Ganga Basin,CWC,30.43921006,78.45546181,2021-02-23,2021,2,830,2.615,1.08475,786.86
Tehri Reservoir,Ganga Basin,CWC,30.43921006,78.45546181,2021-02-28,2021,2,830,2.615,1.0608333333333333,786.0266666666666
Tehri Reservoir,Ganga Basin,CWC,30.43921006,78.45546181,2021-02-06,2021,2,830,2.615,1.0369166666666665,785.1933333333334
Tehri Reservoir,Ganga Basin,CWC,30.43921006,78.45546181,2021-02-17,2021,2,830,2.615,1.013,784.36
Tehri Reservoir,Ganga Basin,CWC,30.43921006,78.45546181,2021-02-22,2021,2,830,2.615,1.148,788.9549999999999
Tehri Reservoir,Ganga Basin,CWC,30.43921006,78.45546181,2021-02-03,2021,2,830,2.615,1.283,793.55
Tehri Reservoir,Ganga Basin,CWC,30.43921006,78.45546181,2021-02-09,2021,2,830,2.615,1.1797499999999999,789.96
Tehri Reservoir,Ganga Basin,CWC,30.43921006,78.45546181,2021-02-16,2021,2,830,2.615,1.0765,786.37
Tehri Reservoir,Ganga Basin,CWC,30.43921006,78.45546181,2021-02-21,2021,2,830,2.615,0.97325,782.78
Tehri Reservoir,Ganga Basin,CWC,30.43921006,78.45546181,2021-02-24,2021,2,830,2.615,0.87,779.19
Tehri Reservoir,Ganga Basin,CWC,30.43921006,78.45546181,2021-03-08,2021,3,830,2.615,0.8069999999999999,776.6833333333334
Tehri Reservoir,Ganga Basin,CWC,30.43921006,78.45546181,2021-03-09,2021,3,830,2.615,0.744,774.1766666666667
Tehri Reservoir,Ganga Basin,CWC,30.43921006,78.45546181,2021-03-17,2021,3,830,2.615,0.681,771.6700000000001
Tehri Reservoir,Ganga Basin,CWC,30.43921006,78.45546181,2021-03-28,2021,3,830,2.615,0.618,769.1633333333333
Tehri Reservoir,Ganga Basin,CWC,30.43921006,78.45546181,2021-03-03,2021,3,830,2.615,0.5549999999999999,766.6566666666666
Tehri Reservoir,Ganga Basin,CWC,30.43921006,78.45546181,2021-03-18,2021,3,830,2.615,0.492,764.15
Tehri Reservoir,Ganga Basin,CWC,30.43921006,78.45546181,2021-03-20,2021,3,830,2.615,0.55375,766.6625
Tehri Reservoir,Ganga Basin,CWC,30.43921006,78.45546181,2021-03-02,2021,3,830,2.615,0.6154999999999999,769.175
Tehri Reservoir,Ganga Basin,CWC,30.43921006,78.45546181,2021-03-01,2021,3,830,2.615,0.67725,771.6875
Tehri Reservoir,Ganga Basin,CWC,30.43921006,78.45546181,2021-03-04,2021,3,830,2.615,0.739,774.2
Tehri Reservoir,Ganga Basin,CWC,30.43921006,78.45546181,2021-03-05,2021,3,830,2.615,0.70575,772.865
Tehri Reservoir,Ganga Basin,CWC,30.43921006,78.45546181,2021-03-06,2021,3,830,2.615,0.6725,771.53
Tehri Reservoir,Ganga Basin,CWC,30.43921006,78.45546181,2021-03-10,2021,3,830,2.615,0.63925,770.195
Tehri Reservoir,Ganga Basin,CWC,30.43921006,78.45546181,2021-03-11,2021,3,830,2.615,0.606,768.86
Tehri Reservoir,Ganga Basin,CWC,30.43921006,78.45546181,2021-03-21,2021,3,830,2.615,0.55175,766.54
Tehri Reservoir,Ganga Basin,CWC,30.43921006,78.45546181,2021-03-22,2021,3,830,2.615,0.4975,764.22
Tehri Reservoir,Ganga Basin,CWC,30.43921006,78.45546181,2021-03-24,2021,3,830,2.615,0.44325000000000003,761.9000000000001
Tehri Reservoir,Ganga Basin,CWC,30.43921006,78.45546181,2021-03-25,2021,3,830,2.615,0.389,759.58
Tehri Reservoir,Ganga Basin,CWC,30.43921006,78.45546181,2021-03-27,2021,3,830,2.615,0.3725,758.782
Tehri Reservoir,Ganga Basin,CWC,30.43921006,78.45546181,2021-03-30,2021,3,830,2.615,0.356,757.984
Tehri Reservoir,Ganga Basin,CWC,30.43921006,78.45546181,2021-03-12,2021,3,830,2.615,0.3395,757.186
Tehri Reservoir,Ganga Basin,CWC,30.43921006,78.45546181,2021-03-14,2021,3,830,2.615,0.323,756.388
Tehri Reservoir,Ganga Basin,CWC,30.43921006,78.45546181,2021-03-23,2021,3,830,2.615,0.3065,755.59
Tehri Reservoir,Ganga Basin,CWC,30.43921006,78.45546181,2021-03-26,2021,3,830,2.615,0.29000000000000004,754.792
Tehri Reservoir,Ganga Basin,CWC,30.43921006,78.45546181,2021-03-29,2021,3,830,2.615,0.2735,753.994
Tehri Reservoir,Ganga Basin,CWC,30.43921006,78.45546181,2021-03-31,2021,3,830,2.615,0.257,753.196
Tehri Reservoir,Ganga Basin,CWC,30.43921006,78.45546181,2021-03-07,2021,3,830,2.615,0.2405,752.398
Tehri Reservoir,Ganga Basin,CWC,30.43921006,78.45546181,2021-03-13,2021,3,830,2.615,0.224,751.6
Tehri Reservoir,Ganga Basin,CWC,30.43921006,78.45546181,2021-03-15,2021,3,830,2.615,0.20750000000000002,750.802
Tehri Reservoir,Ganga Basin,CWC,30.43921006,78.45546181,2021-03-16,2021,3,830,2.615,0.191,750.004
Tehri Reservoir,Ganga Basin,CWC,30.43921006,78.45546181,2021-03-19,2021,3,830,2.615,0.1745,749.206
Tehri Reservoir,Ganga Basin,CWC,30.43921006,78.45546181,2021-04-02,2021,4,830,2.615,0.158,748.408
Tehri Reservoir,Ganga Basin,CWC,30.43921006,78.45546181,2021-04-13,2021,4,830,2.615,0.14150000000000001,747.61
Tehri Reservoir,Ganga Basin,CWC,30.43921006,78.45546181,2021-04-14,2021,4,830,2.615,0.125,746.812
Tehri Reservoir,Ganga Basin,CWC,30.43921006,78.45546181,2021-04-18,2021,4,830,2.615,0.10849999999999999,746.014
Tehri Reservoir,Ganga Basin,CWC,30.43921006,78.45546181,2021-04-19,2021,4,830,2.615,0.09199999999999997,745.216
Tehri Reservoir,Ganga Basin,CWC,30.43921006,78.45546181,2021-04-21,2021,4,830,2.615,0.07550000000000001,744.418
Tehri Reservoir,Ganga Basin,CWC,30.43921006,78.45546181,2021-04-22,2021,4,830,2.615,0.059,743.62
Tehri Reservoir,Ganga Basin,CWC,30.43921006,78.45546181,2021-04-25,2021,4,830,2.615,0.038,742.485
Tehri Reservoir,Ganga Basin,CWC,30.43921006,78.45546181,2021-04-29,2021,4,830,2.615,0.017,741.35
Tehri Reservoir,Ganga Basin,CWC,30.43921006,78.45546181,2021-04-06,2021,4,830,2.615,0.09633333333333333,745.3666666666667
Tehri Reservoir,Ganga Basin,CWC,30.43921006,78.45546181,2021-04-07,2021,4,830,2.615,0.17566666666666664,749.3833333333333
Tehri Reservoir,Ganga Basin,CWC,30.43921006,78.45546181,2021-04-08,2021,4,830,2.615,0.255,753.4
Tehri Reservoir,Ganga Basin,CWC,30.43921006,78.45546181,2021-04-10,2021,4,830,2.615,0.24463636363636365,752.8863636363636
Tehri Reservoir,Ganga Basin,CWC,30.43921006,78.45546181,2021-04-16,2021,4,830,2.615,0.23427272727272727,752.3727272727273
Tehri Reservoir,Ganga Basin,CWC,30.43921006,78.45546181,2021-04-17,2021,4,830,2.615,0.22390909090909092,751.8590909090909
Tehri Reservoir,Ganga Basin,CWC,30.43921006,78.45546181,2021-04-24,2021,4,830,2.615,0.21354545454545454,751.3454545454546
Tehri Reservoir,Ganga Basin,CWC,30.43921006,78.45546181,2021-04-26,2021,4,830,2.615,0.20318181818181819,750.8318181818182
Tehri Reservoir,Ganga Basin,CWC,30.43921006,78.45546181,2021-04-30,2021,4,830,2.615,0.19281818181818183,750.3181818181818
Tehri Reservoir,Ganga Basin,CWC,30.43921006,78.45546181,2021-04-11,2021,4,830,2.615,0.18245454545454545,749.8045454545454
Tehri Reservoir,Ganga Basin,CWC,30.43921006,78.45546181,2021-04-20,2021,4,830,2.615,0.17209090909090907,749.290909090909
Tehri Reservoir,Ganga Basin,CWC,30.43921006,78.45546181,2021-04-23,2021,4,830,2.615,0.16172727272727272,748.7772727272727
Tehri Reservoir,Ganga Basin,CWC,30.43921006,78.45546181,2021-04-05,2021,4,830,2.615,0.15136363636363637,748.2636363636364
Tehri Reservoir,Ganga Basin,CWC,30.43921006,78.45546181,2021-04-15,2021,4,830,2.615,0.141,747.75
Tehri Reservoir,Ganga Basin,CWC,30.43921006,78.45546181,2021-04-01,2021,4,830,2.615,0.321,756.48
Tehri Reservoir,Ganga Basin,CWC,30.43921006,78.45546181,2021-04-03,2021,4,830,2.615,0.3,755.4346666666667
Tehri Reservoir,Ganga Basin,CWC,30.43921006,78.45546181,2021-04-04,2021,4,830,2.615,0.279,754.3893333333333
Tehri Reservoir,Ganga Basin,CWC,30.43921006,78.45546181,2021-04-09,2021,4,830,2.615,0.258,753.344
Tehri Reservoir,Ganga Basin,CWC,30.43921006,78.45546181,2021-04-12,2021,4,830,2.615,0.237,752.2986666666667
Tehri Reservoir,Ganga Basin,CWC,30.43921006,78.45546181,2021-04-27,2021,4,830,2.615,0.216,751.2533333333333
Tehri Reservoir,Ganga Basin,CWC,30.43921006,78.45546181,2021-04-28,2021,4,830,2.615,0.195,750.208
Tehri Reservoir,Ganga Basin,CWC,30.43921006,78.45546181,2021-05-07,2021,5,830,2.615,0.174,749.1626666666666
Tehri Reservoir,Ganga Basin,CWC,30.43921006,78.45546181,2021-05-19,2021,5,830,2.615,0.153,748.1173333333334
Tehri Reservoir,Ganga Basin,CWC,30.43921006,78.45546181,2021-05-23,2021,5,830,2.615,0.132,747.072
Tehri Reservoir,Ganga Basin,CWC,30.43921006,78.45546181,2021-05-24,2021,5,830,2.615,0.11099999999999999,746.0266666666666
Tehri Reservoir,Ganga Basin,CWC,30.43921006,78.45546181,2021-05-31,2021,5,830,2.615,0.09,744.9813333333333
Tehri Reservoir,Ganga Basin,CWC,30.43921006,78.45546181,2021-05-02,2021,5,830,2.615,0.069,743.9359999999999
Tehri Reservoir,Ganga Basin,CWC,30.43921006,78.45546181,2021-05-04,2021,5,830,2.615,0.04799999999999999,742.8906666666667
Tehri Reservoir,Ganga Basin,CWC,30.43921006,78.45546181,2021-05-05,2021,5,830,2.615,0.02699999999999997,741.8453333333333
Tehri Reservoir,Ganga Basin,CWC,30.43921006,78.45546181,2021-05-06,2021,5,830,2.615,0.006,740.8
Tehri Reservoir,Ganga Basin,CWC,30.43921006,78.45546181,2021-05-12,2021,5,830,2.615,0.006142857142857143,740.8071428571428
Tehri Reservoir,Ganga Basin,CWC,30.43921006,78.45546181,2021-05-18,2021,5,830,2.615,0.006285714285714286,740.8142857142857
Tehri Reservoir,Ganga Basin,CWC,30.43921006,78.45546181,2021-05-29,2021,5,830,2.615,0.0064285714285714285,740.8214285714286
Tehri Reservoir,Ganga Basin,CWC,30.43921006,78.45546181,2021-05-11,2021,5,830,2.615,0.006571428571428572,740.8285714285714
Tehri Reservoir,Ganga Basin,CWC,30.43921006,78.45546181,2021-05-14,2021,5,830,2.615,0.006714285714285714,740.8357142857143
Tehri Reservoir,Ganga Basin,CWC,30.43921006,78.45546181,2021-05-17,2021,5,830,2.615,0.006857142857142858,740.8428571428572
Tehri Reservoir,Ganga Basin,CWC,30.43921006,78.45546181,2021-05-20,2021,5,830,2.615,0.007,740.85
Tehri Reservoir,Ganga Basin,CWC,30.43921006,78.45546181,2021-05-26,2021,5,830,2.615,0.034,742.3
Tehri Reservoir,Ganga Basin,CWC,30.43921006,78.45546181,2021-05-27,2021,5,830,2.615,0.061,743.75
Tehri Reservoir,Ganga Basin,CWC,30.43921006,78.45546181,2021-05-30,2021,5,830,2.615,0.056545454545454545,743.5090909090909
Tehri Reservoir,Ganga Basin,CWC,30.43921006,78.45546181,2021-05-08,2021,5,830,2.615,0.05209090909090909,743.2681818181818
Tehri Reservoir,Ganga Basin,CWC,30.43921006,78.45546181,2021-05-16,2021,5,830,2.615,0.04763636363636363,743.0272727272727
Tehri Reservoir,Ganga Basin,CWC,30.43921006,78.45546181,2021-05-22,2021,5,830,2.615,0.04318181818181818,742.7863636363636
Tehri Reservoir,Ganga Basin,CWC,30.43921006,78.45546181,2021-05-25,2021,5,830,2.615,0.03872727272727272,742.5454545454545
Tehri Reservoir,Ganga Basin,CWC,30.43921006,78.45546181,2021-05-28,2021,5,830,2.615,0.03427272727272727,742.3045454545455
Tehri Reservoir,Ganga Basin,CWC,30.43921006,78.45546181,2021-05-01,2021,5,830,2.615,0.029818181818181813,742.0636363636364
Tehri Reservoir,Ganga Basin,CWC,30.43921006,78.45546181,2021-05-03,2021,5,830,2.615,0.02536363636363636,741.8227272727273
Tehri Reservoir,Ganga Basin,CWC,30.43921006,78.45546181,2021-05-09,2021,5,830,2.615,0.020909090909090905,741.5818181818182
Tehri Reservoir,Ganga Basin,CWC,30.43921006,78.45546181,2021-05-10,2021,5,830,2.615,0.01645454545454545,741.3409090909091
Tehri Reservoir,Ganga Basin,CWC,30.43921006,78.45546181,2021-05-13,2021,5,830,2.615,0.012,741.1
Tehri Reservoir,Ganga Basin,CWC,30.43921006,78.45546181,2021-05-15,2021,5,830,2.615,0.05566666666666667,743.3
Tehri Reservoir,Ganga Basin,CWC,30.43921006,78.45546181,2021-05-21,2021,5,830,2.615,0.09933333333333333,745.5
Tehri Reservoir,Ganga Basin,CWC,30.43921006,78.45546181,2021-06-02,2021,6,830,2.615,0.14300000000000002,747.7
Tehri Reservoir,Ganga Basin,CWC,30.43921006,78.45546181,2021-06-16,2021,6,830,2.615,0.18666666666666668,749.9
Tehri Reservoir,Ganga Basin,CWC,30.43921006,78.45546181,2021-06-19,2021,6,830,2.615,0.23033333333333333,752.0999999999999
Tehri Reservoir,Ganga Basin,CWC,30.43921006,78.45546181,2021-06-24,2021,6,830,2.615,0.274,754.3
Tehri Reservoir,Ganga Basin,CWC,30.43921006,78.45546181,2021-06-25,2021,6,830,2.615,0.2591428571428572,753.5642857142857
Tehri Reservoir,Ganga Basin,CWC,30.43921006,78.45546181,2021-06-27,2021,6,830,2.615,0.2442857142857143,752.8285714285714
Tehri Reservoir,Ganga Basin,CWC,30.43921006,78.45546181,2021-06-04,2021,6,830,2.615,0.22942857142857145,752.0928571428572
Tehri Reservoir,Ganga Basin,CWC,30.43921006,78.45546181,2021-06-06,2021,6,830,2.615,0.21457142857142858,751.3571428571428
Tehri Reservoir,Ganga Basin,CWC,30.43921006,78.45546181,2021-06-09,2021,6,830,2.615,0.19971428571428573,750.6214285714285
Tehri Reservoir,Ganga Basin,CWC,30.43921006,78.45546181,2021-06-11,2021,6,830,2.615,0.1848571428571429,749.8857142857142
Tehri Reservoir,Ganga Basin,CWC,30.43921006,78.45546181,2021-06-21,2021,6,830,2.615,0.17,749.15
Tehri Reservoir,Ganga Basin,CWC,30.43921006,78.45546181,2021-06-26,2021,6,830,2.615,0.15514285714285714,748.4142857142857
Tehri Reservoir,Ganga Basin,CWC,30.43921006,78.45546181,2021-06-13,2021,6,830,2.615,0.1402857142857143,747.6785714285714
Tehri Reservoir,Ganga Basin,CWC,30.43921006,78.45546181,2021-06-15,2021,6,830,2.615,0.12542857142857144,746.9428571428572
Tehri Reservoir,Ganga Basin,CWC,30.43921006,78.45546181,2021-06-18,2021,6,830,2.615,0.11057142857142857,746.2071428571428
Tehri Reservoir,Ganga Basin,CWC,30.43921006,78.45546181,2021-06-22,2021,6,830,2.615,0.09571428571428572,745.4714285714285
Tehri Reservoir,Ganga Basin,CWC,30.43921006,78.45546181,2021-06-29,2021,6,830,2.615,0.08085714285714285,744.7357142857143
Tehri Reservoir,Ganga Basin,CWC,30.43921006,78.45546181,2021-06-01,2021,6,830,2.615,0.066,744.0
Tehri Reservoir,Ganga Basin,CWC,30.43921006,78.45546181,2021-06-03,2021,6,830,2.615,0.051,743.2
Tehri Reservoir,Ganga Basin,CWC,30.43921006,78.45546181,2021-06-05,2021,6,830,2.615,0.064,743.875
Tehri Reservoir,Ganga Basin,CWC,30.43921006,78.45546181,2021-06-08,2021,6,830,2.615,0.077,744.55
Tehri Reservoir,Ganga Basin,CWC,30.43921006,78.45546181,2021-06-14,2021,6,830,2.615,0.09,745.225
Tehri Reservoir,Ganga Basin,CWC,30.43921006,78.45546181,2021-06-17,2021,6,830,2.615,0.103,745.9
Tehri Reservoir,Ganga Basin,CWC,30.43921006,78.45546181,2021-06-07,2021,6,830,2.615,0.0775,744.575
Tehri Reservoir,Ganga Basin,CWC,30.43921006,78.45546181,2021-06-10,2021,6,830,2.615,0.052,743.25
Tehri Reservoir,Ganga Basin,CWC,30.43921006,78.45546181,2021-06-12,2021,6,830,2.615,0.0834,744.98
Tehri Reservoir,Ganga Basin,CWC,30.43921006,78.45546181,2021-06-20,2021,6,830,2.615,0.11479999999999999,746.71
Tehri Reservoir,Ganga Basin,CWC,30.43921006,78.45546181,2021-06-23,2021,6,830,2.615,0.1462,748.4399999999999
Tehri Reservoir,Ganga Basin,CWC,30.43921006,78.45546181,2021-06-28,2021,6,830,2.615,0.17759999999999998,750.17
Tehri Reservoir,Ganga Basin,CWC,30.43921006,78.45546181,2021-06-30,2021,6,830,2.615,0.20899999999999996,751.9
Tehri Reservoir,Ganga Basin,CWC,30.43921006,78.45546181,2021-07-11,2021,7,830,2.615,0.24039999999999997,753.63
Tehri Reservoir,Ganga Basin,CWC,30.43921006,78.45546181,2021-07-12,2021,7,830,2.615,0.2718,755.36
Tehri Reservoir,Ganga Basin,CWC,30.43921006,78.45546181,2021-07-30,2021,7,830,2.615,0.30319999999999997,757.0899999999999
Tehri Reservoir,Ganga Basin,CWC,30.43921006,78.45546181,2021-07-06,2021,7,830,2.615,0.33459999999999995,758.8199999999999
Tehri Reservoir,Ganga Basin,CWC,30.43921006,78.45546181,2021-07-08,2021,7,830,2.615,0.366,760.55
Tehri Reservoir,Ganga Basin,CWC,30.43921006,78.45546181,2021-07-10,2021,7,830,2.615,0.4083333333333333,762.0416666666666
Tehri Reservoir,Ganga Basin,CWC,30.43921006,78.45546181,2021-07-13,2021,7,830,2.615,0.45066666666666666,763.5333333333333
Tehri Reservoir,Ganga Basin,CWC,30.43921006,78.45546181,2021-07-24,2021,7,830,2.615,0.493,765.025
Tehri Reservoir,Ganga Basin,CWC,30.43921006,78.45546181,2021-07-25,2021,7,830,2.615,0.5353333333333333,766.5166666666667
Tehri Reservoir,Ganga Basin,CWC,30.43921006,78.45546181,2021-07-31,2021,7,830,2.615,0.5776666666666667,768.0083333333333
Tehri Reservoir,Ganga Basin,CWC,30.43921006,78.45546181,2021-07-15,2021,7,830,2.615,0.62,769.5
Tehri Reservoir,Ganga Basin,CWC,30.43921006,78.45546181,2021-07-19,2021,7,830,2.615,0.7628,774.64
Tehri Reservoir,Ganga Basin,CWC,30.43921006,78.45546181,2021-07-21,2021,7,830,2.615,0.9056,779.78
Tehri Reservoir,Ganga Basin,CWC,30.43921006,78.45546181,2021-07-23,2021,7,830,2.615,1.0484,784.9200000000001
Tehri Reservoir,Ganga Basin,CWC,30.43921006,78.45546181,2021-07-26,2021,7,830,2.615,1.1912,790.0600000000001
Tehri Reservoir,Ganga Basin,CWC,30.43921006,78.45546181,2021-07-29,2021,7,830,2.615,1.334,795.2
Tehri Reservoir,Ganga Basin,CWC,30.43921006,78.45546181,2021-07-01,2021,7,830,2.615,0.33,756.95
Tehri Reservoir,Ganga Basin,CWC,30.43921006,78.45546181,2021-07-02,2021,7,830,2.615,0.4217142857142857,760.6571428571428
Tehri Reservoir,Ganga Basin,CWC,30.43921006,78.45546181,2021-07-09,2021,7,830,2.615,0.5134285714285715,764.3642857142858
Tehri Reservoir,Ganga Basin,CWC,30.43921006,78.45546181,2021-07-14,2021,7,830,2.615,0.6051428571428572,768.0714285714286
Tehri Reservoir,Ganga Basin,CWC,30.43921006,78.45546181,2021-07-16,2021,7,830,2.615,0.6968571428571428,771.7785714285715
Tehri Reservoir,Ganga Basin,CWC,30.43921006,78.45546181,2021-07-18,2021,7,830,2.615,0.7885714285714285,775.4857142857143
Tehri Reservoir,Ganga Basin,CWC,30.43921006,78.45546181,2021-07-20,2021,7,830,2.615,0.8802857142857143,779.1928571428572
Tehri Reservoir,Ganga Basin,CWC,30.43921006,78.45546181,2021-07-22,2021,7,830,2.615,0.972,782.9
Tehri Reservoir,Ganga Basin,CWC,30.43921006,78.45546181,2021-07-03,2021,7,830,2.615,1.0485,785.3
Tehri Reservoir,Ganga Basin,CWC,30.43921006,78.45546181,2021-07-04,2021,7,830,2.615,1.125,787.7
Tehri Reservoir,Ganga Basin,CWC,30.43921006,78.45546181,2021-07-05,2021,7,830,2.615,1.2015,790.1
Tehri Reservoir,Ganga Basin,CWC,30.43921006,78.45546181,2021-07-07,2021,7,830,2.615,1.278,792.5
Tehri Reservoir,Ganga Basin,CWC,30.43921006,78.45546181,2021-07-17,2021,7,830,2.615,1.3545,794.9
Tehri Reservoir,Ganga Basin,CWC,30.43921006,78.45546181,2021-07-27,2021,7,830,2.615,1.431,797.3
Tehri Reservoir,Ganga Basin,CWC,30.43921006,78.45546181,2021-07-28,2021,7,830,2.615,1.5074999999999998,799.7
Tehri Reservoir,Ganga Basin,CWC,30.43921006,78.45546181,2021-08-01,2021,8,830,2.615,1.584,802.1
Tehri Reservoir,Ganga Basin,CWC,30.43921006,78.45546181,2021-08-04,2021,8,830,2.615,1.6604999999999999,804.5
Tehri Reservoir,Ganga Basin,CWC,30.43921006,78.45546181,2021-08-08,2021,8,830,2.615,1.737,806.9000000000001
Tehri Reservoir,Ganga Basin,CWC,30.43921006,78.45546181,2021-08-09,2021,8,830,2.615,1.8135,809.3000000000001
Tehri Reservoir,Ganga Basin,CWC,30.43921006,78.45546181,2021-08-19,2021,8,830,2.615,1.89,811.7
Tehri Reservoir,Ganga Basin,CWC,30.43921006,78.45546181,2021-08-26,2021,8,830,2.615,2.083,816.95
Tehri Reservoir,Ganga Basin,CWC,30.43921006,78.45546181,2021-08-29,2021,8,830,2.615,2.0631764705882354,816.4058823529413
Tehri Reservoir,Ganga Basin,CWC,30.43921006,78.45546181,2021-08-02,2021,8,830,2.615,2.0433529411764706,815.8617647058824
Tehri Reservoir,Ganga Basin,CWC,30.43921006,78.45546181,2021-08-07,2021,8,830,2.615,2.0235294117647062,815.3176470588236
Tehri Reservoir,Ganga Basin,CWC,30.43921006,78.45546181,2021-08-10,2021,8,830,2.615,2.0037058823529414,814.7735294117648
Tehri Reservoir,Ganga Basin,CWC,30.43921006,78.45546181,2021-08-11,2021,8,830,2.615,1.9838823529411767,814.2294117647059
Tehri Reservoir,Ganga Basin,CWC,30.43921006,78.45546181,2021-08-13,2021,8,830,2.615,1.9640588235294119,813.6852941176471
Tehri Reservoir,Ganga Basin,CWC,30.43921006,78.45546181,2021-08-15,2021,8,830,2.615,1.944235294117647,813.1411764705883
Tehri Reservoir,Ganga Basin,CWC,30.43921006,78.45546181,2021-08-16,2021,8,830,2.615,1.9244117647058825,812.5970588235294
Tehri Reservoir,Ganga Basin,CWC,30.43921006,78.45546181,2021-08-30,2021,8,830,2.615,1.9045882352941177,812.0529411764707
Tehri Reservoir,Ganga Basin,CWC,30.43921006,78.45546181,2021-08-03,2021,8,830,2.615,1.8847647058823531,811.5088235294118
Tehri Reservoir,Ganga Basin,CWC,30.43921006,78.45546181,2021-08-17,2021,8,830,2.615,1.8649411764705883,810.964705882353
Tehri Reservoir,Ganga Basin,CWC,30.43921006,78.45546181,2021-08-22,2021,8,830,2.615,1.8451176470588235,810.4205882352942
Tehri Reservoir,Ganga Basin,CWC,30.43921006,78.45546181,2021-08-24,2021,8,830,2.615,1.825294117647059,809.8764705882353
Tehri Reservoir,Ganga Basin,CWC,30.43921006,78.45546181,2021-08-25,2021,8,830,2.615,1.8054705882352942,809.3323529411765
Tehri Reservoir,Ganga Basin,CWC,30.43921006,78.45546181,2021-08-27,2021,8,830,2.615,1.7856470588235296,808.7882352941177
Tehri Reservoir,Ganga Basin,CWC,30.43921006,78.45546181,2021-08-28,2021,8,830,2.615,1.7658235294117648,808.2441176470588
Tehri Reservoir,Ganga Basin,CWC,30.43921006,78.45546181,2021-08-12,2021,8,830,2.615,1.746,807.7
Tehri Reservoir,Ganga Basin,CWC,30.43921006,78.45546181,2021-08-18,2021,8,830,2.615,1.70875,806.3625000000001
Tehri Reservoir,Ganga Basin,CWC,30.43921006,78.45546181,2021-08-20,2021,8,830,2.615,1.6715,805.0250000000001
Tehri Reservoir,Ganga Basin,CWC,30.43921006,78.45546181,2021-08-23,2021,8,830,2.615,1.63425,803.6875
Tehri Reservoir,Ganga Basin,CWC,30.43921006,78.45546181,2021-08-05,2021,8,830,2.615,1.597,802.35
Tehri Reservoir,Ganga Basin,CWC,30.43921006,78.45546181,2021-08-06,2021,8,830,2.615,1.72425,805.8000000000001
Tehri Reservoir,Ganga Basin,CWC,30.43921006,78.45546181,2021-08-14,2021,8,830,2.615,1.8515000000000001,809.25
Tehri Reservoir,Ganga Basin,CWC,30.43921006,78.45546181,2021-08-21,2021,8,830,2.615,1.97875,812.7
Tehri Reservoir,Ganga Basin,CWC,30.43921006,78.45546181,2021-08-31,2021,8,830,2.615,2.106,816.1500000000001
Tehri Reservoir,Ganga Basin,CWC,30.43921006,78.45546181,2021-09-11,2021,9,830,2.615,2.23325,819.6
Tehri Reservoir,Ganga Basin,CWC,30.43921006,78.45546181,2021-09-19,2021,9,830,2.615,2.3605,823.0500000000001
Tehri Reservoir,Ganga Basin,CWC,30.43921006,78.45546181,2021-09-22,2021,9,830,2.615,2.48775,826.5
Tehri Reservoir,Ganga Basin,CWC,30.43921006,78.45546181,2021-09-23,2021,9,830,2.615,2.615,829.95
Tehri Reservoir,Ganga Basin,CWC,30.43921006,78.45546181,2021-09-30,2021,9,830,2.615,2.613,829.95
Tehri Reservoir,Ganga Basin,CWC,30.43921006,78.45546181,2021-09-01,2021,9,830,2.615,2.5566666666666666,828.5666666666667
Tehri Reservoir,Ganga Basin,CWC,30.43921006,78.45546181,2021-09-03,2021,9,830,2.615,2.5003333333333333,827.1833333333333
Tehri Reservoir,Ganga Basin,CWC,30.43921006,78.45546181,2021-09-09,2021,9,830,2.615,2.444,825.8
Tehri Reservoir,Ganga Basin,CWC,30.43921006,78.45546181,2021-09-17,2021,9,830,2.615,2.40075,824.75
Tehri Reservoir,Ganga Basin,CWC,30.43921006,78.45546181,2021-09-24,2021,9,830,2.615,2.3575,823.7
Tehri Reservoir,Ganga Basin,CWC,30.43921006,78.45546181,2021-09-25,2021,9,830,2.615,2.31425,822.65
Tehri Reservoir,Ganga Basin,CWC,30.43921006,78.45546181,2021-09-02,2021,9,830,2.615,2.271,821.6
Tehri Reservoir,Ganga Basin,CWC,30.43921006,78.45546181,2021-09-07,2021,9,830,2.615,2.332,823.0600000000001
Tehri Reservoir,Ganga Basin,CWC,30.43921006,78.45546181,2021-09-08,2021,9,830,2.615,2.393,824.52
Tehri Reservoir,Ganga Basin,CWC,30.43921006,78.45546181,2021-09-14,2021,9,830,2.615,2.454,825.98
Tehri Reservoir,Ganga Basin,CWC,30.43921006,78.45546181,2021-09-15,2021,9,830,2.615,2.515,827.4399999999999
Tehri Reservoir,Ganga Basin,CWC,30.43921006,78.45546181,2021-09-16,2021,9,830,2.615,2.576,828.9
Tehri Reservoir,Ganga Basin,CWC,30.43921006,78.45546181,2021-09-28,2021,9,830,2.615,2.5727058823529414,828.8264705882352
Tehri Reservoir,Ganga Basin,CWC,30.43921006,78.45546181,2021-09-04,2021,9,830,2.615,2.5694117647058823,828.7529411764706
Tehri Reservoir,Ganga Basin,CWC,30.43921006,78.45546181,2021-09-06,2021,9,830,2.615,2.5661176470588236,828.6794117647058
Tehri Reservoir,Ganga Basin,CWC,30.43921006,78.45546181,2021-09-10,2021,9,830,2.615,2.562823529411765,828.6058823529412
Tehri Reservoir,Ganga Basin,CWC,30.43921006,78.45546181,2021-09-13,2021,9,830,2.615,2.559529411764706,828.5323529411764
Tehri Reservoir,Ganga Basin,CWC,30.43921006,78.45546181,2021-09-20,2021,9,830,2.615,2.556235294117647,828.4588235294117
Tehri Reservoir,Ganga Basin,CWC,30.43921006,78.45546181,2021-09-21,2021,9,830,2.615,2.5529411764705885,828.385294117647
Tehri Reservoir,Ganga Basin,CWC,30.43921006,78.45546181,2021-09-26,2021,9,830,2.615,2.5496470588235294,828.3117647058823
Tehri Reservoir,Ganga Basin,CWC,30.43921006,78.45546181,2021-09-05,2021,9,830,2.615,2.5463529411764707,828.2382352941177
Tehri Reservoir,Ganga Basin,CWC,30.43921006,78.45546181,2021-09-12,2021,9,830,2.615,2.5430588235294116,828.1647058823529
Tehri Reservoir,Ganga Basin,CWC,30.43921006,78.45546181,2021-09-18,2021,9,830,2.615,2.539764705882353,828.0911764705883
Tehri Reservoir,Ganga Basin,CWC,30.43921006,78.45546181,2021-09-27,2021,9,830,2.615,2.5364705882352943,828.0176470588235
Tehri Reservoir,Ganga Basin,CWC,30.43921006,78.45546181,2021-09-29,2021,9,830,2.615,2.533176470588235,827.9441176470588
Tehri Reservoir,Ganga Basin,CWC,30.43921006,78.45546181,2021-10-08,2021,10,830,2.615,2.5298823529411765,827.8705882352941
Tehri Reservoir,Ganga Basin,CWC,30.43921006,78.45546181,2021-10-15,2021,10,830,2.615,2.526588235294118,827.7970588235294
Tehri Reservoir,Ganga Basin,CWC,30.43921006,78.45546181,2021-10-18,2021,10,830,2.615,2.5232941176470587,827.7235294117647
Tehri Reservoir,Ganga Basin,CWC,30.43921006,78.45546181,2021-10-21,2021,10,830,2.615,2.52,827.65
Tehri Reservoir,Ganga Basin,CWC,30.43921006,78.45546181,2021-10-27,2021,10,830,2.615,2.505333333333333,827.2944444444445
Tehri Reservoir,Ganga Basin,CWC,30.43921006,78.45546181,2021-10-30,2021,10,830,2.615,2.490666666666667,826.9388888888889
Tehri Reservoir,Ganga Basin,CWC,30.43921006,78.45546181,2021-10-04,2021,10,830,2.615,2.476,826.5833333333334
Tehri Reservoir,Ganga Basin,CWC,30.43921006,78.45546181,2021-10-05,2021,10,830,2.615,2.461333333333333,826.2277777777778
Tehri Reservoir,Ganga Basin,CWC,30.43921006,78.45546181,2021-10-13,2021,10,830,2.615,2.4466666666666668,825.8722222222223
Tehri Reservoir,Ganga Basin,CWC,30.43921006,78.45546181,2021-10-16,2021,10,830,2.615,2.432,825.5166666666667
Tehri Reservoir,Ganga Basin,CWC,30.43921006,78.45546181,2021-10-17,2021,10,830,2.615,2.417333333333333,825.1611111111112
Tehri Reservoir,Ganga Basin,CWC,30.43921006,78.45546181,2021-10-20,2021,10,830,2.615,2.4026666666666667,824.8055555555555
Tehri Reservoir,Ganga Basin,CWC,30.43921006,78.45546181,2021-10-28,2021,10,830,2.615,2.388,824.45
Tehri Reservoir,Ganga Basin,CWC,30.43921006,78.45546181,2021-10-31,2021,10,830,2.615,2.4065833333333333,824.8875
Tehri Reservoir,Ganga Basin,CWC,30.43921006,78.45546181,2021-10-01,2021,10,830,2.615,2.4251666666666667,825.325
Tehri Reservoir,Ganga Basin,CWC,30.43921006,78.45546181,2021-10-12,2021,10,830,2.615,2.44375,825.7625
Tehri Reservoir,Ganga Basin,CWC,30.43921006,78.45546181,2021-10-19,2021,10,830,2.615,2.4623333333333335,826.2
Tehri Reservoir,Ganga Basin,CWC,30.43921006,78.45546181,2021-10-23,2021,10,830,2.615,2.480916666666667,826.6375
Tehri Reservoir,Ganga Basin,CWC,30.43921006,78.45546181,2021-10-02,2021,10,830,2.615,2.4995000000000003,827.075
Tehri Reservoir,Ganga Basin,CWC,30.43921006,78.45546181,2021-10-10,2021,10,830,2.615,2.5180833333333332,827.5125
Tehri Reservoir,Ganga Basin,CWC,30.43921006,78.45546181,2021-10-11,2021,10,830,2.615,2.5366666666666666,827.95
Tehri Reservoir,Ganga Basin,CWC,30.43921006,78.45546181,2021-10-29,2021,10,830,2.615,2.55525,828.3875
Tehri Reservoir,Ganga Basin,CWC,30.43921006,78.45546181,2021-10-03,2021,10,830,2.615,2.5738333333333334,828.825
Tehri Reservoir,Ganga Basin,CWC,30.43921006,78.45546181,2021-10-06,2021,10,830,2.615,2.592416666666667,829.2625
Tehri Reservoir,Ganga Basin,CWC,30.43921006,78.45546181,2021-10-07,2021,10,830,2.615,2.611,829.7
Tehri Reservoir,Ganga Basin,CWC,30.43921006,78.45546181,2021-10-09,2021,10,830,2.615,2.5945,829.325
Tehri Reservoir,Ganga Basin,CWC,30.43921006,78.45546181,2021-10-14,2021,10,830,2.615,2.578,828.95
Tehri Reservoir,Ganga Basin,CWC,30.43921006,78.45546181,2021-10-22,2021,10,830,2.615,2.5311666666666666,827.8333333333334
Tehri Reservoir,Ganga Basin,CWC,30.43921006,78.45546181,2021-10-24,2021,10,830,2.615,2.4843333333333333,826.7166666666667
Tehri Reservoir,Ganga Basin,CWC,30.43921006,78.45546181,2021-10-25,2021,10,830,2.615,2.4375,825.6
Tehri Reservoir,Ganga Basin,CWC,30.43921006,78.45546181,2021-10-26,2021,10,830,2.615,2.3906666666666667,824.4833333333333
Tehri Reservoir,Ganga Basin,CWC,30.43921006,78.45546181,2021-11-10,2021,11,830,2.615,2.3438333333333334,823.3666666666667
Tehri Reservoir,Ganga Basin,CWC,30.43921006,78.45546181,2021-11-11,2021,11,830,2.615,2.297,822.25
Tehri Reservoir,Ganga Basin,CWC,30.43921006,78.45546181,2021-11-13,2021,11,830,2.615,2.2992500000000002,822.3
Tehri Reservoir,Ganga Basin,CWC,30.43921006,78.45546181,2021-11-14,2021,11,830,2.615,2.3015,822.35
Tehri Reservoir,Ganga Basin,CWC,30.43921006,78.45546181,2021-11-15,2021,11,830,2.615,2.30375,822.4
Tehri Reservoir,Ganga Basin,CWC,30.43921006,78.45546181,2021-11-19,2021,11,830,2.615,2.306,822.45
Tehri Reservoir,Ganga Basin,CWC,30.43921006,78.45546181,2021-11-21,2021,11,830,2.615,2.30825,822.5
Tehri Reservoir,Ganga Basin,CWC,30.43921006,78.45546181,2021-11-30,2021,11,830,2.615,2.3105,822.55
Tehri Reservoir,Ganga Basin,CWC,30.43921006,78.45546181,2021-11-01,2021,11,830,2.615,2.31275,822.6
Tehri Reservoir,Ganga Basin,CWC,30.43921006,78.45546181,2021-11-03,2021,11,830,2.615,2.315,822.65
Tehri Reservoir,Ganga Basin,CWC,30.43921006,78.45546181,2021-11-04,2021,11,830,2.615,2.3065454545454545,822.4499999999999
Tehri Reservoir,Ganga Basin,CWC,30.43921006,78.45546181,2021-11-07,2021,11,830,2.615,2.298090909090909,822.25
Tehri Reservoir,Ganga Basin,CWC,30.43921006,78.45546181,2021-11-08,2021,11,830,2.615,2.2896363636363635,822.05
Tehri Reservoir,Ganga Basin,CWC,30.43921006,78.45546181,2021-11-09,2021,11,830,2.615,2.281181818181818,821.85
Tehri Reservoir,Ganga Basin,CWC,30.43921006,78.45546181,2021-11-16,2021,11,830,2.615,2.2727272727272725,821.65
Tehri Reservoir,Ganga Basin,CWC,30.43921006,78.45546181,2021-11-17,2021,11,830,2.615,2.2642727272727274,821.45
Tehri Reservoir,Ganga Basin,CWC,30.43921006,78.45546181,2021-11-23,2021,11,830,2.615,2.255818181818182,821.25
Tehri Reservoir,Ganga Basin,CWC,30.43921006,78.45546181,2021-11-24,2021,11,830,2.615,2.2473636363636365,821.0500000000001
Tehri Reservoir,Ganga Basin,CWC,30.43921006,78.45546181,2021-11-02,2021,11,830,2.615,2.238909090909091,820.85
Tehri Reservoir,Ganga Basin,CWC,30.43921006,78.45546181,2021-11-20,2021,11,830,2.615,2.2304545454545455,820.6500000000001
Tehri Reservoir,Ganga Basin,CWC,30.43921006,78.45546181,2021-11-25,2021,11,830,2.615,2.222,820.45
Tehri Reservoir,Ganga Basin,CWC,30.43921006,78.45546181,2021-11-26,2021,11,830,2.615,2.2383333333333333,820.8333333333334
Tehri Reservoir,Ganga Basin,CWC,30.43921006,78.45546181,2021-11-12,2021,11,830,2.615,2.2546666666666666,821.2166666666667
Tehri Reservoir,Ganga Basin,CWC,30.43921006,78.45546181,2021-11-18,2021,11,830,2.615,2.271,821.6
Tehri Reservoir,Ganga Basin,CWC,30.43921006,78.45546181,2021-11-27,2021,11,830,2.615,2.2596875,821.3156250000001
Tehri Reservoir,Ganga Basin,CWC,30.43921006,78.45546181,2021-11-05,2021,11,830,2.615,2.248375,821.03125
Tehri Reservoir,Ganga Basin,CWC,30.43921006,78.45546181,2021-11-06,2021,11,830,2.615,2.2370625,820.746875
Tehri Reservoir,Ganga Basin,CWC,30.43921006,78.45546181,2021-11-22,2021,11,830,2.615,2.2257499999999997,820.4625
Tehri Reservoir,Ganga Basin,CWC,30.43921006,78.45546181,2021-11-28,2021,11,830,2.615,2.2144375,820.178125
Tehri Reservoir,Ganga Basin,CWC,30.43921006,78.45546181,2021-11-29,2021,11,830,2.615,2.203125,819.89375
Tehri Reservoir,Ganga Basin,CWC,30.43921006,78.45546181,2021-12-04,2021,12,830,2.615,2.1918124999999997,819.609375
Tehri Reservoir,Ganga Basin,CWC,30.43921006,78.45546181,2021-12-07,2021,12,830,2.615,2.1805,819.325
Tehri Reservoir,Ganga Basin,CWC,30.43921006,78.45546181,2021-12-08,2021,12,830,2.615,2.1691875,819.040625
Tehri Reservoir,Ganga Basin,CWC,30.43921006,78.45546181,2021-12-13,2021,12,830,2.615,2.1578749999999998,818.75625
Tehri Reservoir,Ganga Basin,CWC,30.43921006,78.45546181,2021-12-14,2021,12,830,2.615,2.1465625,818.471875
Tehri Reservoir,Ganga Basin,CWC,30.43921006,78.45546181,2021-12-25,2021,12,830,2.615,2.13525,818.1875
Tehri Reservoir,Ganga Basin,CWC,30.43921006,78.45546181,2021-12-28,2021,12,830,2.615,2.1239375,817.9031249999999
Tehri Reservoir,Ganga Basin,CWC,30.43921006,78.45546181,2021-12-05,2021,12,830,2.615,2.112625,817.61875
Tehri Reservoir,Ganga Basin,CWC,30.43921006,78.45546181,2021-12-06,2021,12,830,2.615,2.1013124999999997,817.3343749999999
Tehri Reservoir,Ganga Basin,CWC,30.43921006,78.45546181,2021-12-09,2021,12,830,2.615,2.09,817.05
Tehri Reservoir,Ganga Basin,CWC,30.43921006,78.45546181,2021-12-11,2021,12,830,2.615,2.041333333333333,815.75
Tehri Reservoir,Ganga Basin,CWC,30.43921006,78.45546181,2021-12-12,2021,12,830,2.615,1.9926666666666666,814.4499999999999
Tehri Reservoir,Ganga Basin,CWC,30.43921006,78.45546181,2021-12-23,2021,12,830,2.615,1.944,813.15
Tehri Reservoir,Ganga Basin,CWC,30.43921006,78.45546181,2021-12-24,2021,12,830,2.615,1.971,813.8625
Tehri Reservoir,Ganga Basin,CWC,30.43921006,78.45546181,2021-12-03,2021,12,830,2.615,1.998,814.575
Tehri Reservoir,Ganga Basin,CWC,30.43921006,78.45546181,2021-12-19,2021,12,830,2.615,2.025,815.2875
Tehri Reservoir,Ganga Basin,CWC,30.43921006,78.45546181,2021-12-20,2021,12,830,2.615,2.052,816.0
Tehri Reservoir,Ganga Basin,CWC,30.43921006,78.45546181,2021-12-21,2021,12,830,2.615,2.079,816.7125
Tehri Reservoir,Ganga Basin,CWC,30.43921006,78.45546181,2021-12-31,2021,12,830,2.615,2.106,817.425
Tehri Reservoir,Ganga Basin,CWC,30.43921006,78.45546181,2021-12-01,2021,12,830,2.615,2.133,818.1375
Tehri Reservoir,Ganga Basin,CWC,30.43921006,78.45546181,2021-12-02,2021,12,830,2.615,2.16,818.85
Tehri Reservoir,Ganga Basin,CWC,30.43921006,78.45546181,2021-12-10,2021,12,830,2.615,2.1133333333333333,817.6333333333333
Tehri Reservoir,Ganga Basin,CWC,30.43921006,78.45546181,2021-12-15,2021,12,830,2.615,2.066666666666667,816.4166666666667
Tehri Reservoir,Ganga Basin,CWC,30.43921006,78.45546181,2021-12-16,2021,12,830,2.615,2.02,815.2
Tehri Reservoir,Ganga Basin,CWC,30.43921006,78.45546181,2021-12-18,2021,12,830,2.615,1.988,814.0875000000001
Tehri Reservoir,Ganga Basin,CWC,30.43921006,78.45546181,2021-12-22,2021,12,830,2.615,1.956,812.975
Tehri Reservoir,Ganga Basin,CWC,30.43921006,78.45546181,2021-12-27,2021,12,830,2.615,1.924,811.8625
Tehri Reservoir,Ganga Basin,CWC,30.43921006,78.45546181,2021-12-30,2021,12,830,2.615,1.892,810.75
Tehri Reservoir,Ganga Basin,CWC,30.43921006,78.45546181,2021-12-17,2021,12,830,2.615,1.8479999999999999,810.0125
Tehri Reservoir,Ganga Basin,CWC,30.43921006,78.45546181,2021-12-26,2021,12,830,2.615,1.8039999999999998,809.275
Tehri Reservoir,Ganga Basin,CWC,30.43921006,78.45546181,2021-12-29,2021,12,830,2.615,1.76,808.5374999999999
Tehri Reservoir,Ganga Basin,CWC,30.43921006,78.45546181,2022-01-06,2022,1,830,2.615,1.716,807.8
Tehri Reservoir,Ganga Basin,CWC,30.43921006,78.45546181,2022-01-07,2022,1,830,2.615,1.7107894736842104,807.5947368421052
Tehri Reservoir,Ganga Basin,CWC,30.43921006,78.45546181,2022-01-15,2022,1,830,2.615,1.705578947368421,807.3894736842104
Tehri Reservoir,Ganga Basin,CWC,30.43921006,78.45546181,2022-01-19,2022,1,830,2.615,1.7003684210526315,807.1842105263157
Tehri Reservoir,Ganga Basin,CWC,30.43921006,78.45546181,2022-01-25,2022,1,830,2.615,1.695157894736842,806.978947368421
Tehri Reservoir,Ganga Basin,CWC,30.43921006,78.45546181,2022-01-26,2022,1,830,2.615,1.6899473684210526,806.7736842105263
Tehri Reservoir,Ganga Basin,CWC,30.43921006,78.45546181,2022-01-28,2022,1,830,2.615,1.684736842105263,806.5684210526315
Tehri Reservoir,Ganga Basin,CWC,30.43921006,78.45546181,2022-01-04,2022,1,830,2.615,1.6795263157894738,806.3631578947368
Tehri Reservoir,Ganga Basin,CWC,30.43921006,78.45546181,2022-01-08,2022,1,830,2.615,1.6743157894736842,806.1578947368421
Tehri Reservoir,Ganga Basin,CWC,30.43921006,78.45546181,2022-01-14,2022,1,830,2.615,1.6691052631578946,805.9526315789474
Tehri Reservoir,Ganga Basin,CWC,30.43921006,78.45546181,2022-01-16,2022,1,830,2.615,1.6638947368421053,805.7473684210526
Tehri Reservoir,Ganga Basin,CWC,30.43921006,78.45546181,2022-01-17,2022,1,830,2.615,1.6586842105263158,805.5421052631579
Tehri Reservoir,Ganga Basin,CWC,30.43921006,78.45546181,2022-01-18,2022,1,830,2.615,1.6534736842105262,805.3368421052631
Tehri Reservoir,Ganga Basin,CWC,30.43921006,78.45546181,2022-01-29,2022,1,830,2.615,1.6482631578947369,805.1315789473684
Tehri Reservoir,Ganga Basin,CWC,30.43921006,78.45546181,2022-01-31,2022,1,830,2.615,1.6430526315789473,804.9263157894736
Tehri Reservoir,Ganga Basin,CWC,30.43921006,78.45546181,2022-01-01,2022,1,830,2.615,1.6378421052631578,804.7210526315789
Tehri Reservoir,Ganga Basin,CWC,30.43921006,78.45546181,2022-01-02,2022,1,830,2.615,1.6326315789473684,804.5157894736842
Tehri Reservoir,Ganga Basin,CWC,30.43921006,78.45546181,2022-01-03,2022,1,830,2.615,1.6274210526315789,804.3105263157895
Tehri Reservoir,Ganga Basin,CWC,30.43921006,78.45546181,2022-01-11,2022,1,830,2.615,1.6222105263157895,804.1052631578947
Tehri Reservoir,Ganga Basin,CWC,30.43921006,78.45546181,2022-01-20,2022,1,830,2.615,1.617,803.9
Tehri Reservoir,Ganga Basin,CWC,30.43921006,78.45546181,2022-01-23,2022,1,830,2.615,1.5953333333333333,803.25
Tehri Reservoir,Ganga Basin,CWC,30.43921006,78.45546181,2022-01-24,2022,1,830,2.615,1.5736666666666668,802.6
Tehri Reservoir,Ganga Basin,CWC,30.43921006,78.45546181,2022-01-27,2022,1,830,2.615,1.552,801.95
Tehri Reservoir,Ganga Basin,CWC,30.43921006,78.45546181,2022-01-30,2022,1,830,2.615,1.5715714285714286,802.5314285714286
Tehri Reservoir,Ganga Basin,CWC,30.43921006,78.45546181,2022-01-10,2022,1,830,2.615,1.5911428571428572,803.1128571428571
Tehri Reservoir,Ganga Basin,CWC,30.43921006,78.45546181,2022-01-12,2022,1,830,2.615,1.6107142857142858,803.6942857142857
Tehri Reservoir,Ganga Basin,CWC,30.43921006,78.45546181,2022-01-22,2022,1,830,2.615,1.6302857142857143,804.2757142857143
Tehri Reservoir,Ganga Basin,CWC,30.43921006,78.45546181,2022-01-05,2022,1,830,2.615,1.649857142857143,804.8571428571429
Tehri Reservoir,Ganga Basin,CWC,30.43921006,78.45546181,2022-01-09,2022,1,830,2.615,1.6694285714285715,805.4385714285714
Tehri Reservoir,Ganga Basin,CWC,30.43921006,78.45546181,2022-01-13,2022,1,830,2.615,1.689,806.02
Tehri Reservoir,Ganga Basin,CWC,30.43921006,78.45546181,2022-01-21,2022,1,830,2.615,1.6487142857142858,804.8028571428571
Tehri Reservoir,Ganga Basin,CWC,30.43921006,78.45546181,2022-02-13,2022,2,830,2.615,1.6084285714285715,803.5857142857143
Tehri Reservoir,Ganga Basin,CWC,30.43921006,78.45546181,2022-02-15,2022,2,830,2.615,1.568142857142857,802.3685714285714
Tehri Reservoir,Ganga Basin,CWC,30.43921006,78.45546181,2022-02-02,2022,2,830,2.615,1.5278571428571428,801.1514285714286
Tehri Reservoir,Ganga Basin,CWC,30.43921006,78.45546181,2022-02-04,2022,2,830,2.615,1.4875714285714285,799.9342857142857
Tehri Reservoir,Ganga Basin,CWC,30.43921006,78.45546181,2022-02-09,2022,2,830,2.615,1.4472857142857143,798.7171428571429
Tehri Reservoir,Ganga Basin,CWC,30.43921006,78.45546181,2022-02-10,2022,2,830,2.615,1.407,797.5
Tehri Reservoir,Ganga Basin,CWC,30.43921006,78.45546181,2022-02-12,2022,2,830,2.615,1.35725,795.925
Tehri Reservoir,Ganga Basin,CWC,30.43921006,78.45546181,2022-02-17,2022,2,830,2.615,1.3075,794.35
Tehri Reservoir,Ganga Basin,CWC,30.43921006,78.45546181,2022-02-27,2022,2,830,2.615,1.2968181818181819,794.0
Tehri Reservoir,Ganga Basin,CWC,30.43921006,78.45546181,2022-02-28,2022,2,830,2.615,1.2861363636363636,793.65
Tehri Reservoir,Ganga Basin,CWC,30.43921006,78.45546181,2022-02-06,2022,2,830,2.615,1.2754545454545456,793.3000000000001
Tehri Reservoir,Ganga Basin,CWC,30.43921006,78.45546181,2022-02-11,2022,2,830,2.615,1.2647727272727274,792.95
Tehri Reservoir,Ganga Basin,CWC,30.43921006,78.45546181,2022-02-14,2022,2,830,2.615,1.2540909090909091,792.6
Tehri Reservoir,Ganga Basin,CWC,30.43921006,78.45546181,2022-02-16,2022,2,830,2.615,1.243409090909091,792.25
Tehri Reservoir,Ganga Basin,CWC,30.43921006,78.45546181,2022-02-20,2022,2,830,2.615,1.2327272727272727,791.9
Tehri Reservoir,Ganga Basin,CWC,30.43921006,78.45546181,2022-02-21,2022,2,830,2.615,1.2220454545454544,791.55
Tehri Reservoir,Ganga Basin,CWC,30.43921006,78.45546181,2022-02-22,2022,2,830,2.615,1.2113636363636364,791.2
Tehri Reservoir,Ganga Basin,CWC,30.43921006,78.45546181,2022-02-23,2022,2,830,2.615,1.2006818181818182,790.85
Tehri Reservoir,Ganga Basin,CWC,30.43921006,78.45546181,2022-02-24,2022,2,830,2.615,1.19,790.5
Tehri Reservoir,Ganga Basin,CWC,30.43921006,78.45546181,2022-02-01,2022,2,830,2.615,1.334,795.1
Tehri Reservoir,Ganga Basin,CWC,30.43921006,78.45546181,2022-02-03,2022,2,830,2.615,1.478,799.7
Tehri Reservoir,Ganga Basin,CWC,30.43921006,78.45546181,2022-02-18,2022,2,830,2.615,1.4265333333333332,797.9100000000001
Tehri Reservoir,Ganga Basin,CWC,30.43921006,78.45546181,2022-02-19,2022,2,830,2.615,1.3750666666666667,796.12
Tehri Reservoir,Ganga Basin,CWC,30.43921006,78.45546181,2022-02-25,2022,2,830,2.615,1.3235999999999999,794.33
Tehri Reservoir,Ganga Basin,CWC,30.43921006,78.45546181,2022-02-05,2022,2,830,2.615,1.2721333333333333,792.5400000000001
Tehri Reservoir,Ganga Basin,CWC,30.43921006,78.45546181,2022-02-07,2022,2,830,2.615,1.2206666666666666,790.75
Tehri Reservoir,Ganga Basin,CWC,30.43921006,78.45546181,2022-02-08,2022,2,830,2.615,1.1692,788.96
Tehri Reservoir,Ganga Basin,CWC,30.43921006,78.45546181,2022-02-26,2022,2,830,2.615,1.1177333333333332,787.1700000000001
Tehri Reservoir,Ganga Basin,CWC,30.43921006,78.45546181,2022-03-06,2022,3,830,2.615,1.0662666666666667,785.38
Tehri Reservoir,Ganga Basin,CWC,30.43921006,78.45546181,2022-03-08,2022,3,830,2.615,1.0148,783.59
Tehri Reservoir,Ganga Basin,CWC,30.43921006,78.45546181,2022-03-13,2022,3,830,2.615,0.9633333333333333,781.8000000000001
Tehri Reservoir,Ganga Basin,CWC,30.43921006,78.45546181,2022-03-15,2022,3,830,2.615,0.9118666666666666,780.01
Tehri Reservoir,Ganga Basin,CWC,30.43921006,78.45546181,2022-03-20,2022,3,830,2.615,0.8603999999999999,778.22
Tehri Reservoir,Ganga Basin,CWC,30.43921006,78.45546181,2022-03-21,2022,3,830,2.615,0.8089333333333333,776.4300000000001
Tehri Reservoir,Ganga Basin,CWC,30.43921006,78.45546181,2022-03-29,2022,3,830,2.615,0.7574666666666666,774.64
Tehri Reservoir,Ganga Basin,CWC,30.43921006,78.45546181,2022-03-31,2022,3,830,2.615,0.706,772.85
Tehri Reservoir,Ganga Basin,CWC,30.43921006,78.45546181,2022-03-01,2022,3,830,2.615,0.892,779.75
Tehri Reservoir,Ganga Basin,CWC,30.43921006,78.45546181,2022-03-03,2022,3,830,2.615,1.078,786.65
Tehri Reservoir,Ganga Basin,CWC,30.43921006,78.45546181,2022-03-04,2022,3,830,2.615,1.0396666666666667,785.3
Tehri Reservoir,Ganga Basin,CWC,30.43921006,78.45546181,2022-03-05,2022,3,830,2.615,1.0013333333333334,783.95
Tehri Reservoir,Ganga Basin,CWC,30.43921006,78.45546181,2022-03-10,2022,3,830,2.615,0.963,782.6
Tehri Reservoir,Ganga Basin,CWC,30.43921006,78.45546181,2022-03-11,2022,3,830,2.615,0.9554615384615385,782.323076923077
Tehri Reservoir,Ganga Basin,CWC,30.43921006,78.45546181,2022-03-28,2022,3,830,2.615,0.9479230769230769,782.0461538461539
Tehri Reservoir,Ganga Basin,CWC,30.43921006,78.45546181,2022-03-30,2022,3,830,2.615,0.9403846153846154,781.7692307692308
Tehri Reservoir,Ganga Basin,CWC,30.43921006,78.45546181,2022-03-14,2022,3,830,2.615,0.9328461538461538,781.4923076923077
Tehri Reservoir,Ganga Basin,CWC,30.43921006,78.45546181,2022-03-18,2022,3,830,2.615,0.9253076923076923,781.2153846153847
Tehri Reservoir,Ganga Basin,CWC,30.43921006,78.45546181,2022-03-02,2022,3,830,2.615,0.9177692307692308,780.9384615384615
Tehri Reservoir,Ganga Basin,CWC,30.43921006,78.45546181,2022-03-07,2022,3,830,2.615,0.9102307692307692,780.6615384615385
Tehri Reservoir,Ganga Basin,CWC,30.43921006,78.45546181,2022-03-09,2022,3,830,2.615,0.9026923076923077,780.3846153846154
Tehri Reservoir,Ganga Basin,CWC,30.43921006,78.45546181,2022-03-12,2022,3,830,2.615,0.8951538461538462,780.1076923076923
Tehri Reservoir,Ganga Basin,CWC,30.43921006,78.45546181,2022-03-16,2022,3,830,2.615,0.8876153846153846,779.8307692307692
Tehri Reservoir,Ganga Basin,CWC,30.43921006,78.45546181,2022-03-22,2022,3,830,2.615,0.8800769230769231,779.5538461538462
Tehri Reservoir,Ganga Basin,CWC,30.43921006,78.45546181,2022-03-25,2022,3,830,2.615,0.8725384615384615,779.276923076923
Tehri Reservoir,Ganga Basin,CWC,30.43921006,78.45546181,2022-03-17,2022,3,830,2.615,0.865,779.0
Tehri Reservoir,Ganga Basin,CWC,30.43921006,78.45546181,2022-03-19,2022,3,830,2.615,0.8356666666666667,777.9
Tehri Reservoir,Ganga Basin,CWC,30.43921006,78.45546181,2022-03-23,2022,3,830,2.615,0.8063333333333333,776.8000000000001
Tehri Reservoir,Ganga Basin,CWC,30.43921006,78.45546181,2022-03-24,2022,3,830,2.615,0.777,775.7
Tehri Reservoir,Ganga Basin,CWC,30.43921006,78.45546181,2022-03-26,2022,3,830,2.615,0.7306666666666667,773.8666666666667
Tehri Reservoir,Ganga Basin,CWC,30.43921006,78.45546181,2022-03-27,2022,3,830,2.615,0.6843333333333333,772.0333333333334
Tehri Reservoir,Ganga Basin,CWC,30.43921006,78.45546181,2022-04-07,2022,4,830,2.615,0.638,770.2
Tehri Reservoir,Ganga Basin,CWC,30.43921006,78.45546181,2022-04-10,2022,4,830,2.615,0.5585,766.875
Tehri Reservoir,Ganga Basin,CWC,30.43921006,78.45546181,2022-04-21,2022,4,830,2.615,0.479,763.55
Tehri Reservoir,Ganga Basin,CWC,30.43921006,78.45546181,2022-04-30,2022,4,830,2.615,0.48929999999999996,763.9849999999999
Tehri Reservoir,Ganga Basin,CWC,30.43921006,78.45546181,2022-04-09,2022,4,830,2.615,0.4996,764.42
Tehri Reservoir,Ganga Basin,CWC,30.43921006,78.45546181,2022-04-14,2022,4,830,2.615,0.5099,764.855
Tehri Reservoir,Ganga Basin,CWC,30.43921006,78.45546181,2022-04-16,2022,4,830,2.615,0.5202,765.29
Tehri Reservoir,Ganga Basin,CWC,30.43921006,78.45546181,2022-04-01,2022,4,830,2.615,0.5305,765.7249999999999
Tehri Reservoir,Ganga Basin,CWC,30.43921006,78.45546181,2022-04-03,2022,4,830,2.615,0.5408,766.16
Tehri Reservoir,Ganga Basin,CWC,30.43921006,78.45546181,2022-04-06,2022,4,830,2.615,0.5510999999999999,766.595
Tehri Reservoir,Ganga Basin,CWC,30.43921006,78.45546181,2022-04-11,2022,4,830,2.615,0.5614,767.03
Tehri Reservoir,Ganga Basin,CWC,30.43921006,78.45546181,2022-04-12,2022,4,830,2.615,0.5717,767.4649999999999
Tehri Reservoir,Ganga Basin,CWC,30.43921006,78.45546181,2022-04-13,2022,4,830,2.615,0.582,767.9
Tehri Reservoir,Ganga Basin,CWC,30.43921006,78.45546181,2022-04-15,2022,4,830,2.615,0.53175,765.725
Tehri Reservoir,Ganga Basin,CWC,30.43921006,78.45546181,2022-04-18,2022,4,830,2.615,0.4815,763.55
Tehri Reservoir,Ganga Basin,CWC,30.43921006,78.45546181,2022-04-26,2022,4,830,2.615,0.43125,761.375
Tehri Reservoir,Ganga Basin,CWC,30.43921006,78.45546181,2022-04-28,2022,4,830,2.615,0.381,759.2
Tehri Reservoir,Ganga Basin,CWC,30.43921006,78.45546181,2022-04-04,2022,4,830,2.615,0.3769166666666667,759.0125
Tehri Reservoir,Ganga Basin,CWC,30.43921006,78.45546181,2022-04-05,2022,4,830,2.615,0.37283333333333335,758.825
Tehri Reservoir,Ganga Basin,CWC,30.43921006,78.45546181,2022-04-25,2022,4,830,2.615,0.36875,758.6375
Tehri Reservoir,Ganga Basin,CWC,30.43921006,78.45546181,2022-04-02,2022,4,830,2.615,0.3646666666666667,758.45
Tehri Reservoir,Ganga Basin,CWC,30.43921006,78.45546181,2022-04-08,2022,4,830,2.615,0.3605833333333333,758.2625
Tehri Reservoir,Ganga Basin,CWC,30.43921006,78.45546181,2022-04-17,2022,4,830,2.615,0.3565,758.075
Tehri Reservoir,Ganga Basin,CWC,30.43921006,78.45546181,2022-04-19,2022,4,830,2.615,0.35241666666666666,757.8875
Tehri Reservoir,Ganga Basin,CWC,30.43921006,78.45546181,2022-04-20,2022,4,830,2.615,0.34833333333333333,757.7
Tehri Reservoir,Ganga Basin,CWC,30.43921006,78.45546181,2022-04-22,2022,4,830,2.615,0.34425,757.5125
Tehri Reservoir,Ganga Basin,CWC,30.43921006,78.45546181,2022-04-23,2022,4,830,2.615,0.3401666666666667,757.325
Tehri Reservoir,Ganga Basin,CWC,30.43921006,78.45546181,2022-04-24,2022,4,830,2.615,0.33608333333333335,757.1375
Tehri Reservoir,Ganga Basin,CWC,30.43921006,78.45546181,2022-04-27,2022,4,830,2.615,0.33199999999999996,756.95
Tehri Reservoir,Ganga Basin,CWC,30.43921006,78.45546181,2022-04-29,2022,4,830,2.615,0.32791666666666663,756.7625
Tehri Reservoir,Ganga Basin,CWC,30.43921006,78.45546181,2022-05-03,2022,5,830,2.615,0.3238333333333333,756.575
Tehri Reservoir,Ganga Basin,CWC,30.43921006,78.45546181,2022-05-08,2022,5,830,2.615,0.31975,756.3875
Tehri Reservoir,Ganga Basin,CWC,30.43921006,78.45546181,2022-05-09,2022,5,830,2.615,0.31566666666666665,756.2
Tehri Reservoir,Ganga Basin,CWC,30.43921006,78.45546181,2022-05-04,2022,5,830,2.615,0.3115833333333333,756.0125
Tehri Reservoir,Ganga Basin,CWC,30.43921006,78.45546181,2022-05-14,2022,5,830,2.615,0.3075,755.825
Tehri Reservoir,Ganga Basin,CWC,30.43921006,78.45546181,2022-05-16,2022,5,830,2.615,0.30341666666666667,755.6375
Tehri Reservoir,Ganga Basin,CWC,30.43921006,78.45546181,2022-05-23,2022,5,830,2.615,0.29933333333333334,755.45
Tehri Reservoir,Ganga Basin,CWC,30.43921006,78.45546181,2022-05-24,2022,5,830,2.615,0.29525,755.2625
Tehri Reservoir,Ganga Basin,CWC,30.43921006,78.45546181,2022-05-29,2022,5,830,2.615,0.29116666666666663,755.075
Tehri Reservoir,Ganga Basin,CWC,30.43921006,78.45546181,2022-05-01,2022,5,830,2.615,0.2870833333333333,754.8875
Tehri Reservoir,Ganga Basin,CWC,30.43921006,78.45546181,2022-05-05,2022,5,830,2.615,0.283,754.7
Tehri Reservoir,Ganga Basin,CWC,30.43921006,78.45546181,2022-05-07,2022,5,830,2.615,0.2408,752.62
Tehri Reservoir,Ganga Basin,CWC,30.43921006,78.45546181,2022-05-10,2022,5,830,2.615,0.1986,750.54
Tehri Reservoir,Ganga Basin,CWC,30.43921006,78.45546181,2022-05-13,2022,5,830,2.615,0.15639999999999998,748.46
Tehri Reservoir,Ganga Basin,CWC,30.43921006,78.45546181,2022-05-15,2022,5,830,2.615,0.1142,746.38
Tehri Reservoir,Ganga Basin,CWC,30.43921006,78.45546181,2022-05-26,2022,5,830,2.615,0.072,744.3
Tehri Reservoir,Ganga Basin,CWC,30.43921006,78.45546181,2022-05-27,2022,5,830,2.615,0.1345,747.45
Tehri Reservoir,Ganga Basin,CWC,30.43921006,78.45546181,2022-05-19,2022,5,830,2.615,0.197,750.6
Tehri Reservoir,Ganga Basin,CWC,30.43921006,78.45546181,2022-05-21,2022,5,830,2.615,0.19775,750.6375
Tehri Reservoir,Ganga Basin,CWC,30.43921006,78.45546181,2022-05-25,2022,5,830,2.615,0.1985,750.675
Tehri Reservoir,Ganga Basin,CWC,30.43921006,78.45546181,2022-05-28,2022,5,830,2.615,0.19925,750.7125
Tehri Reservoir,Ganga Basin,CWC,30.43921006,78.45546181,2022-05-31,2022,5,830,2.615,0.2,750.75
Tehri Reservoir,Ganga Basin,CWC,30.43921006,78.45546181,2022-05-02,2022,5,830,2.615,0.20075,750.7875
Tehri Reservoir,Ganga Basin,CWC,30.43921006,78.45546181,2022-05-06,2022,5,830,2.615,0.2015,750.825
Tehri Reservoir,Ganga Basin,CWC,30.43921006,78.45546181,2022-05-11,2022,5,830,2.615,0.20225,750.8625
Tehri Reservoir,Ganga Basin,CWC,30.43921006,78.45546181,2022-05-12,2022,5,830,2.615,0.203,750.9
Tehri Reservoir,Ganga Basin,CWC,30.43921006,78.45546181,2022-05-17,2022,5,830,2.615,0.17450000000000002,749.45
Tehri Reservoir,Ganga Basin,CWC,30.43921006,78.45546181,2022-05-18,2022,5,830,2.615,0.14600000000000002,748.0
Tehri Reservoir,Ganga Basin,CWC,30.43921006,78.45546181,2022-05-20,2022,5,830,2.615,0.11750000000000001,746.55
Tehri Reservoir,Ganga Basin,CWC,30.43921006,78.45546181,2022-05-22,2022,5,830,2.615,0.08900000000000001,745.1
Tehri Reservoir,Ganga Basin,CWC,30.43921006,78.45546181,2022-05-30,2022,5,830,2.615,0.0605,743.6500000000001
Tehri Reservoir,Ganga Basin,CWC,30.43921006,78.45546181,2022-06-02,2022,6,830,2.615,0.032,742.2
Tehri Reservoir,Ganga Basin,CWC,30.43921006,78.45546181,2022-06-06,2022,6,830,2.615,0.030333333333333334,742.1166666666667
Tehri Reservoir,Ganga Basin,CWC,30.43921006,78.45546181,2022-06-07,2022,6,830,2.615,0.028666666666666667,742.0333333333334
Tehri Reservoir,Ganga Basin,CWC,30.43921006,78.45546181,2022-06-16,2022,6,830,2.615,0.027,741.95
Tehri Reservoir,Ganga Basin,CWC,30.43921006,78.45546181,2022-06-24,2022,6,830,2.615,0.0415,742.7
Tehri Reservoir,Ganga Basin,CWC,30.43921006,78.45546181,2022-06-30,2022,6,830,2.615,0.056,743.45
Tehri Reservoir,Ganga Basin,CWC,30.43921006,78.45546181,2022-06-05,2022,6,830,2.615,0.0448,742.84
Tehri Reservoir,Ganga Basin,CWC,30.43921006,78.45546181,2022-06-12,2022,6,830,2.615,0.033600000000000005,742.23
Tehri Reservoir,Ganga Basin,CWC,30.43921006,78.45546181,2022-06-13,2022,6,830,2.615,0.022400000000000003,741.62
Tehri Reservoir,Ganga Basin,CWC,30.43921006,78.45546181,2022-06-21,2022,6,830,2.615,0.011200000000000002,741.01
Tehri Reservoir,Ganga Basin,CWC,30.43921006,78.45546181,2022-06-23,2022,6,830,2.615,0.0,740.4
Tehri Reservoir,Ganga Basin,CWC,30.43921006,78.45546181,2022-06-26,2022,6,830,2.615,0.013,741.1125
Tehri Reservoir,Ganga Basin,CWC,30.43921006,78.45546181,2022-06-01,2022,6,830,2.615,0.026,741.825
Tehri Reservoir,Ganga Basin,CWC,30.43921006,78.45546181,2022-06-03,2022,6,830,2.615,0.039,742.5375
Tehri Reservoir,Ganga Basin,CWC,30.43921006,78.45546181,2022-06-09,2022,6,830,2.615,0.052,743.25
Tehri Reservoir,Ganga Basin,CWC,30.43921006,78.45546181,2022-06-18,2022,6,830,2.615,0.0831578947368421,744.6815789473684
Tehri Reservoir,Ganga Basin,CWC,30.43921006,78.45546181,2022-06-22,2022,6,830,2.615,0.1143157894736842,746.1131578947369
Tehri Reservoir,Ganga Basin,CWC,30.43921006,78.45546181,2022-06-27,2022,6,830,2.615,0.1454736842105263,747.5447368421053
Tehri Reservoir,Ganga Basin,CWC,,,2022-06-14,2022,6,830,2.615,0.17663157894736842,748.9763157894737
Tehri Reservoir,Ganga Basin,CWC,30.43921006,78.45546181,2022-06-17,2022,6,830,2.615,0.2077894736842105,750.4078947368421
Tehri Reservoir,Ganga Basin,CWC,30.43921006,78.45546181,2022-06-19,2022,6,830,2.615,0.2389473684210526,751.8394736842106
Tehri Reservoir,Ganga Basin,CWC,30.43921006,78.45546181,2022-06-20,2022,6,830,2.615,0.27010526315789474,753.271052631579
Tehri Reservoir,Ganga Basin,CWC,30.43921006,78.45546181,2022-06-29,2022,6,830,2.615,0.30126315789473684,754.7026315789474
Tehri Reservoir,Ganga Basin,CWC,30.43921006,78.45546181,2022-06-04,2022,6,830,2.615,0.3324210526315789,756.1342105263158
Tehri Reservoir,Ganga Basin,CWC,30.43921006,78.45546181,2022-06-08,2022,6,830,2.615,0.363578947368421,757.5657894736843
Tehri Reservoir,Ganga Basin,CWC,30.43921006,78.45546181,2022-06-10,2022,6,830,2.615,0.3947368421052631,758.9973684210527
Tehri Reservoir,Ganga Basin,CWC,30.43921006,78.45546181,2022-06-11,2022,6,830,2.615,0.4258947368421052,760.4289473684211
Tehri Reservoir,Ganga Basin,CWC,30.43921006,78.45546181,2022-06-15,2022,6,830,2.615,0.4570526315789473,761.8605263157895
Tehri Reservoir,Ganga Basin,CWC,30.43921006,78.45546181,2022-06-25,2022,6,830,2.615,0.48821052631578943,763.292105263158
Tehri Reservoir,Ganga Basin,CWC,30.43921006,78.45546181,2022-06-28,2022,6,830,2.615,0.5193684210526316,764.7236842105264
Tehri Reservoir,Ganga Basin,CWC,30.43921006,78.45546181,2022-07-02,2022,7,830,2.615,0.5505263157894736,766.1552631578948
Tehri Reservoir,Ganga Basin,CWC,30.43921006,78.45546181,2022-07-03,2022,7,830,2.615,0.5816842105263158,767.5868421052631
Tehri Reservoir,Ganga Basin,CWC,30.43921006,78.45546181,2022-07-04,2022,7,830,2.615,0.6128421052631579,769.0184210526317
Tehri Reservoir,Ganga Basin,CWC,30.43921006,78.45546181,2022-07-14,2022,7,830,2.615,0.644,770.45
Tehri Reservoir,Ganga Basin,CWC,30.43921006,78.45546181,2022-07-20,2022,7,830,2.615,0.8235,777.0500000000001
Tehri Reservoir,Ganga Basin,CWC,30.43921006,78.45546181,2022-07-24,2022,7,830,2.615,1.0030000000000001,783.65
Tehri Reservoir,Ganga Basin,CWC,30.43921006,78.45546181,2022-07-28,2022,7,830,2.615,1.1825,790.25
Tehri Reservoir,Ganga Basin,CWC,30.43921006,78.45546181,2022-07-01,2022,7,830,2.615,1.131,788.2264705882353
Tehri Reservoir,Ganga Basin,CWC,30.43921006,78.45546181,2022-07-05,2022,7,830,2.615,1.0795000000000001,786.2029411764706
Tehri Reservoir,Ganga Basin,CWC,30.43921006,78.45546181,2022-07-25,2022,7,830,2.615,1.028,784.1794117647058
Tehri Reservoir,Ganga Basin,CWC,30.43921006,78.45546181,2022-07-29,2022,7,830,2.615,0.9765,782.1558823529411
Tehri Reservoir,Ganga Basin,CWC,30.43921006,78.45546181,2022-07-06,2022,7,830,2.615,0.925,780.1323529411765
Tehri Reservoir,Ganga Basin,CWC,30.43921006,78.45546181,2022-07-10,2022,7,830,2.615,0.8735,778.1088235294118
Tehri Reservoir,Ganga Basin,CWC,30.43921006,78.45546181,2022-07-11,2022,7,830,2.615,0.8220000000000001,776.0852941176471
Tehri Reservoir,Ganga Basin,CWC,30.43921006,78.45546181,2022-07-15,2022,7,830,2.615,0.7705,774.0617647058824
Tehri Reservoir,Ganga Basin,CWC,30.43921006,78.45546181,2022-07-17,2022,7,830,2.615,0.7190000000000001,772.0382352941176
Tehri Reservoir,Ganga Basin,CWC,30.43921006,78.45546181,2022-07-22,2022,7,830,2.615,0.6675,770.0147058823529
Tehri Reservoir,Ganga Basin,CWC,30.43921006,78.45546181,2022-07-27,2022,7,830,2.615,0.616,767.9911764705882
Tehri Reservoir,Ganga Basin,CWC,30.43921006,78.45546181,2022-07-08,2022,7,830,2.615,0.5645,765.9676470588236
Tehri Reservoir,Ganga Basin,CWC,30.43921006,78.45546181,2022-07-12,2022,7,830,2.615,0.513,763.9441176470589
Tehri Reservoir,Ganga Basin,CWC,30.43921006,78.45546181,2022-07-13,2022,7,830,2.615,0.4614999999999999,761.9205882352942
Tehri Reservoir,Ganga Basin,CWC,30.43921006,78.45546181,2022-07-18,2022,7,830,2.615,0.4099999999999999,759.8970588235294
Tehri Reservoir,Ganga Basin,CWC,30.43921006,78.45546181,2022-07-31,2022,7,830,2.615,0.35849999999999993,757.8735294117647
Tehri Reservoir,Ganga Basin,CWC,30.43921006,78.45546181,2022-07-07,2022,7,830,2.615,0.307,755.85
Tehri Reservoir,Ganga Basin,CWC,30.43921006,78.45546181,2022-07-09,2022,7,830,2.615,0.4485,761.7125
Tehri Reservoir,Ganga Basin,CWC,30.43921006,78.45546181,2022-07-16,2022,7,830,2.615,0.5900000000000001,767.575
Tehri Reservoir,Ganga Basin,CWC,30.43921006,78.45546181,2022-07-19,2022,7,830,2.615,0.7315,773.4375
Tehri Reservoir,Ganga Basin,CWC,30.43921006,78.45546181,2022-07-21,2022,7,830,2.615,0.873,779.3
Tehri Reservoir,Ganga Basin,CWC,30.43921006,78.45546181,2022-07-23,2022,7,830,2.615,1.0706,785.63
Tehri Reservoir,Ganga Basin,CWC,30.43921006,78.45546181,2022-07-26,2022,7,830,2.615,1.2682,791.96
Tehri Reservoir,Ganga Basin,CWC,30.43921006,78.45546181,2022-07-30,2022,7,830,2.615,1.4658,798.29
Tehri Reservoir,Ganga Basin,CWC,30.43921006,78.45546181,2022-08-03,2022,8,830,2.615,1.6634,804.62
Tehri Reservoir,Ganga Basin,CWC,30.43921006,78.45546181,2022-08-11,2022,8,830,2.615,1.861,810.95
Tehri Reservoir,Ganga Basin,CWC,30.43921006,78.45546181,2022-08-24,2022,8,830,2.615,1.94525,813.1625
Tehri Reservoir,Ganga Basin,CWC,30.43921006,78.45546181,2022-08-27,2022,8,830,2.615,2.0295,815.375
Tehri Reservoir,Ganga Basin,CWC,30.43921006,78.45546181,2022-08-12,2022,8,830,2.615,2.11375,817.5875
Tehri Reservoir,Ganga Basin,CWC,30.43921006,78.45546181,2022-08-25,2022,8,830,2.615,2.198,819.8
Tehri Reservoir,Ganga Basin,CWC,30.43921006,78.45546181,2022-08-28,2022,8,830,2.615,2.1511428571428572,818.5107142857142
Tehri Reservoir,Ganga Basin,CWC,30.43921006,78.45546181,2022-08-30,2022,8,830,2.615,2.104285714285714,817.2214285714285
Tehri Reservoir,Ganga Basin,CWC,30.43921006,78.45546181,2022-08-09,2022,8,830,2.615,2.0574285714285714,815.9321428571428
Tehri Reservoir,Ganga Basin,CWC,30.43921006,78.45546181,2022-08-16,2022,8,830,2.615,2.0105714285714287,814.6428571428571
Tehri Reservoir,Ganga Basin,CWC,30.43921006,78.45546181,2022-08-22,2022,8,830,2.615,1.9637142857142857,813.3535714285714
Tehri Reservoir,Ganga Basin,CWC,30.43921006,78.45546181,2022-08-23,2022,8,830,2.615,1.9168571428571428,812.0642857142857
Tehri Reservoir,Ganga Basin,CWC,30.43921006,78.45546181,2022-08-31,2022,8,830,2.615,1.87,810.775
Tehri Reservoir,Ganga Basin,CWC,30.43921006,78.45546181,2022-08-06,2022,8,830,2.615,1.8231428571428572,809.4857142857143
Tehri Reservoir,Ganga Basin,CWC,30.43921006,78.45546181,2022-08-07,2022,8,830,2.615,1.7762857142857142,808.1964285714286
Tehri Reservoir,Ganga Basin,CWC,30.43921006,78.45546181,2022-08-13,2022,8,830,2.615,1.7294285714285715,806.9071428571428
Tehri Reservoir,Ganga Basin,CWC,30.43921006,78.45546181,2022-08-19,2022,8,830,2.615,1.6825714285714286,805.6178571428571
Tehri Reservoir,Ganga Basin,CWC,30.43921006,78.45546181,2022-08-21,2022,8,830,2.615,1.6357142857142857,804.3285714285714
Tehri Reservoir,Ganga Basin,CWC,30.43921006,78.45546181,2022-08-29,2022,8,830,2.615,1.588857142857143,803.0392857142857
Tehri Reservoir,Ganga Basin,CWC,30.43921006,78.45546181,2022-08-04,2022,8,830,2.615,1.542,801.75
Tehri Reservoir,Ganga Basin,CWC,30.43921006,78.45546181,2022-08-05,2022,8,830,2.615,1.614857142857143,803.7928571428571
Tehri Reservoir,Ganga Basin,CWC,30.43921006,78.45546181,2022-08-08,2022,8,830,2.615,1.6877142857142857,805.8357142857143
Tehri Reservoir,Ganga Basin,CWC,30.43921006,78.45546181,2022-08-10,2022,8,830,2.615,1.7605714285714287,807.8785714285714
Tehri Reservoir,Ganga Basin,CWC,30.43921006,78.45546181,2022-08-14,2022,8,830,2.615,1.8334285714285714,809.9214285714286
Tehri Reservoir,Ganga Basin,CWC,30.43921006,78.45546181,2022-08-15,2022,8,830,2.615,1.9062857142857144,811.9642857142857
Tehri Reservoir,Ganga Basin,CWC,30.43921006,78.45546181,2022-08-17,2022,8,830,2.615,1.979142857142857,814.0071428571429
Tehri Reservoir,Ganga Basin,CWC,30.43921006,78.45546181,2022-08-18,2022,8,830,2.615,2.052,816.05
Tehri Reservoir,Ganga Basin,CWC,30.43921006,78.45546181,2022-08-20,2022,8,830,2.615,2.0975,817.1681818181818
Tehri Reservoir,Ganga Basin,CWC,30.43921006,78.45546181,2022-08-26,2022,8,830,2.615,2.1430000000000002,818.2863636363636
Tehri Reservoir,Ganga Basin,CWC,30.43921006,78.45546181,2022-08-01,2022,8,830,2.615,2.1885,819.4045454545454
Tehri Reservoir,Ganga Basin,CWC,30.43921006,78.45546181,2022-08-02,2022,8,830,2.615,2.234,820.5227272727273
Tehri Reservoir,Ganga Basin,CWC,30.43921006,78.45546181,2022-09-06,2022,9,830,2.615,2.2795,821.6409090909091
Tehri Reservoir,Ganga Basin,CWC,30.43921006,78.45546181,2022-09-09,2022,9,830,2.615,2.325,822.7590909090909
Tehri Reservoir,Ganga Basin,CWC,30.43921006,78.45546181,2022-09-11,2022,9,830,2.615,2.3705000000000003,823.8772727272727
Tehri Reservoir,Ganga Basin,CWC,30.43921006,78.45546181,2022-09-12,2022,9,830,2.615,2.4160000000000004,824.9954545454545
Tehri Reservoir,Ganga Basin,CWC,30.43921006,78.45546181,2022-09-13,2022,9,830,2.615,2.4615,826.1136363636364
Tehri Reservoir,Ganga Basin,CWC,30.43921006,78.45546181,2022-09-14,2022,9,830,2.615,2.507,827.2318181818182
Tehri Reservoir,Ganga Basin,CWC,30.43921006,78.45546181,2022-09-15,2022,9,830,2.615,2.5525,828.35
Tehri Reservoir,Ganga Basin,CWC,30.43921006,78.45546181,2022-09-21,2022,9,830,2.615,2.5583750000000003,828.4875
Tehri Reservoir,Ganga Basin,CWC,30.43921006,78.45546181,2022-09-25,2022,9,830,2.615,2.5642500000000004,828.625
Tehri Reservoir,Ganga Basin,CWC,30.43921006,78.45546181,2022-09-05,2022,9,830,2.615,2.570125,828.7625
Tehri Reservoir,Ganga Basin,CWC,30.43921006,78.45546181,2022-09-22,2022,9,830,2.615,2.576,828.9
Tehri Reservoir,Ganga Basin,CWC,30.43921006,78.45546181,2022-09-26,2022,9,830,2.615,2.4745,826.5
Tehri Reservoir,Ganga Basin,CWC,30.43921006,78.45546181,2022-09-01,2022,9,830,2.615,2.373,824.1
Tehri Reservoir,Ganga Basin,CWC,30.43921006,78.45546181,2022-09-08,2022,9,830,2.615,2.501,827.15
Tehri Reservoir,Ganga Basin,CWC,30.43921006,78.45546181,2022-09-19,2022,9,830,2.615,2.5065,827.284375
Tehri Reservoir,Ganga Basin,CWC,30.43921006,78.45546181,2022-09-20,2022,9,830,2.615,2.512,827.4187499999999
Tehri Reservoir,Ganga Basin,CWC,30.43921006,78.45546181,2022-09-23,2022,9,830,2.615,2.5175,827.553125
Tehri Reservoir,Ganga Basin,CWC,30.43921006,78.45546181,2022-09-02,2022,9,830,2.615,2.5229999999999997,827.6875
Tehri Reservoir,Ganga Basin,CWC,30.43921006,78.45546181,2022-09-03,2022,9,830,2.615,2.5284999999999997,827.821875
Tehri Reservoir,Ganga Basin,CWC,30.43921006,78.45546181,2022-09-04,2022,9,830,2.615,2.534,827.95625
Tehri Reservoir,Ganga Basin,CWC,30.43921006,78.45546181,2022-09-07,2022,9,830,2.615,2.5395,828.0906249999999
Tehri Reservoir,Ganga Basin,CWC,30.43921006,78.45546181,2022-09-17,2022,9,830,2.615,2.545,828.2249999999999
Tehri Reservoir,Ganga Basin,CWC,30.43921006,78.45546181,2022-09-18,2022,9,830,2.615,2.5505,828.359375
Tehri Reservoir,Ganga Basin,CWC,30.43921006,78.45546181,2022-09-24,2022,9,830,2.615,2.556,828.49375
Tehri Reservoir,Ganga Basin,CWC,30.43921006,78.45546181,2022-09-30,2022,9,830,2.615,2.5615,828.628125
Tehri Reservoir,Ganga Basin,CWC,30.43921006,78.45546181,2022-09-10,2022,9,830,2.615,2.567,828.7624999999999
Tehri Reservoir,Ganga Basin,CWC,30.43921006,78.45546181,2022-09-16,2022,9,830,2.615,2.5725,828.8968749999999
Tehri Reservoir,Ganga Basin,CWC,30.43921006,78.45546181,2022-09-27,2022,9,830,2.615,2.578,829.03125
Tehri Reservoir,Ganga Basin,CWC,30.43921006,78.45546181,2022-09-28,2022,9,830,2.615,2.5835,829.165625
Tehri Reservoir,Ganga Basin,CWC,30.43921006,78.45546181,2022-09-29,2022,9,830,2.615,2.589,829.3
Tehri Reservoir,Ganga Basin,CWC,30.43921006,78.45546181,2022-10-04,2022,10,830,2.615,2.58945,829.305
Tehri Reservoir,Ganga Basin,CWC,30.43921006,78.45546181,2022-10-28,2022,10,830,2.615,2.5899,829.31
Tehri Reservoir,Ganga Basin,CWC,30.43921006,78.45546181,2022-10-30,2022,10,830,2.615,2.59035,829.3149999999999
Tehri Reservoir,Ganga Basin,CWC,30.43921006,78.45546181,2022-10-01,2022,10,830,2.615,2.5907999999999998,829.3199999999999
Tehri Reservoir,Ganga Basin,CWC,30.43921006,78.45546181,2022-10-02,2022,10,830,2.615,2.59125,829.3249999999999
Tehri Reservoir,Ganga Basin,CWC,30.43921006,78.45546181,2022-10-03,2022,10,830,2.615,2.5917,829.3299999999999
Tehri Reservoir,Ganga Basin,CWC,30.43921006,78.45546181,2022-10-05,2022,10,830,2.615,2.5921499999999997,829.3349999999999
Tehri Reservoir,Ganga Basin,CWC,30.43921006,78.45546181,2022-10-07,2022,10,830,2.615,2.5926,829.3399999999999
Tehri Reservoir,Ganga Basin,CWC,30.43921006,78.45546181,2022-10-10,2022,10,830,2.615,2.59305,829.3449999999999
Tehri Reservoir,Ganga Basin,CWC,30.43921006,78.45546181,2022-10-15,2022,10,830,2.615,2.5934999999999997,829.3499999999999
Tehri Reservoir,Ganga Basin,CWC,30.43921006,78.45546181,2022-10-17,2022,10,830,2.615,2.59395,829.355
Tehri Reservoir,Ganga Basin,CWC,30.43921006,78.45546181,2022-10-18,2022,10,830,2.615,2.5944,829.36
Tehri Reservoir,Ganga Basin,CWC,30.43921006,78.45546181,2022-10-21,2022,10,830,2.615,2.59485,829.365
Tehri Reservoir,Ganga Basin,CWC,30.43921006,78.45546181,2022-10-22,2022,10,830,2.615,2.5953,829.37
Tehri Reservoir,Ganga Basin,CWC,30.43921006,78.45546181,2022-10-25,2022,10,830,2.615,2.59575,829.375
Tehri Reservoir,Ganga Basin,CWC,30.43921006,78.45546181,2022-10-08,2022,10,830,2.615,2.5962,829.38
Tehri Reservoir,Ganga Basin,CWC,30.43921006,78.45546181,2022-10-09,2022,10,830,2.615,2.59665,829.385
Tehri Reservoir,Ganga Basin,CWC,30.43921006,78.45546181,2022-10-11,2022,10,830,2.615,2.5970999999999997,829.39
Tehri Reservoir,Ganga Basin,CWC,30.43921006,78.45546181,2022-10-14,2022,10,830,2.615,2.59755,829.395
Tehri Reservoir,Ganga Basin,CWC,30.43921006,78.45546181,2022-10-20,2022,10,830,2.615,2.598,829.4
Tehri Reservoir,Ganga Basin,CWC,30.43921006,78.45546181,2022-10-24,2022,10,830,2.615,2.588,829.175
Tehri Reservoir,Ganga Basin,CWC,30.43921006,78.45546181,2022-10-27,2022,10,830,2.615,2.578,828.95
Tehri Reservoir,Ganga Basin,CWC,30.43921006,78.45546181,2022-10-06,2022,10,830,2.615,2.60215,829.5
Tehri Reservoir,Ganga Basin,CWC,30.43921006,78.45546181,2022-10-13,2022,10,830,2.615,2.60215,829.85
Tehri Reservoir,Ganga Basin,CWC,30.43921006,78.45546181,2022-10-19,2022,10,830,2.615,2.5979846153846156,829.7269230769231
Tehri Reservoir,Ganga Basin,CWC,30.43921006,78.45546181,2022-10-29,2022,10,830,2.615,2.5938192307692307,829.6038461538461
Tehri Reservoir,Ganga Basin,CWC,30.43921006,78.45546181,2022-10-12,2022,10,830,2.615,2.5896538461538463,829.4807692307693
Tehri Reservoir,Ganga Basin,CWC,30.43921006,78.45546181,2022-10-16,2022,10,830,2.615,2.5854884615384615,829.3576923076923
Tehri Reservoir,Ganga Basin,CWC,30.43921006,78.45546181,2022-10-23,2022,10,830,2.615,2.581323076923077,829.2346153846154
Tehri Reservoir,Ganga Basin,CWC,30.43921006,78.45546181,2022-10-26,2022,10,830,2.615,2.577157692307692,829.1115384615384
Tehri Reservoir,Ganga Basin,CWC,30.43921006,78.45546181,2022-10-31,2022,10,830,2.615,2.572992307692308,828.9884615384616
Tehri Reservoir,Ganga Basin,CWC,30.43921006,78.45546181,2022-11-07,2022,11,830,2.615,2.568826923076923,828.8653846153846
Tehri Reservoir,Ganga Basin,CWC,30.43921006,78.45546181,2022-11-08,2022,11,830,2.615,2.5646615384615385,828.7423076923077
Tehri Reservoir,Ganga Basin,CWC,30.43921006,78.45546181,2022-11-21,2022,11,830,2.615,2.5604961538461537,828.6192307692307
Tehri Reservoir,Ganga Basin,CWC,30.43921006,78.45546181,2022-11-23,2022,11,830,2.615,2.5563307692307693,828.4961538461539
Tehri Reservoir,Ganga Basin,CWC,30.43921006,78.45546181,2022-11-02,2022,11,830,2.615,2.5521653846153844,828.373076923077
Tehri Reservoir,Ganga Basin,CWC,30.43921006,78.45546181,2022-11-03,2022,11,830,2.615,2.548,828.25
Tehri Reservoir,Ganga Basin,CWC,30.43921006,78.45546181,2022-11-13,2022,11,830,2.615,2.5462000000000002,828.2075
Tehri Reservoir,Ganga Basin,CWC,30.43921006,78.45546181,2022-11-15,2022,11,830,2.615,2.5444,828.165
Tehri Reservoir,Ganga Basin,CWC,30.43921006,78.45546181,2022-11-16,2022,11,830,2.615,2.5426,828.1225
Tehri Reservoir,Ganga Basin,CWC,30.43921006,78.45546181,2022-11-28,2022,11,830,2.615,2.5408,828.08
Tehri Reservoir,Ganga Basin,CWC,30.43921006,78.45546181,2022-11-01,2022,11,830,2.615,2.539,828.0375
Tehri Reservoir,Ganga Basin,CWC,30.43921006,78.45546181,2022-11-06,2022,11,830,2.615,2.5372,827.995
Tehri Reservoir,Ganga Basin,CWC,30.43921006,78.45546181,2022-11-19,2022,11,830,2.615,2.5354,827.9525
Tehri Reservoir,Ganga Basin,CWC,30.43921006,78.45546181,2022-11-20,2022,11,830,2.615,2.5336,827.91
Tehri Reservoir,Ganga Basin,CWC,30.43921006,78.45546181,2022-11-25,2022,11,830,2.615,2.5318,827.8675
Tehri Reservoir,Ganga Basin,CWC,30.43921006,78.45546181,2022-11-30,2022,11,830,2.615,2.5300000000000002,827.825
Tehri Reservoir,Ganga Basin,CWC,30.43921006,78.45546181,2022-11-04,2022,11,830,2.615,2.5282,827.7825
Tehri Reservoir,Ganga Basin,CWC,30.43921006,78.45546181,2022-11-05,2022,11,830,2.615,2.5264,827.74
Tehri Reservoir,Ganga Basin,CWC,30.43921006,78.45546181,2022-11-12,2022,11,830,2.615,2.5246,827.6975
Tehri Reservoir,Ganga Basin,CWC,30.43921006,78.45546181,2022-11-14,2022,11,830,2.615,2.5228,827.655
Tehri Reservoir,Ganga Basin,CWC,30.43921006,78.45546181,2022-11-18,2022,11,830,2.615,2.521,827.6125
Tehri Reservoir,Ganga Basin,CWC,30.43921006,78.45546181,2022-11-26,2022,11,830,2.615,2.5192,827.5699999999999
Tehri Reservoir,Ganga Basin,CWC,30.43921006,78.45546181,2022-11-27,2022,11,830,2.615,2.5174,827.5275
Tehri Reservoir,Ganga Basin,CWC,30.43921006,78.45546181,2022-11-29,2022,11,830,2.615,2.5156,827.485
Tehri Reservoir,Ganga Basin,CWC,30.43921006,78.45546181,2022-11-09,2022,11,830,2.615,2.5138,827.4425
Tehri Reservoir,Ganga Basin,CWC,30.43921006,78.45546181,2022-11-10,2022,11,830,2.615,2.512,827.4
Tehri Reservoir,Ganga Basin,CWC,30.43921006,78.45546181,2022-11-11,2022,11,830,2.615,2.492,826.925
Tehri Reservoir,Ganga Basin,CWC,30.43921006,78.45546181,2022-11-17,2022,11,830,2.615,2.472,826.45
Tehri Reservoir,Ganga Basin,CWC,30.43921006,78.45546181,2022-11-22,2022,11,830,2.615,2.457,826.1
Tehri Reservoir,Ganga Basin,CWC,30.43921006,78.45546181,2022-11-24,2022,11,830,2.615,2.442,825.75
Tehri Reservoir,Ganga Basin,CWC,30.43921006,78.45546181,2022-12-28,2022,12,830,2.615,2.4185,825.1875
Tehri Reservoir,Ganga Basin,CWC,30.43921006,78.45546181,2022-12-04,2022,12,830,2.615,2.395,824.625
Tehri Reservoir,Ganga Basin,CWC,30.43921006,78.45546181,2022-12-05,2022,12,830,2.615,2.3715,824.0625
Tehri Reservoir,Ganga Basin,CWC,30.43921006,78.45546181,2022-12-08,2022,12,830,2.615,2.348,823.5
Tehri Reservoir,Ganga Basin,CWC,30.43921006,78.45546181,2022-12-11,2022,12,830,2.615,2.338142857142857,823.2571428571429
Tehri Reservoir,Ganga Basin,CWC,30.43921006,78.45546181,2022-12-14,2022,12,830,2.615,2.3282857142857143,823.0142857142857
Tehri Reservoir,Ganga Basin,CWC,30.43921006,78.45546181,2022-12-18,2022,12,830,2.615,2.3184285714285715,822.7714285714286
Tehri Reservoir,Ganga Basin,CWC,30.43921006,78.45546181,2022-12-26,2022,12,830,2.615,2.3085714285714283,822.5285714285714
Tehri Reservoir,Ganga Basin,CWC,30.43921006,78.45546181,2022-12-02,2022,12,830,2.615,2.2987142857142855,822.2857142857142
Tehri Reservoir,Ganga Basin,CWC,30.43921006,78.45546181,2022-12-06,2022,12,830,2.615,2.2888571428571427,822.0428571428571
Tehri Reservoir,Ganga Basin,CWC,30.43921006,78.45546181,2022-12-15,2022,12,830,2.615,2.279,821.8
Tehri Reservoir,Ganga Basin,CWC,30.43921006,78.45546181,2022-12-01,2022,12,830,2.615,2.411,825.0
Tehri Reservoir,Ganga Basin,CWC,30.43921006,78.45546181,2022-12-03,2022,12,830,2.615,2.363714285714286,823.8285714285714
Tehri Reservoir,Ganga Basin,CWC,30.43921006,78.45546181,2022-12-09,2022,12,830,2.615,2.3164285714285713,822.6571428571428
Tehri Reservoir,Ganga Basin,CWC,30.43921006,78.45546181,2022-12-13,2022,12,830,2.615,2.269142857142857,821.4857142857143
Tehri Reservoir,Ganga Basin,CWC,30.43921006,78.45546181,2022-12-17,2022,12,830,2.615,2.221857142857143,820.3142857142857
Tehri Reservoir,Ganga Basin,CWC,30.43921006,78.45546181,2022-12-23,2022,12,830,2.615,2.174571428571429,819.1428571428571
Tehri Reservoir,Ganga Basin,CWC,30.43921006,78.45546181,2022-12-25,2022,12,830,2.615,2.1272857142857142,817.9714285714285
Tehri Reservoir,Ganga Basin,CWC,30.43921006,78.45546181,2022-12-29,2022,12,830,2.615,2.08,816.8
Tehri Reservoir,Ganga Basin,CWC,30.43921006,78.45546181,2022-12-07,2022,12,830,2.615,2.0894545454545455,817.040909090909
Tehri Reservoir,Ganga Basin,CWC,30.43921006,78.45546181,2022-12-10,2022,12,830,2.615,2.098909090909091,817.2818181818182
Tehri Reservoir,Ganga Basin,CWC,30.43921006,78.45546181,2022-12-12,2022,12,830,2.615,2.1083636363636367,817.5227272727273
Tehri Reservoir,Ganga Basin,CWC,30.43921006,78.45546181,2022-12-20,2022,12,830,2.615,2.117818181818182,817.7636363636364
Tehri Reservoir,Ganga Basin,CWC,30.43921006,78.45546181,2022-12-21,2022,12,830,2.615,2.1272727272727274,818.0045454545455
Tehri Reservoir,Ganga Basin,CWC,30.43921006,78.45546181,2022-12-24,2022,12,830,2.615,2.136727272727273,818.2454545454545
Tehri Reservoir,Ganga Basin,CWC,30.43921006,78.45546181,2022-12-30,2022,12,830,2.615,2.146181818181818,818.4863636363636
Tehri Reservoir,Ganga Basin,CWC,30.43921006,78.45546181,2022-12-31,2022,12,830,2.615,2.1556363636363636,818.7272727272727
Tehri Reservoir,Ganga Basin,CWC,30.43921006,78.45546181,2022-12-16,2022,12,830,2.615,2.1650909090909094,818.9681818181818
Tehri Reservoir,Ganga Basin,CWC,30.43921006,78.45546181,2022-12-19,2022,12,830,2.615,2.174545454545455,819.209090909091
Tehri Reservoir,Ganga Basin,CWC,30.43921006,78.45546181,2022-12-22,2022,12,830,2.615,2.184,819.45
Tehri Reservoir,Ganga Basin,CWC,30.43921006,78.45546181,2022-12-27,2022,12,830,2.615,2.0940000000000003,817.02
Tehri Reservoir,Ganga Basin,CWC,30.43921006,78.45546181,2023-01-02,2023,1,830,2.615,2.004,814.59
Tehri Reservoir,Ganga Basin,CWC,30.43921006,78.45546181,2023-01-11,2023,1,830,2.615,1.9140000000000001,812.16
Tehri Reservoir,Ganga Basin,CWC,30.43921006,78.45546181,2023-01-18,2023,1,830,2.615,1.824,809.73
Tehri Reservoir,Ganga Basin,CWC,30.43921006,78.45546181,2023-01-19,2023,1,830,2.615,1.734,807.3
Tehri Reservoir,Ganga Basin,CWC,30.43921006,78.45546181,2023-01-21,2023,1,830,2.615,1.684,805.8499999999999
Tehri Reservoir,Ganga Basin,CWC,30.43921006,78.45546181,2023-01-25,2023,1,830,2.615,1.634,804.4
Tehri Reservoir,Ganga Basin,CWC,30.43921006,78.45546181,2023-01-26,2023,1,830,2.615,1.6768999999999998,805.63
Tehri Reservoir,Ganga Basin,CWC,30.43921006,78.45546181,2023-01-30,2023,1,830,2.615,1.7198,806.86
Tehri Reservoir,Ganga Basin,CWC,30.43921006,78.45546181,2023-01-04,2023,1,830,2.615,1.7627,808.0899999999999
Tehri Reservoir,Ganga Basin,CWC,30.43921006,78.45546181,2023-01-08,2023,1,830,2.615,1.8056,809.3199999999999
Tehri Reservoir,Ganga Basin,CWC,30.43921006,78.45546181,2023-01-12,2023,1,830,2.615,1.8485,810.55
Tehri Reservoir,Ganga Basin,CWC,30.43921006,78.45546181,2023-01-14,2023,1,830,2.615,1.8722,811.1999999999999
Tehri Reservoir,Ganga Basin,CWC,30.43921006,78.45546181,2023-01-20,2023,1,830,2.615,1.8959000000000001,811.8499999999999
Tehri Reservoir,Ganga Basin,CWC,30.43921006,78.45546181,2023-01-31,2023,1,830,2.615,1.9196,812.5
Tehri Reservoir,Ganga Basin,CWC,30.43921006,78.45546181,2023-01-01,2023,1,830,2.615,1.9433,813.15
Tehri Reservoir,Ganga Basin,CWC,30.43921006,78.45546181,2023-01-05,2023,1,830,2.615,1.967,813.8
Tehri Reservoir,Ganga Basin,CWC,30.43921006,78.45546181,2023-01-13,2023,1,830,2.615,1.939875,813.025
Tehri Reservoir,Ganga Basin,CWC,30.43921006,78.45546181,2023-01-22,2023,1,830,2.615,1.91275,812.25
Tehri Reservoir,Ganga Basin,CWC,30.43921006,78.45546181,2023-01-23,2023,1,830,2.615,1.885625,811.4749999999999
Tehri Reservoir,Ganga Basin,CWC,30.43921006,78.45546181,2023-01-24,2023,1,830,2.615,1.8585,810.6999999999999
Tehri Reservoir,Ganga Basin,CWC,30.43921006,78.45546181,2023-01-27,2023,1,830,2.615,1.831375,809.925
Tehri Reservoir,Ganga Basin,CWC,30.43921006,78.45546181,2023-01-03,2023,1,830,2.615,1.8042500000000001,809.15
Tehri Reservoir,Ganga Basin,CWC,30.43921006,78.45546181,2023-01-06,2023,1,830,2.615,1.777125,808.375
Tehri Reservoir,Ganga Basin,CWC,30.43921006,78.45546181,2023-01-07,2023,1,830,2.615,1.75,807.5999999999999
Tehri Reservoir,Ganga Basin,CWC,30.43921006,78.45546181,2023-01-10,2023,1,830,2.615,1.722875,806.8249999999999
Tehri Reservoir,Ganga Basin,CWC,30.43921006,78.45546181,2023-01-16,2023,1,830,2.615,1.6957499999999999,806.05
Tehri Reservoir,Ganga Basin,CWC,30.43921006,78.45546181,2023-01-17,2023,1,830,2.615,1.668625,805.275
Tehri Reservoir,Ganga Basin,CWC,30.43921006,78.45546181,2023-01-28,2023,1,830,2.615,1.6415,804.5
Tehri Reservoir,Ganga Basin,CWC,30.43921006,78.45546181,2023-01-29,2023,1,830,2.615,1.614375,803.725
Tehri Reservoir,Ganga Basin,CWC,30.43921006,78.45546181,2023-01-09,2023,1,830,2.615,1.58725,802.9499999999999
Tehri Reservoir,Ganga Basin,CWC,30.43921006,78.45546181,2023-01-15,2023,1,830,2.615,1.560125,802.175
Tehri Reservoir,Ganga Basin,CWC,30.43921006,78.45546181,2023-02-02,2023,2,830,2.615,1.533,801.4
Tehri Reservoir,Ganga Basin,CWC,30.43921006,78.45546181,2023-02-08,2023,2,830,2.615,1.47725,799.6625
Tehri Reservoir,Ganga Basin,CWC,30.43921006,78.45546181,2023-02-12,2023,2,830,2.615,1.4215,797.925
Tehri Reservoir,Ganga Basin,CWC,30.43921006,78.45546181,2023-02-15,2023,2,830,2.615,1.36575,796.1875
Tehri Reservoir,Ganga Basin,CWC,30.43921006,78.45546181,2023-02-16,2023,2,830,2.615,1.31,794.45
Tehri Reservoir,Ganga Basin,CWC,30.43921006,78.45546181,2023-02-21,2023,2,830,2.615,1.3180833333333335,794.7041666666667
Tehri Reservoir,Ganga Basin,CWC,30.43921006,78.45546181,2023-02-24,2023,2,830,2.615,1.3261666666666667,794.9583333333334
Tehri Reservoir,Ganga Basin,CWC,30.43921006,78.45546181,2023-02-04,2023,2,830,2.615,1.33425,795.2125000000001
Tehri Reservoir,Ganga Basin,CWC,30.43921006,78.45546181,2023-02-05,2023,2,830,2.615,1.3423333333333334,795.4666666666667
Tehri Reservoir,Ganga Basin,CWC,30.43921006,78.45546181,2023-02-06,2023,2,830,2.615,1.3504166666666668,795.7208333333333
Tehri Reservoir,Ganga Basin,CWC,30.43921006,78.45546181,2023-02-07,2023,2,830,2.615,1.3585,795.975
Tehri Reservoir,Ganga Basin,CWC,30.43921006,78.45546181,2023-02-11,2023,2,830,2.615,1.3665833333333333,796.2291666666667
Tehri Reservoir,Ganga Basin,CWC,30.43921006,78.45546181,2023-02-10,2023,2,830,2.615,1.3746666666666667,796.4833333333333
Tehri Reservoir,Ganga Basin,CWC,30.43921006,78.45546181,2023-02-19,2023,2,830,2.615,1.3827500000000001,796.7375
Tehri Reservoir,Ganga Basin,CWC,30.43921006,78.45546181,2023-02-25,2023,2,830,2.615,1.3908333333333334,796.9916666666667
Tehri Reservoir,Ganga Basin,CWC,30.43921006,78.45546181,2023-02-01,2023,2,830,2.615,1.3989166666666666,797.2458333333334
Tehri Reservoir,Ganga Basin,CWC,30.43921006,78.45546181,2023-02-09,2023,2,830,2.615,1.407,797.5
Tehri Reservoir,Ganga Basin,CWC,30.43921006,78.45546181,2023-02-13,2023,2,830,2.615,1.3859,796.82
Tehri Reservoir,Ganga Basin,CWC,30.43921006,78.45546181,2023-02-18,2023,2,830,2.615,1.3648,796.14
Tehri Reservoir,Ganga Basin,CWC,30.43921006,78.45546181,2023-02-20,2023,2,830,2.615,1.3437000000000001,795.46
Tehri Reservoir,Ganga Basin,CWC,30.43921006,78.45546181,2023-02-22,2023,2,830,2.615,1.3226,794.78
Tehri Reservoir,Ganga Basin,CWC,30.43921006,78.45546181,2023-02-27,2023,2,830,2.615,1.3014999999999999,794.1
Tehri Reservoir,Ganga Basin,CWC,30.43921006,78.45546181,2023-02-28,2023,2,830,2.615,1.2804,793.4200000000001
Tehri Reservoir,Ganga Basin,CWC,30.43921006,78.45546181,2023-02-03,2023,2,830,2.615,1.2593,792.74
Tehri Reservoir,Ganga Basin,CWC,30.43921006,78.45546181,2023-02-14,2023,2,830,2.615,1.2382,792.0600000000001
Tehri Reservoir,Ganga Basin,CWC,30.43921006,78.45546181,2023-02-17,2023,2,830,2.615,1.2170999999999998,791.38
Tehri Reservoir,Ganga Basin,CWC,30.43921006,78.45546181,2023-02-23,2023,2,830,2.615,1.196,790.7
Tehri Reservoir,Ganga Basin,CWC,30.43921006,78.45546181,2023-02-26,2023,2,830,2.615,1.18175,790.2125000000001
Tehri Reservoir,Ganga Basin,CWC,30.43921006,78.45546181,2023-03-05,2023,3,830,2.615,1.1675,789.725
Tehri Reservoir,Ganga Basin,CWC,30.43921006,78.45546181,2023-03-14,2023,3,830,2.615,1.1532499999999999,789.2375
Tehri Reservoir,Ganga Basin,CWC,30.43921006,78.45546181,2023-03-15,2023,3,830,2.615,1.139,788.75
Tehri Reservoir,Ganga Basin,CWC,30.43921006,78.45546181,2023-03-22,2023,3,830,2.615,1.1247500000000001,788.2625
Tehri Reservoir,Ganga Basin,CWC,30.43921006,78.45546181,2023-03-26,2023,3,830,2.615,1.1105,787.775
Tehri Reservoir,Ganga Basin,CWC,30.43921006,78.45546181,2023-03-31,2023,3,830,2.615,1.09625,787.2874999999999
Tehri Reservoir,Ganga Basin,CWC,30.43921006,78.45546181,2023-03-02,2023,3,830,2.615,1.082,786.8
Tehri Reservoir,Ganga Basin,CWC,30.43921006,78.45546181,2023-03-11,2023,3,830,2.615,1.0065,784.0833333333333
Tehri Reservoir,Ganga Basin,CWC,30.43921006,78.45546181,2023-03-12,2023,3,830,2.615,0.931,781.3666666666667
Tehri Reservoir,Ganga Basin,CWC,30.43921006,78.45546181,2023-03-16,2023,3,830,2.615,0.8555,778.65
Tehri Reservoir,Ganga Basin,CWC,30.43921006,78.45546181,2023-03-18,2023,3,830,2.615,0.8346250000000001,777.85
Tehri Reservoir,Ganga Basin,CWC,30.43921006,78.45546181,2023-03-19,2023,3,830,2.615,0.81375,777.05
Tehri Reservoir,Ganga Basin,CWC,30.43921006,78.45546181,2023-03-20,2023,3,830,2.615,0.792875,776.25
Tehri Reservoir,Ganga Basin,CWC,30.43921006,78.45546181,2023-03-23,2023,3,830,2.615,0.772,775.45
Tehri Reservoir,Ganga Basin,CWC,30.43921006,78.45546181,2023-03-30,2023,3,830,2.615,0.6915,772.35
Tehri Reservoir,Ganga Basin,CWC,30.43921006,78.45546181,2023-03-01,2023,3,830,2.615,0.7166363636363636,773.3000000000001
Tehri Reservoir,Ganga Basin,CWC,30.43921006,78.45546181,2023-03-04,2023,3,830,2.615,0.7417727272727273,774.25
Tehri Reservoir,Ganga Basin,CWC,30.43921006,78.45546181,2023-03-13,2023,3,830,2.615,0.7669090909090909,775.2
Tehri Reservoir,Ganga Basin,CWC,30.43921006,78.45546181,2023-03-17,2023,3,830,2.615,0.7920454545454545,776.15
Tehri Reservoir,Ganga Basin,CWC,30.43921006,78.45546181,2023-03-24,2023,3,830,2.615,0.8171818181818182,777.1
Tehri Reservoir,Ganga Basin,CWC,30.43921006,78.45546181,2023-03-25,2023,3,830,2.615,0.8423181818181817,778.05
Tehri Reservoir,Ganga Basin,CWC,30.43921006,78.45546181,2023-03-29,2023,3,830,2.615,0.8674545454545455,779.0
Tehri Reservoir,Ganga Basin,CWC,30.43921006,78.45546181,2023-03-03,2023,3,830,2.615,0.8925909090909091,779.9499999999999
Tehri Reservoir,Ganga Basin,CWC,30.43921006,78.45546181,2023-03-06,2023,3,830,2.615,0.9177272727272727,780.9
Tehri Reservoir,Ganga Basin,CWC,30.43921006,78.45546181,2023-03-07,2023,3,830,2.615,0.9428636363636363,781.8499999999999
Tehri Reservoir,Ganga Basin,CWC,30.43921006,78.45546181,2023-03-09,2023,3,830,2.615,0.968,782.8
Tehri Reservoir,Ganga Basin,CWC,30.43921006,78.45546181,2023-03-21,2023,3,830,2.615,0.9403333333333334,781.7266666666666
Tehri Reservoir,Ganga Basin,CWC,30.43921006,78.45546181,2023-03-27,2023,3,830,2.615,0.9126666666666666,780.6533333333333
Tehri Reservoir,Ganga Basin,CWC,30.43921006,78.45546181,2023-03-28,2023,3,830,2.615,0.885,779.5799999999999
Tehri Reservoir,Ganga Basin,CWC,30.43921006,78.45546181,2023-03-08,2023,3,830,2.615,0.8573333333333333,778.5066666666667
Tehri Reservoir,Ganga Basin,CWC,30.43921006,78.45546181,2023-03-10,2023,3,830,2.615,0.8296666666666667,777.4333333333333
Tehri Reservoir,Ganga Basin,CWC,30.43921006,78.45546181,2023-04-10,2023,4,830,2.615,0.802,776.36
Tehri Reservoir,Ganga Basin,CWC,30.43921006,78.45546181,2023-04-17,2023,4,830,2.615,0.7743333333333333,775.2866666666666
Tehri Reservoir,Ganga Basin,CWC,30.43921006,78.45546181,2023-04-18,2023,4,830,2.615,0.7466666666666667,774.2133333333334
Tehri Reservoir,Ganga Basin,CWC,30.43921006,78.45546181,2023-04-21,2023,4,830,2.615,0.719,773.14
Tehri Reservoir,Ganga Basin,CWC,30.43921006,78.45546181,2023-04-25,2023,4,830,2.615,0.6913333333333334,772.0666666666667
Tehri Reservoir,Ganga Basin,CWC,30.43921006,78.45546181,2023-04-29,2023,4,830,2.615,0.6636666666666666,770.9933333333333
Tehri Reservoir,Ganga Basin,CWC,30.43921006,78.45546181,2023-04-01,2023,4,830,2.615,0.636,769.9200000000001
Tehri Reservoir,Ganga Basin,CWC,30.43921006,78.45546181,2023-04-09,2023,4,830,2.615,0.6083333333333334,768.8466666666667
Tehri Reservoir,Ganga Basin,CWC,30.43921006,78.45546181,2023-04-11,2023,4,830,2.615,0.5806666666666667,767.7733333333334
Tehri Reservoir,Ganga Basin,CWC,30.43921006,78.45546181,2023-04-13,2023,4,830,2.615,0.553,766.7
Tehri Reservoir,Ganga Basin,CWC,30.43921006,78.45546181,2023-04-19,2023,4,830,2.615,0.5,764.4
Tehri Reservoir,Ganga Basin,CWC,30.43921006,78.45546181,2023-04-24,2023,4,830,2.615,0.447,762.1
Tehri Reservoir,Ganga Basin,CWC,30.43921006,78.45546181,2023-04-27,2023,4,830,2.615,0.394,759.8
Tehri Reservoir,Ganga Basin,CWC,30.43921006,78.45546181,2023-04-15,2023,4,830,2.615,0.4045,760.2624999999999
Tehri Reservoir,Ganga Basin,CWC,30.43921006,78.45546181,2023-04-30,2023,4,830,2.615,0.41500000000000004,760.7249999999999
Tehri Reservoir,Ganga Basin,CWC,30.43921006,78.45546181,2023-04-03,2023,4,830,2.615,0.4255,761.1875
Tehri Reservoir,Ganga Basin,CWC,30.43921006,78.45546181,2023-04-04,2023,4,830,2.615,0.436,761.65
Tehri Reservoir,Ganga Basin,CWC,30.43921006,78.45546181,2023-04-07,2023,4,830,2.615,0.4465,762.1125
Tehri Reservoir,Ganga Basin,CWC,30.43921006,78.45546181,2023-04-08,2023,4,830,2.615,0.45699999999999996,762.575
Tehri Reservoir,Ganga Basin,CWC,30.43921006,78.45546181,2023-04-12,2023,4,830,2.615,0.46749999999999997,763.0375
Tehri Reservoir,Ganga Basin,CWC,30.43921006,78.45546181,2023-04-20,2023,4,830,2.615,0.478,763.5
Tehri Reservoir,Ganga Basin,CWC,30.43921006,78.45546181,2023-04-23,2023,4,830,2.615,0.5137499999999999,765.0
Tehri Reservoir,Ganga Basin,CWC,30.43921006,78.45546181,2023-04-02,2023,4,830,2.615,0.5495,766.5
Tehri Reservoir,Ganga Basin,CWC,30.43921006,78.45546181,2023-04-05,2023,4,830,2.615,0.58525,768.0
Tehri Reservoir,Ganga Basin,CWC,30.43921006,78.45546181,2023-04-06,2023,4,830,2.615,0.621,769.5
Tehri Reservoir,Ganga Basin,CWC,30.43921006,78.45546181,2023-04-14,2023,4,830,2.615,0.5642222222222222,766.9166666666666
Tehri Reservoir,Ganga Basin,CWC,30.43921006,78.45546181,2023-04-16,2023,4,830,2.615,0.5074444444444445,764.3333333333334
Tehri Reservoir,Ganga Basin,CWC,30.43921006,78.45546181,2023-04-22,2023,4,830,2.615,0.45066666666666666,761.75
Tehri Reservoir,Ganga Basin,CWC,30.43921006,78.45546181,2023-04-26,2023,4,830,2.615,0.39388888888888884,759.1666666666666
Tehri Reservoir,Ganga Basin,CWC,30.43921006,78.45546181,2023-04-28,2023,4,830,2.615,0.3371111111111111,756.5833333333334
Tehri Reservoir,Ganga Basin,CWC,30.43921006,78.45546181,2023-05-06,2023,5,830,2.615,0.2803333333333333,754.0
Tehri Reservoir,Ganga Basin,CWC,30.43921006,78.45546181,2023-05-13,2023,5,830,2.615,0.2235555555555555,751.4166666666666
Tehri Reservoir,Ganga Basin,CWC,30.43921006,78.45546181,2023-05-14,2023,5,830,2.615,0.16677777777777775,748.8333333333334
Tehri Reservoir,Ganga Basin,CWC,30.43921006,78.45546181,2023-05-18,2023,5,830,2.615,0.11,746.25
Tehri Reservoir,Ganga Basin,CWC,30.43921006,78.45546181,2023-05-19,2023,5,830,2.615,0.15662500000000001,748.525
Tehri Reservoir,Ganga Basin,CWC,30.43921006,78.45546181,2023-05-26,2023,5,830,2.615,0.20325,750.8
Tehri Reservoir,Ganga Basin,CWC,30.43921006,78.45546181,2023-05-01,2023,5,830,2.615,0.249875,753.075
Tehri Reservoir,Ganga Basin,CWC,30.43921006,78.45546181,2023-05-04,2023,5,830,2.615,0.2965,755.35
Tehri Reservoir,Ganga Basin,CWC,30.43921006,78.45546181,2023-05-08,2023,5,830,2.615,0.24625,752.95
Tehri Reservoir,Ganga Basin,CWC,30.43921006,78.45546181,2023-05-11,2023,5,830,2.615,0.196,750.55
Tehri Reservoir,Ganga Basin,CWC,30.43921006,78.45546181,2023-05-12,2023,5,830,2.615,0.18583333333333335,750.0374999999999
Tehri Reservoir,Ganga Basin,CWC,30.43921006,78.45546181,2023-05-29,2023,5,830,2.615,0.17566666666666667,749.525
Tehri Reservoir,Ganga Basin,CWC,30.43921006,78.45546181,2023-05-31,2023,5,830,2.615,0.1655,749.0124999999999
Tehri Reservoir,Ganga Basin,CWC,30.43921006,78.45546181,2023-05-02,2023,5,830,2.615,0.15533333333333332,748.5
Tehri Reservoir,Ganga Basin,CWC,30.43921006,78.45546181,2023-05-05,2023,5,830,2.615,0.14516666666666667,747.9875
Tehri Reservoir,Ganga Basin,CWC,30.43921006,78.45546181,2023-05-15,2023,5,830,2.615,0.135,747.4749999999999
Tehri Reservoir,Ganga Basin,CWC,30.43921006,78.45546181,2023-05-17,2023,5,830,2.615,0.12483333333333334,746.9625
Tehri Reservoir,Ganga Basin,CWC,30.43921006,78.45546181,2023-05-20,2023,5,830,2.615,0.11466666666666667,746.4499999999999
Tehri Reservoir,Ganga Basin,CWC,30.43921006,78.45546181,2023-05-21,2023,5,830,2.615,0.1045,745.9375
Tehri Reservoir,Ganga Basin,CWC,30.43921006,78.45546181,2023-05-23,2023,5,830,2.615,0.09433333333333332,745.425
Tehri Reservoir,Ganga Basin,CWC,30.43921006,78.45546181,2023-05-24,2023,5,830,2.615,0.08416666666666667,744.9125
Tehri Reservoir,Ganga Basin,CWC,30.43921006,78.45546181,2023-05-25,2023,5,830,2.615,0.074,744.4
Tehri Reservoir,Ganga Basin,CWC,30.43921006,78.45546181,2023-05-27,2023,5,830,2.615,0.07133333333333333,744.26
Tehri Reservoir,Ganga Basin,CWC,30.43921006,78.45546181,2023-05-30,2023,5,830,2.615,0.06866666666666667,744.12
Tehri Reservoir,Ganga Basin,CWC,30.43921006,78.45546181,2023-05-03,2023,5,830,2.615,0.066,743.98
Tehri Reservoir,Ganga Basin,CWC,30.43921006,78.45546181,2023-05-09,2023,5,830,2.615,0.06333333333333332,743.8399999999999
Tehri Reservoir,Ganga Basin,CWC,30.43921006,78.45546181,2023-05-10,2023,5,830,2.615,0.06066666666666667,743.6999999999999
Tehri Reservoir,Ganga Basin,CWC,30.43921006,78.45546181,2023-05-28,2023,5,830,2.615,0.057999999999999996,743.56
Tehri Reservoir,Ganga Basin,CWC,30.43921006,78.45546181,2023-05-07,2023,5,830,2.615,0.05533333333333333,743.42
Tehri Reservoir,Ganga Basin,CWC,30.43921006,78.45546181,2023-05-16,2023,5,830,2.615,0.05266666666666667,743.28
Tehri Reservoir,Ganga Basin,CWC,30.43921006,78.45546181,2023-05-22,2023,5,830,2.615,0.05,743.14
Tehri Reservoir,Ganga Basin,CWC,30.43921006,78.45546181,2023-06-03,2023,6,830,2.615,0.04733333333333334,743.0
Tehri Reservoir,Ganga Basin,CWC,30.43921006,78.45546181,2023-06-13,2023,6,830,2.615,0.04466666666666667,742.86
Tehri Reservoir,Ganga Basin,CWC,30.43921006,78.45546181,2023-06-26,2023,6,830,2.615,0.042,742.7199999999999
Tehri Reservoir,Ganga Basin,CWC,30.43921006,78.45546181,2023-06-02,2023,6,830,2.615,0.03933333333333334,742.5799999999999
Tehri Reservoir,Ganga Basin,CWC,30.43921006,78.45546181,2023-06-04,2023,6,830,2.615,0.03666666666666667,742.4399999999999
Tehri Reservoir,Ganga Basin,CWC,30.43921006,78.45546181,2023-06-08,2023,6,830,2.615,0.034,742.3
Tehri Reservoir,Ganga Basin,CWC,30.43921006,78.45546181,2023-06-10,2023,6,830,2.615,0.037714285714285714,742.4928571428571
Tehri Reservoir,Ganga Basin,CWC,30.43921006,78.45546181,2023-06-11,2023,6,830,2.615,0.04142857142857143,742.6857142857142
Tehri Reservoir,Ganga Basin,CWC,30.43921006,78.45546181,2023-06-12,2023,6,830,2.615,0.045142857142857144,742.8785714285714
Tehri Reservoir,Ganga Basin,CWC,30.43921006,78.45546181,2023-06-14,2023,6,830,2.615,0.048857142857142856,743.0714285714286
Tehri Reservoir,Ganga Basin,CWC,30.43921006,78.45546181,2023-06-16,2023,6,830,2.615,0.052571428571428575,743.2642857142857
Tehri Reservoir,Ganga Basin,CWC,30.43921006,78.45546181,2023-06-19,2023,6,830,2.615,0.056285714285714286,743.4571428571428
Tehri Reservoir,Ganga Basin,CWC,30.43921006,78.45546181,2023-06-22,2023,6,830,2.615,0.06,743.65
Tehri Reservoir,Ganga Basin,CWC,30.43921006,78.45546181,2023-06-27,2023,6,830,2.615,0.06033333333333333,743.6666666666666
Tehri Reservoir,Ganga Basin,CWC,30.43921006,78.45546181,2023-06-28,2023,6,830,2.615,0.06066666666666667,743.6833333333334
Tehri Reservoir,Ganga Basin,CWC,30.43921006,78.45546181,2023-06-01,2023,6,830,2.615,0.061,743.7
Tehri Reservoir,Ganga Basin,CWC,30.43921006,78.45546181,2023-06-05,2023,6,830,2.615,0.07842857142857143,744.5857142857143
Tehri Reservoir,Ganga Basin,CWC,30.43921006,78.45546181,2023-06-06,2023,6,830,2.615,0.09585714285714286,745.4714285714286
Tehri Reservoir,Ganga Basin,CWC,30.43921006,78.45546181,2023-06-18,2023,6,830,2.615,0.11328571428571428,746.3571428571429
Tehri Reservoir,Ganga Basin,CWC,30.43921006,78.45546181,2023-06-21,2023,6,830,2.615,0.13071428571428573,747.2428571428571
Tehri Reservoir,Ganga Basin,CWC,30.43921006,78.45546181,2023-06-25,2023,6,830,2.615,0.14814285714285713,748.1285714285714
Tehri Reservoir,Ganga Basin,CWC,30.43921006,78.45546181,2023-06-29,2023,6,830,2.615,0.16557142857142856,749.0142857142857
Tehri Reservoir,Ganga Basin,CWC,30.43921006,78.45546181,2023-06-30,2023,6,830,2.615,0.183,749.9
Tehri Reservoir,Ganga Basin,CWC,30.43921006,78.45546181,2023-06-07,2023,6,830,2.615,0.162,748.8285714285714
Tehri Reservoir,Ganga Basin,CWC,30.43921006,78.45546181,2023-06-17,2023,6,830,2.615,0.14100000000000001,747.7571428571429
Tehri Reservoir,Ganga Basin,CWC,30.43921006,78.45546181,2023-06-20,2023,6,830,2.615,0.12,746.6857142857143
Tehri Reservoir,Ganga Basin,CWC,30.43921006,78.45546181,2023-06-23,2023,6,830,2.615,0.099,745.6142857142856
Tehri Reservoir,Ganga Basin,CWC,30.43921006,78.45546181,2023-06-24,2023,6,830,2.615,0.07800000000000001,744.5428571428571
Tehri Reservoir,Ganga Basin,CWC,30.43921006,78.45546181,2023-06-09,2023,6,830,2.615,0.056999999999999995,743.4714285714285
Tehri Reservoir,Ganga Basin,CWC,30.43921006,78.45546181,2023-06-15,2023,6,830,2.615,0.036,742.4
Tehri Reservoir,Ganga Basin,CWC,30.43921006,78.45546181,2023-07-04,2023,7,830,2.615,0.21650000000000003,751.175
Tehri Reservoir,Ganga Basin,CWC,30.43921006,78.45546181,2023-07-06,2023,7,830,2.615,0.397,759.95
Tehri Reservoir,Ganga Basin,CWC,30.43921006,78.45546181,2023-07-10,2023,7,830,2.615,0.4641428571428572,762.6857142857143
Tehri Reservoir,Ganga Basin,CWC,30.43921006,78.45546181,2023-07-14,2023,7,830,2.615,0.5312857142857144,765.4214285714286
Tehri Reservoir,Ganga Basin,CWC,30.43921006,78.45546181,2023-07-17,2023,7,830,2.615,0.5984285714285714,768.1571428571428
Tehri Reservoir,Ganga Basin,CWC,30.43921006,78.45546181,2023-07-19,2023,7,830,2.615,0.6655714285714286,770.8928571428572
Tehri Reservoir,Ganga Basin,CWC,30.43921006,78.45546181,2023-07-25,2023,7,830,2.615,0.7327142857142858,773.6285714285715
Tehri Reservoir,Ganga Basin,CWC,30.43921006,78.45546181,2023-07-03,2023,7,830,2.615,0.7998571428571428,776.3642857142858
Tehri Reservoir,Ganga Basin,CWC,30.43921006,78.45546181,2023-07-13,2023,7,830,2.615,0.867,779.1
Tehri Reservoir,Ganga Basin,CWC,30.43921006,78.45546181,2023-07-21,2023,7,830,2.615,0.8909,779.922
Tehri Reservoir,Ganga Basin,CWC,30.43921006,78.45546181,2023-07-31,2023,7,830,2.615,0.9148,780.744
Tehri Reservoir,Ganga Basin,CWC,30.43921006,78.45546181,2023-07-01,2023,7,830,2.615,0.9387,781.566
Tehri Reservoir,Ganga Basin,CWC,30.43921006,78.45546181,2023-07-05,2023,7,830,2.615,0.9626,782.388
Tehri Reservoir,Ganga Basin,CWC,30.43921006,78.45546181,2023-07-15,2023,7,830,2.615,0.9864999999999999,783.21
Tehri Reservoir,Ganga Basin,CWC,30.43921006,78.45546181,2023-07-16,2023,7,830,2.615,1.0104,784.032
Tehri Reservoir,Ganga Basin,CWC,30.43921006,78.45546181,2023-07-18,2023,7,830,2.615,1.0343,784.854
Tehri Reservoir,Ganga Basin,CWC,30.43921006,78.45546181,2023-07-23,2023,7,830,2.615,1.0582,785.676
Tehri Reservoir,Ganga Basin,CWC,30.43921006,78.45546181,2023-07-24,2023,7,830,2.615,1.0821,786.498
Tehri Reservoir,Ganga Basin,CWC,30.43921006,78.45546181,2023-07-26,2023,7,830,2.615,1.1059999999999999,787.3199999999999
Tehri Reservoir,Ganga Basin,CWC,30.43921006,78.45546181,2023-07-28,2023,7,830,2.615,1.1299,788.1419999999999
Tehri Reservoir,Ganga Basin,CWC,30.43921006,78.45546181,2023-07-29,2023,7,830,2.615,1.1538,788.9639999999999
Tehri Reservoir,Ganga Basin,CWC,30.43921006,78.45546181,2023-07-07,2023,7,830,2.615,1.1777,789.786
Tehri Reservoir,Ganga Basin,CWC,30.43921006,78.45546181,2023-07-08,2023,7,830,2.615,1.2016,790.608
Tehri Reservoir,Ganga Basin,CWC,30.43921006,78.45546181,2023-07-11,2023,7,830,2.615,1.2255,791.43
Tehri Reservoir,Ganga Basin,CWC,30.43921006,78.45546181,2023-07-22,2023,7,830,2.615,1.2494,792.252
Tehri Reservoir,Ganga Basin,CWC,30.43921006,78.45546181,2023-07-02,2023,7,830,2.615,1.2732999999999999,793.074
Tehri Reservoir,Ganga Basin,CWC,30.43921006,78.45546181,2023-07-09,2023,7,830,2.615,1.2972,793.896
Tehri Reservoir,Ganga Basin,CWC,30.43921006,78.45546181,2023-07-12,2023,7,830,2.615,1.3211,794.718
Tehri Reservoir,Ganga Basin,CWC,30.43921006,78.45546181,2023-07-20,2023,7,830,2.615,1.345,795.54
Tehri Reservoir,Ganga Basin,CWC,30.43921006,78.45546181,2023-07-27,2023,7,830,2.615,1.861,810.86
Tehri Reservoir,Ganga Basin,CWC,30.43921006,78.45546181,2023-07-30,2023,7,830,2.615,1.9125,812.2525
Tehri Reservoir,Ganga Basin,CWC,30.43921006,78.45546181,2023-08-05,2023,8,830,2.615,1.964,813.645
Tehri Reservoir,Ganga Basin,CWC,30.43921006,78.45546181,2023-08-07,2023,8,830,2.615,2.0155000000000003,815.0374999999999
Tehri Reservoir,Ganga Basin,CWC,30.43921006,78.45546181,2023-08-10,2023,8,830,2.615,2.067,816.43
Tehri Reservoir,Ganga Basin,CWC,30.43921006,78.45546181,2023-08-19,2023,8,830,2.615,2.088,816.9561538461538
Tehri Reservoir,Ganga Basin,CWC,30.43921006,78.45546181,2023-08-20,2023,8,830,2.615,2.109,817.4823076923077
Tehri Reservoir,Ganga Basin,CWC,30.43921006,78.45546181,2023-08-09,2023,8,830,2.615,2.13,818.0084615384615
Tehri Reservoir,Ganga Basin,CWC,30.43921006,78.45546181,2023-08-11,2023,8,830,2.615,2.1510000000000002,818.5346153846153
Tehri Reservoir,Ganga Basin,CWC,30.43921006,78.45546181,2023-08-12,2023,8,830,2.615,2.172,819.0607692307692
Tehri Reservoir,Ganga Basin,CWC,30.43921006,78.45546181,2023-08-13,2023,8,830,2.615,2.193,819.5869230769231
Tehri Reservoir,Ganga Basin,CWC,30.43921006,78.45546181,2023-08-22,2023,8,830,2.615,2.214,820.1130769230768
Tehri Reservoir,Ganga Basin,CWC,30.43921006,78.45546181,2023-08-28,2023,8,830,2.615,2.235,820.6392307692307
Tehri Reservoir,Ganga Basin,CWC,30.43921006,78.45546181,2023-08-01,2023,8,830,2.615,2.256,821.1653846153846
Tehri Reservoir,Ganga Basin,CWC,30.43921006,78.45546181,2023-08-08,2023,8,830,2.615,2.277,821.6915384615385
Tehri Reservoir,Ganga Basin,CWC,30.43921006,78.45546181,2023-08-21,2023,8,830,2.615,2.298,822.2176923076922
Tehri Reservoir,Ganga Basin,CWC,30.43921006,78.45546181,2023-08-23,2023,8,830,2.615,2.319,822.7438461538461
Tehri Reservoir,Ganga Basin,CWC,30.43921006,78.45546181,2023-08-31,2023,8,830,2.615,2.34,823.27
Tehri Reservoir,Ganga Basin,CWC,30.43921006,78.45546181,2023-08-02,2023,8,830,2.615,2.1704999999999997,818.985
Tehri Reservoir,Ganga Basin,CWC,30.43921006,78.45546181,2023-08-03,2023,8,830,2.615,2.001,814.7
Tehri Reservoir,Ganga Basin,CWC,30.43921006,78.45546181,2023-08-04,2023,8,830,2.615,2.03925,815.6975
Tehri Reservoir,Ganga Basin,CWC,30.43921006,78.45546181,2023-08-14,2023,8,830,2.615,2.0774999999999997,816.695
Tehri Reservoir,Ganga Basin,CWC,30.43921006,78.45546181,2023-08-16,2023,8,830,2.615,2.11575,817.6925000000001
Tehri Reservoir,Ganga Basin,CWC,30.43921006,78.45546181,2023-08-17,2023,8,830,2.615,2.154,818.69
Tehri Reservoir,Ganga Basin,CWC,30.43921006,78.45546181,2023-08-18,2023,8,830,2.615,2.2,819.845
Tehri Reservoir,Ganga Basin,CWC,30.43921006,78.45546181,2023-08-24,2023,8,830,2.615,2.246,821.0
Tehri Reservoir,Ganga Basin,CWC,30.43921006,78.45546181,2023-08-25,2023,8,830,2.615,2.2702142857142857,821.58
Tehri Reservoir,Ganga Basin,CWC,30.43921006,78.45546181,2023-08-26,2023,8,830,2.615,2.2944285714285715,822.16
Tehri Reservoir,Ganga Basin,CWC,30.43921006,78.45546181,2023-08-29,2023,8,830,2.615,2.3186428571428572,822.74
Tehri Reservoir,Ganga Basin,CWC,30.43921006,78.45546181,2023-08-30,2023,8,830,2.615,2.342857142857143,823.32
Tehri Reservoir,Ganga Basin,CWC,30.43921006,78.45546181,2023-08-06,2023,8,830,2.615,2.3670714285714287,823.9
Tehri Reservoir,Ganga Basin,CWC,30.43921006,78.45546181,2023-08-15,2023,8,830,2.615,2.3912857142857145,824.48
Tehri Reservoir,Ganga Basin,CWC,30.43921006,78.45546181,2023-08-27,2023,8,830,2.615,2.4154999999999998,825.06
Tehri Reservoir,Ganga Basin,CWC,30.43921006,78.45546181,2023-09-09,2023,9,830,2.615,2.4397142857142855,825.64
Tehri Reservoir,Ganga Basin,CWC,30.43921006,78.45546181,2023-09-10,2023,9,830,2.615,2.4639285714285712,826.22
Tehri Reservoir,Ganga Basin,CWC,30.43921006,78.45546181,2023-09-13,2023,9,830,2.615,2.488142857142857,826.8
Tehri Reservoir,Ganga Basin,CWC,30.43921006,78.45546181,2023-09-15,2023,9,830,2.615,2.5123571428571427,827.38
Tehri Reservoir,Ganga Basin,CWC,30.43921006,78.45546181,2023-09-19,2023,9,830,2.615,2.5365714285714285,827.96
Tehri Reservoir,Ganga Basin,CWC,30.43921006,78.45546181,2023-09-27,2023,9,830,2.615,2.560785714285714,828.54
Tehri Reservoir,Ganga Basin,CWC,30.43921006,78.45546181,2023-09-29,2023,9,830,2.615,2.585,829.12
Tehri Reservoir,Ganga Basin,CWC,30.43921006,78.45546181,2023-09-02,2023,9,830,2.615,2.5591666666666666,828.5066666666667
Tehri Reservoir,Ganga Basin,CWC,30.43921006,78.45546181,2023-09-04,2023,9,830,2.615,2.533333333333333,827.8933333333333
Tehri Reservoir,Ganga Basin,CWC,30.43921006,78.45546181,2023-09-05,2023,9,830,2.615,2.5075000000000003,827.28
Tehri Reservoir,Ganga Basin,CWC,30.43921006,78.45546181,2023-09-18,2023,9,830,2.615,2.481666666666667,826.6666666666667
Tehri Reservoir,Ganga Basin,CWC,30.43921006,78.45546181,2023-09-03,2023,9,830,2.615,2.4558333333333335,826.0533333333334
Tehri Reservoir,Ganga Basin,CWC,30.43921006,78.45546181,2023-09-06,2023,9,830,2.615,2.43,825.44
Tehri Reservoir,Ganga Basin,CWC,30.43921006,78.45546181,2023-09-07,2023,9,830,2.615,2.448666666666667,825.8966666666666
Tehri Reservoir,Ganga Basin,CWC,30.43921006,78.45546181,2023-09-12,2023,9,830,2.615,2.4673333333333334,826.3533333333334
Tehri Reservoir,Ganga Basin,CWC,30.43921006,78.45546181,2023-09-14,2023,9,830,2.615,2.486,826.81
Tehri Reservoir,Ganga Basin,CWC,30.43921006,78.45546181,2023-09-24,2023,9,830,2.615,2.494857142857143,827.0157142857142
Tehri Reservoir,Ganga Basin,CWC,30.43921006,78.45546181,2023-09-26,2023,9,830,2.615,2.503714285714286,827.2214285714285
Tehri Reservoir,Ganga Basin,CWC,30.43921006,78.45546181,2023-09-28,2023,9,830,2.615,2.512571428571429,827.4271428571428
Tehri Reservoir,Ganga Basin,CWC,30.43921006,78.45546181,2023-09-08,2023,9,830,2.615,2.5214285714285714,827.6328571428571
Tehri Reservoir,Ganga Basin,CWC,30.43921006,78.45546181,2023-09-16,2023,9,830,2.615,2.5302857142857142,827.8385714285714
Tehri Reservoir,Ganga Basin,CWC,30.43921006,78.45546181,2023-09-20,2023,9,830,2.615,2.539142857142857,828.0442857142857
Tehri Reservoir,Ganga Basin,CWC,30.43921006,78.45546181,2023-09-21,2023,9,830,2.615,2.548,828.25
Tehri Reservoir,Ganga Basin,CWC,30.43921006,78.45546181,2023-09-22,2023,9,830,2.615,2.5522222222222224,828.3477777777778
Tehri Reservoir,Ganga Basin,CWC,30.43921006,78.45546181,2023-09-30,2023,9,830,2.615,2.5564444444444443,828.4455555555555
Tehri Reservoir,Ganga Basin,CWC,30.43921006,78.45546181,2023-09-01,2023,9,830,2.615,2.5606666666666666,828.5433333333333
Tehri Reservoir,Ganga Basin,CWC,30.43921006,78.45546181,2023-09-11,2023,9,830,2.615,2.564888888888889,828.6411111111111
Tehri Reservoir,Ganga Basin,CWC,30.43921006,78.45546181,2023-09-17,2023,9,830,2.615,2.569111111111111,828.7388888888889
Tehri Reservoir,Ganga Basin,CWC,30.43921006,78.45546181,2023-09-23,2023,9,830,2.615,2.5733333333333333,828.8366666666667
Tehri Reservoir,Ganga Basin,CWC,30.43921006,78.45546181,2023-09-25,2023,9,830,2.615,2.5775555555555556,828.9344444444445
Tehri Reservoir,Ganga Basin,CWC,30.43921006,78.45546181,2023-10-03,2023,10,830,2.615,2.5817777777777775,829.0322222222222
Tehri Reservoir,Ganga Basin,CWC,30.43921006,78.45546181,2023-10-05,2023,10,830,2.615,2.586,829.13
Tehri Reservoir,Ganga Basin,CWC,30.43921006,78.45546181,2023-10-06,2023,10,830,2.615,2.583272727272727,829.0709090909091
Tehri Reservoir,Ganga Basin,CWC,30.43921006,78.45546181,2023-10-09,2023,10,830,2.615,2.5805454545454545,829.0118181818182
Tehri Reservoir,Ganga Basin,CWC,30.43921006,78.45546181,2023-10-11,2023,10,830,2.615,2.5778181818181816,828.9527272727273
Tehri Reservoir,Ganga Basin,CWC,30.43921006,78.45546181,2023-10-13,2023,10,830,2.615,2.575090909090909,828.8936363636363
Tehri Reservoir,Ganga Basin,CWC,30.43921006,78.45546181,2023-10-01,2023,10,830,2.615,2.572363636363636,828.8345454545455
Tehri Reservoir,Ganga Basin,CWC,30.43921006,78.45546181,2023-10-02,2023,10,830,2.615,2.5696363636363637,828.7754545454545
Tehri Reservoir,Ganga Basin,CWC,30.43921006,78.45546181,2023-10-04,2023,10,830,2.615,2.566909090909091,828.7163636363637
Tehri Reservoir,Ganga Basin,CWC,30.43921006,78.45546181,2023-10-08,2023,10,830,2.615,2.5641818181818183,828.6572727272727
Tehri Reservoir,Ganga Basin,CWC,30.43921006,78.45546181,2023-10-10,2023,10,830,2.615,2.5614545454545454,828.5981818181818
Tehri Reservoir,Ganga Basin,CWC,30.43921006,78.45546181,2023-10-14,2023,10,830,2.615,2.558727272727273,828.5390909090909
Tehri Reservoir,Ganga Basin,CWC,30.43921006,78.45546181,2023-10-19,2023,10,830,2.615,2.556,828.48
Tehri Reservoir,Ganga Basin,CWC,30.43921006,78.45546181,2023-10-30,2023,10,830,2.615,2.567,828.71
Tehri Reservoir,Ganga Basin,CWC,30.43921006,78.45546181,2023-10-31,2023,10,830,2.615,2.578,828.9399999999999
Tehri Reservoir,Ganga Basin,CWC,30.43921006,78.45546181,2023-10-12,2023,10,830,2.615,2.589,829.17
Tehri Reservoir,Ganga Basin,CWC,30.43921006,78.45546181,2023-10-16,2023,10,830,2.615,2.572285714285714,828.7714285714285
Tehri Reservoir,Ganga Basin,CWC,30.43921006,78.45546181,2023-10-17,2023,10,830,2.615,2.5555714285714286,828.3728571428571
Tehri Reservoir,Ganga Basin,CWC,30.43921006,78.45546181,2023-10-18,2023,10,830,2.615,2.5388571428571427,827.9742857142857
Tehri Reservoir,Ganga Basin,CWC,30.43921006,78.45546181,2023-10-07,2023,10,830,2.615,2.5221428571428572,827.5757142857143
Tehri Reservoir,Ganga Basin,CWC,30.43921006,78.45546181,2023-10-15,2023,10,830,2.615,2.5054285714285713,827.1771428571428
Tehri Reservoir,Ganga Basin,CWC,30.43921006,78.45546181,2023-10-29,2023,10,830,2.615,2.488714285714286,826.7785714285714
Tehri Reservoir,Ganga Basin,CWC,30.43921006,78.45546181,2023-10-20,2023,10,830,2.615,2.472,826.38
Tehri Reservoir,Ganga Basin,CWC,30.43921006,78.45546181,2023-11-06,2023,11,830,2.615,2.455285714285714,825.9814285714285
Tehri Reservoir,Ganga Basin,CWC,30.43921006,78.45546181,2023-11-13,2023,11,830,2.615,2.4385714285714286,825.582857142857
Tehri Reservoir,Ganga Basin,CWC,30.43921006,78.45546181,2023-11-14,2023,11,830,2.615,2.4218571428571427,825.1842857142857
Tehri Reservoir,Ganga Basin,CWC,30.43921006,78.45546181,2023-11-17,2023,11,830,2.615,2.4051428571428572,824.7857142857142
Tehri Reservoir,Ganga Basin,CWC,30.43921006,78.45546181,2023-11-26,2023,11,830,2.615,2.3884285714285713,824.3871428571429
Tehri Reservoir,Ganga Basin,CWC,30.43921006,78.45546181,2023-11-19,2023,11,830,2.615,2.371714285714286,823.9885714285714
Tehri Reservoir,Ganga Basin,CWC,30.43921006,78.45546181,2023-11-21,2023,11,830,2.615,2.355,823.5899999999999
Tehri Reservoir,Ganga Basin,CWC,30.43921006,78.45546181,2023-11-24,2023,11,830,2.615,2.338285714285714,823.1914285714286
Tehri Reservoir,Ganga Basin,CWC,30.43921006,78.45546181,2023-11-25,2023,11,830,2.615,2.3215714285714286,822.7928571428571
Tehri Reservoir,Ganga Basin,CWC,30.43921006,78.45546181,2023-11-28,2023,11,830,2.615,2.3048571428571427,822.3942857142856
Tehri Reservoir,Ganga Basin,CWC,30.43921006,78.45546181,2023-11-07,2023,11,830,2.615,2.2881428571428573,821.9957142857143
Tehri Reservoir,Ganga Basin,CWC,30.43921006,78.45546181,2023-11-10,2023,11,830,2.615,2.2714285714285714,821.5971428571428
Tehri Reservoir,Ganga Basin,CWC,30.43921006,78.45546181,2023-11-11,2023,11,830,2.615,2.254714285714286,821.1985714285714
Tehri Reservoir,Ganga Basin,CWC,30.43921006,78.45546181,2023-11-16,2023,11,830,2.615,2.238,820.8
Tehri Reservoir,Ganga Basin,CWC,30.43921006,78.45546181,2023-11-18,2023,11,830,2.615,2.2765,821.7325
Tehri Reservoir,Ganga Basin,CWC,30.43921006,78.45546181,2023-11-22,2023,11,830,2.615,2.315,822.665
Tehri Reservoir,Ganga Basin,CWC,30.43921006,78.45546181,2023-11-01,2023,11,830,2.615,2.3535,823.5975
Tehri Reservoir,Ganga Basin,CWC,30.43921006,78.45546181,2023-11-02,2023,11,830,2.615,2.392,824.53
Tehri Reservoir,Ganga Basin,CWC,30.43921006,78.45546181,2023-11-03,2023,11,830,2.615,2.3762,824.158
Tehri Reservoir,Ganga Basin,CWC,30.43921006,78.45546181,2023-11-04,2023,11,830,2.615,2.3604,823.786
Tehri Reservoir,Ganga Basin,CWC,30.43921006,78.45546181,2023-11-05,2023,11,830,2.615,2.3446000000000002,823.414
Tehri Reservoir,Ganga Basin,CWC,30.43921006,78.45546181,2023-11-08,2023,11,830,2.615,2.3288,823.0419999999999
Tehri Reservoir,Ganga Basin,CWC,30.43921006,78.45546181,2023-11-09,2023,11,830,2.615,2.313,822.67
Tehri Reservoir,Ganga Basin,CWC,30.43921006,78.45546181,2023-11-12,2023,11,830,2.615,2.27525,821.7349999999999
Tehri Reservoir,Ganga Basin,CWC,30.43921006,78.45546181,2023-11-15,2023,11,830,2.615,2.2375,820.8
Tehri Reservoir,Ganga Basin,CWC,30.43921006,78.45546181,2023-11-20,2023,11,830,2.615,2.19975,819.865
Tehri Reservoir,Ganga Basin,CWC,30.43921006,78.45546181,2023-11-23,2023,11,830,2.615,2.162,818.93
Tehri Reservoir,Ganga Basin,CWC,30.43921006,78.45546181,2023-11-27,2023,11,830,2.615,2.1483333333333334,818.49
Tehri Reservoir,Ganga Basin,CWC,30.43921006,78.45546181,2023-11-29,2023,11,830,2.615,2.1346666666666665,818.05
Tehri Reservoir,Ganga Basin,CWC,30.43921006,78.45546181,2023-11-30,2023,11,830,2.615,2.121,817.61
Tehri Reservoir,Ganga Basin,CWC,30.43921006,78.45546181,2023-12-02,2023,12,830,2.615,2.005333333333333,814.65
Tehri Reservoir,Ganga Basin,CWC,30.43921006,78.45546181,2023-12-03,2023,12,830,2.615,1.8896666666666666,811.69
Tehri Reservoir,Ganga Basin,CWC,30.43921006,78.45546181,2023-12-28,2023,12,830,2.615,1.774,808.73
Tehri Reservoir,Ganga Basin,CWC,30.43921006,78.45546181,2023-12-30,2023,12,830,2.615,1.7830833333333334,808.9633333333334
Tehri Reservoir,Ganga Basin,CWC,30.43921006,78.45546181,2023-12-01,2023,12,830,2.615,1.7921666666666667,809.1966666666667
Tehri Reservoir,Ganga Basin,CWC,30.43921006,78.45546181,2023-12-20,2023,12,830,2.615,1.80125,809.4300000000001
Tehri Reservoir,Ganga Basin,CWC,30.43921006,78.45546181,2023-12-25,2023,12,830,2.615,1.8103333333333333,809.6633333333333
Tehri Reservoir,Ganga Basin,CWC,30.43921006,78.45546181,2023-12-26,2023,12,830,2.615,1.8194166666666667,809.8966666666666
Tehri Reservoir,Ganga Basin,CWC,30.43921006,78.45546181,2023-12-06,2023,12,830,2.615,1.8285,810.13
Tehri Reservoir,Ganga Basin,CWC,30.43921006,78.45546181,2023-12-08,2023,12,830,2.615,1.8375833333333333,810.3633333333333
Tehri Reservoir,Ganga Basin,CWC,30.43921006,78.45546181,2023-12-10,2023,12,830,2.615,1.8466666666666667,810.5966666666667
Tehri Reservoir,Ganga Basin,CWC,30.43921006,78.45546181,2023-12-11,2023,12,830,2.615,1.85575,810.8299999999999
Tehri Reservoir,Ganga Basin,CWC,30.43921006,78.45546181,2023-12-12,2023,12,830,2.615,1.8648333333333333,811.0633333333333
Tehri Reservoir,Ganga Basin,CWC,30.43921006,78.45546181,2023-12-18,2023,12,830,2.615,1.8739166666666667,811.2966666666666
Tehri Reservoir,Ganga Basin,CWC,30.43921006,78.45546181,2023-12-21,2023,12,830,2.615,1.883,811.53
Tehri Reservoir,Ganga Basin,CWC,30.43921006,78.45546181,2023-12-24,2023,12,830,2.615,1.8981818181818182,811.9372727272727
Tehri Reservoir,Ganga Basin,CWC,30.43921006,78.45546181,2023-12-31,2023,12,830,2.615,1.9133636363636364,812.3445454545455
Tehri Reservoir,Ganga Basin,CWC,30.43921006,78.45546181,2023-12-05,2023,12,830,2.615,1.9285454545454546,812.7518181818182
Tehri Reservoir,Ganga Basin,CWC,30.43921006,78.45546181,2023-12-13,2023,12,830,2.615,1.9437272727272727,813.1590909090909
Tehri Reservoir,Ganga Basin,CWC,30.43921006,78.45546181,2023-12-15,2023,12,830,2.615,1.9589090909090907,813.5663636363636
Tehri Reservoir,Ganga Basin,CWC,30.43921006,78.45546181,2023-12-16,2023,12,830,2.615,1.974090909090909,813.9736363636364
Tehri Reservoir,Ganga Basin,CWC,30.43921006,78.45546181,2023-12-23,2023,12,830,2.615,1.989272727272727,814.3809090909091
Tehri Reservoir,Ganga Basin,CWC,30.43921006,78.45546181,2023-12-27,2023,12,830,2.615,2.0044545454545455,814.7881818181818
Tehri Reservoir,Ganga Basin,CWC,30.43921006,78.45546181,2023-12-29,2023,12,830,2.615,2.0196363636363635,815.1954545454545
Tehri Reservoir,Ganga Basin,CWC,30.43921006,78.45546181,2023-12-04,2023,12,830,2.615,2.0348181818181814,815.6027272727273
Tehri Reservoir,Ganga Basin,CWC,30.43921006,78.45546181,2023-12-07,2023,12,830,2.615,2.05,816.01
Tehri Reservoir,Ganga Basin,CWC,30.43921006,78.45546181,2023-12-09,2023,12,830,2.615,2.0105,814.96
Tehri Reservoir,Ganga Basin,CWC,30.43921006,78.45546181,2023-12-14,2023,12,830,2.615,1.971,813.91
Tehri Reservoir,Ganga Basin,CWC,30.43921006,78.45546181,2023-12-17,2023,12,830,2.615,1.9175714285714287,812.3985714285714
Tehri Reservoir,Ganga Basin,CWC,30.43921006,78.45546181,2023-12-19,2023,12,830,2.615,1.864142857142857,810.8871428571429
Tehri Reservoir,Ganga Basin,CWC,30.43921006,78.45546181,2023-12-22,2023,12,830,2.615,1.8107142857142857,809.3757142857143
Tehri Reservoir,Ganga Basin,CWC,30.43921006,78.45546181,2024-01-01,2024,1,830,2.615,1.7572857142857143,807.8642857142858
Tehri Reservoir,Ganga Basin,CWC,30.43921006,78.45546181,2024-01-03,2024,1,830,2.615,1.7038571428571427,806.3528571428571
Tehri Reservoir,Ganga Basin,CWC,30.43921006,78.45546181,2024-01-09,2024,1,830,2.615,1.6504285714285714,804.8414285714287
Tehri Reservoir,Ganga Basin,CWC,30.43921006,78.45546181,2024-01-11,2024,1,830,2.615,1.597,803.33
Tehri Reservoir,Ganga Basin,CWC,30.43921006,78.45546181,2024-01-17,2024,1,830,2.615,1.5786,802.774
Tehri Reservoir,Ganga Basin,CWC,30.43921006,78.45546181,2024-01-31,2024,1,830,2.615,1.5602,802.218
Tehri Reservoir,Ganga Basin,CWC,30.43921006,78.45546181,2024-01-13,2024,1,830,2.615,1.5417999999999998,801.662
Tehri Reservoir,Ganga Basin,CWC,30.43921006,78.45546181,2024-01-14,2024,1,830,2.615,1.5233999999999999,801.106
Tehri Reservoir,Ganga Basin,CWC,30.43921006,78.45546181,2024-01-18,2024,1,830,2.615,1.505,800.55
Tehri Reservoir,Ganga Basin,CWC,30.43921006,78.45546181,2024-01-02,2024,1,830,2.615,1.5211818181818182,801.0354545454545
Tehri Reservoir,Ganga Basin,CWC,30.43921006,78.45546181,2024-01-06,2024,1,830,2.615,1.5373636363636363,801.5209090909091
Tehri Reservoir,Ganga Basin,CWC,30.43921006,78.45546181,2024-01-08,2024,1,830,2.615,1.5535454545454546,802.0063636363636
Tehri Reservoir,Ganga Basin,CWC,30.43921006,78.45546181,2024-01-15,2024,1,830,2.615,1.5697272727272726,802.4918181818182
Tehri Reservoir,Ganga Basin,CWC,30.43921006,78.45546181,2024-01-16,2024,1,830,2.615,1.585909090909091,802.9772727272727
Tehri Reservoir,Ganga Basin,CWC,30.43921006,78.45546181,2024-01-19,2024,1,830,2.615,1.602090909090909,803.4627272727272
Tehri Reservoir,Ganga Basin,CWC,30.43921006,78.45546181,2024-01-24,2024,1,830,2.615,1.6182727272727273,803.9481818181818
Tehri Reservoir,Ganga Basin,CWC,30.43921006,78.45546181,2024-01-28,2024,1,830,2.615,1.6344545454545454,804.4336363636363
Tehri Reservoir,Ganga Basin,CWC,30.43921006,78.45546181,2024-01-29,2024,1,830,2.615,1.6506363636363637,804.9190909090909
Tehri Reservoir,Ganga Basin,CWC,30.43921006,78.45546181,2024-01-30,2024,1,830,2.615,1.666818181818182,805.4045454545454
Tehri Reservoir,Ganga Basin,CWC,30.43921006,78.45546181,2024-01-04,2024,1,830,2.615,1.683,805.89
Tehri Reservoir,Ganga Basin,CWC,30.43921006,78.45546181,2024-01-05,2024,1,830,2.615,1.6353333333333333,804.4433333333334
Tehri Reservoir,Ganga Basin,CWC,30.43921006,78.45546181,2024-01-07,2024,1,830,2.615,1.5876666666666668,802.9966666666667
Tehri Reservoir,Ganga Basin,CWC,30.43921006,78.45546181,2024-01-21,2024,1,830,2.615,1.54,801.55
Tehri Reservoir,Ganga Basin,CWC,30.43921006,78.45546181,2024-01-22,2024,1,830,2.615,1.4923333333333333,800.1033333333334
Tehri Reservoir,Ganga Basin,CWC,30.43921006,78.45546181,2024-01-23,2024,1,830,2.615,1.4446666666666668,798.6566666666668
Tehri Reservoir,Ganga Basin,CWC,30.43921006,78.45546181,2024-01-25,2024,1,830,2.615,1.397,797.21
Tehri Reservoir,Ganga Basin,CWC,30.43921006,78.45546181,2024-01-26,2024,1,830,2.615,1.3819473684210526,796.7131578947369
Tehri Reservoir,Ganga Basin,CWC,30.43921006,78.45546181,2024-01-10,2024,1,830,2.615,1.3668947368421054,796.2163157894737
Tehri Reservoir,Ganga Basin,CWC,30.43921006,78.45546181,2024-01-12,2024,1,830,2.615,1.351842105263158,795.7194736842106
Tehri Reservoir,Ganga Basin,CWC,30.43921006,78.45546181,2024-01-20,2024,1,830,2.615,1.3367894736842105,795.2226315789474
Tehri Reservoir,Ganga Basin,CWC,30.43921006,78.45546181,2024-01-27,2024,1,830,2.615,1.321736842105263,794.7257894736842
Tehri Reservoir,Ganga Basin,CWC,30.43921006,78.45546181,2024-02-09,2024,2,830,2.615,1.306684210526316,794.228947368421
Tehri Reservoir,Ganga Basin,CWC,30.43921006,78.45546181,2024-02-12,2024,2,830,2.615,1.2916315789473685,793.7321052631579
Tehri Reservoir,Ganga Basin,CWC,30.43921006,78.45546181,2024-02-14,2024,2,830,2.615,1.276578947368421,793.2352631578948
Tehri Reservoir,Ganga Basin,CWC,30.43921006,78.45546181,2024-02-16,2024,2,830,2.615,1.2615263157894736,792.7384210526316
Tehri Reservoir,Ganga Basin,CWC,30.43921006,78.45546181,2024-02-17,2024,2,830,2.615,1.2464736842105264,792.2415789473685
Tehri Reservoir,Ganga Basin,CWC,30.43921006,78.45546181,2024-02-18,2024,2,830,2.615,1.231421052631579,791.7447368421052
Tehri Reservoir,Ganga Basin,CWC,30.43921006,78.45546181,2024-02-19,2024,2,830,2.615,1.2163684210526315,791.2478947368421
Tehri Reservoir,Ganga Basin,CWC,30.43921006,78.45546181,2024-02-24,2024,2,830,2.615,1.2013157894736843,790.751052631579
Tehri Reservoir,Ganga Basin,CWC,30.43921006,78.45546181,2024-02-28,2024,2,830,2.615,1.186263157894737,790.2542105263158
Tehri Reservoir,Ganga Basin,CWC,30.43921006,78.45546181,2024-02-04,2024,2,830,2.615,1.1712105263157895,789.7573684210527
Tehri Reservoir,Ganga Basin,CWC,30.43921006,78.45546181,2024-02-07,2024,2,830,2.615,1.156157894736842,789.2605263157894
Tehri Reservoir,Ganga Basin,CWC,30.43921006,78.45546181,2024-02-10,2024,2,830,2.615,1.1411052631578946,788.7636842105263
Tehri Reservoir,Ganga Basin,CWC,30.43921006,78.45546181,2024-02-13,2024,2,830,2.615,1.1260526315789474,788.2668421052631
Tehri Reservoir,Ganga Basin,CWC,30.43921006,78.45546181,2024-02-15,2024,2,830,2.615,1.111,787.77
Tehri Reservoir,Ganga Basin,CWC,30.43921006,78.45546181,2024-02-26,2024,2,830,2.615,1.03,784.425
Tehri Reservoir,Ganga Basin,CWC,30.43921006,78.45546181,2024-02-29,2024,2,830,2.615,0.949,781.08
Tehri Reservoir,Ganga Basin,CWC,30.43921006,78.45546181,2024-02-02,2024,2,830,2.615,0.9991428571428571,782.9314285714286
Tehri Reservoir,Ganga Basin,CWC,30.43921006,78.45546181,2024-02-05,2024,2,830,2.615,1.0492857142857144,784.7828571428572
Tehri Reservoir,Ganga Basin,CWC,30.43921006,78.45546181,2024-02-11,2024,2,830,2.615,1.0994285714285714,786.6342857142857
Tehri Reservoir,Ganga Basin,CWC,30.43921006,78.45546181,2024-02-21,2024,2,830,2.615,1.1495714285714285,788.4857142857143
Tehri Reservoir,Ganga Basin,CWC,30.43921006,78.45546181,2024-02-23,2024,2,830,2.615,1.1997142857142857,790.3371428571428
Tehri Reservoir,Ganga Basin,CWC,30.43921006,78.45546181,2024-02-27,2024,2,830,2.615,1.249857142857143,792.1885714285714
Tehri Reservoir,Ganga Basin,CWC,30.43921006,78.45546181,2024-02-01,2024,2,830,2.615,1.3,794.04
Tehri Reservoir,Ganga Basin,CWC,30.43921006,78.45546181,2024-02-03,2024,2,830,2.615,1.2683333333333333,793.0266666666666
Tehri Reservoir,Ganga Basin,CWC,30.43921006,78.45546181,2024-02-06,2024,2,830,2.615,1.2366666666666668,792.0133333333333
Tehri Reservoir,Ganga Basin,CWC,30.43921006,78.45546181,2024-02-08,2024,2,830,2.615,1.205,791.0
Tehri Reservoir,Ganga Basin,CWC,30.43921006,78.45546181,2024-02-20,2024,2,830,2.615,1.1255000000000002,787.77
Tehri Reservoir,Ganga Basin,CWC,30.43921006,78.45546181,2024-02-22,2024,2,830,2.615,1.046,784.54
Tehri Reservoir,Ganga Basin,CWC,30.43921006,78.45546181,2024-02-25,2024,2,830,2.615,1.0054,783.2679999999999
Tehri Reservoir,Ganga Basin,CWC,30.43921006,78.45546181,2024-03-11,2024,3,830,2.615,0.9648,781.996
Tehri Reservoir,Ganga Basin,CWC,30.43921006,78.45546181,2024-03-17,2024,3,830,2.615,0.9242,780.7239999999999
Tehri Reservoir,Ganga Basin,CWC,30.43921006,78.45546181,2024-03-30,2024,3,830,2.615,0.8835999999999999,779.452
Tehri Reservoir,Ganga Basin,CWC,30.43921006,78.45546181,2024-03-07,2024,3,830,2.615,0.843,778.18
Tehri Reservoir,Ganga Basin,CWC,30.43921006,78.45546181,2024-03-09,2024,3,830,2.615,0.8237142857142857,777.4135714285713
Tehri Reservoir,Ganga Basin,CWC,30.43921006,78.45546181,2024-03-12,2024,3,830,2.615,0.8044285714285714,776.6471428571429
Tehri Reservoir,Ganga Basin,CWC,30.43921006,78.45546181,2024-03-18,2024,3,830,2.615,0.7851428571428571,775.8807142857142
Tehri Reservoir,Ganga Basin,CWC,30.43921006,78.45546181,2024-03-19,2024,3,830,2.615,0.7658571428571428,775.1142857142856
Tehri Reservoir,Ganga Basin,CWC,30.43921006,78.45546181,2024-03-23,2024,3,830,2.615,0.7465714285714286,774.3478571428572
Tehri Reservoir,Ganga Basin,CWC,30.43921006,78.45546181,2024-03-29,2024,3,830,2.615,0.7272857142857142,773.5814285714285
Tehri Reservoir,Ganga Basin,CWC,30.43921006,78.45546181,2024-03-01,2024,3,830,2.615,0.708,772.815
Tehri Reservoir,Ganga Basin,CWC,30.43921006,78.45546181,2024-03-02,2024,3,830,2.615,0.6887142857142856,772.0485714285714
Tehri Reservoir,Ganga Basin,CWC,30.43921006,78.45546181,2024-03-04,2024,3,830,2.615,0.6694285714285714,771.2821428571428
Tehri Reservoir,Ganga Basin,CWC,30.43921006,78.45546181,2024-03-05,2024,3,830,2.615,0.6501428571428571,770.5157142857144
Tehri Reservoir,Ganga Basin,CWC,30.43921006,78.45546181,2024-03-10,2024,3,830,2.615,0.6308571428571428,769.7492857142857
Tehri Reservoir,Ganga Basin,CWC,30.43921006,78.45546181,2024-03-13,2024,3,830,2.615,0.6115714285714285,768.9828571428571
Tehri Reservoir,Ganga Basin,CWC,30.43921006,78.45546181,2024-03-16,2024,3,830,2.615,0.5922857142857143,768.2164285714287
Tehri Reservoir,Ganga Basin,CWC,30.43921006,78.45546181,2024-03-28,2024,3,830,2.615,0.573,767.45
Tehri Reservoir,Ganga Basin,CWC,30.43921006,78.45546181,2024-03-03,2024,3,830,2.615,0.6376666666666666,770.0733333333334
Tehri Reservoir,Ganga Basin,CWC,30.43921006,78.45546181,2024-03-08,2024,3,830,2.615,0.7023333333333334,772.6966666666667
Tehri Reservoir,Ganga Basin,CWC,30.43921006,78.45546181,2024-03-14,2024,3,830,2.615,0.767,775.32
Tehri Reservoir,Ganga Basin,CWC,30.43921006,78.45546181,2024-03-20,2024,3,830,2.615,0.724,773.595
Tehri Reservoir,Ganga Basin,CWC,30.43921006,78.45546181,2024-03-21,2024,3,830,2.615,0.681,771.87
Tehri Reservoir,Ganga Basin,CWC,30.43921006,78.45546181,2024-03-26,2024,3,830,2.615,0.6604545454545455,771.0163636363636
Tehri Reservoir,Ganga Basin,CWC,30.43921006,78.45546181,2024-03-27,2024,3,830,2.615,0.639909090909091,770.1627272727272
Tehri Reservoir,Ganga Basin,CWC,30.43921006,78.45546181,2024-03-06,2024,3,830,2.615,0.6193636363636364,769.309090909091
Tehri Reservoir,Ganga Basin,CWC,30.43921006,78.45546181,2024-03-15,2024,3,830,2.615,0.5988181818181819,768.4554545454546
Tehri Reservoir,Ganga Basin,CWC,30.43921006,78.45546181,2024-03-22,2024,3,830,2.615,0.5782727272727273,767.6018181818182
Tehri Reservoir,Ganga Basin,CWC,30.43921006,78.45546181,2024-03-24,2024,3,830,2.615,0.5577272727272727,766.7481818181818
Tehri Reservoir,Ganga Basin,CWC,30.43921006,78.45546181,2024-03-25,2024,3,830,2.615,0.5371818181818182,765.8945454545454
Tehri Reservoir,Ganga Basin,CWC,30.43921006,78.45546181,2024-03-31,2024,3,830,2.615,0.5166363636363637,765.040909090909
Tehri Reservoir,Ganga Basin,CWC,30.43921006,78.45546181,2024-04-01,2024,4,830,2.615,0.49609090909090914,764.1872727272728
Tehri Reservoir,Ganga Basin,CWC,30.43921006,78.45546181,2024-04-06,2024,4,830,2.615,0.4755454545454546,763.3336363636364
Tehri Reservoir,Ganga Basin,CWC,30.43921006,78.45546181,2024-04-04,2024,4,830,2.615,0.455,762.48
Tehri Reservoir,Ganga Basin,CWC,30.43921006,78.45546181,2024-04-05,2024,4,830,2.615,0.4425,761.9200000000001
Tehri Reservoir,Ganga Basin,CWC,30.43921006,78.45546181,2024-04-13,2024,4,830,2.615,0.43,761.36
Tehri Reservoir,Ganga Basin,CWC,30.43921006,78.45546181,2024-04-17,2024,4,830,2.615,0.4175,760.8
Tehri Reservoir,Ganga Basin,CWC,30.43921006,78.45546181,2024-04-20,2024,4,830,2.615,0.405,760.24
Tehri Reservoir,Ganga Basin,CWC,30.43921006,78.45546181,2024-04-23,2024,4,830,2.615,0.3925,759.6800000000001
Tehri Reservoir,Ganga Basin,CWC,30.43921006,78.45546181,2024-04-02,2024,4,830,2.615,0.38,759.12
Tehri Reservoir,Ganga Basin,CWC,30.43921006,78.45546181,2024-04-08,2024,4,830,2.615,0.3675,758.56
Tehri Reservoir,Ganga Basin,CWC,30.43921006,78.45546181,2024-04-09,2024,4,830,2.615,0.355,758.0
Tehri Reservoir,Ganga Basin,CWC,30.43921006,78.45546181,2024-04-10,2024,4,830,2.615,0.3425,757.44
Tehri Reservoir,Ganga Basin,CWC,30.43921006,78.45546181,2024-04-12,2024,4,830,2.615,0.33,756.88
Tehri Reservoir,Ganga Basin,CWC,30.43921006,78.45546181,2024-04-15,2024,4,830,2.615,0.26866666666666666,753.9399999999999
Tehri Reservoir,Ganga Basin,CWC,30.43921006,78.45546181,2024-04-24,2024,4,830,2.615,0.20733333333333331,751.0
Tehri Reservoir,Ganga Basin,CWC,30.43921006,78.45546181,2024-04-25,2024,4,830,2.615,0.146,748.06
Tehri Reservoir,Ganga Basin,CWC,30.43921006,78.45546181,2024-04-26,2024,4,830,2.615,0.15391666666666665,748.4433333333333
Tehri Reservoir,Ganga Basin,CWC,30.43921006,78.45546181,2024-04-27,2024,4,830,2.615,0.16183333333333333,748.8266666666666
Tehri Reservoir,Ganga Basin,CWC,30.43921006,78.45546181,2024-04-28,2024,4,830,2.615,0.16974999999999998,749.2099999999999
Tehri Reservoir,Ganga Basin,CWC,30.43921006,78.45546181,2024-04-03,2024,4,830,2.615,0.17766666666666667,749.5933333333332
Tehri Reservoir,Ganga Basin,CWC,30.43921006,78.45546181,2024-04-07,2024,4,830,2.615,0.18558333333333332,749.9766666666666
Tehri Reservoir,Ganga Basin,CWC,30.43921006,78.45546181,2024-04-11,2024,4,830,2.615,0.1935,750.3599999999999
Tehri Reservoir,Ganga Basin,CWC,30.43921006,78.45546181,2024-04-14,2024,4,830,2.615,0.20141666666666666,750.7433333333333
Tehri Reservoir,Ganga Basin,CWC,30.43921006,78.45546181,2024-04-19,2024,4,830,2.615,0.20933333333333332,751.1266666666667
Tehri Reservoir,Ganga Basin,CWC,30.43921006,78.45546181,2024-04-22,2024,4,830,2.615,0.21725,751.51
Tehri Reservoir,Ganga Basin,CWC,30.43921006,78.45546181,2024-04-30,2024,4,830,2.615,0.22516666666666668,751.8933333333333
Tehri Reservoir,Ganga Basin,CWC,30.43921006,78.45546181,2024-04-16,2024,4,830,2.615,0.23308333333333334,752.2766666666666
Tehri Reservoir,Ganga Basin,CWC,30.43921006,78.45546181,2024-04-18,2024,4,830,2.615,0.241,752.66
Tehri Reservoir,Ganga Basin,CWC,30.43921006,78.45546181,2024-04-21,2024,4,830,2.615,0.21525,751.395
Tehri Reservoir,Ganga Basin,CWC,30.43921006,78.45546181,2024-04-29,2024,4,830,2.615,0.1895,750.13
Tehri Reservoir,Ganga Basin,CWC,30.43921006,78.45546181,2024-05-29,2024,5,830,2.615,0.16375,748.865
Tehri Reservoir,Ganga Basin,CWC,30.43921006,78.45546181,2024-05-30,2024,5,830,2.615,0.138,747.6
Tehri Reservoir,Ganga Basin,CWC,30.43921006,78.45546181,2024-05-04,2024,5,830,2.615,0.1285,747.13
Tehri Reservoir,Ganga Basin,CWC,30.43921006,78.45546181,2024-05-08,2024,5,830,2.615,0.11900000000000001,746.6600000000001
Tehri Reservoir,Ganga Basin,CWC,30.43921006,78.45546181,2024-05-10,2024,5,830,2.615,0.10950000000000001,746.19
Tehri Reservoir,Ganga Basin,CWC,30.43921006,78.45546181,2024-05-12,2024,5,830,2.615,0.1,745.72
Tehri Reservoir,Ganga Basin,CWC,30.43921006,78.45546181,2024-05-17,2024,5,830,2.615,0.0905,745.25
Tehri Reservoir,Ganga Basin,CWC,30.43921006,78.45546181,2024-05-19,2024,5,830,2.615,0.081,744.78
Tehri Reservoir,Ganga Basin,CWC,30.43921006,78.45546181,2024-05-23,2024,5,830,2.615,0.07150000000000001,744.3100000000001
Tehri Reservoir,Ganga Basin,CWC,30.43921006,78.45546181,2024-05-02,2024,5,830,2.615,0.062,743.84
Tehri Reservoir,Ganga Basin,CWC,30.43921006,78.45546181,2024-05-25,2024,5,830,2.615,0.06166666666666667,743.8141666666667
Tehri Reservoir,Ganga Basin,CWC,30.43921006,78.45546181,2024-05-28,2024,5,830,2.615,0.06133333333333334,743.7883333333334
Tehri Reservoir,Ganga Basin,CWC,30.43921006,78.45546181,2024-05-31,2024,5,830,2.615,0.061,743.7625
Tehri Reservoir,Ganga Basin,CWC,30.43921006,78.45546181,2024-05-06,2024,5,830,2.615,0.06066666666666667,743.7366666666667
Tehri Reservoir,Ganga Basin,CWC,30.43921006,78.45546181,2024-05-11,2024,5,830,2.615,0.060333333333333336,743.7108333333333
Tehri Reservoir,Ganga Basin,CWC,30.43921006,78.45546181,2024-05-18,2024,5,830,2.615,0.06,743.685
Tehri Reservoir,Ganga Basin,CWC,30.43921006,78.45546181,2024-05-22,2024,5,830,2.615,0.059666666666666666,743.6591666666667
Tehri Reservoir,Ganga Basin,CWC,30.43921006,78.45546181,2024-05-26,2024,5,830,2.615,0.059333333333333335,743.6333333333333
Tehri Reservoir,Ganga Basin,CWC,30.43921006,78.45546181,2024-05-27,2024,5,830,2.615,0.059000000000000004,743.6075
Tehri Reservoir,Ganga Basin,CWC,30.43921006,78.45546181,2024-05-01,2024,5,830,2.615,0.05866666666666667,743.5816666666667
Tehri Reservoir,Ganga Basin,CWC,30.43921006,78.45546181,2024-05-03,2024,5,830,2.615,0.058333333333333334,743.5558333333333
Tehri Reservoir,Ganga Basin,CWC,30.43921006,78.45546181,2024-05-09,2024,5,830,2.615,0.058,743.53
Tehri Reservoir,Ganga Basin,CWC,30.43921006,78.45546181,2024-05-13,2024,5,830,2.615,0.051000000000000004,743.2
Tehri Reservoir,Ganga Basin,CWC,30.43921006,78.45546181,2024-05-16,2024,5,830,2.615,0.044,742.87
Tehri Reservoir,Ganga Basin,CWC,30.43921006,78.45546181,2024-05-20,2024,5,830,2.615,0.04642857142857142,742.9957142857143
Tehri Reservoir,Ganga Basin,CWC,30.43921006,78.45546181,2024-05-21,2024,5,830,2.615,0.048857142857142856,743.1214285714286
Tehri Reservoir,Ganga Basin,CWC,30.43921006,78.45546181,2024-05-05,2024,5,830,2.615,0.05128571428571428,743.2471428571429
Tehri Reservoir,Ganga Basin,CWC,30.43921006,78.45546181,2024-05-07,2024,5,830,2.615,0.053714285714285714,743.3728571428571
Tehri Reservoir,Ganga Basin,CWC,30.43921006,78.45546181,2024-05-14,2024,5,830,2.615,0.05614285714285714,743.4985714285714
Tehri Reservoir,Ganga Basin,CWC,30.43921006,78.45546181,2024-05-15,2024,5,830,2.615,0.058571428571428566,743.6242857142857
Tehri Reservoir,Ganga Basin,CWC,30.43921006,78.45546181,2024-05-24,2024,5,830,2.615,0.061,743.75
Tehri Reservoir,Ganga Basin,CWC,30.43921006,78.45546181,2024-06-02,2024,6,830,2.615,0.1126,746.328
Tehri Reservoir,Ganga Basin,CWC,30.43921006,78.45546181,2024-06-03,2024,6,830,2.615,0.1642,748.906
Tehri Reservoir,Ganga Basin,CWC,30.43921006,78.45546181,2024-06-07,2024,6,830,2.615,0.2158,751.484
Tehri Reservoir,Ganga Basin,CWC,30.43921006,78.45546181,2024-06-10,2024,6,830,2.615,0.26739999999999997,754.062
Tehri Reservoir,Ganga Basin,CWC,30.43921006,78.45546181,2024-06-13,2024,6,830,2.615,0.319,756.64
Tehri Reservoir,Ganga Basin,CWC,30.43921006,78.45546181,2024-06-19,2024,6,830,2.615,0.27375,754.38
Tehri Reservoir,Ganga Basin,CWC,30.43921006,78.45546181,2024-06-21,2024,6,830,2.615,0.2285,752.12
Tehri Reservoir,Ganga Basin,CWC,30.43921006,78.45546181,2024-06-28,2024,6,830,2.615,0.18325000000000002,749.86
Tehri Reservoir,Ganga Basin,CWC,30.43921006,78.45546181,2024-06-01,2024,6,830,2.615,0.138,747.6
Tehri Reservoir,Ganga Basin,CWC,30.43921006,78.45546181,2024-06-11,2024,6,830,2.615,0.223,751.5725
Tehri Reservoir,Ganga Basin,CWC,30.43921006,78.45546181,2024-06-12,2024,6,830,2.615,0.308,755.5450000000001
Tehri Reservoir,Ganga Basin,CWC,30.43921006,78.45546181,2024-06-17,2024,6,830,2.615,0.393,759.5175
Tehri Reservoir,Ganga Basin,CWC,30.43921006,78.45546181,2024-06-20,2024,6,830,2.615,0.478,763.49
Tehri Reservoir,Ganga Basin,CWC,30.43921006,78.45546181,2024-06-08,2024,6,830,2.615,0.4875333333333333,763.89
Tehri Reservoir,Ganga Basin,CWC,30.43921006,78.45546181,2024-06-09,2024,6,830,2.615,0.49706666666666666,764.29
Tehri Reservoir,Ganga Basin,CWC,30.43921006,78.45546181,2024-06-15,2024,6,830,2.615,0.5065999999999999,764.69
Tehri Reservoir,Ganga Basin,CWC,30.43921006,78.45546181,2024-06-18,2024,6,830,2.615,0.5161333333333333,765.09
Tehri Reservoir,Ganga Basin,CWC,30.43921006,78.45546181,2024-06-22,2024,6,830,2.615,0.5256666666666666,765.49
Tehri Reservoir,Ganga Basin,CWC,30.43921006,78.45546181,2024-06-23,2024,6,830,2.615,0.5352,765.89
Tehri Reservoir,Ganga Basin,CWC,30.43921006,78.45546181,2024-06-25,2024,6,830,2.615,0.5447333333333333,766.29
Tehri Reservoir,Ganga Basin,CWC,30.43921006,78.45546181,2024-06-29,2024,6,830,2.615,0.5542666666666667,766.69
Tehri Reservoir,Ganga Basin,CWC,30.43921006,78.45546181,2024-06-30,2024,6,830,2.615,0.5638,767.09
Tehri Reservoir,Ganga Basin,CWC,30.43921006,78.45546181,2024-06-04,2024,6,830,2.615,0.5733333333333334,767.49
Tehri Reservoir,Ganga Basin,CWC,30.43921006,78.45546181,2024-06-05,2024,6,830,2.615,0.5828666666666666,767.89
Tehri Reservoir,Ganga Basin,CWC,30.43921006,78.45546181,2024-06-14,2024,6,830,2.615,0.5924,768.29
Tehri Reservoir,Ganga Basin,CWC,30.43921006,78.45546181,2024-06-16,2024,6,830,2.615,0.6019333333333333,768.69
Tehri Reservoir,Ganga Basin,CWC,30.43921006,78.45546181,2024-06-26,2024,6,830,2.615,0.6114666666666666,769.09
Tehri Reservoir,Ganga Basin,CWC,30.43921006,78.45546181,2024-06-27,2024,6,830,2.615,0.621,769.49
Tehri Reservoir,Ganga Basin,CWC,30.43921006,78.45546181,2024-06-06,2024,6,830,2.615,0.214,751.4
Tehri Reservoir,Ganga Basin,CWC,30.43921006,78.45546181,2024-06-24,2024,6,830,2.615,0.3393333333333333,756.6133333333333
Tehri Reservoir,Ganga Basin,CWC,30.43921006,78.45546181,2024-07-03,2024,7,830,2.615,0.4646666666666667,761.8266666666666
Tehri Reservoir,Ganga Basin,CWC,30.43921006,78.45546181,2024-07-12,2024,7,830,2.615,0.59,767.04
Tehri Reservoir,Ganga Basin,CWC,30.43921006,78.45546181,2024-07-15,2024,7,830,2.615,0.7153333333333333,772.2533333333333
Tehri Reservoir,Ganga Basin,CWC,30.43921006,78.45546181,2024-07-17,2024,7,830,2.615,0.8406666666666666,777.4666666666666
Tehri Reservoir,Ganga Basin,CWC,30.43921006,78.45546181,2024-07-18,2024,7,830,2.615,0.966,782.68
Tehri Reservoir,Ganga Basin,CWC,30.43921006,78.45546181,2024-07-22,2024,7,830,2.615,0.9523333333333333,782.1833333333333
Tehri Reservoir,Ganga Basin,CWC,30.43921006,78.45546181,2024-07-23,2024,7,830,2.615,0.9386666666666666,781.6866666666666
Tehri Reservoir,Ganga Basin,CWC,30.43921006,78.45546181,2024-07-24,2024,7,830,2.615,0.925,781.19
Tehri Reservoir,Ganga Basin,CWC,30.43921006,78.45546181,2024-07-28,2024,7,830,2.615,0.9113333333333333,780.6933333333334
Tehri Reservoir,Ganga Basin,CWC,30.43921006,78.45546181,2024-07-02,2024,7,830,2.615,0.8976666666666666,780.1966666666667
Tehri Reservoir,Ganga Basin,CWC,30.43921006,78.45546181,2024-07-04,2024,7,830,2.615,0.884,779.7
Tehri Reservoir,Ganga Basin,CWC,30.43921006,78.45546181,2024-07-05,2024,7,830,2.615,0.9443333333333334,781.87
Tehri Reservoir,Ganga Basin,CWC,30.43921006,78.45546181,2024-07-06,2024,7,830,2.615,1.0046666666666666,784.0400000000001
Tehri Reservoir,Ganga Basin,CWC,30.43921006,78.45546181,2024-07-11,2024,7,830,2.615,1.065,786.21
Tehri Reservoir,Ganga Basin,CWC,30.43921006,78.45546181,2024-07-14,2024,7,830,2.615,1.062,786.1069230769231
Tehri Reservoir,Ganga Basin,CWC,30.43921006,78.45546181,2024-07-27,2024,7,830,2.615,1.059,786.0038461538462
Tehri Reservoir,Ganga Basin,CWC,30.43921006,78.45546181,2024-07-01,2024,7,830,2.615,1.056,785.9007692307692
Tehri Reservoir,Ganga Basin,CWC,30.43921006,78.45546181,2024-07-07,2024,7,830,2.615,1.053,785.7976923076924
Tehri Reservoir,Ganga Basin,CWC,30.43921006,78.45546181,2024-07-09,2024,7,830,2.615,1.05,785.6946153846154
Tehri Reservoir,Ganga Basin,CWC,30.43921006,78.45546181,2024-07-13,2024,7,830,2.615,1.047,785.5915384615384
Tehri Reservoir,Ganga Basin,CWC,30.43921006,78.45546181,2024-07-16,2024,7,830,2.615,1.044,785.4884615384616
Tehri Reservoir,Ganga Basin,CWC,30.43921006,78.45546181,2024-07-21,2024,7,830,2.615,1.041,785.3853846153846
Tehri Reservoir,Ganga Basin,CWC,30.43921006,78.45546181,2024-07-26,2024,7,830,2.615,1.038,785.2823076923077
Tehri Reservoir,Ganga Basin,CWC,30.43921006,78.45546181,2024-07-08,2024,7,830,2.615,1.035,785.1792307692308
Tehri Reservoir,Ganga Basin,CWC,30.43921006,78.45546181,2024-07-10,2024,7,830,2.615,1.032,785.0761538461538
Tehri Reservoir,Ganga Basin,CWC,30.43921006,78.45546181,2024-07-20,2024,7,830,2.615,1.029,784.973076923077
Tehri Reservoir,Ganga Basin,CWC,30.43921006,78.45546181,2024-07-25,2024,7,830,2.615,1.026,784.87
Tehri Reservoir,Ganga Basin,CWC,30.43921006,78.45546181,2024-07-29,2024,7,830,2.615,1.1132222222222223,787.6077777777778
Tehri Reservoir,Ganga Basin,CWC,30.43921006,78.45546181,2024-07-30,2024,7,830,2.615,1.2004444444444444,790.3455555555555
Tehri Reservoir,Ganga Basin,CWC,30.43921006,78.45546181,2024-07-19,2024,7,830,2.615,1.2876666666666667,793.0833333333334
Tehri Reservoir,Ganga Basin,CWC,30.43921006,78.45546181,2024-07-31,2024,7,830,2.615,1.3748888888888888,795.8211111111111
Tehri Reservoir,Ganga Basin,CWC,30.43921006,78.45546181,2024-08-04,2024,8,830,2.615,1.4621111111111111,798.5588888888889
Tehri Reservoir,Ganga Basin,CWC,30.43921006,78.45546181,2024-08-05,2024,8,830,2.615,1.5493333333333332,801.2966666666666
Tehri Reservoir,Ganga Basin,CWC,30.43921006,78.45546181,2024-08-06,2024,8,830,2.615,1.6365555555555555,804.0344444444445
Tehri Reservoir,Ganga Basin,CWC,30.43921006,78.45546181,2024-08-15,2024,8,830,2.615,1.7237777777777779,806.7722222222222
Tehri Reservoir,Ganga Basin,CWC,30.43921006,78.45546181,2024-08-16,2024,8,830,2.615,1.811,809.51
Tehri Reservoir,Ganga Basin,CWC,30.43921006,78.45546181,2024-08-24,2024,8,830,2.615,1.8228235294117647,809.8329411764706
Tehri Reservoir,Ganga Basin,CWC,30.43921006,78.45546181,2024-08-31,2024,8,830,2.615,1.8346470588235293,810.1558823529411
Tehri Reservoir,Ganga Basin,CWC,30.43921006,78.45546181,2024-08-03,2024,8,830,2.615,1.846470588235294,810.4788235294118
Tehri Reservoir,Ganga Basin,CWC,30.43921006,78.45546181,2024-08-09,2024,8,830,2.615,1.8582941176470589,810.8017647058823
Tehri Reservoir,Ganga Basin,CWC,30.43921006,78.45546181,2024-08-12,2024,8,830,2.615,1.8701176470588234,811.1247058823529
Tehri Reservoir,Ganga Basin,CWC,30.43921006,78.45546181,2024-08-14,2024,8,830,2.615,1.8819411764705882,811.4476470588236
Tehri Reservoir,Ganga Basin,CWC,30.43921006,78.45546181,2024-08-19,2024,8,830,2.615,1.893764705882353,811.7705882352941
Tehri Reservoir,Ganga Basin,CWC,30.43921006,78.45546181,2024-08-21,2024,8,830,2.615,1.9055882352941176,812.0935294117647
Tehri Reservoir,Ganga Basin,CWC,30.43921006,78.45546181,2024-08-27,2024,8,830,2.615,1.9174117647058824,812.4164705882353
Tehri Reservoir,Ganga Basin,CWC,30.43921006,78.45546181,2024-08-10,2024,8,830,2.615,1.929235294117647,812.7394117647059
Tehri Reservoir,Ganga Basin,CWC,30.43921006,78.45546181,2024-08-25,2024,8,830,2.615,1.9410588235294117,813.0623529411764
Tehri Reservoir,Ganga Basin,CWC,30.43921006,78.45546181,2024-08-28,2024,8,830,2.615,1.9528823529411765,813.385294117647
Tehri Reservoir,Ganga Basin,CWC,30.43921006,78.45546181,2024-08-30,2024,8,830,2.615,1.964705882352941,813.7082352941177
Tehri Reservoir,Ganga Basin,CWC,30.43921006,78.45546181,2024-08-11,2024,8,830,2.615,1.9765294117647059,814.0311764705882
Tehri Reservoir,Ganga Basin,CWC,30.43921006,78.45546181,2024-08-13,2024,8,830,2.615,1.9883529411764707,814.3541176470588
Tehri Reservoir,Ganga Basin,CWC,30.43921006,78.45546181,2024-08-20,2024,8,830,2.615,2.0001764705882352,814.6770588235294
Tehri Reservoir,Ganga Basin,CWC,30.43921006,78.45546181,2024-08-22,2024,8,830,2.615,2.012,815.0
Tehri Reservoir,Ganga Basin,CWC,30.43921006,78.45546181,2024-08-23,2024,8,830,2.615,1.781,808.22
Tehri Reservoir,Ganga Basin,CWC,30.43921006,78.45546181,2024-08-26,2024,8,830,2.615,1.55,801.4399999999999
Tehri Reservoir,Ganga Basin,CWC,30.43921006,78.45546181,2024-08-01,2024,8,830,2.615,1.319,794.66
Tehri Reservoir,Ganga Basin,CWC,30.43921006,78.45546181,2024-08-02,2024,8,830,2.615,1.3963333333333332,796.81
Tehri Reservoir,Ganga Basin,CWC,30.43921006,78.45546181,2024-08-07,2024,8,830,2.615,1.4736666666666667,798.96
Tehri Reservoir,Ganga Basin,CWC,30.43921006,78.45546181,2024-08-08,2024,8,830,2.615,1.551,801.11
Tehri Reservoir,Ganga Basin,CWC,30.43921006,78.45546181,2024-08-17,2024,8,830,2.615,1.78,807.6733333333333
Tehri Reservoir,Ganga Basin,CWC,30.43921006,78.45546181,2024-08-18,2024,8,830,2.615,2.009,814.2366666666667
Tehri Reservoir,Ganga Basin,CWC,30.43921006,78.45546181,2024-08-29,2024,8,830,2.615,2.238,820.8
Tehri Reservoir,Ganga Basin,CWC,30.43921006,78.45546181,2024-09-04,2024,9,830,2.615,2.2693333333333334,821.551111111111
Tehri Reservoir,Ganga Basin,CWC,30.43921006,78.45546181,2024-09-06,2024,9,830,2.615,2.300666666666667,822.3022222222222
Tehri Reservoir,Ganga Basin,CWC,30.43921006,78.45546181,2024-09-16,2024,9,830,2.615,2.332,823.0533333333333
Tehri Reservoir,Ganga Basin,CWC,30.43921006,78.45546181,2024-09-17,2024,9,830,2.615,2.3633333333333333,823.8044444444444
Tehri Reservoir,Ganga Basin,CWC,30.43921006,78.45546181,2024-09-02,2024,9,830,2.615,2.3946666666666667,824.5555555555555
Tehri Reservoir,Ganga Basin,CWC,30.43921006,78.45546181,2024-09-03,2024,9,830,2.615,2.426,825.3066666666666
Tehri Reservoir,Ganga Basin,CWC,30.43921006,78.45546181,2024-09-07,2024,9,830,2.615,2.4573333333333336,826.0577777777777
Tehri Reservoir,Ganga Basin,CWC,30.43921006,78.45546181,2024-09-10,2024,9,830,2.615,2.4886666666666666,826.8088888888889
Tehri Reservoir,Ganga Basin,CWC,30.43921006,78.45546181,2024-09-19,2024,9,830,2.615,2.52,827.56
Tehri Reservoir,Ganga Basin,CWC,30.43921006,78.45546181,2024-09-22,2024,9,830,2.615,2.50525,827.2249999999999
Tehri Reservoir,Ganga Basin,CWC,30.43921006,78.45546181,2024-09-29,2024,9,830,2.615,2.4905,826.89
Tehri Reservoir,Ganga Basin,CWC,30.43921006,78.45546181,2024-09-01,2024,9,830,2.615,2.4757499999999997,826.5550000000001
Tehri Reservoir,Ganga Basin,CWC,30.43921006,78.45546181,2024-09-05,2024,9,830,2.615,2.461,826.22
Tehri Reservoir,Ganga Basin,CWC,30.43921006,78.45546181,2024-09-09,2024,9,830,2.615,2.4641666666666664,826.3016666666667
Tehri Reservoir,Ganga Basin,CWC,30.43921006,78.45546181,2024-09-15,2024,9,830,2.615,2.4673333333333334,826.3833333333333
Tehri Reservoir,Ganga Basin,CWC,30.43921006,78.45546181,2024-09-18,2024,9,830,2.615,2.4705,826.465
Tehri Reservoir,Ganga Basin,CWC,30.43921006,78.45546181,2024-09-23,2024,9,830,2.615,2.4736666666666665,826.5466666666667
Tehri Reservoir,Ganga Basin,CWC,30.43921006,78.45546181,2024-09-11,2024,9,830,2.615,2.4768333333333334,826.6283333333333
Tehri Reservoir,Ganga Basin,CWC,30.43921006,78.45546181,2024-09-12,2024,9,830,2.615,2.48,826.71
Tehri Reservoir,Ganga Basin,CWC,30.43921006,78.45546181,2024-09-14,2024,9,830,2.615,2.4965,827.0825
Tehri Reservoir,Ganga Basin,CWC,30.43921006,78.45546181,2024-09-20,2024,9,830,2.615,2.513,827.455
Tehri Reservoir,Ganga Basin,CWC,30.43921006,78.45546181,2024-09-24,2024,9,830,2.615,2.5294999999999996,827.8275000000001
Tehri Reservoir,Ganga Basin,CWC,30.43921006,78.45546181,2024-09-26,2024,9,830,2.615,2.546,828.2
Tehri Reservoir,Ganga Basin,CWC,30.43921006,78.45546181,2024-09-28,2024,9,830,2.615,2.550642857142857,828.3064285714286
Tehri Reservoir,Ganga Basin,CWC,30.43921006,78.45546181,2024-09-30,2024,9,830,2.615,2.555285714285714,828.4128571428572
Tehri Reservoir,Ganga Basin,CWC,30.43921006,78.45546181,2024-09-08,2024,9,830,2.615,2.5599285714285713,828.5192857142857
Tehri Reservoir,Ganga Basin,CWC,30.43921006,78.45546181,2024-09-13,2024,9,830,2.615,2.5645714285714285,828.6257142857144
Tehri Reservoir,Ganga Basin,CWC,30.43921006,78.45546181,2024-09-21,2024,9,830,2.615,2.5692142857142857,828.7321428571429
Tehri Reservoir,Ganga Basin,CWC,30.43921006,78.45546181,2024-09-25,2024,9,830,2.615,2.573857142857143,828.8385714285715
Tehri Reservoir,Ganga Basin,CWC,30.43921006,78.45546181,2024-09-27,2024,9,830,2.615,2.5785,828.945
Tehri Reservoir,Ganga Basin,CWC,30.43921006,78.45546181,2024-10-08,2024,10,830,2.615,2.583142857142857,829.0514285714286
Tehri Reservoir,Ganga Basin,CWC,30.43921006,78.45546181,2024-10-22,2024,10,830,2.615,2.5877857142857144,829.1578571428572
Tehri Reservoir,Ganga Basin,CWC,30.43921006,78.45546181,2024-10-25,2024,10,830,2.615,2.5924285714285715,829.2642857142857
Tehri Reservoir,Ganga Basin,CWC,30.43921006,78.45546181,2024-10-28,2024,10,830,2.615,2.5970714285714287,829.3707142857144
Tehri Reservoir,Ganga Basin,CWC,30.43921006,78.45546181,2024-10-31,2024,10,830,2.615,2.601714285714286,829.4771428571429
Tehri Reservoir,Ganga Basin,CWC,30.43921006,78.45546181,2024-10-02,2024,10,830,2.615,2.606357142857143,829.5835714285715
Tehri Reservoir,Ganga Basin,CWC,30.43921006,78.45546181,2024-10-03,2024,10,830,2.615,2.611,829.69
Tehri Reservoir,Ganga Basin,CWC,30.43921006,78.45546181,2024-10-05,2024,10,830,2.615,2.609166666666667,829.6500000000001
Tehri Reservoir,Ganga Basin,CWC,30.43921006,78.45546181,2024-10-07,2024,10,830,2.615,2.6073333333333335,829.61
Tehri Reservoir,Ganga Basin,CWC,30.43921006,78.45546181,2024-10-09,2024,10,830,2.615,2.6055,829.57
Tehri Reservoir,Ganga Basin,CWC,30.43921006,78.45546181,2024-10-14,2024,10,830,2.615,2.603666666666667,829.5300000000001
Tehri Reservoir,Ganga Basin,CWC,30.43921006,78.45546181,2024-10-18,2024,10,830,2.615,2.6018333333333334,829.49
Tehri Reservoir,Ganga Basin,CWC,30.43921006,78.45546181,2024-10-23,2024,10,830,2.615,2.6,829.45
Tehri Reservoir,Ganga Basin,CWC,30.43921006,78.45546181,2024-10-27,2024,10,830,2.615,2.5981666666666667,829.4100000000001
Tehri Reservoir,Ganga Basin,CWC,30.43921006,78.45546181,2024-10-01,2024,10,830,2.615,2.5963333333333334,829.37
Tehri Reservoir,Ganga Basin,CWC,30.43921006,78.45546181,2024-10-04,2024,10,830,2.615,2.5945,829.33
Tehri Reservoir,Ganga Basin,CWC,30.43921006,78.45546181,2024-10-11,2024,10,830,2.615,2.5926666666666667,829.2900000000001
Tehri Reservoir,Ganga Basin,CWC,30.43921006,78.45546181,2024-10-15,2024,10,830,2.615,2.5908333333333333,829.25
Tehri Reservoir,Ganga Basin,CWC,30.43921006,78.45546181,2024-10-17,2024,10,830,2.615,2.589,829.21
Tehri Reservoir,Ganga Basin,CWC,30.43921006,78.45546181,2024-10-19,2024,10,830,2.615,2.5805,829.0
Tehri Reservoir,Ganga Basin,CWC,30.43921006,78.45546181,2024-10-24,2024,10,830,2.615,2.572,828.79
Tehri Reservoir,Ganga Basin,CWC,30.43921006,78.45546181,2024-10-26,2024,10,830,2.615,2.5788,828.952
Tehri Reservoir,Ganga Basin,CWC,30.43921006,78.45546181,2024-10-16,2024,10,830,2.615,2.5856,829.114
Tehri Reservoir,Ganga Basin,CWC,30.43921006,78.45546181,2024-10-21,2024,10,830,2.615,2.5924,829.276
Tehri Reservoir,Ganga Basin,CWC,30.43921006,78.45546181,2024-10-06,2024,10,830,2.615,2.5991999999999997,829.438
Tehri Reservoir,Ganga Basin,CWC,30.43921006,78.45546181,2024-10-10,2024,10,830,2.615,2.606,829.6
Tehri Reservoir,Ganga Basin,CWC,30.43921006,78.45546181,2024-10-12,2024,10,830,2.615,2.5829,829.0450000000001
Tehri Reservoir,Ganga Basin,CWC,30.43921006,78.45546181,2024-10-13,2024,10,830,2.615,2.5598,828.49
Tehri Reservoir,Ganga Basin,CWC,30.43921006,78.45546181,2024-10-20,2024,10,830,2.615,2.5366999999999997,827.935
Tehri Reservoir,Ganga Basin,CWC,30.43921006,78.45546181,2024-10-29,2024,10,830,2.615,2.5136,827.38
Tehri Reservoir,Ganga Basin,CWC,30.43921006,78.45546181,2024-10-30,2024,10,830,2.615,2.4905,826.825
Tehri Reservoir,Ganga Basin,CWC,30.43921006,78.45546181,2024-11-04,2024,11,830,2.615,2.4674,826.27
Tehri Reservoir,Ganga Basin,CWC,30.43921006,78.45546181,2024-11-09,2024,11,830,2.615,2.4443,825.7149999999999
Tehri Reservoir,Ganga Basin,CWC,30.43921006,78.45546181,2024-11-17,2024,11,830,2.615,2.4212,825.16
Tehri Reservoir,Ganga Basin,CWC,30.43921006,78.45546181,2024-11-25,2024,11,830,2.615,2.3981,824.605
Tehri Reservoir,Ganga Basin,CWC,30.43921006,78.45546181,2024-11-28,2024,11,830,2.615,2.375,824.05
Tehri Reservoir,Ganga Basin,CWC,30.43921006,78.45546181,2024-11-06,2024,11,830,2.615,2.4415,825.69
Tehri Reservoir,Ganga Basin,CWC,30.43921006,78.45546181,2024-11-07,2024,11,830,2.615,2.508,827.33
Tehri Reservoir,Ganga Basin,CWC,30.43921006,78.45546181,2024-11-20,2024,11,830,2.615,2.512142857142857,827.4214285714286
Tehri Reservoir,Ganga Basin,CWC,30.43921006,78.45546181,2024-11-30,2024,11,830,2.615,2.5162857142857145,827.5128571428572
Tehri Reservoir,Ganga Basin,CWC,30.43921006,78.45546181,2024-11-18,2024,11,830,2.615,2.5204285714285715,827.6042857142858
Tehri Reservoir,Ganga Basin,CWC,30.43921006,78.45546181,2024-11-22,2024,11,830,2.615,2.5245714285714285,827.6957142857143
Tehri Reservoir,Ganga Basin,CWC,30.43921006,78.45546181,2024-11-26,2024,11,830,2.615,2.5287142857142855,827.7871428571428
Tehri Reservoir,Ganga Basin,CWC,30.43921006,78.45546181,2024-11-29,2024,11,830,2.615,2.532857142857143,827.8785714285715
Tehri Reservoir,Ganga Basin,CWC,30.43921006,78.45546181,2024-11-01,2024,11,830,2.615,2.537,827.97
Tehri Reservoir,Ganga Basin,CWC,30.43921006,78.45546181,2024-11-02,2024,11,830,2.615,2.5195,827.5725
Tehri Reservoir,Ganga Basin,CWC,30.43921006,78.45546181,2024-11-08,2024,11,830,2.615,2.502,827.175
Tehri Reservoir,Ganga Basin,CWC,30.43921006,78.45546181,2024-11-12,2024,11,830,2.615,2.4845,826.7775
Tehri Reservoir,Ganga Basin,CWC,30.43921006,78.45546181,2024-11-14,2024,11,830,2.615,2.467,826.38
Tehri Reservoir,Ganga Basin,CWC,30.43921006,78.45546181,2024-11-15,2024,11,830,2.615,2.447,825.88
Tehri Reservoir,Ganga Basin,CWC,30.43921006,78.45546181,2024-11-21,2024,11,830,2.615,2.427,825.38
Tehri Reservoir,Ganga Basin,CWC,30.43921006,78.45546181,2024-11-03,2024,11,830,2.615,2.42,825.21125
Tehri Reservoir,Ganga Basin,CWC,30.43921006,78.45546181,2024-11-05,2024,11,830,2.615,2.4130000000000003,825.0425
Tehri Reservoir,Ganga Basin,CWC,30.43921006,78.45546181,2024-11-10,2024,11,830,2.615,2.406,824.87375
Tehri Reservoir,Ganga Basin,CWC,30.43921006,78.45546181,2024-11-11,2024,11,830,2.615,2.399,824.7049999999999
Tehri Reservoir,Ganga Basin,CWC,30.43921006,78.45546181,2024-11-13,2024,11,830,2.615,2.392,824.53625
Tehri Reservoir,Ganga Basin,CWC,30.43921006,78.45546181,2024-11-16,2024,11,830,2.615,2.385,824.3675
Tehri Reservoir,Ganga Basin,CWC,30.43921006,78.45546181,2024-11-19,2024,11,830,2.615,2.378,824.19875
Tehri Reservoir,Ganga Basin,CWC,30.43921006,78.45546181,2024-11-23,2024,11,830,2.615,2.371,824.03
Tehri Reservoir,Ganga Basin,CWC,30.43921006,78.45546181,2024-11-24,2024,11,830,2.615,2.364,823.8612499999999
Tehri Reservoir,Ganga Basin,CWC,30.43921006,78.45546181,2024-11-27,2024,11,830,2.615,2.357,823.6925
Tehri Reservoir,Ganga Basin,CWC,30.43921006,78.45546181,2024-12-11,2024,12,830,2.615,2.35,823.52375
Tehri Reservoir,Ganga Basin,CWC,30.43921006,78.45546181,2024-12-13,2024,12,830,2.615,2.343,823.355
Tehri Reservoir,Ganga Basin,CWC,30.43921006,78.45546181,2024-12-18,2024,12,830,2.615,2.336,823.18625
Tehri Reservoir,Ganga Basin,CWC,30.43921006,78.45546181,2024-12-23,2024,12,830,2.615,2.3289999999999997,823.0174999999999
Tehri Reservoir,Ganga Basin,CWC,30.43921006,78.45546181,2024-12-24,2024,12,830,2.615,2.322,822.84875
Tehri Reservoir,Ganga Basin,CWC,30.43921006,78.45546181,2024-12-05,2024,12,830,2.615,2.315,822.68
Tehri Reservoir,Ganga Basin,CWC,30.43921006,78.45546181,2024-12-06,2024,12,830,2.615,2.24025,820.795
Tehri Reservoir,Ganga Basin,CWC,30.43921006,78.45546181,2024-12-07,2024,12,830,2.615,2.1654999999999998,818.91
Tehri Reservoir,Ganga Basin,CWC,30.43921006,78.45546181,2024-12-08,2024,12,830,2.615,2.09075,817.025
Tehri Reservoir,Ganga Basin,CWC,30.43921006,78.45546181,2024-12-26,2024,12,830,2.615,2.016,815.14
Tehri Reservoir,Ganga Basin,CWC,30.43921006,78.45546181,2024-12-02,2024,12,830,2.615,2.0273,815.434
Tehri Reservoir,Ganga Basin,CWC,30.43921006,78.45546181,2024-12-14,2024,12,830,2.615,2.0386,815.728
Tehri Reservoir,Ganga Basin,CWC,30.43921006,78.45546181,2024-12-27,2024,12,830,2.615,2.0499,816.022
Tehri Reservoir,Ganga Basin,CWC,30.43921006,78.45546181,2024-12-29,2024,12,830,2.615,2.0612,816.316
Tehri Reservoir,Ganga Basin,CWC,30.43921006,78.45546181,2024-12-30,2024,12,830,2.615,2.0725,816.61
Tehri Reservoir,Ganga Basin,CWC,30.43921006,78.45546181,2024-12-03,2024,12,830,2.615,2.0838,816.904
Tehri Reservoir,Ganga Basin,CWC,30.43921006,78.45546181,2024-12-09,2024,12,830,2.615,2.0951,817.198
Tehri Reservoir,Ganga Basin,CWC,30.43921006,78.45546181,2024-12-12,2024,12,830,2.615,2.1064,817.4920000000001
Tehri Reservoir,Ganga Basin,CWC,30.43921006,78.45546181,2024-12-16,2024,12,830,2.615,2.1177,817.7860000000001
Tehri Reservoir,Ganga Basin,CWC,30.43921006,78.45546181,2024-12-19,2024,12,830,2.615,2.129,818.08
Tehri Reservoir,Ganga Basin,CWC,30.43921006,78.45546181,2024-12-21,2024,12,830,2.615,2.0908571428571427,817.0221428571429
Tehri Reservoir,Ganga Basin,CWC,30.43921006,78.45546181,2024-12-22,2024,12,830,2.615,2.052714285714286,815.9642857142858
Tehri Reservoir,Ganga Basin,CWC,30.43921006,78.45546181,2024-12-04,2024,12,830,2.615,2.0145714285714287,814.9064285714286
Tehri Reservoir,Ganga Basin,CWC,30.43921006,78.45546181,2024-12-10,2024,12,830,2.615,1.9764285714285714,813.8485714285714
Tehri Reservoir,Ganga Basin,CWC,30.43921006,78.45546181,2024-12-15,2024,12,830,2.615,1.9382857142857142,812.7907142857143
Tehri Reservoir,Ganga Basin,CWC,30.43921006,78.45546181,2024-12-17,2024,12,830,2.615,1.9001428571428571,811.7328571428571
Tehri Reservoir,Ganga Basin,CWC,30.43921006,78.45546181,2024-12-20,2024,12,830,2.615,1.862,810.675
Tehri Reservoir,Ganga Basin,CWC,30.43921006,78.45546181,2024-12-25,2024,12,830,2.615,1.8238571428571428,809.6171428571429
Tehri Reservoir,Ganga Basin,CWC,30.43921006,78.45546181,2024-12-28,2024,12,830,2.615,1.7857142857142856,808.5592857142857
Tehri Reservoir,Ganga Basin,CWC,30.43921006,78.45546181,2024-12-31,2024,12,830,2.615,1.7475714285714286,807.5014285714286
Tehri Reservoir,Ganga Basin,CWC,30.43921006,78.45546181,2024-12-01,2024,12,830,2.615,1.7094285714285715,806.4435714285714
Tehri Reservoir,Ganga Basin,CWC,30.43921006,78.45546181,2025-01-03,2025,1,830,2.615,1.6712857142857143,805.3857142857142
Tehri Reservoir,Ganga Basin,CWC,30.43921006,78.45546181,2025-01-14,2025,1,830,2.615,1.633142857142857,804.3278571428572
Tehri Reservoir,Ganga Basin,CWC,30.43921006,78.45546181,2025-01-30,2025,1,830,2.615,1.595,803.27
Tehri Reservoir,Ganga Basin,CWC,30.43921006,78.45546181,2025-01-06,2025,1,830,2.615,1.6302222222222222,804.2688888888889
Tehri Reservoir,Ganga Basin,CWC,30.43921006,78.45546181,2025-01-12,2025,1,830,2.615,1.6654444444444445,805.2677777777777
Tehri Reservoir,Ganga Basin,CWC,30.43921006,78.45546181,2025-01-13,2025,1,830,2.615,1.7006666666666665,806.2666666666667
Tehri Reservoir,Ganga Basin,CWC,30.43921006,78.45546181,2025-01-31,2025,1,830,2.615,1.7358888888888888,807.2655555555556
Tehri Reservoir,Ganga Basin,CWC,30.43921006,78.45546181,2025-01-01,2025,1,830,2.615,1.771111111111111,808.2644444444444
Tehri Reservoir,Ganga Basin,CWC,30.43921006,78.45546181,2025-01-07,2025,1,830,2.615,1.8063333333333333,809.2633333333333
Tehri Reservoir,Ganga Basin,CWC,30.43921006,78.45546181,2025-01-08,2025,1,830,2.615,1.8415555555555554,810.2622222222222
Tehri Reservoir,Ganga Basin,CWC,30.43921006,78.45546181,2025-01-11,2025,1,830,2.615,1.8767777777777777,811.2611111111111
Tehri Reservoir,Ganga Basin,CWC,30.43921006,78.45546181,2025-01-02,2025,1,830,2.615,1.912,812.26
Tehri Reservoir,Ganga Basin,CWC,30.43921006,78.45546181,2025-01-05,2025,1,830,2.615,1.89225,811.725
Tehri Reservoir,Ganga Basin,CWC,30.43921006,78.45546181,2025-01-10,2025,1,830,2.615,1.8725,811.19
Tehri Reservoir,Ganga Basin,CWC,30.43921006,78.45546181,2025-01-04,2025,1,830,2.615,1.85275,810.655
Tehri Reservoir,Ganga Basin,CWC,30.43921006,78.45546181,2025-01-09,2025,1,830,2.615,1.833,810.12
Tehri Reservoir,Ganga Basin,CWC,30.43921006,78.45546181,2025-01-29,2025,1,830,2.615,1.6139999999999999,803.1875
Tehri Reservoir,Ganga Basin,CWC,30.43921006,78.45546181,2025-02-16,2025,2,830,2.615,1.395,796.255
Tehri Reservoir,Ganga Basin,CWC,30.43921006,78.45546181,2025-02-23,2025,2,830,2.615,1.176,789.3225
Tehri Reservoir,Ganga Basin,CWC,30.43921006,78.45546181,2025-02-27,2025,2,830,2.615,0.957,782.39
Tehri Reservoir,Ganga Basin,CWC,30.43921006,78.45546181,2025-02-01,2025,2,830,2.615,1.1263333333333334,788.0166666666667
Tehri Reservoir,Ganga Basin,CWC,30.43921006,78.45546181,2025-02-02,2025,2,830,2.615,1.2956666666666667,793.6433333333333
Tehri Reservoir,Ganga Basin,CWC,30.43921006,78.45546181,2025-02-06,2025,2,830,2.615,1.465,799.27
Tehri Reservoir,Ganga Basin,CWC,30.43921006,78.45546181,2025-02-09,2025,2,830,2.615,1.392,796.985
Tehri Reservoir,Ganga Basin,CWC,30.43921006,78.45546181,2025-02-13,2025,2,830,2.615,1.319,794.7
Tehri Reservoir,Ganga Basin,CWC,30.43921006,78.45546181,2025-02-18,2025,2,830,2.615,1.3063333333333333,794.2783333333334
Tehri Reservoir,Ganga Basin,CWC,30.43921006,78.45546181,2025-02-22,2025,2,830,2.615,1.2936666666666665,793.8566666666667
Tehri Reservoir,Ganga Basin,CWC,30.43921006,78.45546181,2025-02-25,2025,2,830,2.615,1.281,793.4350000000001
Tehri Reservoir,Ganga Basin,CWC,30.43921006,78.45546181,2025-02-28,2025,2,830,2.615,1.2683333333333333,793.0133333333333
Tehri Reservoir,Ganga Basin,CWC,30.43921006,78.45546181,2025-02-04,2025,2,830,2.615,1.2556666666666667,792.5916666666667
Tehri Reservoir,Ganga Basin,CWC,30.43921006,78.45546181,2025-02-07,2025,2,830,2.615,1.2429999999999999,792.1700000000001
Tehri Reservoir,Ganga Basin,CWC,30.43921006,78.45546181,2025-02-10,2025,2,830,2.615,1.2303333333333333,791.7483333333333
Tehri Reservoir,Ganga Basin,CWC,30.43921006,78.45546181,2025-02-12,2025,2,830,2.615,1.2176666666666667,791.3266666666667
Tehri Reservoir,Ganga Basin,CWC,30.43921006,78.45546181,2025-02-14,2025,2,830,2.615,1.205,790.905
Tehri Reservoir,Ganga Basin,CWC,30.43921006,78.45546181,2025-02-15,2025,2,830,2.615,1.1923333333333332,790.4833333333333
Tehri Reservoir,Ganga Basin,CWC,30.43921006,78.45546181,2025-02-19,2025,2,830,2.615,1.1796666666666666,790.0616666666667
Tehri Reservoir,Ganga Basin,CWC,30.43921006,78.45546181,2025-02-26,2025,2,830,2.615,1.167,789.64
Tehri Reservoir,Ganga Basin,CWC,30.43921006,78.45546181,2025-02-03,2025,2,830,2.615,1.1543333333333332,789.2183333333334
Tehri Reservoir,Ganga Basin,CWC,30.43921006,78.45546181,2025-02-05,2025,2,830,2.615,1.1416666666666666,788.7966666666667
Tehri Reservoir,Ganga Basin,CWC,30.43921006,78.45546181,2025-02-08,2025,2,830,2.615,1.129,788.375
Tehri Reservoir,Ganga Basin,CWC,30.43921006,78.45546181,2025-02-11,2025,2,830,2.615,1.1163333333333334,787.9533333333334
Tehri Reservoir,Ganga Basin,CWC,30.43921006,78.45546181,2025-02-17,2025,2,830,2.615,1.1036666666666666,787.5316666666666
Tehri Reservoir,Ganga Basin,CWC,30.43921006,78.45546181,2025-02-20,2025,2,830,2.615,1.091,787.11
Tehri Reservoir,Ganga Basin,CWC,30.43921006,78.45546181,2025-02-21,2025,2,830,2.615,1.0372999999999999,785.073
Tehri Reservoir,Ganga Basin,CWC,30.43921006,78.45546181,2025-02-24,2025,2,830,2.615,0.9836,783.0360000000001
Tehri Reservoir,Ganga Basin,CWC,30.43921006,78.45546181,2025-03-03,2025,3,830,2.615,0.9299,780.999
Tehri Reservoir,Ganga Basin,CWC,30.43921006,78.45546181,2025-03-23,2025,3,830,2.615,0.8762,778.962
Tehri Reservoir,Ganga Basin,CWC,30.43921006,78.45546181,2025-03-28,2025,3,830,2.615,0.8225,776.925
Tehri Reservoir,Ganga Basin,CWC,30.43921006,78.45546181,2025-03-01,2025,3,830,2.615,0.7688,774.888
Tehri Reservoir,Ganga Basin,CWC,30.43921006,78.45546181,2025-03-08,2025,3,830,2.615,0.7151000000000001,772.851
Tehri Reservoir,Ganga Basin,CWC,30.43921006,78.45546181,2025-03-12,2025,3,830,2.615,0.6614,770.814
Tehri Reservoir,Ganga Basin,CWC,30.43921006,78.45546181,2025-03-15,2025,3,830,2.615,0.6077000000000001,768.777
Tehri Reservoir,Ganga Basin,CWC,30.43921006,78.45546181,2025-03-27,2025,3,830,2.615,0.554,766.74
Tehri Reservoir,Ganga Basin,CWC,30.43921006,78.45546181,2025-03-29,2025,3,830,2.615,0.6566666666666667,770.7933333333333
Tehri Reservoir,Ganga Basin,CWC,30.43921006,78.45546181,2025-03-30,2025,3,830,2.615,0.7593333333333333,774.8466666666667
Tehri Reservoir,Ganga Basin,CWC,30.43921006,78.45546181,2025-03-06,2025,3,830,2.615,0.862,778.9
Tehri Reservoir,Ganga Basin,CWC,30.43921006,78.45546181,2025-03-10,2025,3,830,2.615,0.828,777.6066666666667
Tehri Reservoir,Ganga Basin,CWC,30.43921006,78.45546181,2025-03-11,2025,3,830,2.615,0.794,776.3133333333333
Tehri Reservoir,Ganga Basin,CWC,30.43921006,78.45546181,2025-03-13,2025,3,830,2.615,0.76,775.02
Tehri Reservoir,Ganga Basin,CWC,30.43921006,78.45546181,2025-03-16,2025,3,830,2.615,0.734,774.0
Tehri Reservoir,Ganga Basin,CWC,30.43921006,78.45546181,2025-03-17,2025,3,830,2.615,0.708,772.98
Tehri Reservoir,Ganga Basin,CWC,30.43921006,78.45546181,2025-03-18,2025,3,830,2.615,0.682,771.96
Tehri Reservoir,Ganga Basin,CWC,30.43921006,78.45546181,2025-03-20,2025,3,830,2.615,0.656,770.94
Tehri Reservoir,Ganga Basin,CWC,30.43921006,78.45546181,2025-03-21,2025,3,830,2.615,0.6392666666666666,770.2306666666667
Tehri Reservoir,Ganga Basin,CWC,30.43921006,78.45546181,2025-03-22,2025,3,830,2.615,0.6225333333333334,769.5213333333334
Tehri Reservoir,Ganga Basin,CWC,30.43921006,78.45546181,2025-03-31,2025,3,830,2.615,0.6058,768.812
Tehri Reservoir,Ganga Basin,CWC,30.43921006,78.45546181,2025-03-02,2025,3,830,2.615,0.5890666666666667,768.1026666666667
Tehri Reservoir,Ganga Basin,CWC,30.43921006,78.45546181,2025-03-09,2025,3,830,2.615,0.5723333333333334,767.3933333333333
Tehri Reservoir,Ganga Basin,CWC,30.43921006,78.45546181,2025-03-19,2025,3,830,2.615,0.5556000000000001,766.684
Tehri Reservoir,Ganga Basin,CWC,30.43921006,78.45546181,2025-03-24,2025,3,830,2.615,0.5388666666666667,765.9746666666666
Tehri Reservoir,Ganga Basin,CWC,30.43921006,78.45546181,2025-03-26,2025,3,830,2.615,0.5221333333333333,765.2653333333334
Tehri Reservoir,Ganga Basin,CWC,30.43921006,78.45546181,2025-03-04,2025,3,830,2.615,0.5054000000000001,764.556
Tehri Reservoir,Ganga Basin,CWC,30.43921006,78.45546181,2025-03-05,2025,3,830,2.615,0.4886666666666667,763.8466666666667
Tehri Reservoir,Ganga Basin,CWC,30.43921006,78.45546181,2025-03-07,2025,3,830,2.615,0.47193333333333337,763.1373333333333
Tehri Reservoir,Ganga Basin,CWC,30.43921006,78.45546181,2025-03-14,2025,3,830,2.615,0.45520000000000005,762.428
Tehri Reservoir,Ganga Basin,CWC,30.43921006,78.45546181,2025-03-25,2025,3,830,2.615,0.43846666666666667,761.7186666666666
Tehri Reservoir,Ganga Basin,CWC,30.43921006,78.45546181,2025-04-05,2025,4,830,2.615,0.4217333333333334,761.0093333333333
Tehri Reservoir,Ganga Basin,CWC,30.43921006,78.45546181,2025-04-11,2025,4,830,2.615,0.405,760.3
Tehri Reservoir,Ganga Basin,CWC,30.43921006,78.45546181,2025-04-22,2025,4,830,2.615,0.39921428571428574,760.0335714285713
Tehri Reservoir,Ganga Basin,CWC,30.43921006,78.45546181,2025-04-04,2025,4,830,2.615,0.39342857142857146,759.7671428571429
Tehri Reservoir,Ganga Basin,CWC,30.43921006,78.45546181,2025-04-08,2025,4,830,2.615,0.3876428571428572,759.5007142857143
Tehri Reservoir,Ganga Basin,CWC,30.43921006,78.45546181,2025-04-13,2025,4,830,2.615,0.3818571428571429,759.2342857142856
Tehri Reservoir,Ganga Basin,CWC,30.43921006,78.45546181,2025-04-16,2025,4,830,2.615,0.3760714285714286,758.9678571428572
Tehri Reservoir,Ganga Basin,CWC,30.43921006,78.45546181,2025-04-20,2025,4,830,2.615,0.37028571428571433,758.7014285714286
Tehri Reservoir,Ganga Basin,CWC,30.43921006,78.45546181,2025-04-26,2025,4,830,2.615,0.36450000000000005,758.435
Tehri Reservoir,Ganga Basin,CWC,30.43921006,78.45546181,2025-04-29,2025,4,830,2.615,0.3587142857142857,758.1685714285715
Tehri Reservoir,Ganga Basin,CWC,30.43921006,78.45546181,2025-04-01,2025,4,830,2.615,0.3529285714285714,757.9021428571428
Tehri Reservoir,Ganga Basin,CWC,30.43921006,78.45546181,2025-04-14,2025,4,830,2.615,0.34714285714285714,757.6357142857144
Tehri Reservoir,Ganga Basin,CWC,30.43921006,78.45546181,2025-04-15,2025,4,830,2.615,0.34135714285714286,757.3692857142858
Tehri Reservoir,Ganga Basin,CWC,30.43921006,78.45546181,2025-04-21,2025,4,830,2.615,0.3355714285714286,757.1028571428571
Tehri Reservoir,Ganga Basin,CWC,30.43921006,78.45546181,2025-04-23,2025,4,830,2.615,0.3297857142857143,756.8364285714287
Tehri Reservoir,Ganga Basin,CWC,30.43921006,78.45546181,2025-04-24,2025,4,830,2.615,0.324,756.57
Tehri Reservoir,Ganga Basin,CWC,30.43921006,78.45546181,2025-04-30,2025,4,830,2.615,0.402,760.075
Tehri Reservoir,Ganga Basin,CWC,30.43921006,78.45546181,2025-04-02,2025,4,830,2.615,0.48,763.58
Tehri Reservoir,Ganga Basin,CWC,30.43921006,78.45546181,2025-04-03,2025,4,830,2.615,0.4672222222222222,763.0177777777778
Tehri Reservoir,Ganga Basin,CWC,30.43921006,78.45546181,2025-04-06,2025,4,830,2.615,0.45444444444444443,762.4555555555556
Tehri Reservoir,Ganga Basin,CWC,30.43921006,78.45546181,2025-04-18,2025,4,830,2.615,0.44166666666666665,761.8933333333333
Tehri Reservoir,Ganga Basin,CWC,30.43921006,78.45546181,2025-04-25,2025,4,830,2.615,0.4288888888888889,761.3311111111111
Tehri Reservoir,Ganga Basin,CWC,30.43921006,78.45546181,2025-04-07,2025,4,830,2.615,0.4161111111111111,760.7688888888889
Tehri Reservoir,Ganga Basin,CWC,30.43921006,78.45546181,2025-04-09,2025,4,830,2.615,0.4033333333333333,760.2066666666667
Tehri Reservoir,Ganga Basin,CWC,30.43921006,78.45546181,2025-04-10,2025,4,830,2.615,0.39055555555555554,759.6444444444444
Tehri Reservoir,Ganga Basin,CWC,30.43921006,78.45546181,2025-04-12,2025,4,830,2.615,0.37777777777777777,759.0822222222222
Tehri Reservoir,Ganga Basin,CWC,30.43921006,78.45546181,2025-04-17,2025,4,830,2.615,0.365,758.52
Tehri Reservoir,Ganga Basin,CWC,30.43921006,78.45546181,2025-04-19,2025,4,830,2.615,0.33366666666666667,757.0022222222223
Tehri Reservoir,Ganga Basin,CWC,30.43921006,78.45546181,2025-04-27,2025,4,830,2.615,0.30233333333333334,755.4844444444444
Tehri Reservoir,Ganga Basin,CWC,30.43921006,78.45546181,2025-04-28,2025,4,830,2.615,0.271,753.9666666666667
Tehri Reservoir,Ganga Basin,CWC,30.43921006,78.45546181,2025-05-09,2025,5,830,2.615,0.23966666666666667,752.4488888888889
Tehri Reservoir,Ganga Basin,CWC,30.43921006,78.45546181,2025-05-10,2025,5,830,2.615,0.20833333333333334,750.9311111111111
Tehri Reservoir,Ganga Basin,CWC,30.43921006,78.45546181,2025-05-14,2025,5,830,2.615,0.177,749.4133333333333
Tehri Reservoir,Ganga Basin,CWC,30.43921006,78.45546181,2025-05-16,2025,5,830,2.615,0.14566666666666667,747.8955555555556
Tehri Reservoir,Ganga Basin,CWC,30.43921006,78.45546181,2025-05-18,2025,5,830,2.615,0.11433333333333334,746.3777777777777
Tehri Reservoir,Ganga Basin,CWC,30.43921006,78.45546181,2025-05-22,2025,5,830,2.615,0.083,744.86
Tehri Reservoir,Ganga Basin,CWC,30.43921006,78.45546181,2025-05-06,2025,5,830,2.615,0.09633333333333334,745.4333333333334
Tehri Reservoir,Ganga Basin,CWC,30.43921006,78.45546181,2025-05-11,2025,5,830,2.615,0.10966666666666666,746.0066666666667
Tehri Reservoir,Ganga Basin,CWC,30.43921006,78.45546181,2025-05-15,2025,5,830,2.615,0.123,746.58
Tehri Reservoir,Ganga Basin,CWC,30.43921006,78.45546181,2025-05-17,2025,5,830,2.615,0.13233333333333333,747.1
Tehri Reservoir,Ganga Basin,CWC,30.43921006,78.45546181,2025-05-19,2025,5,830,2.615,0.14166666666666666,747.62
Tehri Reservoir,Ganga Basin,CWC,30.43921006,78.45546181,2025-05-28,2025,5,830,2.615,0.151,748.1400000000001
Tehri Reservoir,Ganga Basin,CWC,30.43921006,78.45546181,2025-05-30,2025,5,830,2.615,0.16033333333333333,748.6600000000001
Tehri Reservoir,Ganga Basin,CWC,30.43921006,78.45546181,2025-05-31,2025,5,830,2.615,0.16966666666666666,749.1800000000001
Tehri Reservoir,Ganga Basin,CWC,30.43921006,78.45546181,2025-05-08,2025,5,830,2.615,0.179,749.7
Tehri Reservoir,Ganga Basin,CWC,30.43921006,78.45546181,2025-05-21,2025,5,830,2.615,0.16644444444444445,749.07
Tehri Reservoir,Ganga Basin,CWC,30.43921006,78.45546181,2025-05-03,2025,5,830,2.615,0.15388888888888888,748.44
Tehri Reservoir,Ganga Basin,CWC,30.43921006,78.45546181,2025-05-04,2025,5,830,2.615,0.14133333333333334,747.8100000000001
Tehri Reservoir,Ganga Basin,CWC,30.43921006,78.45546181,2025-05-05,2025,5,830,2.615,0.12877777777777777,747.1800000000001
Tehri Reservoir,Ganga Basin,CWC,30.43921006,78.45546181,2025-05-07,2025,5,830,2.615,0.11622222222222223,746.55
Tehri Reservoir,Ganga Basin,CWC,30.43921006,78.45546181,2025-05-20,2025,5,830,2.615,0.10366666666666667,745.92
Tehri Reservoir,Ganga Basin,CWC,30.43921006,78.45546181,2025-05-23,2025,5,830,2.615,0.09111111111111111,745.29
Tehri Reservoir,Ganga Basin,CWC,30.43921006,78.45546181,2025-05-27,2025,5,830,2.615,0.07855555555555556,744.66
Tehri Reservoir,Ganga Basin,CWC,30.43921006,78.45546181,2025-05-29,2025,5,830,2.615,0.066,744.03
Tehri Reservoir,Ganga Basin,CWC,30.43921006,78.45546181,2025-05-01,2025,5,830,2.615,0.255,753.37
Tehri Reservoir,Ganga Basin,CWC,30.43921006,78.45546181,2025-05-02,2025,5,830,2.615,0.22775,752.005
Tehri Reservoir,Ganga Basin,CWC,30.43921006,78.45546181,2025-05-12,2025,5,830,2.615,0.2005,750.64
Tehri Reservoir,Ganga Basin,CWC,30.43921006,78.45546181,2025-05-13,2025,5,830,2.615,0.17325000000000002,749.275
Tehri Reservoir,Ganga Basin,CWC,30.43921006,78.45546181,2025-06-02,2025,6,830,2.615,0.14600000000000002,747.9100000000001
Tehri Reservoir,Ganga Basin,CWC,30.43921006,78.45546181,2025-06-06,2025,6,830,2.615,0.11875,746.5450000000001
Tehri Reservoir,Ganga Basin,CWC,30.43921006,78.45546181,2025-06-07,2025,6,830,2.615,0.0915,745.1800000000001
Tehri Reservoir,Ganga Basin,CWC,30.43921006,78.45546181,2025-06-11,2025,6,830,2.615,0.06425,743.815
Tehri Reservoir,Ganga Basin,CWC,30.43921006,78.45546181,2025-06-12,2025,6,830,2.615,0.037,742.45
Tehri Reservoir,Ganga Basin,CWC,30.43921006,78.45546181,2025-06-28,2025,6,830,2.615,0.0363125,742.41375
Tehri Reservoir,Ganga Basin,CWC,30.43921006,78.45546181,2025-06-01,2025,6,830,2.615,0.035625,742.3775
Tehri Reservoir,Ganga Basin,CWC,30.43921006,78.45546181,2025-06-04,2025,6,830,2.615,0.034937499999999996,742.3412500000001
Tehri Reservoir,Ganga Basin,CWC,30.43921006,78.45546181,2025-06-13,2025,6,830,2.615,0.034249999999999996,742.3050000000001
Tehri Reservoir,Ganga Basin,CWC,30.43921006,78.45546181,2025-06-17,2025,6,830,2.615,0.033562499999999995,742.2687500000001
Tehri Reservoir,Ganga Basin,CWC,30.43921006,78.45546181,2025-06-22,2025,6,830,2.615,0.032875,742.2325000000001
Tehri Reservoir,Ganga Basin,CWC,30.43921006,78.45546181,2025-06-23,2025,6,830,2.615,0.0321875,742.1962500000001
Tehri Reservoir,Ganga Basin,CWC,30.43921006,78.45546181,2025-06-24,2025,6,830,2.615,0.0315,742.1600000000001
Tehri Reservoir,Ganga Basin,CWC,30.43921006,78.45546181,2025-06-03,2025,6,830,2.615,0.0308125,742.12375
Tehri Reservoir,Ganga Basin,CWC,30.43921006,78.45546181,2025-06-15,2025,6,830,2.615,0.030125,742.0875
Tehri Reservoir,Ganga Basin,CWC,30.43921006,78.45546181,2025-06-25,2025,6,830,2.615,0.0294375,742.05125
Tehri Reservoir,Ganga Basin,CWC,30.43921006,78.45546181,2025-06-27,2025,6,830,2.615,0.028749999999999998,742.015
Tehri Reservoir,Ganga Basin,CWC,30.43921006,78.45546181,2025-06-29,2025,6,830,2.615,0.028062499999999997,741.97875
Tehri Reservoir,Ganga Basin,CWC,30.43921006,78.45546181,2025-06-30,2025,6,830,2.615,0.027374999999999997,741.9425
Tehri Reservoir,Ganga Basin,CWC,30.43921006,78.45546181,2025-06-09,2025,6,830,2.615,0.0266875,741.90625
Tehri Reservoir,Ganga Basin,CWC,30.43921006,78.45546181,2025-06-05,2025,6,830,2.615,0.026,741.87
Tehri Reservoir,Ganga Basin,CWC,30.43921006,78.45546181,2025-06-08,2025,6,830,2.615,0.03435,742.3183333333334
Tehri Reservoir,Ganga Basin,CWC,30.43921006,78.45546181,2025-06-10,2025,6,830,2.615,0.0427,742.7666666666667
Tehri Reservoir,Ganga Basin,CWC,30.43921006,78.45546181,2025-06-14,2025,6,830,2.615,0.05105,743.2149999999999
Tehri Reservoir,Ganga Basin,CWC,30.43921006,78.45546181,2025-06-16,2025,6,830,2.615,0.05940000000000001,743.6633333333333
Tehri Reservoir,Ganga Basin,CWC,30.43921006,78.45546181,2025-06-18,2025,6,830,2.615,0.06775,744.1116666666667
Tehri Reservoir,Ganga Basin,CWC,30.43921006,78.45546181,2025-06-19,2025,6,830,2.615,0.0761,744.56
Tehri Reservoir,Ganga Basin,CWC,30.43921006,78.45546181,2025-06-20,2025,6,830,2.615,0.1324,747.3466666666666
Tehri Reservoir,Ganga Basin,CWC,30.43921006,78.45546181,2025-06-21,2025,6,830,2.615,0.18869999999999998,750.1333333333333
Tehri Reservoir,Ganga Basin,CWC,30.43921006,78.45546181,2025-06-26,2025,6,830,2.615,0.245,752.92
Tehri Reservoir,Ganga Basin,CWC,30.43921006,78.45546181,2025-07-09,2025,7,830,2.615,0.31275,755.9775
Tehri Reservoir,Ganga Basin,CWC,30.43921006,78.45546181,2025-07-01,2025,7,830,2.615,0.3805,759.035
Tehri Reservoir,Ganga Basin,CWC,30.43921006,78.45546181,2025-07-08,2025,7,830,2.615,0.44825000000000004,762.0925
Tehri Reservoir,Ganga Basin,CWC,30.43921006,78.45546181,2025-07-03,2025,7,830,2.615,0.516,765.15
Tehri Reservoir,Ganga Basin,CWC,30.43921006,78.45546181,2025-07-04,2025,7,830,2.615,0.58075,767.7625
Tehri Reservoir,Ganga Basin,CWC,30.43921006,78.45546181,2025-07-06,2025,7,830,2.615,0.6455,770.375
Tehri Reservoir,Ganga Basin,CWC,30.43921006,78.45546181,2025-07-07,2025,7,830,2.615,0.71025,772.9875
Tehri Reservoir,Ganga Basin,CWC,30.43921006,78.45546181,2025-07-10,2025,7,830,2.615,0.775,775.6
Tehri Reservoir,Ganga Basin,CWC,30.43921006,78.45546181,2025-07-11,2025,7,830,2.615,0.775,775.6
Tehri Reservoir,Ganga Basin,CWC,30.43921006,78.45546181,2025-07-02,2025,7,830,2.615,0.775,775.6
Tehri Reservoir,Ganga Basin,CWC,30.43921006,78.45546181,2025-07-05,2025,7,830,2.615,0.775,775.6
