State,District,Date,Year,Month,Avg_rainfall,Agency_name
Uttarakhand,Almora,2021-01-03,2021,01,6.604088692,NRSC VIC MODEL
Uttarakhand,Almora,2021-01-08,2021,01,0,NRSC VIC MODEL
Uttarakhand,Almora,2021-01-10,2021,01,0,NRSC VIC MODEL
Uttarakhand,Almora,2021-01-13,2021,01,0,NRSC VIC MODEL
Uttarakhand,Almora,2021-01-14,2021,01,0,NRSC VIC MODEL
Uttarakhand,Almora,2021-01-18,2021,01,0,NRSC VIC MODEL
Uttarakhand,Almora,2021-01-20,2021,01,0,NRSC VIC MODEL
Uttarakhand,Almora,2021-01-22,2021,01,0,NRSC VIC MODEL
Uttarakhand,Almora,2021-01-23,2021,01,0,NRSC VIC MODEL
Uttarakhand,Almora,2021-02-01,2021,02,0,NRSC VIC MODEL
Uttarakhand,Almora,2021-02-22,2021,02,0,NRSC VIC MODEL
Uttarakhand,Almora,2021-02-28,2021,02,0.101865181,NRSC VIC MODEL
Uttarakhand,Almora,2021-03-06,2021,03,0.000613954,NRSC VIC MODEL
Uttarakhand,Almora,2021-03-12,2021,03,0,NRSC VIC MODEL
Uttarakhand,Almora,2021-03-22,2021,03,0.025018621,NRSC VIC MODEL
Uttarakhand,Almora,2021-04-02,2021,04,0.000460465,NRSC VIC MODEL
Uttarakhand,Almora,2021-04-23,2021,04,4.39665163,NRSC VIC MODEL
Uttarakhand,Almora,2021-04-24,2021,04,22.7065214,NRSC VIC MODEL
Uttarakhand,Almora,2021-04-30,2021,04,13.73833508,NRSC VIC MODEL
Uttarakhand,Almora,2021-05-01,2021,05,10.59953852,NRSC VIC MODEL
Uttarakhand,Almora,2021-05-11,2021,05,0.664741508,NRSC VIC MODEL
Uttarakhand,Almora,2021-05-16,2021,05,0.891341652,NRSC VIC MODEL
Uttarakhand,Almora,2021-05-17,2021,05,0.005286825,NRSC VIC MODEL
Uttarakhand,Almora,2021-05-26,2021,05,0.005261244,NRSC VIC MODEL
Uttarakhand,Almora,2021-06-02,2021,06,0.11652333,NRSC VIC MODEL
Uttarakhand,Almora,2021-06-09,2021,06,0.008919386,NRSC VIC MODEL
Uttarakhand,Almora,2021-06-20,2021,06,40.97748185,NRSC VIC MODEL
Uttarakhand,Almora,2021-06-23,2021,06,0.045100029,NRSC VIC MODEL
Uttarakhand,Almora,2021-06-25,2021,06,0.101217119,NRSC VIC MODEL
Uttarakhand,Almora,2021-06-29,2021,06,1.999511348,NRSC VIC MODEL
Uttarakhand,Almora,2021-07-02,2021,07,0.031968237,NRSC VIC MODEL
Uttarakhand,Almora,2021-07-07,2021,07,0.152345833,NRSC VIC MODEL
Uttarakhand,Almora,2021-07-08,2021,07,0.016696135,NRSC VIC MODEL
Uttarakhand,Almora,2021-07-12,2021,07,15.62386419,NRSC VIC MODEL
Uttarakhand,Almora,2021-07-13,2021,07,6.167601593,NRSC VIC MODEL
Uttarakhand,Almora,2021-07-18,2021,07,7.243521656,NRSC VIC MODEL
Uttarakhand,Almora,2021-07-31,2021,07,9.831362835,NRSC VIC MODEL
Uttarakhand,Almora,2021-08-07,2021,08,2.905144481,NRSC VIC MODEL
Uttarakhand,Almora,2021-08-08,2021,08,26.32303378,NRSC VIC MODEL
Uttarakhand,Almora,2021-08-13,2021,08,14.00682905,NRSC VIC MODEL
Uttarakhand,Almora,2021-08-14,2021,08,5.795281201,NRSC VIC MODEL
Uttarakhand,Almora,2021-08-18,2021,08,0.634939163,NRSC VIC MODEL
Uttarakhand,Almora,2021-08-29,2021,08,8.530880613,NRSC VIC MODEL
Uttarakhand,Almora,2021-09-05,2021,09,2.347333274,NRSC VIC MODEL
Uttarakhand,Almora,2021-09-07,2021,09,20.28502762,NRSC VIC MODEL
Uttarakhand,Almora,2021-09-10,2021,09,13.50583416,NRSC VIC MODEL
Uttarakhand,Almora,2021-09-12,2021,09,7.535311764,NRSC VIC MODEL
Uttarakhand,Almora,2021-10-07,2021,10,0,NRSC VIC MODEL
Uttarakhand,Almora,2021-10-08,2021,10,0.002182947,NRSC VIC MODEL
Uttarakhand,Almora,2021-10-11,2021,10,0,NRSC VIC MODEL
Uttarakhand,Almora,2021-10-15,2021,10,0,NRSC VIC MODEL
Uttarakhand,Almora,2021-10-18,2021,10,69.47536197,NRSC VIC MODEL
Uttarakhand,Almora,2021-10-21,2021,10,0.001057365,NRSC VIC MODEL
Uttarakhand,Almora,2021-10-26,2021,10,0,NRSC VIC MODEL
Uttarakhand,Almora,2021-10-27,2021,10,0,NRSC VIC MODEL
Uttarakhand,Almora,2021-10-31,2021,10,0,NRSC VIC MODEL
Uttarakhand,Almora,2021-11-02,2021,11,0.013984505,NRSC VIC MODEL
Uttarakhand,Almora,2021-11-03,2021,11,0.091607035,NRSC VIC MODEL
Uttarakhand,Almora,2021-11-11,2021,11,0.000102326,NRSC VIC MODEL
Uttarakhand,Almora,2021-11-12,2021,11,0,NRSC VIC MODEL
Uttarakhand,Almora,2021-11-13,2021,11,0,NRSC VIC MODEL
Uttarakhand,Almora,2021-11-22,2021,11,0,NRSC VIC MODEL
Uttarakhand,Almora,2021-11-28,2021,11,0,NRSC VIC MODEL
Uttarakhand,Almora,2021-12-01,2021,12,0,NRSC VIC MODEL
Uttarakhand,Almora,2021-12-03,2021,12,0.092093082,NRSC VIC MODEL
Uttarakhand,Almora,2021-12-06,2021,12,2.030805941,NRSC VIC MODEL
Uttarakhand,Almora,2021-12-10,2021,12,0,NRSC VIC MODEL
Uttarakhand,Almora,2021-12-14,2021,12,0.050582978,NRSC VIC MODEL
Uttarakhand,Almora,2021-12-17,2021,12,3.41e-05,NRSC VIC MODEL
Uttarakhand,Almora,2021-12-18,2021,12,0,NRSC VIC MODEL
Uttarakhand,Almora,2021-12-29,2021,12,2.477875218,NRSC VIC MODEL
Uttarakhand,Bageshwar,2021-01-01,2021,01,0,NRSC VIC MODEL
Uttarakhand,Bageshwar,2021-01-17,2021,01,0,NRSC VIC MODEL
Uttarakhand,Bageshwar,2021-01-18,2021,01,0,NRSC VIC MODEL
Uttarakhand,Bageshwar,2021-01-25,2021,01,0,NRSC VIC MODEL
Uttarakhand,Bageshwar,2021-01-28,2021,01,0,NRSC VIC MODEL
Uttarakhand,Bageshwar,2021-02-01,2021,02,0,NRSC VIC MODEL
Uttarakhand,Bageshwar,2021-02-03,2021,02,0,NRSC VIC MODEL
Uttarakhand,Bageshwar,2021-02-07,2021,02,0,NRSC VIC MODEL
Uttarakhand,Bageshwar,2021-02-26,2021,02,0,NRSC VIC MODEL
Uttarakhand,Bageshwar,2021-02-28,2021,02,0.489744864,NRSC VIC MODEL
Uttarakhand,Bageshwar,2021-03-01,2021,03,0.237323724,NRSC VIC MODEL
Uttarakhand,Bageshwar,2021-03-03,2021,03,0.003110403,NRSC VIC MODEL
Uttarakhand,Bageshwar,2021-03-05,2021,03,0.006137064,NRSC VIC MODEL
Uttarakhand,Bageshwar,2021-03-08,2021,03,12.55715019,NRSC VIC MODEL
Uttarakhand,Bageshwar,2021-03-17,2021,03,0,NRSC VIC MODEL
Uttarakhand,Bageshwar,2021-03-18,2021,03,0,NRSC VIC MODEL
Uttarakhand,Bageshwar,2021-03-19,2021,03,0,NRSC VIC MODEL
Uttarakhand,Bageshwar,2021-03-22,2021,03,2.565926686,NRSC VIC MODEL
Uttarakhand,Bageshwar,2021-03-25,2021,03,1.482848586,NRSC VIC MODEL
Uttarakhand,Bageshwar,2021-03-27,2021,03,0,NRSC VIC MODEL
Uttarakhand,Bageshwar,2021-03-28,2021,03,0.167040587,NRSC VIC MODEL
Uttarakhand,Bageshwar,2021-04-01,2021,04,0,NRSC VIC MODEL
Uttarakhand,Bageshwar,2021-04-03,2021,04,0.013769513,NRSC VIC MODEL
Uttarakhand,Bageshwar,2021-04-04,2021,04,0.005287685,NRSC VIC MODEL
Uttarakhand,Bageshwar,2021-04-10,2021,04,0,NRSC VIC MODEL
Uttarakhand,Bageshwar,2021-04-14,2021,04,0,NRSC VIC MODEL
Uttarakhand,Bageshwar,2021-04-18,2021,04,4.790713977,NRSC VIC MODEL
Uttarakhand,Bageshwar,2021-04-19,2021,04,0.790532766,NRSC VIC MODEL
Uttarakhand,Bageshwar,2021-04-21,2021,04,12.34982989,NRSC VIC MODEL
Uttarakhand,Bageshwar,2021-04-26,2021,04,0.469969881,NRSC VIC MODEL
Uttarakhand,Bageshwar,2021-04-28,2021,04,8.062498697,NRSC VIC MODEL
Uttarakhand,Bageshwar,2021-05-02,2021,05,10.08256168,NRSC VIC MODEL
Uttarakhand,Bageshwar,2021-05-12,2021,05,1.963262242,NRSC VIC MODEL
Uttarakhand,Bageshwar,2021-06-09,2021,06,0.058332013,NRSC VIC MODEL
Uttarakhand,Bageshwar,2021-06-19,2021,06,82.91220961,NRSC VIC MODEL
Uttarakhand,Bageshwar,2021-06-24,2021,06,5.141926291,NRSC VIC MODEL
Uttarakhand,Bageshwar,2021-06-25,2021,06,2.15324803,NRSC VIC MODEL
Uttarakhand,Bageshwar,2021-07-01,2021,07,3.15549155,NRSC VIC MODEL
Uttarakhand,Bageshwar,2021-07-15,2021,07,1.72563944,NRSC VIC MODEL
Uttarakhand,Bageshwar,2021-07-17,2021,07,15.83407904,NRSC VIC MODEL
Uttarakhand,Bageshwar,2021-07-18,2021,07,26.93005776,NRSC VIC MODEL
Uttarakhand,Bageshwar,2021-07-20,2021,07,29.73442074,NRSC VIC MODEL
Uttarakhand,Bageshwar,2021-07-26,2021,07,27.16494101,NRSC VIC MODEL
Uttarakhand,Bageshwar,2021-08-02,2021,08,6.876442342,NRSC VIC MODEL
Uttarakhand,Bageshwar,2021-08-22,2021,08,3.449304971,NRSC VIC MODEL
Uttarakhand,Bageshwar,2021-08-27,2021,08,4.569983055,NRSC VIC MODEL
Uttarakhand,Bageshwar,2021-09-08,2021,09,11.50113259,NRSC VIC MODEL
Uttarakhand,Bageshwar,2021-09-11,2021,09,11.77948971,NRSC VIC MODEL
Uttarakhand,Bageshwar,2021-09-15,2021,09,1.633882562,NRSC VIC MODEL
Uttarakhand,Bageshwar,2021-09-22,2021,09,3.973958124,NRSC VIC MODEL
Uttarakhand,Bageshwar,2021-10-05,2021,10,0.517834193,NRSC VIC MODEL
Uttarakhand,Bageshwar,2021-10-06,2021,10,0.024213289,NRSC VIC MODEL
Uttarakhand,Bageshwar,2021-10-08,2021,10,0.510752045,NRSC VIC MODEL
Uttarakhand,Bageshwar,2021-10-12,2021,10,0,NRSC VIC MODEL
Uttarakhand,Bageshwar,2021-10-19,2021,10,184.1339481,NRSC VIC MODEL
Uttarakhand,Bageshwar,2021-10-23,2021,10,0,NRSC VIC MODEL
Uttarakhand,Bageshwar,2021-10-25,2021,10,0.025708674,NRSC VIC MODEL
Uttarakhand,Bageshwar,2021-10-27,2021,10,0,NRSC VIC MODEL
Uttarakhand,Bageshwar,2021-11-05,2021,11,0,NRSC VIC MODEL
Uttarakhand,Bageshwar,2021-11-08,2021,11,0,NRSC VIC MODEL
Uttarakhand,Bageshwar,2021-11-17,2021,11,0,NRSC VIC MODEL
Uttarakhand,Bageshwar,2021-11-18,2021,11,0,NRSC VIC MODEL
Uttarakhand,Bageshwar,2021-11-22,2021,11,0,NRSC VIC MODEL
Uttarakhand,Bageshwar,2021-11-26,2021,11,0,NRSC VIC MODEL
Uttarakhand,Bageshwar,2021-11-30,2021,11,0,NRSC VIC MODEL
Uttarakhand,Bageshwar,2021-12-14,2021,12,9.766389245,NRSC VIC MODEL
Uttarakhand,Bageshwar,2021-12-15,2021,12,0,NRSC VIC MODEL
Uttarakhand,Bageshwar,2021-12-18,2021,12,0,NRSC VIC MODEL
Uttarakhand,Bageshwar,2021-12-25,2021,12,0,NRSC VIC MODEL
Uttarakhand,Chamoli,2021-01-05,2021,01,2.622605906,NRSC VIC MODEL
Uttarakhand,Chamoli,2021-01-11,2021,01,0,NRSC VIC MODEL
Uttarakhand,Chamoli,2021-01-16,2021,01,0,NRSC VIC MODEL
Uttarakhand,Chamoli,2021-01-17,2021,01,0,NRSC VIC MODEL
Uttarakhand,Chamoli,2021-01-20,2021,01,0,NRSC VIC MODEL
Uttarakhand,Chamoli,2021-01-21,2021,01,0,NRSC VIC MODEL
Uttarakhand,Chamoli,2021-01-27,2021,01,0,NRSC VIC MODEL
Uttarakhand,Chamoli,2021-02-01,2021,02,0,NRSC VIC MODEL
Uttarakhand,Chamoli,2021-02-11,2021,02,0.000523901,NRSC VIC MODEL
Uttarakhand,Chamoli,2021-02-12,2021,02,0,NRSC VIC MODEL
Uttarakhand,Chamoli,2021-02-13,2021,02,0,NRSC VIC MODEL
Uttarakhand,Chamoli,2021-02-14,2021,02,0,NRSC VIC MODEL
Uttarakhand,Chamoli,2021-02-19,2021,02,0.166338677,NRSC VIC MODEL
Uttarakhand,Chamoli,2021-03-02,2021,03,0.000442254,NRSC VIC MODEL
Uttarakhand,Chamoli,2021-03-07,2021,03,1.693875106,NRSC VIC MODEL
Uttarakhand,Chamoli,2021-03-08,2021,03,20.72481938,NRSC VIC MODEL
Uttarakhand,Chamoli,2021-03-09,2021,03,6.355066192,NRSC VIC MODEL
Uttarakhand,Chamoli,2021-03-11,2021,03,0.818208028,NRSC VIC MODEL
Uttarakhand,Chamoli,2021-03-14,2021,03,0,NRSC VIC MODEL
Uttarakhand,Chamoli,2021-03-16,2021,03,0.061725104,NRSC VIC MODEL
Uttarakhand,Chamoli,2021-03-25,2021,03,2.972405308,NRSC VIC MODEL
Uttarakhand,Chamoli,2021-03-29,2021,03,0.87137721,NRSC VIC MODEL
Uttarakhand,Chamoli,2021-04-15,2021,04,1.141669481,NRSC VIC MODEL
Uttarakhand,Chamoli,2021-04-16,2021,04,0.640442178,NRSC VIC MODEL
Uttarakhand,Chamoli,2021-04-17,2021,04,2.500921313,NRSC VIC MODEL
Uttarakhand,Chamoli,2021-04-20,2021,04,0.001915302,NRSC VIC MODEL
Uttarakhand,Chamoli,2021-05-08,2021,05,6.343778499,NRSC VIC MODEL
Uttarakhand,Chamoli,2021-05-10,2021,05,4.235456607,NRSC VIC MODEL
Uttarakhand,Chamoli,2021-05-11,2021,05,3.03457947,NRSC VIC MODEL
Uttarakhand,Chamoli,2021-05-13,2021,05,6.257205503,NRSC VIC MODEL
Uttarakhand,Chamoli,2021-05-15,2021,05,1.440718492,NRSC VIC MODEL
Uttarakhand,Chamoli,2021-06-05,2021,06,0.037060917,NRSC VIC MODEL
Uttarakhand,Chamoli,2021-06-06,2021,06,0.404509671,NRSC VIC MODEL
Uttarakhand,Chamoli,2021-06-12,2021,06,8.803869527,NRSC VIC MODEL
Uttarakhand,Chamoli,2021-06-13,2021,06,3.495000301,NRSC VIC MODEL
Uttarakhand,Chamoli,2021-06-17,2021,06,4.855555083,NRSC VIC MODEL
Uttarakhand,Chamoli,2021-06-27,2021,06,1.939931836,NRSC VIC MODEL
Uttarakhand,Chamoli,2021-07-12,2021,07,8.787904144,NRSC VIC MODEL
Uttarakhand,Chamoli,2021-07-17,2021,07,3.42361364,NRSC VIC MODEL
Uttarakhand,Chamoli,2021-07-22,2021,07,16.15468847,NRSC VIC MODEL
Uttarakhand,Chamoli,2021-07-29,2021,07,9.86191891,NRSC VIC MODEL
Uttarakhand,Chamoli,2021-08-04,2021,08,3.757743629,NRSC VIC MODEL
Uttarakhand,Chamoli,2021-08-06,2021,08,13.38055261,NRSC VIC MODEL
Uttarakhand,Chamoli,2021-08-14,2021,08,2.609467548,NRSC VIC MODEL
Uttarakhand,Chamoli,2021-08-15,2021,08,0.136636192,NRSC VIC MODEL
Uttarakhand,Chamoli,2021-08-17,2021,08,0.048222737,NRSC VIC MODEL
Uttarakhand,Chamoli,2021-08-29,2021,08,10.37505646,NRSC VIC MODEL
Uttarakhand,Chamoli,2021-09-05,2021,09,0.679874259,NRSC VIC MODEL
Uttarakhand,Chamoli,2021-09-08,2021,09,8.903730567,NRSC VIC MODEL
Uttarakhand,Chamoli,2021-09-14,2021,09,12.02209683,NRSC VIC MODEL
Uttarakhand,Chamoli,2021-09-17,2021,09,3.40673313,NRSC VIC MODEL
Uttarakhand,Chamoli,2021-09-26,2021,09,5.879418202,NRSC VIC MODEL
Uttarakhand,Chamoli,2021-10-04,2021,10,0.00078245,NRSC VIC MODEL
Uttarakhand,Chamoli,2021-10-06,2021,10,0,NRSC VIC MODEL
Uttarakhand,Chamoli,2021-10-08,2021,10,0.077676879,NRSC VIC MODEL
Uttarakhand,Chamoli,2021-10-12,2021,10,0,NRSC VIC MODEL
Uttarakhand,Chamoli,2021-10-13,2021,10,0,NRSC VIC MODEL
Uttarakhand,Chamoli,2021-10-17,2021,10,0.113366808,NRSC VIC MODEL
Uttarakhand,Chamoli,2021-10-25,2021,10,0.103171143,NRSC VIC MODEL
Uttarakhand,Chamoli,2021-10-30,2021,10,0.005460141,NRSC VIC MODEL
Uttarakhand,Chamoli,2021-11-03,2021,11,2.173772139,NRSC VIC MODEL
Uttarakhand,Chamoli,2021-11-14,2021,11,0.180990905,NRSC VIC MODEL
Uttarakhand,Chamoli,2021-11-16,2021,11,0,NRSC VIC MODEL
Uttarakhand,Chamoli,2021-11-20,2021,11,2.083889039,NRSC VIC MODEL
Uttarakhand,Chamoli,2021-11-24,2021,11,1.36e-05,NRSC VIC MODEL
Uttarakhand,Chamoli,2021-12-06,2021,12,2.512283849,NRSC VIC MODEL
Uttarakhand,Chamoli,2021-12-12,2021,12,0.443115077,NRSC VIC MODEL
Uttarakhand,Chamoli,2021-12-14,2021,12,10.36216645,NRSC VIC MODEL
Uttarakhand,Chamoli,2021-12-17,2021,12,0.087722858,NRSC VIC MODEL
Uttarakhand,Chamoli,2021-12-18,2021,12,0.237507613,NRSC VIC MODEL
Uttarakhand,Chamoli,2021-12-19,2021,12,0.576611263,NRSC VIC MODEL
Uttarakhand,Chamoli,2021-12-22,2021,12,0,NRSC VIC MODEL
Uttarakhand,Chamoli,2021-12-25,2021,12,0,NRSC VIC MODEL
Uttarakhand,Champawat,2021-01-08,2021,01,0,NRSC VIC MODEL
Uttarakhand,Champawat,2021-01-09,2021,01,0,NRSC VIC MODEL
Uttarakhand,Champawat,2021-01-12,2021,01,0,NRSC VIC MODEL
Uttarakhand,Champawat,2021-01-16,2021,01,0,NRSC VIC MODEL
Uttarakhand,Champawat,2021-01-20,2021,01,0,NRSC VIC MODEL
Uttarakhand,Champawat,2021-01-22,2021,01,0,NRSC VIC MODEL
Uttarakhand,Champawat,2021-01-23,2021,01,0,NRSC VIC MODEL
Uttarakhand,Champawat,2021-01-24,2021,01,0,NRSC VIC MODEL
Uttarakhand,Champawat,2021-01-25,2021,01,0,NRSC VIC MODEL
Uttarakhand,Champawat,2021-01-26,2021,01,0,NRSC VIC MODEL
Uttarakhand,Champawat,2021-01-30,2021,01,0,NRSC VIC MODEL
Uttarakhand,Champawat,2021-02-07,2021,02,0,NRSC VIC MODEL
Uttarakhand,Champawat,2021-02-10,2021,02,0,NRSC VIC MODEL
Uttarakhand,Champawat,2021-02-12,2021,02,0,NRSC VIC MODEL
Uttarakhand,Champawat,2021-02-13,2021,02,0,NRSC VIC MODEL
Uttarakhand,Champawat,2021-02-16,2021,02,0,NRSC VIC MODEL
Uttarakhand,Champawat,2021-02-25,2021,02,0,NRSC VIC MODEL
Uttarakhand,Champawat,2021-03-01,2021,03,0,NRSC VIC MODEL
Uttarakhand,Champawat,2021-03-08,2021,03,2.679056252,NRSC VIC MODEL
Uttarakhand,Champawat,2021-03-10,2021,03,0.00091346,NRSC VIC MODEL
Uttarakhand,Champawat,2021-03-26,2021,03,0,NRSC VIC MODEL
Uttarakhand,Champawat,2021-04-03,2021,04,0.001750798,NRSC VIC MODEL
Uttarakhand,Champawat,2021-04-04,2021,04,0.014310873,NRSC VIC MODEL
Uttarakhand,Champawat,2021-04-07,2021,04,0.143230521,NRSC VIC MODEL
Uttarakhand,Champawat,2021-04-22,2021,04,15.04509651,NRSC VIC MODEL
Uttarakhand,Champawat,2021-04-23,2021,04,3.017371371,NRSC VIC MODEL
Uttarakhand,Champawat,2021-05-11,2021,05,1.166534035,NRSC VIC MODEL
Uttarakhand,Champawat,2021-05-14,2021,05,2.259595441,NRSC VIC MODEL
Uttarakhand,Champawat,2021-05-23,2021,05,0.628506122,NRSC VIC MODEL
Uttarakhand,Champawat,2021-06-03,2021,06,0.247425853,NRSC VIC MODEL
Uttarakhand,Champawat,2021-06-11,2021,06,16.93064532,NRSC VIC MODEL
Uttarakhand,Champawat,2021-06-30,2021,06,0.208847394,NRSC VIC MODEL
Uttarakhand,Champawat,2021-07-02,2021,07,0.359065884,NRSC VIC MODEL
Uttarakhand,Champawat,2021-07-09,2021,07,14.85710645,NRSC VIC MODEL
Uttarakhand,Champawat,2021-07-25,2021,07,0.318142878,NRSC VIC MODEL
Uttarakhand,Champawat,2021-08-03,2021,08,2.657315905,NRSC VIC MODEL
Uttarakhand,Champawat,2021-08-12,2021,08,2.000401179,NRSC VIC MODEL
Uttarakhand,Champawat,2021-08-17,2021,08,0.001629004,NRSC VIC MODEL
Uttarakhand,Champawat,2021-08-20,2021,08,31.32444488,NRSC VIC MODEL
Uttarakhand,Champawat,2021-08-31,2021,08,6.877500895,NRSC VIC MODEL
Uttarakhand,Champawat,2021-09-08,2021,09,19.29297456,NRSC VIC MODEL
Uttarakhand,Champawat,2021-09-16,2021,09,1.703024291,NRSC VIC MODEL
Uttarakhand,Champawat,2021-09-22,2021,09,5.096817284,NRSC VIC MODEL
Uttarakhand,Champawat,2021-10-02,2021,10,2.291262053,NRSC VIC MODEL
Uttarakhand,Champawat,2021-10-10,2021,10,0.008297261,NRSC VIC MODEL
Uttarakhand,Champawat,2021-10-19,2021,10,260.4584146,NRSC VIC MODEL
Uttarakhand,Champawat,2021-10-20,2021,10,29.72540278,NRSC VIC MODEL
Uttarakhand,Champawat,2021-10-23,2021,10,0,NRSC VIC MODEL
Uttarakhand,Champawat,2021-10-26,2021,10,0,NRSC VIC MODEL
Uttarakhand,Champawat,2021-10-31,2021,10,0,NRSC VIC MODEL
Uttarakhand,Champawat,2021-11-04,2021,11,0,NRSC VIC MODEL
Uttarakhand,Champawat,2021-11-06,2021,11,0.011296455,NRSC VIC MODEL
Uttarakhand,Champawat,2021-11-10,2021,11,0.018817275,NRSC VIC MODEL
Uttarakhand,Champawat,2021-11-13,2021,11,0,NRSC VIC MODEL
Uttarakhand,Champawat,2021-11-17,2021,11,0,NRSC VIC MODEL
Uttarakhand,Champawat,2021-11-21,2021,11,0.156506139,NRSC VIC MODEL
Uttarakhand,Champawat,2021-11-22,2021,11,0,NRSC VIC MODEL
Uttarakhand,Champawat,2021-11-23,2021,11,0.002862175,NRSC VIC MODEL
Uttarakhand,Champawat,2021-11-27,2021,11,0,NRSC VIC MODEL
Uttarakhand,Champawat,2021-11-28,2021,11,0,NRSC VIC MODEL
Uttarakhand,Champawat,2021-12-13,2021,12,0.001431087,NRSC VIC MODEL
Uttarakhand,Champawat,2021-12-16,2021,12,0,NRSC VIC MODEL
Uttarakhand,Champawat,2021-12-30,2021,12,0.019989549,NRSC VIC MODEL
Uttarakhand,Dehradun,2021-01-01,2021,01,0,NRSC VIC MODEL
Uttarakhand,Dehradun,2021-01-02,2021,01,0,NRSC VIC MODEL
Uttarakhand,Dehradun,2021-01-03,2021,01,1.672339546,NRSC VIC MODEL
Uttarakhand,Dehradun,2021-01-04,2021,01,0,NRSC VIC MODEL
Uttarakhand,Dehradun,2021-01-11,2021,01,0,NRSC VIC MODEL
Uttarakhand,Dehradun,2021-01-12,2021,01,0,NRSC VIC MODEL
Uttarakhand,Dehradun,2021-01-23,2021,01,0,NRSC VIC MODEL
Uttarakhand,Dehradun,2021-01-29,2021,01,0,NRSC VIC MODEL
Uttarakhand,Dehradun,2021-02-03,2021,02,0,NRSC VIC MODEL
Uttarakhand,Dehradun,2021-02-06,2021,02,0.411456387,NRSC VIC MODEL
Uttarakhand,Haridwar,2021-03-20,2021,03,9.35e-05,NRSC VIC MODEL
Uttarakhand,Haridwar,2021-03-24,2021,03,4.1707114,NRSC VIC MODEL
Uttarakhand,Haridwar,2021-03-27,2021,03,0,NRSC VIC MODEL
Uttarakhand,Haridwar,2021-03-31,2021,03,0,NRSC VIC MODEL
Uttarakhand,Haridwar,2021-04-11,2021,04,0,NRSC VIC MODEL
Uttarakhand,Haridwar,2021-04-21,2021,04,3.893962288,NRSC VIC MODEL
Uttarakhand,Haridwar,2021-04-22,2021,04,5.939065166,NRSC VIC MODEL
Uttarakhand,Haridwar,2021-04-24,2021,04,8.337518505,NRSC VIC MODEL
Uttarakhand,Haridwar,2021-04-26,2021,04,0,NRSC VIC MODEL
Uttarakhand,Haridwar,2021-05-02,2021,05,0.001776805,NRSC VIC MODEL
Uttarakhand,Haridwar,2021-05-05,2021,05,1.095073149,NRSC VIC MODEL
Uttarakhand,Haridwar,2021-05-09,2021,05,0.727367972,NRSC VIC MODEL
Uttarakhand,Haridwar,2021-05-15,2021,05,0,NRSC VIC MODEL
Uttarakhand,Haridwar,2021-05-18,2021,05,0.281459984,NRSC VIC MODEL
Uttarakhand,Haridwar,2021-05-20,2021,05,41.88968074,NRSC VIC MODEL
Uttarakhand,Haridwar,2021-05-24,2021,05,0.001028677,NRSC VIC MODEL
Uttarakhand,Haridwar,2021-06-02,2021,06,0.02067874,NRSC VIC MODEL
Uttarakhand,Haridwar,2021-06-13,2021,06,3.398958365,NRSC VIC MODEL
Uttarakhand,Haridwar,2021-06-17,2021,06,3.199523661,NRSC VIC MODEL
Uttarakhand,Haridwar,2021-06-19,2021,06,18.12599724,NRSC VIC MODEL
Uttarakhand,Haridwar,2021-06-21,2021,06,12.26027205,NRSC VIC MODEL
Uttarakhand,Haridwar,2021-06-22,2021,06,0.019942301,NRSC VIC MODEL
Uttarakhand,Haridwar,2021-06-23,2021,06,0.008884026,NRSC VIC MODEL
Uttarakhand,Haridwar,2021-06-24,2021,06,33.09040328,NRSC VIC MODEL
Uttarakhand,Haridwar,2021-07-17,2021,07,4.526236109,NRSC VIC MODEL
Uttarakhand,Haridwar,2021-07-21,2021,07,4.319203226,NRSC VIC MODEL
Uttarakhand,Haridwar,2021-07-27,2021,07,4.799419921,NRSC VIC MODEL
Uttarakhand,Haridwar,2021-07-29,2021,07,89.71963068,NRSC VIC MODEL
Uttarakhand,Haridwar,2021-08-04,2021,08,6.479880273,NRSC VIC MODEL
Uttarakhand,Haridwar,2021-08-06,2021,08,15.0941362,NRSC VIC MODEL
Uttarakhand,Haridwar,2021-08-14,2021,08,2.793652239,NRSC VIC MODEL
Uttarakhand,Haridwar,2021-08-17,2021,08,0.00331982,NRSC VIC MODEL
Uttarakhand,Haridwar,2021-08-25,2021,08,5.462928109,NRSC VIC MODEL
Uttarakhand,Haridwar,2021-08-27,2021,08,1.297348403,NRSC VIC MODEL
Uttarakhand,Haridwar,2021-09-02,2021,09,9.132907726,NRSC VIC MODEL
Uttarakhand,Haridwar,2021-09-05,2021,09,11.49252852,NRSC VIC MODEL
Uttarakhand,Haridwar,2021-09-10,2021,09,25.15042158,NRSC VIC MODEL
Uttarakhand,Haridwar,2021-09-14,2021,09,37.82044597,NRSC VIC MODEL
Uttarakhand,Haridwar,2021-09-15,2021,09,3.706345678,NRSC VIC MODEL
Uttarakhand,Haridwar,2021-09-22,2021,09,6.293268961,NRSC VIC MODEL
Uttarakhand,Haridwar,2021-09-30,2021,09,8.219536296,NRSC VIC MODEL
Uttarakhand,Haridwar,2021-10-07,2021,10,0,NRSC VIC MODEL
Uttarakhand,Haridwar,2021-10-08,2021,10,0.014588507,NRSC VIC MODEL
Uttarakhand,Haridwar,2021-10-09,2021,10,0,NRSC VIC MODEL
Uttarakhand,Haridwar,2021-10-14,2021,10,0,NRSC VIC MODEL
Uttarakhand,Haridwar,2021-10-23,2021,10,0,NRSC VIC MODEL
Uttarakhand,Haridwar,2021-10-24,2021,10,0,NRSC VIC MODEL
Uttarakhand,Haridwar,2021-10-25,2021,10,3.51795756,NRSC VIC MODEL
Uttarakhand,Haridwar,2021-10-27,2021,10,0,NRSC VIC MODEL
Uttarakhand,Haridwar,2021-10-29,2021,10,0,NRSC VIC MODEL
Uttarakhand,Haridwar,2021-11-08,2021,11,0,NRSC VIC MODEL
Uttarakhand,Haridwar,2021-11-19,2021,11,0,NRSC VIC MODEL
Uttarakhand,Haridwar,2021-11-24,2021,11,0,NRSC VIC MODEL
Uttarakhand,Haridwar,2021-11-25,2021,11,0,NRSC VIC MODEL
Uttarakhand,Haridwar,2021-11-30,2021,11,0,NRSC VIC MODEL
Uttarakhand,Haridwar,2021-12-08,2021,12,0,NRSC VIC MODEL
Uttarakhand,Haridwar,2021-12-11,2021,12,0,NRSC VIC MODEL
Uttarakhand,Haridwar,2021-12-15,2021,12,0,NRSC VIC MODEL
Uttarakhand,Haridwar,2021-12-29,2021,12,0.987062091,NRSC VIC MODEL
Uttarakhand,Nainital,2021-01-09,2021,01,0,NRSC VIC MODEL
Uttarakhand,Nainital,2021-01-23,2021,01,0,NRSC VIC MODEL
Uttarakhand,Nainital,2021-01-27,2021,01,0,NRSC VIC MODEL
Uttarakhand,Nainital,2021-01-31,2021,01,0,NRSC VIC MODEL
Uttarakhand,Nainital,2021-02-19,2021,02,0.486050292,NRSC VIC MODEL
Uttarakhand,Nainital,2021-02-20,2021,02,0,NRSC VIC MODEL
Uttarakhand,Nainital,2021-03-03,2021,03,0,NRSC VIC MODEL
Uttarakhand,Nainital,2021-03-15,2021,03,0.000101194,NRSC VIC MODEL
Uttarakhand,Nainital,2021-03-16,2021,03,0,NRSC VIC MODEL
Uttarakhand,Nainital,2021-03-19,2021,03,0,NRSC VIC MODEL
Uttarakhand,Nainital,2021-03-20,2021,03,0,NRSC VIC MODEL
Uttarakhand,Nainital,2021-03-25,2021,03,0.075133484,NRSC VIC MODEL
Uttarakhand,Nainital,2021-03-30,2021,03,0,NRSC VIC MODEL
Uttarakhand,Nainital,2021-04-10,2021,04,0,NRSC VIC MODEL
Uttarakhand,Nainital,2021-04-17,2021,04,1.232197229,NRSC VIC MODEL
Uttarakhand,Nainital,2021-04-18,2021,04,1.55808374,NRSC VIC MODEL
Uttarakhand,Nainital,2021-04-24,2021,04,11.50992755,NRSC VIC MODEL
Uttarakhand,Nainital,2021-04-27,2021,04,1.35e-05,NRSC VIC MODEL
Uttarakhand,Nainital,2021-04-29,2021,04,0.004945034,NRSC VIC MODEL
Uttarakhand,Nainital,2021-05-05,2021,05,4.431863599,NRSC VIC MODEL
Uttarakhand,Nainital,2021-05-08,2021,05,0.115658476,NRSC VIC MODEL
Uttarakhand,Nainital,2021-05-12,2021,05,6.906316783,NRSC VIC MODEL
Uttarakhand,Nainital,2021-05-15,2021,05,0,NRSC VIC MODEL
Uttarakhand,Nainital,2021-05-16,2021,05,0.106854561,NRSC VIC MODEL
Uttarakhand,Nainital,2021-05-19,2021,05,5.573903346,NRSC VIC MODEL
Uttarakhand,Nainital,2021-05-21,2021,05,69.5745572,NRSC VIC MODEL
Uttarakhand,Nainital,2021-06-02,2021,06,0.015442269,NRSC VIC MODEL
Uttarakhand,Nainital,2021-06-03,2021,06,0.955659865,NRSC VIC MODEL
Uttarakhand,Nainital,2021-06-04,2021,06,0,NRSC VIC MODEL
Uttarakhand,Nainital,2021-06-13,2021,06,15.89407461,NRSC VIC MODEL
Uttarakhand,Nainital,2021-06-14,2021,06,7.788017019,NRSC VIC MODEL
Uttarakhand,Nainital,2021-06-17,2021,06,8.149476741,NRSC VIC MODEL
Uttarakhand,Nainital,2021-06-24,2021,06,0.891570065,NRSC VIC MODEL
Uttarakhand,Nainital,2021-06-29,2021,06,3.963353672,NRSC VIC MODEL
Uttarakhand,Nainital,2021-07-02,2021,07,0.007312983,NRSC VIC MODEL
Uttarakhand,Nainital,2021-07-04,2021,07,0.127808553,NRSC VIC MODEL
Uttarakhand,Nainital,2021-07-07,2021,07,0.376234108,NRSC VIC MODEL
Uttarakhand,Nainital,2021-07-10,2021,07,2.717447972,NRSC VIC MODEL
Uttarakhand,Nainital,2021-07-17,2021,07,1.547168235,NRSC VIC MODEL
Uttarakhand,Nainital,2021-07-21,2021,07,17.29619751,NRSC VIC MODEL
Uttarakhand,Nainital,2021-07-26,2021,07,16.8553339,NRSC VIC MODEL
Uttarakhand,Nainital,2021-07-27,2021,07,1.656303044,NRSC VIC MODEL
Uttarakhand,Nainital,2021-07-30,2021,07,19.80102926,NRSC VIC MODEL
Uttarakhand,Dehradun,2021-02-12,2021,02,0,NRSC VIC MODEL
Uttarakhand,Dehradun,2021-02-16,2021,02,0,NRSC VIC MODEL
Uttarakhand,Dehradun,2021-02-19,2021,02,0.769137782,NRSC VIC MODEL
Uttarakhand,Dehradun,2021-02-22,2021,02,0,NRSC VIC MODEL
Uttarakhand,Dehradun,2021-02-26,2021,02,0,NRSC VIC MODEL
Uttarakhand,Dehradun,2021-03-06,2021,03,0.002163707,NRSC VIC MODEL
Uttarakhand,Dehradun,2021-03-08,2021,03,13.78557058,NRSC VIC MODEL
Uttarakhand,Dehradun,2021-03-09,2021,03,0.156516735,NRSC VIC MODEL
Uttarakhand,Dehradun,2021-03-11,2021,03,0.001287921,NRSC VIC MODEL
Uttarakhand,Dehradun,2021-03-20,2021,03,0.219161208,NRSC VIC MODEL
Uttarakhand,Dehradun,2021-03-22,2021,03,1.939179586,NRSC VIC MODEL
Uttarakhand,Dehradun,2021-04-04,2021,04,0.001906123,NRSC VIC MODEL
Uttarakhand,Dehradun,2021-04-08,2021,04,0.107404018,NRSC VIC MODEL
Uttarakhand,Dehradun,2021-04-10,2021,04,0,NRSC VIC MODEL
Uttarakhand,Dehradun,2021-04-12,2021,04,0,NRSC VIC MODEL
Uttarakhand,Dehradun,2021-04-16,2021,04,0.31901801,NRSC VIC MODEL
Uttarakhand,Dehradun,2021-04-27,2021,04,0,NRSC VIC MODEL
Uttarakhand,Dehradun,2021-04-30,2021,04,1.489781049,NRSC VIC MODEL
Uttarakhand,Dehradun,2021-05-02,2021,05,2.365223824,NRSC VIC MODEL
Uttarakhand,Dehradun,2021-05-03,2021,05,6.555337132,NRSC VIC MODEL
Uttarakhand,Dehradun,2021-05-07,2021,05,22.27285777,NRSC VIC MODEL
Uttarakhand,Dehradun,2021-05-11,2021,05,2.09274269,NRSC VIC MODEL
Uttarakhand,Dehradun,2021-05-14,2021,05,20.58883249,NRSC VIC MODEL
Uttarakhand,Dehradun,2021-06-02,2021,06,0.028677706,NRSC VIC MODEL
Uttarakhand,Dehradun,2021-06-04,2021,06,0.010483676,NRSC VIC MODEL
Uttarakhand,Dehradun,2021-06-07,2021,06,6.308545727,NRSC VIC MODEL
Uttarakhand,Dehradun,2021-06-12,2021,06,34.47731654,NRSC VIC MODEL
Uttarakhand,Dehradun,2021-06-20,2021,06,24.95053121,NRSC VIC MODEL
Uttarakhand,Dehradun,2021-06-22,2021,06,0.126937485,NRSC VIC MODEL
Uttarakhand,Dehradun,2021-06-26,2021,06,14.45573593,NRSC VIC MODEL
Uttarakhand,Dehradun,2021-06-27,2021,06,0.001107612,NRSC VIC MODEL
Uttarakhand,Dehradun,2021-07-01,2021,07,0,NRSC VIC MODEL
Uttarakhand,Dehradun,2021-07-04,2021,07,2.622378699,NRSC VIC MODEL
Uttarakhand,Dehradun,2021-07-05,2021,07,20.63580726,NRSC VIC MODEL
Uttarakhand,Dehradun,2021-07-12,2021,07,33.8548386,NRSC VIC MODEL
Uttarakhand,Dehradun,2021-07-20,2021,07,64.61712151,NRSC VIC MODEL
Uttarakhand,Dehradun,2021-07-23,2021,07,8.395990769,NRSC VIC MODEL
Uttarakhand,Dehradun,2021-08-02,2021,08,4.530742631,NRSC VIC MODEL
Uttarakhand,Dehradun,2021-08-06,2021,08,1.982196145,NRSC VIC MODEL
Uttarakhand,Dehradun,2021-08-08,2021,08,6.994363613,NRSC VIC MODEL
Uttarakhand,Dehradun,2021-08-12,2021,08,2.536611753,NRSC VIC MODEL
Uttarakhand,Dehradun,2021-08-16,2021,08,1.924634666,NRSC VIC MODEL
Uttarakhand,Dehradun,2021-08-18,2021,08,0.146101748,NRSC VIC MODEL
Uttarakhand,Dehradun,2021-08-20,2021,08,58.16221645,NRSC VIC MODEL
Uttarakhand,Dehradun,2021-08-23,2021,08,3.527890134,NRSC VIC MODEL
Uttarakhand,Dehradun,2021-08-28,2021,08,26.56476835,NRSC VIC MODEL
Uttarakhand,Dehradun,2021-08-30,2021,08,22.70611436,NRSC VIC MODEL
Uttarakhand,Dehradun,2021-09-04,2021,09,2.823732255,NRSC VIC MODEL
Uttarakhand,Dehradun,2021-09-06,2021,09,0.020933008,NRSC VIC MODEL
Uttarakhand,Dehradun,2021-09-07,2021,09,4.937785742,NRSC VIC MODEL
Uttarakhand,Dehradun,2021-09-10,2021,09,32.92145656,NRSC VIC MODEL
Uttarakhand,Dehradun,2021-09-14,2021,09,36.87865366,NRSC VIC MODEL
Uttarakhand,Dehradun,2021-09-15,2021,09,2.2804958,NRSC VIC MODEL
Uttarakhand,Dehradun,2021-09-16,2021,09,2.623855515,NRSC VIC MODEL
Uttarakhand,Dehradun,2021-09-17,2021,09,12.52875725,NRSC VIC MODEL
Uttarakhand,Dehradun,2021-10-01,2021,10,3.158377038,NRSC VIC MODEL
Uttarakhand,Dehradun,2021-10-04,2021,10,0,NRSC VIC MODEL
Uttarakhand,Dehradun,2021-10-06,2021,10,0.023053784,NRSC VIC MODEL
Uttarakhand,Dehradun,2021-10-13,2021,10,0,NRSC VIC MODEL
Uttarakhand,Dehradun,2021-10-18,2021,10,52.56048172,NRSC VIC MODEL
Uttarakhand,Dehradun,2021-10-20,2021,10,0.092635858,NRSC VIC MODEL
Uttarakhand,Dehradun,2021-10-24,2021,10,0.000163137,NRSC VIC MODEL
Uttarakhand,Dehradun,2021-11-06,2021,11,0,NRSC VIC MODEL
Uttarakhand,Dehradun,2021-11-08,2021,11,0,NRSC VIC MODEL
Uttarakhand,Dehradun,2021-11-14,2021,11,0,NRSC VIC MODEL
Uttarakhand,Dehradun,2021-11-19,2021,11,0,NRSC VIC MODEL
Uttarakhand,Dehradun,2021-11-22,2021,11,0,NRSC VIC MODEL
Uttarakhand,Dehradun,2021-11-26,2021,11,0,NRSC VIC MODEL
Uttarakhand,Dehradun,2021-12-02,2021,12,0.00309101,NRSC VIC MODEL
Uttarakhand,Dehradun,2021-12-04,2021,12,2.407931281,NRSC VIC MODEL
Uttarakhand,Dehradun,2021-12-06,2021,12,4.877888834,NRSC VIC MODEL
Uttarakhand,Dehradun,2021-12-08,2021,12,0,NRSC VIC MODEL
Uttarakhand,Dehradun,2021-12-10,2021,12,0,NRSC VIC MODEL
Uttarakhand,Dehradun,2021-12-14,2021,12,0.000206067,NRSC VIC MODEL
Uttarakhand,Dehradun,2021-12-15,2021,12,0,NRSC VIC MODEL
Uttarakhand,Dehradun,2021-12-23,2021,12,0.0017344,NRSC VIC MODEL
Uttarakhand,Dehradun,2021-12-28,2021,12,0,NRSC VIC MODEL
Uttarakhand,Dehradun,2021-12-30,2021,12,0,NRSC VIC MODEL
Uttarakhand,Dehradun,2021-12-31,2021,12,0,NRSC VIC MODEL
Uttarakhand,Haridwar,2021-01-02,2021,01,0,NRSC VIC MODEL
Uttarakhand,Haridwar,2021-01-06,2021,01,0,NRSC VIC MODEL
Uttarakhand,Haridwar,2021-01-14,2021,01,0,NRSC VIC MODEL
Uttarakhand,Haridwar,2021-01-15,2021,01,0,NRSC VIC MODEL
Uttarakhand,Haridwar,2021-01-26,2021,01,0,NRSC VIC MODEL
Uttarakhand,Haridwar,2021-01-28,2021,01,0,NRSC VIC MODEL
Uttarakhand,Haridwar,2021-02-01,2021,02,0,NRSC VIC MODEL
Uttarakhand,Haridwar,2021-02-04,2021,02,0.098355524,NRSC VIC MODEL
Uttarakhand,Haridwar,2021-02-08,2021,02,0,NRSC VIC MODEL
Uttarakhand,Haridwar,2021-02-17,2021,02,0,NRSC VIC MODEL
Uttarakhand,Haridwar,2021-02-20,2021,02,0,NRSC VIC MODEL
Uttarakhand,Haridwar,2021-03-05,2021,03,0,NRSC VIC MODEL
Uttarakhand,Haridwar,2021-03-06,2021,03,0,NRSC VIC MODEL
Uttarakhand,Haridwar,2021-03-07,2021,03,0.715748601,NRSC VIC MODEL
Uttarakhand,Haridwar,2021-03-08,2021,03,2.272580712,NRSC VIC MODEL
Uttarakhand,Haridwar,2021-03-11,2021,03,0,NRSC VIC MODEL
Uttarakhand,Haridwar,2021-03-14,2021,03,0,NRSC VIC MODEL
Uttarakhand,Udam Singh Nagar,2021-12-03,2021,12,0,NRSC VIC MODEL
Uttarakhand,Udam Singh Nagar,2021-12-06,2021,12,0.132216237,NRSC VIC MODEL
Uttarakhand,Udam Singh Nagar,2021-12-09,2021,12,0,NRSC VIC MODEL
Uttarakhand,Udam Singh Nagar,2021-12-13,2021,12,0.002303982,NRSC VIC MODEL
Uttarakhand,Udam Singh Nagar,2021-12-23,2021,12,0,NRSC VIC MODEL
Uttarakhand,Udam Singh Nagar,2021-05-15,2021,05,0,NRSC VIC MODEL
Uttarakhand,Udam Singh Nagar,2021-05-23,2021,05,0.887518163,NRSC VIC MODEL
Uttarakhand,Udam Singh Nagar,2021-12-16,2021,12,0,NRSC VIC MODEL
Uttarakhand,Uttar Kashi,2021-01-05,2021,01,1.003409978,NRSC VIC MODEL
Uttarakhand,Uttar Kashi,2021-01-10,2021,01,0,NRSC VIC MODEL
Uttarakhand,Uttar Kashi,2021-01-14,2021,01,0,NRSC VIC MODEL
Uttarakhand,Uttar Kashi,2021-01-19,2021,01,0,NRSC VIC MODEL
Uttarakhand,Uttar Kashi,2021-01-25,2021,01,0,NRSC VIC MODEL
Uttarakhand,Uttar Kashi,2021-01-26,2021,01,0,NRSC VIC MODEL
Uttarakhand,Uttar Kashi,2021-02-01,2021,02,0,NRSC VIC MODEL
Uttarakhand,Uttar Kashi,2021-02-04,2021,02,3.24206472,NRSC VIC MODEL
Uttarakhand,Uttar Kashi,2021-02-05,2021,02,13.91307245,NRSC VIC MODEL
Uttarakhand,Uttar Kashi,2021-02-15,2021,02,1.225107734,NRSC VIC MODEL
Uttarakhand,Uttar Kashi,2021-02-17,2021,02,0,NRSC VIC MODEL
Uttarakhand,Uttar Kashi,2021-02-19,2021,02,2.206913501,NRSC VIC MODEL
Uttarakhand,Uttar Kashi,2021-02-21,2021,02,0,NRSC VIC MODEL
Uttarakhand,Uttar Kashi,2021-02-24,2021,02,0,NRSC VIC MODEL
Uttarakhand,Uttar Kashi,2021-03-05,2021,03,0.074143611,NRSC VIC MODEL
Uttarakhand,Uttar Kashi,2021-03-12,2021,03,0.006116715,NRSC VIC MODEL
Uttarakhand,Uttar Kashi,2021-03-16,2021,03,0.01262153,NRSC VIC MODEL
Uttarakhand,Uttar Kashi,2021-03-19,2021,03,0.228365108,NRSC VIC MODEL
Uttarakhand,Uttar Kashi,2021-03-20,2021,03,0.074319417,NRSC VIC MODEL
Uttarakhand,Uttar Kashi,2021-03-26,2021,03,0.418875576,NRSC VIC MODEL
Uttarakhand,Uttar Kashi,2021-03-31,2021,03,0.194036536,NRSC VIC MODEL
Uttarakhand,Uttar Kashi,2021-04-02,2021,04,0.02250646,NRSC VIC MODEL
Uttarakhand,Uttar Kashi,2021-04-03,2021,04,0.033393152,NRSC VIC MODEL
Uttarakhand,Uttar Kashi,2021-04-07,2021,04,15.33422688,NRSC VIC MODEL
Uttarakhand,Uttar Kashi,2021-04-11,2021,04,1.36691336,NRSC VIC MODEL
Uttarakhand,Uttar Kashi,2021-04-16,2021,04,0.73587003,NRSC VIC MODEL
Uttarakhand,Uttar Kashi,2021-05-01,2021,05,2.947112334,NRSC VIC MODEL
Uttarakhand,Uttar Kashi,2021-05-05,2021,05,0.479601555,NRSC VIC MODEL
Uttarakhand,Uttar Kashi,2021-05-07,2021,05,29.25840163,NRSC VIC MODEL
Uttarakhand,Uttar Kashi,2021-05-12,2021,05,2.05417806,NRSC VIC MODEL
Uttarakhand,Uttar Kashi,2021-05-17,2021,05,0.291180854,NRSC VIC MODEL
Uttarakhand,Uttar Kashi,2021-06-07,2021,06,4.604228006,NRSC VIC MODEL
Uttarakhand,Uttar Kashi,2021-06-09,2021,06,0.096285191,NRSC VIC MODEL
Uttarakhand,Uttar Kashi,2021-06-13,2021,06,8.378669194,NRSC VIC MODEL
Uttarakhand,Uttar Kashi,2021-06-28,2021,06,0.201563015,NRSC VIC MODEL
Uttarakhand,Uttar Kashi,2021-06-29,2021,06,0.092540196,NRSC VIC MODEL
Uttarakhand,Uttar Kashi,2021-06-30,2021,06,0.055345658,NRSC VIC MODEL
Uttarakhand,Uttar Kashi,2021-07-04,2021,07,0.872364994,NRSC VIC MODEL
Uttarakhand,Uttar Kashi,2021-07-12,2021,07,17.27505995,NRSC VIC MODEL
Uttarakhand,Uttar Kashi,2021-07-13,2021,07,15.4290625,NRSC VIC MODEL
Uttarakhand,Uttar Kashi,2021-07-14,2021,07,9.018529351,NRSC VIC MODEL
Uttarakhand,Uttar Kashi,2021-07-15,2021,07,0.879606203,NRSC VIC MODEL
Uttarakhand,Uttar Kashi,2021-07-20,2021,07,48.29362599,NRSC VIC MODEL
Uttarakhand,Uttar Kashi,2021-07-21,2021,07,3.483197309,NRSC VIC MODEL
Uttarakhand,Uttar Kashi,2021-07-22,2021,07,8.51661041,NRSC VIC MODEL
Uttarakhand,Uttar Kashi,2021-07-23,2021,07,5.147729996,NRSC VIC MODEL
Uttarakhand,Uttar Kashi,2021-07-25,2021,07,3.637919687,NRSC VIC MODEL
Uttarakhand,Uttar Kashi,2021-07-29,2021,07,26.49403114,NRSC VIC MODEL
Uttarakhand,Uttar Kashi,2021-08-02,2021,08,2.148950658,NRSC VIC MODEL
Uttarakhand,Uttar Kashi,2021-08-19,2021,08,1.464754267,NRSC VIC MODEL
Uttarakhand,Uttar Kashi,2021-08-20,2021,08,16.61487929,NRSC VIC MODEL
Uttarakhand,Uttar Kashi,2021-08-27,2021,08,2.13623625,NRSC VIC MODEL
Uttarakhand,Uttar Kashi,2021-09-01,2021,09,5.191290031,NRSC VIC MODEL
Uttarakhand,Uttar Kashi,2021-09-06,2021,09,0.837187248,NRSC VIC MODEL
Uttarakhand,Uttar Kashi,2021-09-14,2021,09,11.57087141,NRSC VIC MODEL
Uttarakhand,Uttar Kashi,2021-09-15,2021,09,1.365473743,NRSC VIC MODEL
Uttarakhand,Uttar Kashi,2021-09-19,2021,09,0.14477774,NRSC VIC MODEL
Uttarakhand,Uttar Kashi,2021-09-20,2021,09,0.644845745,NRSC VIC MODEL
Uttarakhand,Uttar Kashi,2021-10-04,2021,10,0.00010283,NRSC VIC MODEL
Uttarakhand,Uttar Kashi,2021-10-08,2021,10,0.030547088,NRSC VIC MODEL
Uttarakhand,Uttar Kashi,2021-10-11,2021,10,0,NRSC VIC MODEL
Uttarakhand,Uttar Kashi,2021-10-20,2021,10,0.098069786,NRSC VIC MODEL
Uttarakhand,Uttar Kashi,2021-10-21,2021,10,0.39842903,NRSC VIC MODEL
Uttarakhand,Uttar Kashi,2021-11-02,2021,11,2.362004075,NRSC VIC MODEL
Uttarakhand,Uttar Kashi,2021-11-03,2021,11,2.170389015,NRSC VIC MODEL
Uttarakhand,Uttar Kashi,2021-11-04,2021,11,0.002786356,NRSC VIC MODEL
Uttarakhand,Uttar Kashi,2021-11-09,2021,11,0.420401438,NRSC VIC MODEL
Uttarakhand,Uttar Kashi,2021-11-12,2021,11,8.62e-05,NRSC VIC MODEL
Uttarakhand,Uttar Kashi,2021-11-15,2021,11,1.33e-05,NRSC VIC MODEL
Uttarakhand,Uttar Kashi,2021-11-20,2021,11,0.584487963,NRSC VIC MODEL
Uttarakhand,Uttar Kashi,2021-12-01,2021,12,6.97e-05,NRSC VIC MODEL
Uttarakhand,Uttar Kashi,2021-12-05,2021,12,0,NRSC VIC MODEL
Uttarakhand,Uttar Kashi,2021-12-06,2021,12,2.094805787,NRSC VIC MODEL
Uttarakhand,Uttar Kashi,2021-12-20,2021,12,0.001678448,NRSC VIC MODEL
Uttarakhand,Uttar Kashi,2021-12-24,2021,12,0.000258733,NRSC VIC MODEL
Uttarakhand,Uttar Kashi,2021-12-25,2021,12,0.00093542,NRSC VIC MODEL
Uttarakhand,Uttar Kashi,2021-12-28,2021,12,0,NRSC VIC MODEL
Uttarakhand,Rudra Prayag,2021-05-12,2021,05,2.757655694,NRSC VIC MODEL
Uttarakhand,Rudra Prayag,2021-05-28,2021,05,0.000602231,NRSC VIC MODEL
Uttarakhand,Rudra Prayag,2021-06-06,2021,06,0.575063648,NRSC VIC MODEL
Uttarakhand,Rudra Prayag,2021-06-08,2021,06,1.205987563,NRSC VIC MODEL
Uttarakhand,Rudra Prayag,2021-06-13,2021,06,14.96910616,NRSC VIC MODEL
Uttarakhand,Rudra Prayag,2021-06-17,2021,06,15.18577547,NRSC VIC MODEL
Uttarakhand,Rudra Prayag,2021-06-19,2021,06,75.46308519,NRSC VIC MODEL
Uttarakhand,Rudra Prayag,2021-06-24,2021,06,1.480096328,NRSC VIC MODEL
Uttarakhand,Rudra Prayag,2021-06-27,2021,06,1.662960412,NRSC VIC MODEL
Uttarakhand,Rudra Prayag,2021-06-28,2021,06,0.04373535,NRSC VIC MODEL
Uttarakhand,Rudra Prayag,2021-07-14,2021,07,8.887416633,NRSC VIC MODEL
Uttarakhand,Rudra Prayag,2021-07-20,2021,07,58.1526389,NRSC VIC MODEL
Uttarakhand,Rudra Prayag,2021-07-26,2021,07,19.81847056,NRSC VIC MODEL
Uttarakhand,Rudra Prayag,2021-07-28,2021,07,38.74478279,NRSC VIC MODEL
Uttarakhand,Rudra Prayag,2021-08-14,2021,08,7.163403386,NRSC VIC MODEL
Uttarakhand,Rudra Prayag,2021-08-17,2021,08,0.000749443,NRSC VIC MODEL
Uttarakhand,Rudra Prayag,2021-08-20,2021,08,29.23872776,NRSC VIC MODEL
Uttarakhand,Rudra Prayag,2021-08-21,2021,08,28.41356428,NRSC VIC MODEL
Uttarakhand,Rudra Prayag,2021-08-23,2021,08,0.317456011,NRSC VIC MODEL
Uttarakhand,Rudra Prayag,2021-08-30,2021,08,8.386534456,NRSC VIC MODEL
Uttarakhand,Rudra Prayag,2021-09-08,2021,09,12.87462719,NRSC VIC MODEL
Uttarakhand,Rudra Prayag,2021-09-12,2021,09,18.38272519,NRSC VIC MODEL
Uttarakhand,Rudra Prayag,2021-09-16,2021,09,1.931649098,NRSC VIC MODEL
Uttarakhand,Rudra Prayag,2021-10-01,2021,10,2.798995503,NRSC VIC MODEL
Uttarakhand,Rudra Prayag,2021-10-03,2021,10,11.89546658,NRSC VIC MODEL
Uttarakhand,Rudra Prayag,2021-10-06,2021,10,0.000521933,NRSC VIC MODEL
Uttarakhand,Rudra Prayag,2021-10-10,2021,10,0.00620967,NRSC VIC MODEL
Uttarakhand,Rudra Prayag,2021-10-18,2021,10,31.67013487,NRSC VIC MODEL
Uttarakhand,Rudra Prayag,2021-10-19,2021,10,117.4376326,NRSC VIC MODEL
Uttarakhand,Rudra Prayag,2021-11-07,2021,11,0,NRSC VIC MODEL
Uttarakhand,Rudra Prayag,2021-11-16,2021,11,0,NRSC VIC MODEL
Uttarakhand,Rudra Prayag,2021-11-25,2021,11,0,NRSC VIC MODEL
Uttarakhand,Rudra Prayag,2021-11-26,2021,11,0,NRSC VIC MODEL
Uttarakhand,Rudra Prayag,2021-11-30,2021,11,0,NRSC VIC MODEL
Uttarakhand,Rudra Prayag,2021-12-02,2021,12,0.061829045,NRSC VIC MODEL
Uttarakhand,Rudra Prayag,2021-12-06,2021,12,4.067267129,NRSC VIC MODEL
Uttarakhand,Rudra Prayag,2021-12-07,2021,12,3.480292691,NRSC VIC MODEL
Uttarakhand,Rudra Prayag,2021-12-09,2021,12,0.106153243,NRSC VIC MODEL
Uttarakhand,Rudra Prayag,2021-12-10,2021,12,0.013971758,NRSC VIC MODEL
Uttarakhand,Rudra Prayag,2021-12-16,2021,12,0.000240892,NRSC VIC MODEL
Uttarakhand,Rudra Prayag,2021-12-27,2021,12,0.014453543,NRSC VIC MODEL
Uttarakhand,Rudra Prayag,2021-12-31,2021,12,0,NRSC VIC MODEL
Uttarakhand,Rudra Prayag,2021-05-04,2021,05,14.81549712,NRSC VIC MODEL
Uttarakhand,Rudra Prayag,2021-12-25,2021,12,0,NRSC VIC MODEL
Uttarakhand,Tehri Garhwal,2021-01-03,2021,01,1.531768324,NRSC VIC MODEL
Uttarakhand,Tehri Garhwal,2021-01-05,2021,01,0.522591693,NRSC VIC MODEL
Uttarakhand,Tehri Garhwal,2021-01-06,2021,01,0,NRSC VIC MODEL
Uttarakhand,Tehri Garhwal,2021-01-07,2021,01,13.7507867,NRSC VIC MODEL
Uttarakhand,Tehri Garhwal,2021-01-09,2021,01,0,NRSC VIC MODEL
Uttarakhand,Tehri Garhwal,2021-01-10,2021,01,0,NRSC VIC MODEL
Uttarakhand,Tehri Garhwal,2021-01-12,2021,01,0,NRSC VIC MODEL
Uttarakhand,Tehri Garhwal,2021-01-18,2021,01,0,NRSC VIC MODEL
Uttarakhand,Tehri Garhwal,2021-01-27,2021,01,0,NRSC VIC MODEL
Uttarakhand,Tehri Garhwal,2021-01-28,2021,01,0,NRSC VIC MODEL
Uttarakhand,Tehri Garhwal,2021-02-05,2021,02,16.07515992,NRSC VIC MODEL
Uttarakhand,Tehri Garhwal,2021-02-07,2021,02,0,NRSC VIC MODEL
Uttarakhand,Tehri Garhwal,2021-02-12,2021,02,0,NRSC VIC MODEL
Uttarakhand,Tehri Garhwal,2021-02-17,2021,02,0,NRSC VIC MODEL
Uttarakhand,Tehri Garhwal,2021-02-27,2021,02,6.334505434,NRSC VIC MODEL
Uttarakhand,Tehri Garhwal,2021-03-05,2021,03,0.000258796,NRSC VIC MODEL
Uttarakhand,Tehri Garhwal,2021-03-06,2021,03,6.81e-05,NRSC VIC MODEL
Uttarakhand,Tehri Garhwal,2021-03-07,2021,03,1.681659122,NRSC VIC MODEL
Uttarakhand,Tehri Garhwal,2021-03-09,2021,03,0.816393731,NRSC VIC MODEL
Uttarakhand,Tehri Garhwal,2021-03-26,2021,03,0.006858105,NRSC VIC MODEL
Uttarakhand,Tehri Garhwal,2021-04-02,2021,04,0,NRSC VIC MODEL
Uttarakhand,Tehri Garhwal,2021-04-06,2021,04,6.81e-05,NRSC VIC MODEL
Uttarakhand,Tehri Garhwal,2021-04-08,2021,04,1.487316634,NRSC VIC MODEL
Uttarakhand,Tehri Garhwal,2021-04-15,2021,04,0.239270909,NRSC VIC MODEL
Uttarakhand,Tehri Garhwal,2021-04-20,2021,04,0.000728716,NRSC VIC MODEL
Uttarakhand,Tehri Garhwal,2021-04-27,2021,04,0.037103234,NRSC VIC MODEL
Uttarakhand,Tehri Garhwal,2021-05-03,2021,05,7.843022942,NRSC VIC MODEL
Uttarakhand,Tehri Garhwal,2021-05-06,2021,05,3.622012506,NRSC VIC MODEL
Uttarakhand,Tehri Garhwal,2021-05-14,2021,05,5.324695432,NRSC VIC MODEL
Uttarakhand,Tehri Garhwal,2021-05-17,2021,05,0.108462941,NRSC VIC MODEL
Uttarakhand,Tehri Garhwal,2021-05-26,2021,05,0.018013593,NRSC VIC MODEL
Uttarakhand,Tehri Garhwal,2021-05-29,2021,05,4.627279949,NRSC VIC MODEL
Uttarakhand,Tehri Garhwal,2021-05-31,2021,05,3.261890481,NRSC VIC MODEL
Uttarakhand,Tehri Garhwal,2021-06-03,2021,06,3.033856784,NRSC VIC MODEL
Uttarakhand,Tehri Garhwal,2021-06-04,2021,06,0.015909169,NRSC VIC MODEL
Uttarakhand,Tehri Garhwal,2021-06-05,2021,06,1.956139965,NRSC VIC MODEL
Uttarakhand,Tehri Garhwal,2021-06-11,2021,06,1.612036076,NRSC VIC MODEL
Uttarakhand,Tehri Garhwal,2021-06-17,2021,06,8.040402884,NRSC VIC MODEL
Uttarakhand,Tehri Garhwal,2021-06-18,2021,06,18.48593028,NRSC VIC MODEL
Uttarakhand,Tehri Garhwal,2021-06-19,2021,06,82.53674968,NRSC VIC MODEL
Uttarakhand,Tehri Garhwal,2021-06-20,2021,06,20.98899561,NRSC VIC MODEL
Uttarakhand,Tehri Garhwal,2021-06-22,2021,06,0.012524385,NRSC VIC MODEL
Uttarakhand,Tehri Garhwal,2021-06-25,2021,06,3.493942332,NRSC VIC MODEL
Uttarakhand,Tehri Garhwal,2021-07-08,2021,07,0.422859726,NRSC VIC MODEL
Uttarakhand,Tehri Garhwal,2021-07-16,2021,07,1.535234834,NRSC VIC MODEL
Uttarakhand,Tehri Garhwal,2021-07-17,2021,07,7.443332306,NRSC VIC MODEL
Uttarakhand,Tehri Garhwal,2021-07-18,2021,07,30.01244349,NRSC VIC MODEL
Uttarakhand,Tehri Garhwal,2021-07-25,2021,07,1.916680322,NRSC VIC MODEL
Uttarakhand,Tehri Garhwal,2021-08-03,2021,08,19.63529965,NRSC VIC MODEL
Uttarakhand,Tehri Garhwal,2021-08-04,2021,08,19.07097363,NRSC VIC MODEL
Uttarakhand,Tehri Garhwal,2021-08-07,2021,08,8.779525453,NRSC VIC MODEL
Uttarakhand,Tehri Garhwal,2021-08-15,2021,08,5.193839791,NRSC VIC MODEL
Uttarakhand,Tehri Garhwal,2021-08-18,2021,08,1.166783649,NRSC VIC MODEL
Uttarakhand,Tehri Garhwal,2021-08-23,2021,08,1.854058399,NRSC VIC MODEL
Uttarakhand,Tehri Garhwal,2021-08-25,2021,08,19.82140833,NRSC VIC MODEL
Uttarakhand,Tehri Garhwal,2021-09-11,2021,09,12.21125449,NRSC VIC MODEL
Uttarakhand,Tehri Garhwal,2021-09-15,2021,09,6.972772315,NRSC VIC MODEL
Uttarakhand,Tehri Garhwal,2021-09-28,2021,09,2.894542586,NRSC VIC MODEL
Uttarakhand,Tehri Garhwal,2021-10-12,2021,10,0,NRSC VIC MODEL
Uttarakhand,Tehri Garhwal,2021-10-21,2021,10,0.738795668,NRSC VIC MODEL
Uttarakhand,Tehri Garhwal,2021-10-23,2021,10,0.021268979,NRSC VIC MODEL
Uttarakhand,Tehri Garhwal,2021-10-29,2021,10,0,NRSC VIC MODEL
Uttarakhand,Tehri Garhwal,2021-11-03,2021,11,0.602552975,NRSC VIC MODEL
Uttarakhand,Tehri Garhwal,2021-11-04,2021,11,0.000217934,NRSC VIC MODEL
Uttarakhand,Tehri Garhwal,2021-11-11,2021,11,3.41e-05,NRSC VIC MODEL
Uttarakhand,Tehri Garhwal,2021-11-19,2021,11,0,NRSC VIC MODEL
Uttarakhand,Tehri Garhwal,2021-11-25,2021,11,0,NRSC VIC MODEL
Uttarakhand,Tehri Garhwal,2021-12-02,2021,12,0.025293945,NRSC VIC MODEL
Uttarakhand,Tehri Garhwal,2021-12-10,2021,12,0,NRSC VIC MODEL
Uttarakhand,Tehri Garhwal,2021-12-15,2021,12,0,NRSC VIC MODEL
Uttarakhand,Tehri Garhwal,2021-12-29,2021,12,0.029666242,NRSC VIC MODEL
Uttarakhand,Udam Singh Nagar,2021-01-05,2021,01,2.415199777,NRSC VIC MODEL
Uttarakhand,Udam Singh Nagar,2021-01-07,2021,01,4.80988603,NRSC VIC MODEL
Uttarakhand,Udam Singh Nagar,2021-01-11,2021,01,0,NRSC VIC MODEL
Uttarakhand,Udam Singh Nagar,2021-01-14,2021,01,0,NRSC VIC MODEL
Uttarakhand,Udam Singh Nagar,2021-01-21,2021,01,0,NRSC VIC MODEL
Uttarakhand,Udam Singh Nagar,2021-01-24,2021,01,0,NRSC VIC MODEL
Uttarakhand,Udam Singh Nagar,2021-02-02,2021,02,0,NRSC VIC MODEL
Uttarakhand,Udam Singh Nagar,2021-02-06,2021,02,1.948896029,NRSC VIC MODEL
Uttarakhand,Udam Singh Nagar,2021-02-25,2021,02,0,NRSC VIC MODEL
Uttarakhand,Udam Singh Nagar,2021-02-26,2021,02,0,NRSC VIC MODEL
Uttarakhand,Udam Singh Nagar,2021-03-16,2021,03,0,NRSC VIC MODEL
Uttarakhand,Udam Singh Nagar,2021-03-19,2021,03,0,NRSC VIC MODEL
Uttarakhand,Udam Singh Nagar,2021-03-20,2021,03,0,NRSC VIC MODEL
Uttarakhand,Udam Singh Nagar,2021-03-22,2021,03,0.017845756,NRSC VIC MODEL
Uttarakhand,Udam Singh Nagar,2021-04-02,2021,04,0,NRSC VIC MODEL
Uttarakhand,Udam Singh Nagar,2021-04-09,2021,04,0,NRSC VIC MODEL
Uttarakhand,Udam Singh Nagar,2021-04-14,2021,04,0,NRSC VIC MODEL
Uttarakhand,Udam Singh Nagar,2021-04-18,2021,04,0.991793564,NRSC VIC MODEL
Uttarakhand,Udam Singh Nagar,2021-04-20,2021,04,0,NRSC VIC MODEL
Uttarakhand,Udam Singh Nagar,2021-04-27,2021,04,0,NRSC VIC MODEL
Uttarakhand,Udam Singh Nagar,2021-04-28,2021,04,0,NRSC VIC MODEL
Uttarakhand,Udam Singh Nagar,2021-05-12,2021,05,3.92366133,NRSC VIC MODEL
Uttarakhand,Udam Singh Nagar,2021-05-18,2021,05,1.784868671,NRSC VIC MODEL
Uttarakhand,Udam Singh Nagar,2021-06-01,2021,06,25.30961742,NRSC VIC MODEL
Uttarakhand,Udam Singh Nagar,2021-06-08,2021,06,0.002273667,NRSC VIC MODEL
Uttarakhand,Udam Singh Nagar,2021-06-13,2021,06,29.8138115,NRSC VIC MODEL
Uttarakhand,Udam Singh Nagar,2021-06-16,2021,06,7.255037574,NRSC VIC MODEL
Uttarakhand,Udam Singh Nagar,2021-06-17,2021,06,0.288432287,NRSC VIC MODEL
Uttarakhand,Udam Singh Nagar,2021-06-24,2021,06,0.485473284,NRSC VIC MODEL
Uttarakhand,Udam Singh Nagar,2021-06-25,2021,06,1.858909359,NRSC VIC MODEL
Uttarakhand,Udam Singh Nagar,2021-06-27,2021,06,3.587269836,NRSC VIC MODEL
Uttarakhand,Udam Singh Nagar,2021-06-29,2021,06,0.766165,NRSC VIC MODEL
Uttarakhand,Udam Singh Nagar,2021-07-12,2021,07,32.03442585,NRSC VIC MODEL
Uttarakhand,Udam Singh Nagar,2021-07-14,2021,07,3.783866205,NRSC VIC MODEL
Uttarakhand,Udam Singh Nagar,2021-07-16,2021,07,5.905025318,NRSC VIC MODEL
Uttarakhand,Udam Singh Nagar,2021-07-17,2021,07,5.739633759,NRSC VIC MODEL
Uttarakhand,Udam Singh Nagar,2021-07-19,2021,07,48.38517049,NRSC VIC MODEL
Uttarakhand,Udam Singh Nagar,2021-07-24,2021,07,0.469042254,NRSC VIC MODEL
Uttarakhand,Udam Singh Nagar,2021-07-30,2021,07,26.57580717,NRSC VIC MODEL
Uttarakhand,Udam Singh Nagar,2021-08-01,2021,08,25.85494371,NRSC VIC MODEL
Uttarakhand,Udam Singh Nagar,2021-08-02,2021,08,1.125808524,NRSC VIC MODEL
Uttarakhand,Udam Singh Nagar,2021-08-14,2021,08,27.69015641,NRSC VIC MODEL
Uttarakhand,Udam Singh Nagar,2021-08-17,2021,08,0.008912773,NRSC VIC MODEL
Uttarakhand,Udam Singh Nagar,2021-09-01,2021,09,1.551479324,NRSC VIC MODEL
Uttarakhand,Udam Singh Nagar,2021-09-02,2021,09,9.445093836,NRSC VIC MODEL
Uttarakhand,Udam Singh Nagar,2021-09-03,2021,09,0.217918308,NRSC VIC MODEL
Uttarakhand,Udam Singh Nagar,2021-09-15,2021,09,0.462746724,NRSC VIC MODEL
Uttarakhand,Udam Singh Nagar,2021-09-20,2021,09,0.464444395,NRSC VIC MODEL
Uttarakhand,Udam Singh Nagar,2021-09-21,2021,09,0.495628995,NRSC VIC MODEL
Uttarakhand,Udam Singh Nagar,2021-10-06,2021,10,0.67563265,NRSC VIC MODEL
Uttarakhand,Udam Singh Nagar,2021-10-07,2021,10,0.003425658,NRSC VIC MODEL
Uttarakhand,Udam Singh Nagar,2021-10-09,2021,10,0,NRSC VIC MODEL
Uttarakhand,Udam Singh Nagar,2021-10-11,2021,10,0,NRSC VIC MODEL
Uttarakhand,Udam Singh Nagar,2021-10-22,2021,10,0.048171416,NRSC VIC MODEL
Uttarakhand,Udam Singh Nagar,2021-10-23,2021,10,0.000767994,NRSC VIC MODEL
Uttarakhand,Udam Singh Nagar,2021-10-24,2021,10,1.01e-05,NRSC VIC MODEL
Uttarakhand,Udam Singh Nagar,2021-10-26,2021,10,0,NRSC VIC MODEL
Uttarakhand,Udam Singh Nagar,2021-10-27,2021,10,5.05e-05,NRSC VIC MODEL
Uttarakhand,Udam Singh Nagar,2021-11-03,2021,11,3.03e-05,NRSC VIC MODEL
Uttarakhand,Nainital,2021-07-31,2021,07,4.478770585,NRSC VIC MODEL
Uttarakhand,Nainital,2021-08-07,2021,08,8.891501692,NRSC VIC MODEL
Uttarakhand,Nainital,2021-08-08,2021,08,8.157983819,NRSC VIC MODEL
Uttarakhand,Nainital,2021-08-12,2021,08,1.600875487,NRSC VIC MODEL
Uttarakhand,Nainital,2021-08-13,2021,08,41.40459424,NRSC VIC MODEL
Uttarakhand,Nainital,2021-08-16,2021,08,10.03026949,NRSC VIC MODEL
Uttarakhand,Nainital,2021-08-17,2021,08,0.000330568,NRSC VIC MODEL
Uttarakhand,Nainital,2021-08-19,2021,08,2.079376676,NRSC VIC MODEL
Uttarakhand,Nainital,2021-08-23,2021,08,0.689916571,NRSC VIC MODEL
Uttarakhand,Nainital,2021-08-24,2021,08,26.24856427,NRSC VIC MODEL
Uttarakhand,Nainital,2021-08-30,2021,08,2.561062115,NRSC VIC MODEL
Uttarakhand,Nainital,2021-09-07,2021,09,11.21942536,NRSC VIC MODEL
Uttarakhand,Nainital,2021-09-10,2021,09,32.58660692,NRSC VIC MODEL
Uttarakhand,Nainital,2021-09-19,2021,09,0.008223733,NRSC VIC MODEL
Uttarakhand,Nainital,2021-09-24,2021,09,5.802913065,NRSC VIC MODEL
Uttarakhand,Nainital,2021-10-04,2021,10,2.7e-05,NRSC VIC MODEL
Uttarakhand,Nainital,2021-10-09,2021,10,0,NRSC VIC MODEL
Uttarakhand,Nainital,2021-10-11,2021,10,0,NRSC VIC MODEL
Uttarakhand,Nainital,2021-10-13,2021,10,0,NRSC VIC MODEL
Uttarakhand,Nainital,2021-10-21,2021,10,0.028442378,NRSC VIC MODEL
Uttarakhand,Nainital,2021-10-29,2021,10,0,NRSC VIC MODEL
Uttarakhand,Nainital,2021-11-02,2021,11,0,NRSC VIC MODEL
Uttarakhand,Nainital,2021-11-06,2021,11,0.001936187,NRSC VIC MODEL
Uttarakhand,Nainital,2021-11-07,2021,11,0,NRSC VIC MODEL
Uttarakhand,Nainital,2021-11-13,2021,11,0,NRSC VIC MODEL
Uttarakhand,Nainital,2021-11-17,2021,11,0,NRSC VIC MODEL
Uttarakhand,Nainital,2021-11-20,2021,11,0.734529818,NRSC VIC MODEL
Uttarakhand,Nainital,2021-11-24,2021,11,0,NRSC VIC MODEL
Uttarakhand,Nainital,2021-11-25,2021,11,0,NRSC VIC MODEL
Uttarakhand,Nainital,2021-12-04,2021,12,0.007238774,NRSC VIC MODEL
Uttarakhand,Nainital,2021-12-10,2021,12,0,NRSC VIC MODEL
Uttarakhand,Nainital,2021-12-12,2021,12,0,NRSC VIC MODEL
Uttarakhand,Nainital,2021-12-25,2021,12,0,NRSC VIC MODEL
Uttarakhand,Nainital,2021-12-27,2021,12,1.528507984,NRSC VIC MODEL
Uttarakhand,Nainital,2021-12-28,2021,12,0,NRSC VIC MODEL
Uttarakhand,Nainital,2021-12-29,2021,12,2.39577115,NRSC VIC MODEL
Uttarakhand,Nainital,2021-12-30,2021,12,0.004304136,NRSC VIC MODEL
Uttarakhand,Nainital,2021-12-31,2021,12,0,NRSC VIC MODEL
Uttarakhand,Pauri Garhwal,2021-01-04,2021,01,0.075860768,NRSC VIC MODEL
Uttarakhand,Pauri Garhwal,2021-01-08,2021,01,0,NRSC VIC MODEL
Uttarakhand,Pauri Garhwal,2021-01-11,2021,01,0,NRSC VIC MODEL
Uttarakhand,Pauri Garhwal,2021-01-13,2021,01,0,NRSC VIC MODEL
Uttarakhand,Pauri Garhwal,2021-01-15,2021,01,0,NRSC VIC MODEL
Uttarakhand,Pauri Garhwal,2021-01-16,2021,01,0,NRSC VIC MODEL
Uttarakhand,Pauri Garhwal,2021-01-17,2021,01,0,NRSC VIC MODEL
Uttarakhand,Pauri Garhwal,2021-01-22,2021,01,0,NRSC VIC MODEL
Uttarakhand,Pauri Garhwal,2021-01-25,2021,01,0,NRSC VIC MODEL
Uttarakhand,Pauri Garhwal,2021-01-26,2021,01,0,NRSC VIC MODEL
Uttarakhand,Pauri Garhwal,2021-01-29,2021,01,0,NRSC VIC MODEL
Uttarakhand,Pauri Garhwal,2021-02-04,2021,02,0.235937482,NRSC VIC MODEL
Uttarakhand,Pauri Garhwal,2021-02-08,2021,02,0,NRSC VIC MODEL
Uttarakhand,Pauri Garhwal,2021-02-16,2021,02,0,NRSC VIC MODEL
Uttarakhand,Pauri Garhwal,2021-02-19,2021,02,0.442773794,NRSC VIC MODEL
Uttarakhand,Pauri Garhwal,2021-02-20,2021,02,0,NRSC VIC MODEL
Uttarakhand,Pauri Garhwal,2021-02-26,2021,02,0,NRSC VIC MODEL
Uttarakhand,Pauri Garhwal,2021-02-27,2021,02,1.721187178,NRSC VIC MODEL
Uttarakhand,Pauri Garhwal,2021-03-07,2021,03,0.213782062,NRSC VIC MODEL
Uttarakhand,Pauri Garhwal,2021-03-08,2021,03,6.522905575,NRSC VIC MODEL
Uttarakhand,Pauri Garhwal,2021-03-10,2021,03,0.047768506,NRSC VIC MODEL
Uttarakhand,Pauri Garhwal,2021-03-19,2021,03,0,NRSC VIC MODEL
Uttarakhand,Pauri Garhwal,2021-03-27,2021,03,0.000501919,NRSC VIC MODEL
Uttarakhand,Pauri Garhwal,2021-04-02,2021,04,0,NRSC VIC MODEL
Uttarakhand,Pauri Garhwal,2021-04-04,2021,04,0,NRSC VIC MODEL
Uttarakhand,Pauri Garhwal,2021-04-11,2021,04,0.000121677,NRSC VIC MODEL
Uttarakhand,Pauri Garhwal,2021-04-14,2021,04,0,NRSC VIC MODEL
Uttarakhand,Pauri Garhwal,2021-04-15,2021,04,0,NRSC VIC MODEL
Uttarakhand,Pauri Garhwal,2021-04-18,2021,04,3.320580382,NRSC VIC MODEL
Uttarakhand,Pauri Garhwal,2021-04-22,2021,04,14.13328233,NRSC VIC MODEL
Uttarakhand,Pauri Garhwal,2021-04-24,2021,04,14.0901984,NRSC VIC MODEL
Uttarakhand,Pauri Garhwal,2021-04-25,2021,04,3.745837706,NRSC VIC MODEL
Uttarakhand,Pauri Garhwal,2021-05-07,2021,05,11.6518499,NRSC VIC MODEL
Uttarakhand,Pauri Garhwal,2021-05-09,2021,05,3.151940623,NRSC VIC MODEL
Uttarakhand,Pauri Garhwal,2021-05-22,2021,05,0,NRSC VIC MODEL
Uttarakhand,Pauri Garhwal,2021-05-23,2021,05,0.034713538,NRSC VIC MODEL
Uttarakhand,Pauri Garhwal,2021-05-24,2021,05,0.049943489,NRSC VIC MODEL
Uttarakhand,Pauri Garhwal,2021-05-30,2021,05,12.53377758,NRSC VIC MODEL
Uttarakhand,Pauri Garhwal,2021-06-01,2021,06,14.0358289,NRSC VIC MODEL
Uttarakhand,Pauri Garhwal,2021-06-03,2021,06,1.712041096,NRSC VIC MODEL
Uttarakhand,Pauri Garhwal,2021-06-04,2021,06,0.000314333,NRSC VIC MODEL
Uttarakhand,Pauri Garhwal,2021-06-14,2021,06,17.53482379,NRSC VIC MODEL
Uttarakhand,Pauri Garhwal,2021-06-16,2021,06,2.628002956,NRSC VIC MODEL
Uttarakhand,Pauri Garhwal,2021-06-23,2021,06,0.022312587,NRSC VIC MODEL
Uttarakhand,Pauri Garhwal,2021-06-24,2021,06,4.22326927,NRSC VIC MODEL
Uttarakhand,Pauri Garhwal,2021-07-09,2021,07,12.40258403,NRSC VIC MODEL
Uttarakhand,Pauri Garhwal,2021-07-14,2021,07,29.5958189,NRSC VIC MODEL
Uttarakhand,Pauri Garhwal,2021-07-15,2021,07,19.68386914,NRSC VIC MODEL
Uttarakhand,Pauri Garhwal,2021-07-16,2021,07,3.146956921,NRSC VIC MODEL
Uttarakhand,Pauri Garhwal,2021-07-17,2021,07,1.99039835,NRSC VIC MODEL
Uttarakhand,Pauri Garhwal,2021-07-18,2021,07,24.31594394,NRSC VIC MODEL
Uttarakhand,Pauri Garhwal,2021-07-29,2021,07,31.93195841,NRSC VIC MODEL
Uttarakhand,Pauri Garhwal,2021-08-04,2021,08,6.03903525,NRSC VIC MODEL
Uttarakhand,Pauri Garhwal,2021-08-08,2021,08,7.769495257,NRSC VIC MODEL
Uttarakhand,Pauri Garhwal,2021-08-09,2021,08,26.54485528,NRSC VIC MODEL
Uttarakhand,Pauri Garhwal,2021-08-10,2021,08,19.72462599,NRSC VIC MODEL
Uttarakhand,Pauri Garhwal,2021-08-19,2021,08,3.76041364,NRSC VIC MODEL
Uttarakhand,Pauri Garhwal,2021-08-27,2021,08,2.711843731,NRSC VIC MODEL
Uttarakhand,Pauri Garhwal,2021-08-30,2021,08,0.428152231,NRSC VIC MODEL
Uttarakhand,Pauri Garhwal,2021-09-03,2021,09,7.357515976,NRSC VIC MODEL
Uttarakhand,Pauri Garhwal,2021-09-11,2021,09,4.742025509,NRSC VIC MODEL
Uttarakhand,Pauri Garhwal,2021-09-12,2021,09,19.92443543,NRSC VIC MODEL
Uttarakhand,Pauri Garhwal,2021-09-14,2021,09,13.28899857,NRSC VIC MODEL
Uttarakhand,Pauri Garhwal,2021-09-27,2021,09,0.340265684,NRSC VIC MODEL
Uttarakhand,Pauri Garhwal,2021-10-06,2021,10,0.045233561,NRSC VIC MODEL
Uttarakhand,Pauri Garhwal,2021-10-09,2021,10,0,NRSC VIC MODEL
Uttarakhand,Pauri Garhwal,2021-10-16,2021,10,0.003062214,NRSC VIC MODEL
Uttarakhand,Pauri Garhwal,2021-10-23,2021,10,0,NRSC VIC MODEL
Uttarakhand,Pauri Garhwal,2021-11-01,2021,11,0,NRSC VIC MODEL
Uttarakhand,Pauri Garhwal,2021-11-12,2021,11,0,NRSC VIC MODEL
Uttarakhand,Pauri Garhwal,2021-11-18,2021,11,0,NRSC VIC MODEL
Uttarakhand,Pauri Garhwal,2021-11-30,2021,11,0,NRSC VIC MODEL
Uttarakhand,Pauri Garhwal,2021-12-10,2021,12,0,NRSC VIC MODEL
Uttarakhand,Pauri Garhwal,2021-12-12,2021,12,0,NRSC VIC MODEL
Uttarakhand,Pauri Garhwal,2021-12-15,2021,12,0,NRSC VIC MODEL
Uttarakhand,Pauri Garhwal,2021-12-16,2021,12,0,NRSC VIC MODEL
Uttarakhand,Pauri Garhwal,2021-12-17,2021,12,0,NRSC VIC MODEL
Uttarakhand,Pauri Garhwal,2021-12-30,2021,12,0,NRSC VIC MODEL
Uttarakhand,Pithoragarh,2021-01-05,2021,01,8.280899056,NRSC VIC MODEL
Uttarakhand,Pithoragarh,2021-01-08,2021,01,0,NRSC VIC MODEL
Uttarakhand,Pithoragarh,2021-01-15,2021,01,0,NRSC VIC MODEL
Uttarakhand,Pithoragarh,2021-01-16,2021,01,0,NRSC VIC MODEL
Uttarakhand,Pithoragarh,2021-01-20,2021,01,0,NRSC VIC MODEL
Uttarakhand,Pithoragarh,2021-01-25,2021,01,0,NRSC VIC MODEL
Uttarakhand,Pithoragarh,2021-01-26,2021,01,0,NRSC VIC MODEL
Uttarakhand,Pithoragarh,2021-02-17,2021,02,0,NRSC VIC MODEL
Uttarakhand,Pithoragarh,2021-02-23,2021,02,0,NRSC VIC MODEL
Uttarakhand,Pithoragarh,2021-02-28,2021,02,0.557791366,NRSC VIC MODEL
Uttarakhand,Pithoragarh,2021-03-01,2021,03,0.004062224,NRSC VIC MODEL
Uttarakhand,Pithoragarh,2021-03-04,2021,03,0.010628255,NRSC VIC MODEL
Uttarakhand,Pithoragarh,2021-03-07,2021,03,0.055002513,NRSC VIC MODEL
Uttarakhand,Pithoragarh,2021-03-13,2021,03,1.503709772,NRSC VIC MODEL
Uttarakhand,Pithoragarh,2021-03-21,2021,03,0.120515108,NRSC VIC MODEL
Uttarakhand,Pithoragarh,2021-03-23,2021,03,4.52024347,NRSC VIC MODEL
Uttarakhand,Pithoragarh,2021-03-24,2021,03,0.98488252,NRSC VIC MODEL
Uttarakhand,Pithoragarh,2021-03-30,2021,03,0,NRSC VIC MODEL
Uttarakhand,Pithoragarh,2021-04-01,2021,04,0,NRSC VIC MODEL
Uttarakhand,Pithoragarh,2021-04-09,2021,04,0.428335672,NRSC VIC MODEL
Uttarakhand,Pithoragarh,2021-04-14,2021,04,0.032254059,NRSC VIC MODEL
Uttarakhand,Pithoragarh,2021-04-21,2021,04,7.537105838,NRSC VIC MODEL
Uttarakhand,Pithoragarh,2021-05-03,2021,05,9.232028187,NRSC VIC MODEL
Uttarakhand,Pithoragarh,2021-05-04,2021,05,3.507394383,NRSC VIC MODEL
Uttarakhand,Pithoragarh,2021-05-10,2021,05,5.852623404,NRSC VIC MODEL
Uttarakhand,Pithoragarh,2021-05-12,2021,05,2.248909996,NRSC VIC MODEL
Uttarakhand,Pithoragarh,2021-05-20,2021,05,18.12706166,NRSC VIC MODEL
Uttarakhand,Pithoragarh,2021-06-01,2021,06,5.879829226,NRSC VIC MODEL
Uttarakhand,Pithoragarh,2021-06-05,2021,06,0.066941759,NRSC VIC MODEL
Uttarakhand,Pithoragarh,2021-06-23,2021,06,6.330536674,NRSC VIC MODEL
Uttarakhand,Pithoragarh,2021-06-28,2021,06,1.880654617,NRSC VIC MODEL
Uttarakhand,Pithoragarh,2021-06-29,2021,06,6.337926229,NRSC VIC MODEL
Uttarakhand,Pithoragarh,2021-07-08,2021,07,4.826801052,NRSC VIC MODEL
Uttarakhand,Pithoragarh,2021-07-10,2021,07,5.715667368,NRSC VIC MODEL
Uttarakhand,Pithoragarh,2021-07-18,2021,07,15.1849516,NRSC VIC MODEL
Uttarakhand,Pithoragarh,2021-08-01,2021,08,13.25692775,NRSC VIC MODEL
Uttarakhand,Pithoragarh,2021-08-03,2021,08,5.206234932,NRSC VIC MODEL
Uttarakhand,Pithoragarh,2021-08-17,2021,08,0.03132344,NRSC VIC MODEL
Uttarakhand,Pithoragarh,2021-08-19,2021,08,7.647096093,NRSC VIC MODEL
Uttarakhand,Pithoragarh,2021-08-20,2021,08,33.64724275,NRSC VIC MODEL
Uttarakhand,Pithoragarh,2021-08-23,2021,08,1.7907576,NRSC VIC MODEL
Uttarakhand,Pithoragarh,2021-08-28,2021,08,14.97686232,NRSC VIC MODEL
Uttarakhand,Pithoragarh,2021-09-09,2021,09,8.188989391,NRSC VIC MODEL
Uttarakhand,Pithoragarh,2021-09-13,2021,09,2.293151309,NRSC VIC MODEL
Uttarakhand,Pithoragarh,2021-09-16,2021,09,0.803493139,NRSC VIC MODEL
Uttarakhand,Pithoragarh,2021-09-17,2021,09,0.930175442,NRSC VIC MODEL
Uttarakhand,Pithoragarh,2021-09-26,2021,09,6.942905866,NRSC VIC MODEL
Uttarakhand,Pithoragarh,2021-09-28,2021,09,2.66967516,NRSC VIC MODEL
Uttarakhand,Pithoragarh,2021-09-30,2021,09,1.981080181,NRSC VIC MODEL
Uttarakhand,Pithoragarh,2021-10-02,2021,10,0.46567859,NRSC VIC MODEL
Uttarakhand,Pithoragarh,2021-10-09,2021,10,0,NRSC VIC MODEL
Uttarakhand,Pithoragarh,2021-10-16,2021,10,0,NRSC VIC MODEL
Uttarakhand,Pithoragarh,2021-10-20,2021,10,24.40060163,NRSC VIC MODEL
Uttarakhand,Pithoragarh,2021-10-24,2021,10,0.079117352,NRSC VIC MODEL
Uttarakhand,Pithoragarh,2021-11-01,2021,11,0,NRSC VIC MODEL
Uttarakhand,Pithoragarh,2021-11-09,2021,11,0.002511193,NRSC VIC MODEL
Uttarakhand,Pithoragarh,2021-11-12,2021,11,0.012168207,NRSC VIC MODEL
Uttarakhand,Pithoragarh,2021-11-19,2021,11,0,NRSC VIC MODEL
Uttarakhand,Pithoragarh,2021-11-29,2021,11,0,NRSC VIC MODEL
Uttarakhand,Pithoragarh,2021-11-30,2021,11,0,NRSC VIC MODEL
Uttarakhand,Pithoragarh,2021-12-05,2021,12,0,NRSC VIC MODEL
Uttarakhand,Pithoragarh,2021-12-15,2021,12,0.004246871,NRSC VIC MODEL
Uttarakhand,Pithoragarh,2021-12-18,2021,12,0.122967214,NRSC VIC MODEL
Uttarakhand,Pithoragarh,2021-12-24,2021,12,0.085838486,NRSC VIC MODEL
Uttarakhand,Rudra Prayag,2021-01-02,2021,01,0.112416445,NRSC VIC MODEL
Uttarakhand,Rudra Prayag,2021-01-04,2021,01,0,NRSC VIC MODEL
Uttarakhand,Rudra Prayag,2021-01-06,2021,01,0,NRSC VIC MODEL
Uttarakhand,Rudra Prayag,2021-01-12,2021,01,0,NRSC VIC MODEL
Uttarakhand,Rudra Prayag,2021-01-20,2021,01,0,NRSC VIC MODEL
Uttarakhand,Rudra Prayag,2021-01-31,2021,01,0,NRSC VIC MODEL
Uttarakhand,Rudra Prayag,2021-02-07,2021,02,0,NRSC VIC MODEL
Uttarakhand,Rudra Prayag,2021-02-19,2021,02,0.814497293,NRSC VIC MODEL
Uttarakhand,Rudra Prayag,2021-02-24,2021,02,0,NRSC VIC MODEL
Uttarakhand,Rudra Prayag,2021-02-27,2021,02,3.793640149,NRSC VIC MODEL
Uttarakhand,Rudra Prayag,2021-02-28,2021,02,2.353491808,NRSC VIC MODEL
Uttarakhand,Rudra Prayag,2021-03-01,2021,03,0,NRSC VIC MODEL
Uttarakhand,Rudra Prayag,2021-03-04,2021,03,0,NRSC VIC MODEL
Uttarakhand,Rudra Prayag,2021-03-08,2021,03,29.63715037,NRSC VIC MODEL
Uttarakhand,Rudra Prayag,2021-03-21,2021,03,0,NRSC VIC MODEL
Uttarakhand,Rudra Prayag,2021-04-01,2021,04,0,NRSC VIC MODEL
Uttarakhand,Rudra Prayag,2021-04-03,2021,04,0.105377034,NRSC VIC MODEL
Uttarakhand,Rudra Prayag,2021-04-06,2021,04,0.011562834,NRSC VIC MODEL
Uttarakhand,Rudra Prayag,2021-04-07,2021,04,14.69620186,NRSC VIC MODEL
Uttarakhand,Rudra Prayag,2021-04-14,2021,04,1.751367916,NRSC VIC MODEL
Uttarakhand,Rudra Prayag,2021-04-16,2021,04,0.107384471,NRSC VIC MODEL
Uttarakhand,Rudra Prayag,2021-04-19,2021,04,0.609725385,NRSC VIC MODEL
Uttarakhand,Rudra Prayag,2021-04-23,2021,04,10.38801558,NRSC VIC MODEL
Uttarakhand,Udam Singh Nagar,2021-11-10,2021,11,0.019179641,NRSC VIC MODEL
Uttarakhand,Udam Singh Nagar,2021-11-27,2021,11,0,NRSC VIC MODEL
Uttarakhand,Udam Singh Nagar,2021-11-29,2021,11,0,NRSC VIC MODEL
Uttarakhand,Udam Singh Nagar,2021-11-30,2021,11,0,NRSC VIC MODEL
Uttarakhand,Nainital,2021-08-02,2021,08,3.027467198,NRSC VIC MODEL
Uttarakhand,Nainital,2021-08-05,2021,08,14.19101299,NRSC VIC MODEL
Uttarakhand,Nainital,2021-08-14,2021,08,58.34505963,NRSC VIC MODEL
Uttarakhand,Nainital,2021-08-20,2021,08,55.37291205,NRSC VIC MODEL
Uttarakhand,Nainital,2021-08-21,2021,08,8.813406585,NRSC VIC MODEL
Uttarakhand,Nainital,2021-08-22,2021,08,4.334582029,NRSC VIC MODEL
Uttarakhand,Nainital,2021-08-31,2021,08,2.692722802,NRSC VIC MODEL
Uttarakhand,Nainital,2021-09-02,2021,09,14.67058684,NRSC VIC MODEL
Uttarakhand,Nainital,2021-09-06,2021,09,0.365716634,NRSC VIC MODEL
Uttarakhand,Nainital,2021-09-11,2021,09,1.662698531,NRSC VIC MODEL
Uttarakhand,Nainital,2021-09-13,2021,09,5.666826809,NRSC VIC MODEL
Uttarakhand,Nainital,2021-09-14,2021,09,4.917846428,NRSC VIC MODEL
Uttarakhand,Nainital,2021-09-15,2021,09,0.292330441,NRSC VIC MODEL
Uttarakhand,Nainital,2021-09-18,2021,09,0.563882294,NRSC VIC MODEL
Uttarakhand,Nainital,2021-09-30,2021,09,2.421265397,NRSC VIC MODEL
Uttarakhand,Nainital,2021-10-05,2021,10,0.377805994,NRSC VIC MODEL
Uttarakhand,Nainital,2021-10-07,2021,10,0,NRSC VIC MODEL
Uttarakhand,Nainital,2021-10-17,2021,10,1.267986323,NRSC VIC MODEL
Uttarakhand,Nainital,2021-10-18,2021,10,101.77589,NRSC VIC MODEL
Uttarakhand,Nainital,2021-10-20,2021,10,17.02143442,NRSC VIC MODEL
Uttarakhand,Nainital,2021-10-27,2021,10,0,NRSC VIC MODEL
Uttarakhand,Nainital,2021-10-31,2021,10,0,NRSC VIC MODEL
Uttarakhand,Nainital,2021-11-01,2021,11,0.002563592,NRSC VIC MODEL
Uttarakhand,Nainital,2021-11-05,2021,11,0,NRSC VIC MODEL
Uttarakhand,Nainital,2021-12-07,2021,12,1.384265458,NRSC VIC MODEL
Uttarakhand,Nainital,2021-12-11,2021,12,0,NRSC VIC MODEL
Uttarakhand,Nainital,2021-12-13,2021,12,0.004088255,NRSC VIC MODEL
Uttarakhand,Nainital,2021-12-16,2021,12,0,NRSC VIC MODEL
Uttarakhand,Nainital,2021-12-23,2021,12,0,NRSC VIC MODEL
Uttarakhand,Pauri Garhwal,2021-01-01,2021,01,0,NRSC VIC MODEL
Uttarakhand,Pauri Garhwal,2021-01-05,2021,01,0.031255873,NRSC VIC MODEL
Uttarakhand,Pauri Garhwal,2021-01-21,2021,01,0,NRSC VIC MODEL
Uttarakhand,Pauri Garhwal,2021-01-24,2021,01,0,NRSC VIC MODEL
Uttarakhand,Pauri Garhwal,2021-02-02,2021,02,0,NRSC VIC MODEL
Uttarakhand,Pauri Garhwal,2021-02-09,2021,02,0,NRSC VIC MODEL
Uttarakhand,Pauri Garhwal,2021-02-10,2021,02,0,NRSC VIC MODEL
Uttarakhand,Pauri Garhwal,2021-02-25,2021,02,0,NRSC VIC MODEL
Uttarakhand,Pauri Garhwal,2021-02-28,2021,02,0,NRSC VIC MODEL
Uttarakhand,Pauri Garhwal,2021-03-12,2021,03,0,NRSC VIC MODEL
Uttarakhand,Pauri Garhwal,2021-03-29,2021,03,0.148076284,NRSC VIC MODEL
Uttarakhand,Pauri Garhwal,2021-03-30,2021,03,0,NRSC VIC MODEL
Uttarakhand,Pauri Garhwal,2021-04-01,2021,04,0,NRSC VIC MODEL
Uttarakhand,Pauri Garhwal,2021-04-07,2021,04,2.516227086,NRSC VIC MODEL
Uttarakhand,Pauri Garhwal,2021-04-08,2021,04,0.615428906,NRSC VIC MODEL
Uttarakhand,Pauri Garhwal,2021-04-10,2021,04,0,NRSC VIC MODEL
Uttarakhand,Pauri Garhwal,2021-04-19,2021,04,0.64020039,NRSC VIC MODEL
Uttarakhand,Pauri Garhwal,2021-05-05,2021,05,2.837364073,NRSC VIC MODEL
Uttarakhand,Pauri Garhwal,2021-05-08,2021,05,2.805550512,NRSC VIC MODEL
Uttarakhand,Pauri Garhwal,2021-05-11,2021,05,1.312670632,NRSC VIC MODEL
Uttarakhand,Pauri Garhwal,2021-05-19,2021,05,5.375016515,NRSC VIC MODEL
Uttarakhand,Pauri Garhwal,2021-05-26,2021,05,0.000415731,NRSC VIC MODEL
Uttarakhand,Pauri Garhwal,2021-06-05,2021,06,0.137003644,NRSC VIC MODEL
Uttarakhand,Pauri Garhwal,2021-06-06,2021,06,0.41663344,NRSC VIC MODEL
Uttarakhand,Pauri Garhwal,2021-06-11,2021,06,2.253302578,NRSC VIC MODEL
Uttarakhand,Pauri Garhwal,2021-06-15,2021,06,0.891205586,NRSC VIC MODEL
Uttarakhand,Pauri Garhwal,2021-06-17,2021,06,7.660857649,NRSC VIC MODEL
Uttarakhand,Pauri Garhwal,2021-06-19,2021,06,63.20250401,NRSC VIC MODEL
Uttarakhand,Pauri Garhwal,2021-06-21,2021,06,12.78147721,NRSC VIC MODEL
Uttarakhand,Pauri Garhwal,2021-06-25,2021,06,0.330065064,NRSC VIC MODEL
Uttarakhand,Pauri Garhwal,2021-06-27,2021,06,0.240302658,NRSC VIC MODEL
Uttarakhand,Pauri Garhwal,2021-07-01,2021,07,0.004740347,NRSC VIC MODEL
Uttarakhand,Pauri Garhwal,2021-07-03,2021,07,3.272309957,NRSC VIC MODEL
Uttarakhand,Pauri Garhwal,2021-07-20,2021,07,81.7066249,NRSC VIC MODEL
Uttarakhand,Pauri Garhwal,2021-07-22,2021,07,14.91586551,NRSC VIC MODEL
Uttarakhand,Pauri Garhwal,2021-07-24,2021,07,1.714946143,NRSC VIC MODEL
Uttarakhand,Pauri Garhwal,2021-07-26,2021,07,23.1977543,NRSC VIC MODEL
Uttarakhand,Pauri Garhwal,2021-07-28,2021,07,27.54111406,NRSC VIC MODEL
Uttarakhand,Pauri Garhwal,2021-08-01,2021,08,3.782918883,NRSC VIC MODEL
Uttarakhand,Pauri Garhwal,2021-08-07,2021,08,12.71353561,NRSC VIC MODEL
Uttarakhand,Pauri Garhwal,2021-08-23,2021,08,0.062673983,NRSC VIC MODEL
Uttarakhand,Pauri Garhwal,2021-09-02,2021,09,9.737241337,NRSC VIC MODEL
Uttarakhand,Pauri Garhwal,2021-09-05,2021,09,2.811036133,NRSC VIC MODEL
Uttarakhand,Pauri Garhwal,2021-09-08,2021,09,4.83899223,NRSC VIC MODEL
Uttarakhand,Pauri Garhwal,2021-09-18,2021,09,0.242548619,NRSC VIC MODEL
Uttarakhand,Pauri Garhwal,2021-09-19,2021,09,0.014352859,NRSC VIC MODEL
Uttarakhand,Pauri Garhwal,2021-09-22,2021,09,7.15501442,NRSC VIC MODEL
Uttarakhand,Pauri Garhwal,2021-09-24,2021,09,9.677421702,NRSC VIC MODEL
Uttarakhand,Pauri Garhwal,2021-09-30,2021,09,2.027205753,NRSC VIC MODEL
Uttarakhand,Pauri Garhwal,2021-10-02,2021,10,0.130803168,NRSC VIC MODEL
Uttarakhand,Pauri Garhwal,2021-10-04,2021,10,0,NRSC VIC MODEL
Uttarakhand,Pauri Garhwal,2021-10-07,2021,10,0,NRSC VIC MODEL
Uttarakhand,Pauri Garhwal,2021-10-11,2021,10,0,NRSC VIC MODEL
Uttarakhand,Pauri Garhwal,2021-10-12,2021,10,0,NRSC VIC MODEL
Uttarakhand,Pauri Garhwal,2021-10-20,2021,10,2.239669643,NRSC VIC MODEL
Uttarakhand,Pauri Garhwal,2021-10-26,2021,10,0,NRSC VIC MODEL
Uttarakhand,Pauri Garhwal,2021-11-08,2021,11,0,NRSC VIC MODEL
Uttarakhand,Pauri Garhwal,2021-11-09,2021,11,0,NRSC VIC MODEL
Uttarakhand,Pauri Garhwal,2021-11-13,2021,11,0,NRSC VIC MODEL
Uttarakhand,Pauri Garhwal,2021-11-21,2021,11,0.005348734,NRSC VIC MODEL
Uttarakhand,Pauri Garhwal,2021-11-22,2021,11,0,NRSC VIC MODEL
Uttarakhand,Pauri Garhwal,2021-11-23,2021,11,0.003330918,NRSC VIC MODEL
Uttarakhand,Pauri Garhwal,2021-11-24,2021,11,0,NRSC VIC MODEL
Uttarakhand,Pauri Garhwal,2021-11-25,2021,11,0,NRSC VIC MODEL
Uttarakhand,Pauri Garhwal,2021-11-27,2021,11,0,NRSC VIC MODEL
Uttarakhand,Pauri Garhwal,2021-11-28,2021,11,0,NRSC VIC MODEL
Uttarakhand,Pauri Garhwal,2021-11-29,2021,11,0,NRSC VIC MODEL
Uttarakhand,Pauri Garhwal,2021-12-03,2021,12,0.016223649,NRSC VIC MODEL
Uttarakhand,Pauri Garhwal,2021-12-05,2021,12,0,NRSC VIC MODEL
Uttarakhand,Pauri Garhwal,2021-12-08,2021,12,0,NRSC VIC MODEL
Uttarakhand,Pauri Garhwal,2021-12-18,2021,12,0,NRSC VIC MODEL
Uttarakhand,Pauri Garhwal,2021-12-19,2021,12,0,NRSC VIC MODEL
Uttarakhand,Pauri Garhwal,2021-12-23,2021,12,0,NRSC VIC MODEL
Uttarakhand,Pauri Garhwal,2021-12-24,2021,12,0.442413832,NRSC VIC MODEL
Uttarakhand,Pauri Garhwal,2021-12-26,2021,12,0,NRSC VIC MODEL
Uttarakhand,Pauri Garhwal,2021-12-27,2021,12,1.133297915,NRSC VIC MODEL
Uttarakhand,Pauri Garhwal,2021-12-31,2021,12,0,NRSC VIC MODEL
Uttarakhand,Pithoragarh,2021-01-12,2021,01,0,NRSC VIC MODEL
Uttarakhand,Pithoragarh,2021-01-17,2021,01,0,NRSC VIC MODEL
Uttarakhand,Pithoragarh,2021-01-19,2021,01,0,NRSC VIC MODEL
Uttarakhand,Pithoragarh,2021-01-30,2021,01,0,NRSC VIC MODEL
Uttarakhand,Pithoragarh,2021-01-31,2021,01,0,NRSC VIC MODEL
Uttarakhand,Pithoragarh,2021-02-05,2021,02,7.586572648,NRSC VIC MODEL
Uttarakhand,Pithoragarh,2021-02-07,2021,02,0,NRSC VIC MODEL
Uttarakhand,Pithoragarh,2021-02-12,2021,02,0,NRSC VIC MODEL
Uttarakhand,Pithoragarh,2021-02-15,2021,02,3.757874809,NRSC VIC MODEL
Uttarakhand,Pithoragarh,2021-02-18,2021,02,0.664450597,NRSC VIC MODEL
Uttarakhand,Pithoragarh,2021-02-21,2021,02,0,NRSC VIC MODEL
Uttarakhand,Pithoragarh,2021-02-22,2021,02,0,NRSC VIC MODEL
Uttarakhand,Pithoragarh,2021-03-05,2021,03,0.022733683,NRSC VIC MODEL
Uttarakhand,Pithoragarh,2021-03-17,2021,03,0,NRSC VIC MODEL
Uttarakhand,Pithoragarh,2021-03-29,2021,03,0.078733287,NRSC VIC MODEL
Uttarakhand,Pithoragarh,2021-04-03,2021,04,0.034248241,NRSC VIC MODEL
Uttarakhand,Pithoragarh,2021-04-08,2021,04,2.671019387,NRSC VIC MODEL
Uttarakhand,Pithoragarh,2021-04-11,2021,04,0.045604004,NRSC VIC MODEL
Uttarakhand,Pithoragarh,2021-04-13,2021,04,0.041183566,NRSC VIC MODEL
Uttarakhand,Pithoragarh,2021-04-19,2021,04,0.453528847,NRSC VIC MODEL
Uttarakhand,Pithoragarh,2021-04-22,2021,04,29.00335995,NRSC VIC MODEL
Uttarakhand,Pithoragarh,2021-04-25,2021,04,2.42798391,NRSC VIC MODEL
Uttarakhand,Pithoragarh,2021-04-27,2021,04,0.073651814,NRSC VIC MODEL
Uttarakhand,Pithoragarh,2021-05-15,2021,05,0.432770882,NRSC VIC MODEL
Uttarakhand,Pithoragarh,2021-05-17,2021,05,1.681132945,NRSC VIC MODEL
Uttarakhand,Pithoragarh,2021-05-19,2021,05,2.981184963,NRSC VIC MODEL
Uttarakhand,Pithoragarh,2021-06-16,2021,06,22.45142099,NRSC VIC MODEL
Uttarakhand,Pithoragarh,2021-07-03,2021,07,5.026706788,NRSC VIC MODEL
Uttarakhand,Pithoragarh,2021-07-06,2021,07,3.646924392,NRSC VIC MODEL
Uttarakhand,Pithoragarh,2021-07-07,2021,07,4.535052123,NRSC VIC MODEL
Uttarakhand,Pithoragarh,2021-07-11,2021,07,14.70663949,NRSC VIC MODEL
Uttarakhand,Pithoragarh,2021-07-19,2021,07,13.83137793,NRSC VIC MODEL
Uttarakhand,Pithoragarh,2021-07-20,2021,07,10.57084859,NRSC VIC MODEL
Uttarakhand,Pithoragarh,2021-07-23,2021,07,7.827266807,NRSC VIC MODEL
Uttarakhand,Pithoragarh,2021-07-24,2021,07,2.409205356,NRSC VIC MODEL
Uttarakhand,Pithoragarh,2021-07-25,2021,07,7.645766637,NRSC VIC MODEL
Uttarakhand,Pithoragarh,2021-07-27,2021,07,3.668372935,NRSC VIC MODEL
Uttarakhand,Pithoragarh,2021-08-02,2021,08,7.336446743,NRSC VIC MODEL
Uttarakhand,Pithoragarh,2021-08-05,2021,08,3.387510767,NRSC VIC MODEL
Uttarakhand,Pithoragarh,2021-08-07,2021,08,1.655293508,NRSC VIC MODEL
Uttarakhand,Pithoragarh,2021-08-09,2021,08,8.146243715,NRSC VIC MODEL
Uttarakhand,Pithoragarh,2021-08-10,2021,08,5.121766523,NRSC VIC MODEL
Uttarakhand,Pithoragarh,2021-08-13,2021,08,4.571006498,NRSC VIC MODEL
Uttarakhand,Pithoragarh,2021-08-14,2021,08,10.17683133,NRSC VIC MODEL
Uttarakhand,Pithoragarh,2021-08-18,2021,08,1.120808229,NRSC VIC MODEL
Uttarakhand,Pithoragarh,2021-08-22,2021,08,2.547368981,NRSC VIC MODEL
Uttarakhand,Pithoragarh,2021-09-03,2021,09,3.840825424,NRSC VIC MODEL
Uttarakhand,Pithoragarh,2021-09-06,2021,09,3.828609208,NRSC VIC MODEL
Uttarakhand,Pithoragarh,2021-09-22,2021,09,3.312699372,NRSC VIC MODEL
Uttarakhand,Pithoragarh,2021-09-25,2021,09,1.077852056,NRSC VIC MODEL
Uttarakhand,Pithoragarh,2021-09-27,2021,09,0.317104593,NRSC VIC MODEL
Uttarakhand,Pithoragarh,2021-10-03,2021,10,1.486943866,NRSC VIC MODEL
Uttarakhand,Pithoragarh,2021-10-06,2021,10,0.008124448,NRSC VIC MODEL
Uttarakhand,Pithoragarh,2021-10-11,2021,10,0,NRSC VIC MODEL
Uttarakhand,Pithoragarh,2021-10-13,2021,10,0,NRSC VIC MODEL
Uttarakhand,Pithoragarh,2021-10-21,2021,10,0.038735152,NRSC VIC MODEL
Uttarakhand,Pithoragarh,2021-10-29,2021,10,0,NRSC VIC MODEL
Uttarakhand,Pithoragarh,2021-10-30,2021,10,0,NRSC VIC MODEL
Uttarakhand,Pithoragarh,2021-11-02,2021,11,6.950782888,NRSC VIC MODEL
Uttarakhand,Pithoragarh,2021-11-04,2021,11,0,NRSC VIC MODEL
Uttarakhand,Pithoragarh,2021-11-20,2021,11,0.75441778,NRSC VIC MODEL
Uttarakhand,Pithoragarh,2021-11-22,2021,11,0,NRSC VIC MODEL
Uttarakhand,Pithoragarh,2021-11-24,2021,11,0.000443152,NRSC VIC MODEL
Uttarakhand,Pithoragarh,2021-11-25,2021,11,0,NRSC VIC MODEL
Uttarakhand,Pithoragarh,2021-12-01,2021,12,0.00541753,NRSC VIC MODEL
Uttarakhand,Pithoragarh,2021-12-02,2021,12,1.198060651,NRSC VIC MODEL
Uttarakhand,Pithoragarh,2021-12-09,2021,12,0.022556422,NRSC VIC MODEL
Uttarakhand,Pithoragarh,2021-12-20,2021,12,0.177039109,NRSC VIC MODEL
Uttarakhand,Pithoragarh,2021-12-26,2021,12,0.003545214,NRSC VIC MODEL
Uttarakhand,Rudra Prayag,2021-01-11,2021,01,0,NRSC VIC MODEL
Uttarakhand,Rudra Prayag,2021-01-18,2021,01,0,NRSC VIC MODEL
Uttarakhand,Rudra Prayag,2021-01-19,2021,01,0,NRSC VIC MODEL
Uttarakhand,Rudra Prayag,2021-01-23,2021,01,0,NRSC VIC MODEL
Uttarakhand,Rudra Prayag,2021-01-27,2021,01,0,NRSC VIC MODEL
Uttarakhand,Rudra Prayag,2021-01-28,2021,01,0,NRSC VIC MODEL
Uttarakhand,Rudra Prayag,2021-02-01,2021,02,0,NRSC VIC MODEL
Uttarakhand,Rudra Prayag,2021-02-04,2021,02,0.905581379,NRSC VIC MODEL
Uttarakhand,Rudra Prayag,2021-02-14,2021,02,0,NRSC VIC MODEL
Uttarakhand,Rudra Prayag,2021-02-16,2021,02,0.552834634,NRSC VIC MODEL
Uttarakhand,Rudra Prayag,2021-03-07,2021,03,0.932307051,NRSC VIC MODEL
Uttarakhand,Rudra Prayag,2021-03-15,2021,03,0.583682242,NRSC VIC MODEL
Uttarakhand,Rudra Prayag,2021-03-16,2021,03,0.109204547,NRSC VIC MODEL
Uttarakhand,Rudra Prayag,2021-03-19,2021,03,0,NRSC VIC MODEL
Uttarakhand,Rudra Prayag,2021-03-20,2021,03,5.35e-05,NRSC VIC MODEL
Uttarakhand,Rudra Prayag,2021-03-24,2021,03,2.345194404,NRSC VIC MODEL
Uttarakhand,Rudra Prayag,2021-03-29,2021,03,0.599955861,NRSC VIC MODEL
Uttarakhand,Rudra Prayag,2021-04-08,2021,04,4.913709429,NRSC VIC MODEL
Uttarakhand,Rudra Prayag,2021-04-09,2021,04,2.462830184,NRSC VIC MODEL
Uttarakhand,Rudra Prayag,2021-04-11,2021,04,0.691387903,NRSC VIC MODEL
Uttarakhand,Rudra Prayag,2021-04-17,2021,04,0.467010032,NRSC VIC MODEL
Uttarakhand,Rudra Prayag,2021-05-02,2021,05,5.636988806,NRSC VIC MODEL
Uttarakhand,Bageshwar,2021-11-27,2021,11,0,NRSC VIC MODEL
Uttarakhand,Bageshwar,2021-12-06,2021,12,3.085806567,NRSC VIC MODEL
Uttarakhand,Bageshwar,2021-12-07,2021,12,1.416656824,NRSC VIC MODEL
Uttarakhand,Bageshwar,2021-12-08,2021,12,0,NRSC VIC MODEL
Uttarakhand,Bageshwar,2021-12-21,2021,12,0.196613338,NRSC VIC MODEL
Uttarakhand,Bageshwar,2021-12-29,2021,12,2.480534169,NRSC VIC MODEL
Uttarakhand,Chamoli,2021-01-09,2021,01,0,NRSC VIC MODEL
Uttarakhand,Chamoli,2021-01-10,2021,01,0,NRSC VIC MODEL
Uttarakhand,Chamoli,2021-01-22,2021,01,0,NRSC VIC MODEL
Uttarakhand,Chamoli,2021-01-23,2021,01,0,NRSC VIC MODEL
Uttarakhand,Chamoli,2021-01-30,2021,01,0,NRSC VIC MODEL
Uttarakhand,Chamoli,2021-02-03,2021,02,0,NRSC VIC MODEL
Uttarakhand,Chamoli,2021-02-08,2021,02,0,NRSC VIC MODEL
Uttarakhand,Chamoli,2021-02-09,2021,02,0,NRSC VIC MODEL
Uttarakhand,Chamoli,2021-02-17,2021,02,0,NRSC VIC MODEL
Uttarakhand,Chamoli,2021-02-18,2021,02,0.14544726,NRSC VIC MODEL
Uttarakhand,Chamoli,2021-02-22,2021,02,0,NRSC VIC MODEL
Uttarakhand,Chamoli,2021-03-05,2021,03,0,NRSC VIC MODEL
Uttarakhand,Chamoli,2021-03-12,2021,03,0,NRSC VIC MODEL
Uttarakhand,Chamoli,2021-03-21,2021,03,0.059173636,NRSC VIC MODEL
Uttarakhand,Chamoli,2021-03-28,2021,03,0.033829058,NRSC VIC MODEL
Uttarakhand,Chamoli,2021-03-31,2021,03,0.012655279,NRSC VIC MODEL
Uttarakhand,Chamoli,2021-04-04,2021,04,0.005422719,NRSC VIC MODEL
Uttarakhand,Chamoli,2021-04-08,2021,04,4.815126229,NRSC VIC MODEL
Uttarakhand,Chamoli,2021-04-25,2021,04,2.607222257,NRSC VIC MODEL
Uttarakhand,Chamoli,2021-04-26,2021,04,1.773338012,NRSC VIC MODEL
Uttarakhand,Chamoli,2021-04-28,2021,04,4.674645825,NRSC VIC MODEL
Uttarakhand,Chamoli,2021-05-02,2021,05,3.148725326,NRSC VIC MODEL
Uttarakhand,Chamoli,2021-05-03,2021,05,4.036768723,NRSC VIC MODEL
Uttarakhand,Chamoli,2021-05-04,2021,05,4.640136376,NRSC VIC MODEL
Uttarakhand,Chamoli,2021-05-09,2021,05,1.792402578,NRSC VIC MODEL
Uttarakhand,Chamoli,2021-05-12,2021,05,2.749427452,NRSC VIC MODEL
Uttarakhand,Chamoli,2021-05-16,2021,05,1.153654574,NRSC VIC MODEL
Uttarakhand,Chamoli,2021-05-26,2021,05,2.649811354,NRSC VIC MODEL
Uttarakhand,Chamoli,2021-05-28,2021,05,0.38981662,NRSC VIC MODEL
Uttarakhand,Chamoli,2021-06-07,2021,06,0.119201164,NRSC VIC MODEL
Uttarakhand,Chamoli,2021-06-10,2021,06,28.00616696,NRSC VIC MODEL
Uttarakhand,Chamoli,2021-06-11,2021,06,6.886353185,NRSC VIC MODEL
Uttarakhand,Chamoli,2021-06-25,2021,06,1.110793321,NRSC VIC MODEL
Uttarakhand,Chamoli,2021-06-26,2021,06,7.129348154,NRSC VIC MODEL
Uttarakhand,Chamoli,2021-06-28,2021,06,1.165588639,NRSC VIC MODEL
Uttarakhand,Chamoli,2021-07-05,2021,07,3.953032958,NRSC VIC MODEL
Uttarakhand,Chamoli,2021-07-16,2021,07,3.925623393,NRSC VIC MODEL
Uttarakhand,Chamoli,2021-07-28,2021,07,20.20368042,NRSC VIC MODEL
Uttarakhand,Chamoli,2021-08-01,2021,08,3.02653044,NRSC VIC MODEL
Uttarakhand,Chamoli,2021-08-05,2021,08,5.042414363,NRSC VIC MODEL
Uttarakhand,Chamoli,2021-08-09,2021,08,11.64337739,NRSC VIC MODEL
Uttarakhand,Chamoli,2021-08-13,2021,08,4.068410323,NRSC VIC MODEL
Uttarakhand,Chamoli,2021-08-20,2021,08,39.49686113,NRSC VIC MODEL
Uttarakhand,Chamoli,2021-08-21,2021,08,11.07863556,NRSC VIC MODEL
Uttarakhand,Chamoli,2021-08-23,2021,08,1.078552977,NRSC VIC MODEL
Uttarakhand,Chamoli,2021-08-24,2021,08,1.677310978,NRSC VIC MODEL
Uttarakhand,Chamoli,2021-08-28,2021,08,6.516982325,NRSC VIC MODEL
Uttarakhand,Chamoli,2021-09-01,2021,09,1.546396877,NRSC VIC MODEL
Uttarakhand,Chamoli,2021-09-03,2021,09,0.403761241,NRSC VIC MODEL
Uttarakhand,Chamoli,2021-09-04,2021,09,0.918746057,NRSC VIC MODEL
Uttarakhand,Chamoli,2021-09-06,2021,09,1.668394449,NRSC VIC MODEL
Uttarakhand,Chamoli,2021-09-10,2021,09,11.57370192,NRSC VIC MODEL
Uttarakhand,Chamoli,2021-09-11,2021,09,5.604587722,NRSC VIC MODEL
Uttarakhand,Chamoli,2021-09-27,2021,09,2.096962759,NRSC VIC MODEL
Uttarakhand,Chamoli,2021-10-01,2021,10,4.001517646,NRSC VIC MODEL
Uttarakhand,Chamoli,2021-10-09,2021,10,0,NRSC VIC MODEL
Uttarakhand,Chamoli,2021-10-11,2021,10,0,NRSC VIC MODEL
Uttarakhand,Chamoli,2021-10-21,2021,10,0.040632972,NRSC VIC MODEL
Uttarakhand,Chamoli,2021-10-23,2021,10,0.406074571,NRSC VIC MODEL
Uttarakhand,Chamoli,2021-10-24,2021,10,0.750039618,NRSC VIC MODEL
Uttarakhand,Chamoli,2021-11-02,2021,11,1.702995752,NRSC VIC MODEL
Uttarakhand,Chamoli,2021-11-05,2021,11,0.108018932,NRSC VIC MODEL
Uttarakhand,Chamoli,2021-11-13,2021,11,0,NRSC VIC MODEL
Uttarakhand,Chamoli,2021-11-17,2021,11,0.001551292,NRSC VIC MODEL
Uttarakhand,Chamoli,2021-11-21,2021,11,0.043232067,NRSC VIC MODEL
Uttarakhand,Chamoli,2021-11-25,2021,11,0.022439307,NRSC VIC MODEL
Uttarakhand,Chamoli,2021-12-02,2021,12,0.498515943,NRSC VIC MODEL
Uttarakhand,Chamoli,2021-12-05,2021,12,0.001197489,NRSC VIC MODEL
Uttarakhand,Chamoli,2021-12-07,2021,12,2.327822948,NRSC VIC MODEL
Uttarakhand,Chamoli,2021-12-15,2021,12,0.044956859,NRSC VIC MODEL
Uttarakhand,Chamoli,2021-12-21,2021,12,0.120248966,NRSC VIC MODEL
Uttarakhand,Chamoli,2021-12-23,2021,12,0,NRSC VIC MODEL
Uttarakhand,Chamoli,2021-12-24,2021,12,0.000214323,NRSC VIC MODEL
Uttarakhand,Chamoli,2021-12-27,2021,12,0.124239462,NRSC VIC MODEL
Uttarakhand,Chamoli,2021-12-28,2021,12,0,NRSC VIC MODEL
Uttarakhand,Chamoli,2021-12-30,2021,12,0.000210921,NRSC VIC MODEL
Uttarakhand,Champawat,2021-01-21,2021,01,0,NRSC VIC MODEL
Uttarakhand,Champawat,2021-01-27,2021,01,0,NRSC VIC MODEL
Uttarakhand,Champawat,2021-02-08,2021,02,0,NRSC VIC MODEL
Uttarakhand,Champawat,2021-02-09,2021,02,0,NRSC VIC MODEL
Uttarakhand,Champawat,2021-02-17,2021,02,0,NRSC VIC MODEL
Uttarakhand,Champawat,2021-02-19,2021,02,2.558281622,NRSC VIC MODEL
Uttarakhand,Champawat,2021-02-20,2021,02,0,NRSC VIC MODEL
Uttarakhand,Champawat,2021-02-24,2021,02,0,NRSC VIC MODEL
Uttarakhand,Champawat,2021-03-02,2021,03,0.000152243,NRSC VIC MODEL
Uttarakhand,Champawat,2021-03-05,2021,03,0,NRSC VIC MODEL
Uttarakhand,Champawat,2021-03-09,2021,03,0.014310873,NRSC VIC MODEL
Uttarakhand,Champawat,2021-03-14,2021,03,0,NRSC VIC MODEL
Uttarakhand,Champawat,2021-03-22,2021,03,0.019517594,NRSC VIC MODEL
Uttarakhand,Champawat,2021-03-24,2021,03,0.292017923,NRSC VIC MODEL
Uttarakhand,Champawat,2021-03-27,2021,03,0,NRSC VIC MODEL
Uttarakhand,Champawat,2021-03-28,2021,03,0.042064831,NRSC VIC MODEL
Uttarakhand,Champawat,2021-03-30,2021,03,0,NRSC VIC MODEL
Uttarakhand,Champawat,2021-04-02,2021,04,0.000152243,NRSC VIC MODEL
Uttarakhand,Champawat,2021-04-09,2021,04,0.000608973,NRSC VIC MODEL
Uttarakhand,Champawat,2021-04-16,2021,04,1.232744657,NRSC VIC MODEL
Uttarakhand,Champawat,2021-04-18,2021,04,3.466352163,NRSC VIC MODEL
Uttarakhand,Champawat,2021-04-19,2021,04,5.261590236,NRSC VIC MODEL
Uttarakhand,Champawat,2021-04-25,2021,04,1.373782874,NRSC VIC MODEL
Uttarakhand,Champawat,2021-04-26,2021,04,0,NRSC VIC MODEL
Uttarakhand,Champawat,2021-04-28,2021,04,0.018817275,NRSC VIC MODEL
Uttarakhand,Champawat,2021-05-04,2021,05,4.720639251,NRSC VIC MODEL
Uttarakhand,Champawat,2021-05-15,2021,05,0,NRSC VIC MODEL
Uttarakhand,Champawat,2021-05-16,2021,05,1.772112312,NRSC VIC MODEL
Uttarakhand,Champawat,2021-05-24,2021,05,0.128950097,NRSC VIC MODEL
Uttarakhand,Champawat,2021-05-29,2021,05,0.085789114,NRSC VIC MODEL
Uttarakhand,Champawat,2021-05-30,2021,05,2.081090141,NRSC VIC MODEL
Uttarakhand,Champawat,2021-06-01,2021,06,12.82403385,NRSC VIC MODEL
Uttarakhand,Champawat,2021-06-02,2021,06,0.228014829,NRSC VIC MODEL
Uttarakhand,Champawat,2021-06-06,2021,06,1.073132755,NRSC VIC MODEL
Uttarakhand,Champawat,2021-06-07,2021,06,1.551603079,NRSC VIC MODEL
Uttarakhand,Champawat,2021-06-08,2021,06,9.312922153,NRSC VIC MODEL
Uttarakhand,Champawat,2021-06-17,2021,06,4.641229132,NRSC VIC MODEL
Uttarakhand,Champawat,2021-06-23,2021,06,6.956911014,NRSC VIC MODEL
Uttarakhand,Champawat,2021-07-03,2021,07,11.45554905,NRSC VIC MODEL
Uttarakhand,Champawat,2021-07-04,2021,07,1.823844594,NRSC VIC MODEL
Uttarakhand,Champawat,2021-07-07,2021,07,1.386449519,NRSC VIC MODEL
Uttarakhand,Champawat,2021-07-12,2021,07,73.20417836,NRSC VIC MODEL
Uttarakhand,Champawat,2021-07-16,2021,07,2.116395369,NRSC VIC MODEL
Uttarakhand,Champawat,2021-07-18,2021,07,8.884296294,NRSC VIC MODEL
Uttarakhand,Champawat,2021-07-19,2021,07,16.83100207,NRSC VIC MODEL
Uttarakhand,Champawat,2021-07-21,2021,07,33.52270149,NRSC VIC MODEL
Uttarakhand,Champawat,2021-07-28,2021,07,25.58747486,NRSC VIC MODEL
Uttarakhand,Champawat,2021-07-29,2021,07,8.274363858,NRSC VIC MODEL
Uttarakhand,Champawat,2021-07-30,2021,07,19.2435107,NRSC VIC MODEL
Uttarakhand,Champawat,2021-07-31,2021,07,5.89094892,NRSC VIC MODEL
Uttarakhand,Champawat,2021-08-05,2021,08,2.464362714,NRSC VIC MODEL
Uttarakhand,Champawat,2021-08-06,2021,08,1.151873003,NRSC VIC MODEL
Uttarakhand,Champawat,2021-08-09,2021,08,10.47006277,NRSC VIC MODEL
Uttarakhand,Champawat,2021-08-13,2021,08,21.54888571,NRSC VIC MODEL
Uttarakhand,Champawat,2021-08-27,2021,08,5.651942123,NRSC VIC MODEL
Uttarakhand,Champawat,2021-08-29,2021,08,3.046175808,NRSC VIC MODEL
Uttarakhand,Champawat,2021-09-01,2021,09,1.993139172,NRSC VIC MODEL
Uttarakhand,Champawat,2021-09-04,2021,09,0.064855657,NRSC VIC MODEL
Uttarakhand,Champawat,2021-09-05,2021,09,0.049189819,NRSC VIC MODEL
Uttarakhand,Champawat,2021-09-11,2021,09,2.907466914,NRSC VIC MODEL
Uttarakhand,Champawat,2021-09-14,2021,09,1.876490336,NRSC VIC MODEL
Uttarakhand,Champawat,2021-10-09,2021,10,0,NRSC VIC MODEL
Uttarakhand,Champawat,2021-10-25,2021,10,0,NRSC VIC MODEL
Uttarakhand,Champawat,2021-11-05,2021,11,0,NRSC VIC MODEL
Uttarakhand,Champawat,2021-11-18,2021,11,0,NRSC VIC MODEL
Uttarakhand,Champawat,2021-11-20,2021,11,0.588207313,NRSC VIC MODEL
Uttarakhand,Champawat,2021-11-26,2021,11,0.016427055,NRSC VIC MODEL
Uttarakhand,Champawat,2021-12-01,2021,12,0,NRSC VIC MODEL
Uttarakhand,Champawat,2021-12-08,2021,12,0,NRSC VIC MODEL
Uttarakhand,Champawat,2021-12-10,2021,12,0,NRSC VIC MODEL
Uttarakhand,Champawat,2021-12-18,2021,12,0.002100958,NRSC VIC MODEL
Uttarakhand,Champawat,2021-12-21,2021,12,0,NRSC VIC MODEL
Uttarakhand,Dehradun,2021-01-07,2021,01,13.18458375,NRSC VIC MODEL
Uttarakhand,Dehradun,2021-01-08,2021,01,0,NRSC VIC MODEL
Uttarakhand,Dehradun,2021-01-09,2021,01,0,NRSC VIC MODEL
Uttarakhand,Dehradun,2021-01-13,2021,01,0,NRSC VIC MODEL
Uttarakhand,Dehradun,2021-01-14,2021,01,0,NRSC VIC MODEL
Uttarakhand,Dehradun,2021-01-17,2021,01,0,NRSC VIC MODEL
Uttarakhand,Dehradun,2021-01-18,2021,01,0,NRSC VIC MODEL
Uttarakhand,Dehradun,2021-01-20,2021,01,0,NRSC VIC MODEL
Uttarakhand,Dehradun,2021-01-21,2021,01,0,NRSC VIC MODEL
Uttarakhand,Dehradun,2021-01-25,2021,01,0,NRSC VIC MODEL
Uttarakhand,Dehradun,2021-01-27,2021,01,0,NRSC VIC MODEL
Uttarakhand,Dehradun,2021-01-28,2021,01,0,NRSC VIC MODEL
Uttarakhand,Dehradun,2021-01-30,2021,01,0,NRSC VIC MODEL
Uttarakhand,Dehradun,2021-01-31,2021,01,0,NRSC VIC MODEL
Uttarakhand,Dehradun,2021-02-01,2021,02,0,NRSC VIC MODEL
Uttarakhand,Dehradun,2021-02-04,2021,02,2.65704953,NRSC VIC MODEL
Uttarakhand,Dehradun,2021-02-07,2021,02,0,NRSC VIC MODEL
Uttarakhand,Dehradun,2021-02-08,2021,02,0,NRSC VIC MODEL
Uttarakhand,Dehradun,2021-02-09,2021,02,0,NRSC VIC MODEL
Uttarakhand,Dehradun,2021-02-10,2021,02,0,NRSC VIC MODEL
Uttarakhand,Dehradun,2021-02-11,2021,02,0,NRSC VIC MODEL
Uttarakhand,Dehradun,2021-02-14,2021,02,0,NRSC VIC MODEL
Uttarakhand,Dehradun,2021-02-15,2021,02,0.081104673,NRSC VIC MODEL
Uttarakhand,Dehradun,2021-02-18,2021,02,0,NRSC VIC MODEL
Uttarakhand,Dehradun,2021-02-24,2021,02,0,NRSC VIC MODEL
Uttarakhand,Dehradun,2021-02-25,2021,02,0,NRSC VIC MODEL
Uttarakhand,Dehradun,2021-02-28,2021,02,3.383187926,NRSC VIC MODEL
Uttarakhand,Dehradun,2021-03-05,2021,03,0,NRSC VIC MODEL
Uttarakhand,Dehradun,2021-03-10,2021,03,0.018434441,NRSC VIC MODEL
Uttarakhand,Dehradun,2021-03-16,2021,03,0.000412135,NRSC VIC MODEL
Uttarakhand,Dehradun,2021-03-19,2021,03,0,NRSC VIC MODEL
Uttarakhand,Dehradun,2021-03-26,2021,03,0,NRSC VIC MODEL
Uttarakhand,Dehradun,2021-03-27,2021,03,0.001700056,NRSC VIC MODEL
Uttarakhand,Dehradun,2021-03-30,2021,03,0,NRSC VIC MODEL
Uttarakhand,Dehradun,2021-03-31,2021,03,0,NRSC VIC MODEL
Uttarakhand,Dehradun,2021-04-01,2021,04,0,NRSC VIC MODEL
Uttarakhand,Dehradun,2021-04-05,2021,04,0.810832075,NRSC VIC MODEL
Uttarakhand,Dehradun,2021-04-07,2021,04,12.79744331,NRSC VIC MODEL
Uttarakhand,Dehradun,2021-04-09,2021,04,0.002996563,NRSC VIC MODEL
Uttarakhand,Dehradun,2021-04-17,2021,04,4.317042207,NRSC VIC MODEL
Uttarakhand,Dehradun,2021-04-21,2021,04,6.977260023,NRSC VIC MODEL
Uttarakhand,Dehradun,2021-04-23,2021,04,19.01044248,NRSC VIC MODEL
Uttarakhand,Dehradun,2021-04-28,2021,04,0.031511132,NRSC VIC MODEL
Uttarakhand,Almora,2021-01-01,2021,01,0,NRSC VIC MODEL
Uttarakhand,Almora,2021-01-15,2021,01,0,NRSC VIC MODEL
Uttarakhand,Almora,2021-01-19,2021,01,0,NRSC VIC MODEL
Uttarakhand,Almora,2021-01-21,2021,01,0,NRSC VIC MODEL
Uttarakhand,Almora,2021-01-26,2021,01,0,NRSC VIC MODEL
Uttarakhand,Almora,2021-02-02,2021,02,0,NRSC VIC MODEL
Uttarakhand,Almora,2021-02-06,2021,02,2.105205213,NRSC VIC MODEL
Uttarakhand,Almora,2021-02-09,2021,02,0,NRSC VIC MODEL
Uttarakhand,Almora,2021-02-12,2021,02,0,NRSC VIC MODEL
Uttarakhand,Almora,2021-02-20,2021,02,0,NRSC VIC MODEL
Uttarakhand,Almora,2021-03-03,2021,03,6.82e-05,NRSC VIC MODEL
Uttarakhand,Almora,2021-03-05,2021,03,0,NRSC VIC MODEL
Uttarakhand,Almora,2021-03-09,2021,03,0.139017918,NRSC VIC MODEL
Uttarakhand,Almora,2021-03-20,2021,03,0,NRSC VIC MODEL
Uttarakhand,Almora,2021-03-27,2021,03,0.00151783,NRSC VIC MODEL
Uttarakhand,Almora,2021-04-04,2021,04,3.41e-05,NRSC VIC MODEL
Uttarakhand,Almora,2021-04-09,2021,04,0.008083726,NRSC VIC MODEL
Uttarakhand,Almora,2021-04-10,2021,04,0,NRSC VIC MODEL
Uttarakhand,Almora,2021-04-12,2021,04,0.00071628,NRSC VIC MODEL
Uttarakhand,Almora,2021-04-18,2021,04,3.776174492,NRSC VIC MODEL
Uttarakhand,Almora,2021-04-25,2021,04,2.456224816,NRSC VIC MODEL
Uttarakhand,Almora,2021-04-27,2021,04,0.002609304,NRSC VIC MODEL
Uttarakhand,Almora,2021-04-29,2021,04,0.056961276,NRSC VIC MODEL
Uttarakhand,Almora,2021-05-14,2021,05,2.52522641,NRSC VIC MODEL
Uttarakhand,Almora,2021-06-11,2021,06,17.30512572,NRSC VIC MODEL
Uttarakhand,Almora,2021-06-14,2021,06,10.73114635,NRSC VIC MODEL
Uttarakhand,Almora,2021-06-15,2021,06,1.510846696,NRSC VIC MODEL
Uttarakhand,Almora,2021-06-16,2021,06,19.2641758,NRSC VIC MODEL
Uttarakhand,Almora,2021-06-17,2021,06,9.965494703,NRSC VIC MODEL
Uttarakhand,Almora,2021-06-18,2021,06,38.03617378,NRSC VIC MODEL
Uttarakhand,Almora,2021-06-26,2021,06,10.81979447,NRSC VIC MODEL
Uttarakhand,Almora,2021-06-28,2021,06,2.377348797,NRSC VIC MODEL
Uttarakhand,Almora,2021-07-16,2021,07,3.582497625,NRSC VIC MODEL
Uttarakhand,Almora,2021-07-17,2021,07,0.645657775,NRSC VIC MODEL
Uttarakhand,Almora,2021-07-22,2021,07,51.5837568,NRSC VIC MODEL
Uttarakhand,Almora,2021-07-23,2021,07,10.03922033,NRSC VIC MODEL
Uttarakhand,Almora,2021-07-26,2021,07,15.20599183,NRSC VIC MODEL
Uttarakhand,Almora,2021-08-03,2021,08,19.18391839,NRSC VIC MODEL
Uttarakhand,Almora,2021-08-22,2021,08,3.524675107,NRSC VIC MODEL
Uttarakhand,Almora,2021-08-23,2021,08,0.054266701,NRSC VIC MODEL
Uttarakhand,Almora,2021-08-25,2021,08,2.006691197,NRSC VIC MODEL
Uttarakhand,Almora,2021-08-27,2021,08,0.902392821,NRSC VIC MODEL
Uttarakhand,Almora,2021-09-01,2021,09,2.080783492,NRSC VIC MODEL
Uttarakhand,Almora,2021-09-09,2021,09,12.17351161,NRSC VIC MODEL
Uttarakhand,Almora,2021-09-18,2021,09,0.841816039,NRSC VIC MODEL
Uttarakhand,Almora,2021-09-26,2021,09,14.73305122,NRSC VIC MODEL
Uttarakhand,Almora,2021-09-29,2021,09,3.784786901,NRSC VIC MODEL
Uttarakhand,Almora,2021-10-01,2021,10,1.529188568,NRSC VIC MODEL
Uttarakhand,Almora,2021-10-10,2021,10,0,NRSC VIC MODEL
Uttarakhand,Almora,2021-10-14,2021,10,0,NRSC VIC MODEL
Uttarakhand,Almora,2021-10-16,2021,10,0,NRSC VIC MODEL
Uttarakhand,Almora,2021-10-24,2021,10,0.942589746,NRSC VIC MODEL
Uttarakhand,Almora,2021-10-25,2021,10,0.005849616,NRSC VIC MODEL
Uttarakhand,Almora,2021-11-04,2021,11,0,NRSC VIC MODEL
Uttarakhand,Almora,2021-11-07,2021,11,0,NRSC VIC MODEL
Uttarakhand,Almora,2021-11-19,2021,11,0,NRSC VIC MODEL
Uttarakhand,Almora,2021-12-05,2021,12,0,NRSC VIC MODEL
Uttarakhand,Almora,2021-12-07,2021,12,1.212874414,NRSC VIC MODEL
Uttarakhand,Almora,2021-12-08,2021,12,0,NRSC VIC MODEL
Uttarakhand,Almora,2021-12-20,2021,12,0,NRSC VIC MODEL
Uttarakhand,Almora,2021-12-28,2021,12,0,NRSC VIC MODEL
Uttarakhand,Bageshwar,2021-01-05,2021,01,2.250065294,NRSC VIC MODEL
Uttarakhand,Bageshwar,2021-01-07,2021,01,9.967189664,NRSC VIC MODEL
Uttarakhand,Bageshwar,2021-01-14,2021,01,0,NRSC VIC MODEL
Uttarakhand,Bageshwar,2021-01-27,2021,01,0,NRSC VIC MODEL
Uttarakhand,Bageshwar,2021-02-04,2021,02,0.031977332,NRSC VIC MODEL
Uttarakhand,Bageshwar,2021-02-06,2021,02,0.476250502,NRSC VIC MODEL
Uttarakhand,Bageshwar,2021-02-11,2021,02,0.013817366,NRSC VIC MODEL
Uttarakhand,Bageshwar,2021-02-18,2021,02,0.581406038,NRSC VIC MODEL
Uttarakhand,Bageshwar,2021-02-25,2021,02,0.017765185,NRSC VIC MODEL
Uttarakhand,Bageshwar,2021-03-02,2021,03,0.012238238,NRSC VIC MODEL
Uttarakhand,Bageshwar,2021-03-06,2021,03,0.020468842,NRSC VIC MODEL
Uttarakhand,Bageshwar,2021-03-12,2021,03,0,NRSC VIC MODEL
Uttarakhand,Bageshwar,2021-03-13,2021,03,0.645360702,NRSC VIC MODEL
Uttarakhand,Bageshwar,2021-03-21,2021,03,0.253880637,NRSC VIC MODEL
Uttarakhand,Bageshwar,2021-03-23,2021,03,4.891096242,NRSC VIC MODEL
Uttarakhand,Bageshwar,2021-03-29,2021,03,0.211830385,NRSC VIC MODEL
Uttarakhand,Bageshwar,2021-04-05,2021,04,0,NRSC VIC MODEL
Uttarakhand,Bageshwar,2021-04-11,2021,04,0.079769865,NRSC VIC MODEL
Uttarakhand,Bageshwar,2021-04-17,2021,04,2.108506083,NRSC VIC MODEL
Uttarakhand,Bageshwar,2021-04-22,2021,04,26.83869566,NRSC VIC MODEL
Uttarakhand,Bageshwar,2021-05-01,2021,05,12.10473016,NRSC VIC MODEL
Uttarakhand,Bageshwar,2021-05-06,2021,05,3.402361817,NRSC VIC MODEL
Uttarakhand,Bageshwar,2021-05-10,2021,05,5.455347213,NRSC VIC MODEL
Uttarakhand,Bageshwar,2021-05-16,2021,05,4.954225453,NRSC VIC MODEL
Uttarakhand,Bageshwar,2021-05-17,2021,05,3.773349115,NRSC VIC MODEL
Uttarakhand,Bageshwar,2021-05-19,2021,05,7.719170057,NRSC VIC MODEL
Uttarakhand,Bageshwar,2021-05-22,2021,05,0.822581876,NRSC VIC MODEL
Uttarakhand,Bageshwar,2021-06-01,2021,06,13.70789151,NRSC VIC MODEL
Uttarakhand,Bageshwar,2021-06-04,2021,06,0.015647718,NRSC VIC MODEL
Uttarakhand,Bageshwar,2021-06-10,2021,06,37.43514371,NRSC VIC MODEL
Uttarakhand,Bageshwar,2021-06-11,2021,06,41.61016544,NRSC VIC MODEL
Uttarakhand,Bageshwar,2021-06-14,2021,06,2.533363162,NRSC VIC MODEL
Uttarakhand,Bageshwar,2021-06-27,2021,06,14.56161331,NRSC VIC MODEL
Uttarakhand,Bageshwar,2021-06-28,2021,06,3.773480709,NRSC VIC MODEL
Uttarakhand,Bageshwar,2021-07-02,2021,07,3.78425945,NRSC VIC MODEL
Uttarakhand,Bageshwar,2021-07-09,2021,07,27.08971712,NRSC VIC MODEL
Uttarakhand,Bageshwar,2021-07-10,2021,07,21.5945089,NRSC VIC MODEL
Uttarakhand,Bageshwar,2021-07-11,2021,07,48.98972738,NRSC VIC MODEL
Uttarakhand,Bageshwar,2021-07-14,2021,07,8.896708694,NRSC VIC MODEL
Uttarakhand,Bageshwar,2021-07-21,2021,07,9.620080688,NRSC VIC MODEL
Uttarakhand,Bageshwar,2021-07-29,2021,07,6.217551388,NRSC VIC MODEL
Uttarakhand,Bageshwar,2021-08-05,2021,08,15.08621861,NRSC VIC MODEL
Uttarakhand,Bageshwar,2021-08-07,2021,08,3.536073243,NRSC VIC MODEL
Uttarakhand,Bageshwar,2021-08-09,2021,08,14.34197102,NRSC VIC MODEL
Uttarakhand,Bageshwar,2021-08-11,2021,08,8.029947137,NRSC VIC MODEL
Uttarakhand,Bageshwar,2021-08-31,2021,08,1.471017092,NRSC VIC MODEL
Uttarakhand,Bageshwar,2021-09-02,2021,09,7.525068967,NRSC VIC MODEL
Uttarakhand,Bageshwar,2021-09-10,2021,09,12.98936457,NRSC VIC MODEL
Uttarakhand,Bageshwar,2021-09-14,2021,09,6.254900146,NRSC VIC MODEL
Uttarakhand,Bageshwar,2021-09-27,2021,09,1.232784174,NRSC VIC MODEL
Uttarakhand,Bageshwar,2021-09-30,2021,09,4.121175875,NRSC VIC MODEL
Uttarakhand,Bageshwar,2021-10-01,2021,10,13.54430826,NRSC VIC MODEL
Uttarakhand,Bageshwar,2021-10-09,2021,10,0,NRSC VIC MODEL
Uttarakhand,Bageshwar,2021-10-15,2021,10,0,NRSC VIC MODEL
Uttarakhand,Bageshwar,2021-11-03,2021,11,3.377705894,NRSC VIC MODEL
Uttarakhand,Bageshwar,2021-11-06,2021,11,0,NRSC VIC MODEL
Uttarakhand,Bageshwar,2021-11-11,2021,11,0.170055285,NRSC VIC MODEL
Uttarakhand,Bageshwar,2021-11-19,2021,11,0,NRSC VIC MODEL
Uttarakhand,Bageshwar,2021-11-23,2021,11,0,NRSC VIC MODEL
Uttarakhand,Bageshwar,2021-11-24,2021,11,0,NRSC VIC MODEL
Uttarakhand,Haridwar,2021-03-18,2021,03,0,NRSC VIC MODEL
Uttarakhand,Haridwar,2021-03-21,2021,03,0,NRSC VIC MODEL
Uttarakhand,Haridwar,2021-04-19,2021,04,0.013092249,NRSC VIC MODEL
Uttarakhand,Haridwar,2021-04-27,2021,04,0,NRSC VIC MODEL
Uttarakhand,Haridwar,2021-05-04,2021,05,0.024781758,NRSC VIC MODEL
Uttarakhand,Haridwar,2021-05-16,2021,05,0.00215087,NRSC VIC MODEL
Uttarakhand,Haridwar,2021-05-17,2021,05,0,NRSC VIC MODEL
Uttarakhand,Haridwar,2021-05-28,2021,05,0.000771508,NRSC VIC MODEL
Uttarakhand,Haridwar,2021-05-29,2021,05,5.519294919,NRSC VIC MODEL
Uttarakhand,Haridwar,2021-05-31,2021,05,0.594388124,NRSC VIC MODEL
Uttarakhand,Haridwar,2021-06-06,2021,06,1.245388538,NRSC VIC MODEL
Uttarakhand,Haridwar,2021-06-10,2021,06,25.9619657,NRSC VIC MODEL
Uttarakhand,Haridwar,2021-06-18,2021,06,11.09909473,NRSC VIC MODEL
Uttarakhand,Haridwar,2021-06-20,2021,06,33.09752219,NRSC VIC MODEL
Uttarakhand,Haridwar,2021-06-27,2021,06,0,NRSC VIC MODEL
Uttarakhand,Haridwar,2021-06-30,2021,06,0.000549407,NRSC VIC MODEL
Uttarakhand,Haridwar,2021-07-04,2021,07,0.376764546,NRSC VIC MODEL
Uttarakhand,Haridwar,2021-07-15,2021,07,41.45578957,NRSC VIC MODEL
Uttarakhand,Haridwar,2021-07-16,2021,07,16.23103441,NRSC VIC MODEL
Uttarakhand,Haridwar,2021-07-22,2021,07,19.88994406,NRSC VIC MODEL
Uttarakhand,Haridwar,2021-07-23,2021,07,5.028569355,NRSC VIC MODEL
Uttarakhand,Haridwar,2021-07-28,2021,07,47.98225254,NRSC VIC MODEL
Uttarakhand,Haridwar,2021-08-03,2021,08,6.992617181,NRSC VIC MODEL
Uttarakhand,Haridwar,2021-08-10,2021,08,6.301276274,NRSC VIC MODEL
Uttarakhand,Haridwar,2021-08-15,2021,08,0.741605793,NRSC VIC MODEL
Uttarakhand,Haridwar,2021-08-16,2021,08,0.072474952,NRSC VIC MODEL
Uttarakhand,Haridwar,2021-08-22,2021,08,12.07589344,NRSC VIC MODEL
Uttarakhand,Haridwar,2021-08-29,2021,08,3.244890644,NRSC VIC MODEL
Uttarakhand,Haridwar,2021-08-31,2021,08,0.01213371,NRSC VIC MODEL
Uttarakhand,Haridwar,2021-09-09,2021,09,2.780361268,NRSC VIC MODEL
Uttarakhand,Haridwar,2021-09-20,2021,09,3.831493555,NRSC VIC MODEL
Uttarakhand,Haridwar,2021-09-21,2021,09,1.396802741,NRSC VIC MODEL
Uttarakhand,Haridwar,2021-09-24,2021,09,23.63747188,NRSC VIC MODEL
Uttarakhand,Haridwar,2021-09-25,2021,09,0.063953301,NRSC VIC MODEL
Uttarakhand,Haridwar,2021-09-26,2021,09,2.516961575,NRSC VIC MODEL
Uttarakhand,Haridwar,2021-10-01,2021,10,4.3424069,NRSC VIC MODEL
Uttarakhand,Haridwar,2021-10-20,2021,10,0.005283658,NRSC VIC MODEL
Uttarakhand,Haridwar,2021-10-30,2021,10,0,NRSC VIC MODEL
Uttarakhand,Haridwar,2021-10-31,2021,10,0,NRSC VIC MODEL
Uttarakhand,Haridwar,2021-11-02,2021,11,0,NRSC VIC MODEL
Uttarakhand,Haridwar,2021-11-05,2021,11,0,NRSC VIC MODEL
Uttarakhand,Haridwar,2021-11-10,2021,11,0,NRSC VIC MODEL
Uttarakhand,Haridwar,2021-11-12,2021,11,0,NRSC VIC MODEL
Uttarakhand,Haridwar,2021-11-15,2021,11,0,NRSC VIC MODEL
Uttarakhand,Haridwar,2021-11-23,2021,11,0,NRSC VIC MODEL
Uttarakhand,Haridwar,2021-11-28,2021,11,0,NRSC VIC MODEL
Uttarakhand,Haridwar,2021-11-29,2021,11,0,NRSC VIC MODEL
Uttarakhand,Haridwar,2021-12-04,2021,12,0.15717713,NRSC VIC MODEL
Uttarakhand,Haridwar,2021-12-07,2021,12,0.439572275,NRSC VIC MODEL
Uttarakhand,Haridwar,2021-12-12,2021,12,0.004734251,NRSC VIC MODEL
Uttarakhand,Haridwar,2021-12-20,2021,12,0,NRSC VIC MODEL
Uttarakhand,Haridwar,2021-12-27,2021,12,1.699502561,NRSC VIC MODEL
Uttarakhand,Haridwar,2021-12-30,2021,12,0,NRSC VIC MODEL
Uttarakhand,Nainital,2021-01-06,2021,01,0,NRSC VIC MODEL
Uttarakhand,Nainital,2021-01-12,2021,01,0,NRSC VIC MODEL
Uttarakhand,Nainital,2021-01-18,2021,01,0,NRSC VIC MODEL
Uttarakhand,Nainital,2021-01-19,2021,01,0,NRSC VIC MODEL
Uttarakhand,Nainital,2021-01-29,2021,01,0,NRSC VIC MODEL
Uttarakhand,Nainital,2021-02-06,2021,02,4.092180915,NRSC VIC MODEL
Uttarakhand,Nainital,2021-02-11,2021,02,0,NRSC VIC MODEL
Uttarakhand,Nainital,2021-02-24,2021,02,0,NRSC VIC MODEL
Uttarakhand,Nainital,2021-03-05,2021,03,0,NRSC VIC MODEL
Uttarakhand,Nainital,2021-03-08,2021,03,0.907943322,NRSC VIC MODEL
Uttarakhand,Nainital,2021-03-13,2021,03,1.950029968,NRSC VIC MODEL
Uttarakhand,Nainital,2021-03-22,2021,03,0.035127956,NRSC VIC MODEL
Uttarakhand,Nainital,2021-03-26,2021,03,0,NRSC VIC MODEL
Uttarakhand,Nainital,2021-03-27,2021,03,4.05e-05,NRSC VIC MODEL
Uttarakhand,Nainital,2021-03-28,2021,03,0.005983963,NRSC VIC MODEL
Uttarakhand,Nainital,2021-04-07,2021,04,0.329516017,NRSC VIC MODEL
Uttarakhand,Nainital,2021-04-08,2021,04,0.227188219,NRSC VIC MODEL
Uttarakhand,Nainital,2021-04-12,2021,04,0.030621432,NRSC VIC MODEL
Uttarakhand,Nainital,2021-04-15,2021,04,0,NRSC VIC MODEL
Uttarakhand,Nainital,2021-04-23,2021,04,2.173231127,NRSC VIC MODEL
Uttarakhand,Nainital,2021-05-02,2021,05,0.035660914,NRSC VIC MODEL
Uttarakhand,Nainital,2021-05-04,2021,05,0.539467454,NRSC VIC MODEL
Uttarakhand,Nainital,2021-05-07,2021,05,12.1976988,NRSC VIC MODEL
Uttarakhand,Nainital,2021-05-11,2021,05,0.168947458,NRSC VIC MODEL
Uttarakhand,Nainital,2021-05-17,2021,05,6.75e-05,NRSC VIC MODEL
Uttarakhand,Nainital,2021-05-23,2021,05,0.492789841,NRSC VIC MODEL
Uttarakhand,Nainital,2021-05-27,2021,05,6.75e-05,NRSC VIC MODEL
Uttarakhand,Nainital,2021-05-28,2021,05,0.005059721,NRSC VIC MODEL
Uttarakhand,Nainital,2021-06-01,2021,06,15.36300629,NRSC VIC MODEL
Uttarakhand,Nainital,2021-06-06,2021,06,0.561150045,NRSC VIC MODEL
Uttarakhand,Nainital,2021-06-20,2021,06,53.37203526,NRSC VIC MODEL
Uttarakhand,Nainital,2021-06-27,2021,06,1.245919193,NRSC VIC MODEL
Uttarakhand,Nainital,2021-06-28,2021,06,39.47672585,NRSC VIC MODEL
Uttarakhand,Nainital,2021-07-01,2021,07,2.7e-05,NRSC VIC MODEL
Uttarakhand,Nainital,2021-07-25,2021,07,1.077653111,NRSC VIC MODEL
Uttarakhand,Dehradun,2021-04-29,2021,04,0.227300869,NRSC VIC MODEL
Uttarakhand,Dehradun,2021-05-04,2021,05,7.443599013,NRSC VIC MODEL
Uttarakhand,Dehradun,2021-05-10,2021,05,3.349375709,NRSC VIC MODEL
Uttarakhand,Dehradun,2021-05-12,2021,05,2.772893723,NRSC VIC MODEL
Uttarakhand,Dehradun,2021-05-13,2021,05,10.21109205,NRSC VIC MODEL
Uttarakhand,Dehradun,2021-05-23,2021,05,0.008354314,NRSC VIC MODEL
Uttarakhand,Dehradun,2021-05-25,2021,05,0.008749276,NRSC VIC MODEL
Uttarakhand,Dehradun,2021-05-30,2021,05,29.11162336,NRSC VIC MODEL
Uttarakhand,Dehradun,2021-05-31,2021,05,3.480984054,NRSC VIC MODEL
Uttarakhand,Dehradun,2021-06-08,2021,06,0.284750727,NRSC VIC MODEL
Uttarakhand,Dehradun,2021-06-15,2021,06,0.026462482,NRSC VIC MODEL
Uttarakhand,Dehradun,2021-06-16,2021,06,1.209632493,NRSC VIC MODEL
Uttarakhand,Dehradun,2021-06-19,2021,06,29.33141136,NRSC VIC MODEL
Uttarakhand,Dehradun,2021-07-21,2021,07,17.42852357,NRSC VIC MODEL
Uttarakhand,Dehradun,2021-07-26,2021,07,41.67083565,NRSC VIC MODEL
Uttarakhand,Dehradun,2021-07-31,2021,07,25.86601974,NRSC VIC MODEL
Uttarakhand,Dehradun,2021-08-09,2021,08,30.66145587,NRSC VIC MODEL
Uttarakhand,Dehradun,2021-08-15,2021,08,8.687000792,NRSC VIC MODEL
Uttarakhand,Dehradun,2021-08-22,2021,08,5.71823147,NRSC VIC MODEL
Uttarakhand,Dehradun,2021-09-08,2021,09,14.71786218,NRSC VIC MODEL
Uttarakhand,Dehradun,2021-09-09,2021,09,13.74732792,NRSC VIC MODEL
Uttarakhand,Dehradun,2021-09-21,2021,09,19.56790617,NRSC VIC MODEL
Uttarakhand,Dehradun,2021-09-24,2021,09,53.23272492,NRSC VIC MODEL
Uttarakhand,Dehradun,2021-09-28,2021,09,1.658077968,NRSC VIC MODEL
Uttarakhand,Dehradun,2021-10-03,2021,10,1.804995399,NRSC VIC MODEL
Uttarakhand,Dehradun,2021-10-11,2021,10,0,NRSC VIC MODEL
Uttarakhand,Dehradun,2021-10-17,2021,10,1.945327262,NRSC VIC MODEL
Uttarakhand,Dehradun,2021-10-23,2021,10,0.015867186,NRSC VIC MODEL
Uttarakhand,Dehradun,2021-10-28,2021,10,0.037693152,NRSC VIC MODEL
Uttarakhand,Dehradun,2021-10-29,2021,10,0,NRSC VIC MODEL
Uttarakhand,Dehradun,2021-11-01,2021,11,0,NRSC VIC MODEL
Uttarakhand,Dehradun,2021-11-07,2021,11,5.15e-05,NRSC VIC MODEL
Uttarakhand,Dehradun,2021-11-09,2021,11,0,NRSC VIC MODEL
Uttarakhand,Dehradun,2021-11-15,2021,11,0,NRSC VIC MODEL
Uttarakhand,Dehradun,2021-11-18,2021,11,0,NRSC VIC MODEL
Uttarakhand,Dehradun,2021-11-28,2021,11,0,NRSC VIC MODEL
Uttarakhand,Dehradun,2021-12-01,2021,12,0,NRSC VIC MODEL
Uttarakhand,Dehradun,2021-12-17,2021,12,0,NRSC VIC MODEL
Uttarakhand,Dehradun,2021-12-26,2021,12,0,NRSC VIC MODEL
Uttarakhand,Dehradun,2021-12-27,2021,12,0.000910131,NRSC VIC MODEL
Uttarakhand,Haridwar,2021-01-01,2021,01,0,NRSC VIC MODEL
Uttarakhand,Haridwar,2021-01-07,2021,01,5.659066371,NRSC VIC MODEL
Uttarakhand,Haridwar,2021-01-12,2021,01,0,NRSC VIC MODEL
Uttarakhand,Haridwar,2021-01-16,2021,01,0,NRSC VIC MODEL
Uttarakhand,Haridwar,2021-01-20,2021,01,0,NRSC VIC MODEL
Uttarakhand,Haridwar,2021-01-21,2021,01,0,NRSC VIC MODEL
Uttarakhand,Haridwar,2021-01-25,2021,01,0,NRSC VIC MODEL
Uttarakhand,Haridwar,2021-02-05,2021,02,11.34564984,NRSC VIC MODEL
Uttarakhand,Haridwar,2021-02-06,2021,02,0.014155995,NRSC VIC MODEL
Uttarakhand,Haridwar,2021-02-07,2021,02,0,NRSC VIC MODEL
Uttarakhand,Haridwar,2021-02-24,2021,02,0,NRSC VIC MODEL
Uttarakhand,Haridwar,2021-02-25,2021,02,0,NRSC VIC MODEL
Uttarakhand,Haridwar,2021-03-04,2021,03,0,NRSC VIC MODEL
Uttarakhand,Haridwar,2021-03-10,2021,03,0.185313777,NRSC VIC MODEL
Uttarakhand,Rudra Prayag,2021-05-05,2021,05,5.316213833,NRSC VIC MODEL
Uttarakhand,Rudra Prayag,2021-05-08,2021,05,11.99379082,NRSC VIC MODEL
Uttarakhand,Rudra Prayag,2021-05-11,2021,05,2.858977706,NRSC VIC MODEL
Uttarakhand,Rudra Prayag,2021-05-13,2021,05,19.82255234,NRSC VIC MODEL
Uttarakhand,Rudra Prayag,2021-05-18,2021,05,0.023286264,NRSC VIC MODEL
Uttarakhand,Rudra Prayag,2021-05-19,2021,05,1.279205464,NRSC VIC MODEL
Uttarakhand,Rudra Prayag,2021-05-23,2021,05,0.011669898,NRSC VIC MODEL
Uttarakhand,Rudra Prayag,2021-05-26,2021,05,0.001820076,NRSC VIC MODEL
Uttarakhand,Rudra Prayag,2021-05-27,2021,05,0,NRSC VIC MODEL
Uttarakhand,Rudra Prayag,2021-05-29,2021,05,3.446500843,NRSC VIC MODEL
Uttarakhand,Rudra Prayag,2021-06-11,2021,06,24.40484739,NRSC VIC MODEL
Uttarakhand,Rudra Prayag,2021-06-14,2021,06,19.29969543,NRSC VIC MODEL
Uttarakhand,Rudra Prayag,2021-06-15,2021,06,5.88055777,NRSC VIC MODEL
Uttarakhand,Rudra Prayag,2021-06-18,2021,06,15.76319451,NRSC VIC MODEL
Uttarakhand,Rudra Prayag,2021-06-25,2021,06,2.362886611,NRSC VIC MODEL
Uttarakhand,Rudra Prayag,2021-06-30,2021,06,0.000776209,NRSC VIC MODEL
Uttarakhand,Rudra Prayag,2021-07-03,2021,07,4.508300932,NRSC VIC MODEL
Uttarakhand,Rudra Prayag,2021-07-13,2021,07,10.51190118,NRSC VIC MODEL
Uttarakhand,Rudra Prayag,2021-07-16,2021,07,3.244378752,NRSC VIC MODEL
Uttarakhand,Rudra Prayag,2021-07-17,2021,07,3.756877295,NRSC VIC MODEL
Uttarakhand,Rudra Prayag,2021-07-19,2021,07,67.89703018,NRSC VIC MODEL
Uttarakhand,Rudra Prayag,2021-07-22,2021,07,19.18400017,NRSC VIC MODEL
Uttarakhand,Rudra Prayag,2021-07-25,2021,07,6.178207074,NRSC VIC MODEL
Uttarakhand,Rudra Prayag,2021-07-27,2021,07,4.634889879,NRSC VIC MODEL
Uttarakhand,Rudra Prayag,2021-07-31,2021,07,8.09053125,NRSC VIC MODEL
Uttarakhand,Rudra Prayag,2021-08-05,2021,08,8.633743572,NRSC VIC MODEL
Uttarakhand,Rudra Prayag,2021-08-06,2021,08,16.58343308,NRSC VIC MODEL
Uttarakhand,Rudra Prayag,2021-08-16,2021,08,3.808000011,NRSC VIC MODEL
Uttarakhand,Rudra Prayag,2021-08-18,2021,08,0.018173992,NRSC VIC MODEL
Uttarakhand,Rudra Prayag,2021-08-24,2021,08,1.022213441,NRSC VIC MODEL
Uttarakhand,Rudra Prayag,2021-08-25,2021,08,6.866168952,NRSC VIC MODEL
Uttarakhand,Rudra Prayag,2021-08-28,2021,08,12.28251372,NRSC VIC MODEL
Uttarakhand,Rudra Prayag,2021-08-29,2021,08,11.45436586,NRSC VIC MODEL
Uttarakhand,Rudra Prayag,2021-09-03,2021,09,0.703325458,NRSC VIC MODEL
Uttarakhand,Rudra Prayag,2021-09-06,2021,09,4.22376688,NRSC VIC MODEL
Uttarakhand,Rudra Prayag,2021-09-11,2021,09,6.537645274,NRSC VIC MODEL
Uttarakhand,Rudra Prayag,2021-09-18,2021,09,1.6491091,NRSC VIC MODEL
Uttarakhand,Rudra Prayag,2021-09-24,2021,09,14.56842183,NRSC VIC MODEL
Uttarakhand,Rudra Prayag,2021-09-25,2021,09,9.22356857,NRSC VIC MODEL
Uttarakhand,Rudra Prayag,2021-09-26,2021,09,4.97754591,NRSC VIC MODEL
Uttarakhand,Rudra Prayag,2021-09-30,2021,09,0.114156223,NRSC VIC MODEL
Uttarakhand,Rudra Prayag,2021-10-11,2021,10,0,NRSC VIC MODEL
Uttarakhand,Rudra Prayag,2021-10-14,2021,10,0,NRSC VIC MODEL
Uttarakhand,Rudra Prayag,2021-10-21,2021,10,0.091940593,NRSC VIC MODEL
Uttarakhand,Rudra Prayag,2021-10-24,2021,10,1.804645281,NRSC VIC MODEL
Uttarakhand,Rudra Prayag,2021-11-04,2021,11,1.34e-05,NRSC VIC MODEL
Uttarakhand,Rudra Prayag,2021-11-05,2021,11,0,NRSC VIC MODEL
Uttarakhand,Rudra Prayag,2021-11-08,2021,11,0,NRSC VIC MODEL
Uttarakhand,Rudra Prayag,2021-11-10,2021,11,0,NRSC VIC MODEL
Uttarakhand,Rudra Prayag,2021-11-11,2021,11,0,NRSC VIC MODEL
Uttarakhand,Rudra Prayag,2021-11-12,2021,11,0.000227509,NRSC VIC MODEL
Uttarakhand,Rudra Prayag,2021-11-15,2021,11,0,NRSC VIC MODEL
Uttarakhand,Rudra Prayag,2021-11-19,2021,11,0,NRSC VIC MODEL
Uttarakhand,Rudra Prayag,2021-12-04,2021,12,0.600357348,NRSC VIC MODEL
Uttarakhand,Rudra Prayag,2021-12-18,2021,12,0.149032087,NRSC VIC MODEL
Uttarakhand,Rudra Prayag,2021-12-20,2021,12,0,NRSC VIC MODEL
Uttarakhand,Rudra Prayag,2021-12-28,2021,12,0,NRSC VIC MODEL
Uttarakhand,Rudra Prayag,2021-08-07,2021,08,4.235062056,NRSC VIC MODEL
Uttarakhand,Rudra Prayag,2021-10-09,2021,10,0,NRSC VIC MODEL
Uttarakhand,Tehri Garhwal,2021-01-15,2021,01,0,NRSC VIC MODEL
Uttarakhand,Tehri Garhwal,2021-01-19,2021,01,0,NRSC VIC MODEL
Uttarakhand,Tehri Garhwal,2021-01-26,2021,01,0,NRSC VIC MODEL
Uttarakhand,Tehri Garhwal,2021-02-16,2021,02,0.421293326,NRSC VIC MODEL
Uttarakhand,Tehri Garhwal,2021-02-20,2021,02,0,NRSC VIC MODEL
Uttarakhand,Tehri Garhwal,2021-02-28,2021,02,1.937254637,NRSC VIC MODEL
Uttarakhand,Tehri Garhwal,2021-03-13,2021,03,0.399670205,NRSC VIC MODEL
Uttarakhand,Tehri Garhwal,2021-03-17,2021,03,0,NRSC VIC MODEL
Uttarakhand,Tehri Garhwal,2021-04-09,2021,04,0.338478473,NRSC VIC MODEL
Uttarakhand,Tehri Garhwal,2021-04-19,2021,04,1.829772399,NRSC VIC MODEL
Uttarakhand,Tehri Garhwal,2021-04-24,2021,04,32.77098856,NRSC VIC MODEL
Uttarakhand,Tehri Garhwal,2021-05-08,2021,05,9.445715105,NRSC VIC MODEL
Uttarakhand,Tehri Garhwal,2021-05-09,2021,05,7.89453705,NRSC VIC MODEL
Uttarakhand,Tehri Garhwal,2021-05-11,2021,05,1.843005068,NRSC VIC MODEL
Uttarakhand,Tehri Garhwal,2021-05-18,2021,05,0.018020403,NRSC VIC MODEL
Uttarakhand,Tehri Garhwal,2021-05-20,2021,05,39.62677809,NRSC VIC MODEL
Uttarakhand,Tehri Garhwal,2021-05-24,2021,05,0.469763171,NRSC VIC MODEL
Uttarakhand,Tehri Garhwal,2021-07-01,2021,07,0.636305476,NRSC VIC MODEL
Uttarakhand,Tehri Garhwal,2021-07-04,2021,07,1.06638426,NRSC VIC MODEL
Uttarakhand,Tehri Garhwal,2021-07-10,2021,07,5.371816812,NRSC VIC MODEL
Uttarakhand,Tehri Garhwal,2021-07-11,2021,07,18.33179658,NRSC VIC MODEL
Uttarakhand,Tehri Garhwal,2021-07-15,2021,07,2.100187413,NRSC VIC MODEL
Uttarakhand,Tehri Garhwal,2021-07-20,2021,07,78.32259054,NRSC VIC MODEL
Uttarakhand,Tehri Garhwal,2021-07-29,2021,07,34.60456799,NRSC VIC MODEL
Uttarakhand,Tehri Garhwal,2021-07-31,2021,07,14.11634345,NRSC VIC MODEL
Uttarakhand,Tehri Garhwal,2021-08-01,2021,08,0.167482145,NRSC VIC MODEL
Uttarakhand,Tehri Garhwal,2021-08-09,2021,08,31.79604116,NRSC VIC MODEL
Uttarakhand,Tehri Garhwal,2021-08-10,2021,08,8.977995064,NRSC VIC MODEL
Uttarakhand,Tehri Garhwal,2021-08-12,2021,08,1.150942584,NRSC VIC MODEL
Uttarakhand,Tehri Garhwal,2021-08-13,2021,08,3.621419999,NRSC VIC MODEL
Uttarakhand,Tehri Garhwal,2021-08-16,2021,08,1.262013921,NRSC VIC MODEL
Uttarakhand,Tehri Garhwal,2021-08-19,2021,08,2.74862908,NRSC VIC MODEL
Uttarakhand,Tehri Garhwal,2021-08-22,2021,08,4.838062821,NRSC VIC MODEL
Uttarakhand,Tehri Garhwal,2021-09-03,2021,09,0.942298188,NRSC VIC MODEL
Uttarakhand,Tehri Garhwal,2021-09-09,2021,09,20.77946586,NRSC VIC MODEL
Uttarakhand,Tehri Garhwal,2021-09-12,2021,09,13.22066267,NRSC VIC MODEL
Uttarakhand,Tehri Garhwal,2021-09-21,2021,09,13.1554596,NRSC VIC MODEL
Uttarakhand,Tehri Garhwal,2021-09-25,2021,09,0.642993321,NRSC VIC MODEL
Uttarakhand,Tehri Garhwal,2021-09-27,2021,09,0.242029134,NRSC VIC MODEL
Uttarakhand,Tehri Garhwal,2021-09-29,2021,09,2.533664603,NRSC VIC MODEL
Uttarakhand,Tehri Garhwal,2021-09-30,2021,09,6.549674224,NRSC VIC MODEL
Uttarakhand,Tehri Garhwal,2021-10-06,2021,10,0.031041949,NRSC VIC MODEL
Uttarakhand,Tehri Garhwal,2021-10-10,2021,10,0.002765035,NRSC VIC MODEL
Uttarakhand,Tehri Garhwal,2021-10-15,2021,10,0.000585697,NRSC VIC MODEL
Uttarakhand,Tehri Garhwal,2021-10-22,2021,10,0,NRSC VIC MODEL
Uttarakhand,Tehri Garhwal,2021-10-24,2021,10,0.118045219,NRSC VIC MODEL
Uttarakhand,Tehri Garhwal,2021-10-30,2021,10,0,NRSC VIC MODEL
Uttarakhand,Tehri Garhwal,2021-11-02,2021,11,0.533372607,NRSC VIC MODEL
Uttarakhand,Tehri Garhwal,2021-11-18,2021,11,0,NRSC VIC MODEL
Uttarakhand,Tehri Garhwal,2021-11-21,2021,11,0,NRSC VIC MODEL
Uttarakhand,Tehri Garhwal,2021-11-22,2021,11,0,NRSC VIC MODEL
Uttarakhand,Tehri Garhwal,2021-11-27,2021,11,3.41e-05,NRSC VIC MODEL
Uttarakhand,Tehri Garhwal,2021-12-01,2021,12,0,NRSC VIC MODEL
Uttarakhand,Tehri Garhwal,2021-12-20,2021,12,0,NRSC VIC MODEL
Uttarakhand,Tehri Garhwal,2021-12-23,2021,12,7.49e-05,NRSC VIC MODEL
Uttarakhand,Tehri Garhwal,2021-12-30,2021,12,0,NRSC VIC MODEL
Uttarakhand,Udam Singh Nagar,2021-01-04,2021,01,0.608180542,NRSC VIC MODEL
Uttarakhand,Udam Singh Nagar,2021-01-15,2021,01,0,NRSC VIC MODEL
Uttarakhand,Udam Singh Nagar,2021-01-18,2021,01,0,NRSC VIC MODEL
Uttarakhand,Udam Singh Nagar,2021-01-23,2021,01,0,NRSC VIC MODEL
Uttarakhand,Udam Singh Nagar,2021-01-30,2021,01,0,NRSC VIC MODEL
Uttarakhand,Udam Singh Nagar,2021-01-31,2021,01,0,NRSC VIC MODEL
Uttarakhand,Udam Singh Nagar,2021-02-04,2021,02,0,NRSC VIC MODEL
Uttarakhand,Udam Singh Nagar,2021-02-07,2021,02,0,NRSC VIC MODEL
Uttarakhand,Udam Singh Nagar,2021-02-15,2021,02,0,NRSC VIC MODEL
Uttarakhand,Udam Singh Nagar,2021-02-18,2021,02,0.227962862,NRSC VIC MODEL
Uttarakhand,Udam Singh Nagar,2021-02-22,2021,02,0,NRSC VIC MODEL
Uttarakhand,Udam Singh Nagar,2021-03-02,2021,03,0,NRSC VIC MODEL
Uttarakhand,Udam Singh Nagar,2021-03-07,2021,03,0.780100049,NRSC VIC MODEL
Uttarakhand,Udam Singh Nagar,2021-03-09,2021,03,2.02e-05,NRSC VIC MODEL
Uttarakhand,Udam Singh Nagar,2021-03-21,2021,03,2.02e-05,NRSC VIC MODEL
Uttarakhand,Udam Singh Nagar,2021-03-24,2021,03,0.239179617,NRSC VIC MODEL
Uttarakhand,Udam Singh Nagar,2021-03-26,2021,03,0,NRSC VIC MODEL
Uttarakhand,Udam Singh Nagar,2021-03-27,2021,03,0,NRSC VIC MODEL
Uttarakhand,Udam Singh Nagar,2021-03-28,2021,03,0.013258002,NRSC VIC MODEL
Uttarakhand,Udam Singh Nagar,2021-04-05,2021,04,0,NRSC VIC MODEL
Uttarakhand,Udam Singh Nagar,2021-04-08,2021,04,0.001273253,NRSC VIC MODEL
Uttarakhand,Udam Singh Nagar,2021-04-11,2021,04,0,NRSC VIC MODEL
Uttarakhand,Udam Singh Nagar,2021-04-16,2021,04,0.083084829,NRSC VIC MODEL
Uttarakhand,Udam Singh Nagar,2021-04-21,2021,04,0.730422961,NRSC VIC MODEL
Uttarakhand,Udam Singh Nagar,2021-04-22,2021,04,14.47992128,NRSC VIC MODEL
Uttarakhand,Udam Singh Nagar,2021-04-29,2021,04,0.000394102,NRSC VIC MODEL
Uttarakhand,Udam Singh Nagar,2021-05-07,2021,05,13.29683657,NRSC VIC MODEL
Uttarakhand,Udam Singh Nagar,2021-05-14,2021,05,0.688082237,NRSC VIC MODEL
Uttarakhand,Udam Singh Nagar,2021-05-17,2021,05,0,NRSC VIC MODEL
Uttarakhand,Udam Singh Nagar,2021-05-21,2021,05,58.49387181,NRSC VIC MODEL
Uttarakhand,Udam Singh Nagar,2021-05-25,2021,05,0.000767994,NRSC VIC MODEL
Uttarakhand,Udam Singh Nagar,2021-05-27,2021,05,0.001404621,NRSC VIC MODEL
Uttarakhand,Udam Singh Nagar,2021-05-31,2021,05,0.520346276,NRSC VIC MODEL
Uttarakhand,Udam Singh Nagar,2021-06-10,2021,06,30.97802984,NRSC VIC MODEL
Uttarakhand,Udam Singh Nagar,2021-06-12,2021,06,14.06226389,NRSC VIC MODEL
Uttarakhand,Udam Singh Nagar,2021-06-22,2021,06,0.054184,NRSC VIC MODEL
Uttarakhand,Udam Singh Nagar,2021-06-23,2021,06,1.095937598,NRSC VIC MODEL
Uttarakhand,Udam Singh Nagar,2021-06-26,2021,06,7.979074059,NRSC VIC MODEL
Uttarakhand,Udam Singh Nagar,2021-06-28,2021,06,2.744093224,NRSC VIC MODEL
Uttarakhand,Udam Singh Nagar,2021-07-01,2021,07,0,NRSC VIC MODEL
Uttarakhand,Udam Singh Nagar,2021-07-07,2021,07,2.905382077,NRSC VIC MODEL
Uttarakhand,Udam Singh Nagar,2021-07-26,2021,07,12.77995637,NRSC VIC MODEL
Uttarakhand,Udam Singh Nagar,2021-08-18,2021,08,2.06221557,NRSC VIC MODEL
Uttarakhand,Udam Singh Nagar,2021-08-22,2021,08,0.314453138,NRSC VIC MODEL
Uttarakhand,Udam Singh Nagar,2021-08-27,2021,08,5.471381526,NRSC VIC MODEL
Uttarakhand,Udam Singh Nagar,2021-08-28,2021,08,37.28556487,NRSC VIC MODEL
Uttarakhand,Udam Singh Nagar,2021-08-30,2021,08,1.29382743,NRSC VIC MODEL
Uttarakhand,Udam Singh Nagar,2021-09-04,2021,09,2.301496239,NRSC VIC MODEL
Uttarakhand,Udam Singh Nagar,2021-09-06,2021,09,0.043361348,NRSC VIC MODEL
Uttarakhand,Udam Singh Nagar,2021-09-08,2021,09,1.834181972,NRSC VIC MODEL
Uttarakhand,Udam Singh Nagar,2021-09-11,2021,09,5.092275416,NRSC VIC MODEL
Uttarakhand,Udam Singh Nagar,2021-09-16,2021,09,0.716993171,NRSC VIC MODEL
Uttarakhand,Udam Singh Nagar,2021-09-17,2021,09,17.1690423,NRSC VIC MODEL
Uttarakhand,Udam Singh Nagar,2021-09-18,2021,09,0.272647989,NRSC VIC MODEL
Uttarakhand,Udam Singh Nagar,2021-09-19,2021,09,0.032033436,NRSC VIC MODEL
Uttarakhand,Udam Singh Nagar,2021-09-22,2021,09,10.17775004,NRSC VIC MODEL
Uttarakhand,Udam Singh Nagar,2021-09-25,2021,09,5.361730167,NRSC VIC MODEL
Uttarakhand,Udam Singh Nagar,2021-09-26,2021,09,1.15649797,NRSC VIC MODEL
Uttarakhand,Udam Singh Nagar,2021-09-29,2021,09,1.250284189,NRSC VIC MODEL
Uttarakhand,Udam Singh Nagar,2021-10-03,2021,10,7.333544754,NRSC VIC MODEL
Uttarakhand,Udam Singh Nagar,2021-10-08,2021,10,0,NRSC VIC MODEL
Uttarakhand,Udam Singh Nagar,2021-10-13,2021,10,0,NRSC VIC MODEL
Uttarakhand,Udam Singh Nagar,2021-10-16,2021,10,0.013439896,NRSC VIC MODEL
Uttarakhand,Udam Singh Nagar,2021-10-21,2021,10,0.087430058,NRSC VIC MODEL
Uttarakhand,Udam Singh Nagar,2021-10-25,2021,10,0.290918163,NRSC VIC MODEL
Uttarakhand,Udam Singh Nagar,2021-11-05,2021,11,0,NRSC VIC MODEL
Uttarakhand,Udam Singh Nagar,2021-11-07,2021,11,0,NRSC VIC MODEL
Uttarakhand,Udam Singh Nagar,2021-11-08,2021,11,0.121898843,NRSC VIC MODEL
Uttarakhand,Udam Singh Nagar,2021-11-22,2021,11,0,NRSC VIC MODEL
Uttarakhand,Udam Singh Nagar,2021-11-25,2021,11,0,NRSC VIC MODEL
Uttarakhand,Udam Singh Nagar,2021-12-11,2021,12,0,NRSC VIC MODEL
Uttarakhand,Udam Singh Nagar,2021-12-17,2021,12,0.000151578,NRSC VIC MODEL
Uttarakhand,Udam Singh Nagar,2021-12-18,2021,12,0.033983736,NRSC VIC MODEL
Uttarakhand,Udam Singh Nagar,2021-12-19,2021,12,0,NRSC VIC MODEL
Uttarakhand,Udam Singh Nagar,2021-12-24,2021,12,0.015097146,NRSC VIC MODEL
Uttarakhand,Udam Singh Nagar,2021-12-26,2021,12,0,NRSC VIC MODEL
Uttarakhand,Udam Singh Nagar,2021-12-29,2021,12,2.642566433,NRSC VIC MODEL
Uttarakhand,Udam Singh Nagar,2021-12-30,2021,12,0.019098799,NRSC VIC MODEL
Uttarakhand,Udam Singh Nagar,2021-02-21,2021,02,0,NRSC VIC MODEL
Uttarakhand,Udam Singh Nagar,2021-05-04,2021,05,0.065683701,NRSC VIC MODEL
Uttarakhand,Uttar Kashi,2021-01-08,2021,01,0,NRSC VIC MODEL
Uttarakhand,Uttar Kashi,2021-01-12,2021,01,0,NRSC VIC MODEL
Uttarakhand,Uttar Kashi,2021-01-16,2021,01,0,NRSC VIC MODEL
Uttarakhand,Uttar Kashi,2021-02-09,2021,02,0,NRSC VIC MODEL
Uttarakhand,Uttar Kashi,2021-02-11,2021,02,0,NRSC VIC MODEL
Uttarakhand,Uttar Kashi,2021-03-01,2021,03,0.020300595,NRSC VIC MODEL
Uttarakhand,Uttar Kashi,2021-03-06,2021,03,0.040939533,NRSC VIC MODEL
Uttarakhand,Uttar Kashi,2021-03-08,2021,03,13.6023473,NRSC VIC MODEL
Uttarakhand,Uttar Kashi,2021-03-11,2021,03,0.557861676,NRSC VIC MODEL
Uttarakhand,Uttar Kashi,2021-03-18,2021,03,0.00283943,NRSC VIC MODEL
Uttarakhand,Uttar Kashi,2021-03-23,2021,03,7.425576164,NRSC VIC MODEL
Uttarakhand,Uttar Kashi,2021-03-27,2021,03,0.017212384,NRSC VIC MODEL
Uttarakhand,Uttar Kashi,2021-03-29,2021,03,0.444908104,NRSC VIC MODEL
Uttarakhand,Uttar Kashi,2021-03-30,2021,03,0.099628818,NRSC VIC MODEL
Uttarakhand,Uttar Kashi,2021-04-05,2021,04,1.593467336,NRSC VIC MODEL
Uttarakhand,Uttar Kashi,2021-04-10,2021,04,1.628479228,NRSC VIC MODEL
Uttarakhand,Uttar Kashi,2021-04-12,2021,04,1.024984336,NRSC VIC MODEL
Uttarakhand,Uttar Kashi,2021-04-19,2021,04,2.972962421,NRSC VIC MODEL
Uttarakhand,Uttar Kashi,2021-04-20,2021,04,0.033141053,NRSC VIC MODEL
Uttarakhand,Uttar Kashi,2021-04-22,2021,04,20.73908116,NRSC VIC MODEL
Uttarakhand,Uttar Kashi,2021-04-25,2021,04,0.44907437,NRSC VIC MODEL
Uttarakhand,Uttar Kashi,2021-04-29,2021,04,1.66916998,NRSC VIC MODEL
Uttarakhand,Uttar Kashi,2021-04-30,2021,04,1.365868477,NRSC VIC MODEL
Uttarakhand,Uttar Kashi,2021-05-04,2021,05,6.013878763,NRSC VIC MODEL
Uttarakhand,Uttar Kashi,2021-05-10,2021,05,4.14720257,NRSC VIC MODEL
Uttarakhand,Uttar Kashi,2021-05-11,2021,05,2.929379167,NRSC VIC MODEL
Uttarakhand,Uttar Kashi,2021-05-13,2021,05,12.90971555,NRSC VIC MODEL
Uttarakhand,Uttar Kashi,2021-05-14,2021,05,6.730997279,NRSC VIC MODEL
Uttarakhand,Uttar Kashi,2021-05-16,2021,05,0.724820801,NRSC VIC MODEL
Uttarakhand,Uttar Kashi,2021-05-18,2021,05,0.088427003,NRSC VIC MODEL
Uttarakhand,Uttar Kashi,2021-05-28,2021,05,0.090284574,NRSC VIC MODEL
Uttarakhand,Uttar Kashi,2021-06-02,2021,06,1.761819639,NRSC VIC MODEL
Uttarakhand,Uttar Kashi,2021-06-14,2021,06,3.349389189,NRSC VIC MODEL
Uttarakhand,Uttar Kashi,2021-06-21,2021,06,1.944730654,NRSC VIC MODEL
Uttarakhand,Uttar Kashi,2021-06-23,2021,06,0.140409131,NRSC VIC MODEL
Uttarakhand,Uttar Kashi,2021-06-24,2021,06,2.236412388,NRSC VIC MODEL
Uttarakhand,Uttar Kashi,2021-06-26,2021,06,2.181288975,NRSC VIC MODEL
Uttarakhand,Uttar Kashi,2021-07-16,2021,07,1.724595248,NRSC VIC MODEL
Uttarakhand,Uttar Kashi,2021-07-17,2021,07,0.853328211,NRSC VIC MODEL
Uttarakhand,Uttar Kashi,2021-07-18,2021,07,2.280095155,NRSC VIC MODEL
Uttarakhand,Uttar Kashi,2021-07-19,2021,07,42.26914249,NRSC VIC MODEL
Uttarakhand,Uttar Kashi,2021-07-24,2021,07,9.209922166,NRSC VIC MODEL
Uttarakhand,Uttar Kashi,2021-07-31,2021,07,5.385638374,NRSC VIC MODEL
Uttarakhand,Uttar Kashi,2021-08-01,2021,08,0.352941765,NRSC VIC MODEL
Uttarakhand,Uttar Kashi,2021-08-10,2021,08,3.733567997,NRSC VIC MODEL
Uttarakhand,Uttar Kashi,2021-08-11,2021,08,0.073775414,NRSC VIC MODEL
Uttarakhand,Uttar Kashi,2021-08-21,2021,08,20.86265937,NRSC VIC MODEL
Uttarakhand,Uttar Kashi,2021-08-30,2021,08,3.419937073,NRSC VIC MODEL
Uttarakhand,Uttar Kashi,2021-09-04,2021,09,1.804772647,NRSC VIC MODEL
Uttarakhand,Uttar Kashi,2021-09-11,2021,09,4.271553665,NRSC VIC MODEL
Uttarakhand,Uttar Kashi,2021-09-16,2021,09,1.277265668,NRSC VIC MODEL
Uttarakhand,Uttar Kashi,2021-09-17,2021,09,7.834550225,NRSC VIC MODEL
Uttarakhand,Uttar Kashi,2021-09-21,2021,09,18.18839765,NRSC VIC MODEL
Uttarakhand,Uttar Kashi,2021-09-22,2021,09,3.310562642,NRSC VIC MODEL
Uttarakhand,Uttar Kashi,2021-09-30,2021,09,0.792502719,NRSC VIC MODEL
Uttarakhand,Uttar Kashi,2021-10-02,2021,10,1.091654542,NRSC VIC MODEL
Uttarakhand,Uttar Kashi,2021-10-07,2021,10,0,NRSC VIC MODEL
Uttarakhand,Uttar Kashi,2021-10-26,2021,10,0.303235161,NRSC VIC MODEL
Uttarakhand,Uttar Kashi,2021-10-27,2021,10,0.164129647,NRSC VIC MODEL
Uttarakhand,Uttar Kashi,2021-10-29,2021,10,6.97e-05,NRSC VIC MODEL
Uttarakhand,Uttar Kashi,2021-10-30,2021,10,0.508510001,NRSC VIC MODEL
Uttarakhand,Uttar Kashi,2021-11-11,2021,11,0.019988788,NRSC VIC MODEL
Uttarakhand,Uttar Kashi,2021-11-22,2021,11,0,NRSC VIC MODEL
Uttarakhand,Uttar Kashi,2021-12-04,2021,12,1.510258117,NRSC VIC MODEL
Uttarakhand,Uttar Kashi,2021-12-16,2021,12,0.004030265,NRSC VIC MODEL
Uttarakhand,Uttar Kashi,2021-12-17,2021,12,0.056108589,NRSC VIC MODEL
Uttarakhand,Uttar Kashi,2021-12-21,2021,12,0.030384551,NRSC VIC MODEL
Uttarakhand,Uttar Kashi,2021-12-26,2021,12,0,NRSC VIC MODEL
Uttarakhand,Uttar Kashi,2021-12-29,2021,12,0.000344977,NRSC VIC MODEL
Uttarakhand,Bageshwar,2021-11-29,2021,11,0,NRSC VIC MODEL
Uttarakhand,Bageshwar,2021-12-02,2021,12,2.013136352,NRSC VIC MODEL
Uttarakhand,Bageshwar,2021-12-16,2021,12,0,NRSC VIC MODEL
Uttarakhand,Bageshwar,2021-12-20,2021,12,0,NRSC VIC MODEL
Uttarakhand,Bageshwar,2021-12-23,2021,12,0,NRSC VIC MODEL
Uttarakhand,Bageshwar,2021-12-28,2021,12,0,NRSC VIC MODEL
Uttarakhand,Bageshwar,2021-12-30,2021,12,0.162051979,NRSC VIC MODEL
Uttarakhand,Bageshwar,2021-12-31,2021,12,0,NRSC VIC MODEL
Uttarakhand,Chamoli,2021-01-02,2021,01,0.309775381,NRSC VIC MODEL
Uttarakhand,Chamoli,2021-01-06,2021,01,0,NRSC VIC MODEL
Uttarakhand,Chamoli,2021-01-13,2021,01,0,NRSC VIC MODEL
Uttarakhand,Chamoli,2021-01-18,2021,01,0,NRSC VIC MODEL
Uttarakhand,Chamoli,2021-01-19,2021,01,0,NRSC VIC MODEL
Uttarakhand,Chamoli,2021-01-26,2021,01,0,NRSC VIC MODEL
Uttarakhand,Chamoli,2021-01-28,2021,01,0,NRSC VIC MODEL
Uttarakhand,Chamoli,2021-01-31,2021,01,0,NRSC VIC MODEL
Uttarakhand,Chamoli,2021-02-02,2021,02,0,NRSC VIC MODEL
Uttarakhand,Chamoli,2021-02-04,2021,02,1.549179678,NRSC VIC MODEL
Uttarakhand,Chamoli,2021-02-07,2021,02,0,NRSC VIC MODEL
Uttarakhand,Chamoli,2021-02-26,2021,02,0,NRSC VIC MODEL
Uttarakhand,Chamoli,2021-02-27,2021,02,2.917892352,NRSC VIC MODEL
Uttarakhand,Chamoli,2021-03-04,2021,03,0.002837232,NRSC VIC MODEL
Uttarakhand,Chamoli,2021-03-10,2021,03,0.063051867,NRSC VIC MODEL
Uttarakhand,Chamoli,2021-03-18,2021,03,0,NRSC VIC MODEL
Uttarakhand,Chamoli,2021-03-19,2021,03,0,NRSC VIC MODEL
Uttarakhand,Chamoli,2021-03-20,2021,03,0,NRSC VIC MODEL
Uttarakhand,Chamoli,2021-03-22,2021,03,2.875687676,NRSC VIC MODEL
Uttarakhand,Chamoli,2021-03-26,2021,03,0.335463556,NRSC VIC MODEL
Uttarakhand,Chamoli,2021-04-02,2021,04,0.000612352,NRSC VIC MODEL
Uttarakhand,Chamoli,2021-04-06,2021,04,0.978263291,NRSC VIC MODEL
Uttarakhand,Chamoli,2021-04-07,2021,04,10.57405052,NRSC VIC MODEL
Uttarakhand,Chamoli,2021-04-09,2021,04,2.118942802,NRSC VIC MODEL
Uttarakhand,Chamoli,2021-04-10,2021,04,0.597370003,NRSC VIC MODEL
Uttarakhand,Chamoli,2021-04-13,2021,04,0,NRSC VIC MODEL
Uttarakhand,Chamoli,2021-04-23,2021,04,9.183976963,NRSC VIC MODEL
Uttarakhand,Chamoli,2021-04-24,2021,04,21.44847682,NRSC VIC MODEL
Uttarakhand,Chamoli,2021-04-30,2021,04,2.954585858,NRSC VIC MODEL
Uttarakhand,Chamoli,2021-05-14,2021,05,0.305944777,NRSC VIC MODEL
Uttarakhand,Chamoli,2021-05-29,2021,05,0.425135735,NRSC VIC MODEL
Uttarakhand,Chamoli,2021-06-02,2021,06,3.188820789,NRSC VIC MODEL
Uttarakhand,Chamoli,2021-06-03,2021,06,4.070016046,NRSC VIC MODEL
Uttarakhand,Chamoli,2021-06-04,2021,06,0.01543808,NRSC VIC MODEL
Uttarakhand,Chamoli,2021-06-15,2021,06,5.92901533,NRSC VIC MODEL
Uttarakhand,Chamoli,2021-06-20,2021,06,23.83236062,NRSC VIC MODEL
Uttarakhand,Chamoli,2021-06-24,2021,06,1.909497931,NRSC VIC MODEL
Uttarakhand,Chamoli,2021-07-06,2021,07,0.628589761,NRSC VIC MODEL
Uttarakhand,Chamoli,2021-07-07,2021,07,2.689277455,NRSC VIC MODEL
Uttarakhand,Chamoli,2021-07-14,2021,07,8.53885029,NRSC VIC MODEL
Uttarakhand,Chamoli,2021-07-23,2021,07,4.563565132,NRSC VIC MODEL
Uttarakhand,Chamoli,2021-07-31,2021,07,4.072176289,NRSC VIC MODEL
Uttarakhand,Chamoli,2021-08-03,2021,08,5.205092535,NRSC VIC MODEL
Uttarakhand,Chamoli,2021-08-10,2021,08,5.091205227,NRSC VIC MODEL
Uttarakhand,Chamoli,2021-08-16,2021,08,1.196638298,NRSC VIC MODEL
Uttarakhand,Chamoli,2021-08-27,2021,08,2.064235935,NRSC VIC MODEL
Uttarakhand,Chamoli,2021-08-30,2021,08,4.441244374,NRSC VIC MODEL
Uttarakhand,Chamoli,2021-09-09,2021,09,4.776231657,NRSC VIC MODEL
Uttarakhand,Chamoli,2021-09-18,2021,09,0.120993995,NRSC VIC MODEL
Uttarakhand,Chamoli,2021-09-19,2021,09,0.209135293,NRSC VIC MODEL
Uttarakhand,Chamoli,2021-09-20,2021,09,4.735210862,NRSC VIC MODEL
Uttarakhand,Chamoli,2021-09-25,2021,09,3.159108098,NRSC VIC MODEL
Uttarakhand,Chamoli,2021-09-30,2021,09,0.572719424,NRSC VIC MODEL
Uttarakhand,Chamoli,2021-10-03,2021,10,4.97872633,NRSC VIC MODEL
Uttarakhand,Chamoli,2021-10-15,2021,10,0.008021814,NRSC VIC MODEL
Uttarakhand,Chamoli,2021-10-16,2021,10,0,NRSC VIC MODEL
Uttarakhand,Chamoli,2021-10-18,2021,10,36.81389771,NRSC VIC MODEL
Uttarakhand,Chamoli,2021-10-20,2021,10,15.40973818,NRSC VIC MODEL
Uttarakhand,Chamoli,2021-10-26,2021,10,0,NRSC VIC MODEL
Uttarakhand,Chamoli,2021-11-08,2021,11,0,NRSC VIC MODEL
Uttarakhand,Chamoli,2021-11-10,2021,11,0,NRSC VIC MODEL
Uttarakhand,Chamoli,2021-11-11,2021,11,0.121388622,NRSC VIC MODEL
Uttarakhand,Chamoli,2021-11-12,2021,11,0,NRSC VIC MODEL
Uttarakhand,Chamoli,2021-11-15,2021,11,0,NRSC VIC MODEL
Uttarakhand,Chamoli,2021-11-23,2021,11,6.8e-06,NRSC VIC MODEL
Uttarakhand,Chamoli,2021-11-26,2021,11,0,NRSC VIC MODEL
Uttarakhand,Chamoli,2021-11-27,2021,11,0,NRSC VIC MODEL
Uttarakhand,Chamoli,2021-12-01,2021,12,0.002646722,NRSC VIC MODEL
Uttarakhand,Chamoli,2021-12-04,2021,12,0.934796489,NRSC VIC MODEL
Uttarakhand,Chamoli,2021-12-08,2021,12,0.020245045,NRSC VIC MODEL
Uttarakhand,Chamoli,2021-12-09,2021,12,0.150669264,NRSC VIC MODEL
Uttarakhand,Chamoli,2021-12-16,2021,12,0.013172377,NRSC VIC MODEL
Uttarakhand,Chamoli,2021-12-26,2021,12,0,NRSC VIC MODEL
Uttarakhand,Chamoli,2021-12-31,2021,12,0.007848314,NRSC VIC MODEL
Uttarakhand,Champawat,2021-01-01,2021,01,0,NRSC VIC MODEL
Uttarakhand,Champawat,2021-01-02,2021,01,1.480703362,NRSC VIC MODEL
Uttarakhand,Champawat,2021-01-04,2021,01,0.120485368,NRSC VIC MODEL
Uttarakhand,Champawat,2021-01-05,2021,01,2.828939806,NRSC VIC MODEL
Uttarakhand,Champawat,2021-01-06,2021,01,0,NRSC VIC MODEL
Uttarakhand,Champawat,2021-01-10,2021,01,0,NRSC VIC MODEL
Uttarakhand,Champawat,2021-01-14,2021,01,0,NRSC VIC MODEL
Uttarakhand,Champawat,2021-01-17,2021,01,0,NRSC VIC MODEL
Uttarakhand,Champawat,2021-01-28,2021,01,0,NRSC VIC MODEL
Uttarakhand,Champawat,2021-02-01,2021,02,0,NRSC VIC MODEL
Uttarakhand,Champawat,2021-02-06,2021,02,1.622000393,NRSC VIC MODEL
Uttarakhand,Champawat,2021-02-11,2021,02,0.007992775,NRSC VIC MODEL
Uttarakhand,Champawat,2021-02-18,2021,02,0.032108117,NRSC VIC MODEL
Uttarakhand,Champawat,2021-02-26,2021,02,0,NRSC VIC MODEL
Uttarakhand,Champawat,2021-03-03,2021,03,0,NRSC VIC MODEL
Uttarakhand,Champawat,2021-03-04,2021,03,0.002557688,NRSC VIC MODEL
Uttarakhand,Champawat,2021-03-07,2021,03,0.245857747,NRSC VIC MODEL
Uttarakhand,Champawat,2021-03-12,2021,03,0,NRSC VIC MODEL
Uttarakhand,Champawat,2021-03-13,2021,03,0.758582819,NRSC VIC MODEL
Uttarakhand,Champawat,2021-03-29,2021,03,0.001522433,NRSC VIC MODEL
Uttarakhand,Champawat,2021-04-01,2021,04,0,NRSC VIC MODEL
Uttarakhand,Champawat,2021-04-05,2021,04,0,NRSC VIC MODEL
Uttarakhand,Champawat,2021-04-08,2021,04,1.917291547,NRSC VIC MODEL
Uttarakhand,Champawat,2021-04-10,2021,04,0,NRSC VIC MODEL
Uttarakhand,Champawat,2021-04-11,2021,04,0,NRSC VIC MODEL
Uttarakhand,Champawat,2021-04-14,2021,04,0,NRSC VIC MODEL
Uttarakhand,Champawat,2021-04-15,2021,04,0,NRSC VIC MODEL
Uttarakhand,Champawat,2021-04-20,2021,04,0,NRSC VIC MODEL
Uttarakhand,Champawat,2021-04-27,2021,04,0,NRSC VIC MODEL
Uttarakhand,Champawat,2021-05-01,2021,05,8.291171521,NRSC VIC MODEL
Uttarakhand,Champawat,2021-05-02,2021,05,0.401770137,NRSC VIC MODEL
Uttarakhand,Champawat,2021-05-03,2021,05,8.350439848,NRSC VIC MODEL
Uttarakhand,Champawat,2021-05-08,2021,05,0.036842885,NRSC VIC MODEL
Uttarakhand,Champawat,2021-05-09,2021,05,2.397741035,NRSC VIC MODEL
Uttarakhand,Champawat,2021-05-12,2021,05,8.772778058,NRSC VIC MODEL
Uttarakhand,Champawat,2021-05-13,2021,05,28.24769862,NRSC VIC MODEL
Uttarakhand,Champawat,2021-05-21,2021,05,90.42018857,NRSC VIC MODEL
Uttarakhand,Champawat,2021-05-25,2021,05,0.001065703,NRSC VIC MODEL
Uttarakhand,Champawat,2021-06-04,2021,06,0.000152243,NRSC VIC MODEL
Uttarakhand,Champawat,2021-06-05,2021,06,0.130076698,NRSC VIC MODEL
Uttarakhand,Champawat,2021-06-10,2021,06,53.50920529,NRSC VIC MODEL
Uttarakhand,Champawat,2021-06-13,2021,06,32.81292788,NRSC VIC MODEL
Uttarakhand,Champawat,2021-06-15,2021,06,43.97298786,NRSC VIC MODEL
Uttarakhand,Champawat,2021-06-16,2021,06,59.48419253,NRSC VIC MODEL
Uttarakhand,Champawat,2021-06-19,2021,06,58.94458129,NRSC VIC MODEL
Uttarakhand,Champawat,2021-06-22,2021,06,0.53478513,NRSC VIC MODEL
Uttarakhand,Champawat,2021-06-24,2021,06,0.301852842,NRSC VIC MODEL
Uttarakhand,Champawat,2021-06-27,2021,06,4.01511323,NRSC VIC MODEL
Uttarakhand,Champawat,2021-06-28,2021,06,0.805519437,NRSC VIC MODEL
Uttarakhand,Champawat,2021-06-29,2021,06,0.838799828,NRSC VIC MODEL
Uttarakhand,Champawat,2021-07-01,2021,07,0.011692287,NRSC VIC MODEL
Uttarakhand,Champawat,2021-07-11,2021,07,18.85669086,NRSC VIC MODEL
Uttarakhand,Champawat,2021-07-13,2021,07,7.079421218,NRSC VIC MODEL
Uttarakhand,Champawat,2021-07-15,2021,07,20.98480897,NRSC VIC MODEL
Uttarakhand,Champawat,2021-07-17,2021,07,2.520159893,NRSC VIC MODEL
Uttarakhand,Champawat,2021-07-23,2021,07,12.22043474,NRSC VIC MODEL
Uttarakhand,Champawat,2021-07-26,2021,07,18.60580908,NRSC VIC MODEL
Uttarakhand,Champawat,2021-07-27,2021,07,2.002014958,NRSC VIC MODEL
Uttarakhand,Champawat,2021-08-15,2021,08,0.816907237,NRSC VIC MODEL
Uttarakhand,Champawat,2021-08-25,2021,08,0.865731672,NRSC VIC MODEL
Uttarakhand,Champawat,2021-09-07,2021,09,10.87130006,NRSC VIC MODEL
Uttarakhand,Champawat,2021-09-10,2021,09,39.97451482,NRSC VIC MODEL
Uttarakhand,Champawat,2021-09-17,2021,09,5.167199374,NRSC VIC MODEL
Uttarakhand,Champawat,2021-09-20,2021,09,0.747545178,NRSC VIC MODEL
Uttarakhand,Champawat,2021-09-25,2021,09,14.99875364,NRSC VIC MODEL
Uttarakhand,Champawat,2021-09-27,2021,09,0.00182692,NRSC VIC MODEL
Uttarakhand,Champawat,2021-09-30,2021,09,1.214460234,NRSC VIC MODEL
Uttarakhand,Champawat,2021-10-04,2021,10,0.041410185,NRSC VIC MODEL
Uttarakhand,Champawat,2021-10-12,2021,10,0,NRSC VIC MODEL
Uttarakhand,Champawat,2021-10-13,2021,10,0,NRSC VIC MODEL
Uttarakhand,Champawat,2021-10-14,2021,10,0.031575266,NRSC VIC MODEL
Uttarakhand,Champawat,2021-10-16,2021,10,0.01356488,NRSC VIC MODEL
Uttarakhand,Champawat,2021-10-22,2021,10,0,NRSC VIC MODEL
Uttarakhand,Champawat,2021-10-27,2021,10,0,NRSC VIC MODEL
Uttarakhand,Champawat,2021-11-01,2021,11,0.011555268,NRSC VIC MODEL
Uttarakhand,Champawat,2021-11-02,2021,11,0,NRSC VIC MODEL
Uttarakhand,Champawat,2021-11-11,2021,11,0,NRSC VIC MODEL
Uttarakhand,Champawat,2021-11-15,2021,11,0,NRSC VIC MODEL
Uttarakhand,Champawat,2021-11-16,2021,11,0,NRSC VIC MODEL
Uttarakhand,Champawat,2021-11-19,2021,11,0,NRSC VIC MODEL
Uttarakhand,Champawat,2021-11-25,2021,11,0,NRSC VIC MODEL
Uttarakhand,Champawat,2021-12-02,2021,12,2.616743059,NRSC VIC MODEL
Uttarakhand,Champawat,2021-12-04,2021,12,0.055051187,NRSC VIC MODEL
Uttarakhand,Champawat,2021-12-07,2021,12,1.192948252,NRSC VIC MODEL
Uttarakhand,Champawat,2021-12-09,2021,12,0,NRSC VIC MODEL
Uttarakhand,Champawat,2021-12-14,2021,12,0.079608035,NRSC VIC MODEL
Uttarakhand,Champawat,2021-12-15,2021,12,0,NRSC VIC MODEL
Uttarakhand,Champawat,2021-12-17,2021,12,0,NRSC VIC MODEL
Uttarakhand,Champawat,2021-12-23,2021,12,0,NRSC VIC MODEL
Uttarakhand,Champawat,2021-12-24,2021,12,0.383592284,NRSC VIC MODEL
Uttarakhand,Champawat,2021-12-25,2021,12,0.000243589,NRSC VIC MODEL
Uttarakhand,Champawat,2021-12-26,2021,12,0,NRSC VIC MODEL
Uttarakhand,Champawat,2021-12-27,2021,12,0.786991424,NRSC VIC MODEL
Uttarakhand,Dehradun,2021-01-16,2021,01,0,NRSC VIC MODEL
Uttarakhand,Dehradun,2021-01-19,2021,01,0,NRSC VIC MODEL
Uttarakhand,Dehradun,2021-02-20,2021,02,0,NRSC VIC MODEL
Uttarakhand,Dehradun,2021-03-04,2021,03,0,NRSC VIC MODEL
Uttarakhand,Dehradun,2021-03-25,2021,03,0.517022971,NRSC VIC MODEL
Uttarakhand,Dehradun,2021-03-28,2021,03,0,NRSC VIC MODEL
Uttarakhand,Dehradun,2021-03-29,2021,03,0.030283314,NRSC VIC MODEL
Uttarakhand,Dehradun,2021-04-03,2021,04,0,NRSC VIC MODEL
Uttarakhand,Dehradun,2021-04-24,2021,04,27.44704569,NRSC VIC MODEL
Uttarakhand,Dehradun,2021-05-01,2021,05,2.013552726,NRSC VIC MODEL
Uttarakhand,Dehradun,2021-05-15,2021,05,0.020246117,NRSC VIC MODEL
Uttarakhand,Dehradun,2021-05-16,2021,05,1.352239682,NRSC VIC MODEL
Uttarakhand,Rudra Prayag,2021-05-06,2021,05,5.423558155,NRSC VIC MODEL
Uttarakhand,Rudra Prayag,2021-05-07,2021,05,44.90452145,NRSC VIC MODEL
Uttarakhand,Rudra Prayag,2021-05-10,2021,05,8.307856327,NRSC VIC MODEL
Uttarakhand,Rudra Prayag,2021-05-20,2021,05,24.63277173,NRSC VIC MODEL
Uttarakhand,Rudra Prayag,2021-05-22,2021,05,1.113993438,NRSC VIC MODEL
Uttarakhand,Rudra Prayag,2021-05-25,2021,05,0.073606006,NRSC VIC MODEL
Uttarakhand,Rudra Prayag,2021-05-30,2021,05,1.153379343,NRSC VIC MODEL
Uttarakhand,Rudra Prayag,2021-06-01,2021,06,13.30456656,NRSC VIC MODEL
Uttarakhand,Rudra Prayag,2021-06-03,2021,06,4.939096809,NRSC VIC MODEL
Uttarakhand,Rudra Prayag,2021-06-10,2021,06,37.61162503,NRSC VIC MODEL
Uttarakhand,Rudra Prayag,2021-06-21,2021,06,19.72982216,NRSC VIC MODEL
Uttarakhand,Rudra Prayag,2021-06-23,2021,06,7.157782563,NRSC VIC MODEL
Uttarakhand,Rudra Prayag,2021-07-02,2021,07,5.111977242,NRSC VIC MODEL
Uttarakhand,Rudra Prayag,2021-07-08,2021,07,1.209226227,NRSC VIC MODEL
Uttarakhand,Rudra Prayag,2021-07-21,2021,07,5.096908085,NRSC VIC MODEL
Uttarakhand,Rudra Prayag,2021-07-29,2021,07,22.57907049,NRSC VIC MODEL
Uttarakhand,Rudra Prayag,2021-07-30,2021,07,17.74620722,NRSC VIC MODEL
Uttarakhand,Rudra Prayag,2021-08-03,2021,08,6.80688266,NRSC VIC MODEL
Uttarakhand,Rudra Prayag,2021-08-04,2021,08,2.34025611,NRSC VIC MODEL
Uttarakhand,Rudra Prayag,2021-08-27,2021,08,1.819527077,NRSC VIC MODEL
Uttarakhand,Rudra Prayag,2021-09-01,2021,09,12.88481159,NRSC VIC MODEL
Uttarakhand,Rudra Prayag,2021-09-09,2021,09,17.9777851,NRSC VIC MODEL
Uttarakhand,Rudra Prayag,2021-09-17,2021,09,9.193684531,NRSC VIC MODEL
Uttarakhand,Rudra Prayag,2021-09-19,2021,09,0.08949152,NRSC VIC MODEL
Uttarakhand,Rudra Prayag,2021-09-21,2021,09,9.761561556,NRSC VIC MODEL
Uttarakhand,Rudra Prayag,2021-10-02,2021,10,1.013086296,NRSC VIC MODEL
Uttarakhand,Rudra Prayag,2021-10-05,2021,10,3.557873421,NRSC VIC MODEL
Uttarakhand,Rudra Prayag,2021-10-08,2021,10,0.000120446,NRSC VIC MODEL
Uttarakhand,Rudra Prayag,2021-10-15,2021,10,4.01e-05,NRSC VIC MODEL
Uttarakhand,Rudra Prayag,2021-10-27,2021,10,0,NRSC VIC MODEL
Uttarakhand,Rudra Prayag,2021-10-29,2021,10,0,NRSC VIC MODEL
Uttarakhand,Rudra Prayag,2021-10-31,2021,10,0,NRSC VIC MODEL
Uttarakhand,Rudra Prayag,2021-11-06,2021,11,0,NRSC VIC MODEL
Uttarakhand,Rudra Prayag,2021-11-17,2021,11,0,NRSC VIC MODEL
Uttarakhand,Rudra Prayag,2021-11-20,2021,11,2.815108527,NRSC VIC MODEL
Uttarakhand,Rudra Prayag,2021-11-28,2021,11,0,NRSC VIC MODEL
Uttarakhand,Rudra Prayag,2021-12-08,2021,12,0.001445354,NRSC VIC MODEL
Uttarakhand,Rudra Prayag,2021-12-17,2021,12,0.010826774,NRSC VIC MODEL
Uttarakhand,Rudra Prayag,2021-12-19,2021,12,0.057613428,NRSC VIC MODEL
Uttarakhand,Rudra Prayag,2021-12-29,2021,12,3.488215374,NRSC VIC MODEL
Uttarakhand,Tehri Garhwal,2021-01-04,2021,01,0,NRSC VIC MODEL
Uttarakhand,Tehri Garhwal,2021-01-13,2021,01,0,NRSC VIC MODEL
Uttarakhand,Tehri Garhwal,2021-01-21,2021,01,0,NRSC VIC MODEL
Uttarakhand,Tehri Garhwal,2021-01-23,2021,01,0,NRSC VIC MODEL
Uttarakhand,Tehri Garhwal,2021-01-25,2021,01,0,NRSC VIC MODEL
Uttarakhand,Tehri Garhwal,2021-01-29,2021,01,0,NRSC VIC MODEL
Uttarakhand,Tehri Garhwal,2021-01-31,2021,01,0,NRSC VIC MODEL
Uttarakhand,Tehri Garhwal,2021-02-02,2021,02,0,NRSC VIC MODEL
Uttarakhand,Tehri Garhwal,2021-02-03,2021,02,0,NRSC VIC MODEL
Uttarakhand,Tehri Garhwal,2021-02-08,2021,02,0,NRSC VIC MODEL
Uttarakhand,Tehri Garhwal,2021-02-11,2021,02,0,NRSC VIC MODEL
Uttarakhand,Tehri Garhwal,2021-02-18,2021,02,0,NRSC VIC MODEL
Uttarakhand,Tehri Garhwal,2021-02-19,2021,02,1.124620265,NRSC VIC MODEL
Uttarakhand,Tehri Garhwal,2021-03-01,2021,03,0.000517593,NRSC VIC MODEL
Uttarakhand,Tehri Garhwal,2021-03-02,2021,03,0,NRSC VIC MODEL
Uttarakhand,Tehri Garhwal,2021-03-08,2021,03,19.72810541,NRSC VIC MODEL
Uttarakhand,Tehri Garhwal,2021-03-10,2021,03,0.008976149,NRSC VIC MODEL
Uttarakhand,Tehri Garhwal,2021-03-18,2021,03,0.006258787,NRSC VIC MODEL
Uttarakhand,Tehri Garhwal,2021-03-23,2021,03,3.13136174,NRSC VIC MODEL
Uttarakhand,Tehri Garhwal,2021-03-24,2021,03,1.978628012,NRSC VIC MODEL
Uttarakhand,Tehri Garhwal,2021-03-25,2021,03,0.446348906,NRSC VIC MODEL
Uttarakhand,Tehri Garhwal,2021-03-27,2021,03,0,NRSC VIC MODEL
Uttarakhand,Tehri Garhwal,2021-04-03,2021,04,0.000578887,NRSC VIC MODEL
Uttarakhand,Tehri Garhwal,2021-04-05,2021,04,0.54052356,NRSC VIC MODEL
Uttarakhand,Tehri Garhwal,2021-04-10,2021,04,0,NRSC VIC MODEL
Uttarakhand,Tehri Garhwal,2021-04-17,2021,04,1.745425198,NRSC VIC MODEL
Uttarakhand,Tehri Garhwal,2021-04-21,2021,04,5.467605538,NRSC VIC MODEL
Uttarakhand,Tehri Garhwal,2021-04-23,2021,04,14.00291571,NRSC VIC MODEL
Uttarakhand,Tehri Garhwal,2021-04-30,2021,04,0.661095449,NRSC VIC MODEL
Uttarakhand,Tehri Garhwal,2021-05-01,2021,05,4.058220679,NRSC VIC MODEL
Uttarakhand,Tehri Garhwal,2021-05-07,2021,05,35.41303438,NRSC VIC MODEL
Uttarakhand,Tehri Garhwal,2021-05-13,2021,05,19.82630503,NRSC VIC MODEL
Uttarakhand,Tehri Garhwal,2021-05-16,2021,05,2.480515991,NRSC VIC MODEL
Uttarakhand,Tehri Garhwal,2021-05-25,2021,05,0.009956852,NRSC VIC MODEL
Uttarakhand,Tehri Garhwal,2021-05-27,2021,05,0,NRSC VIC MODEL
Uttarakhand,Tehri Garhwal,2021-05-30,2021,05,13.60485958,NRSC VIC MODEL
Uttarakhand,Tehri Garhwal,2021-06-13,2021,06,18.63782334,NRSC VIC MODEL
Uttarakhand,Tehri Garhwal,2021-06-21,2021,06,16.13290557,NRSC VIC MODEL
Uttarakhand,Tehri Garhwal,2021-06-30,2021,06,0.012776371,NRSC VIC MODEL
Uttarakhand,Tehri Garhwal,2021-07-02,2021,07,0.142521911,NRSC VIC MODEL
Uttarakhand,Tehri Garhwal,2021-07-03,2021,07,4.197814104,NRSC VIC MODEL
Uttarakhand,Tehri Garhwal,2021-07-07,2021,07,4.127986745,NRSC VIC MODEL
Uttarakhand,Tehri Garhwal,2021-07-09,2021,07,3.652455137,NRSC VIC MODEL
Uttarakhand,Tehri Garhwal,2021-07-14,2021,07,17.46559135,NRSC VIC MODEL
Uttarakhand,Tehri Garhwal,2021-07-21,2021,07,14.90223326,NRSC VIC MODEL
Uttarakhand,Tehri Garhwal,2021-07-22,2021,07,33.15310147,NRSC VIC MODEL
Uttarakhand,Tehri Garhwal,2021-07-23,2021,07,8.143962313,NRSC VIC MODEL
Uttarakhand,Tehri Garhwal,2021-07-24,2021,07,13.42248983,NRSC VIC MODEL
Uttarakhand,Tehri Garhwal,2021-07-27,2021,07,7.102293111,NRSC VIC MODEL
Uttarakhand,Tehri Garhwal,2021-07-30,2021,07,21.84238361,NRSC VIC MODEL
Uttarakhand,Tehri Garhwal,2021-08-02,2021,08,10.56161802,NRSC VIC MODEL
Uttarakhand,Tehri Garhwal,2021-08-05,2021,08,33.55919392,NRSC VIC MODEL
Uttarakhand,Tehri Garhwal,2021-08-14,2021,08,4.997678917,NRSC VIC MODEL
Uttarakhand,Tehri Garhwal,2021-08-17,2021,08,0.012551626,NRSC VIC MODEL
Uttarakhand,Tehri Garhwal,2021-08-24,2021,08,0.561084255,NRSC VIC MODEL
Uttarakhand,Tehri Garhwal,2021-08-27,2021,08,31.03824439,NRSC VIC MODEL
Uttarakhand,Tehri Garhwal,2021-09-01,2021,09,6.860475101,NRSC VIC MODEL
Uttarakhand,Tehri Garhwal,2021-09-04,2021,09,2.343946397,NRSC VIC MODEL
Uttarakhand,Tehri Garhwal,2021-09-18,2021,09,1.064293458,NRSC VIC MODEL
Uttarakhand,Tehri Garhwal,2021-09-20,2021,09,5.136053275,NRSC VIC MODEL
Uttarakhand,Tehri Garhwal,2021-10-02,2021,10,0.799544722,NRSC VIC MODEL
Uttarakhand,Tehri Garhwal,2021-10-03,2021,10,7.172188575,NRSC VIC MODEL
Uttarakhand,Tehri Garhwal,2021-10-04,2021,10,0,NRSC VIC MODEL
Uttarakhand,Tehri Garhwal,2021-10-14,2021,10,0,NRSC VIC MODEL
Uttarakhand,Tehri Garhwal,2021-10-17,2021,10,1.321387267,NRSC VIC MODEL
Uttarakhand,Tehri Garhwal,2021-10-18,2021,10,38.655951,NRSC VIC MODEL
Uttarakhand,Tehri Garhwal,2021-10-20,2021,10,1.357911614,NRSC VIC MODEL
Uttarakhand,Tehri Garhwal,2021-10-26,2021,10,0.006347323,NRSC VIC MODEL
Uttarakhand,Tehri Garhwal,2021-10-31,2021,10,0.000381384,NRSC VIC MODEL
Uttarakhand,Tehri Garhwal,2021-11-05,2021,11,0,NRSC VIC MODEL
Uttarakhand,Tehri Garhwal,2021-11-12,2021,11,0.00014983,NRSC VIC MODEL
Uttarakhand,Tehri Garhwal,2021-11-14,2021,11,0.001212257,NRSC VIC MODEL
Uttarakhand,Tehri Garhwal,2021-11-20,2021,11,0.525731302,NRSC VIC MODEL
Uttarakhand,Tehri Garhwal,2021-11-24,2021,11,0,NRSC VIC MODEL
Uttarakhand,Tehri Garhwal,2021-11-28,2021,11,0,NRSC VIC MODEL
Uttarakhand,Tehri Garhwal,2021-11-29,2021,11,0,NRSC VIC MODEL
Uttarakhand,Tehri Garhwal,2021-11-30,2021,11,0,NRSC VIC MODEL
Uttarakhand,Tehri Garhwal,2021-12-05,2021,12,0,NRSC VIC MODEL
Uttarakhand,Tehri Garhwal,2021-12-08,2021,12,3.41e-05,NRSC VIC MODEL
Uttarakhand,Tehri Garhwal,2021-12-09,2021,12,0.002036319,NRSC VIC MODEL
Uttarakhand,Tehri Garhwal,2021-12-11,2021,12,0.00014983,NRSC VIC MODEL
Uttarakhand,Tehri Garhwal,2021-12-14,2021,12,0.376065247,NRSC VIC MODEL
Uttarakhand,Tehri Garhwal,2021-12-16,2021,12,0,NRSC VIC MODEL
Uttarakhand,Tehri Garhwal,2021-12-19,2021,12,0.003670823,NRSC VIC MODEL
Uttarakhand,Tehri Garhwal,2021-12-24,2021,12,0.03279223,NRSC VIC MODEL
Uttarakhand,Tehri Garhwal,2021-12-25,2021,12,0,NRSC VIC MODEL
Uttarakhand,Tehri Garhwal,2021-12-26,2021,12,0,NRSC VIC MODEL
Uttarakhand,Tehri Garhwal,2021-12-27,2021,12,0.014955709,NRSC VIC MODEL
Uttarakhand,Udam Singh Nagar,2021-01-02,2021,01,0.502844096,NRSC VIC MODEL
Uttarakhand,Udam Singh Nagar,2021-01-08,2021,01,0,NRSC VIC MODEL
Uttarakhand,Udam Singh Nagar,2021-01-10,2021,01,0,NRSC VIC MODEL
Uttarakhand,Udam Singh Nagar,2021-01-16,2021,01,0,NRSC VIC MODEL
Uttarakhand,Udam Singh Nagar,2021-01-17,2021,01,0,NRSC VIC MODEL
Uttarakhand,Udam Singh Nagar,2021-01-28,2021,01,0,NRSC VIC MODEL
Uttarakhand,Udam Singh Nagar,2021-02-01,2021,02,0,NRSC VIC MODEL
Uttarakhand,Udam Singh Nagar,2021-02-08,2021,02,0,NRSC VIC MODEL
Uttarakhand,Udam Singh Nagar,2021-02-11,2021,02,0,NRSC VIC MODEL
Uttarakhand,Udam Singh Nagar,2021-02-20,2021,02,0,NRSC VIC MODEL
Uttarakhand,Udam Singh Nagar,2021-02-28,2021,02,0,NRSC VIC MODEL
Uttarakhand,Udam Singh Nagar,2021-03-03,2021,03,0,NRSC VIC MODEL
Uttarakhand,Udam Singh Nagar,2021-03-04,2021,03,0.038955487,NRSC VIC MODEL
Uttarakhand,Udam Singh Nagar,2021-03-30,2021,03,0,NRSC VIC MODEL
Uttarakhand,Udam Singh Nagar,2021-04-04,2021,04,0.014147259,NRSC VIC MODEL
Uttarakhand,Udam Singh Nagar,2021-04-12,2021,04,0.067138847,NRSC VIC MODEL
Uttarakhand,Udam Singh Nagar,2021-04-13,2021,04,0,NRSC VIC MODEL
Uttarakhand,Udam Singh Nagar,2021-04-19,2021,04,0.150132729,NRSC VIC MODEL
Uttarakhand,Udam Singh Nagar,2021-04-23,2021,04,0.567497068,NRSC VIC MODEL
Uttarakhand,Udam Singh Nagar,2021-04-26,2021,04,0,NRSC VIC MODEL
Uttarakhand,Udam Singh Nagar,2021-05-01,2021,05,1.058993042,NRSC VIC MODEL
Uttarakhand,Udam Singh Nagar,2021-05-11,2021,05,0.009488768,NRSC VIC MODEL
Uttarakhand,Udam Singh Nagar,2021-05-24,2021,05,0.000343576,NRSC VIC MODEL
Uttarakhand,Udam Singh Nagar,2021-05-26,2021,05,0,NRSC VIC MODEL
Uttarakhand,Udam Singh Nagar,2021-06-07,2021,06,0.000646732,NRSC VIC MODEL
Uttarakhand,Udam Singh Nagar,2021-06-11,2021,06,4.815069989,NRSC VIC MODEL
Uttarakhand,Udam Singh Nagar,2021-06-21,2021,06,6.330180754,NRSC VIC MODEL
Uttarakhand,Udam Singh Nagar,2021-07-05,2021,07,0.088986257,NRSC VIC MODEL
Uttarakhand,Udam Singh Nagar,2021-07-09,2021,07,18.09911339,NRSC VIC MODEL
Uttarakhand,Udam Singh Nagar,2021-07-11,2021,07,27.38895117,NRSC VIC MODEL
Uttarakhand,Udam Singh Nagar,2021-07-15,2021,07,24.72365818,NRSC VIC MODEL
Uttarakhand,Udam Singh Nagar,2021-07-25,2021,07,0.721449557,NRSC VIC MODEL
Uttarakhand,Udam Singh Nagar,2021-07-27,2021,07,2.252465883,NRSC VIC MODEL
Uttarakhand,Udam Singh Nagar,2021-08-03,2021,08,3.224352233,NRSC VIC MODEL
Uttarakhand,Udam Singh Nagar,2021-08-09,2021,08,14.89228355,NRSC VIC MODEL
Uttarakhand,Udam Singh Nagar,2021-08-21,2021,08,10.42753,NRSC VIC MODEL
Uttarakhand,Udam Singh Nagar,2021-08-24,2021,08,43.76467584,NRSC VIC MODEL
Uttarakhand,Udam Singh Nagar,2021-08-25,2021,08,19.68640549,NRSC VIC MODEL
Uttarakhand,Udam Singh Nagar,2021-08-31,2021,08,9.738154298,NRSC VIC MODEL
Uttarakhand,Udam Singh Nagar,2021-09-05,2021,09,4.906360228,NRSC VIC MODEL
Uttarakhand,Udam Singh Nagar,2021-09-10,2021,09,25.94112073,NRSC VIC MODEL
Uttarakhand,Udam Singh Nagar,2021-09-13,2021,09,0.089521831,NRSC VIC MODEL
Uttarakhand,Udam Singh Nagar,2021-09-28,2021,09,0.002000827,NRSC VIC MODEL
Uttarakhand,Udam Singh Nagar,2021-09-30,2021,09,1.835687644,NRSC VIC MODEL
Uttarakhand,Udam Singh Nagar,2021-10-01,2021,10,9.846299985,NRSC VIC MODEL
Uttarakhand,Udam Singh Nagar,2021-10-05,2021,10,0.370092285,NRSC VIC MODEL
Uttarakhand,Udam Singh Nagar,2021-10-15,2021,10,0,NRSC VIC MODEL
Uttarakhand,Udam Singh Nagar,2021-10-18,2021,10,101.7051776,NRSC VIC MODEL
Uttarakhand,Udam Singh Nagar,2021-10-19,2021,10,243.7682196,NRSC VIC MODEL
Uttarakhand,Udam Singh Nagar,2021-10-29,2021,10,0,NRSC VIC MODEL
Uttarakhand,Udam Singh Nagar,2021-10-31,2021,10,0,NRSC VIC MODEL
Uttarakhand,Haridwar,2021-03-17,2021,03,0,NRSC VIC MODEL
Uttarakhand,Haridwar,2021-03-19,2021,03,0,NRSC VIC MODEL
Uttarakhand,Haridwar,2021-03-25,2021,03,0,NRSC VIC MODEL
Uttarakhand,Haridwar,2021-04-02,2021,04,0,NRSC VIC MODEL
Uttarakhand,Haridwar,2021-04-04,2021,04,0,NRSC VIC MODEL
Uttarakhand,Haridwar,2021-04-07,2021,04,4.292410872,NRSC VIC MODEL
Uttarakhand,Haridwar,2021-04-10,2021,04,0,NRSC VIC MODEL
Uttarakhand,Haridwar,2021-04-20,2021,04,0,NRSC VIC MODEL
Uttarakhand,Haridwar,2021-04-23,2021,04,0.599531508,NRSC VIC MODEL
Uttarakhand,Haridwar,2021-04-25,2021,04,1.776805281,NRSC VIC MODEL
Uttarakhand,Haridwar,2021-04-28,2021,04,0,NRSC VIC MODEL
Uttarakhand,Haridwar,2021-05-07,2021,05,7.312301858,NRSC VIC MODEL
Uttarakhand,Haridwar,2021-05-10,2021,05,4.598453892,NRSC VIC MODEL
Uttarakhand,Haridwar,2021-05-11,2021,05,0.590179901,NRSC VIC MODEL
Uttarakhand,Haridwar,2021-05-14,2021,05,4.341600324,NRSC VIC MODEL
Uttarakhand,Haridwar,2021-05-21,2021,05,14.08486404,NRSC VIC MODEL
Uttarakhand,Haridwar,2021-05-25,2021,05,0,NRSC VIC MODEL
Uttarakhand,Haridwar,2021-05-26,2021,05,0,NRSC VIC MODEL
Uttarakhand,Haridwar,2021-05-27,2021,05,0.052976852,NRSC VIC MODEL
Uttarakhand,Haridwar,2021-05-30,2021,05,40.80729071,NRSC VIC MODEL
Uttarakhand,Haridwar,2021-06-07,2021,06,0.118391341,NRSC VIC MODEL
Uttarakhand,Haridwar,2021-06-12,2021,06,18.18145227,NRSC VIC MODEL
Uttarakhand,Haridwar,2021-06-28,2021,06,0,NRSC VIC MODEL
Uttarakhand,Haridwar,2021-07-01,2021,07,0,NRSC VIC MODEL
Uttarakhand,Haridwar,2021-07-07,2021,07,3.346940052,NRSC VIC MODEL
Uttarakhand,Haridwar,2021-07-11,2021,07,1.812037459,NRSC VIC MODEL
Uttarakhand,Haridwar,2021-07-13,2021,07,4.935135114,NRSC VIC MODEL
Uttarakhand,Haridwar,2021-07-19,2021,07,54.53415187,NRSC VIC MODEL
Uttarakhand,Haridwar,2021-07-20,2021,07,71.73445694,NRSC VIC MODEL
Uttarakhand,Haridwar,2021-07-24,2021,07,0.829487518,NRSC VIC MODEL
Uttarakhand,Haridwar,2021-08-05,2021,08,26.11752968,NRSC VIC MODEL
Uttarakhand,Haridwar,2021-08-07,2021,08,1.055913296,NRSC VIC MODEL
Uttarakhand,Haridwar,2021-08-09,2021,08,22.78300388,NRSC VIC MODEL
Uttarakhand,Haridwar,2021-08-20,2021,08,53.70557613,NRSC VIC MODEL
Uttarakhand,Haridwar,2021-08-24,2021,08,1.260818689,NRSC VIC MODEL
Uttarakhand,Haridwar,2021-09-04,2021,09,16.62755423,NRSC VIC MODEL
Uttarakhand,Haridwar,2021-09-08,2021,09,3.783718534,NRSC VIC MODEL
Uttarakhand,Haridwar,2021-09-11,2021,09,5.448830562,NRSC VIC MODEL
Uttarakhand,Haridwar,2021-09-12,2021,09,18.82095021,NRSC VIC MODEL
Uttarakhand,Haridwar,2021-09-13,2021,09,0.251511463,NRSC VIC MODEL
Uttarakhand,Haridwar,2021-10-05,2021,10,0.573545731,NRSC VIC MODEL
Uttarakhand,Haridwar,2021-10-10,2021,10,0.05397046,NRSC VIC MODEL
Uttarakhand,Haridwar,2021-10-12,2021,10,0,NRSC VIC MODEL
Uttarakhand,Haridwar,2021-10-13,2021,10,0,NRSC VIC MODEL
Uttarakhand,Haridwar,2021-10-15,2021,10,0,NRSC VIC MODEL
Uttarakhand,Haridwar,2021-10-16,2021,10,0,NRSC VIC MODEL
Uttarakhand,Haridwar,2021-10-22,2021,10,0,NRSC VIC MODEL
Uttarakhand,Haridwar,2021-10-26,2021,10,0,NRSC VIC MODEL
Uttarakhand,Haridwar,2021-11-06,2021,11,0,NRSC VIC MODEL
Uttarakhand,Haridwar,2021-11-13,2021,11,0,NRSC VIC MODEL
Uttarakhand,Haridwar,2021-11-14,2021,11,0,NRSC VIC MODEL
Uttarakhand,Haridwar,2021-11-16,2021,11,0,NRSC VIC MODEL
Uttarakhand,Haridwar,2021-11-17,2021,11,0,NRSC VIC MODEL
Uttarakhand,Haridwar,2021-11-22,2021,11,0,NRSC VIC MODEL
Uttarakhand,Haridwar,2021-11-27,2021,11,0,NRSC VIC MODEL
Uttarakhand,Haridwar,2021-12-01,2021,12,0,NRSC VIC MODEL
Uttarakhand,Haridwar,2021-12-14,2021,12,0.002349591,NRSC VIC MODEL
Uttarakhand,Haridwar,2021-12-17,2021,12,0,NRSC VIC MODEL
Uttarakhand,Haridwar,2021-12-23,2021,12,0,NRSC VIC MODEL
Uttarakhand,Haridwar,2021-12-25,2021,12,0,NRSC VIC MODEL
Uttarakhand,Haridwar,2021-12-28,2021,12,0,NRSC VIC MODEL
Uttarakhand,Nainital,2021-01-01,2021,01,0,NRSC VIC MODEL
Uttarakhand,Nainital,2021-01-05,2021,01,1.388104099,NRSC VIC MODEL
Uttarakhand,Nainital,2021-01-11,2021,01,0,NRSC VIC MODEL
Uttarakhand,Nainital,2021-01-15,2021,01,0,NRSC VIC MODEL
Uttarakhand,Nainital,2021-01-22,2021,01,0,NRSC VIC MODEL
Uttarakhand,Nainital,2021-02-02,2021,02,0,NRSC VIC MODEL
Uttarakhand,Nainital,2021-02-09,2021,02,0,NRSC VIC MODEL
Uttarakhand,Nainital,2021-02-10,2021,02,0,NRSC VIC MODEL
Uttarakhand,Nainital,2021-02-16,2021,02,0,NRSC VIC MODEL
Uttarakhand,Nainital,2021-02-17,2021,02,0,NRSC VIC MODEL
Uttarakhand,Nainital,2021-02-21,2021,02,0,NRSC VIC MODEL
Uttarakhand,Nainital,2021-02-22,2021,02,0,NRSC VIC MODEL
Uttarakhand,Nainital,2021-02-25,2021,02,0,NRSC VIC MODEL
Uttarakhand,Nainital,2021-02-28,2021,02,0.058861421,NRSC VIC MODEL
Uttarakhand,Nainital,2021-03-04,2021,03,0.000175404,NRSC VIC MODEL
Uttarakhand,Nainital,2021-03-06,2021,03,0,NRSC VIC MODEL
Uttarakhand,Nainital,2021-03-09,2021,03,0.021952443,NRSC VIC MODEL
Uttarakhand,Nainital,2021-03-10,2021,03,0.018403892,NRSC VIC MODEL
Uttarakhand,Nainital,2021-03-14,2021,03,0,NRSC VIC MODEL
Uttarakhand,Nainital,2021-04-04,2021,04,0.003170758,NRSC VIC MODEL
Uttarakhand,Nainital,2021-04-05,2021,04,0,NRSC VIC MODEL
Uttarakhand,Nainital,2021-04-09,2021,04,0.000404778,NRSC VIC MODEL
Uttarakhand,Nainital,2021-04-11,2021,04,0,NRSC VIC MODEL
Uttarakhand,Nainital,2021-04-13,2021,04,0,NRSC VIC MODEL
Uttarakhand,Nainital,2021-04-14,2021,04,0,NRSC VIC MODEL
Uttarakhand,Nainital,2021-04-16,2021,04,0.333712212,NRSC VIC MODEL
Uttarakhand,Nainital,2021-04-21,2021,04,2.964328626,NRSC VIC MODEL
Uttarakhand,Nainital,2021-05-01,2021,05,5.976670631,NRSC VIC MODEL
Uttarakhand,Nainital,2021-05-03,2021,05,1.962409419,NRSC VIC MODEL
Uttarakhand,Nainital,2021-05-26,2021,05,0.000114687,NRSC VIC MODEL
Uttarakhand,Nainital,2021-05-30,2021,05,6.910087962,NRSC VIC MODEL
Uttarakhand,Nainital,2021-06-08,2021,06,1.543761356,NRSC VIC MODEL
Uttarakhand,Nainital,2021-06-11,2021,06,6.203508043,NRSC VIC MODEL
Uttarakhand,Nainital,2021-06-15,2021,06,7.948497877,NRSC VIC MODEL
Uttarakhand,Nainital,2021-06-18,2021,06,25.12493516,NRSC VIC MODEL
Uttarakhand,Nainital,2021-06-21,2021,06,4.961123908,NRSC VIC MODEL
Uttarakhand,Nainital,2021-06-23,2021,06,0.011826255,NRSC VIC MODEL
Uttarakhand,Nainital,2021-07-15,2021,07,18.02881812,NRSC VIC MODEL
Uttarakhand,Nainital,2021-07-18,2021,07,13.57695851,NRSC VIC MODEL
Uttarakhand,Nainital,2021-07-20,2021,07,95.73471128,NRSC VIC MODEL
Uttarakhand,Nainital,2021-07-22,2021,07,66.71347387,NRSC VIC MODEL
Uttarakhand,Nainital,2021-07-24,2021,07,0.845384932,NRSC VIC MODEL
Uttarakhand,Nainital,2021-07-29,2021,07,16.42057568,NRSC VIC MODEL
Uttarakhand,Dehradun,2021-05-22,2021,05,0.07572975,NRSC VIC MODEL
Uttarakhand,Dehradun,2021-05-28,2021,05,0,NRSC VIC MODEL
Uttarakhand,Dehradun,2021-05-29,2021,05,12.78336204,NRSC VIC MODEL
Uttarakhand,Dehradun,2021-06-05,2021,06,5.918992582,NRSC VIC MODEL
Uttarakhand,Dehradun,2021-06-06,2021,06,2.595641461,NRSC VIC MODEL
Uttarakhand,Dehradun,2021-06-09,2021,06,0.003941038,NRSC VIC MODEL
Uttarakhand,Dehradun,2021-06-11,2021,06,8.685352253,NRSC VIC MODEL
Uttarakhand,Dehradun,2021-06-14,2021,06,4.564288678,NRSC VIC MODEL
Uttarakhand,Dehradun,2021-06-21,2021,06,9.807440468,NRSC VIC MODEL
Uttarakhand,Dehradun,2021-06-25,2021,06,0.288794799,NRSC VIC MODEL
Uttarakhand,Dehradun,2021-06-29,2021,06,0.166287762,NRSC VIC MODEL
Uttarakhand,Dehradun,2021-06-30,2021,06,0.004378931,NRSC VIC MODEL
Uttarakhand,Dehradun,2021-07-06,2021,07,1.852305028,NRSC VIC MODEL
Uttarakhand,Dehradun,2021-07-10,2021,07,14.51785665,NRSC VIC MODEL
Uttarakhand,Dehradun,2021-07-14,2021,07,33.88179908,NRSC VIC MODEL
Uttarakhand,Dehradun,2021-07-16,2021,07,7.146793346,NRSC VIC MODEL
Uttarakhand,Dehradun,2021-07-17,2021,07,15.52058894,NRSC VIC MODEL
Uttarakhand,Dehradun,2021-07-18,2021,07,63.12833645,NRSC VIC MODEL
Uttarakhand,Dehradun,2021-07-29,2021,07,37.29672138,NRSC VIC MODEL
Uttarakhand,Dehradun,2021-07-30,2021,07,34.04041942,NRSC VIC MODEL
Uttarakhand,Dehradun,2021-08-03,2021,08,14.06261954,NRSC VIC MODEL
Uttarakhand,Dehradun,2021-08-10,2021,08,6.527260456,NRSC VIC MODEL
Uttarakhand,Dehradun,2021-08-11,2021,08,2.371723531,NRSC VIC MODEL
Uttarakhand,Dehradun,2021-08-17,2021,08,0.010440746,NRSC VIC MODEL
Uttarakhand,Dehradun,2021-08-21,2021,08,48.8401161,NRSC VIC MODEL
Uttarakhand,Dehradun,2021-08-29,2021,08,8.089800451,NRSC VIC MODEL
Uttarakhand,Dehradun,2021-09-02,2021,09,4.653704734,NRSC VIC MODEL
Uttarakhand,Dehradun,2021-09-13,2021,09,2.053993442,NRSC VIC MODEL
Uttarakhand,Dehradun,2021-09-18,2021,09,0.65860841,NRSC VIC MODEL
Uttarakhand,Dehradun,2021-09-19,2021,09,0.270549253,NRSC VIC MODEL
Uttarakhand,Dehradun,2021-09-20,2021,09,12.2218457,NRSC VIC MODEL
Uttarakhand,Dehradun,2021-10-02,2021,10,0.186319225,NRSC VIC MODEL
Uttarakhand,Dehradun,2021-10-07,2021,10,0,NRSC VIC MODEL
Uttarakhand,Dehradun,2021-10-09,2021,10,0,NRSC VIC MODEL
Uttarakhand,Dehradun,2021-10-12,2021,10,0,NRSC VIC MODEL
Uttarakhand,Dehradun,2021-10-19,2021,10,41.30583887,NRSC VIC MODEL
Uttarakhand,Dehradun,2021-10-26,2021,10,0,NRSC VIC MODEL
Uttarakhand,Dehradun,2021-11-03,2021,11,0.109095487,NRSC VIC MODEL
Uttarakhand,Dehradun,2021-11-16,2021,11,0,NRSC VIC MODEL
Uttarakhand,Dehradun,2021-11-17,2021,11,0,NRSC VIC MODEL
Uttarakhand,Dehradun,2021-11-23,2021,11,0,NRSC VIC MODEL
Uttarakhand,Dehradun,2021-11-27,2021,11,0,NRSC VIC MODEL
Uttarakhand,Dehradun,2021-11-29,2021,11,0,NRSC VIC MODEL
Uttarakhand,Dehradun,2021-12-16,2021,12,0,NRSC VIC MODEL
Uttarakhand,Dehradun,2021-12-18,2021,12,0.000154551,NRSC VIC MODEL
Uttarakhand,Dehradun,2021-12-19,2021,12,0,NRSC VIC MODEL
Uttarakhand,Dehradun,2021-12-20,2021,12,0,NRSC VIC MODEL
Uttarakhand,Dehradun,2021-12-21,2021,12,0,NRSC VIC MODEL
Uttarakhand,Dehradun,2021-12-24,2021,12,0.115681056,NRSC VIC MODEL
Uttarakhand,Dehradun,2021-12-29,2021,12,0.208102261,NRSC VIC MODEL
Uttarakhand,Haridwar,2021-01-09,2021,01,0,NRSC VIC MODEL
Uttarakhand,Haridwar,2021-01-10,2021,01,0,NRSC VIC MODEL
Uttarakhand,Haridwar,2021-01-11,2021,01,0,NRSC VIC MODEL
Uttarakhand,Haridwar,2021-01-17,2021,01,0,NRSC VIC MODEL
Uttarakhand,Haridwar,2021-01-18,2021,01,0,NRSC VIC MODEL
Uttarakhand,Haridwar,2021-01-19,2021,01,0,NRSC VIC MODEL
Uttarakhand,Haridwar,2021-01-27,2021,01,0,NRSC VIC MODEL
Uttarakhand,Haridwar,2021-02-13,2021,02,0,NRSC VIC MODEL
Uttarakhand,Haridwar,2021-02-15,2021,02,0,NRSC VIC MODEL
Uttarakhand,Haridwar,2021-02-19,2021,02,0.000783197,NRSC VIC MODEL
Uttarakhand,Haridwar,2021-02-21,2021,02,0,NRSC VIC MODEL
Uttarakhand,Haridwar,2021-03-02,2021,03,0,NRSC VIC MODEL
Uttarakhand,Haridwar,2021-03-12,2021,03,0.000397443,NRSC VIC MODEL
Uttarakhand,Nainital,2021-08-01,2021,08,13.32324386,NRSC VIC MODEL
Uttarakhand,Nainital,2021-08-09,2021,08,15.57631738,NRSC VIC MODEL
Uttarakhand,Nainital,2021-08-18,2021,08,1.023372424,NRSC VIC MODEL
Uttarakhand,Nainital,2021-09-05,2021,09,5.175973155,NRSC VIC MODEL
Uttarakhand,Nainital,2021-09-25,2021,09,19.97322168,NRSC VIC MODEL
Uttarakhand,Nainital,2021-09-27,2021,09,0.355381311,NRSC VIC MODEL
Uttarakhand,Nainital,2021-10-23,2021,10,0.000269852,NRSC VIC MODEL
Uttarakhand,Nainital,2021-10-28,2021,10,9.44e-05,NRSC VIC MODEL
Uttarakhand,Nainital,2021-11-08,2021,11,0.032719529,NRSC VIC MODEL
Uttarakhand,Nainital,2021-11-11,2021,11,0,NRSC VIC MODEL
Uttarakhand,Nainital,2021-11-14,2021,11,0,NRSC VIC MODEL
Uttarakhand,Nainital,2021-11-15,2021,11,0,NRSC VIC MODEL
Uttarakhand,Nainital,2021-11-16,2021,11,0,NRSC VIC MODEL
Uttarakhand,Nainital,2021-11-18,2021,11,0,NRSC VIC MODEL
Uttarakhand,Nainital,2021-11-19,2021,11,0,NRSC VIC MODEL
Uttarakhand,Nainital,2021-12-03,2021,12,0.018889625,NRSC VIC MODEL
Uttarakhand,Nainital,2021-12-05,2021,12,0,NRSC VIC MODEL
Uttarakhand,Nainital,2021-12-15,2021,12,0,NRSC VIC MODEL
Uttarakhand,Nainital,2021-12-18,2021,12,0.000350807,NRSC VIC MODEL
Uttarakhand,Nainital,2021-12-26,2021,12,0,NRSC VIC MODEL
Uttarakhand,Pauri Garhwal,2021-01-12,2021,01,0,NRSC VIC MODEL
Uttarakhand,Pauri Garhwal,2021-01-20,2021,01,0,NRSC VIC MODEL
Uttarakhand,Pauri Garhwal,2021-01-27,2021,01,0,NRSC VIC MODEL
Uttarakhand,Pauri Garhwal,2021-01-30,2021,01,0,NRSC VIC MODEL
Uttarakhand,Pauri Garhwal,2021-02-05,2021,02,8.279602263,NRSC VIC MODEL
Uttarakhand,Pauri Garhwal,2021-02-06,2021,02,0.425804872,NRSC VIC MODEL
Uttarakhand,Pauri Garhwal,2021-02-07,2021,02,0,NRSC VIC MODEL
Uttarakhand,Pauri Garhwal,2021-02-11,2021,02,0,NRSC VIC MODEL
Uttarakhand,Pauri Garhwal,2021-02-12,2021,02,0,NRSC VIC MODEL
Uttarakhand,Pauri Garhwal,2021-02-18,2021,02,0.028472504,NRSC VIC MODEL
Uttarakhand,Pauri Garhwal,2021-02-21,2021,02,0,NRSC VIC MODEL
Uttarakhand,Pauri Garhwal,2021-02-22,2021,02,0,NRSC VIC MODEL
Uttarakhand,Pauri Garhwal,2021-02-24,2021,02,0,NRSC VIC MODEL
Uttarakhand,Pauri Garhwal,2021-03-09,2021,03,0.237793062,NRSC VIC MODEL
Uttarakhand,Pauri Garhwal,2021-03-11,2021,03,0.193259146,NRSC VIC MODEL
Uttarakhand,Pauri Garhwal,2021-03-16,2021,03,0,NRSC VIC MODEL
Uttarakhand,Pauri Garhwal,2021-03-23,2021,03,3.718140895,NRSC VIC MODEL
Uttarakhand,Pauri Garhwal,2021-03-25,2021,03,0.210968273,NRSC VIC MODEL
Uttarakhand,Pauri Garhwal,2021-03-28,2021,03,0.000790903,NRSC VIC MODEL
Uttarakhand,Pauri Garhwal,2021-03-31,2021,03,0,NRSC VIC MODEL
Uttarakhand,Pauri Garhwal,2021-04-09,2021,04,0.000410661,NRSC VIC MODEL
Uttarakhand,Pauri Garhwal,2021-04-12,2021,04,0.000527269,NRSC VIC MODEL
Uttarakhand,Pauri Garhwal,2021-04-17,2021,04,1.830777925,NRSC VIC MODEL
Uttarakhand,Pauri Garhwal,2021-04-21,2021,04,4.148640485,NRSC VIC MODEL
Uttarakhand,Pauri Garhwal,2021-04-29,2021,04,0.151153708,NRSC VIC MODEL
Uttarakhand,Pauri Garhwal,2021-04-30,2021,04,9.1019486,NRSC VIC MODEL
Uttarakhand,Pauri Garhwal,2021-05-03,2021,05,1.850266583,NRSC VIC MODEL
Uttarakhand,Pauri Garhwal,2021-05-10,2021,05,2.696674619,NRSC VIC MODEL
Uttarakhand,Pauri Garhwal,2021-05-20,2021,05,26.60313873,NRSC VIC MODEL
Uttarakhand,Pauri Garhwal,2021-05-21,2021,05,43.8289882,NRSC VIC MODEL
Uttarakhand,Pauri Garhwal,2021-05-27,2021,05,0.008446437,NRSC VIC MODEL
Uttarakhand,Pauri Garhwal,2021-05-29,2021,05,2.033375809,NRSC VIC MODEL
Uttarakhand,Pauri Garhwal,2021-06-09,2021,06,0.00231187,NRSC VIC MODEL
Uttarakhand,Pauri Garhwal,2021-06-10,2021,06,40.93833958,NRSC VIC MODEL
Uttarakhand,Pauri Garhwal,2021-06-22,2021,06,0.069650152,NRSC VIC MODEL
Uttarakhand,Pauri Garhwal,2021-06-29,2021,06,0.589633305,NRSC VIC MODEL
Uttarakhand,Pauri Garhwal,2021-07-05,2021,07,8.301772894,NRSC VIC MODEL
Uttarakhand,Pauri Garhwal,2021-07-06,2021,07,1.565810252,NRSC VIC MODEL
Uttarakhand,Pauri Garhwal,2021-07-08,2021,07,0.090041251,NRSC VIC MODEL
Uttarakhand,Pauri Garhwal,2021-07-11,2021,07,13.13813385,NRSC VIC MODEL
Uttarakhand,Pauri Garhwal,2021-07-21,2021,07,13.18321531,NRSC VIC MODEL
Uttarakhand,Pauri Garhwal,2021-07-25,2021,07,1.177983928,NRSC VIC MODEL
Uttarakhand,Pauri Garhwal,2021-07-30,2021,07,9.628583449,NRSC VIC MODEL
Uttarakhand,Pauri Garhwal,2021-08-03,2021,08,13.5462296,NRSC VIC MODEL
Uttarakhand,Pauri Garhwal,2021-08-05,2021,08,10.22262249,NRSC VIC MODEL
Uttarakhand,Pauri Garhwal,2021-08-12,2021,08,0.436015631,NRSC VIC MODEL
Uttarakhand,Pauri Garhwal,2021-08-13,2021,08,11.44782737,NRSC VIC MODEL
Uttarakhand,Pauri Garhwal,2021-08-15,2021,08,0.903368253,NRSC VIC MODEL
Uttarakhand,Pauri Garhwal,2021-08-24,2021,08,1.046800518,NRSC VIC MODEL
Uttarakhand,Pauri Garhwal,2021-08-28,2021,08,30.79120776,NRSC VIC MODEL
Uttarakhand,Pauri Garhwal,2021-08-31,2021,08,1.029248558,NRSC VIC MODEL
Uttarakhand,Pauri Garhwal,2021-09-06,2021,09,0.008988915,NRSC VIC MODEL
Uttarakhand,Pauri Garhwal,2021-09-15,2021,09,1.476564974,NRSC VIC MODEL
Uttarakhand,Pauri Garhwal,2021-09-16,2021,09,0.198273268,NRSC VIC MODEL
Uttarakhand,Pauri Garhwal,2021-09-20,2021,09,5.725056947,NRSC VIC MODEL
Uttarakhand,Pauri Garhwal,2021-09-21,2021,09,2.068363122,NRSC VIC MODEL
Uttarakhand,Pauri Garhwal,2021-09-29,2021,09,0.873511669,NRSC VIC MODEL
Uttarakhand,Pauri Garhwal,2021-10-01,2021,10,2.063648124,NRSC VIC MODEL
Uttarakhand,Pauri Garhwal,2021-10-10,2021,10,0.105281341,NRSC VIC MODEL
Uttarakhand,Pauri Garhwal,2021-10-14,2021,10,0.020928507,NRSC VIC MODEL
Uttarakhand,Pauri Garhwal,2021-10-24,2021,10,0.00323459,NRSC VIC MODEL
Uttarakhand,Pauri Garhwal,2021-10-30,2021,10,0,NRSC VIC MODEL
Uttarakhand,Pauri Garhwal,2021-11-04,2021,11,0,NRSC VIC MODEL
Uttarakhand,Pauri Garhwal,2021-11-05,2021,11,0,NRSC VIC MODEL
Uttarakhand,Pauri Garhwal,2021-11-07,2021,11,0,NRSC VIC MODEL
Uttarakhand,Pauri Garhwal,2021-11-17,2021,11,0,NRSC VIC MODEL
Uttarakhand,Pauri Garhwal,2021-12-01,2021,12,0,NRSC VIC MODEL
Uttarakhand,Pauri Garhwal,2021-12-14,2021,12,0.004375315,NRSC VIC MODEL
Uttarakhand,Pauri Garhwal,2021-12-20,2021,12,0,NRSC VIC MODEL
Uttarakhand,Pauri Garhwal,2021-12-22,2021,12,0,NRSC VIC MODEL
Uttarakhand,Pauri Garhwal,2021-12-28,2021,12,0,NRSC VIC MODEL
Uttarakhand,Pithoragarh,2021-01-01,2021,01,0,NRSC VIC MODEL
Uttarakhand,Pithoragarh,2021-01-03,2021,01,11.59337316,NRSC VIC MODEL
Uttarakhand,Pithoragarh,2021-01-09,2021,01,0,NRSC VIC MODEL
Uttarakhand,Pithoragarh,2021-01-14,2021,01,0,NRSC VIC MODEL
Uttarakhand,Pithoragarh,2021-01-21,2021,01,0,NRSC VIC MODEL
Uttarakhand,Pithoragarh,2021-01-24,2021,01,0,NRSC VIC MODEL
Uttarakhand,Pithoragarh,2021-01-28,2021,01,0,NRSC VIC MODEL
Uttarakhand,Pithoragarh,2021-02-02,2021,02,0,NRSC VIC MODEL
Uttarakhand,Pithoragarh,2021-02-03,2021,02,0,NRSC VIC MODEL
Uttarakhand,Pithoragarh,2021-02-04,2021,02,0.113986006,NRSC VIC MODEL
Uttarakhand,Pithoragarh,2021-02-09,2021,02,0,NRSC VIC MODEL
Uttarakhand,Pithoragarh,2021-02-11,2021,02,0.139585403,NRSC VIC MODEL
Uttarakhand,Pithoragarh,2021-02-13,2021,02,0,NRSC VIC MODEL
Uttarakhand,Pithoragarh,2021-02-24,2021,02,0,NRSC VIC MODEL
Uttarakhand,Pithoragarh,2021-03-15,2021,03,1.028987194,NRSC VIC MODEL
Uttarakhand,Pithoragarh,2021-03-16,2021,03,0,NRSC VIC MODEL
Uttarakhand,Pithoragarh,2021-03-28,2021,03,0.228271139,NRSC VIC MODEL
Uttarakhand,Pithoragarh,2021-04-15,2021,04,0.035437365,NRSC VIC MODEL
Uttarakhand,Pithoragarh,2021-04-17,2021,04,1.95692472,NRSC VIC MODEL
Uttarakhand,Pithoragarh,2021-04-26,2021,04,0.686297976,NRSC VIC MODEL
Uttarakhand,Pithoragarh,2021-05-01,2021,05,4.173071033,NRSC VIC MODEL
Uttarakhand,Pithoragarh,2021-05-06,2021,05,2.585793927,NRSC VIC MODEL
Uttarakhand,Pithoragarh,2021-05-07,2021,05,10.53160382,NRSC VIC MODEL
Uttarakhand,Pithoragarh,2021-05-09,2021,05,0.558005556,NRSC VIC MODEL
Uttarakhand,Pithoragarh,2021-05-11,2021,05,4.234539868,NRSC VIC MODEL
Uttarakhand,Pithoragarh,2021-05-24,2021,05,2.224942875,NRSC VIC MODEL
Uttarakhand,Pithoragarh,2021-05-26,2021,05,1.514234625,NRSC VIC MODEL
Uttarakhand,Pithoragarh,2021-06-02,2021,06,1.627101673,NRSC VIC MODEL
Uttarakhand,Pithoragarh,2021-06-03,2021,06,4.160260256,NRSC VIC MODEL
Uttarakhand,Pithoragarh,2021-06-06,2021,06,0.06378061,NRSC VIC MODEL
Uttarakhand,Pithoragarh,2021-06-08,2021,06,0.535811041,NRSC VIC MODEL
Uttarakhand,Pithoragarh,2021-06-12,2021,06,14.69326,NRSC VIC MODEL
Uttarakhand,Pithoragarh,2021-06-15,2021,06,2.981399153,NRSC VIC MODEL
Uttarakhand,Pithoragarh,2021-06-17,2021,06,4.165064759,NRSC VIC MODEL
Uttarakhand,Pithoragarh,2021-06-19,2021,06,29.87622849,NRSC VIC MODEL
Uttarakhand,Pithoragarh,2021-06-20,2021,06,32.09651827,NRSC VIC MODEL
Uttarakhand,Pithoragarh,2021-06-21,2021,06,4.865942426,NRSC VIC MODEL
Uttarakhand,Pithoragarh,2021-06-22,2021,06,0.455755684,NRSC VIC MODEL
Uttarakhand,Pithoragarh,2021-06-25,2021,06,1.228615961,NRSC VIC MODEL
Uttarakhand,Pithoragarh,2021-06-26,2021,06,3.193853469,NRSC VIC MODEL
Uttarakhand,Pithoragarh,2021-07-09,2021,07,11.86064534,NRSC VIC MODEL
Uttarakhand,Pithoragarh,2021-07-12,2021,07,9.648328598,NRSC VIC MODEL
Uttarakhand,Pithoragarh,2021-07-13,2021,07,5.806432224,NRSC VIC MODEL
Uttarakhand,Pithoragarh,2021-07-15,2021,07,2.882207028,NRSC VIC MODEL
Uttarakhand,Pithoragarh,2021-07-21,2021,07,6.606454008,NRSC VIC MODEL
Uttarakhand,Pithoragarh,2021-07-28,2021,07,15.62224632,NRSC VIC MODEL
Uttarakhand,Pithoragarh,2021-07-29,2021,07,3.876200009,NRSC VIC MODEL
Uttarakhand,Pithoragarh,2021-07-30,2021,07,13.16690518,NRSC VIC MODEL
Uttarakhand,Pithoragarh,2021-08-04,2021,08,4.824230772,NRSC VIC MODEL
Uttarakhand,Pithoragarh,2021-08-11,2021,08,10.17955302,NRSC VIC MODEL
Uttarakhand,Pithoragarh,2021-08-15,2021,08,0.973814806,NRSC VIC MODEL
Uttarakhand,Pithoragarh,2021-08-27,2021,08,11.55789148,NRSC VIC MODEL
Uttarakhand,Pithoragarh,2021-08-29,2021,08,13.66529944,NRSC VIC MODEL
Uttarakhand,Pithoragarh,2021-08-30,2021,08,26.96660145,NRSC VIC MODEL
Uttarakhand,Pithoragarh,2021-09-04,2021,09,0.823974134,NRSC VIC MODEL
Uttarakhand,Pithoragarh,2021-09-14,2021,09,7.106144492,NRSC VIC MODEL
Uttarakhand,Pithoragarh,2021-09-20,2021,09,4.511531845,NRSC VIC MODEL
Uttarakhand,Pithoragarh,2021-09-24,2021,09,2.549828473,NRSC VIC MODEL
Uttarakhand,Pithoragarh,2021-10-12,2021,10,0,NRSC VIC MODEL
Uttarakhand,Pithoragarh,2021-10-15,2021,10,0.003921893,NRSC VIC MODEL
Uttarakhand,Pithoragarh,2021-10-17,2021,10,0.009036602,NRSC VIC MODEL
Uttarakhand,Pithoragarh,2021-10-18,2021,10,46.73554389,NRSC VIC MODEL
Uttarakhand,Pithoragarh,2021-10-26,2021,10,0,NRSC VIC MODEL
Uttarakhand,Pithoragarh,2021-10-31,2021,10,0,NRSC VIC MODEL
Uttarakhand,Pithoragarh,2021-11-03,2021,11,1.643029284,NRSC VIC MODEL
Uttarakhand,Pithoragarh,2021-11-08,2021,11,0.006972254,NRSC VIC MODEL
Uttarakhand,Pithoragarh,2021-11-10,2021,11,0,NRSC VIC MODEL
Uttarakhand,Pithoragarh,2021-11-11,2021,11,0.003999444,NRSC VIC MODEL
Uttarakhand,Pithoragarh,2021-11-21,2021,11,0.009332036,NRSC VIC MODEL
Uttarakhand,Pithoragarh,2021-11-26,2021,11,0.000494853,NRSC VIC MODEL
Uttarakhand,Pithoragarh,2021-11-27,2021,11,0.000180954,NRSC VIC MODEL
Uttarakhand,Pithoragarh,2021-11-28,2021,11,0,NRSC VIC MODEL
Uttarakhand,Pithoragarh,2021-12-03,2021,12,0.027696982,NRSC VIC MODEL
Uttarakhand,Pithoragarh,2021-12-07,2021,12,3.102497744,NRSC VIC MODEL
Uttarakhand,Pithoragarh,2021-12-10,2021,12,0.065209774,NRSC VIC MODEL
Uttarakhand,Pithoragarh,2021-12-11,2021,12,0.105226374,NRSC VIC MODEL
Uttarakhand,Pithoragarh,2021-12-13,2021,12,0.296379864,NRSC VIC MODEL
Uttarakhand,Pithoragarh,2021-12-14,2021,12,11.51552617,NRSC VIC MODEL
Uttarakhand,Pithoragarh,2021-12-23,2021,12,0,NRSC VIC MODEL
Uttarakhand,Pithoragarh,2021-12-27,2021,12,0.086698939,NRSC VIC MODEL
Uttarakhand,Pithoragarh,2021-12-28,2021,12,0.034466124,NRSC VIC MODEL
Uttarakhand,Pithoragarh,2021-12-29,2021,12,5.699544031,NRSC VIC MODEL
Uttarakhand,Pithoragarh,2021-12-30,2021,12,0.342486107,NRSC VIC MODEL
Uttarakhand,Rudra Prayag,2021-01-01,2021,01,0,NRSC VIC MODEL
Uttarakhand,Rudra Prayag,2021-01-05,2021,01,2.476520901,NRSC VIC MODEL
Uttarakhand,Rudra Prayag,2021-01-13,2021,01,0,NRSC VIC MODEL
Uttarakhand,Rudra Prayag,2021-01-15,2021,01,0,NRSC VIC MODEL
Uttarakhand,Rudra Prayag,2021-01-25,2021,01,0,NRSC VIC MODEL
Uttarakhand,Rudra Prayag,2021-01-29,2021,01,0,NRSC VIC MODEL
Uttarakhand,Rudra Prayag,2021-01-30,2021,01,0,NRSC VIC MODEL
Uttarakhand,Rudra Prayag,2021-02-09,2021,02,0,NRSC VIC MODEL
Uttarakhand,Rudra Prayag,2021-02-10,2021,02,0,NRSC VIC MODEL
Uttarakhand,Rudra Prayag,2021-02-11,2021,02,0,NRSC VIC MODEL
Uttarakhand,Rudra Prayag,2021-02-12,2021,02,0,NRSC VIC MODEL
Uttarakhand,Rudra Prayag,2021-02-13,2021,02,0,NRSC VIC MODEL
Uttarakhand,Rudra Prayag,2021-02-20,2021,02,0,NRSC VIC MODEL
Uttarakhand,Rudra Prayag,2021-02-22,2021,02,0,NRSC VIC MODEL
Uttarakhand,Rudra Prayag,2021-03-03,2021,03,0,NRSC VIC MODEL
Uttarakhand,Rudra Prayag,2021-03-05,2021,03,8.03e-05,NRSC VIC MODEL
Uttarakhand,Rudra Prayag,2021-03-11,2021,03,0.714005021,NRSC VIC MODEL
Uttarakhand,Rudra Prayag,2021-03-17,2021,03,0,NRSC VIC MODEL
Uttarakhand,Rudra Prayag,2021-03-23,2021,03,9.737351872,NRSC VIC MODEL
Uttarakhand,Rudra Prayag,2021-03-26,2021,03,0.856211824,NRSC VIC MODEL
Uttarakhand,Rudra Prayag,2021-03-27,2021,03,0.025775485,NRSC VIC MODEL
Uttarakhand,Rudra Prayag,2021-03-28,2021,03,0.097802307,NRSC VIC MODEL
Uttarakhand,Rudra Prayag,2021-04-04,2021,04,0,NRSC VIC MODEL
Uttarakhand,Rudra Prayag,2021-04-22,2021,04,23.60604825,NRSC VIC MODEL
Uttarakhand,Rudra Prayag,2021-04-24,2021,04,25.79257487,NRSC VIC MODEL
Uttarakhand,Rudra Prayag,2021-04-25,2021,04,3.908733176,NRSC VIC MODEL
Uttarakhand,Rudra Prayag,2021-04-26,2021,04,0.014747967,NRSC VIC MODEL
Uttarakhand,Rudra Prayag,2021-04-27,2021,04,0.003372493,NRSC VIC MODEL
Uttarakhand,Rudra Prayag,2021-04-28,2021,04,3.972676721,NRSC VIC MODEL
Uttarakhand,Rudra Prayag,2021-04-29,2021,04,2.009042467,NRSC VIC MODEL
Uttarakhand,Rudra Prayag,2021-05-03,2021,05,6.686878105,NRSC VIC MODEL
Uttarakhand,Udam Singh Nagar,2021-11-12,2021,11,0.000555785,NRSC VIC MODEL
Uttarakhand,Udam Singh Nagar,2021-11-15,2021,11,0,NRSC VIC MODEL
Uttarakhand,Udam Singh Nagar,2021-11-16,2021,11,0,NRSC VIC MODEL
Uttarakhand,Udam Singh Nagar,2021-11-19,2021,11,0.013035688,NRSC VIC MODEL
Uttarakhand,Udam Singh Nagar,2021-11-20,2021,11,0.65210778,NRSC VIC MODEL
Uttarakhand,Udam Singh Nagar,2021-11-24,2021,11,0,NRSC VIC MODEL
Uttarakhand,Udam Singh Nagar,2021-12-02,2021,12,1.117461641,NRSC VIC MODEL
Uttarakhand,Udam Singh Nagar,2021-12-05,2021,12,0,NRSC VIC MODEL
Uttarakhand,Udam Singh Nagar,2021-12-08,2021,12,0,NRSC VIC MODEL
Uttarakhand,Udam Singh Nagar,2021-12-20,2021,12,0,NRSC VIC MODEL
Uttarakhand,Udam Singh Nagar,2021-12-28,2021,12,5.05e-05,NRSC VIC MODEL
Uttarakhand,Udam Singh Nagar,2021-12-31,2021,12,0,NRSC VIC MODEL
Uttarakhand,Udam Singh Nagar,2021-04-24,2021,04,4.406850843,NRSC VIC MODEL
Uttarakhand,Udam Singh Nagar,2021-06-14,2021,06,2.772478688,NRSC VIC MODEL
Uttarakhand,Udam Singh Nagar,2021-11-17,2021,11,0,NRSC VIC MODEL
Uttarakhand,Uttar Kashi,2021-01-11,2021,01,0,NRSC VIC MODEL
Uttarakhand,Uttar Kashi,2021-01-13,2021,01,0,NRSC VIC MODEL
Uttarakhand,Uttar Kashi,2021-01-18,2021,01,0,NRSC VIC MODEL
Uttarakhand,Uttar Kashi,2021-01-21,2021,01,0,NRSC VIC MODEL
Uttarakhand,Uttar Kashi,2021-01-24,2021,01,0.171211635,NRSC VIC MODEL
Uttarakhand,Uttar Kashi,2021-02-02,2021,02,0,NRSC VIC MODEL
Uttarakhand,Uttar Kashi,2021-02-12,2021,02,0,NRSC VIC MODEL
Uttarakhand,Uttar Kashi,2021-02-13,2021,02,0,NRSC VIC MODEL
Uttarakhand,Uttar Kashi,2021-02-14,2021,02,0,NRSC VIC MODEL
Uttarakhand,Uttar Kashi,2021-02-16,2021,02,1.482825777,NRSC VIC MODEL
Uttarakhand,Uttar Kashi,2021-02-18,2021,02,0,NRSC VIC MODEL
Uttarakhand,Uttar Kashi,2021-02-20,2021,02,0,NRSC VIC MODEL
Uttarakhand,Uttar Kashi,2021-02-22,2021,02,0,NRSC VIC MODEL
Uttarakhand,Uttar Kashi,2021-03-09,2021,03,0.766304337,NRSC VIC MODEL
Uttarakhand,Uttar Kashi,2021-03-21,2021,03,0,NRSC VIC MODEL
Uttarakhand,Uttar Kashi,2021-03-22,2021,03,7.370903875,NRSC VIC MODEL
Uttarakhand,Uttar Kashi,2021-03-24,2021,03,7.892698824,NRSC VIC MODEL
Uttarakhand,Uttar Kashi,2021-03-28,2021,03,0.022184702,NRSC VIC MODEL
Uttarakhand,Uttar Kashi,2021-04-06,2021,04,1.287389428,NRSC VIC MODEL
Uttarakhand,Uttar Kashi,2021-04-08,2021,04,3.029216962,NRSC VIC MODEL
Uttarakhand,Uttar Kashi,2021-04-09,2021,04,1.79935252,NRSC VIC MODEL
Uttarakhand,Uttar Kashi,2021-04-21,2021,04,11.4701977,NRSC VIC MODEL
Uttarakhand,Uttar Kashi,2021-05-03,2021,05,3.450314989,NRSC VIC MODEL
Uttarakhand,Uttar Kashi,2021-05-06,2021,05,1.384792479,NRSC VIC MODEL
Uttarakhand,Uttar Kashi,2021-05-08,2021,05,7.350944941,NRSC VIC MODEL
Uttarakhand,Uttar Kashi,2021-05-09,2021,05,3.62816744,NRSC VIC MODEL
Uttarakhand,Uttar Kashi,2021-05-20,2021,05,12.27698382,NRSC VIC MODEL
Uttarakhand,Uttar Kashi,2021-05-23,2021,05,0.010588153,NRSC VIC MODEL
Uttarakhand,Uttar Kashi,2021-06-01,2021,06,7.27700699,NRSC VIC MODEL
Uttarakhand,Uttar Kashi,2021-06-08,2021,06,3.091886756,NRSC VIC MODEL
Uttarakhand,Uttar Kashi,2021-06-15,2021,06,0.291738125,NRSC VIC MODEL
Uttarakhand,Uttar Kashi,2021-06-18,2021,06,5.862198157,NRSC VIC MODEL
Uttarakhand,Uttar Kashi,2021-06-19,2021,06,19.98699055,NRSC VIC MODEL
Uttarakhand,Uttar Kashi,2021-06-22,2021,06,0.515452672,NRSC VIC MODEL
Uttarakhand,Uttar Kashi,2021-07-09,2021,07,1.219594729,NRSC VIC MODEL
Uttarakhand,Uttar Kashi,2021-08-03,2021,08,10.17434969,NRSC VIC MODEL
Uttarakhand,Uttar Kashi,2021-08-05,2021,08,7.514358096,NRSC VIC MODEL
Uttarakhand,Uttar Kashi,2021-08-08,2021,08,2.746902692,NRSC VIC MODEL
Uttarakhand,Uttar Kashi,2021-08-15,2021,08,5.899379427,NRSC VIC MODEL
Uttarakhand,Uttar Kashi,2021-08-23,2021,08,2.181925857,NRSC VIC MODEL
Uttarakhand,Uttar Kashi,2021-08-24,2021,08,0.876488138,NRSC VIC MODEL
Uttarakhand,Uttar Kashi,2021-08-28,2021,08,2.278154657,NRSC VIC MODEL
Uttarakhand,Uttar Kashi,2021-08-31,2021,08,3.485326882,NRSC VIC MODEL
Uttarakhand,Uttar Kashi,2021-09-02,2021,09,4.986310413,NRSC VIC MODEL
Uttarakhand,Uttar Kashi,2021-09-08,2021,09,10.13293913,NRSC VIC MODEL
Uttarakhand,Uttar Kashi,2021-09-28,2021,09,4.353804245,NRSC VIC MODEL
Uttarakhand,Uttar Kashi,2021-09-29,2021,09,1.547863974,NRSC VIC MODEL
Uttarakhand,Uttar Kashi,2021-10-05,2021,10,0.108445645,NRSC VIC MODEL
Uttarakhand,Uttar Kashi,2021-10-06,2021,10,0.020645572,NRSC VIC MODEL
Uttarakhand,Uttar Kashi,2021-10-12,2021,10,0,NRSC VIC MODEL
Uttarakhand,Uttar Kashi,2021-10-17,2021,10,0.566585624,NRSC VIC MODEL
Uttarakhand,Uttar Kashi,2021-10-18,2021,10,46.23931193,NRSC VIC MODEL
Uttarakhand,Uttar Kashi,2021-10-22,2021,10,2.184728798,NRSC VIC MODEL
Uttarakhand,Uttar Kashi,2021-10-31,2021,10,0.228607255,NRSC VIC MODEL
Uttarakhand,Uttar Kashi,2021-11-01,2021,11,0.174850484,NRSC VIC MODEL
Uttarakhand,Uttar Kashi,2021-11-05,2021,11,0.568267389,NRSC VIC MODEL
Uttarakhand,Uttar Kashi,2021-11-06,2021,11,6.63e-06,NRSC VIC MODEL
Uttarakhand,Uttar Kashi,2021-11-16,2021,11,0.000398051,NRSC VIC MODEL
Uttarakhand,Uttar Kashi,2021-11-17,2021,11,0.000106147,NRSC VIC MODEL
Uttarakhand,Uttar Kashi,2021-11-18,2021,11,0.036988878,NRSC VIC MODEL
Uttarakhand,Uttar Kashi,2021-11-25,2021,11,0,NRSC VIC MODEL
Uttarakhand,Uttar Kashi,2021-11-26,2021,11,0,NRSC VIC MODEL
Uttarakhand,Uttar Kashi,2021-11-27,2021,11,0.019663714,NRSC VIC MODEL
Uttarakhand,Uttar Kashi,2021-11-30,2021,11,0,NRSC VIC MODEL
Uttarakhand,Uttar Kashi,2021-12-11,2021,12,0.009486879,NRSC VIC MODEL
Uttarakhand,Uttar Kashi,2021-12-14,2021,12,2.461672699,NRSC VIC MODEL
Uttarakhand,Uttar Kashi,2021-12-15,2021,12,0.027283071,NRSC VIC MODEL
Uttarakhand,Uttar Kashi,2021-12-27,2021,12,0.031044652,NRSC VIC MODEL
Uttarakhand,Almora,2021-01-02,2021,01,0.651874058,NRSC VIC MODEL
Uttarakhand,Almora,2021-01-12,2021,01,0,NRSC VIC MODEL
Uttarakhand,Almora,2021-01-16,2021,01,0,NRSC VIC MODEL
Uttarakhand,Almora,2021-01-17,2021,01,0,NRSC VIC MODEL
Uttarakhand,Almora,2021-01-27,2021,01,0,NRSC VIC MODEL
Uttarakhand,Almora,2021-01-28,2021,01,0,NRSC VIC MODEL
Uttarakhand,Almora,2021-02-05,2021,02,8.151320682,NRSC VIC MODEL
Uttarakhand,Almora,2021-02-07,2021,02,0,NRSC VIC MODEL
Uttarakhand,Almora,2021-02-16,2021,02,0,NRSC VIC MODEL
Uttarakhand,Almora,2021-02-17,2021,02,0,NRSC VIC MODEL
Uttarakhand,Almora,2021-02-18,2021,02,0.31677462,NRSC VIC MODEL
Uttarakhand,Almora,2021-02-25,2021,02,0,NRSC VIC MODEL
Uttarakhand,Almora,2021-02-26,2021,02,0,NRSC VIC MODEL
Uttarakhand,Almora,2021-02-27,2021,02,0.741059386,NRSC VIC MODEL
Uttarakhand,Almora,2021-03-04,2021,03,0.003939537,NRSC VIC MODEL
Uttarakhand,Almora,2021-03-07,2021,03,0.357346739,NRSC VIC MODEL
Uttarakhand,Almora,2021-03-10,2021,03,0.016951949,NRSC VIC MODEL
Uttarakhand,Almora,2021-03-11,2021,03,1.665554546,NRSC VIC MODEL
Uttarakhand,Almora,2021-03-21,2021,03,0.773002041,NRSC VIC MODEL
Uttarakhand,Almora,2021-03-26,2021,03,0.000102326,NRSC VIC MODEL
Uttarakhand,Almora,2021-03-31,2021,03,0.000801551,NRSC VIC MODEL
Uttarakhand,Almora,2021-04-03,2021,04,0.00047752,NRSC VIC MODEL
Uttarakhand,Almora,2021-04-08,2021,04,3.123950822,NRSC VIC MODEL
Uttarakhand,Almora,2021-04-11,2021,04,6.82e-05,NRSC VIC MODEL
Uttarakhand,Almora,2021-04-13,2021,04,0,NRSC VIC MODEL
Uttarakhand,Almora,2021-05-03,2021,05,9.802379096,NRSC VIC MODEL
Uttarakhand,Almora,2021-05-05,2021,05,7.726200257,NRSC VIC MODEL
Uttarakhand,Almora,2021-05-09,2021,05,4.352643075,NRSC VIC MODEL
Uttarakhand,Almora,2021-05-13,2021,05,11.2963847,NRSC VIC MODEL
Uttarakhand,Almora,2021-05-20,2021,05,47.64896903,NRSC VIC MODEL
Uttarakhand,Almora,2021-05-24,2021,05,0.408620415,NRSC VIC MODEL
Uttarakhand,Almora,2021-05-27,2021,05,3.41e-05,NRSC VIC MODEL
Uttarakhand,Almora,2021-05-28,2021,05,0.000306977,NRSC VIC MODEL
Uttarakhand,Almora,2021-06-01,2021,06,12.21757985,NRSC VIC MODEL
Uttarakhand,Almora,2021-06-07,2021,06,0.306780815,NRSC VIC MODEL
Uttarakhand,Almora,2021-06-10,2021,06,22.45999334,NRSC VIC MODEL
Uttarakhand,Almora,2021-06-13,2021,06,6.479063806,NRSC VIC MODEL
Uttarakhand,Almora,2021-06-19,2021,06,77.22785139,NRSC VIC MODEL
Uttarakhand,Almora,2021-06-22,2021,06,0.27346529,NRSC VIC MODEL
Uttarakhand,Almora,2021-06-24,2021,06,1.230022487,NRSC VIC MODEL
Uttarakhand,Almora,2021-06-27,2021,06,11.84846567,NRSC VIC MODEL
Uttarakhand,Almora,2021-07-01,2021,07,0.006071322,NRSC VIC MODEL
Uttarakhand,Almora,2021-07-04,2021,07,0.024967458,NRSC VIC MODEL
Uttarakhand,Almora,2021-07-05,2021,07,1.202445725,NRSC VIC MODEL
Uttarakhand,Almora,2021-07-09,2021,07,4.185306535,NRSC VIC MODEL
Uttarakhand,Almora,2021-07-10,2021,07,4.225827491,NRSC VIC MODEL
Uttarakhand,Almora,2021-07-11,2021,07,7.098705285,NRSC VIC MODEL
Uttarakhand,Almora,2021-07-14,2021,07,13.94192049,NRSC VIC MODEL
Uttarakhand,Almora,2021-07-24,2021,07,0.752178772,NRSC VIC MODEL
Uttarakhand,Almora,2021-07-25,2021,07,1.331324877,NRSC VIC MODEL
Uttarakhand,Almora,2021-07-30,2021,07,9.390919144,NRSC VIC MODEL
Uttarakhand,Almora,2021-08-02,2021,08,5.437601904,NRSC VIC MODEL
Uttarakhand,Almora,2021-08-05,2021,08,12.07799915,NRSC VIC MODEL
Uttarakhand,Almora,2021-08-10,2021,08,12.59233048,NRSC VIC MODEL
Uttarakhand,Almora,2021-08-11,2021,08,6.433665328,NRSC VIC MODEL
Uttarakhand,Almora,2021-08-12,2021,08,0.685087257,NRSC VIC MODEL
Uttarakhand,Almora,2021-08-16,2021,08,1.966801249,NRSC VIC MODEL
Uttarakhand,Almora,2021-08-20,2021,08,22.15843966,NRSC VIC MODEL
Uttarakhand,Almora,2021-08-30,2021,08,7.737174683,NRSC VIC MODEL
Uttarakhand,Almora,2021-09-02,2021,09,12.7440112,NRSC VIC MODEL
Uttarakhand,Almora,2021-09-03,2021,09,2.885037492,NRSC VIC MODEL
Uttarakhand,Almora,2021-09-06,2021,09,0,NRSC VIC MODEL
Uttarakhand,Almora,2021-09-08,2021,09,12.30338844,NRSC VIC MODEL
Uttarakhand,Almora,2021-09-17,2021,09,2.645373774,NRSC VIC MODEL
Uttarakhand,Almora,2021-09-20,2021,09,2.230033975,NRSC VIC MODEL
Uttarakhand,Almora,2021-09-22,2021,09,3.827942742,NRSC VIC MODEL
Uttarakhand,Almora,2021-10-02,2021,10,0.798140042,NRSC VIC MODEL
Uttarakhand,Almora,2021-10-04,2021,10,0.007708532,NRSC VIC MODEL
Uttarakhand,Almora,2021-10-06,2021,10,0.005474422,NRSC VIC MODEL
Uttarakhand,Almora,2021-10-09,2021,10,0,NRSC VIC MODEL
Uttarakhand,Almora,2021-10-12,2021,10,0,NRSC VIC MODEL
Uttarakhand,Almora,2021-10-13,2021,10,0,NRSC VIC MODEL
Uttarakhand,Almora,2021-10-29,2021,10,0,NRSC VIC MODEL
Uttarakhand,Almora,2021-10-30,2021,10,0,NRSC VIC MODEL
Uttarakhand,Almora,2021-11-01,2021,11,0,NRSC VIC MODEL
Uttarakhand,Almora,2021-11-08,2021,11,0,NRSC VIC MODEL
Uttarakhand,Almora,2021-11-10,2021,11,0,NRSC VIC MODEL
Uttarakhand,Almora,2021-11-16,2021,11,0,NRSC VIC MODEL
Uttarakhand,Almora,2021-11-23,2021,11,0.001244962,NRSC VIC MODEL
Uttarakhand,Almora,2021-11-29,2021,11,0,NRSC VIC MODEL
Uttarakhand,Almora,2021-11-30,2021,11,0,NRSC VIC MODEL
Uttarakhand,Almora,2021-12-02,2021,12,2.618752051,NRSC VIC MODEL
Uttarakhand,Almora,2021-12-04,2021,12,0.035421728,NRSC VIC MODEL
Uttarakhand,Almora,2021-12-13,2021,12,0.001262016,NRSC VIC MODEL
Uttarakhand,Almora,2021-12-23,2021,12,0,NRSC VIC MODEL
Uttarakhand,Almora,2021-12-24,2021,12,0.374145199,NRSC VIC MODEL
Uttarakhand,Bageshwar,2021-01-02,2021,01,1.058553772,NRSC VIC MODEL
Uttarakhand,Bageshwar,2021-01-06,2021,01,0,NRSC VIC MODEL
Uttarakhand,Bageshwar,2021-01-08,2021,01,0,NRSC VIC MODEL
Uttarakhand,Bageshwar,2021-01-09,2021,01,0,NRSC VIC MODEL
Uttarakhand,Bageshwar,2021-01-19,2021,01,0,NRSC VIC MODEL
Uttarakhand,Bageshwar,2021-01-21,2021,01,0,NRSC VIC MODEL
Uttarakhand,Bageshwar,2021-01-24,2021,01,0,NRSC VIC MODEL
Uttarakhand,Bageshwar,2021-01-26,2021,01,0,NRSC VIC MODEL
Uttarakhand,Bageshwar,2021-02-08,2021,02,0,NRSC VIC MODEL
Uttarakhand,Bageshwar,2021-02-09,2021,02,0,NRSC VIC MODEL
Uttarakhand,Bageshwar,2021-02-23,2021,02,0,NRSC VIC MODEL
Uttarakhand,Bageshwar,2021-03-26,2021,03,0.105454614,NRSC VIC MODEL
Uttarakhand,Bageshwar,2021-04-12,2021,04,0.003158255,NRSC VIC MODEL
Uttarakhand,Bageshwar,2021-04-20,2021,04,0,NRSC VIC MODEL
Uttarakhand,Bageshwar,2021-04-23,2021,04,8.496124719,NRSC VIC MODEL
Uttarakhand,Bageshwar,2021-04-29,2021,04,2.057004993,NRSC VIC MODEL
Uttarakhand,Bageshwar,2021-05-03,2021,05,15.32047978,NRSC VIC MODEL
Uttarakhand,Bageshwar,2021-05-05,2021,05,9.067732989,NRSC VIC MODEL
Uttarakhand,Bageshwar,2021-05-07,2021,05,19.42972846,NRSC VIC MODEL
Uttarakhand,Bageshwar,2021-05-15,2021,05,1.986554372,NRSC VIC MODEL
Uttarakhand,Bageshwar,2021-05-18,2021,05,1.420066304,NRSC VIC MODEL
Uttarakhand,Bageshwar,2021-05-20,2021,05,43.36347551,NRSC VIC MODEL
Uttarakhand,Bageshwar,2021-05-30,2021,05,13.04555519,NRSC VIC MODEL
Uttarakhand,Bageshwar,2021-06-03,2021,06,4.112729936,NRSC VIC MODEL
Uttarakhand,Bageshwar,2021-06-06,2021,06,1.915876453,NRSC VIC MODEL
Uttarakhand,Bageshwar,2021-06-07,2021,06,1.102554006,NRSC VIC MODEL
Uttarakhand,Bageshwar,2021-06-12,2021,06,31.06264642,NRSC VIC MODEL
Uttarakhand,Bageshwar,2021-06-13,2021,06,5.278580636,NRSC VIC MODEL
Uttarakhand,Bageshwar,2021-06-15,2021,06,1.509657864,NRSC VIC MODEL
Uttarakhand,Bageshwar,2021-06-18,2021,06,33.85282118,NRSC VIC MODEL
Uttarakhand,Bageshwar,2021-06-22,2021,06,0.642034964,NRSC VIC MODEL
Uttarakhand,Bageshwar,2021-06-29,2021,06,9.517090471,NRSC VIC MODEL
Uttarakhand,Bageshwar,2021-07-03,2021,07,7.26099578,NRSC VIC MODEL
Uttarakhand,Bageshwar,2021-07-05,2021,07,4.098051228,NRSC VIC MODEL
Uttarakhand,Bageshwar,2021-07-06,2021,07,0.907352312,NRSC VIC MODEL
Uttarakhand,Bageshwar,2021-07-07,2021,07,9.560983038,NRSC VIC MODEL
Uttarakhand,Bageshwar,2021-07-13,2021,07,12.09578177,NRSC VIC MODEL
Uttarakhand,Bageshwar,2021-07-27,2021,07,3.24748769,NRSC VIC MODEL
Uttarakhand,Bageshwar,2021-08-06,2021,08,23.24381188,NRSC VIC MODEL
Uttarakhand,Bageshwar,2021-08-16,2021,08,1.983204708,NRSC VIC MODEL
Uttarakhand,Bageshwar,2021-08-21,2021,08,9.486584598,NRSC VIC MODEL
Uttarakhand,Bageshwar,2021-08-23,2021,08,1.329493771,NRSC VIC MODEL
Uttarakhand,Bageshwar,2021-08-30,2021,08,43.12033772,NRSC VIC MODEL
Uttarakhand,Bageshwar,2021-09-06,2021,09,1.826607896,NRSC VIC MODEL
Uttarakhand,Bageshwar,2021-09-07,2021,09,33.8769268,NRSC VIC MODEL
Uttarakhand,Bageshwar,2021-09-24,2021,09,5.430727179,NRSC VIC MODEL
Uttarakhand,Bageshwar,2021-09-26,2021,09,39.72441204,NRSC VIC MODEL
Uttarakhand,Bageshwar,2021-09-28,2021,09,8.026118949,NRSC VIC MODEL
Uttarakhand,Bageshwar,2021-10-07,2021,10,0,NRSC VIC MODEL
Uttarakhand,Bageshwar,2021-10-11,2021,10,0,NRSC VIC MODEL
Uttarakhand,Bageshwar,2021-10-21,2021,10,0.053654446,NRSC VIC MODEL
Uttarakhand,Bageshwar,2021-10-22,2021,10,0,NRSC VIC MODEL
Uttarakhand,Bageshwar,2021-10-24,2021,10,0.27869208,NRSC VIC MODEL
Uttarakhand,Bageshwar,2021-10-29,2021,10,0,NRSC VIC MODEL
Uttarakhand,Bageshwar,2021-10-30,2021,10,0,NRSC VIC MODEL
Uttarakhand,Bageshwar,2021-11-02,2021,11,1.907035732,NRSC VIC MODEL
Uttarakhand,Bageshwar,2021-11-13,2021,11,0,NRSC VIC MODEL
Uttarakhand,Bageshwar,2021-11-15,2021,11,0,NRSC VIC MODEL
Uttarakhand,Bageshwar,2021-11-16,2021,11,0,NRSC VIC MODEL
Uttarakhand,Bageshwar,2021-11-20,2021,11,2.500632156,NRSC VIC MODEL
Uttarakhand,Bageshwar,2021-11-21,2021,11,0.003373591,NRSC VIC MODEL
Uttarakhand,Udam Singh Nagar,2021-11-11,2021,11,5.05e-05,NRSC VIC MODEL
Uttarakhand,Udam Singh Nagar,2021-11-21,2021,11,0.36435254,NRSC VIC MODEL
Uttarakhand,Udam Singh Nagar,2021-11-23,2021,11,0.004335124,NRSC VIC MODEL
Uttarakhand,Udam Singh Nagar,2021-12-01,2021,12,0,NRSC VIC MODEL
Uttarakhand,Udam Singh Nagar,2021-12-04,2021,12,0.000919572,NRSC VIC MODEL
Uttarakhand,Udam Singh Nagar,2021-12-07,2021,12,0.285703887,NRSC VIC MODEL
Uttarakhand,Udam Singh Nagar,2021-12-10,2021,12,0,NRSC VIC MODEL
Uttarakhand,Udam Singh Nagar,2021-12-12,2021,12,0,NRSC VIC MODEL
Uttarakhand,Udam Singh Nagar,2021-12-14,2021,12,0.010327499,NRSC VIC MODEL
Uttarakhand,Udam Singh Nagar,2021-12-21,2021,12,0.000151578,NRSC VIC MODEL
Uttarakhand,Udam Singh Nagar,2021-12-27,2021,12,0.981597433,NRSC VIC MODEL
Uttarakhand,Udam Singh Nagar,2021-03-13,2021,03,2.107456482,NRSC VIC MODEL
Uttarakhand,Udam Singh Nagar,2021-05-05,2021,05,3.727863271,NRSC VIC MODEL
Uttarakhand,Udam Singh Nagar,2021-08-23,2021,08,0.340393147,NRSC VIC MODEL
Uttarakhand,Udam Singh Nagar,2021-12-15,2021,12,0,NRSC VIC MODEL
Uttarakhand,Uttar Kashi,2021-01-01,2021,01,0,NRSC VIC MODEL
Uttarakhand,Uttar Kashi,2021-01-03,2021,01,2.472645635,NRSC VIC MODEL
Uttarakhand,Uttar Kashi,2021-01-04,2021,01,0.011908356,NRSC VIC MODEL
Uttarakhand,Uttar Kashi,2021-01-09,2021,01,0,NRSC VIC MODEL
Uttarakhand,Uttar Kashi,2021-01-15,2021,01,0,NRSC VIC MODEL
Uttarakhand,Uttar Kashi,2021-01-17,2021,01,0,NRSC VIC MODEL
Uttarakhand,Uttar Kashi,2021-01-22,2021,01,0,NRSC VIC MODEL
Uttarakhand,Uttar Kashi,2021-01-23,2021,01,0,NRSC VIC MODEL
Uttarakhand,Uttar Kashi,2021-01-27,2021,01,0,NRSC VIC MODEL
Uttarakhand,Uttar Kashi,2021-01-31,2021,01,0,NRSC VIC MODEL
Uttarakhand,Uttar Kashi,2021-02-06,2021,02,0.221143801,NRSC VIC MODEL
Uttarakhand,Uttar Kashi,2021-02-07,2021,02,0,NRSC VIC MODEL
Uttarakhand,Uttar Kashi,2021-02-08,2021,02,0,NRSC VIC MODEL
Uttarakhand,Uttar Kashi,2021-02-26,2021,02,0,NRSC VIC MODEL
Uttarakhand,Uttar Kashi,2021-02-28,2021,02,4.651274303,NRSC VIC MODEL
Uttarakhand,Uttar Kashi,2021-03-02,2021,03,0,NRSC VIC MODEL
Uttarakhand,Uttar Kashi,2021-03-03,2021,03,0.007300917,NRSC VIC MODEL
Uttarakhand,Uttar Kashi,2021-03-04,2021,03,0.012230113,NRSC VIC MODEL
Uttarakhand,Uttar Kashi,2021-03-07,2021,03,5.740258587,NRSC VIC MODEL
Uttarakhand,Uttar Kashi,2021-03-10,2021,03,0.014124172,NRSC VIC MODEL
Uttarakhand,Uttar Kashi,2021-03-25,2021,03,5.092417509,NRSC VIC MODEL
Uttarakhand,Uttar Kashi,2021-04-04,2021,04,0.030129135,NRSC VIC MODEL
Uttarakhand,Uttar Kashi,2021-04-17,2021,04,6.473116698,NRSC VIC MODEL
Uttarakhand,Uttar Kashi,2021-04-18,2021,04,9.623928254,NRSC VIC MODEL
Uttarakhand,Uttar Kashi,2021-04-24,2021,04,27.08822159,NRSC VIC MODEL
Uttarakhand,Uttar Kashi,2021-04-26,2021,04,1.458733747,NRSC VIC MODEL
Uttarakhand,Uttar Kashi,2021-05-02,2021,05,4.766367398,NRSC VIC MODEL
Uttarakhand,Uttar Kashi,2021-05-25,2021,05,0.219246425,NRSC VIC MODEL
Uttarakhand,Uttar Kashi,2021-05-27,2021,05,0.000348295,NRSC VIC MODEL
Uttarakhand,Uttar Kashi,2021-05-29,2021,05,0.249743757,NRSC VIC MODEL
Uttarakhand,Uttar Kashi,2021-05-30,2021,05,3.717808499,NRSC VIC MODEL
Uttarakhand,Uttar Kashi,2021-05-31,2021,05,3.999442766,NRSC VIC MODEL
Uttarakhand,Uttar Kashi,2021-06-03,2021,06,3.393204639,NRSC VIC MODEL
Uttarakhand,Uttar Kashi,2021-06-05,2021,06,0.199536273,NRSC VIC MODEL
Uttarakhand,Uttar Kashi,2021-06-10,2021,06,8.430123904,NRSC VIC MODEL
Uttarakhand,Uttar Kashi,2021-06-11,2021,06,4.942803451,NRSC VIC MODEL
Uttarakhand,Uttar Kashi,2021-06-17,2021,06,2.560754197,NRSC VIC MODEL
Uttarakhand,Uttar Kashi,2021-06-25,2021,06,0.442824971,NRSC VIC MODEL
Uttarakhand,Uttar Kashi,2021-06-27,2021,06,0.492296061,NRSC VIC MODEL
Uttarakhand,Uttar Kashi,2021-07-01,2021,07,3.575057501,NRSC VIC MODEL
Uttarakhand,Uttar Kashi,2021-07-02,2021,07,0.835969875,NRSC VIC MODEL
Uttarakhand,Uttar Kashi,2021-07-03,2021,07,3.577548637,NRSC VIC MODEL
Uttarakhand,Uttar Kashi,2021-07-06,2021,07,2.515140883,NRSC VIC MODEL
Uttarakhand,Uttar Kashi,2021-07-07,2021,07,2.749463486,NRSC VIC MODEL
Uttarakhand,Uttar Kashi,2021-07-08,2021,07,2.672676154,NRSC VIC MODEL
Uttarakhand,Uttar Kashi,2021-07-26,2021,07,19.11116915,NRSC VIC MODEL
Uttarakhand,Uttar Kashi,2021-07-27,2021,07,2.629965294,NRSC VIC MODEL
Uttarakhand,Uttar Kashi,2021-07-30,2021,07,17.21895799,NRSC VIC MODEL
Uttarakhand,Uttar Kashi,2021-08-06,2021,08,1.016893952,NRSC VIC MODEL
Uttarakhand,Uttar Kashi,2021-08-09,2021,08,10.25352533,NRSC VIC MODEL
Uttarakhand,Uttar Kashi,2021-08-13,2021,08,1.003340319,NRSC VIC MODEL
Uttarakhand,Uttar Kashi,2021-08-14,2021,08,2.542559955,NRSC VIC MODEL
Uttarakhand,Uttar Kashi,2021-08-17,2021,08,0.112691522,NRSC VIC MODEL
Uttarakhand,Uttar Kashi,2021-08-22,2021,08,3.891906003,NRSC VIC MODEL
Uttarakhand,Uttar Kashi,2021-08-29,2021,08,3.361483301,NRSC VIC MODEL
Uttarakhand,Uttar Kashi,2021-09-03,2021,09,0.960324288,NRSC VIC MODEL
Uttarakhand,Uttar Kashi,2021-09-05,2021,09,1.621234702,NRSC VIC MODEL
Uttarakhand,Uttar Kashi,2021-09-07,2021,09,6.904428048,NRSC VIC MODEL
Uttarakhand,Uttar Kashi,2021-09-09,2021,09,10.54199612,NRSC VIC MODEL
Uttarakhand,Uttar Kashi,2021-09-18,2021,09,0.880093815,NRSC VIC MODEL
Uttarakhand,Uttar Kashi,2021-09-24,2021,09,29.43244606,NRSC VIC MODEL
Uttarakhand,Uttar Kashi,2021-09-25,2021,09,0.439096561,NRSC VIC MODEL
Uttarakhand,Uttar Kashi,2021-09-27,2021,09,0.142721143,NRSC VIC MODEL
Uttarakhand,Uttar Kashi,2021-10-03,2021,10,2.406413285,NRSC VIC MODEL
Uttarakhand,Uttar Kashi,2021-10-09,2021,10,0,NRSC VIC MODEL
Uttarakhand,Uttar Kashi,2021-10-13,2021,10,0,NRSC VIC MODEL
Uttarakhand,Uttar Kashi,2021-10-15,2021,10,0.01791229,NRSC VIC MODEL
Uttarakhand,Uttar Kashi,2021-10-16,2021,10,0,NRSC VIC MODEL
Uttarakhand,Uttar Kashi,2021-10-24,2021,10,2.08572691,NRSC VIC MODEL
Uttarakhand,Uttar Kashi,2021-10-28,2021,10,0.188603142,NRSC VIC MODEL
Uttarakhand,Uttar Kashi,2021-11-07,2021,11,0.004269096,NRSC VIC MODEL
Uttarakhand,Uttar Kashi,2021-11-08,2021,11,0.017593849,NRSC VIC MODEL
Uttarakhand,Uttar Kashi,2021-11-13,2021,11,0.014827395,NRSC VIC MODEL
Uttarakhand,Uttar Kashi,2021-11-19,2021,11,0.01853922,NRSC VIC MODEL
Uttarakhand,Uttar Kashi,2021-11-21,2021,11,0,NRSC VIC MODEL
Uttarakhand,Uttar Kashi,2021-11-23,2021,11,0.019282248,NRSC VIC MODEL
Uttarakhand,Uttar Kashi,2021-12-07,2021,12,2.123415694,NRSC VIC MODEL
Uttarakhand,Uttar Kashi,2021-12-10,2021,12,0.047285128,NRSC VIC MODEL
Uttarakhand,Uttar Kashi,2021-12-12,2021,12,0.512138898,NRSC VIC MODEL
Uttarakhand,Uttar Kashi,2021-12-13,2021,12,0.290938706,NRSC VIC MODEL
Uttarakhand,Uttar Kashi,2021-12-23,2021,12,2.32e-05,NRSC VIC MODEL
Uttarakhand,Uttar Kashi,2021-12-31,2021,12,0,NRSC VIC MODEL
Uttarakhand,Nainital,2021-08-25,2021,08,10.87970894,NRSC VIC MODEL
Uttarakhand,Nainital,2021-08-27,2021,08,1.403296755,NRSC VIC MODEL
Uttarakhand,Nainital,2021-08-28,2021,08,20.81484893,NRSC VIC MODEL
Uttarakhand,Nainital,2021-09-01,2021,09,5.131434117,NRSC VIC MODEL
Uttarakhand,Nainital,2021-09-03,2021,09,1.203619925,NRSC VIC MODEL
Uttarakhand,Nainital,2021-09-08,2021,09,10.81810853,NRSC VIC MODEL
Uttarakhand,Nainital,2021-09-12,2021,09,17.31895951,NRSC VIC MODEL
Uttarakhand,Nainital,2021-09-20,2021,09,7.340278934,NRSC VIC MODEL
Uttarakhand,Nainital,2021-09-22,2021,09,15.69537599,NRSC VIC MODEL
Uttarakhand,Nainital,2021-09-26,2021,09,2.77551333,NRSC VIC MODEL
Uttarakhand,Nainital,2021-09-29,2021,09,3.131704197,NRSC VIC MODEL
Uttarakhand,Nainital,2021-10-01,2021,10,8.316926521,NRSC VIC MODEL
Uttarakhand,Nainital,2021-10-02,2021,10,2.802410807,NRSC VIC MODEL
Uttarakhand,Nainital,2021-10-03,2021,10,2.98939111,NRSC VIC MODEL
Uttarakhand,Nainital,2021-10-12,2021,10,0,NRSC VIC MODEL
Uttarakhand,Nainital,2021-10-16,2021,10,0.003008847,NRSC VIC MODEL
Uttarakhand,Nainital,2021-10-19,2021,10,265.1900771,NRSC VIC MODEL
Uttarakhand,Nainital,2021-10-22,2021,10,0,NRSC VIC MODEL
Uttarakhand,Nainital,2021-10-25,2021,10,0.024516035,NRSC VIC MODEL
Uttarakhand,Nainital,2021-10-26,2021,10,0,NRSC VIC MODEL
Uttarakhand,Nainital,2021-10-30,2021,10,0,NRSC VIC MODEL
Uttarakhand,Nainital,2021-11-03,2021,11,0.006854235,NRSC VIC MODEL
Uttarakhand,Nainital,2021-11-04,2021,11,0,NRSC VIC MODEL
Uttarakhand,Nainital,2021-11-21,2021,11,0.251441149,NRSC VIC MODEL
Uttarakhand,Nainital,2021-11-22,2021,11,0,NRSC VIC MODEL
Uttarakhand,Nainital,2021-11-23,2021,11,0.008068568,NRSC VIC MODEL
Uttarakhand,Nainital,2021-11-26,2021,11,0.003616014,NRSC VIC MODEL
Uttarakhand,Nainital,2021-11-27,2021,11,0,NRSC VIC MODEL
Uttarakhand,Nainital,2021-11-29,2021,11,0,NRSC VIC MODEL
Uttarakhand,Nainital,2021-12-01,2021,12,0,NRSC VIC MODEL
Uttarakhand,Nainital,2021-12-02,2021,12,1.182213932,NRSC VIC MODEL
Uttarakhand,Nainital,2021-12-06,2021,12,0.688918119,NRSC VIC MODEL
Uttarakhand,Nainital,2021-12-14,2021,12,0.049618997,NRSC VIC MODEL
Uttarakhand,Nainital,2021-12-20,2021,12,0,NRSC VIC MODEL
Uttarakhand,Nainital,2021-12-22,2021,12,0,NRSC VIC MODEL
Uttarakhand,Nainital,2021-12-24,2021,12,0.20064155,NRSC VIC MODEL
Uttarakhand,Pauri Garhwal,2021-01-03,2021,01,0.488402806,NRSC VIC MODEL
Uttarakhand,Pauri Garhwal,2021-01-06,2021,01,0,NRSC VIC MODEL
Uttarakhand,Pauri Garhwal,2021-01-07,2021,01,5.837593301,NRSC VIC MODEL
Uttarakhand,Pauri Garhwal,2021-01-09,2021,01,0,NRSC VIC MODEL
Uttarakhand,Pauri Garhwal,2021-01-23,2021,01,0,NRSC VIC MODEL
Uttarakhand,Pauri Garhwal,2021-01-28,2021,01,0,NRSC VIC MODEL
Uttarakhand,Pauri Garhwal,2021-01-31,2021,01,0,NRSC VIC MODEL
Uttarakhand,Pauri Garhwal,2021-02-01,2021,02,0,NRSC VIC MODEL
Uttarakhand,Pauri Garhwal,2021-02-14,2021,02,0,NRSC VIC MODEL
Uttarakhand,Pauri Garhwal,2021-02-15,2021,02,0.004973562,NRSC VIC MODEL
Uttarakhand,Pauri Garhwal,2021-03-02,2021,03,0,NRSC VIC MODEL
Uttarakhand,Pauri Garhwal,2021-03-04,2021,03,0,NRSC VIC MODEL
Uttarakhand,Pauri Garhwal,2021-03-14,2021,03,0,NRSC VIC MODEL
Uttarakhand,Pauri Garhwal,2021-03-15,2021,03,0,NRSC VIC MODEL
Uttarakhand,Pauri Garhwal,2021-03-20,2021,03,0.000365032,NRSC VIC MODEL
Uttarakhand,Pauri Garhwal,2021-03-21,2021,03,0.019823271,NRSC VIC MODEL
Uttarakhand,Pauri Garhwal,2021-04-06,2021,04,0,NRSC VIC MODEL
Uttarakhand,Pauri Garhwal,2021-04-16,2021,04,0.003660461,NRSC VIC MODEL
Uttarakhand,Pauri Garhwal,2021-04-23,2021,04,2.729010379,NRSC VIC MODEL
Uttarakhand,Pauri Garhwal,2021-04-26,2021,04,0.002433547,NRSC VIC MODEL
Uttarakhand,Pauri Garhwal,2021-04-27,2021,04,0.000304193,NRSC VIC MODEL
Uttarakhand,Pauri Garhwal,2021-05-01,2021,05,1.498122147,NRSC VIC MODEL
Uttarakhand,Pauri Garhwal,2021-05-06,2021,05,4.392167593,NRSC VIC MODEL
Uttarakhand,Pauri Garhwal,2021-05-12,2021,05,3.58164424,NRSC VIC MODEL
Uttarakhand,Pauri Garhwal,2021-05-13,2021,05,8.659408021,NRSC VIC MODEL
Uttarakhand,Pauri Garhwal,2021-05-15,2021,05,0.005409573,NRSC VIC MODEL
Uttarakhand,Pauri Garhwal,2021-05-17,2021,05,0.003006445,NRSC VIC MODEL
Uttarakhand,Pauri Garhwal,2021-05-25,2021,05,0.029440853,NRSC VIC MODEL
Uttarakhand,Pauri Garhwal,2021-05-31,2021,05,0.627130213,NRSC VIC MODEL
Uttarakhand,Pauri Garhwal,2021-06-13,2021,06,5.244335025,NRSC VIC MODEL
Uttarakhand,Pauri Garhwal,2021-06-20,2021,06,27.38550392,NRSC VIC MODEL
Uttarakhand,Pauri Garhwal,2021-06-26,2021,06,22.21719697,NRSC VIC MODEL
Uttarakhand,Pauri Garhwal,2021-07-02,2021,07,0.051408687,NRSC VIC MODEL
Uttarakhand,Pauri Garhwal,2021-07-04,2021,07,0.122757252,NRSC VIC MODEL
Uttarakhand,Pauri Garhwal,2021-07-12,2021,07,10.19346555,NRSC VIC MODEL
Uttarakhand,Pauri Garhwal,2021-07-23,2021,07,11.74691034,NRSC VIC MODEL
Uttarakhand,Pauri Garhwal,2021-07-31,2021,07,20.16095595,NRSC VIC MODEL
Uttarakhand,Pauri Garhwal,2021-08-06,2021,08,3.904682437,NRSC VIC MODEL
Uttarakhand,Pauri Garhwal,2021-08-11,2021,08,0.683715258,NRSC VIC MODEL
Uttarakhand,Pauri Garhwal,2021-08-16,2021,08,0.136527074,NRSC VIC MODEL
Uttarakhand,Pauri Garhwal,2021-08-17,2021,08,0,NRSC VIC MODEL
Uttarakhand,Pauri Garhwal,2021-08-20,2021,08,24.52783493,NRSC VIC MODEL
Uttarakhand,Pauri Garhwal,2021-08-21,2021,08,27.87744044,NRSC VIC MODEL
Uttarakhand,Pauri Garhwal,2021-08-22,2021,08,2.086989898,NRSC VIC MODEL
Uttarakhand,Pauri Garhwal,2021-08-29,2021,08,8.562765773,NRSC VIC MODEL
Uttarakhand,Pauri Garhwal,2021-09-01,2021,09,0.88873655,NRSC VIC MODEL
Uttarakhand,Pauri Garhwal,2021-09-04,2021,09,3.853968325,NRSC VIC MODEL
Uttarakhand,Pauri Garhwal,2021-09-07,2021,09,34.52780305,NRSC VIC MODEL
Uttarakhand,Pauri Garhwal,2021-09-09,2021,09,14.23230235,NRSC VIC MODEL
Uttarakhand,Pauri Garhwal,2021-09-17,2021,09,7.55455219,NRSC VIC MODEL
Uttarakhand,Pauri Garhwal,2021-09-25,2021,09,2.81163438,NRSC VIC MODEL
Uttarakhand,Pauri Garhwal,2021-10-05,2021,10,0.677058492,NRSC VIC MODEL
Uttarakhand,Pauri Garhwal,2021-10-08,2021,10,0.011711446,NRSC VIC MODEL
Uttarakhand,Pauri Garhwal,2021-10-22,2021,10,0,NRSC VIC MODEL
Uttarakhand,Pauri Garhwal,2021-10-27,2021,10,0,NRSC VIC MODEL
Uttarakhand,Pauri Garhwal,2021-10-29,2021,10,0,NRSC VIC MODEL
Uttarakhand,Pauri Garhwal,2021-10-31,2021,10,0,NRSC VIC MODEL
Uttarakhand,Pauri Garhwal,2021-11-10,2021,11,0,NRSC VIC MODEL
Uttarakhand,Pauri Garhwal,2021-11-11,2021,11,0,NRSC VIC MODEL
Uttarakhand,Pauri Garhwal,2021-11-14,2021,11,0,NRSC VIC MODEL
Uttarakhand,Pauri Garhwal,2021-11-15,2021,11,0,NRSC VIC MODEL
Uttarakhand,Pauri Garhwal,2021-11-19,2021,11,0,NRSC VIC MODEL
Uttarakhand,Pauri Garhwal,2021-11-26,2021,11,0,NRSC VIC MODEL
Uttarakhand,Pauri Garhwal,2021-12-07,2021,12,1.411746427,NRSC VIC MODEL
Uttarakhand,Pauri Garhwal,2021-12-09,2021,12,0,NRSC VIC MODEL
Uttarakhand,Pauri Garhwal,2021-12-11,2021,12,0,NRSC VIC MODEL
Uttarakhand,Pauri Garhwal,2021-12-13,2021,12,0.002240891,NRSC VIC MODEL
Uttarakhand,Pauri Garhwal,2021-12-29,2021,12,0.273398901,NRSC VIC MODEL
Uttarakhand,Pithoragarh,2021-01-02,2021,01,1.090714535,NRSC VIC MODEL
Uttarakhand,Pithoragarh,2021-01-07,2021,01,10.60848695,NRSC VIC MODEL
Uttarakhand,Pithoragarh,2021-01-11,2021,01,0,NRSC VIC MODEL
Uttarakhand,Pithoragarh,2021-01-18,2021,01,0,NRSC VIC MODEL
Uttarakhand,Pithoragarh,2021-01-27,2021,01,0,NRSC VIC MODEL
Uttarakhand,Pithoragarh,2021-01-29,2021,01,0,NRSC VIC MODEL
Uttarakhand,Pithoragarh,2021-02-06,2021,02,0.532428316,NRSC VIC MODEL
Uttarakhand,Pithoragarh,2021-02-08,2021,02,0,NRSC VIC MODEL
Uttarakhand,Pithoragarh,2021-02-14,2021,02,0,NRSC VIC MODEL
Uttarakhand,Pithoragarh,2021-02-20,2021,02,0,NRSC VIC MODEL
Uttarakhand,Pithoragarh,2021-02-26,2021,02,0,NRSC VIC MODEL
Uttarakhand,Pithoragarh,2021-03-06,2021,03,0.008298016,NRSC VIC MODEL
Uttarakhand,Pithoragarh,2021-03-08,2021,03,8.362051213,NRSC VIC MODEL
Uttarakhand,Pithoragarh,2021-03-09,2021,03,1.789487232,NRSC VIC MODEL
Uttarakhand,Pithoragarh,2021-03-11,2021,03,1.410862103,NRSC VIC MODEL
Uttarakhand,Pithoragarh,2021-03-14,2021,03,0.139825444,NRSC VIC MODEL
Uttarakhand,Pithoragarh,2021-03-18,2021,03,0,NRSC VIC MODEL
Uttarakhand,Pithoragarh,2021-03-20,2021,03,0,NRSC VIC MODEL
Uttarakhand,Pithoragarh,2021-03-25,2021,03,0.886975536,NRSC VIC MODEL
Uttarakhand,Pithoragarh,2021-04-05,2021,04,0.022128042,NRSC VIC MODEL
Uttarakhand,Pithoragarh,2021-04-10,2021,04,0,NRSC VIC MODEL
Uttarakhand,Pithoragarh,2021-04-12,2021,04,0.411462671,NRSC VIC MODEL
Uttarakhand,Pithoragarh,2021-04-28,2021,04,1.462648073,NRSC VIC MODEL
Uttarakhand,Pithoragarh,2021-04-29,2021,04,0.103623642,NRSC VIC MODEL
Uttarakhand,Pithoragarh,2021-04-30,2021,04,0.577829209,NRSC VIC MODEL
Uttarakhand,Pithoragarh,2021-05-02,2021,05,4.579943391,NRSC VIC MODEL
Uttarakhand,Pithoragarh,2021-05-05,2021,05,7.205676366,NRSC VIC MODEL
Uttarakhand,Pithoragarh,2021-05-08,2021,05,1.3896536,NRSC VIC MODEL
Uttarakhand,Pithoragarh,2021-05-13,2021,05,7.692541301,NRSC VIC MODEL
Uttarakhand,Pithoragarh,2021-05-16,2021,05,2.764590871,NRSC VIC MODEL
Uttarakhand,Pithoragarh,2021-05-23,2021,05,0.020517924,NRSC VIC MODEL
Uttarakhand,Pithoragarh,2021-05-27,2021,05,0.000683192,NRSC VIC MODEL
Uttarakhand,Pithoragarh,2021-06-04,2021,06,0.034137453,NRSC VIC MODEL
Uttarakhand,Pithoragarh,2021-06-10,2021,06,13.93364257,NRSC VIC MODEL
Uttarakhand,Pithoragarh,2021-06-13,2021,06,4.023492559,NRSC VIC MODEL
Uttarakhand,Pithoragarh,2021-06-14,2021,06,2.258131245,NRSC VIC MODEL
Uttarakhand,Pithoragarh,2021-06-27,2021,06,4.586236145,NRSC VIC MODEL
Uttarakhand,Pithoragarh,2021-06-30,2021,06,2.579161423,NRSC VIC MODEL
Uttarakhand,Pithoragarh,2021-07-02,2021,07,7.581084952,NRSC VIC MODEL
Uttarakhand,Pithoragarh,2021-07-05,2021,07,5.039506487,NRSC VIC MODEL
Uttarakhand,Pithoragarh,2021-07-14,2021,07,7.144850101,NRSC VIC MODEL
Uttarakhand,Pithoragarh,2021-07-16,2021,07,3.783873043,NRSC VIC MODEL
Uttarakhand,Pithoragarh,2021-07-17,2021,07,9.599685312,NRSC VIC MODEL
Uttarakhand,Pithoragarh,2021-07-31,2021,07,4.795776739,NRSC VIC MODEL
Uttarakhand,Pithoragarh,2021-08-06,2021,08,10.6308698,NRSC VIC MODEL
Uttarakhand,Pithoragarh,2021-08-08,2021,08,1.158173304,NRSC VIC MODEL
Uttarakhand,Pithoragarh,2021-08-12,2021,08,3.293647541,NRSC VIC MODEL
Uttarakhand,Pithoragarh,2021-08-16,2021,08,3.662253749,NRSC VIC MODEL
Uttarakhand,Pithoragarh,2021-08-24,2021,08,10.34816486,NRSC VIC MODEL
Uttarakhand,Pithoragarh,2021-08-25,2021,08,13.63377289,NRSC VIC MODEL
Uttarakhand,Pithoragarh,2021-09-01,2021,09,3.047554317,NRSC VIC MODEL
Uttarakhand,Pithoragarh,2021-09-05,2021,09,0.353299009,NRSC VIC MODEL
Uttarakhand,Pithoragarh,2021-09-11,2021,09,10.00801268,NRSC VIC MODEL
Uttarakhand,Pithoragarh,2021-09-12,2021,09,3.733206031,NRSC VIC MODEL
Uttarakhand,Pithoragarh,2021-09-15,2021,09,0.258630724,NRSC VIC MODEL
Uttarakhand,Pithoragarh,2021-09-18,2021,09,0.434011707,NRSC VIC MODEL
Uttarakhand,Pithoragarh,2021-09-19,2021,09,1.29409532,NRSC VIC MODEL
Uttarakhand,Pithoragarh,2021-09-29,2021,09,3.432516516,NRSC VIC MODEL
Uttarakhand,Pithoragarh,2021-10-01,2021,10,7.828526096,NRSC VIC MODEL
Uttarakhand,Pithoragarh,2021-10-05,2021,10,1.292943125,NRSC VIC MODEL
Uttarakhand,Pithoragarh,2021-10-07,2021,10,0,NRSC VIC MODEL
Uttarakhand,Pithoragarh,2021-10-10,2021,10,0.006798686,NRSC VIC MODEL
Uttarakhand,Pithoragarh,2021-10-19,2021,10,102.1499149,NRSC VIC MODEL
Uttarakhand,Pithoragarh,2021-10-23,2021,10,0.078869926,NRSC VIC MODEL
Uttarakhand,Pithoragarh,2021-10-25,2021,10,0.155712432,NRSC VIC MODEL
Uttarakhand,Pithoragarh,2021-10-27,2021,10,0.019443281,NRSC VIC MODEL
Uttarakhand,Pithoragarh,2021-10-28,2021,10,0,NRSC VIC MODEL
Uttarakhand,Pithoragarh,2021-11-05,2021,11,0,NRSC VIC MODEL
Uttarakhand,Pithoragarh,2021-11-06,2021,11,0.022157586,NRSC VIC MODEL
Uttarakhand,Pithoragarh,2021-11-07,2021,11,0.000709043,NRSC VIC MODEL
Uttarakhand,Pithoragarh,2021-11-13,2021,11,0,NRSC VIC MODEL
Uttarakhand,Pithoragarh,2021-11-15,2021,11,0,NRSC VIC MODEL
Uttarakhand,Pithoragarh,2021-11-17,2021,11,0.010968005,NRSC VIC MODEL
Uttarakhand,Pithoragarh,2021-11-18,2021,11,0.006181966,NRSC VIC MODEL
Uttarakhand,Pithoragarh,2021-11-23,2021,11,0.000480081,NRSC VIC MODEL
Uttarakhand,Pithoragarh,2021-12-12,2021,12,0.276977205,NRSC VIC MODEL
Uttarakhand,Pithoragarh,2021-12-17,2021,12,0.196881226,NRSC VIC MODEL
Uttarakhand,Pithoragarh,2021-12-21,2021,12,0.053517955,NRSC VIC MODEL
Uttarakhand,Pithoragarh,2021-12-22,2021,12,0.003604301,NRSC VIC MODEL
Uttarakhand,Pithoragarh,2021-12-25,2021,12,0.00012556,NRSC VIC MODEL
Uttarakhand,Rudra Prayag,2021-01-07,2021,01,20.39080409,NRSC VIC MODEL
Uttarakhand,Rudra Prayag,2021-01-09,2021,01,0,NRSC VIC MODEL
Uttarakhand,Rudra Prayag,2021-01-14,2021,01,0,NRSC VIC MODEL
Uttarakhand,Rudra Prayag,2021-01-17,2021,01,0,NRSC VIC MODEL
Uttarakhand,Rudra Prayag,2021-01-24,2021,01,0,NRSC VIC MODEL
Uttarakhand,Rudra Prayag,2021-02-02,2021,02,0,NRSC VIC MODEL
Uttarakhand,Rudra Prayag,2021-02-03,2021,02,0,NRSC VIC MODEL
Uttarakhand,Rudra Prayag,2021-02-05,2021,02,15.05218727,NRSC VIC MODEL
Uttarakhand,Rudra Prayag,2021-02-06,2021,02,1.237129594,NRSC VIC MODEL
Uttarakhand,Rudra Prayag,2021-02-08,2021,02,0,NRSC VIC MODEL
Uttarakhand,Rudra Prayag,2021-02-15,2021,02,0.92862675,NRSC VIC MODEL
Uttarakhand,Rudra Prayag,2021-02-21,2021,02,0,NRSC VIC MODEL
Uttarakhand,Rudra Prayag,2021-02-25,2021,02,0.236783829,NRSC VIC MODEL
Uttarakhand,Rudra Prayag,2021-03-06,2021,03,0,NRSC VIC MODEL
Uttarakhand,Rudra Prayag,2021-03-09,2021,03,1.433296291,NRSC VIC MODEL
Uttarakhand,Rudra Prayag,2021-03-10,2021,03,0.014212651,NRSC VIC MODEL
Uttarakhand,Rudra Prayag,2021-03-12,2021,03,0,NRSC VIC MODEL
Uttarakhand,Rudra Prayag,2021-03-22,2021,03,8.619049137,NRSC VIC MODEL
Uttarakhand,Rudra Prayag,2021-03-25,2021,03,2.263719247,NRSC VIC MODEL
Uttarakhand,Rudra Prayag,2021-03-30,2021,03,0.566364756,NRSC VIC MODEL
Uttarakhand,Rudra Prayag,2021-03-31,2021,03,0,NRSC VIC MODEL
Uttarakhand,Rudra Prayag,2021-04-30,2021,04,3.28438027,NRSC VIC MODEL
Uttarakhand,Rudra Prayag,2021-05-01,2021,05,9.32989579,NRSC VIC MODEL
Uttarakhand,Rudra Prayag,2021-05-09,2021,05,3.498613895,NRSC VIC MODEL
Uttarakhand,Rudra Prayag,2021-05-14,2021,05,4.220675428,NRSC VIC MODEL
Uttarakhand,Rudra Prayag,2021-05-15,2021,05,2.092217254,NRSC VIC MODEL
Uttarakhand,Rudra Prayag,2021-05-17,2021,05,0.035197054,NRSC VIC MODEL
Uttarakhand,Rudra Prayag,2021-05-21,2021,05,47.07181683,NRSC VIC MODEL
Uttarakhand,Rudra Prayag,2021-06-09,2021,06,4.01e-05,NRSC VIC MODEL
Uttarakhand,Rudra Prayag,2021-06-20,2021,06,28.77226642,NRSC VIC MODEL
Uttarakhand,Rudra Prayag,2021-06-29,2021,06,0.019057264,NRSC VIC MODEL
Uttarakhand,Rudra Prayag,2021-07-01,2021,07,3.858252839,NRSC VIC MODEL
Uttarakhand,Rudra Prayag,2021-07-10,2021,07,6.992276114,NRSC VIC MODEL
Uttarakhand,Rudra Prayag,2021-07-18,2021,07,4.131518481,NRSC VIC MODEL
Uttarakhand,Rudra Prayag,2021-07-23,2021,07,9.141424267,NRSC VIC MODEL
Uttarakhand,Rudra Prayag,2021-08-02,2021,08,14.33074135,NRSC VIC MODEL
Uttarakhand,Rudra Prayag,2021-08-08,2021,08,2.733138202,NRSC VIC MODEL
Uttarakhand,Rudra Prayag,2021-08-10,2021,08,4.09463518,NRSC VIC MODEL
Uttarakhand,Rudra Prayag,2021-08-15,2021,08,0.466809288,NRSC VIC MODEL
Uttarakhand,Rudra Prayag,2021-09-04,2021,09,2.169891664,NRSC VIC MODEL
Uttarakhand,Rudra Prayag,2021-09-05,2021,09,0.955566548,NRSC VIC MODEL
Uttarakhand,Rudra Prayag,2021-09-07,2021,09,52.35830722,NRSC VIC MODEL
Uttarakhand,Rudra Prayag,2021-09-15,2021,09,5.272023464,NRSC VIC MODEL
Uttarakhand,Rudra Prayag,2021-09-20,2021,09,5.378083027,NRSC VIC MODEL
Uttarakhand,Rudra Prayag,2021-09-22,2021,09,2.496086715,NRSC VIC MODEL
Uttarakhand,Rudra Prayag,2021-09-27,2021,09,4.073530331,NRSC VIC MODEL
Uttarakhand,Rudra Prayag,2021-09-28,2021,09,5.289394481,NRSC VIC MODEL
Uttarakhand,Rudra Prayag,2021-10-04,2021,10,0,NRSC VIC MODEL
Uttarakhand,Rudra Prayag,2021-10-07,2021,10,0,NRSC VIC MODEL
Uttarakhand,Rudra Prayag,2021-10-12,2021,10,0,NRSC VIC MODEL
Uttarakhand,Rudra Prayag,2021-10-13,2021,10,0,NRSC VIC MODEL
Uttarakhand,Rudra Prayag,2021-10-17,2021,10,0.267778649,NRSC VIC MODEL
Uttarakhand,Rudra Prayag,2021-10-25,2021,10,0.738080876,NRSC VIC MODEL
Uttarakhand,Rudra Prayag,2021-10-26,2021,10,0.0137041,NRSC VIC MODEL
Uttarakhand,Rudra Prayag,2021-11-03,2021,11,3.694164978,NRSC VIC MODEL
Uttarakhand,Rudra Prayag,2021-11-13,2021,11,0,NRSC VIC MODEL
Uttarakhand,Rudra Prayag,2021-11-18,2021,11,0,NRSC VIC MODEL
Uttarakhand,Rudra Prayag,2021-11-27,2021,11,0,NRSC VIC MODEL
Uttarakhand,Rudra Prayag,2021-11-29,2021,11,0,NRSC VIC MODEL
Uttarakhand,Rudra Prayag,2021-12-01,2021,12,0,NRSC VIC MODEL
Uttarakhand,Rudra Prayag,2021-12-13,2021,12,0.400496968,NRSC VIC MODEL
Uttarakhand,Rudra Prayag,2021-12-14,2021,12,6.681765833,NRSC VIC MODEL
Uttarakhand,Rudra Prayag,2021-12-21,2021,12,0.000214127,NRSC VIC MODEL
Uttarakhand,Rudra Prayag,2021-12-26,2021,12,0,NRSC VIC MODEL
Uttarakhand,Rudra Prayag,2021-04-15,2021,04,2.046006065,NRSC VIC MODEL
Uttarakhand,Rudra Prayag,2021-10-28,2021,10,0.789859355,NRSC VIC MODEL
Uttarakhand,Rudra Prayag,2021-12-03,2021,12,0.072267715,NRSC VIC MODEL
Uttarakhand,Tehri Garhwal,2021-01-02,2021,01,0.004699198,NRSC VIC MODEL
Uttarakhand,Tehri Garhwal,2021-01-17,2021,01,0,NRSC VIC MODEL
Uttarakhand,Tehri Garhwal,2021-01-22,2021,01,0,NRSC VIC MODEL
Uttarakhand,Tehri Garhwal,2021-02-01,2021,02,0,NRSC VIC MODEL
Uttarakhand,Tehri Garhwal,2021-02-09,2021,02,0,NRSC VIC MODEL
Uttarakhand,Tehri Garhwal,2021-02-10,2021,02,0,NRSC VIC MODEL
Uttarakhand,Tehri Garhwal,2021-02-13,2021,02,0,NRSC VIC MODEL
Uttarakhand,Tehri Garhwal,2021-02-14,2021,02,0,NRSC VIC MODEL
Uttarakhand,Tehri Garhwal,2021-02-21,2021,02,0,NRSC VIC MODEL
Uttarakhand,Tehri Garhwal,2021-02-24,2021,02,0,NRSC VIC MODEL
Uttarakhand,Tehri Garhwal,2021-02-26,2021,02,0,NRSC VIC MODEL
Uttarakhand,Tehri Garhwal,2021-03-03,2021,03,0,NRSC VIC MODEL
Uttarakhand,Tehri Garhwal,2021-03-11,2021,03,0,NRSC VIC MODEL
Uttarakhand,Tehri Garhwal,2021-03-12,2021,03,0,NRSC VIC MODEL
Uttarakhand,Tehri Garhwal,2021-03-20,2021,03,0.097559439,NRSC VIC MODEL
Uttarakhand,Tehri Garhwal,2021-03-28,2021,03,0,NRSC VIC MODEL
Uttarakhand,Tehri Garhwal,2021-03-30,2021,03,0.252503579,NRSC VIC MODEL
Uttarakhand,Tehri Garhwal,2021-03-31,2021,03,0.000483541,NRSC VIC MODEL
Uttarakhand,Tehri Garhwal,2021-04-04,2021,04,0,NRSC VIC MODEL
Uttarakhand,Tehri Garhwal,2021-04-07,2021,04,7.042558812,NRSC VIC MODEL
Uttarakhand,Tehri Garhwal,2021-04-12,2021,04,0.129582091,NRSC VIC MODEL
Uttarakhand,Tehri Garhwal,2021-04-13,2021,04,0,NRSC VIC MODEL
Uttarakhand,Tehri Garhwal,2021-04-16,2021,04,0.151600217,NRSC VIC MODEL
Uttarakhand,Tehri Garhwal,2021-04-18,2021,04,18.59600729,NRSC VIC MODEL
Uttarakhand,Tehri Garhwal,2021-04-25,2021,04,4.270815126,NRSC VIC MODEL
Uttarakhand,Tehri Garhwal,2021-04-26,2021,04,0.037321168,NRSC VIC MODEL
Uttarakhand,Tehri Garhwal,2021-04-28,2021,04,5.109737766,NRSC VIC MODEL
Uttarakhand,Tehri Garhwal,2021-05-05,2021,05,1.288295378,NRSC VIC MODEL
Uttarakhand,Tehri Garhwal,2021-05-10,2021,05,5.198246141,NRSC VIC MODEL
Uttarakhand,Tehri Garhwal,2021-05-12,2021,05,2.381587655,NRSC VIC MODEL
Uttarakhand,Tehri Garhwal,2021-05-15,2021,05,0.245141501,NRSC VIC MODEL
Uttarakhand,Tehri Garhwal,2021-05-21,2021,05,53.99271706,NRSC VIC MODEL
Uttarakhand,Tehri Garhwal,2021-05-22,2021,05,0.530532656,NRSC VIC MODEL
Uttarakhand,Tehri Garhwal,2021-05-28,2021,05,0.009997714,NRSC VIC MODEL
Uttarakhand,Tehri Garhwal,2021-06-01,2021,06,16.76359244,NRSC VIC MODEL
Uttarakhand,Tehri Garhwal,2021-06-02,2021,06,0.035972702,NRSC VIC MODEL
Uttarakhand,Tehri Garhwal,2021-06-07,2021,06,1.840539692,NRSC VIC MODEL
Uttarakhand,Tehri Garhwal,2021-06-09,2021,06,0.000762768,NRSC VIC MODEL
Uttarakhand,Tehri Garhwal,2021-06-10,2021,06,30.91801302,NRSC VIC MODEL
Uttarakhand,Tehri Garhwal,2021-06-12,2021,06,23.90719763,NRSC VIC MODEL
Uttarakhand,Tehri Garhwal,2021-06-24,2021,06,1.817929057,NRSC VIC MODEL
Uttarakhand,Tehri Garhwal,2021-07-13,2021,07,29.15699875,NRSC VIC MODEL
Uttarakhand,Tehri Garhwal,2021-07-19,2021,07,79.12765853,NRSC VIC MODEL
Uttarakhand,Tehri Garhwal,2021-07-26,2021,07,26.17701248,NRSC VIC MODEL
Uttarakhand,Tehri Garhwal,2021-07-28,2021,07,62.76768634,NRSC VIC MODEL
Uttarakhand,Tehri Garhwal,2021-08-11,2021,08,0.640418977,NRSC VIC MODEL
Uttarakhand,Tehri Garhwal,2021-08-20,2021,08,23.02889027,NRSC VIC MODEL
Uttarakhand,Tehri Garhwal,2021-08-21,2021,08,29.55306623,NRSC VIC MODEL
Uttarakhand,Tehri Garhwal,2021-08-30,2021,08,8.884120068,NRSC VIC MODEL
Uttarakhand,Tehri Garhwal,2021-09-02,2021,09,4.304690215,NRSC VIC MODEL
Uttarakhand,Tehri Garhwal,2021-09-05,2021,09,2.978392626,NRSC VIC MODEL
Uttarakhand,Tehri Garhwal,2021-09-06,2021,09,0.150115543,NRSC VIC MODEL
Uttarakhand,Tehri Garhwal,2021-09-07,2021,09,29.50561114,NRSC VIC MODEL
Uttarakhand,Tehri Garhwal,2021-09-10,2021,09,24.95666478,NRSC VIC MODEL
Uttarakhand,Tehri Garhwal,2021-09-17,2021,09,20.45728475,NRSC VIC MODEL
Uttarakhand,Tehri Garhwal,2021-09-19,2021,09,0.185325477,NRSC VIC MODEL
Uttarakhand,Tehri Garhwal,2021-10-01,2021,10,1.158543027,NRSC VIC MODEL
Uttarakhand,Tehri Garhwal,2021-10-05,2021,10,3.67755839,NRSC VIC MODEL
Uttarakhand,Tehri Garhwal,2021-10-16,2021,10,0,NRSC VIC MODEL
Uttarakhand,Tehri Garhwal,2021-10-19,2021,10,77.03337576,NRSC VIC MODEL
Uttarakhand,Tehri Garhwal,2021-10-28,2021,10,0.344818985,NRSC VIC MODEL
Uttarakhand,Tehri Garhwal,2021-11-13,2021,11,0,NRSC VIC MODEL
Uttarakhand,Tehri Garhwal,2021-11-15,2021,11,0,NRSC VIC MODEL
Uttarakhand,Tehri Garhwal,2021-11-26,2021,11,0,NRSC VIC MODEL
Uttarakhand,Tehri Garhwal,2021-12-12,2021,12,0.020124827,NRSC VIC MODEL
Uttarakhand,Tehri Garhwal,2021-12-13,2021,12,0.043607196,NRSC VIC MODEL
Uttarakhand,Tehri Garhwal,2021-12-21,2021,12,9.53e-05,NRSC VIC MODEL
Uttarakhand,Tehri Garhwal,2021-12-31,2021,12,0,NRSC VIC MODEL
Uttarakhand,Udam Singh Nagar,2021-01-03,2021,01,8.355249665,NRSC VIC MODEL
Uttarakhand,Udam Singh Nagar,2021-01-09,2021,01,0,NRSC VIC MODEL
Uttarakhand,Udam Singh Nagar,2021-01-13,2021,01,0,NRSC VIC MODEL
Uttarakhand,Udam Singh Nagar,2021-01-19,2021,01,0,NRSC VIC MODEL
Uttarakhand,Udam Singh Nagar,2021-01-20,2021,01,0,NRSC VIC MODEL
Uttarakhand,Udam Singh Nagar,2021-01-22,2021,01,0,NRSC VIC MODEL
Uttarakhand,Udam Singh Nagar,2021-01-26,2021,01,0,NRSC VIC MODEL
Uttarakhand,Udam Singh Nagar,2021-01-29,2021,01,0,NRSC VIC MODEL
Uttarakhand,Udam Singh Nagar,2021-02-03,2021,02,0,NRSC VIC MODEL
Uttarakhand,Udam Singh Nagar,2021-02-09,2021,02,0,NRSC VIC MODEL
Uttarakhand,Udam Singh Nagar,2021-02-13,2021,02,0,NRSC VIC MODEL
Uttarakhand,Udam Singh Nagar,2021-02-16,2021,02,0,NRSC VIC MODEL
Uttarakhand,Udam Singh Nagar,2021-02-17,2021,02,0,NRSC VIC MODEL
Uttarakhand,Udam Singh Nagar,2021-02-19,2021,02,0.031548387,NRSC VIC MODEL
Uttarakhand,Udam Singh Nagar,2021-02-23,2021,02,0,NRSC VIC MODEL
Uttarakhand,Udam Singh Nagar,2021-02-27,2021,02,0.003536815,NRSC VIC MODEL
Uttarakhand,Udam Singh Nagar,2021-03-14,2021,03,0,NRSC VIC MODEL
Uttarakhand,Udam Singh Nagar,2021-03-15,2021,03,0,NRSC VIC MODEL
Uttarakhand,Udam Singh Nagar,2021-03-17,2021,03,0,NRSC VIC MODEL
Uttarakhand,Udam Singh Nagar,2021-03-18,2021,03,0,NRSC VIC MODEL
Uttarakhand,Udam Singh Nagar,2021-03-25,2021,03,0.000171788,NRSC VIC MODEL
Uttarakhand,Udam Singh Nagar,2021-03-29,2021,03,5.05e-05,NRSC VIC MODEL
Uttarakhand,Udam Singh Nagar,2021-04-17,2021,04,0.737132804,NRSC VIC MODEL
Uttarakhand,Udam Singh Nagar,2021-04-30,2021,04,12.00979982,NRSC VIC MODEL
Uttarakhand,Udam Singh Nagar,2021-05-02,2021,05,0.006719948,NRSC VIC MODEL
Uttarakhand,Udam Singh Nagar,2021-05-06,2021,05,0.086106279,NRSC VIC MODEL
Uttarakhand,Udam Singh Nagar,2021-05-28,2021,05,0.011903908,NRSC VIC MODEL
Uttarakhand,Udam Singh Nagar,2021-05-29,2021,05,0.106478331,NRSC VIC MODEL
Uttarakhand,Udam Singh Nagar,2021-05-30,2021,05,10.70172408,NRSC VIC MODEL
Uttarakhand,Udam Singh Nagar,2021-06-03,2021,06,0.864599604,NRSC VIC MODEL
Uttarakhand,Udam Singh Nagar,2021-06-05,2021,06,0.0013642,NRSC VIC MODEL
Uttarakhand,Udam Singh Nagar,2021-06-06,2021,06,0.182489531,NRSC VIC MODEL
Uttarakhand,Udam Singh Nagar,2021-06-15,2021,06,15.44558283,NRSC VIC MODEL
Uttarakhand,Udam Singh Nagar,2021-06-18,2021,06,19.72585613,NRSC VIC MODEL
Uttarakhand,Udam Singh Nagar,2021-06-30,2021,06,0.098646813,NRSC VIC MODEL
Uttarakhand,Udam Singh Nagar,2021-07-03,2021,07,3.295805994,NRSC VIC MODEL
Uttarakhand,Udam Singh Nagar,2021-07-08,2021,07,0.579805183,NRSC VIC MODEL
Uttarakhand,Udam Singh Nagar,2021-07-13,2021,07,2.025180068,NRSC VIC MODEL
Uttarakhand,Udam Singh Nagar,2021-07-18,2021,07,28.25156005,NRSC VIC MODEL
Uttarakhand,Udam Singh Nagar,2021-07-23,2021,07,30.70649342,NRSC VIC MODEL
Uttarakhand,Udam Singh Nagar,2021-07-29,2021,07,13.51710938,NRSC VIC MODEL
Uttarakhand,Udam Singh Nagar,2021-08-04,2021,08,0.112197866,NRSC VIC MODEL
Uttarakhand,Udam Singh Nagar,2021-08-05,2021,08,1.21313753,NRSC VIC MODEL
Uttarakhand,Udam Singh Nagar,2021-08-06,2021,08,1.117916374,NRSC VIC MODEL
Uttarakhand,Udam Singh Nagar,2021-08-08,2021,08,5.438893357,NRSC VIC MODEL
Uttarakhand,Udam Singh Nagar,2021-08-10,2021,08,37.40026882,NRSC VIC MODEL
Uttarakhand,Udam Singh Nagar,2021-08-11,2021,08,2.425284752,NRSC VIC MODEL
Uttarakhand,Udam Singh Nagar,2021-08-12,2021,08,5.066446564,NRSC VIC MODEL
Uttarakhand,Udam Singh Nagar,2021-08-15,2021,08,2.557440357,NRSC VIC MODEL
Uttarakhand,Udam Singh Nagar,2021-08-20,2021,08,29.70092649,NRSC VIC MODEL
Uttarakhand,Udam Singh Nagar,2021-09-07,2021,09,5.304120509,NRSC VIC MODEL
Uttarakhand,Udam Singh Nagar,2021-09-12,2021,09,31.26318804,NRSC VIC MODEL
Uttarakhand,Udam Singh Nagar,2021-09-24,2021,09,6.787460573,NRSC VIC MODEL
Uttarakhand,Udam Singh Nagar,2021-09-27,2021,09,0.202891899,NRSC VIC MODEL
Uttarakhand,Udam Singh Nagar,2021-10-04,2021,10,0.000212209,NRSC VIC MODEL
Uttarakhand,Udam Singh Nagar,2021-10-10,2021,10,0.208682169,NRSC VIC MODEL
Uttarakhand,Udam Singh Nagar,2021-10-14,2021,10,0.03202333,NRSC VIC MODEL
Uttarakhand,Udam Singh Nagar,2021-10-20,2021,10,3.0868813,NRSC VIC MODEL
Uttarakhand,Udam Singh Nagar,2021-10-28,2021,10,0.000575996,NRSC VIC MODEL
Uttarakhand,Udam Singh Nagar,2021-11-01,2021,11,0.011459279,NRSC VIC MODEL
Uttarakhand,Udam Singh Nagar,2021-11-04,2021,11,0,NRSC VIC MODEL
Uttarakhand,Udam Singh Nagar,2021-11-06,2021,11,0.010428551,NRSC VIC MODEL
Uttarakhand,Bageshwar,2021-08-17,2021,08,0.083239161,NRSC VIC MODEL
Uttarakhand,Bageshwar,2021-08-25,2021,08,8.99236554,NRSC VIC MODEL
Uttarakhand,Bageshwar,2021-08-29,2021,08,24.95172203,NRSC VIC MODEL
Uttarakhand,Bageshwar,2021-09-05,2021,09,1.340858703,NRSC VIC MODEL
Uttarakhand,Bageshwar,2021-09-09,2021,09,17.634416,NRSC VIC MODEL
Uttarakhand,Bageshwar,2021-09-12,2021,09,5.528405786,NRSC VIC MODEL
Uttarakhand,Bageshwar,2021-09-18,2021,09,0.218637382,NRSC VIC MODEL
Uttarakhand,Bageshwar,2021-09-19,2021,09,0.824807011,NRSC VIC MODEL
Uttarakhand,Bageshwar,2021-09-20,2021,09,6.530481823,NRSC VIC MODEL
Uttarakhand,Bageshwar,2021-09-25,2021,09,1.461913183,NRSC VIC MODEL
Uttarakhand,Bageshwar,2021-09-29,2021,09,4.719198642,NRSC VIC MODEL
Uttarakhand,Bageshwar,2021-10-02,2021,10,0.732140937,NRSC VIC MODEL
Uttarakhand,Bageshwar,2021-10-14,2021,10,0,NRSC VIC MODEL
Uttarakhand,Bageshwar,2021-10-17,2021,10,0.133089345,NRSC VIC MODEL
Uttarakhand,Bageshwar,2021-10-18,2021,10,60.99018727,NRSC VIC MODEL
Uttarakhand,Bageshwar,2021-10-20,2021,10,33.16106762,NRSC VIC MODEL
Uttarakhand,Bageshwar,2021-10-28,2021,10,0,NRSC VIC MODEL
Uttarakhand,Bageshwar,2021-11-01,2021,11,0,NRSC VIC MODEL
Uttarakhand,Bageshwar,2021-11-04,2021,11,0,NRSC VIC MODEL
Uttarakhand,Bageshwar,2021-11-10,2021,11,0,NRSC VIC MODEL
Uttarakhand,Bageshwar,2021-11-12,2021,11,0,NRSC VIC MODEL
Uttarakhand,Bageshwar,2021-11-28,2021,11,0,NRSC VIC MODEL
Uttarakhand,Bageshwar,2021-12-01,2021,12,0,NRSC VIC MODEL
Uttarakhand,Bageshwar,2021-12-04,2021,12,0.103097886,NRSC VIC MODEL
Uttarakhand,Bageshwar,2021-12-09,2021,12,0.019176829,NRSC VIC MODEL
Uttarakhand,Bageshwar,2021-12-11,2021,12,0,NRSC VIC MODEL
Uttarakhand,Bageshwar,2021-12-12,2021,12,0.071838339,NRSC VIC MODEL
Uttarakhand,Bageshwar,2021-12-17,2021,12,0.09106302,NRSC VIC MODEL
Uttarakhand,Bageshwar,2021-12-27,2021,12,0.000753674,NRSC VIC MODEL
Uttarakhand,Chamoli,2021-01-01,2021,01,0,NRSC VIC MODEL
Uttarakhand,Chamoli,2021-01-04,2021,01,0.000860695,NRSC VIC MODEL
Uttarakhand,Chamoli,2021-01-07,2021,01,17.58175491,NRSC VIC MODEL
Uttarakhand,Chamoli,2021-01-08,2021,01,0,NRSC VIC MODEL
Uttarakhand,Chamoli,2021-01-12,2021,01,0,NRSC VIC MODEL
Uttarakhand,Chamoli,2021-01-14,2021,01,0,NRSC VIC MODEL
Uttarakhand,Chamoli,2021-01-25,2021,01,0,NRSC VIC MODEL
Uttarakhand,Chamoli,2021-02-20,2021,02,0,NRSC VIC MODEL
Uttarakhand,Chamoli,2021-02-21,2021,02,0,NRSC VIC MODEL
Uttarakhand,Chamoli,2021-02-23,2021,02,0,NRSC VIC MODEL
Uttarakhand,Chamoli,2021-03-01,2021,03,0.169424252,NRSC VIC MODEL
Uttarakhand,Chamoli,2021-03-06,2021,03,0.00074843,NRSC VIC MODEL
Uttarakhand,Chamoli,2021-03-17,2021,03,0,NRSC VIC MODEL
Uttarakhand,Chamoli,2021-03-23,2021,03,9.803714832,NRSC VIC MODEL
Uttarakhand,Chamoli,2021-03-24,2021,03,4.102358449,NRSC VIC MODEL
Uttarakhand,Chamoli,2021-03-30,2021,03,0,NRSC VIC MODEL
Uttarakhand,Chamoli,2021-04-01,2021,04,0,NRSC VIC MODEL
Uttarakhand,Chamoli,2021-04-03,2021,04,0.049692383,NRSC VIC MODEL
Uttarakhand,Chamoli,2021-04-22,2021,04,21.20785642,NRSC VIC MODEL
Uttarakhand,Chamoli,2021-04-27,2021,04,1.04036261,NRSC VIC MODEL
Uttarakhand,Chamoli,2021-04-29,2021,04,0.815666766,NRSC VIC MODEL
Uttarakhand,Chamoli,2021-05-06,2021,05,3.613623132,NRSC VIC MODEL
Uttarakhand,Chamoli,2021-05-07,2021,05,22.12946012,NRSC VIC MODEL
Uttarakhand,Chamoli,2021-05-18,2021,05,1.085237822,NRSC VIC MODEL
Uttarakhand,Chamoli,2021-05-22,2021,05,0.894850712,NRSC VIC MODEL
Uttarakhand,Chamoli,2021-05-23,2021,05,0.000493284,NRSC VIC MODEL
Uttarakhand,Chamoli,2021-05-24,2021,05,0.96317221,NRSC VIC MODEL
Uttarakhand,Chamoli,2021-05-25,2021,05,2.56934487,NRSC VIC MODEL
Uttarakhand,Chamoli,2021-05-27,2021,05,0.000187108,NRSC VIC MODEL
Uttarakhand,Bageshwar,2021-05-04,2021,05,4.975639379,NRSC VIC MODEL
Uttarakhand,Bageshwar,2021-05-14,2021,05,2.477866401,NRSC VIC MODEL
Uttarakhand,Bageshwar,2021-05-21,2021,05,45.88221978,NRSC VIC MODEL
Uttarakhand,Bageshwar,2021-05-24,2021,05,0.155089463,NRSC VIC MODEL
Uttarakhand,Bageshwar,2021-05-25,2021,05,4.029658258,NRSC VIC MODEL
Uttarakhand,Bageshwar,2021-05-28,2021,05,0.546605418,NRSC VIC MODEL
Uttarakhand,Bageshwar,2021-05-31,2021,05,1.372692479,NRSC VIC MODEL
Uttarakhand,Bageshwar,2021-06-16,2021,06,21.6663592,NRSC VIC MODEL
Uttarakhand,Bageshwar,2021-06-17,2021,06,5.845654896,NRSC VIC MODEL
Uttarakhand,Bageshwar,2021-06-23,2021,06,6.5300033,NRSC VIC MODEL
Uttarakhand,Bageshwar,2021-06-26,2021,06,9.274694398,NRSC VIC MODEL
Uttarakhand,Bageshwar,2021-07-16,2021,07,22.28875078,NRSC VIC MODEL
Uttarakhand,Bageshwar,2021-07-19,2021,07,34.59834881,NRSC VIC MODEL
Uttarakhand,Bageshwar,2021-07-22,2021,07,33.37849673,NRSC VIC MODEL
Uttarakhand,Bageshwar,2021-07-23,2021,07,12.16244009,NRSC VIC MODEL
Uttarakhand,Bageshwar,2021-07-24,2021,07,5.365600133,NRSC VIC MODEL
Uttarakhand,Bageshwar,2021-07-31,2021,07,10.51713278,NRSC VIC MODEL
Uttarakhand,Bageshwar,2021-08-01,2021,08,7.794035057,NRSC VIC MODEL
Uttarakhand,Bageshwar,2021-08-03,2021,08,24.47603379,NRSC VIC MODEL
Uttarakhand,Bageshwar,2021-08-04,2021,08,12.11232672,NRSC VIC MODEL
Uttarakhand,Bageshwar,2021-08-08,2021,08,2.215157006,NRSC VIC MODEL
Uttarakhand,Bageshwar,2021-08-10,2021,08,7.632150561,NRSC VIC MODEL
Uttarakhand,Bageshwar,2021-08-12,2021,08,3.812420557,NRSC VIC MODEL
Uttarakhand,Haridwar,2021-03-23,2021,03,4.050461427,NRSC VIC MODEL
Uttarakhand,Haridwar,2021-03-29,2021,03,0,NRSC VIC MODEL
Uttarakhand,Haridwar,2021-03-30,2021,03,0,NRSC VIC MODEL
Uttarakhand,Haridwar,2021-04-01,2021,04,0,NRSC VIC MODEL
Uttarakhand,Haridwar,2021-04-03,2021,04,0,NRSC VIC MODEL
Uttarakhand,Haridwar,2021-04-09,2021,04,0,NRSC VIC MODEL
Uttarakhand,Haridwar,2021-04-16,2021,04,0.101675344,NRSC VIC MODEL
Uttarakhand,Haridwar,2021-04-17,2021,04,3.039622876,NRSC VIC MODEL
Uttarakhand,Haridwar,2021-04-29,2021,04,0.002197628,NRSC VIC MODEL
Uttarakhand,Haridwar,2021-04-30,2021,04,1.973376054,NRSC VIC MODEL
Uttarakhand,Haridwar,2021-05-01,2021,05,1.237907253,NRSC VIC MODEL
Uttarakhand,Haridwar,2021-05-03,2021,05,0.013910515,NRSC VIC MODEL
Uttarakhand,Haridwar,2021-05-06,2021,05,0.352052925,NRSC VIC MODEL
Uttarakhand,Haridwar,2021-05-08,2021,05,0.706420373,NRSC VIC MODEL
Uttarakhand,Haridwar,2021-05-23,2021,05,0.022443856,NRSC VIC MODEL
Uttarakhand,Haridwar,2021-06-04,2021,06,0,NRSC VIC MODEL
Uttarakhand,Haridwar,2021-06-09,2021,06,0,NRSC VIC MODEL
Uttarakhand,Haridwar,2021-06-15,2021,06,0.010812795,NRSC VIC MODEL
Uttarakhand,Haridwar,2021-06-16,2021,06,5.385917628,NRSC VIC MODEL
Uttarakhand,Haridwar,2021-06-26,2021,06,12.36578156,NRSC VIC MODEL
Uttarakhand,Haridwar,2021-07-03,2021,07,1.871840984,NRSC VIC MODEL
Uttarakhand,Haridwar,2021-07-06,2021,07,1.888416707,NRSC VIC MODEL
Uttarakhand,Haridwar,2021-07-10,2021,07,0.452641145,NRSC VIC MODEL
Uttarakhand,Haridwar,2021-07-14,2021,07,84.41813468,NRSC VIC MODEL
Uttarakhand,Haridwar,2021-07-25,2021,07,3.652433665,NRSC VIC MODEL
Uttarakhand,Haridwar,2021-07-30,2021,07,21.96407199,NRSC VIC MODEL
Uttarakhand,Haridwar,2021-08-01,2021,08,0.154395027,NRSC VIC MODEL
Uttarakhand,Haridwar,2021-08-02,2021,08,7.631250095,NRSC VIC MODEL
Uttarakhand,Haridwar,2021-08-08,2021,08,8.443717689,NRSC VIC MODEL
Uttarakhand,Haridwar,2021-08-12,2021,08,2.271014318,NRSC VIC MODEL
Uttarakhand,Haridwar,2021-08-13,2021,08,3.324893639,NRSC VIC MODEL
Uttarakhand,Haridwar,2021-08-18,2021,08,0.000187032,NRSC VIC MODEL
Uttarakhand,Haridwar,2021-08-21,2021,08,67.12081838,NRSC VIC MODEL
Uttarakhand,Haridwar,2021-08-23,2021,08,0.502146213,NRSC VIC MODEL
Uttarakhand,Haridwar,2021-08-30,2021,08,19.27128852,NRSC VIC MODEL
Uttarakhand,Haridwar,2021-09-01,2021,09,0.404585576,NRSC VIC MODEL
Uttarakhand,Haridwar,2021-09-06,2021,09,0.021952897,NRSC VIC MODEL
Uttarakhand,Haridwar,2021-09-07,2021,09,43.01955356,NRSC VIC MODEL
Uttarakhand,Haridwar,2021-09-19,2021,09,0.005856444,NRSC VIC MODEL
Uttarakhand,Haridwar,2021-09-29,2021,09,0.280781992,NRSC VIC MODEL
Uttarakhand,Haridwar,2021-10-02,2021,10,0,NRSC VIC MODEL
Uttarakhand,Haridwar,2021-10-03,2021,10,0.451589089,NRSC VIC MODEL
Uttarakhand,Haridwar,2021-10-04,2021,10,0,NRSC VIC MODEL
Uttarakhand,Haridwar,2021-10-06,2021,10,0.008135898,NRSC VIC MODEL
Uttarakhand,Haridwar,2021-10-11,2021,10,0,NRSC VIC MODEL
Uttarakhand,Haridwar,2021-10-18,2021,10,58.61964675,NRSC VIC MODEL
Uttarakhand,Haridwar,2021-10-19,2021,10,48.07334887,NRSC VIC MODEL
Uttarakhand,Haridwar,2021-10-28,2021,10,0,NRSC VIC MODEL
Uttarakhand,Haridwar,2021-11-01,2021,11,0,NRSC VIC MODEL
Uttarakhand,Haridwar,2021-11-09,2021,11,0,NRSC VIC MODEL
Uttarakhand,Haridwar,2021-11-11,2021,11,0,NRSC VIC MODEL
Uttarakhand,Haridwar,2021-11-18,2021,11,0,NRSC VIC MODEL
Uttarakhand,Haridwar,2021-11-26,2021,11,0,NRSC VIC MODEL
Uttarakhand,Haridwar,2021-12-03,2021,12,0,NRSC VIC MODEL
Uttarakhand,Haridwar,2021-12-05,2021,12,0,NRSC VIC MODEL
Uttarakhand,Haridwar,2021-12-06,2021,12,0.937358302,NRSC VIC MODEL
Uttarakhand,Haridwar,2021-12-09,2021,12,0,NRSC VIC MODEL
Uttarakhand,Haridwar,2021-12-13,2021,12,0.015172982,NRSC VIC MODEL
Uttarakhand,Haridwar,2021-12-18,2021,12,0,NRSC VIC MODEL
Uttarakhand,Haridwar,2021-12-21,2021,12,0.000631233,NRSC VIC MODEL
Uttarakhand,Haridwar,2021-12-31,2021,12,0,NRSC VIC MODEL
Uttarakhand,Nainital,2021-01-02,2021,01,0.260049421,NRSC VIC MODEL
Uttarakhand,Nainital,2021-01-04,2021,01,2.102739094,NRSC VIC MODEL
Uttarakhand,Nainital,2021-01-07,2021,01,9.109778056,NRSC VIC MODEL
Uttarakhand,Nainital,2021-01-08,2021,01,0,NRSC VIC MODEL
Uttarakhand,Nainital,2021-01-10,2021,01,0,NRSC VIC MODEL
Uttarakhand,Nainital,2021-01-16,2021,01,0,NRSC VIC MODEL
Uttarakhand,Nainital,2021-01-20,2021,01,0,NRSC VIC MODEL
Uttarakhand,Nainital,2021-01-21,2021,01,0,NRSC VIC MODEL
Uttarakhand,Nainital,2021-01-26,2021,01,0,NRSC VIC MODEL
Uttarakhand,Nainital,2021-01-30,2021,01,0,NRSC VIC MODEL
Uttarakhand,Nainital,2021-02-01,2021,02,0,NRSC VIC MODEL
Uttarakhand,Nainital,2021-02-03,2021,02,0,NRSC VIC MODEL
Uttarakhand,Nainital,2021-02-04,2021,02,0,NRSC VIC MODEL
Uttarakhand,Nainital,2021-02-07,2021,02,0,NRSC VIC MODEL
Uttarakhand,Nainital,2021-02-08,2021,02,0,NRSC VIC MODEL
Uttarakhand,Nainital,2021-02-14,2021,02,0,NRSC VIC MODEL
Uttarakhand,Nainital,2021-02-15,2021,02,0.039243196,NRSC VIC MODEL
Uttarakhand,Nainital,2021-02-26,2021,02,0,NRSC VIC MODEL
Uttarakhand,Nainital,2021-02-27,2021,02,0.377725039,NRSC VIC MODEL
Uttarakhand,Nainital,2021-03-07,2021,03,0.649701909,NRSC VIC MODEL
Uttarakhand,Nainital,2021-03-11,2021,03,1.124492635,NRSC VIC MODEL
Uttarakhand,Nainital,2021-03-12,2021,03,0,NRSC VIC MODEL
Uttarakhand,Nainital,2021-03-29,2021,03,0.00779197,NRSC VIC MODEL
Uttarakhand,Nainital,2021-03-31,2021,03,0.003427118,NRSC VIC MODEL
Uttarakhand,Nainital,2021-04-02,2021,04,0,NRSC VIC MODEL
Uttarakhand,Nainital,2021-04-03,2021,04,0.008318181,NRSC VIC MODEL
Uttarakhand,Nainital,2021-04-06,2021,04,0,NRSC VIC MODEL
Uttarakhand,Nainital,2021-04-19,2021,04,2.583945547,NRSC VIC MODEL
Uttarakhand,Nainital,2021-04-20,2021,04,0,NRSC VIC MODEL
Uttarakhand,Nainital,2021-04-26,2021,04,4.05e-05,NRSC VIC MODEL
Uttarakhand,Nainital,2021-04-28,2021,04,0.034487058,NRSC VIC MODEL
Uttarakhand,Nainital,2021-04-30,2021,04,12.48851807,NRSC VIC MODEL
Uttarakhand,Nainital,2021-05-10,2021,05,8.037791833,NRSC VIC MODEL
Uttarakhand,Nainital,2021-05-14,2021,05,1.72516922,NRSC VIC MODEL
Uttarakhand,Nainital,2021-05-20,2021,05,55.17878742,NRSC VIC MODEL
Uttarakhand,Nainital,2021-05-22,2021,05,0,NRSC VIC MODEL
Uttarakhand,Nainital,2021-05-25,2021,05,0.000269852,NRSC VIC MODEL
Uttarakhand,Nainital,2021-05-29,2021,05,0.016400242,NRSC VIC MODEL
Uttarakhand,Nainital,2021-05-31,2021,05,1.104442647,NRSC VIC MODEL
Uttarakhand,Nainital,2021-06-07,2021,06,0.302895138,NRSC VIC MODEL
Uttarakhand,Nainital,2021-07-11,2021,07,13.20902909,NRSC VIC MODEL
Uttarakhand,Nainital,2021-07-13,2021,07,27.90652016,NRSC VIC MODEL
Uttarakhand,Nainital,2021-07-16,2021,07,2.353256,NRSC VIC MODEL
Uttarakhand,Nainital,2021-07-19,2021,07,52.56549549,NRSC VIC MODEL
Uttarakhand,Nainital,2021-07-23,2021,07,13.43058415,NRSC VIC MODEL
Uttarakhand,Nainital,2021-07-28,2021,07,24.8405586,NRSC VIC MODEL
Uttarakhand,Dehradun,2021-02-13,2021,02,0,NRSC VIC MODEL
Uttarakhand,Dehradun,2021-02-17,2021,02,0.001906123,NRSC VIC MODEL
Uttarakhand,Dehradun,2021-02-21,2021,02,0,NRSC VIC MODEL
Uttarakhand,Dehradun,2021-02-23,2021,02,0,NRSC VIC MODEL
Uttarakhand,Dehradun,2021-03-01,2021,03,0,NRSC VIC MODEL
Uttarakhand,Dehradun,2021-03-03,2021,03,0.000875786,NRSC VIC MODEL
Uttarakhand,Dehradun,2021-03-07,2021,03,1.416549866,NRSC VIC MODEL
Uttarakhand,Dehradun,2021-03-14,2021,03,0,NRSC VIC MODEL
Uttarakhand,Dehradun,2021-03-18,2021,03,0,NRSC VIC MODEL
Uttarakhand,Dehradun,2021-03-21,2021,03,0,NRSC VIC MODEL
Uttarakhand,Dehradun,2021-03-23,2021,03,6.934818736,NRSC VIC MODEL
Uttarakhand,Dehradun,2021-03-24,2021,03,5.755057422,NRSC VIC MODEL
Uttarakhand,Dehradun,2021-04-02,2021,04,0.001287921,NRSC VIC MODEL
Uttarakhand,Dehradun,2021-04-06,2021,04,0.007263874,NRSC VIC MODEL
Uttarakhand,Dehradun,2021-04-13,2021,04,0.095692524,NRSC VIC MODEL
Uttarakhand,Dehradun,2021-04-15,2021,04,0.056213455,NRSC VIC MODEL
Uttarakhand,Dehradun,2021-04-18,2021,04,8.514427976,NRSC VIC MODEL
Uttarakhand,Dehradun,2021-04-19,2021,04,3.1711618,NRSC VIC MODEL
Uttarakhand,Dehradun,2021-04-20,2021,04,0,NRSC VIC MODEL
Uttarakhand,Dehradun,2021-04-26,2021,04,0.000360618,NRSC VIC MODEL
Uttarakhand,Dehradun,2021-05-05,2021,05,1.460150282,NRSC VIC MODEL
Uttarakhand,Dehradun,2021-05-06,2021,05,2.038375255,NRSC VIC MODEL
Uttarakhand,Dehradun,2021-05-08,2021,05,2.863571941,NRSC VIC MODEL
Uttarakhand,Dehradun,2021-05-09,2021,05,3.294939586,NRSC VIC MODEL
Uttarakhand,Dehradun,2021-05-19,2021,05,2.528686746,NRSC VIC MODEL
Uttarakhand,Dehradun,2021-05-21,2021,05,32.31279372,NRSC VIC MODEL
Uttarakhand,Dehradun,2021-05-24,2021,05,0.224828061,NRSC VIC MODEL
Uttarakhand,Dehradun,2021-05-27,2021,05,0,NRSC VIC MODEL
Uttarakhand,Dehradun,2021-06-13,2021,06,5.571880724,NRSC VIC MODEL
Uttarakhand,Dehradun,2021-06-18,2021,06,15.77541698,NRSC VIC MODEL
Uttarakhand,Dehradun,2021-06-23,2021,06,0.045944432,NRSC VIC MODEL
Uttarakhand,Dehradun,2021-06-28,2021,06,0.001382368,NRSC VIC MODEL
Uttarakhand,Dehradun,2021-07-02,2021,07,0.05960498,NRSC VIC MODEL
Uttarakhand,Dehradun,2021-07-09,2021,07,10.52954338,NRSC VIC MODEL
Uttarakhand,Dehradun,2021-07-11,2021,07,15.33511975,NRSC VIC MODEL
Uttarakhand,Dehradun,2021-07-22,2021,07,61.37939137,NRSC VIC MODEL
Uttarakhand,Dehradun,2021-08-01,2021,08,1.301753182,NRSC VIC MODEL
Uttarakhand,Dehradun,2021-08-05,2021,08,41.618091,NRSC VIC MODEL
Uttarakhand,Dehradun,2021-08-24,2021,08,1.481151979,NRSC VIC MODEL
Uttarakhand,Dehradun,2021-09-03,2021,09,4.212969611,NRSC VIC MODEL
Uttarakhand,Dehradun,2021-09-12,2021,09,12.95060287,NRSC VIC MODEL
Uttarakhand,Dehradun,2021-09-25,2021,09,0.055861423,NRSC VIC MODEL
Uttarakhand,Dehradun,2021-10-08,2021,10,0.014905538,NRSC VIC MODEL
Uttarakhand,Dehradun,2021-10-10,2021,10,0.054908362,NRSC VIC MODEL
Uttarakhand,Dehradun,2021-10-14,2021,10,0,NRSC VIC MODEL
Uttarakhand,Dehradun,2021-10-21,2021,10,0,NRSC VIC MODEL
Uttarakhand,Dehradun,2021-10-25,2021,10,7.704136827,NRSC VIC MODEL
Uttarakhand,Dehradun,2021-10-27,2021,10,0,NRSC VIC MODEL
Uttarakhand,Dehradun,2021-10-30,2021,10,0,NRSC VIC MODEL
Uttarakhand,Dehradun,2021-10-31,2021,10,0.000103034,NRSC VIC MODEL
Uttarakhand,Dehradun,2021-11-02,2021,11,0,NRSC VIC MODEL
Uttarakhand,Dehradun,2021-11-05,2021,11,0,NRSC VIC MODEL
Uttarakhand,Dehradun,2021-11-10,2021,11,0,NRSC VIC MODEL
Uttarakhand,Dehradun,2021-11-11,2021,11,0,NRSC VIC MODEL
Uttarakhand,Dehradun,2021-11-12,2021,11,0,NRSC VIC MODEL
Uttarakhand,Dehradun,2021-11-24,2021,11,0,NRSC VIC MODEL
Uttarakhand,Dehradun,2021-11-25,2021,11,0,NRSC VIC MODEL
Uttarakhand,Dehradun,2021-12-03,2021,12,0.246422201,NRSC VIC MODEL
Uttarakhand,Dehradun,2021-12-12,2021,12,5.15e-05,NRSC VIC MODEL
Uttarakhand,Dehradun,2021-12-13,2021,12,0.006448191,NRSC VIC MODEL
Uttarakhand,Dehradun,2021-12-25,2021,12,0,NRSC VIC MODEL
Uttarakhand,Haridwar,2021-01-03,2021,01,0.484717156,NRSC VIC MODEL
Uttarakhand,Haridwar,2021-01-04,2021,01,0,NRSC VIC MODEL
Uttarakhand,Haridwar,2021-01-08,2021,01,0,NRSC VIC MODEL
Uttarakhand,Haridwar,2021-01-22,2021,01,0,NRSC VIC MODEL
Uttarakhand,Haridwar,2021-01-23,2021,01,0,NRSC VIC MODEL
Uttarakhand,Haridwar,2021-01-24,2021,01,0,NRSC VIC MODEL
Uttarakhand,Haridwar,2021-01-29,2021,01,0,NRSC VIC MODEL
Uttarakhand,Haridwar,2021-01-30,2021,01,0,NRSC VIC MODEL
Uttarakhand,Haridwar,2021-02-10,2021,02,0,NRSC VIC MODEL
Uttarakhand,Haridwar,2021-02-18,2021,02,0,NRSC VIC MODEL
Uttarakhand,Haridwar,2021-02-22,2021,02,0,NRSC VIC MODEL
Uttarakhand,Haridwar,2021-02-27,2021,02,1.024620482,NRSC VIC MODEL
Uttarakhand,Haridwar,2021-03-03,2021,03,0,NRSC VIC MODEL
Uttarakhand,Haridwar,2021-03-09,2021,03,0.006265577,NRSC VIC MODEL
Uttarakhand,Haridwar,2021-03-13,2021,03,3.713733447,NRSC VIC MODEL
Uttarakhand,Chamoli,2021-05-31,2021,05,0.049859079,NRSC VIC MODEL
Uttarakhand,Chamoli,2021-06-01,2021,06,10.20417958,NRSC VIC MODEL
Uttarakhand,Chamoli,2021-06-08,2021,06,0.838942954,NRSC VIC MODEL
Uttarakhand,Chamoli,2021-06-14,2021,06,13.32488639,NRSC VIC MODEL
Uttarakhand,Chamoli,2021-06-16,2021,06,5.449642198,NRSC VIC MODEL
Uttarakhand,Chamoli,2021-06-21,2021,06,9.970914204,NRSC VIC MODEL
Uttarakhand,Chamoli,2021-06-22,2021,06,0.961229693,NRSC VIC MODEL
Uttarakhand,Chamoli,2021-06-29,2021,06,2.967145883,NRSC VIC MODEL
Uttarakhand,Chamoli,2021-07-01,2021,07,4.657142758,NRSC VIC MODEL
Uttarakhand,Chamoli,2021-07-10,2021,07,7.992210266,NRSC VIC MODEL
Uttarakhand,Chamoli,2021-07-11,2021,07,23.38360169,NRSC VIC MODEL
Uttarakhand,Chamoli,2021-07-18,2021,07,5.602434283,NRSC VIC MODEL
Uttarakhand,Chamoli,2021-07-20,2021,07,24.08387068,NRSC VIC MODEL
Uttarakhand,Chamoli,2021-07-21,2021,07,3.00718011,NRSC VIC MODEL
Uttarakhand,Chamoli,2021-07-24,2021,07,2.84375691,NRSC VIC MODEL
Uttarakhand,Chamoli,2021-07-25,2021,07,5.942347599,NRSC VIC MODEL
Uttarakhand,Chamoli,2021-07-26,2021,07,20.85930894,NRSC VIC MODEL
Uttarakhand,Chamoli,2021-07-27,2021,07,1.679311329,NRSC VIC MODEL
Uttarakhand,Chamoli,2021-08-02,2021,08,3.263088907,NRSC VIC MODEL
Uttarakhand,Chamoli,2021-08-08,2021,08,2.100851196,NRSC VIC MODEL
Uttarakhand,Chamoli,2021-08-18,2021,08,0.019972888,NRSC VIC MODEL
Uttarakhand,Chamoli,2021-08-19,2021,08,2.904869662,NRSC VIC MODEL
Uttarakhand,Chamoli,2021-08-22,2021,08,0.956041709,NRSC VIC MODEL
Uttarakhand,Chamoli,2021-08-31,2021,08,7.486587636,NRSC VIC MODEL
Uttarakhand,Chamoli,2021-09-07,2021,09,32.2853217,NRSC VIC MODEL
Uttarakhand,Chamoli,2021-09-13,2021,09,3.174304639,NRSC VIC MODEL
Uttarakhand,Chamoli,2021-09-24,2021,09,4.371184476,NRSC VIC MODEL
Uttarakhand,Chamoli,2021-09-28,2021,09,4.091206835,NRSC VIC MODEL
Uttarakhand,Chamoli,2021-09-29,2021,09,2.455491582,NRSC VIC MODEL
Uttarakhand,Chamoli,2021-10-07,2021,10,0,NRSC VIC MODEL
Uttarakhand,Chamoli,2021-10-10,2021,10,0,NRSC VIC MODEL
Uttarakhand,Chamoli,2021-10-19,2021,10,119.6992646,NRSC VIC MODEL
Uttarakhand,Chamoli,2021-10-29,2021,10,0.005470347,NRSC VIC MODEL
Uttarakhand,Chamoli,2021-11-01,2021,11,0,NRSC VIC MODEL
Uttarakhand,Chamoli,2021-11-04,2021,11,0,NRSC VIC MODEL
Uttarakhand,Chamoli,2021-11-06,2021,11,0,NRSC VIC MODEL
Uttarakhand,Chamoli,2021-11-18,2021,11,0,NRSC VIC MODEL
Uttarakhand,Chamoli,2021-11-19,2021,11,0,NRSC VIC MODEL
Uttarakhand,Chamoli,2021-11-22,2021,11,0.024055236,NRSC VIC MODEL
Uttarakhand,Chamoli,2021-11-30,2021,11,0.023817099,NRSC VIC MODEL
Uttarakhand,Chamoli,2021-12-20,2021,12,0.016883912,NRSC VIC MODEL
Uttarakhand,Champawat,2021-01-03,2021,01,20.59057487,NRSC VIC MODEL
Uttarakhand,Champawat,2021-01-07,2021,01,7.094371513,NRSC VIC MODEL
Uttarakhand,Champawat,2021-01-15,2021,01,0,NRSC VIC MODEL
Uttarakhand,Champawat,2021-02-14,2021,02,0,NRSC VIC MODEL
Uttarakhand,Champawat,2021-02-22,2021,02,0,NRSC VIC MODEL
Uttarakhand,Champawat,2021-02-23,2021,02,0,NRSC VIC MODEL
Uttarakhand,Champawat,2021-02-28,2021,02,0.076745861,NRSC VIC MODEL
Uttarakhand,Champawat,2021-03-15,2021,03,0.000304487,NRSC VIC MODEL
Uttarakhand,Champawat,2021-03-16,2021,03,0,NRSC VIC MODEL
Uttarakhand,Champawat,2021-03-18,2021,03,0,NRSC VIC MODEL
Uttarakhand,Champawat,2021-03-31,2021,03,0.016137793,NRSC VIC MODEL
Uttarakhand,Champawat,2021-04-13,2021,04,0,NRSC VIC MODEL
Uttarakhand,Champawat,2021-04-21,2021,04,3.36855105,NRSC VIC MODEL
Uttarakhand,Champawat,2021-04-24,2021,04,7.973637616,NRSC VIC MODEL
Uttarakhand,Champawat,2021-04-29,2021,04,0,NRSC VIC MODEL
Uttarakhand,Champawat,2021-05-05,2021,05,4.689931772,NRSC VIC MODEL
Uttarakhand,Champawat,2021-05-06,2021,05,6.552217805,NRSC VIC MODEL
Uttarakhand,Champawat,2021-05-07,2021,05,15.7096234,NRSC VIC MODEL
Uttarakhand,Champawat,2021-05-10,2021,05,13.27756672,NRSC VIC MODEL
Uttarakhand,Champawat,2021-05-17,2021,05,0,NRSC VIC MODEL
Uttarakhand,Champawat,2021-05-18,2021,05,2.030088627,NRSC VIC MODEL
Uttarakhand,Champawat,2021-05-20,2021,05,84.79362541,NRSC VIC MODEL
Uttarakhand,Champawat,2021-05-22,2021,05,0,NRSC VIC MODEL
Uttarakhand,Champawat,2021-05-26,2021,05,0.001278844,NRSC VIC MODEL
Uttarakhand,Champawat,2021-05-27,2021,05,0,NRSC VIC MODEL
Uttarakhand,Champawat,2021-05-28,2021,05,0.000852563,NRSC VIC MODEL
Uttarakhand,Champawat,2021-06-14,2021,06,3.484682259,NRSC VIC MODEL
Uttarakhand,Champawat,2021-06-18,2021,06,19.87213862,NRSC VIC MODEL
Uttarakhand,Champawat,2021-06-21,2021,06,3.188431971,NRSC VIC MODEL
Uttarakhand,Champawat,2021-06-25,2021,06,7.556292987,NRSC VIC MODEL
Uttarakhand,Champawat,2021-06-26,2021,06,10.77136754,NRSC VIC MODEL
Uttarakhand,Champawat,2021-07-05,2021,07,0.757440994,NRSC VIC MODEL
Uttarakhand,Champawat,2021-07-06,2021,07,3.981741493,NRSC VIC MODEL
Uttarakhand,Champawat,2021-07-08,2021,07,0.982076021,NRSC VIC MODEL
Uttarakhand,Champawat,2021-07-20,2021,07,37.96956157,NRSC VIC MODEL
Uttarakhand,Champawat,2021-07-22,2021,07,69.55291145,NRSC VIC MODEL
Uttarakhand,Champawat,2021-08-02,2021,08,4.006359239,NRSC VIC MODEL
Uttarakhand,Champawat,2021-08-04,2021,08,0.904112214,NRSC VIC MODEL
Uttarakhand,Champawat,2021-08-08,2021,08,3.121703722,NRSC VIC MODEL
Uttarakhand,Champawat,2021-08-10,2021,08,6.602625571,NRSC VIC MODEL
Uttarakhand,Champawat,2021-08-11,2021,08,2.445393196,NRSC VIC MODEL
Uttarakhand,Champawat,2021-08-14,2021,08,14.69429744,NRSC VIC MODEL
Uttarakhand,Champawat,2021-08-18,2021,08,4.925969824,NRSC VIC MODEL
Uttarakhand,Champawat,2021-08-19,2021,08,1.584868245,NRSC VIC MODEL
Uttarakhand,Champawat,2021-08-21,2021,08,1.875668222,NRSC VIC MODEL
Uttarakhand,Champawat,2021-08-22,2021,08,1.677736674,NRSC VIC MODEL
Uttarakhand,Champawat,2021-08-28,2021,08,4.807874676,NRSC VIC MODEL
Uttarakhand,Champawat,2021-09-03,2021,09,0.584203314,NRSC VIC MODEL
Uttarakhand,Champawat,2021-09-06,2021,09,0,NRSC VIC MODEL
Uttarakhand,Champawat,2021-09-09,2021,09,16.78959188,NRSC VIC MODEL
Uttarakhand,Champawat,2021-09-13,2021,09,1.257408076,NRSC VIC MODEL
Uttarakhand,Champawat,2021-09-15,2021,09,0.206563744,NRSC VIC MODEL
Uttarakhand,Champawat,2021-09-26,2021,09,0.044789986,NRSC VIC MODEL
Uttarakhand,Champawat,2021-09-28,2021,09,0.019334902,NRSC VIC MODEL
Uttarakhand,Champawat,2021-09-29,2021,09,3.213308531,NRSC VIC MODEL
Uttarakhand,Champawat,2021-10-01,2021,10,1.514592726,NRSC VIC MODEL
Uttarakhand,Champawat,2021-10-03,2021,10,4.120222022,NRSC VIC MODEL
Uttarakhand,Champawat,2021-10-05,2021,10,0.031757958,NRSC VIC MODEL
Uttarakhand,Champawat,2021-10-08,2021,10,0,NRSC VIC MODEL
Uttarakhand,Champawat,2021-10-15,2021,10,0,NRSC VIC MODEL
Uttarakhand,Champawat,2021-10-17,2021,10,0.027190658,NRSC VIC MODEL
Uttarakhand,Champawat,2021-10-18,2021,10,134.505395,NRSC VIC MODEL
Uttarakhand,Champawat,2021-10-24,2021,10,0.001583331,NRSC VIC MODEL
Uttarakhand,Champawat,2021-11-03,2021,11,0.03946147,NRSC VIC MODEL
Uttarakhand,Champawat,2021-11-08,2021,11,0.047423796,NRSC VIC MODEL
Uttarakhand,Champawat,2021-11-09,2021,11,0,NRSC VIC MODEL
Uttarakhand,Champawat,2021-11-12,2021,11,0,NRSC VIC MODEL
Uttarakhand,Champawat,2021-11-14,2021,11,0,NRSC VIC MODEL
Uttarakhand,Champawat,2021-11-29,2021,11,0,NRSC VIC MODEL
Uttarakhand,Champawat,2021-11-30,2021,11,0,NRSC VIC MODEL
Uttarakhand,Champawat,2021-12-03,2021,12,0.007612166,NRSC VIC MODEL
Uttarakhand,Champawat,2021-12-11,2021,12,0,NRSC VIC MODEL
Uttarakhand,Champawat,2021-12-19,2021,12,0,NRSC VIC MODEL
Uttarakhand,Champawat,2021-12-20,2021,12,0,NRSC VIC MODEL
Uttarakhand,Champawat,2021-12-29,2021,12,3.21938304,NRSC VIC MODEL
Uttarakhand,Champawat,2021-12-31,2021,12,0,NRSC VIC MODEL
Uttarakhand,Dehradun,2021-01-05,2021,01,1.809322814,NRSC VIC MODEL
Uttarakhand,Dehradun,2021-01-06,2021,01,0,NRSC VIC MODEL
Uttarakhand,Dehradun,2021-01-10,2021,01,0,NRSC VIC MODEL
Uttarakhand,Dehradun,2021-01-15,2021,01,0,NRSC VIC MODEL
Uttarakhand,Almora,2021-01-04,2021,01,0.941924629,NRSC VIC MODEL
Uttarakhand,Almora,2021-01-05,2021,01,1.462966821,NRSC VIC MODEL
Uttarakhand,Almora,2021-01-06,2021,01,0,NRSC VIC MODEL
Uttarakhand,Almora,2021-01-07,2021,01,8.163932318,NRSC VIC MODEL
Uttarakhand,Almora,2021-01-11,2021,01,0,NRSC VIC MODEL
Uttarakhand,Almora,2021-01-24,2021,01,0,NRSC VIC MODEL
Uttarakhand,Almora,2021-01-31,2021,01,0,NRSC VIC MODEL
Uttarakhand,Almora,2021-02-03,2021,02,0,NRSC VIC MODEL
Uttarakhand,Almora,2021-02-04,2021,02,0.000383721,NRSC VIC MODEL
Uttarakhand,Almora,2021-02-08,2021,02,0,NRSC VIC MODEL
Uttarakhand,Almora,2021-02-10,2021,02,0,NRSC VIC MODEL
Uttarakhand,Almora,2021-02-11,2021,02,8.53e-05,NRSC VIC MODEL
Uttarakhand,Almora,2021-02-13,2021,02,0,NRSC VIC MODEL
Uttarakhand,Almora,2021-02-19,2021,02,1.684246031,NRSC VIC MODEL
Uttarakhand,Almora,2021-02-21,2021,02,0,NRSC VIC MODEL
Uttarakhand,Almora,2021-02-23,2021,02,0,NRSC VIC MODEL
Uttarakhand,Almora,2021-03-08,2021,03,2.714238934,NRSC VIC MODEL
Uttarakhand,Almora,2021-03-13,2021,03,0.547186394,NRSC VIC MODEL
Uttarakhand,Almora,2021-03-14,2021,03,0,NRSC VIC MODEL
Uttarakhand,Almora,2021-03-19,2021,03,0,NRSC VIC MODEL
Uttarakhand,Almora,2021-03-23,2021,03,3.176537677,NRSC VIC MODEL
Uttarakhand,Almora,2021-03-28,2021,03,0.015911638,NRSC VIC MODEL
Uttarakhand,Almora,2021-03-29,2021,03,0.099238823,NRSC VIC MODEL
Uttarakhand,Almora,2021-03-30,2021,03,0,NRSC VIC MODEL
Uttarakhand,Almora,2021-04-01,2021,04,0,NRSC VIC MODEL
Uttarakhand,Almora,2021-04-19,2021,04,2.04588192,NRSC VIC MODEL
Uttarakhand,Almora,2021-04-26,2021,04,0.001824807,NRSC VIC MODEL
Uttarakhand,Almora,2021-05-02,2021,05,1.107837138,NRSC VIC MODEL
Uttarakhand,Almora,2021-05-04,2021,05,1.984247772,NRSC VIC MODEL
Uttarakhand,Almora,2021-05-06,2021,05,3.400929292,NRSC VIC MODEL
Uttarakhand,Almora,2021-05-10,2021,05,4.520150158,NRSC VIC MODEL
Uttarakhand,Almora,2021-05-22,2021,05,0,NRSC VIC MODEL
Uttarakhand,Almora,2021-05-25,2021,05,0.021522494,NRSC VIC MODEL
Uttarakhand,Almora,2021-05-31,2021,05,0.675707406,NRSC VIC MODEL
Uttarakhand,Almora,2021-06-04,2021,06,0.000324031,NRSC VIC MODEL
Uttarakhand,Almora,2021-06-06,2021,06,0.658499643,NRSC VIC MODEL
Uttarakhand,Almora,2021-06-08,2021,06,2.556120229,NRSC VIC MODEL
Uttarakhand,Almora,2021-07-06,2021,07,0.815774162,NRSC VIC MODEL
Uttarakhand,Almora,2021-07-20,2021,07,59.52186495,NRSC VIC MODEL
Uttarakhand,Almora,2021-07-28,2021,07,36.7440652,NRSC VIC MODEL
Uttarakhand,Almora,2021-08-01,2021,08,1.093639454,NRSC VIC MODEL
Uttarakhand,Almora,2021-08-09,2021,08,10.04564979,NRSC VIC MODEL
Uttarakhand,Almora,2021-08-19,2021,08,1.912150827,NRSC VIC MODEL
Uttarakhand,Almora,2021-08-21,2021,08,9.610509981,NRSC VIC MODEL
Uttarakhand,Almora,2021-09-04,2021,09,2.118823052,NRSC VIC MODEL
Uttarakhand,Almora,2021-09-11,2021,09,0.861010625,NRSC VIC MODEL
Uttarakhand,Almora,2021-09-14,2021,09,4.886697678,NRSC VIC MODEL
Uttarakhand,Almora,2021-09-16,2021,09,1.692986347,NRSC VIC MODEL
Uttarakhand,Almora,2021-09-24,2021,09,6.2363559,NRSC VIC MODEL
Uttarakhand,Almora,2021-09-25,2021,09,9.716724002,NRSC VIC MODEL
Uttarakhand,Almora,2021-09-27,2021,09,0.510434433,NRSC VIC MODEL
Uttarakhand,Almora,2021-10-05,2021,10,0.302781588,NRSC VIC MODEL
Uttarakhand,Almora,2021-10-17,2021,10,1.20821007,NRSC VIC MODEL
Uttarakhand,Almora,2021-10-20,2021,10,36.59629844,NRSC VIC MODEL
Uttarakhand,Almora,2021-10-22,2021,10,0,NRSC VIC MODEL
Uttarakhand,Almora,2021-11-05,2021,11,0,NRSC VIC MODEL
Uttarakhand,Almora,2021-11-09,2021,11,3.41e-05,NRSC VIC MODEL
Uttarakhand,Almora,2021-11-17,2021,11,0,NRSC VIC MODEL
Uttarakhand,Almora,2021-11-18,2021,11,0,NRSC VIC MODEL
Uttarakhand,Almora,2021-11-20,2021,11,0.883905988,NRSC VIC MODEL
Uttarakhand,Almora,2021-11-21,2021,11,0.121085348,NRSC VIC MODEL
Uttarakhand,Almora,2021-11-24,2021,11,0,NRSC VIC MODEL
Uttarakhand,Almora,2021-11-27,2021,11,0,NRSC VIC MODEL
Uttarakhand,Almora,2021-12-11,2021,12,0,NRSC VIC MODEL
Uttarakhand,Almora,2021-12-12,2021,12,3.41e-05,NRSC VIC MODEL
Uttarakhand,Almora,2021-12-15,2021,12,0,NRSC VIC MODEL
Uttarakhand,Almora,2021-12-16,2021,12,0,NRSC VIC MODEL
Uttarakhand,Almora,2021-12-25,2021,12,0,NRSC VIC MODEL
Uttarakhand,Almora,2021-12-26,2021,12,0,NRSC VIC MODEL
Uttarakhand,Almora,2021-12-31,2021,12,0,NRSC VIC MODEL
Uttarakhand,Bageshwar,2021-01-03,2021,01,7.612339689,NRSC VIC MODEL
Uttarakhand,Bageshwar,2021-01-04,2021,01,0.138939295,NRSC VIC MODEL
Uttarakhand,Bageshwar,2021-01-10,2021,01,0,NRSC VIC MODEL
Uttarakhand,Bageshwar,2021-01-11,2021,01,0,NRSC VIC MODEL
Uttarakhand,Bageshwar,2021-01-12,2021,01,0,NRSC VIC MODEL
Uttarakhand,Bageshwar,2021-01-15,2021,01,0,NRSC VIC MODEL
Uttarakhand,Bageshwar,2021-01-22,2021,01,0,NRSC VIC MODEL
Uttarakhand,Bageshwar,2021-01-23,2021,01,0,NRSC VIC MODEL
Uttarakhand,Bageshwar,2021-01-30,2021,01,0,NRSC VIC MODEL
Uttarakhand,Bageshwar,2021-02-02,2021,02,0,NRSC VIC MODEL
Uttarakhand,Bageshwar,2021-02-05,2021,02,7.599539185,NRSC VIC MODEL
Uttarakhand,Bageshwar,2021-02-13,2021,02,0,NRSC VIC MODEL
Uttarakhand,Bageshwar,2021-02-21,2021,02,0,NRSC VIC MODEL
Uttarakhand,Bageshwar,2021-02-22,2021,02,0,NRSC VIC MODEL
Uttarakhand,Bageshwar,2021-02-27,2021,02,0.226772281,NRSC VIC MODEL
Uttarakhand,Bageshwar,2021-03-04,2021,03,0.053714262,NRSC VIC MODEL
Uttarakhand,Bageshwar,2021-03-07,2021,03,1.106430047,NRSC VIC MODEL
Uttarakhand,Bageshwar,2021-03-09,2021,03,6.982806151,NRSC VIC MODEL
Uttarakhand,Bageshwar,2021-03-30,2021,03,0,NRSC VIC MODEL
Uttarakhand,Bageshwar,2021-04-06,2021,04,0,NRSC VIC MODEL
Uttarakhand,Bageshwar,2021-04-07,2021,04,4.326773492,NRSC VIC MODEL
Uttarakhand,Bageshwar,2021-04-09,2021,04,0.656187296,NRSC VIC MODEL
Uttarakhand,Bageshwar,2021-04-15,2021,04,0,NRSC VIC MODEL
Uttarakhand,Bageshwar,2021-04-16,2021,04,1.013261523,NRSC VIC MODEL
Uttarakhand,Bageshwar,2021-04-24,2021,04,28.98849832,NRSC VIC MODEL
Uttarakhand,Bageshwar,2021-04-30,2021,04,3.568708545,NRSC VIC MODEL
Uttarakhand,Udam Singh Nagar,2021-11-09,2021,11,0,NRSC VIC MODEL
Uttarakhand,Udam Singh Nagar,2021-11-13,2021,11,0,NRSC VIC MODEL
Uttarakhand,Udam Singh Nagar,2021-11-14,2021,11,0,NRSC VIC MODEL
Uttarakhand,Udam Singh Nagar,2021-11-18,2021,11,0,NRSC VIC MODEL
Uttarakhand,Udam Singh Nagar,2021-11-26,2021,11,0.015986402,NRSC VIC MODEL
Uttarakhand,Udam Singh Nagar,2021-11-28,2021,11,0,NRSC VIC MODEL
Uttarakhand,Udam Singh Nagar,2021-12-22,2021,12,0,NRSC VIC MODEL
Uttarakhand,Udam Singh Nagar,2021-12-25,2021,12,0,NRSC VIC MODEL
Uttarakhand,Udam Singh Nagar,2021-01-06,2021,01,0,NRSC VIC MODEL
Uttarakhand,Udam Singh Nagar,2021-07-06,2021,07,3.199402532,NRSC VIC MODEL
Uttarakhand,Udam Singh Nagar,2021-07-31,2021,07,1.255589411,NRSC VIC MODEL
Uttarakhand,Uttar Kashi,2021-01-02,2021,01,0,NRSC VIC MODEL
Uttarakhand,Uttar Kashi,2021-01-06,2021,01,0.01009059,NRSC VIC MODEL
Uttarakhand,Uttar Kashi,2021-01-07,2021,01,10.49137732,NRSC VIC MODEL
Uttarakhand,Uttar Kashi,2021-01-20,2021,01,0,NRSC VIC MODEL
Uttarakhand,Uttar Kashi,2021-01-28,2021,01,0,NRSC VIC MODEL
Uttarakhand,Uttar Kashi,2021-01-29,2021,01,0,NRSC VIC MODEL
Uttarakhand,Uttar Kashi,2021-01-30,2021,01,0,NRSC VIC MODEL
Uttarakhand,Uttar Kashi,2021-02-03,2021,02,0,NRSC VIC MODEL
Uttarakhand,Uttar Kashi,2021-02-10,2021,02,0,NRSC VIC MODEL
Uttarakhand,Uttar Kashi,2021-02-23,2021,02,0,NRSC VIC MODEL
Uttarakhand,Uttar Kashi,2021-02-25,2021,02,0.145743013,NRSC VIC MODEL
Uttarakhand,Uttar Kashi,2021-02-27,2021,02,10.08752153,NRSC VIC MODEL
Uttarakhand,Uttar Kashi,2021-03-13,2021,03,0.647625467,NRSC VIC MODEL
Uttarakhand,Uttar Kashi,2021-03-14,2021,03,0.043370961,NRSC VIC MODEL
Uttarakhand,Uttar Kashi,2021-03-15,2021,03,0.135168128,NRSC VIC MODEL
Uttarakhand,Uttar Kashi,2021-03-17,2021,03,0,NRSC VIC MODEL
Uttarakhand,Uttar Kashi,2021-04-01,2021,04,0.005513005,NRSC VIC MODEL
Uttarakhand,Uttar Kashi,2021-04-13,2021,04,0.25539608,NRSC VIC MODEL
Uttarakhand,Uttar Kashi,2021-04-14,2021,04,0.767053999,NRSC VIC MODEL
Uttarakhand,Uttar Kashi,2021-04-15,2021,04,1.869333182,NRSC VIC MODEL
Uttarakhand,Uttar Kashi,2021-04-23,2021,04,13.2085821,NRSC VIC MODEL
Uttarakhand,Uttar Kashi,2021-04-27,2021,04,1.015951898,NRSC VIC MODEL
Uttarakhand,Uttar Kashi,2021-04-28,2021,04,4.839015001,NRSC VIC MODEL
Uttarakhand,Uttar Kashi,2021-05-15,2021,05,0.461865072,NRSC VIC MODEL
Uttarakhand,Uttar Kashi,2021-05-19,2021,05,1.445332701,NRSC VIC MODEL
Uttarakhand,Uttar Kashi,2021-05-21,2021,05,17.96808644,NRSC VIC MODEL
Uttarakhand,Uttar Kashi,2021-05-22,2021,05,2.088506632,NRSC VIC MODEL
Uttarakhand,Uttar Kashi,2021-05-24,2021,05,0.203782149,NRSC VIC MODEL
Uttarakhand,Uttar Kashi,2021-05-26,2021,05,0.37180606,NRSC VIC MODEL
Uttarakhand,Uttar Kashi,2021-06-04,2021,06,0.516683312,NRSC VIC MODEL
Uttarakhand,Uttar Kashi,2021-06-06,2021,06,3.061236839,NRSC VIC MODEL
Uttarakhand,Uttar Kashi,2021-06-12,2021,06,20.37003492,NRSC VIC MODEL
Uttarakhand,Uttar Kashi,2021-06-16,2021,06,2.216997456,NRSC VIC MODEL
Uttarakhand,Uttar Kashi,2021-06-20,2021,06,4.372190879,NRSC VIC MODEL
Uttarakhand,Uttar Kashi,2021-07-05,2021,07,3.688558393,NRSC VIC MODEL
Uttarakhand,Uttar Kashi,2021-07-10,2021,07,4.347050649,NRSC VIC MODEL
Uttarakhand,Uttar Kashi,2021-07-11,2021,07,6.593125722,NRSC VIC MODEL
Uttarakhand,Uttar Kashi,2021-07-28,2021,07,21.22723086,NRSC VIC MODEL
Uttarakhand,Uttar Kashi,2021-08-04,2021,08,5.793418282,NRSC VIC MODEL
Uttarakhand,Uttar Kashi,2021-08-07,2021,08,1.266949516,NRSC VIC MODEL
Uttarakhand,Uttar Kashi,2021-08-12,2021,08,0.858164529,NRSC VIC MODEL
Uttarakhand,Uttar Kashi,2021-08-16,2021,08,0.73276855,NRSC VIC MODEL
Uttarakhand,Uttar Kashi,2021-08-18,2021,08,0.026344334,NRSC VIC MODEL
Uttarakhand,Uttar Kashi,2021-08-25,2021,08,3.562299971,NRSC VIC MODEL
Uttarakhand,Uttar Kashi,2021-09-10,2021,09,10.70116008,NRSC VIC MODEL
Uttarakhand,Uttar Kashi,2021-09-12,2021,09,9.95523927,NRSC VIC MODEL
Uttarakhand,Uttar Kashi,2021-09-13,2021,09,1.412476918,NRSC VIC MODEL
Uttarakhand,Uttar Kashi,2021-09-26,2021,09,1.356308621,NRSC VIC MODEL
Uttarakhand,Uttar Kashi,2021-10-01,2021,10,2.654773815,NRSC VIC MODEL
Uttarakhand,Uttar Kashi,2021-10-10,2021,10,0.000673369,NRSC VIC MODEL
Uttarakhand,Uttar Kashi,2021-10-14,2021,10,0,NRSC VIC MODEL
Uttarakhand,Uttar Kashi,2021-10-19,2021,10,62.10148032,NRSC VIC MODEL
Uttarakhand,Uttar Kashi,2021-10-23,2021,10,1.415959863,NRSC VIC MODEL
Uttarakhand,Uttar Kashi,2021-10-25,2021,10,3.76506709,NRSC VIC MODEL
Uttarakhand,Uttar Kashi,2021-11-10,2021,11,0.07844256,NRSC VIC MODEL
Uttarakhand,Uttar Kashi,2021-11-14,2021,11,0.566582307,NRSC VIC MODEL
Uttarakhand,Uttar Kashi,2021-11-24,2021,11,0,NRSC VIC MODEL
Uttarakhand,Uttar Kashi,2021-11-28,2021,11,0,NRSC VIC MODEL
Uttarakhand,Uttar Kashi,2021-11-29,2021,11,0,NRSC VIC MODEL
Uttarakhand,Uttar Kashi,2021-12-02,2021,12,0,NRSC VIC MODEL
Uttarakhand,Uttar Kashi,2021-12-03,2021,12,0.110790829,NRSC VIC MODEL
Uttarakhand,Uttar Kashi,2021-12-08,2021,12,0.013550315,NRSC VIC MODEL
Uttarakhand,Uttar Kashi,2021-12-09,2021,12,0.079417785,NRSC VIC MODEL
Uttarakhand,Uttar Kashi,2021-12-18,2021,12,0.216579484,NRSC VIC MODEL
Uttarakhand,Uttar Kashi,2021-12-19,2021,12,0.41368433,NRSC VIC MODEL
Uttarakhand,Uttar Kashi,2021-12-22,2021,12,0,NRSC VIC MODEL
Uttarakhand,Uttar Kashi,2021-12-30,2021,12,0,NRSC VIC MODEL
Uttarakhand,Nainital,2021-06-25,2021,06,3.853935519,NRSC VIC MODEL
Uttarakhand,Nainital,2021-06-26,2021,06,21.84419182,NRSC VIC MODEL
Uttarakhand,Nainital,2021-06-30,2021,06,0.151528525,NRSC VIC MODEL
Uttarakhand,Nainital,2021-07-03,2021,07,5.12050512,NRSC VIC MODEL
Uttarakhand,Nainital,2021-07-05,2021,07,0.389659234,NRSC VIC MODEL
Uttarakhand,Nainital,2021-07-06,2021,07,8.578541082,NRSC VIC MODEL
Uttarakhand,Nainital,2021-07-08,2021,07,0.004466047,NRSC VIC MODEL
Uttarakhand,Nainital,2021-07-09,2021,07,5.604066029,NRSC VIC MODEL
Uttarakhand,Nainital,2021-07-12,2021,07,41.11116415,NRSC VIC MODEL
Uttarakhand,Nainital,2021-07-14,2021,07,14.14806608,NRSC VIC MODEL
Uttarakhand,Dehradun,2021-02-27,2021,02,10.02606934,NRSC VIC MODEL
Uttarakhand,Dehradun,2021-03-02,2021,03,0,NRSC VIC MODEL
Uttarakhand,Dehradun,2021-03-12,2021,03,8.59e-06,NRSC VIC MODEL
Uttarakhand,Dehradun,2021-03-13,2021,03,0.671736617,NRSC VIC MODEL
Uttarakhand,Dehradun,2021-03-15,2021,03,0,NRSC VIC MODEL
Uttarakhand,Dehradun,2021-03-17,2021,03,0,NRSC VIC MODEL
Uttarakhand,Dehradun,2021-04-11,2021,04,0.000927303,NRSC VIC MODEL
Uttarakhand,Dehradun,2021-04-14,2021,04,0,NRSC VIC MODEL
Uttarakhand,Dehradun,2021-04-22,2021,04,15.74403464,NRSC VIC MODEL
Uttarakhand,Dehradun,2021-04-25,2021,04,1.699798019,NRSC VIC MODEL
Uttarakhand,Dehradun,2021-05-17,2021,05,0,NRSC VIC MODEL
Uttarakhand,Dehradun,2021-05-18,2021,05,0.002781909,NRSC VIC MODEL
Uttarakhand,Dehradun,2021-05-20,2021,05,50.7548767,NRSC VIC MODEL
Uttarakhand,Dehradun,2021-05-26,2021,05,0.005641094,NRSC VIC MODEL
Uttarakhand,Dehradun,2021-06-01,2021,06,16.60562797,NRSC VIC MODEL
Uttarakhand,Dehradun,2021-06-03,2021,06,7.078258781,NRSC VIC MODEL
Uttarakhand,Dehradun,2021-06-10,2021,06,33.62323608,NRSC VIC MODEL
Uttarakhand,Dehradun,2021-06-17,2021,06,18.47452142,NRSC VIC MODEL
Uttarakhand,Dehradun,2021-06-24,2021,06,1.843993645,NRSC VIC MODEL
Uttarakhand,Dehradun,2021-07-03,2021,07,3.410328713,NRSC VIC MODEL
Uttarakhand,Dehradun,2021-07-07,2021,07,5.93932456,NRSC VIC MODEL
Uttarakhand,Dehradun,2021-07-08,2021,07,0.205655211,NRSC VIC MODEL
Uttarakhand,Dehradun,2021-07-13,2021,07,47.69404679,NRSC VIC MODEL
Uttarakhand,Dehradun,2021-07-15,2021,07,8.350673125,NRSC VIC MODEL
Uttarakhand,Dehradun,2021-07-19,2021,07,61.12555933,NRSC VIC MODEL
Uttarakhand,Dehradun,2021-07-24,2021,07,3.997363065,NRSC VIC MODEL
Uttarakhand,Dehradun,2021-07-25,2021,07,6.315981324,NRSC VIC MODEL
Uttarakhand,Dehradun,2021-07-27,2021,07,7.178390339,NRSC VIC MODEL
Uttarakhand,Dehradun,2021-07-28,2021,07,83.80131311,NRSC VIC MODEL
Uttarakhand,Dehradun,2021-08-04,2021,08,28.37690741,NRSC VIC MODEL
Uttarakhand,Dehradun,2021-08-07,2021,08,3.620045168,NRSC VIC MODEL
Uttarakhand,Dehradun,2021-08-13,2021,08,8.079565773,NRSC VIC MODEL
Uttarakhand,Dehradun,2021-08-14,2021,08,13.88389046,NRSC VIC MODEL
Uttarakhand,Dehradun,2021-08-19,2021,08,17.10592514,NRSC VIC MODEL
Uttarakhand,Dehradun,2021-08-25,2021,08,22.17325855,NRSC VIC MODEL
Uttarakhand,Dehradun,2021-08-27,2021,08,33.39588369,NRSC VIC MODEL
Uttarakhand,Dehradun,2021-08-31,2021,08,2.5770954,NRSC VIC MODEL
Uttarakhand,Dehradun,2021-09-01,2021,09,2.947922175,NRSC VIC MODEL
Uttarakhand,Dehradun,2021-09-05,2021,09,14.49135124,NRSC VIC MODEL
Uttarakhand,Dehradun,2021-09-11,2021,09,8.549356391,NRSC VIC MODEL
Uttarakhand,Dehradun,2021-09-22,2021,09,15.70725161,NRSC VIC MODEL
Uttarakhand,Dehradun,2021-09-26,2021,09,1.621260602,NRSC VIC MODEL
Uttarakhand,Dehradun,2021-09-27,2021,09,0.328565797,NRSC VIC MODEL
Uttarakhand,Dehradun,2021-09-29,2021,09,2.104445598,NRSC VIC MODEL
Uttarakhand,Dehradun,2021-09-30,2021,09,20.84917282,NRSC VIC MODEL
Uttarakhand,Dehradun,2021-10-05,2021,10,3.342446695,NRSC VIC MODEL
Uttarakhand,Dehradun,2021-10-15,2021,10,0,NRSC VIC MODEL
Uttarakhand,Dehradun,2021-10-16,2021,10,0,NRSC VIC MODEL
Uttarakhand,Dehradun,2021-10-22,2021,10,0.013136793,NRSC VIC MODEL
Uttarakhand,Dehradun,2021-11-04,2021,11,0.000154551,NRSC VIC MODEL
Uttarakhand,Dehradun,2021-11-13,2021,11,0,NRSC VIC MODEL
Uttarakhand,Dehradun,2021-11-20,2021,11,0.016897522,NRSC VIC MODEL
Uttarakhand,Dehradun,2021-11-21,2021,11,0,NRSC VIC MODEL
Uttarakhand,Dehradun,2021-11-30,2021,11,0,NRSC VIC MODEL
Uttarakhand,Dehradun,2021-12-05,2021,12,0,NRSC VIC MODEL
Uttarakhand,Dehradun,2021-12-07,2021,12,2.410807638,NRSC VIC MODEL
Uttarakhand,Dehradun,2021-12-09,2021,12,0,NRSC VIC MODEL
Uttarakhand,Dehradun,2021-12-11,2021,12,0,NRSC VIC MODEL
Uttarakhand,Dehradun,2021-12-22,2021,12,0,NRSC VIC MODEL
Uttarakhand,Haridwar,2021-01-05,2021,01,0.325131987,NRSC VIC MODEL
Uttarakhand,Haridwar,2021-01-13,2021,01,0,NRSC VIC MODEL
Uttarakhand,Haridwar,2021-01-31,2021,01,0,NRSC VIC MODEL
Uttarakhand,Haridwar,2021-02-02,2021,02,0,NRSC VIC MODEL
Uttarakhand,Haridwar,2021-02-03,2021,02,0.033548889,NRSC VIC MODEL
Uttarakhand,Haridwar,2021-02-09,2021,02,0,NRSC VIC MODEL
Uttarakhand,Haridwar,2021-02-11,2021,02,0,NRSC VIC MODEL
Uttarakhand,Haridwar,2021-02-12,2021,02,0,NRSC VIC MODEL
Uttarakhand,Haridwar,2021-02-14,2021,02,0,NRSC VIC MODEL
Uttarakhand,Haridwar,2021-02-16,2021,02,0,NRSC VIC MODEL
Uttarakhand,Haridwar,2021-02-23,2021,02,0,NRSC VIC MODEL
Uttarakhand,Haridwar,2021-02-26,2021,02,0,NRSC VIC MODEL
Uttarakhand,Haridwar,2021-02-28,2021,02,0.033128067,NRSC VIC MODEL
Uttarakhand,Haridwar,2021-03-01,2021,03,0,NRSC VIC MODEL
Uttarakhand,Haridwar,2021-03-15,2021,03,0,NRSC VIC MODEL
Uttarakhand,Rudra Prayag,2021-01-26,2021,01,0,NRSC VIC MODEL
Uttarakhand,Rudra Prayag,2021-02-17,2021,02,0,NRSC VIC MODEL
Uttarakhand,Rudra Prayag,2021-02-18,2021,02,0,NRSC VIC MODEL
Uttarakhand,Rudra Prayag,2021-02-23,2021,02,0,NRSC VIC MODEL
Uttarakhand,Rudra Prayag,2021-02-26,2021,02,0,NRSC VIC MODEL
Uttarakhand,Rudra Prayag,2021-03-02,2021,03,0,NRSC VIC MODEL
Uttarakhand,Rudra Prayag,2021-03-13,2021,03,0.447685109,NRSC VIC MODEL
Uttarakhand,Rudra Prayag,2021-03-14,2021,03,0,NRSC VIC MODEL
Uttarakhand,Rudra Prayag,2021-03-18,2021,03,0.000669146,NRSC VIC MODEL
Uttarakhand,Rudra Prayag,2021-04-02,2021,04,0,NRSC VIC MODEL
Uttarakhand,Rudra Prayag,2021-04-05,2021,04,0.56256401,NRSC VIC MODEL
Uttarakhand,Rudra Prayag,2021-04-10,2021,04,0,NRSC VIC MODEL
Uttarakhand,Rudra Prayag,2021-04-12,2021,04,0.290783871,NRSC VIC MODEL
Uttarakhand,Rudra Prayag,2021-04-13,2021,04,0,NRSC VIC MODEL
Uttarakhand,Rudra Prayag,2021-04-18,2021,04,12.2351516,NRSC VIC MODEL
Uttarakhand,Rudra Prayag,2021-04-20,2021,04,4.01e-05,NRSC VIC MODEL
Uttarakhand,Rudra Prayag,2021-04-21,2021,04,7.120297032,NRSC VIC MODEL
Uttarakhand,Rudra Prayag,2021-05-16,2021,05,2.208367531,NRSC VIC MODEL
Uttarakhand,Rudra Prayag,2021-05-24,2021,05,1.159589013,NRSC VIC MODEL
Uttarakhand,Rudra Prayag,2021-05-31,2021,05,1.660176766,NRSC VIC MODEL
Uttarakhand,Rudra Prayag,2021-06-02,2021,06,3.258631551,NRSC VIC MODEL
Uttarakhand,Rudra Prayag,2021-06-04,2021,06,0.003961341,NRSC VIC MODEL
Uttarakhand,Rudra Prayag,2021-06-05,2021,06,0.000936804,NRSC VIC MODEL
Uttarakhand,Rudra Prayag,2021-06-07,2021,06,0.205936221,NRSC VIC MODEL
Uttarakhand,Rudra Prayag,2021-06-12,2021,06,18.08039187,NRSC VIC MODEL
Uttarakhand,Rudra Prayag,2021-06-16,2021,06,6.209442786,NRSC VIC MODEL
Uttarakhand,Rudra Prayag,2021-06-22,2021,06,1.611837695,NRSC VIC MODEL
Uttarakhand,Rudra Prayag,2021-06-26,2021,06,8.026386962,NRSC VIC MODEL
Uttarakhand,Rudra Prayag,2021-07-04,2021,07,0.001779927,NRSC VIC MODEL
Uttarakhand,Rudra Prayag,2021-07-05,2021,07,5.937769711,NRSC VIC MODEL
Uttarakhand,Rudra Prayag,2021-07-06,2021,07,1.420341634,NRSC VIC MODEL
Uttarakhand,Rudra Prayag,2021-07-07,2021,07,3.516118742,NRSC VIC MODEL
Uttarakhand,Rudra Prayag,2021-07-09,2021,07,4.304358765,NRSC VIC MODEL
Uttarakhand,Rudra Prayag,2021-07-12,2021,07,18.51402492,NRSC VIC MODEL
Uttarakhand,Rudra Prayag,2021-07-15,2021,07,0.187989738,NRSC VIC MODEL
Uttarakhand,Rudra Prayag,2021-07-24,2021,07,7.958602522,NRSC VIC MODEL
Uttarakhand,Rudra Prayag,2021-08-01,2021,08,4.338605632,NRSC VIC MODEL
Uttarakhand,Rudra Prayag,2021-08-09,2021,08,14.78431494,NRSC VIC MODEL
Uttarakhand,Rudra Prayag,2021-08-11,2021,08,0.646461473,NRSC VIC MODEL
Uttarakhand,Rudra Prayag,2021-08-12,2021,08,0.96035763,NRSC VIC MODEL
Uttarakhand,Rudra Prayag,2021-08-13,2021,08,7.765982297,NRSC VIC MODEL
Uttarakhand,Rudra Prayag,2021-08-19,2021,08,0.672210192,NRSC VIC MODEL
Uttarakhand,Rudra Prayag,2021-08-22,2021,08,6.164891079,NRSC VIC MODEL
Uttarakhand,Rudra Prayag,2021-08-31,2021,08,10.55459266,NRSC VIC MODEL
Uttarakhand,Rudra Prayag,2021-09-02,2021,09,5.611106258,NRSC VIC MODEL
Uttarakhand,Rudra Prayag,2021-09-10,2021,09,31.75822118,NRSC VIC MODEL
Uttarakhand,Rudra Prayag,2021-09-13,2021,09,6.110891036,NRSC VIC MODEL
Uttarakhand,Rudra Prayag,2021-09-29,2021,09,6.362115025,NRSC VIC MODEL
Uttarakhand,Rudra Prayag,2021-10-16,2021,10,0,NRSC VIC MODEL
Uttarakhand,Rudra Prayag,2021-10-20,2021,10,10.42662527,NRSC VIC MODEL
Uttarakhand,Rudra Prayag,2021-10-22,2021,10,0,NRSC VIC MODEL
Uttarakhand,Rudra Prayag,2021-10-23,2021,10,0.001284759,NRSC VIC MODEL
Uttarakhand,Rudra Prayag,2021-10-30,2021,10,0,NRSC VIC MODEL
Uttarakhand,Rudra Prayag,2021-11-01,2021,11,0,NRSC VIC MODEL
Uttarakhand,Rudra Prayag,2021-11-02,2021,11,3.775907793,NRSC VIC MODEL
Uttarakhand,Rudra Prayag,2021-11-09,2021,11,0,NRSC VIC MODEL
Uttarakhand,Rudra Prayag,2021-11-14,2021,11,0,NRSC VIC MODEL
Uttarakhand,Rudra Prayag,2021-11-21,2021,11,0,NRSC VIC MODEL
Uttarakhand,Rudra Prayag,2021-11-22,2021,11,0,NRSC VIC MODEL
Uttarakhand,Rudra Prayag,2021-11-23,2021,11,0.000133829,NRSC VIC MODEL
Uttarakhand,Rudra Prayag,2021-11-24,2021,11,0,NRSC VIC MODEL
Uttarakhand,Rudra Prayag,2021-12-05,2021,12,0,NRSC VIC MODEL
Uttarakhand,Rudra Prayag,2021-12-11,2021,12,0.002154649,NRSC VIC MODEL
Uttarakhand,Rudra Prayag,2021-12-12,2021,12,0.163967415,NRSC VIC MODEL
Uttarakhand,Rudra Prayag,2021-12-15,2021,12,0.013971758,NRSC VIC MODEL
Uttarakhand,Rudra Prayag,2021-12-22,2021,12,0,NRSC VIC MODEL
Uttarakhand,Rudra Prayag,2021-12-23,2021,12,0,NRSC VIC MODEL
Uttarakhand,Rudra Prayag,2021-12-30,2021,12,0,NRSC VIC MODEL
Uttarakhand,Rudra Prayag,2021-07-11,2021,07,26.47591964,NRSC VIC MODEL
Uttarakhand,Rudra Prayag,2021-09-14,2021,09,15.56076462,NRSC VIC MODEL
Uttarakhand,Rudra Prayag,2021-12-24,2021,12,0.005339781,NRSC VIC MODEL
Uttarakhand,Tehri Garhwal,2021-01-01,2021,01,0,NRSC VIC MODEL
Uttarakhand,Tehri Garhwal,2021-01-08,2021,01,0,NRSC VIC MODEL
Uttarakhand,Tehri Garhwal,2021-01-11,2021,01,0,NRSC VIC MODEL
Uttarakhand,Tehri Garhwal,2021-01-14,2021,01,0,NRSC VIC MODEL
Uttarakhand,Tehri Garhwal,2021-01-16,2021,01,0,NRSC VIC MODEL
Uttarakhand,Tehri Garhwal,2021-01-20,2021,01,0,NRSC VIC MODEL
Uttarakhand,Tehri Garhwal,2021-01-24,2021,01,0,NRSC VIC MODEL
Uttarakhand,Tehri Garhwal,2021-01-30,2021,01,0,NRSC VIC MODEL
Uttarakhand,Tehri Garhwal,2021-02-04,2021,02,0.868568451,NRSC VIC MODEL
Uttarakhand,Tehri Garhwal,2021-02-06,2021,02,0.56794917,NRSC VIC MODEL
Uttarakhand,Tehri Garhwal,2021-02-15,2021,02,0.332948402,NRSC VIC MODEL
Uttarakhand,Tehri Garhwal,2021-02-22,2021,02,0,NRSC VIC MODEL
Uttarakhand,Tehri Garhwal,2021-02-23,2021,02,0,NRSC VIC MODEL
Uttarakhand,Tehri Garhwal,2021-02-25,2021,02,0,NRSC VIC MODEL
Uttarakhand,Tehri Garhwal,2021-03-04,2021,03,0,NRSC VIC MODEL
Uttarakhand,Tehri Garhwal,2021-03-14,2021,03,0,NRSC VIC MODEL
Uttarakhand,Tehri Garhwal,2021-03-15,2021,03,0,NRSC VIC MODEL
Uttarakhand,Tehri Garhwal,2021-03-16,2021,03,0.048626485,NRSC VIC MODEL
Uttarakhand,Tehri Garhwal,2021-03-19,2021,03,0,NRSC VIC MODEL
Uttarakhand,Tehri Garhwal,2021-03-21,2021,03,0,NRSC VIC MODEL
Uttarakhand,Tehri Garhwal,2021-03-22,2021,03,1.817683882,NRSC VIC MODEL
Uttarakhand,Tehri Garhwal,2021-03-29,2021,03,0.091096339,NRSC VIC MODEL
Uttarakhand,Tehri Garhwal,2021-04-01,2021,04,0,NRSC VIC MODEL
Uttarakhand,Tehri Garhwal,2021-04-11,2021,04,0.194730683,NRSC VIC MODEL
Uttarakhand,Tehri Garhwal,2021-04-14,2021,04,0.107870433,NRSC VIC MODEL
Uttarakhand,Tehri Garhwal,2021-04-22,2021,04,27.55540987,NRSC VIC MODEL
Uttarakhand,Tehri Garhwal,2021-04-29,2021,04,3.742148528,NRSC VIC MODEL
Uttarakhand,Tehri Garhwal,2021-05-02,2021,05,5.94368198,NRSC VIC MODEL
Uttarakhand,Tehri Garhwal,2021-05-04,2021,05,8.332543177,NRSC VIC MODEL
Uttarakhand,Tehri Garhwal,2021-05-19,2021,05,2.592043626,NRSC VIC MODEL
Uttarakhand,Tehri Garhwal,2021-05-23,2021,05,0.000851304,NRSC VIC MODEL
Uttarakhand,Tehri Garhwal,2021-06-06,2021,06,3.215708941,NRSC VIC MODEL
Uttarakhand,Tehri Garhwal,2021-06-08,2021,06,2.116287275,NRSC VIC MODEL
Uttarakhand,Tehri Garhwal,2021-06-14,2021,06,8.727970482,NRSC VIC MODEL
Uttarakhand,Tehri Garhwal,2021-06-15,2021,06,0.089141745,NRSC VIC MODEL
Uttarakhand,Tehri Garhwal,2021-06-16,2021,06,1.827756511,NRSC VIC MODEL
Uttarakhand,Tehri Garhwal,2021-06-23,2021,06,0.111405047,NRSC VIC MODEL
Uttarakhand,Tehri Garhwal,2021-06-26,2021,06,12.91909674,NRSC VIC MODEL
Uttarakhand,Tehri Garhwal,2021-06-27,2021,06,0.016562971,NRSC VIC MODEL
Uttarakhand,Tehri Garhwal,2021-06-28,2021,06,0.077223489,NRSC VIC MODEL
Uttarakhand,Tehri Garhwal,2021-06-29,2021,06,0.032703695,NRSC VIC MODEL
Uttarakhand,Tehri Garhwal,2021-07-05,2021,07,6.807871323,NRSC VIC MODEL
Uttarakhand,Tehri Garhwal,2021-07-06,2021,07,2.308573013,NRSC VIC MODEL
Uttarakhand,Tehri Garhwal,2021-07-12,2021,07,23.92087979,NRSC VIC MODEL
Uttarakhand,Tehri Garhwal,2021-08-06,2021,08,1.366329308,NRSC VIC MODEL
Uttarakhand,Tehri Garhwal,2021-08-08,2021,08,5.33175104,NRSC VIC MODEL
Uttarakhand,Tehri Garhwal,2021-08-28,2021,08,16.14309398,NRSC VIC MODEL
Uttarakhand,Tehri Garhwal,2021-08-29,2021,08,11.85922326,NRSC VIC MODEL
Uttarakhand,Tehri Garhwal,2021-08-31,2021,08,2.839568779,NRSC VIC MODEL
Uttarakhand,Tehri Garhwal,2021-09-08,2021,09,15.88139632,NRSC VIC MODEL
Uttarakhand,Tehri Garhwal,2021-09-13,2021,09,3.358530511,NRSC VIC MODEL
Uttarakhand,Tehri Garhwal,2021-09-14,2021,09,12.40398971,NRSC VIC MODEL
Uttarakhand,Tehri Garhwal,2021-09-16,2021,09,1.807631684,NRSC VIC MODEL
Uttarakhand,Tehri Garhwal,2021-09-22,2021,09,5.08662997,NRSC VIC MODEL
Uttarakhand,Tehri Garhwal,2021-09-24,2021,09,36.94760179,NRSC VIC MODEL
Uttarakhand,Tehri Garhwal,2021-09-26,2021,09,1.639543411,NRSC VIC MODEL
Uttarakhand,Tehri Garhwal,2021-10-07,2021,10,0,NRSC VIC MODEL
Uttarakhand,Tehri Garhwal,2021-10-08,2021,10,0.001900111,NRSC VIC MODEL
Uttarakhand,Tehri Garhwal,2021-10-09,2021,10,0,NRSC VIC MODEL
Uttarakhand,Tehri Garhwal,2021-10-11,2021,10,0,NRSC VIC MODEL
Uttarakhand,Tehri Garhwal,2021-10-13,2021,10,0,NRSC VIC MODEL
Uttarakhand,Tehri Garhwal,2021-10-25,2021,10,4.392469873,NRSC VIC MODEL
Uttarakhand,Tehri Garhwal,2021-10-27,2021,10,3.41e-05,NRSC VIC MODEL
Uttarakhand,Tehri Garhwal,2021-11-01,2021,11,0.000347332,NRSC VIC MODEL
Uttarakhand,Tehri Garhwal,2021-11-06,2021,11,0,NRSC VIC MODEL
Uttarakhand,Tehri Garhwal,2021-11-07,2021,11,0,NRSC VIC MODEL
Uttarakhand,Tehri Garhwal,2021-11-08,2021,11,0,NRSC VIC MODEL
Uttarakhand,Tehri Garhwal,2021-11-09,2021,11,0.00172985,NRSC VIC MODEL
Uttarakhand,Tehri Garhwal,2021-11-10,2021,11,0.000102156,NRSC VIC MODEL
Uttarakhand,Tehri Garhwal,2021-11-16,2021,11,0,NRSC VIC MODEL
Uttarakhand,Tehri Garhwal,2021-11-17,2021,11,0,NRSC VIC MODEL
Uttarakhand,Tehri Garhwal,2021-11-23,2021,11,0.002227011,NRSC VIC MODEL
Uttarakhand,Tehri Garhwal,2021-12-03,2021,12,0.22951156,NRSC VIC MODEL
Uttarakhand,Tehri Garhwal,2021-12-04,2021,12,1.559514024,NRSC VIC MODEL
Uttarakhand,Tehri Garhwal,2021-12-06,2021,12,4.872979906,NRSC VIC MODEL
Uttarakhand,Tehri Garhwal,2021-12-07,2021,12,3.747208679,NRSC VIC MODEL
Uttarakhand,Tehri Garhwal,2021-12-17,2021,12,0.081956739,NRSC VIC MODEL
Uttarakhand,Tehri Garhwal,2021-12-18,2021,12,0.000565266,NRSC VIC MODEL
Uttarakhand,Tehri Garhwal,2021-12-22,2021,12,0,NRSC VIC MODEL
Uttarakhand,Tehri Garhwal,2021-12-28,2021,12,0,NRSC VIC MODEL
Uttarakhand,Udam Singh Nagar,2021-01-01,2021,01,0,NRSC VIC MODEL
Uttarakhand,Udam Singh Nagar,2021-01-12,2021,01,0,NRSC VIC MODEL
Uttarakhand,Udam Singh Nagar,2021-01-25,2021,01,0,NRSC VIC MODEL
Uttarakhand,Udam Singh Nagar,2021-01-27,2021,01,0,NRSC VIC MODEL
Uttarakhand,Udam Singh Nagar,2021-02-05,2021,02,7.46735761,NRSC VIC MODEL
Uttarakhand,Udam Singh Nagar,2021-02-10,2021,02,0,NRSC VIC MODEL
Uttarakhand,Udam Singh Nagar,2021-02-12,2021,02,0,NRSC VIC MODEL
Uttarakhand,Udam Singh Nagar,2021-02-14,2021,02,0,NRSC VIC MODEL
Uttarakhand,Udam Singh Nagar,2021-02-24,2021,02,0,NRSC VIC MODEL
Uttarakhand,Udam Singh Nagar,2021-03-01,2021,03,0,NRSC VIC MODEL
Uttarakhand,Udam Singh Nagar,2021-03-05,2021,03,0,NRSC VIC MODEL
Uttarakhand,Udam Singh Nagar,2021-03-06,2021,03,0,NRSC VIC MODEL
Uttarakhand,Udam Singh Nagar,2021-03-08,2021,03,0.110773035,NRSC VIC MODEL
Uttarakhand,Udam Singh Nagar,2021-03-10,2021,03,0.013268108,NRSC VIC MODEL
Uttarakhand,Udam Singh Nagar,2021-03-11,2021,03,3.145066953,NRSC VIC MODEL
Uttarakhand,Udam Singh Nagar,2021-03-12,2021,03,0,NRSC VIC MODEL
Uttarakhand,Udam Singh Nagar,2021-03-23,2021,03,0.254266658,NRSC VIC MODEL
Uttarakhand,Udam Singh Nagar,2021-03-31,2021,03,0.014996094,NRSC VIC MODEL
Uttarakhand,Udam Singh Nagar,2021-04-01,2021,04,0,NRSC VIC MODEL
Uttarakhand,Udam Singh Nagar,2021-04-03,2021,04,0.007447521,NRSC VIC MODEL
Uttarakhand,Udam Singh Nagar,2021-04-06,2021,04,0,NRSC VIC MODEL
Uttarakhand,Udam Singh Nagar,2021-04-07,2021,04,0.13592484,NRSC VIC MODEL
Uttarakhand,Udam Singh Nagar,2021-04-10,2021,04,0,NRSC VIC MODEL
Uttarakhand,Udam Singh Nagar,2021-04-15,2021,04,0,NRSC VIC MODEL
Uttarakhand,Udam Singh Nagar,2021-04-25,2021,04,0.000131367,NRSC VIC MODEL
Uttarakhand,Udam Singh Nagar,2021-05-03,2021,05,0.433189058,NRSC VIC MODEL
Uttarakhand,Udam Singh Nagar,2021-05-08,2021,05,0.0054568,NRSC VIC MODEL
Uttarakhand,Udam Singh Nagar,2021-05-09,2021,05,7.593894733,NRSC VIC MODEL
Uttarakhand,Udam Singh Nagar,2021-05-10,2021,05,10.84594528,NRSC VIC MODEL
Uttarakhand,Udam Singh Nagar,2021-05-13,2021,05,22.85152113,NRSC VIC MODEL
Uttarakhand,Udam Singh Nagar,2021-05-16,2021,05,0.002031142,NRSC VIC MODEL
Uttarakhand,Udam Singh Nagar,2021-05-19,2021,05,9.309360995,NRSC VIC MODEL
Uttarakhand,Udam Singh Nagar,2021-05-20,2021,05,57.46680105,NRSC VIC MODEL
Uttarakhand,Udam Singh Nagar,2021-05-22,2021,05,0,NRSC VIC MODEL
Uttarakhand,Udam Singh Nagar,2021-06-02,2021,06,0.048040048,NRSC VIC MODEL
Uttarakhand,Udam Singh Nagar,2021-06-04,2021,06,0.000151578,NRSC VIC MODEL
Uttarakhand,Udam Singh Nagar,2021-06-09,2021,06,0,NRSC VIC MODEL
Uttarakhand,Udam Singh Nagar,2021-06-19,2021,06,45.08790935,NRSC VIC MODEL
Uttarakhand,Udam Singh Nagar,2021-06-20,2021,06,54.16828686,NRSC VIC MODEL
Uttarakhand,Udam Singh Nagar,2021-07-02,2021,07,0.062652145,NRSC VIC MODEL
Uttarakhand,Udam Singh Nagar,2021-07-04,2021,07,0.298598103,NRSC VIC MODEL
Uttarakhand,Udam Singh Nagar,2021-07-10,2021,07,1.075727228,NRSC VIC MODEL
Uttarakhand,Udam Singh Nagar,2021-07-20,2021,07,101.505671,NRSC VIC MODEL
Uttarakhand,Udam Singh Nagar,2021-07-21,2021,07,18.64915881,NRSC VIC MODEL
Uttarakhand,Udam Singh Nagar,2021-07-22,2021,07,53.7002046,NRSC VIC MODEL
Uttarakhand,Udam Singh Nagar,2021-07-28,2021,07,21.85936378,NRSC VIC MODEL
Uttarakhand,Udam Singh Nagar,2021-08-07,2021,08,9.165503586,NRSC VIC MODEL
Uttarakhand,Udam Singh Nagar,2021-08-13,2021,08,13.08069677,NRSC VIC MODEL
Uttarakhand,Udam Singh Nagar,2021-08-16,2021,08,3.842840063,NRSC VIC MODEL
Uttarakhand,Udam Singh Nagar,2021-08-19,2021,08,7.368609745,NRSC VIC MODEL
Uttarakhand,Udam Singh Nagar,2021-08-29,2021,08,10.79507578,NRSC VIC MODEL
Uttarakhand,Udam Singh Nagar,2021-09-09,2021,09,1.074797551,NRSC VIC MODEL
Uttarakhand,Udam Singh Nagar,2021-09-14,2021,09,8.090887928,NRSC VIC MODEL
Uttarakhand,Udam Singh Nagar,2021-10-02,2021,10,5.650819291,NRSC VIC MODEL
Uttarakhand,Udam Singh Nagar,2021-10-12,2021,10,0,NRSC VIC MODEL
Uttarakhand,Udam Singh Nagar,2021-10-17,2021,10,0.175183482,NRSC VIC MODEL
Uttarakhand,Udam Singh Nagar,2021-10-30,2021,10,0,NRSC VIC MODEL
Uttarakhand,Udam Singh Nagar,2021-11-02,2021,11,0,NRSC VIC MODEL
Uttarakhand,Almora,2021-01-09,2021,01,0,NRSC VIC MODEL
Uttarakhand,Almora,2021-01-25,2021,01,0,NRSC VIC MODEL
Uttarakhand,Almora,2021-01-29,2021,01,0,NRSC VIC MODEL
Uttarakhand,Almora,2021-01-30,2021,01,0,NRSC VIC MODEL
Uttarakhand,Almora,2021-02-14,2021,02,0,NRSC VIC MODEL
Uttarakhand,Almora,2021-02-15,2021,02,0.212240445,NRSC VIC MODEL
Uttarakhand,Almora,2021-02-24,2021,02,0,NRSC VIC MODEL
Uttarakhand,Almora,2021-03-01,2021,03,0.000136434,NRSC VIC MODEL
Uttarakhand,Almora,2021-03-02,2021,03,0.00035814,NRSC VIC MODEL
Uttarakhand,Almora,2021-03-15,2021,03,0.004246514,NRSC VIC MODEL
Uttarakhand,Almora,2021-03-16,2021,03,0,NRSC VIC MODEL
Uttarakhand,Almora,2021-03-17,2021,03,0,NRSC VIC MODEL
Uttarakhand,Almora,2021-03-18,2021,03,0,NRSC VIC MODEL
Uttarakhand,Almora,2021-03-24,2021,03,0.778126851,NRSC VIC MODEL
Uttarakhand,Almora,2021-03-25,2021,03,0.479472398,NRSC VIC MODEL
Uttarakhand,Almora,2021-04-05,2021,04,0,NRSC VIC MODEL
Uttarakhand,Almora,2021-04-06,2021,04,0,NRSC VIC MODEL
Uttarakhand,Almora,2021-04-07,2021,04,1.608780867,NRSC VIC MODEL
Uttarakhand,Almora,2021-04-14,2021,04,0,NRSC VIC MODEL
Uttarakhand,Almora,2021-04-15,2021,04,0,NRSC VIC MODEL
Uttarakhand,Almora,2021-04-16,2021,04,0.060900814,NRSC VIC MODEL
Uttarakhand,Almora,2021-04-17,2021,04,1.372502422,NRSC VIC MODEL
Uttarakhand,Almora,2021-04-20,2021,04,0,NRSC VIC MODEL
Uttarakhand,Almora,2021-04-21,2021,04,6.744019013,NRSC VIC MODEL
Uttarakhand,Almora,2021-04-22,2021,04,23.87549811,NRSC VIC MODEL
Uttarakhand,Almora,2021-04-28,2021,04,1.690274717,NRSC VIC MODEL
Uttarakhand,Almora,2021-05-07,2021,05,11.71342992,NRSC VIC MODEL
Uttarakhand,Almora,2021-05-08,2021,05,2.652101685,NRSC VIC MODEL
Uttarakhand,Almora,2021-05-12,2021,05,6.824574878,NRSC VIC MODEL
Uttarakhand,Almora,2021-05-15,2021,05,0.002217056,NRSC VIC MODEL
Uttarakhand,Almora,2021-05-18,2021,05,0.907628484,NRSC VIC MODEL
Uttarakhand,Almora,2021-05-19,2021,05,11.23984978,NRSC VIC MODEL
Uttarakhand,Almora,2021-05-21,2021,05,70.53126884,NRSC VIC MODEL
Uttarakhand,Almora,2021-05-23,2021,05,0.156873743,NRSC VIC MODEL
Uttarakhand,Almora,2021-05-29,2021,05,0.239663718,NRSC VIC MODEL
Uttarakhand,Almora,2021-05-30,2021,05,3.67949381,NRSC VIC MODEL
Uttarakhand,Almora,2021-06-03,2021,06,2.795630458,NRSC VIC MODEL
Uttarakhand,Almora,2021-06-05,2021,06,0.178831121,NRSC VIC MODEL
Uttarakhand,Almora,2021-06-12,2021,06,26.81331006,NRSC VIC MODEL
Uttarakhand,Almora,2021-06-21,2021,06,7.706792493,NRSC VIC MODEL
Uttarakhand,Almora,2021-06-30,2021,06,0.049576776,NRSC VIC MODEL
Uttarakhand,Almora,2021-07-03,2021,07,6.843283417,NRSC VIC MODEL
Uttarakhand,Almora,2021-07-15,2021,07,29.99754774,NRSC VIC MODEL
Uttarakhand,Almora,2021-07-19,2021,07,39.15139542,NRSC VIC MODEL
Uttarakhand,Almora,2021-07-21,2021,07,12.2054969,NRSC VIC MODEL
Uttarakhand,Almora,2021-07-27,2021,07,1.326063633,NRSC VIC MODEL
Uttarakhand,Almora,2021-07-29,2021,07,21.60715171,NRSC VIC MODEL
Uttarakhand,Almora,2021-08-04,2021,08,2.240215377,NRSC VIC MODEL
Uttarakhand,Almora,2021-08-06,2021,08,16.14345677,NRSC VIC MODEL
Uttarakhand,Almora,2021-08-15,2021,08,0.155739634,NRSC VIC MODEL
Uttarakhand,Almora,2021-08-17,2021,08,0.000588372,NRSC VIC MODEL
Uttarakhand,Almora,2021-08-24,2021,08,2.942868536,NRSC VIC MODEL
Uttarakhand,Almora,2021-08-28,2021,08,11.2252769,NRSC VIC MODEL
Uttarakhand,Almora,2021-08-31,2021,08,1.247358157,NRSC VIC MODEL
Uttarakhand,Almora,2021-09-13,2021,09,7.75633516,NRSC VIC MODEL
Uttarakhand,Almora,2021-09-15,2021,09,0.937874239,NRSC VIC MODEL
Uttarakhand,Almora,2021-09-19,2021,09,0.005235662,NRSC VIC MODEL
Uttarakhand,Almora,2021-09-21,2021,09,0.630462416,NRSC VIC MODEL
Uttarakhand,Almora,2021-09-28,2021,09,0.552524382,NRSC VIC MODEL
Uttarakhand,Almora,2021-09-30,2021,09,1.683546806,NRSC VIC MODEL
Uttarakhand,Almora,2021-10-03,2021,10,1.586098682,NRSC VIC MODEL
Uttarakhand,Almora,2021-10-19,2021,10,220.6163533,NRSC VIC MODEL
Uttarakhand,Almora,2021-10-23,2021,10,0,NRSC VIC MODEL
Uttarakhand,Almora,2021-10-28,2021,10,0.00199535,NRSC VIC MODEL
Uttarakhand,Almora,2021-11-06,2021,11,0,NRSC VIC MODEL
Uttarakhand,Almora,2021-11-14,2021,11,0.000170543,NRSC VIC MODEL
Uttarakhand,Almora,2021-11-15,2021,11,0,NRSC VIC MODEL
Uttarakhand,Almora,2021-11-25,2021,11,0,NRSC VIC MODEL
Uttarakhand,Almora,2021-11-26,2021,11,0,NRSC VIC MODEL
Uttarakhand,Almora,2021-12-09,2021,12,3.41e-05,NRSC VIC MODEL
Uttarakhand,Almora,2021-12-19,2021,12,0,NRSC VIC MODEL
Uttarakhand,Almora,2021-12-21,2021,12,0.000136434,NRSC VIC MODEL
Uttarakhand,Almora,2021-12-22,2021,12,0,NRSC VIC MODEL
Uttarakhand,Almora,2021-12-27,2021,12,0.565400359,NRSC VIC MODEL
Uttarakhand,Almora,2021-12-30,2021,12,0.001125582,NRSC VIC MODEL
Uttarakhand,Bageshwar,2021-01-13,2021,01,0,NRSC VIC MODEL
Uttarakhand,Bageshwar,2021-01-16,2021,01,0,NRSC VIC MODEL
Uttarakhand,Bageshwar,2021-01-20,2021,01,0,NRSC VIC MODEL
Uttarakhand,Bageshwar,2021-01-29,2021,01,0,NRSC VIC MODEL
Uttarakhand,Bageshwar,2021-01-31,2021,01,0,NRSC VIC MODEL
Uttarakhand,Bageshwar,2021-02-10,2021,02,0,NRSC VIC MODEL
Uttarakhand,Bageshwar,2021-02-12,2021,02,0,NRSC VIC MODEL
Uttarakhand,Bageshwar,2021-02-14,2021,02,0,NRSC VIC MODEL
Uttarakhand,Bageshwar,2021-02-15,2021,02,2.786203011,NRSC VIC MODEL
Uttarakhand,Bageshwar,2021-02-16,2021,02,0.024871258,NRSC VIC MODEL
Uttarakhand,Bageshwar,2021-02-17,2021,02,0,NRSC VIC MODEL
Uttarakhand,Bageshwar,2021-02-19,2021,02,0.257433674,NRSC VIC MODEL
Uttarakhand,Bageshwar,2021-02-20,2021,02,0,NRSC VIC MODEL
Uttarakhand,Bageshwar,2021-02-24,2021,02,0,NRSC VIC MODEL
Uttarakhand,Bageshwar,2021-03-10,2021,03,0.082916157,NRSC VIC MODEL
Uttarakhand,Bageshwar,2021-03-11,2021,03,2.482448263,NRSC VIC MODEL
Uttarakhand,Bageshwar,2021-03-14,2021,03,0,NRSC VIC MODEL
Uttarakhand,Bageshwar,2021-03-15,2021,03,0.199005956,NRSC VIC MODEL
Uttarakhand,Bageshwar,2021-03-16,2021,03,0,NRSC VIC MODEL
Uttarakhand,Bageshwar,2021-03-20,2021,03,0,NRSC VIC MODEL
Uttarakhand,Bageshwar,2021-03-24,2021,03,2.579289454,NRSC VIC MODEL
Uttarakhand,Bageshwar,2021-03-31,2021,03,0.015324715,NRSC VIC MODEL
Uttarakhand,Bageshwar,2021-04-02,2021,04,0.016879916,NRSC VIC MODEL
Uttarakhand,Bageshwar,2021-04-08,2021,04,12.5878714,NRSC VIC MODEL
Uttarakhand,Bageshwar,2021-04-13,2021,04,0,NRSC VIC MODEL
Uttarakhand,Bageshwar,2021-04-25,2021,04,4.664120588,NRSC VIC MODEL
Uttarakhand,Bageshwar,2021-04-27,2021,04,1.013417044,NRSC VIC MODEL
Uttarakhand,Bageshwar,2021-05-08,2021,05,3.242188043,NRSC VIC MODEL
Uttarakhand,Bageshwar,2021-05-09,2021,05,1.981194909,NRSC VIC MODEL
Uttarakhand,Bageshwar,2021-05-11,2021,05,5.077253842,NRSC VIC MODEL
Uttarakhand,Bageshwar,2021-05-13,2021,05,6.166935566,NRSC VIC MODEL
Uttarakhand,Bageshwar,2021-05-23,2021,05,0.008709127,NRSC VIC MODEL
Uttarakhand,Bageshwar,2021-05-26,2021,05,2.725741568,NRSC VIC MODEL
Uttarakhand,Bageshwar,2021-05-27,2021,05,0.001052752,NRSC VIC MODEL
Uttarakhand,Bageshwar,2021-05-29,2021,05,0.647884914,NRSC VIC MODEL
Uttarakhand,Bageshwar,2021-06-02,2021,06,2.273441167,NRSC VIC MODEL
Uttarakhand,Bageshwar,2021-06-05,2021,06,0.023758691,NRSC VIC MODEL
Uttarakhand,Bageshwar,2021-06-08,2021,06,2.453342072,NRSC VIC MODEL
Uttarakhand,Bageshwar,2021-06-20,2021,06,49.08460663,NRSC VIC MODEL
Uttarakhand,Bageshwar,2021-06-21,2021,06,13.21911566,NRSC VIC MODEL
Uttarakhand,Bageshwar,2021-06-30,2021,06,1.027162631,NRSC VIC MODEL
Uttarakhand,Bageshwar,2021-07-04,2021,07,2.565819018,NRSC VIC MODEL
Uttarakhand,Bageshwar,2021-07-08,2021,07,4.075345288,NRSC VIC MODEL
Uttarakhand,Bageshwar,2021-07-12,2021,07,14.84047287,NRSC VIC MODEL
Uttarakhand,Bageshwar,2021-07-25,2021,07,4.116713644,NRSC VIC MODEL
Uttarakhand,Bageshwar,2021-07-28,2021,07,37.31928121,NRSC VIC MODEL
Uttarakhand,Bageshwar,2021-07-30,2021,07,9.517557031,NRSC VIC MODEL
Uttarakhand,Bageshwar,2021-08-13,2021,08,10.03304646,NRSC VIC MODEL
Uttarakhand,Bageshwar,2021-08-14,2021,08,16.44788112,NRSC VIC MODEL
Uttarakhand,Nainital,2021-08-03,2021,08,5.492327151,NRSC VIC MODEL
Uttarakhand,Nainital,2021-08-04,2021,08,0.262289191,NRSC VIC MODEL
Uttarakhand,Nainital,2021-08-06,2021,08,7.947998651,NRSC VIC MODEL
Uttarakhand,Nainital,2021-08-10,2021,08,51.07737083,NRSC VIC MODEL
Uttarakhand,Nainital,2021-08-11,2021,08,11.33392347,NRSC VIC MODEL
Uttarakhand,Nainital,2021-08-15,2021,08,0.665973971,NRSC VIC MODEL
Uttarakhand,Nainital,2021-08-29,2021,08,8.402537001,NRSC VIC MODEL
Uttarakhand,Nainital,2021-09-04,2021,09,9.980798908,NRSC VIC MODEL
Uttarakhand,Nainital,2021-09-09,2021,09,6.650821111,NRSC VIC MODEL
Uttarakhand,Nainital,2021-09-16,2021,09,0.186325913,NRSC VIC MODEL
Uttarakhand,Nainital,2021-09-17,2021,09,2.736330851,NRSC VIC MODEL
Uttarakhand,Nainital,2021-09-21,2021,09,2.79044288,NRSC VIC MODEL
Uttarakhand,Nainital,2021-09-28,2021,09,0.284842054,NRSC VIC MODEL
Uttarakhand,Nainital,2021-10-06,2021,10,11.4571243,NRSC VIC MODEL
Uttarakhand,Nainital,2021-10-08,2021,10,0,NRSC VIC MODEL
Uttarakhand,Nainital,2021-10-10,2021,10,0.009397588,NRSC VIC MODEL
Uttarakhand,Nainital,2021-10-14,2021,10,0.007124087,NRSC VIC MODEL
Uttarakhand,Nainital,2021-10-15,2021,10,0,NRSC VIC MODEL
Uttarakhand,Nainital,2021-10-24,2021,10,0.006995908,NRSC VIC MODEL
Uttarakhand,Nainital,2021-11-09,2021,11,0,NRSC VIC MODEL
Uttarakhand,Nainital,2021-11-10,2021,11,0.004175956,NRSC VIC MODEL
Uttarakhand,Nainital,2021-11-12,2021,11,0,NRSC VIC MODEL
Uttarakhand,Nainital,2021-11-28,2021,11,0,NRSC VIC MODEL
Uttarakhand,Nainital,2021-11-30,2021,11,0,NRSC VIC MODEL
Uttarakhand,Nainital,2021-12-08,2021,12,0,NRSC VIC MODEL
Uttarakhand,Nainital,2021-12-09,2021,12,0,NRSC VIC MODEL
Uttarakhand,Nainital,2021-12-17,2021,12,0,NRSC VIC MODEL
Uttarakhand,Nainital,2021-12-19,2021,12,0,NRSC VIC MODEL
Uttarakhand,Nainital,2021-12-21,2021,12,0,NRSC VIC MODEL
Uttarakhand,Pauri Garhwal,2021-01-02,2021,01,0.031174755,NRSC VIC MODEL
Uttarakhand,Pauri Garhwal,2021-01-10,2021,01,0,NRSC VIC MODEL
Uttarakhand,Pauri Garhwal,2021-01-14,2021,01,0,NRSC VIC MODEL
Uttarakhand,Pauri Garhwal,2021-01-18,2021,01,0,NRSC VIC MODEL
Uttarakhand,Pauri Garhwal,2021-01-19,2021,01,0,NRSC VIC MODEL
Uttarakhand,Pauri Garhwal,2021-02-03,2021,02,0,NRSC VIC MODEL
Uttarakhand,Pauri Garhwal,2021-02-13,2021,02,0,NRSC VIC MODEL
Uttarakhand,Pauri Garhwal,2021-02-17,2021,02,0,NRSC VIC MODEL
Uttarakhand,Pauri Garhwal,2021-02-23,2021,02,0,NRSC VIC MODEL
Uttarakhand,Pauri Garhwal,2021-03-01,2021,03,0,NRSC VIC MODEL
Uttarakhand,Pauri Garhwal,2021-03-03,2021,03,0,NRSC VIC MODEL
Uttarakhand,Pauri Garhwal,2021-03-05,2021,03,0,NRSC VIC MODEL
Uttarakhand,Pauri Garhwal,2021-03-06,2021,03,0,NRSC VIC MODEL
Uttarakhand,Pauri Garhwal,2021-03-13,2021,03,3.334487091,NRSC VIC MODEL
Uttarakhand,Pauri Garhwal,2021-03-17,2021,03,0,NRSC VIC MODEL
Uttarakhand,Pauri Garhwal,2021-03-18,2021,03,1.01e-05,NRSC VIC MODEL
Uttarakhand,Pauri Garhwal,2021-03-22,2021,03,0.015478375,NRSC VIC MODEL
Uttarakhand,Pauri Garhwal,2021-03-24,2021,03,2.252359578,NRSC VIC MODEL
Uttarakhand,Pauri Garhwal,2021-03-26,2021,03,0,NRSC VIC MODEL
Uttarakhand,Pauri Garhwal,2021-04-03,2021,04,0,NRSC VIC MODEL
Uttarakhand,Pauri Garhwal,2021-04-05,2021,04,0.003812557,NRSC VIC MODEL
Uttarakhand,Pauri Garhwal,2021-04-13,2021,04,0,NRSC VIC MODEL
Uttarakhand,Pauri Garhwal,2021-04-20,2021,04,0,NRSC VIC MODEL
Uttarakhand,Pauri Garhwal,2021-04-28,2021,04,0.769827344,NRSC VIC MODEL
Uttarakhand,Pauri Garhwal,2021-05-02,2021,05,0.727331524,NRSC VIC MODEL
Uttarakhand,Pauri Garhwal,2021-05-04,2021,05,3.019084149,NRSC VIC MODEL
Uttarakhand,Pauri Garhwal,2021-05-14,2021,05,3.642513343,NRSC VIC MODEL
Uttarakhand,Pauri Garhwal,2021-05-16,2021,05,3.0162805,NRSC VIC MODEL
Uttarakhand,Pauri Garhwal,2021-05-18,2021,05,0.76031116,NRSC VIC MODEL
Uttarakhand,Pauri Garhwal,2021-05-28,2021,05,0.000106468,NRSC VIC MODEL
Uttarakhand,Pauri Garhwal,2021-06-02,2021,06,0.011964941,NRSC VIC MODEL
Uttarakhand,Pauri Garhwal,2021-06-07,2021,06,0.13859052,NRSC VIC MODEL
Uttarakhand,Pauri Garhwal,2021-06-08,2021,06,0.535938097,NRSC VIC MODEL
Uttarakhand,Pauri Garhwal,2021-06-12,2021,06,20.90090643,NRSC VIC MODEL
Uttarakhand,Pauri Garhwal,2021-06-18,2021,06,13.11313929,NRSC VIC MODEL
Uttarakhand,Pauri Garhwal,2021-06-28,2021,06,0.696896973,NRSC VIC MODEL
Uttarakhand,Pauri Garhwal,2021-06-30,2021,06,0.06510753,NRSC VIC MODEL
Uttarakhand,Pauri Garhwal,2021-07-07,2021,07,2.473112739,NRSC VIC MODEL
Uttarakhand,Pauri Garhwal,2021-07-10,2021,07,2.71140772,NRSC VIC MODEL
Uttarakhand,Pauri Garhwal,2021-07-13,2021,07,3.373966326,NRSC VIC MODEL
Uttarakhand,Pauri Garhwal,2021-07-19,2021,07,45.66369022,NRSC VIC MODEL
Uttarakhand,Pauri Garhwal,2021-07-27,2021,07,1.378234452,NRSC VIC MODEL
Uttarakhand,Pauri Garhwal,2021-08-02,2021,08,2.374407046,NRSC VIC MODEL
Uttarakhand,Pauri Garhwal,2021-08-14,2021,08,8.764937786,NRSC VIC MODEL
Uttarakhand,Pauri Garhwal,2021-08-18,2021,08,0.098188564,NRSC VIC MODEL
Uttarakhand,Pauri Garhwal,2021-08-25,2021,08,18.38002012,NRSC VIC MODEL
Uttarakhand,Pauri Garhwal,2021-09-10,2021,09,22.87673392,NRSC VIC MODEL
Uttarakhand,Pauri Garhwal,2021-09-13,2021,09,4.223573463,NRSC VIC MODEL
Uttarakhand,Pauri Garhwal,2021-09-26,2021,09,0.624260655,NRSC VIC MODEL
Uttarakhand,Pauri Garhwal,2021-09-28,2021,09,0.231379651,NRSC VIC MODEL
Uttarakhand,Pauri Garhwal,2021-10-03,2021,10,1.413226835,NRSC VIC MODEL
Uttarakhand,Pauri Garhwal,2021-10-13,2021,10,0,NRSC VIC MODEL
Uttarakhand,Pauri Garhwal,2021-10-15,2021,10,0,NRSC VIC MODEL
Uttarakhand,Pauri Garhwal,2021-10-17,2021,10,0.724786439,NRSC VIC MODEL
Uttarakhand,Pauri Garhwal,2021-10-18,2021,10,68.54270052,NRSC VIC MODEL
Uttarakhand,Pauri Garhwal,2021-10-19,2021,10,111.1686595,NRSC VIC MODEL
Uttarakhand,Pauri Garhwal,2021-10-21,2021,10,0.001541247,NRSC VIC MODEL
Uttarakhand,Pauri Garhwal,2021-10-25,2021,10,0.629224078,NRSC VIC MODEL
Uttarakhand,Pauri Garhwal,2021-10-28,2021,10,0.195251613,NRSC VIC MODEL
Uttarakhand,Pauri Garhwal,2021-11-02,2021,11,0.004319546,NRSC VIC MODEL
Uttarakhand,Pauri Garhwal,2021-11-03,2021,11,0.023270796,NRSC VIC MODEL
Uttarakhand,Pauri Garhwal,2021-11-06,2021,11,0,NRSC VIC MODEL
Uttarakhand,Pauri Garhwal,2021-11-16,2021,11,0,NRSC VIC MODEL
Uttarakhand,Pauri Garhwal,2021-11-20,2021,11,0.718545404,NRSC VIC MODEL
Uttarakhand,Pauri Garhwal,2021-12-02,2021,12,1.330988145,NRSC VIC MODEL
Uttarakhand,Pauri Garhwal,2021-12-04,2021,12,0.210917574,NRSC VIC MODEL
Uttarakhand,Pauri Garhwal,2021-12-06,2021,12,2.349306019,NRSC VIC MODEL
Uttarakhand,Pauri Garhwal,2021-12-21,2021,12,0,NRSC VIC MODEL
Uttarakhand,Pauri Garhwal,2021-12-25,2021,12,0,NRSC VIC MODEL
Uttarakhand,Pithoragarh,2021-01-04,2021,01,0.023734467,NRSC VIC MODEL
Uttarakhand,Pithoragarh,2021-01-06,2021,01,0,NRSC VIC MODEL
Uttarakhand,Pithoragarh,2021-01-10,2021,01,0,NRSC VIC MODEL
Uttarakhand,Pithoragarh,2021-01-13,2021,01,0,NRSC VIC MODEL
Uttarakhand,Pithoragarh,2021-01-22,2021,01,0,NRSC VIC MODEL
Uttarakhand,Pithoragarh,2021-01-23,2021,01,0,NRSC VIC MODEL
Uttarakhand,Pithoragarh,2021-02-01,2021,02,0,NRSC VIC MODEL
Uttarakhand,Pithoragarh,2021-02-10,2021,02,0,NRSC VIC MODEL
Uttarakhand,Pithoragarh,2021-02-16,2021,02,0.087961922,NRSC VIC MODEL
Uttarakhand,Pithoragarh,2021-02-19,2021,02,0.657212452,NRSC VIC MODEL
Uttarakhand,Pithoragarh,2021-02-25,2021,02,0.062842606,NRSC VIC MODEL
Uttarakhand,Pithoragarh,2021-02-27,2021,02,0.264661281,NRSC VIC MODEL
Uttarakhand,Pithoragarh,2021-03-02,2021,03,0.005218111,NRSC VIC MODEL
Uttarakhand,Pithoragarh,2021-03-03,2021,03,0.001687669,NRSC VIC MODEL
Uttarakhand,Pithoragarh,2021-03-10,2021,03,0.0017763,NRSC VIC MODEL
Uttarakhand,Pithoragarh,2021-03-12,2021,03,0,NRSC VIC MODEL
Uttarakhand,Pithoragarh,2021-03-19,2021,03,0,NRSC VIC MODEL
Uttarakhand,Pithoragarh,2021-03-22,2021,03,0.956930726,NRSC VIC MODEL
Uttarakhand,Pithoragarh,2021-03-26,2021,03,0.017426941,NRSC VIC MODEL
Uttarakhand,Pithoragarh,2021-03-27,2021,03,0,NRSC VIC MODEL
Uttarakhand,Pithoragarh,2021-03-31,2021,03,0.031061242,NRSC VIC MODEL
Uttarakhand,Pithoragarh,2021-04-02,2021,04,0.00749665,NRSC VIC MODEL
Uttarakhand,Pithoragarh,2021-04-04,2021,04,0.03612425,NRSC VIC MODEL
Uttarakhand,Pithoragarh,2021-04-06,2021,04,0.408017166,NRSC VIC MODEL
Uttarakhand,Pithoragarh,2021-04-07,2021,04,3.590215745,NRSC VIC MODEL
Uttarakhand,Pithoragarh,2021-04-16,2021,04,0.191585564,NRSC VIC MODEL
Uttarakhand,Pithoragarh,2021-04-18,2021,04,3.698182274,NRSC VIC MODEL
Uttarakhand,Pithoragarh,2021-04-20,2021,04,0,NRSC VIC MODEL
Uttarakhand,Pithoragarh,2021-04-23,2021,04,7.300869047,NRSC VIC MODEL
Uttarakhand,Pithoragarh,2021-04-24,2021,04,16.0169837,NRSC VIC MODEL
Uttarakhand,Pithoragarh,2021-05-14,2021,05,2.931182678,NRSC VIC MODEL
Uttarakhand,Pithoragarh,2021-05-18,2021,05,1.068364917,NRSC VIC MODEL
Uttarakhand,Pithoragarh,2021-05-21,2021,05,22.38565728,NRSC VIC MODEL
Uttarakhand,Pithoragarh,2021-05-22,2021,05,1.198725379,NRSC VIC MODEL
Uttarakhand,Pithoragarh,2021-05-25,2021,05,2.914590339,NRSC VIC MODEL
Uttarakhand,Pithoragarh,2021-05-28,2021,05,0.013460733,NRSC VIC MODEL
Uttarakhand,Pithoragarh,2021-05-29,2021,05,1.78045063,NRSC VIC MODEL
Uttarakhand,Pithoragarh,2021-05-30,2021,05,6.295431673,NRSC VIC MODEL
Uttarakhand,Pithoragarh,2021-05-31,2021,05,1.139446451,NRSC VIC MODEL
Uttarakhand,Pithoragarh,2021-06-07,2021,06,0.214393105,NRSC VIC MODEL
Uttarakhand,Pithoragarh,2021-06-09,2021,06,0.022560115,NRSC VIC MODEL
Uttarakhand,Pithoragarh,2021-06-11,2021,06,17.24701775,NRSC VIC MODEL
Uttarakhand,Pithoragarh,2021-06-18,2021,06,13.76686243,NRSC VIC MODEL
Uttarakhand,Pithoragarh,2021-06-24,2021,06,1.450638662,NRSC VIC MODEL
Uttarakhand,Pithoragarh,2021-07-01,2021,07,3.971093562,NRSC VIC MODEL
Uttarakhand,Pithoragarh,2021-07-04,2021,07,4.031173855,NRSC VIC MODEL
Uttarakhand,Pithoragarh,2021-07-22,2021,07,15.58125478,NRSC VIC MODEL
Uttarakhand,Pithoragarh,2021-07-26,2021,07,17.84406128,NRSC VIC MODEL
Uttarakhand,Pithoragarh,2021-08-21,2021,08,7.068192241,NRSC VIC MODEL
Uttarakhand,Pithoragarh,2021-08-31,2021,08,3.880926961,NRSC VIC MODEL
Uttarakhand,Pithoragarh,2021-09-02,2021,09,1.80929242,NRSC VIC MODEL
Uttarakhand,Pithoragarh,2021-09-07,2021,09,13.92268195,NRSC VIC MODEL
Uttarakhand,Pithoragarh,2021-09-08,2021,09,5.445954158,NRSC VIC MODEL
Uttarakhand,Pithoragarh,2021-09-10,2021,09,9.838898605,NRSC VIC MODEL
Uttarakhand,Pithoragarh,2021-09-21,2021,09,4.39766032,NRSC VIC MODEL
Uttarakhand,Pithoragarh,2021-10-04,2021,10,3.371505604,NRSC VIC MODEL
Uttarakhand,Pithoragarh,2021-10-08,2021,10,0.725003585,NRSC VIC MODEL
Uttarakhand,Pithoragarh,2021-10-14,2021,10,0,NRSC VIC MODEL
Uttarakhand,Pithoragarh,2021-10-22,2021,10,0.102866591,NRSC VIC MODEL
Uttarakhand,Pithoragarh,2021-11-14,2021,11,0.035370892,NRSC VIC MODEL
Uttarakhand,Pithoragarh,2021-11-16,2021,11,0.009723487,NRSC VIC MODEL
Uttarakhand,Pithoragarh,2021-12-04,2021,12,0.19195855,NRSC VIC MODEL
Uttarakhand,Pithoragarh,2021-12-06,2021,12,0.736134079,NRSC VIC MODEL
Uttarakhand,Pithoragarh,2021-12-08,2021,12,0.224389869,NRSC VIC MODEL
Uttarakhand,Pithoragarh,2021-12-16,2021,12,0.000247426,NRSC VIC MODEL
Uttarakhand,Pithoragarh,2021-12-19,2021,12,0.453731958,NRSC VIC MODEL
Uttarakhand,Pithoragarh,2021-12-31,2021,12,0.005251348,NRSC VIC MODEL
Uttarakhand,Rudra Prayag,2021-01-03,2021,01,2.276580224,NRSC VIC MODEL
Uttarakhand,Rudra Prayag,2021-01-08,2021,01,0,NRSC VIC MODEL
Uttarakhand,Rudra Prayag,2021-01-10,2021,01,0,NRSC VIC MODEL
Uttarakhand,Rudra Prayag,2021-01-16,2021,01,0,NRSC VIC MODEL
Uttarakhand,Rudra Prayag,2021-01-21,2021,01,0,NRSC VIC MODEL
Uttarakhand,Rudra Prayag,2021-01-22,2021,01,0,NRSC VIC MODEL
Uttarakhand,Bageshwar,2021-08-15,2021,08,0.638517817,NRSC VIC MODEL
Uttarakhand,Bageshwar,2021-08-18,2021,08,0.269659949,NRSC VIC MODEL
Uttarakhand,Bageshwar,2021-08-19,2021,08,7.812625695,NRSC VIC MODEL
Uttarakhand,Bageshwar,2021-08-20,2021,08,61.15178466,NRSC VIC MODEL
Uttarakhand,Bageshwar,2021-08-24,2021,08,10.39046762,NRSC VIC MODEL
Uttarakhand,Bageshwar,2021-08-28,2021,08,15.13330532,NRSC VIC MODEL
Uttarakhand,Bageshwar,2021-09-01,2021,09,2.063955547,NRSC VIC MODEL
Uttarakhand,Bageshwar,2021-09-03,2021,09,3.953680691,NRSC VIC MODEL
Uttarakhand,Bageshwar,2021-09-04,2021,09,1.408964559,NRSC VIC MODEL
Uttarakhand,Bageshwar,2021-09-13,2021,09,4.563463172,NRSC VIC MODEL
Uttarakhand,Bageshwar,2021-09-16,2021,09,0.918274611,NRSC VIC MODEL
Uttarakhand,Bageshwar,2021-09-17,2021,09,1.845007125,NRSC VIC MODEL
Uttarakhand,Bageshwar,2021-09-21,2021,09,3.92601007,NRSC VIC MODEL
Uttarakhand,Bageshwar,2021-10-03,2021,10,3.78185487,NRSC VIC MODEL
Uttarakhand,Bageshwar,2021-10-04,2021,10,1.362332445,NRSC VIC MODEL
Uttarakhand,Bageshwar,2021-10-10,2021,10,0.000334966,NRSC VIC MODEL
Uttarakhand,Bageshwar,2021-10-13,2021,10,0,NRSC VIC MODEL
Uttarakhand,Bageshwar,2021-10-16,2021,10,0,NRSC VIC MODEL
Uttarakhand,Bageshwar,2021-10-26,2021,10,0,NRSC VIC MODEL
Uttarakhand,Bageshwar,2021-10-31,2021,10,0.002153356,NRSC VIC MODEL
Uttarakhand,Bageshwar,2021-11-07,2021,11,0,NRSC VIC MODEL
Uttarakhand,Bageshwar,2021-11-09,2021,11,0.043055151,NRSC VIC MODEL
Uttarakhand,Bageshwar,2021-11-14,2021,11,0.254741979,NRSC VIC MODEL
Uttarakhand,Bageshwar,2021-11-25,2021,11,0,NRSC VIC MODEL
Uttarakhand,Bageshwar,2021-12-03,2021,12,0.117238255,NRSC VIC MODEL
Uttarakhand,Bageshwar,2021-12-05,2021,12,0,NRSC VIC MODEL
Uttarakhand,Bageshwar,2021-12-10,2021,12,0,NRSC VIC MODEL
Uttarakhand,Bageshwar,2021-12-13,2021,12,0.192809077,NRSC VIC MODEL
Uttarakhand,Bageshwar,2021-12-19,2021,12,0.025541191,NRSC VIC MODEL
Uttarakhand,Bageshwar,2021-12-22,2021,12,0,NRSC VIC MODEL
Uttarakhand,Bageshwar,2021-12-24,2021,12,0.000143557,NRSC VIC MODEL
Uttarakhand,Bageshwar,2021-12-26,2021,12,0,NRSC VIC MODEL
Uttarakhand,Chamoli,2021-01-03,2021,01,3.961939281,NRSC VIC MODEL
Uttarakhand,Chamoli,2021-01-15,2021,01,0,NRSC VIC MODEL
Uttarakhand,Chamoli,2021-01-24,2021,01,0,NRSC VIC MODEL
Uttarakhand,Chamoli,2021-01-29,2021,01,0,NRSC VIC MODEL
Uttarakhand,Chamoli,2021-02-05,2021,02,9.774148425,NRSC VIC MODEL
Uttarakhand,Chamoli,2021-02-06,2021,02,0.213612268,NRSC VIC MODEL
Uttarakhand,Chamoli,2021-02-10,2021,02,0,NRSC VIC MODEL
Uttarakhand,Chamoli,2021-02-15,2021,02,1.633160383,NRSC VIC MODEL
Uttarakhand,Chamoli,2021-02-16,2021,02,1.057307756,NRSC VIC MODEL
Uttarakhand,Chamoli,2021-02-24,2021,02,0,NRSC VIC MODEL
Uttarakhand,Chamoli,2021-02-25,2021,02,0.75536368,NRSC VIC MODEL
Uttarakhand,Chamoli,2021-02-28,2021,02,0.271047505,NRSC VIC MODEL
Uttarakhand,Chamoli,2021-03-03,2021,03,0.000102059,NRSC VIC MODEL
Uttarakhand,Chamoli,2021-03-13,2021,03,0.450463304,NRSC VIC MODEL
Uttarakhand,Chamoli,2021-03-15,2021,03,0.731924198,NRSC VIC MODEL
Uttarakhand,Chamoli,2021-03-27,2021,03,0.123416188,NRSC VIC MODEL
Uttarakhand,Chamoli,2021-04-05,2021,04,0.129325387,NRSC VIC MODEL
Uttarakhand,Chamoli,2021-04-11,2021,04,0.294691104,NRSC VIC MODEL
Uttarakhand,Chamoli,2021-04-12,2021,04,0.353847731,NRSC VIC MODEL
Uttarakhand,Chamoli,2021-04-14,2021,04,0.622405003,NRSC VIC MODEL
Uttarakhand,Chamoli,2021-04-18,2021,04,3.929124006,NRSC VIC MODEL
Uttarakhand,Chamoli,2021-04-19,2021,04,0.487030937,NRSC VIC MODEL
Uttarakhand,Chamoli,2021-04-21,2021,04,12.30986495,NRSC VIC MODEL
Uttarakhand,Chamoli,2021-05-01,2021,05,6.103215929,NRSC VIC MODEL
Uttarakhand,Chamoli,2021-05-05,2021,05,5.920098802,NRSC VIC MODEL
Uttarakhand,Chamoli,2021-05-17,2021,05,2.947785347,NRSC VIC MODEL
Uttarakhand,Chamoli,2021-05-19,2021,05,4.698534366,NRSC VIC MODEL
Uttarakhand,Chamoli,2021-05-20,2021,05,21.0127678,NRSC VIC MODEL
Uttarakhand,Chamoli,2021-05-21,2021,05,22.17221591,NRSC VIC MODEL
Uttarakhand,Chamoli,2021-05-30,2021,05,3.444450625,NRSC VIC MODEL
Uttarakhand,Chamoli,2021-06-09,2021,06,0.000347,NRSC VIC MODEL
Uttarakhand,Chamoli,2021-06-18,2021,06,16.86088027,NRSC VIC MODEL
Uttarakhand,Chamoli,2021-06-19,2021,06,51.0887363,NRSC VIC MODEL
Uttarakhand,Chamoli,2021-06-23,2021,06,0.388782425,NRSC VIC MODEL
Uttarakhand,Chamoli,2021-06-30,2021,06,0.37109225,NRSC VIC MODEL
Uttarakhand,Chamoli,2021-07-02,2021,07,0.258609951,NRSC VIC MODEL
Uttarakhand,Chamoli,2021-07-03,2021,07,2.714897591,NRSC VIC MODEL
Uttarakhand,Chamoli,2021-07-04,2021,07,0.137105662,NRSC VIC MODEL
Uttarakhand,Chamoli,2021-07-08,2021,07,3.649452541,NRSC VIC MODEL
Uttarakhand,Chamoli,2021-07-09,2021,07,4.855191074,NRSC VIC MODEL
Uttarakhand,Chamoli,2021-07-13,2021,07,2.723412689,NRSC VIC MODEL
Uttarakhand,Chamoli,2021-07-15,2021,07,1.2181999,NRSC VIC MODEL
Uttarakhand,Chamoli,2021-07-19,2021,07,38.88452252,NRSC VIC MODEL
Uttarakhand,Chamoli,2021-07-30,2021,07,5.949093679,NRSC VIC MODEL
Uttarakhand,Chamoli,2021-08-07,2021,08,1.647247886,NRSC VIC MODEL
Uttarakhand,Chamoli,2021-08-11,2021,08,0.921273711,NRSC VIC MODEL
Uttarakhand,Chamoli,2021-08-12,2021,08,0.773091277,NRSC VIC MODEL
Uttarakhand,Chamoli,2021-08-25,2021,08,5.058114394,NRSC VIC MODEL
Uttarakhand,Chamoli,2021-09-02,2021,09,5.993101392,NRSC VIC MODEL
Uttarakhand,Chamoli,2021-09-12,2021,09,9.058897218,NRSC VIC MODEL
Uttarakhand,Chamoli,2021-09-15,2021,09,2.09310494,NRSC VIC MODEL
Uttarakhand,Chamoli,2021-09-16,2021,09,2.465435502,NRSC VIC MODEL
Uttarakhand,Chamoli,2021-09-21,2021,09,6.70270195,NRSC VIC MODEL
Uttarakhand,Chamoli,2021-09-22,2021,09,0.605368004,NRSC VIC MODEL
Uttarakhand,Chamoli,2021-10-02,2021,10,0.311279046,NRSC VIC MODEL
Uttarakhand,Chamoli,2021-10-05,2021,10,0.502050576,NRSC VIC MODEL
Uttarakhand,Chamoli,2021-10-14,2021,10,0,NRSC VIC MODEL
Uttarakhand,Chamoli,2021-10-22,2021,10,0.403421045,NRSC VIC MODEL
Uttarakhand,Chamoli,2021-10-27,2021,10,0.023881737,NRSC VIC MODEL
Uttarakhand,Chamoli,2021-10-28,2021,10,0.134734498,NRSC VIC MODEL
Uttarakhand,Chamoli,2021-10-31,2021,10,0.00158191,NRSC VIC MODEL
Uttarakhand,Chamoli,2021-11-07,2021,11,0,NRSC VIC MODEL
Uttarakhand,Chamoli,2021-11-09,2021,11,0.030787709,NRSC VIC MODEL
Uttarakhand,Chamoli,2021-11-28,2021,11,0.023575561,NRSC VIC MODEL
Uttarakhand,Chamoli,2021-11-29,2021,11,0.024786657,NRSC VIC MODEL
Uttarakhand,Chamoli,2021-12-03,2021,12,0.101718508,NRSC VIC MODEL
Uttarakhand,Chamoli,2021-12-10,2021,12,0.103378663,NRSC VIC MODEL
Uttarakhand,Chamoli,2021-12-11,2021,12,0.02046277,NRSC VIC MODEL
Uttarakhand,Chamoli,2021-12-13,2021,12,0.397984718,NRSC VIC MODEL
Uttarakhand,Chamoli,2021-12-29,2021,12,1.981476532,NRSC VIC MODEL
Uttarakhand,Champawat,2021-01-11,2021,01,0,NRSC VIC MODEL
Uttarakhand,Champawat,2021-01-13,2021,01,0,NRSC VIC MODEL
Uttarakhand,Champawat,2021-01-18,2021,01,0,NRSC VIC MODEL
Uttarakhand,Champawat,2021-01-19,2021,01,0,NRSC VIC MODEL
Uttarakhand,Champawat,2021-01-29,2021,01,0,NRSC VIC MODEL
Uttarakhand,Champawat,2021-01-31,2021,01,0,NRSC VIC MODEL
Uttarakhand,Champawat,2021-02-02,2021,02,0,NRSC VIC MODEL
Uttarakhand,Champawat,2021-02-03,2021,02,0,NRSC VIC MODEL
Uttarakhand,Champawat,2021-02-04,2021,02,0,NRSC VIC MODEL
Uttarakhand,Champawat,2021-02-05,2021,02,9.338087975,NRSC VIC MODEL
Uttarakhand,Champawat,2021-02-15,2021,02,0.276839264,NRSC VIC MODEL
Uttarakhand,Champawat,2021-02-21,2021,02,0,NRSC VIC MODEL
Uttarakhand,Champawat,2021-02-27,2021,02,0.444352595,NRSC VIC MODEL
Uttarakhand,Champawat,2021-03-06,2021,03,0.000304487,NRSC VIC MODEL
Uttarakhand,Champawat,2021-03-11,2021,03,2.808067246,NRSC VIC MODEL
Uttarakhand,Champawat,2021-03-17,2021,03,0,NRSC VIC MODEL
Uttarakhand,Champawat,2021-03-19,2021,03,0,NRSC VIC MODEL
Uttarakhand,Champawat,2021-03-20,2021,03,0,NRSC VIC MODEL
Uttarakhand,Champawat,2021-03-21,2021,03,1.391245184,NRSC VIC MODEL
Uttarakhand,Champawat,2021-03-23,2021,03,1.319401558,NRSC VIC MODEL
Uttarakhand,Champawat,2021-03-25,2021,03,0.917829338,NRSC VIC MODEL
Uttarakhand,Champawat,2021-04-06,2021,04,0,NRSC VIC MODEL
Uttarakhand,Champawat,2021-04-12,2021,04,0.016031222,NRSC VIC MODEL
Uttarakhand,Champawat,2021-04-17,2021,04,0.334813522,NRSC VIC MODEL
Uttarakhand,Champawat,2021-04-30,2021,04,8.703553017,NRSC VIC MODEL
Uttarakhand,Champawat,2021-05-19,2021,05,6.692433908,NRSC VIC MODEL
Uttarakhand,Champawat,2021-05-31,2021,05,0.188933967,NRSC VIC MODEL
Uttarakhand,Champawat,2021-06-09,2021,06,0.002862175,NRSC VIC MODEL
Uttarakhand,Champawat,2021-06-12,2021,06,27.99092502,NRSC VIC MODEL
Uttarakhand,Champawat,2021-06-20,2021,06,62.20715576,NRSC VIC MODEL
Uttarakhand,Champawat,2021-07-10,2021,07,2.280939955,NRSC VIC MODEL
Uttarakhand,Champawat,2021-07-14,2021,07,27.0355677,NRSC VIC MODEL
Uttarakhand,Champawat,2021-07-24,2021,07,1.754528208,NRSC VIC MODEL
Uttarakhand,Champawat,2021-08-01,2021,08,5.847392104,NRSC VIC MODEL
Uttarakhand,Champawat,2021-08-07,2021,08,2.939224871,NRSC VIC MODEL
Uttarakhand,Champawat,2021-08-16,2021,08,3.521905752,NRSC VIC MODEL
Uttarakhand,Champawat,2021-08-23,2021,08,0.192085404,NRSC VIC MODEL
Uttarakhand,Champawat,2021-08-24,2021,08,35.45718131,NRSC VIC MODEL
Uttarakhand,Champawat,2021-08-30,2021,08,6.770001883,NRSC VIC MODEL
Uttarakhand,Champawat,2021-09-02,2021,09,0.905269264,NRSC VIC MODEL
Uttarakhand,Champawat,2021-09-12,2021,09,2.78928042,NRSC VIC MODEL
Uttarakhand,Champawat,2021-09-18,2021,09,0.006698706,NRSC VIC MODEL
Uttarakhand,Champawat,2021-09-19,2021,09,0.001248395,NRSC VIC MODEL
Uttarakhand,Champawat,2021-09-21,2021,09,0.69002765,NRSC VIC MODEL
Uttarakhand,Champawat,2021-09-24,2021,09,3.376924433,NRSC VIC MODEL
Uttarakhand,Champawat,2021-10-06,2021,10,0.441612215,NRSC VIC MODEL
Uttarakhand,Champawat,2021-10-07,2021,10,0,NRSC VIC MODEL
Uttarakhand,Champawat,2021-10-11,2021,10,0,NRSC VIC MODEL
Uttarakhand,Champawat,2021-10-21,2021,10,0.004019224,NRSC VIC MODEL
Uttarakhand,Champawat,2021-10-28,2021,10,0,NRSC VIC MODEL
Uttarakhand,Champawat,2021-10-29,2021,10,0,NRSC VIC MODEL
Uttarakhand,Champawat,2021-10-30,2021,10,0,NRSC VIC MODEL
Uttarakhand,Champawat,2021-11-07,2021,11,0,NRSC VIC MODEL
Uttarakhand,Champawat,2021-11-24,2021,11,0,NRSC VIC MODEL
Uttarakhand,Champawat,2021-12-05,2021,12,0,NRSC VIC MODEL
Uttarakhand,Champawat,2021-12-06,2021,12,0.157937226,NRSC VIC MODEL
Uttarakhand,Champawat,2021-12-12,2021,12,0,NRSC VIC MODEL
Uttarakhand,Champawat,2021-12-22,2021,12,0,NRSC VIC MODEL
Uttarakhand,Champawat,2021-12-28,2021,12,0,NRSC VIC MODEL
Uttarakhand,Dehradun,2021-01-22,2021,01,0,NRSC VIC MODEL
Uttarakhand,Dehradun,2021-01-24,2021,01,0,NRSC VIC MODEL
Uttarakhand,Dehradun,2021-01-26,2021,01,0,NRSC VIC MODEL
Uttarakhand,Dehradun,2021-02-02,2021,02,0,NRSC VIC MODEL
Uttarakhand,Dehradun,2021-02-05,2021,02,22.67249104,NRSC VIC MODEL
Uttarakhand,Haridwar,2021-03-16,2021,03,0,NRSC VIC MODEL
Uttarakhand,Haridwar,2021-03-22,2021,03,0.72504176,NRSC VIC MODEL
Uttarakhand,Haridwar,2021-03-26,2021,03,0,NRSC VIC MODEL
Uttarakhand,Haridwar,2021-03-28,2021,03,0,NRSC VIC MODEL
Uttarakhand,Haridwar,2021-04-05,2021,04,0.001683289,NRSC VIC MODEL
Uttarakhand,Haridwar,2021-04-06,2021,04,0,NRSC VIC MODEL
Uttarakhand,Haridwar,2021-04-08,2021,04,0.002711966,NRSC VIC MODEL
Uttarakhand,Haridwar,2021-04-12,2021,04,0,NRSC VIC MODEL
Uttarakhand,Haridwar,2021-04-13,2021,04,0,NRSC VIC MODEL
Uttarakhand,Haridwar,2021-04-14,2021,04,0,NRSC VIC MODEL
Uttarakhand,Haridwar,2021-04-15,2021,04,0,NRSC VIC MODEL
Uttarakhand,Haridwar,2021-04-18,2021,04,1.015257186,NRSC VIC MODEL
Uttarakhand,Haridwar,2021-05-12,2021,05,1.809021566,NRSC VIC MODEL
Uttarakhand,Haridwar,2021-05-13,2021,05,4.853963168,NRSC VIC MODEL
Uttarakhand,Haridwar,2021-05-19,2021,05,2.186721272,NRSC VIC MODEL
Uttarakhand,Haridwar,2021-05-22,2021,05,0,NRSC VIC MODEL
Uttarakhand,Haridwar,2021-06-01,2021,06,17.6603223,NRSC VIC MODEL
Uttarakhand,Haridwar,2021-06-03,2021,06,5.743826996,NRSC VIC MODEL
Uttarakhand,Haridwar,2021-06-05,2021,06,3.163099153,NRSC VIC MODEL
Uttarakhand,Haridwar,2021-06-08,2021,06,0.003179546,NRSC VIC MODEL
Uttarakhand,Haridwar,2021-06-11,2021,06,14.3807255,NRSC VIC MODEL
Uttarakhand,Haridwar,2021-06-14,2021,06,0.502765757,NRSC VIC MODEL
Uttarakhand,Haridwar,2021-06-25,2021,06,0.024232351,NRSC VIC MODEL
Uttarakhand,Haridwar,2021-06-29,2021,06,0.041696477,NRSC VIC MODEL
Uttarakhand,Haridwar,2021-07-02,2021,07,0,NRSC VIC MODEL
Uttarakhand,Haridwar,2021-07-05,2021,07,8.234054666,NRSC VIC MODEL
Uttarakhand,Haridwar,2021-07-08,2021,07,0.019170794,NRSC VIC MODEL
Uttarakhand,Haridwar,2021-07-09,2021,07,8.902437378,NRSC VIC MODEL
Uttarakhand,Haridwar,2021-07-12,2021,07,11.65292026,NRSC VIC MODEL
Uttarakhand,Haridwar,2021-07-18,2021,07,35.49738996,NRSC VIC MODEL
Uttarakhand,Haridwar,2021-07-26,2021,07,20.91007577,NRSC VIC MODEL
Uttarakhand,Haridwar,2021-07-31,2021,07,15.12357038,NRSC VIC MODEL
Uttarakhand,Haridwar,2021-08-11,2021,08,0.494688307,NRSC VIC MODEL
Uttarakhand,Haridwar,2021-08-19,2021,08,7.741458781,NRSC VIC MODEL
Uttarakhand,Haridwar,2021-08-28,2021,08,18.00974508,NRSC VIC MODEL
Uttarakhand,Haridwar,2021-09-03,2021,09,8.773081278,NRSC VIC MODEL
Uttarakhand,Haridwar,2021-09-16,2021,09,3.154928187,NRSC VIC MODEL
Uttarakhand,Haridwar,2021-09-17,2021,09,3.81092002,NRSC VIC MODEL
Uttarakhand,Haridwar,2021-09-18,2021,09,0.094708397,NRSC VIC MODEL
Uttarakhand,Haridwar,2021-09-27,2021,09,0.210948869,NRSC VIC MODEL
Uttarakhand,Haridwar,2021-09-28,2021,09,0.903178179,NRSC VIC MODEL
Uttarakhand,Haridwar,2021-10-17,2021,10,1.091192232,NRSC VIC MODEL
Uttarakhand,Haridwar,2021-10-21,2021,10,0,NRSC VIC MODEL
Uttarakhand,Haridwar,2021-11-03,2021,11,0,NRSC VIC MODEL
Uttarakhand,Haridwar,2021-11-04,2021,11,0,NRSC VIC MODEL
Uttarakhand,Haridwar,2021-11-07,2021,11,0,NRSC VIC MODEL
Uttarakhand,Haridwar,2021-11-20,2021,11,0.011221928,NRSC VIC MODEL
Uttarakhand,Haridwar,2021-11-21,2021,11,0,NRSC VIC MODEL
Uttarakhand,Haridwar,2021-12-02,2021,12,0.005295347,NRSC VIC MODEL
Uttarakhand,Haridwar,2021-12-10,2021,12,0,NRSC VIC MODEL
Uttarakhand,Haridwar,2021-12-16,2021,12,0,NRSC VIC MODEL
Uttarakhand,Haridwar,2021-12-19,2021,12,0,NRSC VIC MODEL
Uttarakhand,Haridwar,2021-12-22,2021,12,0,NRSC VIC MODEL
Uttarakhand,Haridwar,2021-12-24,2021,12,0.053187263,NRSC VIC MODEL
Uttarakhand,Haridwar,2021-12-26,2021,12,0,NRSC VIC MODEL
Uttarakhand,Nainital,2021-01-03,2021,01,7.988031163,NRSC VIC MODEL
Uttarakhand,Nainital,2021-01-13,2021,01,0,NRSC VIC MODEL
Uttarakhand,Nainital,2021-01-14,2021,01,0,NRSC VIC MODEL
Uttarakhand,Nainital,2021-01-17,2021,01,0,NRSC VIC MODEL
Uttarakhand,Nainital,2021-01-24,2021,01,0,NRSC VIC MODEL
Uttarakhand,Nainital,2021-01-25,2021,01,0,NRSC VIC MODEL
Uttarakhand,Nainital,2021-01-28,2021,01,0,NRSC VIC MODEL
Uttarakhand,Nainital,2021-02-05,2021,02,9.292481209,NRSC VIC MODEL
Uttarakhand,Nainital,2021-02-12,2021,02,0,NRSC VIC MODEL
Uttarakhand,Nainital,2021-02-13,2021,02,0,NRSC VIC MODEL
Uttarakhand,Nainital,2021-02-18,2021,02,0.773698805,NRSC VIC MODEL
Uttarakhand,Nainital,2021-02-23,2021,02,0,NRSC VIC MODEL
Uttarakhand,Nainital,2021-03-01,2021,03,0,NRSC VIC MODEL
Uttarakhand,Nainital,2021-03-02,2021,03,0,NRSC VIC MODEL
Uttarakhand,Nainital,2021-03-17,2021,03,0,NRSC VIC MODEL
Uttarakhand,Nainital,2021-03-18,2021,03,0,NRSC VIC MODEL
Uttarakhand,Nainital,2021-03-21,2021,03,0.081717867,NRSC VIC MODEL
Uttarakhand,Nainital,2021-03-23,2021,03,0.941067629,NRSC VIC MODEL
Uttarakhand,Nainital,2021-03-24,2021,03,0.248290629,NRSC VIC MODEL
Uttarakhand,Nainital,2021-04-01,2021,04,0,NRSC VIC MODEL
Uttarakhand,Nainital,2021-04-22,2021,04,14.53625462,NRSC VIC MODEL
Uttarakhand,Nainital,2021-04-25,2021,04,0.380639438,NRSC VIC MODEL
Uttarakhand,Nainital,2021-05-06,2021,05,1.870889185,NRSC VIC MODEL
Uttarakhand,Nainital,2021-05-09,2021,05,5.739976882,NRSC VIC MODEL
Uttarakhand,Nainital,2021-05-13,2021,05,43.52979175,NRSC VIC MODEL
Uttarakhand,Nainital,2021-05-18,2021,05,1.920292301,NRSC VIC MODEL
Uttarakhand,Nainital,2021-05-24,2021,05,0.219713325,NRSC VIC MODEL
Uttarakhand,Nainital,2021-06-05,2021,06,0.065600969,NRSC VIC MODEL
Uttarakhand,Nainital,2021-06-09,2021,06,0.000337315,NRSC VIC MODEL
Uttarakhand,Nainital,2021-06-10,2021,06,26.21046794,NRSC VIC MODEL
Uttarakhand,Nainital,2021-06-12,2021,06,22.43803441,NRSC VIC MODEL
Uttarakhand,Nainital,2021-06-16,2021,06,12.04204829,NRSC VIC MODEL
Uttarakhand,Nainital,2021-06-19,2021,06,57.23405958,NRSC VIC MODEL
Uttarakhand,Nainital,2021-06-22,2021,06,0.429226252,NRSC VIC MODEL
