State,District,Date,Year,Month,Avg_rainfall,Agency_name
Uttarakhand,Nainital,2024-12-01,2024,12,0.0001314533,NRSC VIC MODEL
Uttarakhand,Nainital,2024-12-17,2024,12,0,NRSC VIC MODEL
Uttarakhand,Nainital,2024-12-27,2024,12,0,NRSC VIC MODEL
Uttarakhand,Pauri Garhwal,2024-01-10,2024,01,0,NRSC VIC MODEL
Uttarakhand,Pauri Garhwal,2024-01-15,2024,01,0,NRSC VIC MODEL
Uttarakhand,Pauri Garhwal,2024-01-16,2024,01,0,NRSC VIC MODEL
Uttarakhand,Pauri Garhwal,2024-01-18,2024,01,0.000494673,NRSC VIC MODEL
Uttarakhand,Pauri Garhwal,2024-01-20,2024,01,0.1233266648,NRSC VIC MODEL
Uttarakhand,Pauri Garhwal,2024-01-21,2024,01,0,NRSC VIC MODEL
Uttarakhand,Pauri Garhwal,2024-01-27,2024,01,0,NRSC VIC MODEL
Uttarakhand,Pauri Garhwal,2024-01-30,2024,01,0,NRSC VIC MODEL
Uttarakhand,Pauri Garhwal,2024-02-03,2024,02,0.2173702521,NRSC VIC MODEL
Uttarakhand,Pauri Garhwal,2024-02-04,2024,02,2.7842619578,NRSC VIC MODEL
Uttarakhand,Pauri Garhwal,2024-02-24,2024,02,0.1277449611,NRSC VIC MODEL
Uttarakhand,Pauri Garhwal,2024-02-29,2024,02,0,NRSC VIC MODEL
Uttarakhand,Pauri Garhwal,2024-03-05,2024,03,0.1079656408,NRSC VIC MODEL
Uttarakhand,Pauri Garhwal,2024-03-07,2024,03,0.0092163785,NRSC VIC MODEL
Uttarakhand,Pauri Garhwal,2024-03-09,2024,03,0,NRSC VIC MODEL
Uttarakhand,Pauri Garhwal,2024-03-11,2024,03,0.0009935695,NRSC VIC MODEL
Uttarakhand,Pauri Garhwal,2024-03-14,2024,03,0,NRSC VIC MODEL
Uttarakhand,Pauri Garhwal,2024-03-18,2024,03,0,NRSC VIC MODEL
Uttarakhand,Pauri Garhwal,2024-03-20,2024,03,1.9660679525,NRSC VIC MODEL
Uttarakhand,Pauri Garhwal,2024-03-21,2024,03,0,NRSC VIC MODEL
Uttarakhand,Pauri Garhwal,2024-03-23,2024,03,0,NRSC VIC MODEL
Uttarakhand,Pauri Garhwal,2024-03-24,2024,03,0.0233774424,NRSC VIC MODEL
Uttarakhand,Pauri Garhwal,2024-03-27,2024,03,0,NRSC VIC MODEL
Uttarakhand,Pauri Garhwal,2024-03-28,2024,03,0.0069946004,NRSC VIC MODEL
Uttarakhand,Pauri Garhwal,2024-03-29,2024,03,0.003539239,NRSC VIC MODEL
Uttarakhand,Pauri Garhwal,2024-03-30,2024,03,2.305407019,NRSC VIC MODEL
Uttarakhand,Pauri Garhwal,2024-04-16,2024,04,0,NRSC VIC MODEL
Uttarakhand,Pauri Garhwal,2024-04-23,2024,04,6.87726e-05,NRSC VIC MODEL
Uttarakhand,Pauri Garhwal,2024-04-24,2024,04,0.0051582147,NRSC VIC MODEL
Uttarakhand,Pauri Garhwal,2024-04-25,2024,04,0,NRSC VIC MODEL
Uttarakhand,Pauri Garhwal,2024-04-26,2024,04,0,NRSC VIC MODEL
Uttarakhand,Pauri Garhwal,2024-04-29,2024,04,0.004380106,NRSC VIC MODEL
Uttarakhand,Pauri Garhwal,2024-05-13,2024,05,0.0705643156,NRSC VIC MODEL
Uttarakhand,Pauri Garhwal,2024-05-16,2024,05,0.275839884,NRSC VIC MODEL
Uttarakhand,Pauri Garhwal,2024-05-20,2024,05,0.8917478749,NRSC VIC MODEL
Uttarakhand,Pauri Garhwal,2024-05-25,2024,05,0,NRSC VIC MODEL
Uttarakhand,Pauri Garhwal,2024-05-28,2024,05,0,NRSC VIC MODEL
Uttarakhand,Pauri Garhwal,2024-06-02,2024,06,0.4690563854,NRSC VIC MODEL
Uttarakhand,Pauri Garhwal,2024-06-06,2024,06,1.8668724354,NRSC VIC MODEL
Uttarakhand,Pauri Garhwal,2024-06-12,2024,06,0.0023235788,NRSC VIC MODEL
Uttarakhand,Pauri Garhwal,2024-06-20,2024,06,3.1993201081,NRSC VIC MODEL
Uttarakhand,Pauri Garhwal,2024-06-21,2024,06,0.2900086829,NRSC VIC MODEL
Uttarakhand,Pauri Garhwal,2024-07-09,2024,07,1.0801585959,NRSC VIC MODEL
Uttarakhand,Pauri Garhwal,2024-07-16,2024,07,4.5283061665,NRSC VIC MODEL
Uttarakhand,Pauri Garhwal,2024-07-19,2024,07,3.8909036348,NRSC VIC MODEL
Uttarakhand,Pauri Garhwal,2024-07-21,2024,07,14.3275160298,NRSC VIC MODEL
Uttarakhand,Pauri Garhwal,2024-07-25,2024,07,0,NRSC VIC MODEL
Uttarakhand,Pauri Garhwal,2024-07-31,2024,07,1.3071244292,NRSC VIC MODEL
Uttarakhand,Pauri Garhwal,2024-08-06,2024,08,4.2482855748,NRSC VIC MODEL
Uttarakhand,Pauri Garhwal,2024-08-15,2024,08,18.6161733559,NRSC VIC MODEL
Uttarakhand,Pauri Garhwal,2024-08-18,2024,08,20.0333928016,NRSC VIC MODEL
Uttarakhand,Pauri Garhwal,2024-08-20,2024,08,20.8133166353,NRSC VIC MODEL
Uttarakhand,Pauri Garhwal,2024-08-23,2024,08,14.5092568966,NRSC VIC MODEL
Uttarakhand,Pauri Garhwal,2024-08-25,2024,08,6.9097456334,NRSC VIC MODEL
Uttarakhand,Pauri Garhwal,2024-08-27,2024,08,9.2408297771,NRSC VIC MODEL
Uttarakhand,Pauri Garhwal,2024-08-31,2024,08,3.1530005326,NRSC VIC MODEL
Uttarakhand,Pauri Garhwal,2024-09-03,2024,09,10.018710545,NRSC VIC MODEL
Uttarakhand,Pauri Garhwal,2024-09-07,2024,09,4.2390421769,NRSC VIC MODEL
Uttarakhand,Pauri Garhwal,2024-09-15,2024,09,2.1834226052,NRSC VIC MODEL
Uttarakhand,Pauri Garhwal,2024-09-23,2024,09,1.1291571615,NRSC VIC MODEL
Uttarakhand,Pauri Garhwal,2024-09-28,2024,09,5.4202039339,NRSC VIC MODEL
Uttarakhand,Pauri Garhwal,2024-09-29,2024,09,0.6920000834,NRSC VIC MODEL
Uttarakhand,Pauri Garhwal,2024-10-06,2024,10,0.1532255676,NRSC VIC MODEL
Uttarakhand,Pauri Garhwal,2024-10-07,2024,10,0.2215123425,NRSC VIC MODEL
Uttarakhand,Pauri Garhwal,2024-10-08,2024,10,0.0196180501,NRSC VIC MODEL
Uttarakhand,Pauri Garhwal,2024-10-09,2024,10,0.0403570234,NRSC VIC MODEL
Uttarakhand,Pauri Garhwal,2024-11-02,2024,11,0,NRSC VIC MODEL
Uttarakhand,Pauri Garhwal,2024-11-03,2024,11,0,NRSC VIC MODEL
Uttarakhand,Pauri Garhwal,2024-11-06,2024,11,0,NRSC VIC MODEL
Uttarakhand,Pauri Garhwal,2024-11-07,2024,11,0,NRSC VIC MODEL
Uttarakhand,Pauri Garhwal,2024-11-11,2024,11,0.1858653147,NRSC VIC MODEL
Uttarakhand,Pauri Garhwal,2024-11-12,2024,11,0.096125746,NRSC VIC MODEL
Uttarakhand,Pauri Garhwal,2024-11-13,2024,11,0,NRSC VIC MODEL
Uttarakhand,Pauri Garhwal,2024-11-19,2024,11,0,NRSC VIC MODEL
Uttarakhand,Pauri Garhwal,2024-11-20,2024,11,0,NRSC VIC MODEL
Uttarakhand,Pauri Garhwal,2024-11-28,2024,11,0,NRSC VIC MODEL
Uttarakhand,Pauri Garhwal,2024-12-03,2024,12,0,NRSC VIC MODEL
Uttarakhand,Pauri Garhwal,2024-12-14,2024,12,0,NRSC VIC MODEL
Uttarakhand,Pauri Garhwal,2024-12-18,2024,12,0,NRSC VIC MODEL
Uttarakhand,Pauri Garhwal,2024-12-24,2024,12,0.4177476849,NRSC VIC MODEL
Uttarakhand,Pauri Garhwal,2024-12-28,2024,12,20.7203849749,NRSC VIC MODEL
Uttarakhand,Pauri Garhwal,2024-12-31,2024,12,0.000344266,NRSC VIC MODEL
Uttarakhand,Pithoragarh,2024-01-08,2024,01,0,NRSC VIC MODEL
Uttarakhand,Pithoragarh,2024-01-18,2024,01,0,NRSC VIC MODEL
Uttarakhand,Pithoragarh,2024-01-28,2024,01,0,NRSC VIC MODEL
Uttarakhand,Pithoragarh,2024-02-01,2024,02,3.1112915823,NRSC VIC MODEL
Uttarakhand,Pithoragarh,2024-02-10,2024,02,0.0036479358,NRSC VIC MODEL
Uttarakhand,Pithoragarh,2024-02-13,2024,02,0,NRSC VIC MODEL
Uttarakhand,Pithoragarh,2024-02-16,2024,02,0.0008201006,NRSC VIC MODEL
Uttarakhand,Pithoragarh,2024-02-18,2024,02,0.0445447951,NRSC VIC MODEL
Uttarakhand,Pithoragarh,2024-02-22,2024,02,0.2344874438,NRSC VIC MODEL
Uttarakhand,Pithoragarh,2024-02-29,2024,02,0.0255317581,NRSC VIC MODEL
Uttarakhand,Pithoragarh,2024-03-02,2024,03,4.0186920079,NRSC VIC MODEL
Uttarakhand,Pithoragarh,2024-03-03,2024,03,19.0397728719,NRSC VIC MODEL
Uttarakhand,Pithoragarh,2024-03-10,2024,03,0,NRSC VIC MODEL
Uttarakhand,Pithoragarh,2024-03-11,2024,03,0,NRSC VIC MODEL
Uttarakhand,Pithoragarh,2024-03-18,2024,03,0,NRSC VIC MODEL
Uttarakhand,Pithoragarh,2024-03-30,2024,03,0.118674789,NRSC VIC MODEL
Uttarakhand,Pithoragarh,2024-04-19,2024,04,0,NRSC VIC MODEL
Uttarakhand,Pithoragarh,2024-04-21,2024,04,0,NRSC VIC MODEL
Uttarakhand,Pithoragarh,2024-04-23,2024,04,0.0449932219,NRSC VIC MODEL
Uttarakhand,Pithoragarh,2024-04-26,2024,04,0,NRSC VIC MODEL
Uttarakhand,Pithoragarh,2024-04-27,2024,04,0.0128556193,NRSC VIC MODEL
Uttarakhand,Pithoragarh,2024-05-02,2024,05,0.67757633,NRSC VIC MODEL
Uttarakhand,Pithoragarh,2024-05-04,2024,05,1.3237821795,NRSC VIC MODEL
Uttarakhand,Pithoragarh,2024-05-09,2024,05,3.0080850423,NRSC VIC MODEL
Uttarakhand,Pithoragarh,2024-05-12,2024,05,0.9900741481,NRSC VIC MODEL
Uttarakhand,Pithoragarh,2024-05-15,2024,05,1.8548435224,NRSC VIC MODEL
Uttarakhand,Pithoragarh,2024-05-17,2024,05,0.0011168761,NRSC VIC MODEL
Uttarakhand,Pithoragarh,2024-05-22,2024,05,4.8346603827,NRSC VIC MODEL
Uttarakhand,Pithoragarh,2024-05-24,2024,05,0.3957474864,NRSC VIC MODEL
Uttarakhand,Pithoragarh,2024-05-25,2024,05,0.8877797678,NRSC VIC MODEL
Uttarakhand,Pithoragarh,2024-05-30,2024,05,0.0242940633,NRSC VIC MODEL
Uttarakhand,Pithoragarh,2024-06-02,2024,06,1.0531075301,NRSC VIC MODEL
Uttarakhand,Pithoragarh,2024-06-04,2024,06,3.0248577203,NRSC VIC MODEL
Uttarakhand,Pithoragarh,2024-06-10,2024,06,0.6235010824,NRSC VIC MODEL
Uttarakhand,Pithoragarh,2024-06-15,2024,06,0.0567528042,NRSC VIC MODEL
Uttarakhand,Pithoragarh,2024-06-20,2024,06,9.5874964373,NRSC VIC MODEL
Uttarakhand,Pithoragarh,2024-06-24,2024,06,2.0951172961,NRSC VIC MODEL
Uttarakhand,Pithoragarh,2024-07-01,2024,07,11.3640000456,NRSC VIC MODEL
Uttarakhand,Pithoragarh,2024-07-03,2024,07,24.1417265188,NRSC VIC MODEL
Uttarakhand,Pithoragarh,2024-07-05,2024,07,21.9517783838,NRSC VIC MODEL
Uttarakhand,Pithoragarh,2024-07-14,2024,07,4.8181447956,NRSC VIC MODEL
Uttarakhand,Pithoragarh,2024-07-21,2024,07,7.4187610804,NRSC VIC MODEL
Uttarakhand,Pithoragarh,2024-07-24,2024,07,6.166775959,NRSC VIC MODEL
Uttarakhand,Pithoragarh,2024-07-26,2024,07,23.9931652567,NRSC VIC MODEL
Uttarakhand,Pithoragarh,2024-08-02,2024,08,15.7059490458,NRSC VIC MODEL
Uttarakhand,Pithoragarh,2024-08-04,2024,08,7.8110408899,NRSC VIC MODEL
Uttarakhand,Pithoragarh,2024-08-12,2024,08,11.1509399462,NRSC VIC MODEL
Uttarakhand,Pithoragarh,2024-08-15,2024,08,11.3756150949,NRSC VIC MODEL
Uttarakhand,Pithoragarh,2024-08-21,2024,08,4.118068974,NRSC VIC MODEL
Uttarakhand,Pithoragarh,2024-08-24,2024,08,8.5051610184,NRSC VIC MODEL
Uttarakhand,Pithoragarh,2024-08-26,2024,08,5.169005056,NRSC VIC MODEL
Uttarakhand,Pithoragarh,2024-08-27,2024,08,5.6641283343,NRSC VIC MODEL
Uttarakhand,Pithoragarh,2024-09-02,2024,09,10.8791488718,NRSC VIC MODEL
Uttarakhand,Pithoragarh,2024-09-10,2024,09,7.3397897993,NRSC VIC MODEL
Uttarakhand,Pithoragarh,2024-09-11,2024,09,18.5682017853,NRSC VIC MODEL
Uttarakhand,Pithoragarh,2024-09-14,2024,09,2.1722443688,NRSC VIC MODEL
Uttarakhand,Pithoragarh,2024-09-15,2024,09,1.1030757241,NRSC VIC MODEL
Uttarakhand,Pithoragarh,2024-09-16,2024,09,1.8377179073,NRSC VIC MODEL
Uttarakhand,Pithoragarh,2024-09-30,2024,09,0.3492490998,NRSC VIC MODEL
Uttarakhand,Pithoragarh,2024-10-03,2024,10,1.7235849313,NRSC VIC MODEL
Uttarakhand,Pithoragarh,2024-10-06,2024,10,0.3991460289,NRSC VIC MODEL
Uttarakhand,Pithoragarh,2024-10-07,2024,10,0.416206037,NRSC VIC MODEL
Uttarakhand,Pithoragarh,2024-10-08,2024,10,0.1157160932,NRSC VIC MODEL
Uttarakhand,Pithoragarh,2024-10-09,2024,10,0.0031765829,NRSC VIC MODEL
Uttarakhand,Pithoragarh,2024-10-10,2024,10,0.521460558,NRSC VIC MODEL
Uttarakhand,Pithoragarh,2024-10-13,2024,10,0,NRSC VIC MODEL
Uttarakhand,Pithoragarh,2024-10-14,2024,10,0.4091517485,NRSC VIC MODEL
Uttarakhand,Pithoragarh,2024-10-15,2024,10,0.0972806585,NRSC VIC MODEL
Uttarakhand,Pithoragarh,2024-10-16,2024,10,1.4660301779,NRSC VIC MODEL
Uttarakhand,Pithoragarh,2024-10-24,2024,10,0,NRSC VIC MODEL
Uttarakhand,Pithoragarh,2024-10-27,2024,10,0,NRSC VIC MODEL
Uttarakhand,Pithoragarh,2024-10-29,2024,10,0.0018469956,NRSC VIC MODEL
Uttarakhand,Pithoragarh,2024-10-30,2024,10,0.0065394921,NRSC VIC MODEL
Uttarakhand,Pithoragarh,2024-11-02,2024,11,0.262639228,NRSC VIC MODEL
Uttarakhand,Pithoragarh,2024-11-03,2024,11,0,NRSC VIC MODEL
Uttarakhand,Pithoragarh,2024-11-15,2024,11,0,NRSC VIC MODEL
Uttarakhand,Pithoragarh,2024-11-19,2024,11,0,NRSC VIC MODEL
Uttarakhand,Pithoragarh,2024-11-23,2024,11,1.5123699847,NRSC VIC MODEL
Uttarakhand,Pithoragarh,2024-11-24,2024,11,0,NRSC VIC MODEL
Uttarakhand,Pithoragarh,2024-11-26,2024,11,0,NRSC VIC MODEL
Uttarakhand,Pithoragarh,2024-12-10,2024,12,0.9166642979,NRSC VIC MODEL
Uttarakhand,Pithoragarh,2024-12-15,2024,12,0.0013776741,NRSC VIC MODEL
Uttarakhand,Pithoragarh,2024-12-23,2024,12,0,NRSC VIC MODEL
Uttarakhand,Pithoragarh,2024-12-27,2024,12,0.0492802655,NRSC VIC MODEL
Uttarakhand,Rudra Prayag,2024-01-03,2024,01,0,NRSC VIC MODEL
Uttarakhand,Rudra Prayag,2024-01-11,2024,01,0,NRSC VIC MODEL
Uttarakhand,Rudra Prayag,2024-01-16,2024,01,0,NRSC VIC MODEL
Uttarakhand,Rudra Prayag,2024-01-31,2024,01,0,NRSC VIC MODEL
Uttarakhand,Rudra Prayag,2024-02-02,2024,02,0.0660021741,NRSC VIC MODEL
Uttarakhand,Rudra Prayag,2024-02-07,2024,02,0,NRSC VIC MODEL
Uttarakhand,Rudra Prayag,2024-02-11,2024,02,0,NRSC VIC MODEL
Uttarakhand,Rudra Prayag,2024-02-12,2024,02,0,NRSC VIC MODEL
Uttarakhand,Rudra Prayag,2024-02-13,2024,02,0,NRSC VIC MODEL
Uttarakhand,Rudra Prayag,2024-02-20,2024,02,7.1464359902,NRSC VIC MODEL
Uttarakhand,Rudra Prayag,2024-03-09,2024,03,0,NRSC VIC MODEL
Uttarakhand,Rudra Prayag,2024-03-13,2024,03,0.0254155138,NRSC VIC MODEL
Uttarakhand,Rudra Prayag,2024-03-16,2024,03,0,NRSC VIC MODEL
Uttarakhand,Rudra Prayag,2024-03-23,2024,03,5.81219e-05,NRSC VIC MODEL
Uttarakhand,Rudra Prayag,2024-04-03,2024,04,0,NRSC VIC MODEL
Uttarakhand,Rudra Prayag,2024-04-06,2024,04,0,NRSC VIC MODEL
Uttarakhand,Rudra Prayag,2024-04-25,2024,04,0,NRSC VIC MODEL
Uttarakhand,Rudra Prayag,2024-04-27,2024,04,1.7610958245,NRSC VIC MODEL
Uttarakhand,Rudra Prayag,2024-04-30,2024,04,0.4699899689,NRSC VIC MODEL
Uttarakhand,Rudra Prayag,2024-05-01,2024,05,0.3147720277,NRSC VIC MODEL
Uttarakhand,Rudra Prayag,2024-05-02,2024,05,0.2286687356,NRSC VIC MODEL
Uttarakhand,Rudra Prayag,2024-05-12,2024,05,7.9415263474,NRSC VIC MODEL
Uttarakhand,Bageshwar,2024-11-26,2024,11,0,NRSC VIC MODEL
Uttarakhand,Bageshwar,2024-12-13,2024,12,0.1646023267,NRSC VIC MODEL
Uttarakhand,Bageshwar,2024-12-14,2024,12,0,NRSC VIC MODEL
Uttarakhand,Bageshwar,2024-12-19,2024,12,0.2702648552,NRSC VIC MODEL
Uttarakhand,Chamoli,2024-01-04,2024,01,0.0059806373,NRSC VIC MODEL
Uttarakhand,Chamoli,2024-01-06,2024,01,0,NRSC VIC MODEL
Uttarakhand,Chamoli,2024-02-04,2024,02,0.8522773402,NRSC VIC MODEL
Uttarakhand,Chamoli,2024-02-06,2024,02,0.5358762037,NRSC VIC MODEL
Uttarakhand,Chamoli,2024-02-10,2024,02,0.0802013611,NRSC VIC MODEL
Uttarakhand,Chamoli,2024-02-18,2024,02,0,NRSC VIC MODEL
Uttarakhand,Chamoli,2024-02-19,2024,02,8.4795284692,NRSC VIC MODEL
Uttarakhand,Chamoli,2024-02-24,2024,02,1.0261371926,NRSC VIC MODEL
Uttarakhand,Chamoli,2024-02-25,2024,02,2.9087792187,NRSC VIC MODEL
Uttarakhand,Chamoli,2024-03-04,2024,03,26.8590517323,NRSC VIC MODEL
Uttarakhand,Chamoli,2024-03-12,2024,03,0.7165667213,NRSC VIC MODEL
Uttarakhand,Chamoli,2024-03-23,2024,03,0.0990889113,NRSC VIC MODEL
Uttarakhand,Chamoli,2024-03-29,2024,03,0,NRSC VIC MODEL
Uttarakhand,Chamoli,2024-04-03,2024,04,0.0514899815,NRSC VIC MODEL
Uttarakhand,Chamoli,2024-04-07,2024,04,0,NRSC VIC MODEL
Uttarakhand,Chamoli,2024-04-12,2024,04,6.0507006284,NRSC VIC MODEL
Uttarakhand,Chamoli,2024-04-17,2024,04,0,NRSC VIC MODEL
Uttarakhand,Chamoli,2024-04-27,2024,04,0.9744382387,NRSC VIC MODEL
Uttarakhand,Chamoli,2024-04-28,2024,04,7.0199631668,NRSC VIC MODEL
Uttarakhand,Chamoli,2024-05-13,2024,05,0.4053052328,NRSC VIC MODEL
Uttarakhand,Chamoli,2024-05-15,2024,05,0.1751937466,NRSC VIC MODEL
Uttarakhand,Chamoli,2024-05-22,2024,05,0.4271136407,NRSC VIC MODEL
Uttarakhand,Chamoli,2024-05-25,2024,05,0.8661048498,NRSC VIC MODEL
Uttarakhand,Chamoli,2024-05-30,2024,05,0.0104281071,NRSC VIC MODEL
Uttarakhand,Chamoli,2024-06-03,2024,06,0.6490404775,NRSC VIC MODEL
Uttarakhand,Chamoli,2024-06-05,2024,06,2.2270799617,NRSC VIC MODEL
Uttarakhand,Chamoli,2024-06-21,2024,06,1.3924922006,NRSC VIC MODEL
Uttarakhand,Chamoli,2024-06-30,2024,06,12.5791932231,NRSC VIC MODEL
Uttarakhand,Chamoli,2024-07-07,2024,07,48.1492007704,NRSC VIC MODEL
Uttarakhand,Chamoli,2024-07-08,2024,07,19.1081683995,NRSC VIC MODEL
Uttarakhand,Chamoli,2024-07-13,2024,07,1.3637850594,NRSC VIC MODEL
Uttarakhand,Chamoli,2024-07-15,2024,07,0.4142450225,NRSC VIC MODEL
Uttarakhand,Chamoli,2024-07-27,2024,07,28.5914767633,NRSC VIC MODEL
Uttarakhand,Chamoli,2024-07-31,2024,07,3.5043721118,NRSC VIC MODEL
Uttarakhand,Chamoli,2024-08-02,2024,08,14.840940889,NRSC VIC MODEL
Uttarakhand,Chamoli,2024-08-10,2024,08,14.3493683343,NRSC VIC MODEL
Uttarakhand,Chamoli,2024-08-14,2024,08,11.460762052,NRSC VIC MODEL
Uttarakhand,Chamoli,2024-08-15,2024,08,14.6111103731,NRSC VIC MODEL
Uttarakhand,Chamoli,2024-08-17,2024,08,9.2262633933,NRSC VIC MODEL
Uttarakhand,Chamoli,2024-08-23,2024,08,7.8145017804,NRSC VIC MODEL
Uttarakhand,Chamoli,2024-08-27,2024,08,7.1941398753,NRSC VIC MODEL
Uttarakhand,Chamoli,2024-08-31,2024,08,3.1534344428,NRSC VIC MODEL
Uttarakhand,Chamoli,2024-09-14,2024,09,2.642089497,NRSC VIC MODEL
Uttarakhand,Chamoli,2024-09-16,2024,09,0.8833148065,NRSC VIC MODEL
Uttarakhand,Chamoli,2024-09-17,2024,09,14.0382500403,NRSC VIC MODEL
Uttarakhand,Chamoli,2024-09-18,2024,09,7.2053112721,NRSC VIC MODEL
Uttarakhand,Chamoli,2024-09-25,2024,09,8.2413726883,NRSC VIC MODEL
Uttarakhand,Chamoli,2024-09-26,2024,09,8.9767820632,NRSC VIC MODEL
Uttarakhand,Chamoli,2024-09-30,2024,09,0.2065262559,NRSC VIC MODEL
Uttarakhand,Chamoli,2024-10-04,2024,10,1.002875243,NRSC VIC MODEL
Uttarakhand,Chamoli,2024-10-05,2024,10,0.5460824938,NRSC VIC MODEL
Uttarakhand,Chamoli,2024-10-09,2024,10,0.5586254021,NRSC VIC MODEL
Uttarakhand,Chamoli,2024-10-14,2024,10,0.2306834042,NRSC VIC MODEL
Uttarakhand,Chamoli,2024-11-01,2024,11,0.0138689374,NRSC VIC MODEL
Uttarakhand,Chamoli,2024-11-14,2024,11,0,NRSC VIC MODEL
Uttarakhand,Chamoli,2024-11-23,2024,11,0.0848266776,NRSC VIC MODEL
Uttarakhand,Chamoli,2024-11-27,2024,11,0.0015359466,NRSC VIC MODEL
Uttarakhand,Chamoli,2024-11-30,2024,11,0.50515105,NRSC VIC MODEL
Uttarakhand,Chamoli,2024-12-08,2024,12,0.1222386833,NRSC VIC MODEL
Uttarakhand,Chamoli,2024-12-13,2024,12,0.0234420018,NRSC VIC MODEL
Uttarakhand,Chamoli,2024-12-26,2024,12,0,NRSC VIC MODEL
Uttarakhand,Champawat,2024-01-01,2024,01,0.2079850856,NRSC VIC MODEL
Uttarakhand,Champawat,2024-01-02,2024,01,0,NRSC VIC MODEL
Uttarakhand,Champawat,2024-01-05,2024,01,0,NRSC VIC MODEL
Uttarakhand,Champawat,2024-01-08,2024,01,0,NRSC VIC MODEL
Uttarakhand,Champawat,2024-01-12,2024,01,0,NRSC VIC MODEL
Uttarakhand,Champawat,2024-01-14,2024,01,0,NRSC VIC MODEL
Uttarakhand,Champawat,2024-01-15,2024,01,0,NRSC VIC MODEL
Uttarakhand,Champawat,2024-01-19,2024,01,0,NRSC VIC MODEL
Uttarakhand,Champawat,2024-01-31,2024,01,0,NRSC VIC MODEL
Uttarakhand,Champawat,2024-02-01,2024,02,5.802110593,NRSC VIC MODEL
Uttarakhand,Champawat,2024-02-04,2024,02,0.5235839865,NRSC VIC MODEL
Uttarakhand,Champawat,2024-02-16,2024,02,0.00097583,NRSC VIC MODEL
Uttarakhand,Champawat,2024-02-20,2024,02,5.6182183346,NRSC VIC MODEL
Uttarakhand,Champawat,2024-02-28,2024,02,5.2506366912,NRSC VIC MODEL
Uttarakhand,Champawat,2024-03-02,2024,03,2.6324162395,NRSC VIC MODEL
Uttarakhand,Champawat,2024-03-03,2024,03,11.2140953231,NRSC VIC MODEL
Uttarakhand,Champawat,2024-03-10,2024,03,0,NRSC VIC MODEL
Uttarakhand,Champawat,2024-03-23,2024,03,0.0232881677,NRSC VIC MODEL
Uttarakhand,Champawat,2024-04-02,2024,04,0.0002330114,NRSC VIC MODEL
Uttarakhand,Champawat,2024-04-19,2024,04,0,NRSC VIC MODEL
Uttarakhand,Champawat,2024-04-21,2024,04,0,NRSC VIC MODEL
Uttarakhand,Champawat,2024-04-23,2024,04,0.0001946086,NRSC VIC MODEL
Uttarakhand,Champawat,2024-04-24,2024,04,0.32224207,NRSC VIC MODEL
Uttarakhand,Champawat,2024-04-29,2024,04,0.0021427222,NRSC VIC MODEL
Uttarakhand,Champawat,2024-04-30,2024,04,3.3170404973,NRSC VIC MODEL
Uttarakhand,Champawat,2024-05-05,2024,05,0,NRSC VIC MODEL
Uttarakhand,Champawat,2024-05-09,2024,05,5.3304694833,NRSC VIC MODEL
Uttarakhand,Champawat,2024-05-10,2024,05,0.955060532,NRSC VIC MODEL
Uttarakhand,Champawat,2024-05-14,2024,05,0.1496103511,NRSC VIC MODEL
Uttarakhand,Champawat,2024-05-21,2024,05,3.5819807665,NRSC VIC MODEL
Uttarakhand,Champawat,2024-05-27,2024,05,0,NRSC VIC MODEL
Uttarakhand,Champawat,2024-05-28,2024,05,0,NRSC VIC MODEL
Uttarakhand,Champawat,2024-06-05,2024,06,0.7364330574,NRSC VIC MODEL
Uttarakhand,Champawat,2024-06-07,2024,06,0,NRSC VIC MODEL
Uttarakhand,Champawat,2024-06-09,2024,06,0,NRSC VIC MODEL
Uttarakhand,Champawat,2024-06-15,2024,06,0.1089619256,NRSC VIC MODEL
Uttarakhand,Champawat,2024-07-01,2024,07,1.2828984105,NRSC VIC MODEL
Uttarakhand,Champawat,2024-07-05,2024,07,31.8507829525,NRSC VIC MODEL
Uttarakhand,Champawat,2024-07-18,2024,07,5.4106381064,NRSC VIC MODEL
Uttarakhand,Champawat,2024-07-23,2024,07,3.7282782147,NRSC VIC MODEL
Uttarakhand,Champawat,2024-07-25,2024,07,0,NRSC VIC MODEL
Uttarakhand,Champawat,2024-07-28,2024,07,2.7318040309,NRSC VIC MODEL
Uttarakhand,Champawat,2024-08-02,2024,08,17.5028687587,NRSC VIC MODEL
Uttarakhand,Champawat,2024-08-04,2024,08,11.1600483006,NRSC VIC MODEL
Uttarakhand,Champawat,2024-08-15,2024,08,13.1521460877,NRSC VIC MODEL
Uttarakhand,Champawat,2024-08-16,2024,08,15.4027440495,NRSC VIC MODEL
Uttarakhand,Champawat,2024-08-20,2024,08,23.663105987,NRSC VIC MODEL
Uttarakhand,Champawat,2024-08-26,2024,08,14.7960073584,NRSC VIC MODEL
Uttarakhand,Champawat,2024-08-27,2024,08,7.5115087581,NRSC VIC MODEL
Uttarakhand,Champawat,2024-08-28,2024,08,9.9522636697,NRSC VIC MODEL
Uttarakhand,Champawat,2024-09-05,2024,09,9.2724042879,NRSC VIC MODEL
Uttarakhand,Champawat,2024-09-12,2024,09,107.7770889972,NRSC VIC MODEL
Uttarakhand,Champawat,2024-09-13,2024,09,15.7166268861,NRSC VIC MODEL
Uttarakhand,Champawat,2024-09-16,2024,09,2.6755596283,NRSC VIC MODEL
Uttarakhand,Champawat,2024-09-17,2024,09,7.732672043,NRSC VIC MODEL
Uttarakhand,Champawat,2024-09-19,2024,09,0.1107941555,NRSC VIC MODEL
Uttarakhand,Champawat,2024-10-11,2024,10,0,NRSC VIC MODEL
Uttarakhand,Champawat,2024-10-15,2024,10,0,NRSC VIC MODEL
Uttarakhand,Champawat,2024-10-31,2024,10,0,NRSC VIC MODEL
Uttarakhand,Champawat,2024-11-04,2024,11,0,NRSC VIC MODEL
Uttarakhand,Champawat,2024-11-06,2024,11,0,NRSC VIC MODEL
Uttarakhand,Champawat,2024-11-09,2024,11,0.0246244802,NRSC VIC MODEL
Uttarakhand,Champawat,2024-11-10,2024,11,0.0246244802,NRSC VIC MODEL
Uttarakhand,Champawat,2024-11-11,2024,11,0.1527776021,NRSC VIC MODEL
Uttarakhand,Champawat,2024-11-18,2024,11,0,NRSC VIC MODEL
Uttarakhand,Champawat,2024-11-19,2024,11,0,NRSC VIC MODEL
Uttarakhand,Champawat,2024-11-21,2024,11,0.000487915,NRSC VIC MODEL
Uttarakhand,Champawat,2024-11-24,2024,11,0,NRSC VIC MODEL
Uttarakhand,Champawat,2024-12-03,2024,12,0,NRSC VIC MODEL
Uttarakhand,Champawat,2024-12-05,2024,12,0,NRSC VIC MODEL
Uttarakhand,Champawat,2024-12-09,2024,12,0.8842997421,NRSC VIC MODEL
Uttarakhand,Champawat,2024-12-17,2024,12,0,NRSC VIC MODEL
Uttarakhand,Champawat,2024-12-27,2024,12,0,NRSC VIC MODEL
Uttarakhand,Champawat,2024-12-28,2024,12,3.5019775298,NRSC VIC MODEL
Uttarakhand,Dehradun,2024-01-06,2024,01,0.000272811,NRSC VIC MODEL
Uttarakhand,Dehradun,2024-01-10,2024,01,0,NRSC VIC MODEL
Uttarakhand,Dehradun,2024-01-22,2024,01,0,NRSC VIC MODEL
Uttarakhand,Dehradun,2024-01-24,2024,01,0,NRSC VIC MODEL
Uttarakhand,Dehradun,2024-01-31,2024,01,0.2404220969,NRSC VIC MODEL
Uttarakhand,Dehradun,2024-02-02,2024,02,0,NRSC VIC MODEL
Uttarakhand,Dehradun,2024-02-06,2024,02,2.564139652,NRSC VIC MODEL
Uttarakhand,Dehradun,2024-02-08,2024,02,0,NRSC VIC MODEL
Uttarakhand,Dehradun,2024-02-14,2024,02,0,NRSC VIC MODEL
Uttarakhand,Dehradun,2024-02-15,2024,02,0,NRSC VIC MODEL
Uttarakhand,Dehradun,2024-02-16,2024,02,0,NRSC VIC MODEL
Uttarakhand,Dehradun,2024-02-20,2024,02,9.5842595448,NRSC VIC MODEL
Uttarakhand,Dehradun,2024-02-28,2024,02,0.0312126619,NRSC VIC MODEL
Uttarakhand,Dehradun,2024-03-05,2024,03,0.0045234816,NRSC VIC MODEL
Uttarakhand,Dehradun,2024-03-09,2024,03,0,NRSC VIC MODEL
Uttarakhand,Dehradun,2024-03-10,2024,03,0,NRSC VIC MODEL
Uttarakhand,Dehradun,2024-03-19,2024,03,0.0001484546,NRSC VIC MODEL
Uttarakhand,Dehradun,2024-03-25,2024,03,0.0017454346,NRSC VIC MODEL
Uttarakhand,Dehradun,2024-03-26,2024,03,0,NRSC VIC MODEL
Uttarakhand,Dehradun,2024-03-30,2024,03,7.147987718,NRSC VIC MODEL
Uttarakhand,Dehradun,2024-04-03,2024,04,0,NRSC VIC MODEL
Uttarakhand,Dehradun,2024-04-04,2024,04,0.069340317,NRSC VIC MODEL
Uttarakhand,Dehradun,2024-04-05,2024,04,0.1369200578,NRSC VIC MODEL
Uttarakhand,Dehradun,2024-04-06,2024,04,0,NRSC VIC MODEL
Uttarakhand,Dehradun,2024-04-10,2024,04,0.0500451796,NRSC VIC MODEL
Uttarakhand,Dehradun,2024-04-12,2024,04,2.6686404689,NRSC VIC MODEL
Uttarakhand,Dehradun,2024-04-15,2024,04,0,NRSC VIC MODEL
Uttarakhand,Dehradun,2024-04-16,2024,04,0,NRSC VIC MODEL
Uttarakhand,Dehradun,2024-04-21,2024,04,2.2493e-05,NRSC VIC MODEL
Uttarakhand,Dehradun,2024-04-25,2024,04,0.0015309506,NRSC VIC MODEL
Uttarakhand,Dehradun,2024-05-04,2024,05,0.0018958683,NRSC VIC MODEL
Uttarakhand,Dehradun,2024-05-15,2024,05,0.0031865959,NRSC VIC MODEL
Uttarakhand,Dehradun,2024-05-17,2024,05,0,NRSC VIC MODEL
Uttarakhand,Dehradun,2024-05-18,2024,05,0.0063956679,NRSC VIC MODEL
Uttarakhand,Dehradun,2024-05-27,2024,05,0,NRSC VIC MODEL
Uttarakhand,Dehradun,2024-06-14,2024,06,0,NRSC VIC MODEL
Uttarakhand,Dehradun,2024-06-23,2024,06,0.3896613198,NRSC VIC MODEL
Uttarakhand,Dehradun,2024-06-25,2024,06,7.222315132,NRSC VIC MODEL
Uttarakhand,Dehradun,2024-06-28,2024,06,5.1213542206,NRSC VIC MODEL
Uttarakhand,Dehradun,2024-06-30,2024,06,9.8528932803,NRSC VIC MODEL
Uttarakhand,Dehradun,2024-07-04,2024,07,34.1614932722,NRSC VIC MODEL
Uttarakhand,Dehradun,2024-07-06,2024,07,48.2355089394,NRSC VIC MODEL
Uttarakhand,Dehradun,2024-07-15,2024,07,9.9971104186,NRSC VIC MODEL
Uttarakhand,Dehradun,2024-07-16,2024,07,3.9971009431,NRSC VIC MODEL
Uttarakhand,Dehradun,2024-07-17,2024,07,12.7532275042,NRSC VIC MODEL
Uttarakhand,Dehradun,2024-07-22,2024,07,24.7914049106,NRSC VIC MODEL
Uttarakhand,Dehradun,2024-07-29,2024,07,40.940614952,NRSC VIC MODEL
Uttarakhand,Dehradun,2024-07-31,2024,07,4.5245347762,NRSC VIC MODEL
Uttarakhand,Dehradun,2024-08-04,2024,08,12.980863108,NRSC VIC MODEL
Uttarakhand,Dehradun,2024-08-06,2024,08,12.2554789019,NRSC VIC MODEL
Uttarakhand,Dehradun,2024-08-09,2024,08,13.4177043454,NRSC VIC MODEL
Uttarakhand,Almora,2024-01-03,2024,01,0,NRSC VIC MODEL
Uttarakhand,Almora,2024-01-22,2024,01,0,NRSC VIC MODEL
Uttarakhand,Almora,2024-02-01,2024,02,0.8489935458,NRSC VIC MODEL
Uttarakhand,Almora,2024-02-02,2024,02,0,NRSC VIC MODEL
Uttarakhand,Almora,2024-02-07,2024,02,0,NRSC VIC MODEL
Uttarakhand,Almora,2024-02-10,2024,02,8.322e-06,NRSC VIC MODEL
Uttarakhand,Almora,2024-02-16,2024,02,0.0006566255,NRSC VIC MODEL
Uttarakhand,Almora,2024-03-11,2024,03,0,NRSC VIC MODEL
Uttarakhand,Almora,2024-03-17,2024,03,0.0222276383,NRSC VIC MODEL
Uttarakhand,Almora,2024-03-22,2024,03,0,NRSC VIC MODEL
Uttarakhand,Almora,2024-03-24,2024,03,0.0006755412,NRSC VIC MODEL
Uttarakhand,Almora,2024-03-25,2024,03,0.0786919568,NRSC VIC MODEL
Uttarakhand,Almora,2024-03-31,2024,03,1.2336404188,NRSC VIC MODEL
Uttarakhand,Almora,2024-04-02,2024,04,0.0002861283,NRSC VIC MODEL
Uttarakhand,Almora,2024-04-03,2024,04,0,NRSC VIC MODEL
Uttarakhand,Almora,2024-04-04,2024,04,0.0017838151,NRSC VIC MODEL
Uttarakhand,Almora,2024-04-05,2024,04,4.99107e-05,NRSC VIC MODEL
Uttarakhand,Almora,2024-04-06,2024,04,0,NRSC VIC MODEL
Uttarakhand,Almora,2024-04-10,2024,04,0.7973212784,NRSC VIC MODEL
Uttarakhand,Almora,2024-04-17,2024,04,0,NRSC VIC MODEL
Uttarakhand,Almora,2024-04-23,2024,04,3.90445e-05,NRSC VIC MODEL
Uttarakhand,Almora,2024-04-26,2024,04,0,NRSC VIC MODEL
Uttarakhand,Almora,2024-04-29,2024,04,0.0134080679,NRSC VIC MODEL
Uttarakhand,Almora,2024-05-01,2024,05,0.0013907328,NRSC VIC MODEL
Uttarakhand,Almora,2024-05-04,2024,05,0.0251522278,NRSC VIC MODEL
Uttarakhand,Almora,2024-05-13,2024,05,0.6336785374,NRSC VIC MODEL
Uttarakhand,Almora,2024-05-21,2024,05,0.5337245411,NRSC VIC MODEL
Uttarakhand,Almora,2024-05-27,2024,05,0,NRSC VIC MODEL
Uttarakhand,Almora,2024-06-01,2024,06,6.44149e-05,NRSC VIC MODEL
Uttarakhand,Almora,2024-06-04,2024,06,5.3893399688,NRSC VIC MODEL
Uttarakhand,Almora,2024-06-17,2024,06,0.1235125056,NRSC VIC MODEL
Uttarakhand,Almora,2024-06-19,2024,06,0.2620903588,NRSC VIC MODEL
Uttarakhand,Almora,2024-06-22,2024,06,10.963147203,NRSC VIC MODEL
Uttarakhand,Almora,2024-06-25,2024,06,16.6825761478,NRSC VIC MODEL
Uttarakhand,Almora,2024-06-27,2024,06,11.7750402246,NRSC VIC MODEL
Uttarakhand,Almora,2024-07-03,2024,07,23.7227417448,NRSC VIC MODEL
Uttarakhand,Almora,2024-07-06,2024,07,56.8443421138,NRSC VIC MODEL
Uttarakhand,Almora,2024-07-07,2024,07,72.0778941691,NRSC VIC MODEL
Uttarakhand,Almora,2024-07-17,2024,07,1.4303196141,NRSC VIC MODEL
Uttarakhand,Almora,2024-07-25,2024,07,0,NRSC VIC MODEL
Uttarakhand,Almora,2024-07-28,2024,07,3.1523002581,NRSC VIC MODEL
Uttarakhand,Almora,2024-08-10,2024,08,12.8581800589,NRSC VIC MODEL
Uttarakhand,Almora,2024-08-13,2024,08,4.7054441934,NRSC VIC MODEL
Uttarakhand,Almora,2024-08-14,2024,08,16.9536302662,NRSC VIC MODEL
Uttarakhand,Almora,2024-08-18,2024,08,23.0165235969,NRSC VIC MODEL
Uttarakhand,Almora,2024-08-23,2024,08,16.4419790154,NRSC VIC MODEL
Uttarakhand,Almora,2024-08-26,2024,08,11.8679006536,NRSC VIC MODEL
Uttarakhand,Almora,2024-09-01,2024,09,17.1119074679,NRSC VIC MODEL
Uttarakhand,Almora,2024-09-04,2024,09,16.0167392377,NRSC VIC MODEL
Uttarakhand,Almora,2024-09-09,2024,09,8.9105556121,NRSC VIC MODEL
Uttarakhand,Almora,2024-09-16,2024,09,2.9486261535,NRSC VIC MODEL
Uttarakhand,Almora,2024-09-26,2024,09,19.2560733391,NRSC VIC MODEL
Uttarakhand,Almora,2024-09-28,2024,09,6.9269317296,NRSC VIC MODEL
Uttarakhand,Almora,2024-10-01,2024,10,0.3047319814,NRSC VIC MODEL
Uttarakhand,Almora,2024-10-04,2024,10,1.1570747582,NRSC VIC MODEL
Uttarakhand,Almora,2024-10-11,2024,10,0.4134256084,NRSC VIC MODEL
Uttarakhand,Almora,2024-10-12,2024,10,0,NRSC VIC MODEL
Uttarakhand,Almora,2024-10-21,2024,10,1.78382e-05,NRSC VIC MODEL
Uttarakhand,Almora,2024-10-23,2024,10,0.0107293376,NRSC VIC MODEL
Uttarakhand,Almora,2024-11-09,2024,11,0.1098061845,NRSC VIC MODEL
Uttarakhand,Almora,2024-11-13,2024,11,0,NRSC VIC MODEL
Uttarakhand,Almora,2024-11-18,2024,11,8.322e-06,NRSC VIC MODEL
Uttarakhand,Almora,2024-11-24,2024,11,0,NRSC VIC MODEL
Uttarakhand,Almora,2024-11-27,2024,11,1.3545675583,NRSC VIC MODEL
Uttarakhand,Almora,2024-11-29,2024,11,1.7695515929,NRSC VIC MODEL
Uttarakhand,Almora,2024-12-01,2024,12,0.0801043504,NRSC VIC MODEL
Uttarakhand,Almora,2024-12-08,2024,12,0.000122003,NRSC VIC MODEL
Uttarakhand,Almora,2024-12-12,2024,12,0,NRSC VIC MODEL
Uttarakhand,Almora,2024-12-20,2024,12,0.0001056208,NRSC VIC MODEL
Uttarakhand,Almora,2024-12-21,2024,12,0,NRSC VIC MODEL
Uttarakhand,Almora,2024-12-26,2024,12,0,NRSC VIC MODEL
Uttarakhand,Bageshwar,2024-01-01,2024,01,0.7482728617,NRSC VIC MODEL
Uttarakhand,Bageshwar,2024-01-11,2024,01,0.0105852556,NRSC VIC MODEL
Uttarakhand,Bageshwar,2024-01-12,2024,01,0,NRSC VIC MODEL
Uttarakhand,Bageshwar,2024-01-16,2024,01,0,NRSC VIC MODEL
Uttarakhand,Bageshwar,2024-01-18,2024,01,0,NRSC VIC MODEL
Uttarakhand,Bageshwar,2024-01-19,2024,01,0.0001906237,NRSC VIC MODEL
Uttarakhand,Bageshwar,2024-02-03,2024,02,0.3331916224,NRSC VIC MODEL
Uttarakhand,Bageshwar,2024-02-08,2024,02,0,NRSC VIC MODEL
Uttarakhand,Bageshwar,2024-02-11,2024,02,0,NRSC VIC MODEL
Uttarakhand,Bageshwar,2024-02-20,2024,02,6.2852016624,NRSC VIC MODEL
Uttarakhand,Bageshwar,2024-02-26,2024,02,0.0030371054,NRSC VIC MODEL
Uttarakhand,Bageshwar,2024-03-03,2024,03,19.9621369493,NRSC VIC MODEL
Uttarakhand,Bageshwar,2024-03-09,2024,03,0,NRSC VIC MODEL
Uttarakhand,Bageshwar,2024-03-12,2024,03,2.56091978,NRSC VIC MODEL
Uttarakhand,Bageshwar,2024-03-14,2024,03,0.2887067228,NRSC VIC MODEL
Uttarakhand,Bageshwar,2024-03-19,2024,03,0.4258444544,NRSC VIC MODEL
Uttarakhand,Bageshwar,2024-03-21,2024,03,0.4678244422,NRSC VIC MODEL
Uttarakhand,Bageshwar,2024-03-29,2024,03,0,NRSC VIC MODEL
Uttarakhand,Bageshwar,2024-03-31,2024,03,5.6153171992,NRSC VIC MODEL
Uttarakhand,Bageshwar,2024-04-09,2024,04,0.6642123964,NRSC VIC MODEL
Uttarakhand,Bageshwar,2024-04-13,2024,04,1.7904878791,NRSC VIC MODEL
Uttarakhand,Bageshwar,2024-04-18,2024,04,0.0006722648,NRSC VIC MODEL
Uttarakhand,Bageshwar,2024-05-01,2024,05,0.2386272235,NRSC VIC MODEL
Uttarakhand,Bageshwar,2024-05-11,2024,05,6.2663441015,NRSC VIC MODEL
Uttarakhand,Bageshwar,2024-05-19,2024,05,3.6365635558,NRSC VIC MODEL
Uttarakhand,Bageshwar,2024-05-24,2024,05,1.4546762179,NRSC VIC MODEL
Uttarakhand,Bageshwar,2024-05-26,2024,05,0.014110361,NRSC VIC MODEL
Uttarakhand,Bageshwar,2024-05-30,2024,05,0.0004409179,NRSC VIC MODEL
Uttarakhand,Bageshwar,2024-05-31,2024,05,0.5691454823,NRSC VIC MODEL
Uttarakhand,Bageshwar,2024-06-06,2024,06,2.183428193,NRSC VIC MODEL
Uttarakhand,Bageshwar,2024-06-07,2024,06,0.2484187806,NRSC VIC MODEL
Uttarakhand,Bageshwar,2024-06-14,2024,06,0.0617792554,NRSC VIC MODEL
Uttarakhand,Bageshwar,2024-06-17,2024,06,0.347459507,NRSC VIC MODEL
Uttarakhand,Bageshwar,2024-06-18,2024,06,0.5957844614,NRSC VIC MODEL
Uttarakhand,Bageshwar,2024-06-19,2024,06,2.7162804798,NRSC VIC MODEL
Uttarakhand,Bageshwar,2024-07-01,2024,07,39.6050103865,NRSC VIC MODEL
Uttarakhand,Bageshwar,2024-07-02,2024,07,17.2584539342,NRSC VIC MODEL
Uttarakhand,Bageshwar,2024-07-04,2024,07,11.6497633576,NRSC VIC MODEL
Uttarakhand,Bageshwar,2024-07-13,2024,07,7.3231410529,NRSC VIC MODEL
Uttarakhand,Bageshwar,2024-07-15,2024,07,6.7030379221,NRSC VIC MODEL
Uttarakhand,Bageshwar,2024-07-26,2024,07,46.9067218136,NRSC VIC MODEL
Uttarakhand,Bageshwar,2024-07-27,2024,07,38.6688864053,NRSC VIC MODEL
Uttarakhand,Bageshwar,2024-08-06,2024,08,6.6399264654,NRSC VIC MODEL
Uttarakhand,Bageshwar,2024-08-07,2024,08,41.8841208694,NRSC VIC MODEL
Uttarakhand,Bageshwar,2024-08-11,2024,08,49.6510944011,NRSC VIC MODEL
Uttarakhand,Bageshwar,2024-08-25,2024,08,6.179039207,NRSC VIC MODEL
Uttarakhand,Bageshwar,2024-09-05,2024,09,10.9406388825,NRSC VIC MODEL
Uttarakhand,Bageshwar,2024-09-06,2024,09,8.3453722938,NRSC VIC MODEL
Uttarakhand,Bageshwar,2024-09-07,2024,09,8.1138059538,NRSC VIC MODEL
Uttarakhand,Bageshwar,2024-09-08,2024,09,0,NRSC VIC MODEL
Uttarakhand,Bageshwar,2024-09-14,2024,09,2.4836530651,NRSC VIC MODEL
Uttarakhand,Bageshwar,2024-09-25,2024,09,13.4895316785,NRSC VIC MODEL
Uttarakhand,Bageshwar,2024-09-29,2024,09,0.798559215,NRSC VIC MODEL
Uttarakhand,Bageshwar,2024-10-02,2024,10,3.712832392,NRSC VIC MODEL
Uttarakhand,Bageshwar,2024-10-03,2024,10,2.3755484695,NRSC VIC MODEL
Uttarakhand,Bageshwar,2024-10-04,2024,10,1.6881441539,NRSC VIC MODEL
Uttarakhand,Bageshwar,2024-10-05,2024,10,1.0334786544,NRSC VIC MODEL
Uttarakhand,Bageshwar,2024-10-08,2024,10,0.1895557672,NRSC VIC MODEL
Uttarakhand,Bageshwar,2024-10-15,2024,10,0.0385178502,NRSC VIC MODEL
Uttarakhand,Bageshwar,2024-10-22,2024,10,0.1807968766,NRSC VIC MODEL
Uttarakhand,Bageshwar,2024-10-23,2024,10,0.9261758487,NRSC VIC MODEL
Uttarakhand,Bageshwar,2024-10-25,2024,10,0,NRSC VIC MODEL
Uttarakhand,Bageshwar,2024-11-02,2024,11,0.1631820663,NRSC VIC MODEL
Uttarakhand,Bageshwar,2024-11-10,2024,11,0.7915912733,NRSC VIC MODEL
Uttarakhand,Bageshwar,2024-11-12,2024,11,0.1480804661,NRSC VIC MODEL
Uttarakhand,Bageshwar,2024-11-16,2024,11,0,NRSC VIC MODEL
Uttarakhand,Bageshwar,2024-11-18,2024,11,0.2038965975,NRSC VIC MODEL
Uttarakhand,Bageshwar,2024-11-20,2024,11,0,NRSC VIC MODEL
Uttarakhand,Bageshwar,2024-11-23,2024,11,0.8459273981,NRSC VIC MODEL
Uttarakhand,Rudra Prayag,2024-05-17,2024,05,6.01993e-05,NRSC VIC MODEL
Uttarakhand,Rudra Prayag,2024-05-18,2024,05,4.1394164579,NRSC VIC MODEL
Uttarakhand,Rudra Prayag,2024-05-30,2024,05,0.0009898636,NRSC VIC MODEL
Uttarakhand,Rudra Prayag,2024-05-31,2024,05,0.0016531577,NRSC VIC MODEL
Uttarakhand,Rudra Prayag,2024-06-07,2024,06,0.1491495759,NRSC VIC MODEL
Uttarakhand,Rudra Prayag,2024-06-11,2024,06,0.5598791148,NRSC VIC MODEL
Uttarakhand,Rudra Prayag,2024-06-24,2024,06,1.6211666709,NRSC VIC MODEL
Uttarakhand,Rudra Prayag,2024-07-13,2024,07,1.3249236201,NRSC VIC MODEL
Uttarakhand,Rudra Prayag,2024-07-28,2024,07,0.6003009485,NRSC VIC MODEL
Uttarakhand,Rudra Prayag,2024-07-29,2024,07,9.5374268729,NRSC VIC MODEL
Uttarakhand,Rudra Prayag,2024-07-30,2024,07,8.1543629066,NRSC VIC MODEL
Uttarakhand,Rudra Prayag,2024-08-03,2024,08,16.3868183908,NRSC VIC MODEL
Uttarakhand,Rudra Prayag,2024-08-08,2024,08,5.7279057023,NRSC VIC MODEL
Uttarakhand,Rudra Prayag,2024-08-09,2024,08,7.3395055197,NRSC VIC MODEL
Uttarakhand,Rudra Prayag,2024-08-12,2024,08,19.6474863712,NRSC VIC MODEL
Uttarakhand,Rudra Prayag,2024-08-19,2024,08,21.0882245802,NRSC VIC MODEL
Uttarakhand,Rudra Prayag,2024-08-26,2024,08,8.3173377728,NRSC VIC MODEL
Uttarakhand,Rudra Prayag,2024-08-29,2024,08,7.6473416759,NRSC VIC MODEL
Uttarakhand,Rudra Prayag,2024-08-31,2024,08,4.5590472103,NRSC VIC MODEL
Uttarakhand,Rudra Prayag,2024-09-02,2024,09,13.8125486921,NRSC VIC MODEL
Uttarakhand,Rudra Prayag,2024-09-08,2024,09,0.8646562706,NRSC VIC MODEL
Uttarakhand,Rudra Prayag,2024-09-20,2024,09,0.5446993311,NRSC VIC MODEL
Uttarakhand,Rudra Prayag,2024-09-30,2024,09,0.3185571966,NRSC VIC MODEL
Uttarakhand,Rudra Prayag,2024-10-01,2024,10,0.9119757407,NRSC VIC MODEL
Uttarakhand,Rudra Prayag,2024-10-09,2024,10,0.1789500153,NRSC VIC MODEL
Uttarakhand,Rudra Prayag,2024-10-10,2024,10,0.669442667,NRSC VIC MODEL
Uttarakhand,Rudra Prayag,2024-10-17,2024,10,0.8928448504,NRSC VIC MODEL
Uttarakhand,Rudra Prayag,2024-10-21,2024,10,0,NRSC VIC MODEL
Uttarakhand,Rudra Prayag,2024-10-28,2024,10,0,NRSC VIC MODEL
Uttarakhand,Rudra Prayag,2024-10-30,2024,10,0.0005692144,NRSC VIC MODEL
Uttarakhand,Rudra Prayag,2024-11-07,2024,11,0.0968234609,NRSC VIC MODEL
Uttarakhand,Rudra Prayag,2024-11-08,2024,11,0.397579212,NRSC VIC MODEL
Uttarakhand,Rudra Prayag,2024-11-09,2024,11,0.3167500991,NRSC VIC MODEL
Uttarakhand,Rudra Prayag,2024-11-16,2024,11,0,NRSC VIC MODEL
Uttarakhand,Rudra Prayag,2024-11-21,2024,11,1.0727004917,NRSC VIC MODEL
Uttarakhand,Rudra Prayag,2024-11-23,2024,11,0.0228339072,NRSC VIC MODEL
Uttarakhand,Rudra Prayag,2024-11-29,2024,11,0.0014669079,NRSC VIC MODEL
Uttarakhand,Rudra Prayag,2024-12-01,2024,12,0.7160998076,NRSC VIC MODEL
Uttarakhand,Rudra Prayag,2024-12-04,2024,12,0,NRSC VIC MODEL
Uttarakhand,Rudra Prayag,2024-12-07,2024,12,0.4003960778,NRSC VIC MODEL
Uttarakhand,Rudra Prayag,2024-12-11,2024,12,4.05199e-05,NRSC VIC MODEL
Uttarakhand,Rudra Prayag,2024-12-13,2024,12,0.0340565065,NRSC VIC MODEL
Uttarakhand,Rudra Prayag,2024-12-17,2024,12,0,NRSC VIC MODEL
Uttarakhand,Rudra Prayag,2024-12-21,2024,12,0,NRSC VIC MODEL
Uttarakhand,Rudra Prayag,2024-12-23,2024,12,0,NRSC VIC MODEL
Uttarakhand,Rudra Prayag,2024-12-28,2024,12,23.2335602405,NRSC VIC MODEL
Uttarakhand,Tehri Garhwal,2024-01-11,2024,01,0,NRSC VIC MODEL
Uttarakhand,Tehri Garhwal,2024-01-27,2024,01,0.004704919,NRSC VIC MODEL
Uttarakhand,Tehri Garhwal,2024-02-01,2024,02,13.9950548232,NRSC VIC MODEL
Uttarakhand,Tehri Garhwal,2024-02-07,2024,02,0.0147689476,NRSC VIC MODEL
Uttarakhand,Tehri Garhwal,2024-02-19,2024,02,0.8053684675,NRSC VIC MODEL
Uttarakhand,Tehri Garhwal,2024-02-20,2024,02,15.5867847887,NRSC VIC MODEL
Uttarakhand,Tehri Garhwal,2024-03-04,2024,03,21.9165662605,NRSC VIC MODEL
Uttarakhand,Tehri Garhwal,2024-03-11,2024,03,0.0005061495,NRSC VIC MODEL
Uttarakhand,Tehri Garhwal,2024-03-15,2024,03,0.0355513365,NRSC VIC MODEL
Uttarakhand,Tehri Garhwal,2024-03-20,2024,03,0.7631072943,NRSC VIC MODEL
Uttarakhand,Tehri Garhwal,2024-03-21,2024,03,0.1239350951,NRSC VIC MODEL
Uttarakhand,Tehri Garhwal,2024-03-23,2024,03,0.0018739636,NRSC VIC MODEL
Uttarakhand,Tehri Garhwal,2024-03-26,2024,03,0,NRSC VIC MODEL
Uttarakhand,Tehri Garhwal,2024-03-27,2024,03,0.0059381115,NRSC VIC MODEL
Uttarakhand,Tehri Garhwal,2024-03-30,2024,03,5.3300200706,NRSC VIC MODEL
Uttarakhand,Tehri Garhwal,2024-04-04,2024,04,0.5777283997,NRSC VIC MODEL
Uttarakhand,Tehri Garhwal,2024-04-06,2024,04,0,NRSC VIC MODEL
Uttarakhand,Tehri Garhwal,2024-04-10,2024,04,0.0154447999,NRSC VIC MODEL
Uttarakhand,Tehri Garhwal,2024-04-11,2024,04,0.7850960617,NRSC VIC MODEL
Uttarakhand,Tehri Garhwal,2024-04-19,2024,04,0.0025741191,NRSC VIC MODEL
Uttarakhand,Tehri Garhwal,2024-04-27,2024,04,0.4192200381,NRSC VIC MODEL
Uttarakhand,Tehri Garhwal,2024-05-03,2024,05,0.0001465663,NRSC VIC MODEL
Uttarakhand,Tehri Garhwal,2024-05-07,2024,05,1.1540916464,NRSC VIC MODEL
Uttarakhand,Tehri Garhwal,2024-05-21,2024,05,9.7870148848,NRSC VIC MODEL
Uttarakhand,Tehri Garhwal,2024-05-23,2024,05,0.3046596327,NRSC VIC MODEL
Uttarakhand,Tehri Garhwal,2024-05-29,2024,05,0.0854987611,NRSC VIC MODEL
Uttarakhand,Tehri Garhwal,2024-06-01,2024,06,0.0180336591,NRSC VIC MODEL
Uttarakhand,Tehri Garhwal,2024-06-08,2024,06,0.0773018198,NRSC VIC MODEL
Uttarakhand,Tehri Garhwal,2024-06-12,2024,06,0.0555143457,NRSC VIC MODEL
Uttarakhand,Tehri Garhwal,2024-06-19,2024,06,3.5416920404,NRSC VIC MODEL
Uttarakhand,Tehri Garhwal,2024-06-22,2024,06,1.0721328466,NRSC VIC MODEL
Uttarakhand,Tehri Garhwal,2024-06-30,2024,06,9.9308953185,NRSC VIC MODEL
Uttarakhand,Tehri Garhwal,2024-07-07,2024,07,21.9403713166,NRSC VIC MODEL
Uttarakhand,Tehri Garhwal,2024-07-16,2024,07,33.0023712738,NRSC VIC MODEL
Uttarakhand,Tehri Garhwal,2024-07-17,2024,07,5.5301163334,NRSC VIC MODEL
Uttarakhand,Tehri Garhwal,2024-07-20,2024,07,30.0691988342,NRSC VIC MODEL
Uttarakhand,Tehri Garhwal,2024-07-28,2024,07,9.6968152875,NRSC VIC MODEL
Uttarakhand,Tehri Garhwal,2024-08-09,2024,08,15.8188860172,NRSC VIC MODEL
Uttarakhand,Tehri Garhwal,2024-08-18,2024,08,20.1052012364,NRSC VIC MODEL
Uttarakhand,Tehri Garhwal,2024-08-24,2024,08,10.2343323572,NRSC VIC MODEL
Uttarakhand,Tehri Garhwal,2024-08-29,2024,08,7.6961480976,NRSC VIC MODEL
Uttarakhand,Tehri Garhwal,2024-09-02,2024,09,15.863996511,NRSC VIC MODEL
Uttarakhand,Tehri Garhwal,2024-09-03,2024,09,12.8128757711,NRSC VIC MODEL
Uttarakhand,Tehri Garhwal,2024-09-05,2024,09,14.9872829371,NRSC VIC MODEL
Uttarakhand,Tehri Garhwal,2024-09-11,2024,09,11.3655972691,NRSC VIC MODEL
Uttarakhand,Tehri Garhwal,2024-09-13,2024,09,9.7225050207,NRSC VIC MODEL
Uttarakhand,Tehri Garhwal,2024-09-18,2024,09,5.1857391784,NRSC VIC MODEL
Uttarakhand,Tehri Garhwal,2024-09-23,2024,09,2.5305304029,NRSC VIC MODEL
Uttarakhand,Tehri Garhwal,2024-09-24,2024,09,6.0007624989,NRSC VIC MODEL
Uttarakhand,Tehri Garhwal,2024-09-26,2024,09,16.7182441649,NRSC VIC MODEL
Uttarakhand,Tehri Garhwal,2024-09-29,2024,09,0.4357827416,NRSC VIC MODEL
Uttarakhand,Tehri Garhwal,2024-10-04,2024,10,0.3475408145,NRSC VIC MODEL
Uttarakhand,Tehri Garhwal,2024-10-07,2024,10,0.1806529836,NRSC VIC MODEL
Uttarakhand,Tehri Garhwal,2024-10-11,2024,10,0.0716619003,NRSC VIC MODEL
Uttarakhand,Tehri Garhwal,2024-10-12,2024,10,0,NRSC VIC MODEL
Uttarakhand,Tehri Garhwal,2024-10-17,2024,10,0.202544374,NRSC VIC MODEL
Uttarakhand,Tehri Garhwal,2024-10-20,2024,10,0.0014164353,NRSC VIC MODEL
Uttarakhand,Tehri Garhwal,2024-10-28,2024,10,0,NRSC VIC MODEL
Uttarakhand,Tehri Garhwal,2024-10-30,2024,10,0.0062795531,NRSC VIC MODEL
Uttarakhand,Tehri Garhwal,2024-11-02,2024,11,0,NRSC VIC MODEL
Uttarakhand,Tehri Garhwal,2024-11-05,2024,11,0.0478594088,NRSC VIC MODEL
Uttarakhand,Tehri Garhwal,2024-11-08,2024,11,0.0669926742,NRSC VIC MODEL
Uttarakhand,Tehri Garhwal,2024-11-11,2024,11,0.3600068063,NRSC VIC MODEL
Uttarakhand,Tehri Garhwal,2024-11-12,2024,11,0.0764949981,NRSC VIC MODEL
Uttarakhand,Tehri Garhwal,2024-11-18,2024,11,0.0986915622,NRSC VIC MODEL
Uttarakhand,Tehri Garhwal,2024-11-19,2024,11,0,NRSC VIC MODEL
Uttarakhand,Tehri Garhwal,2024-11-20,2024,11,0,NRSC VIC MODEL
Uttarakhand,Tehri Garhwal,2024-11-26,2024,11,0,NRSC VIC MODEL
Uttarakhand,Tehri Garhwal,2024-12-07,2024,12,0.0780727988,NRSC VIC MODEL
Uttarakhand,Tehri Garhwal,2024-12-11,2024,12,0.0104476818,NRSC VIC MODEL
Uttarakhand,Tehri Garhwal,2024-12-15,2024,12,1.40438e-05,NRSC VIC MODEL
Uttarakhand,Tehri Garhwal,2024-12-19,2024,12,0.0671360361,NRSC VIC MODEL
Uttarakhand,Tehri Garhwal,2024-12-23,2024,12,3.7202e-06,NRSC VIC MODEL
Uttarakhand,Udam Singh Nagar,2024-01-07,2024,01,0,NRSC VIC MODEL
Uttarakhand,Udam Singh Nagar,2024-01-13,2024,01,0,NRSC VIC MODEL
Uttarakhand,Udam Singh Nagar,2024-01-15,2024,01,0,NRSC VIC MODEL
Uttarakhand,Udam Singh Nagar,2024-01-16,2024,01,0,NRSC VIC MODEL
Uttarakhand,Udam Singh Nagar,2024-02-02,2024,02,0,NRSC VIC MODEL
Uttarakhand,Udam Singh Nagar,2024-02-05,2024,02,0.4413195084,NRSC VIC MODEL
Uttarakhand,Udam Singh Nagar,2024-02-08,2024,02,0,NRSC VIC MODEL
Uttarakhand,Udam Singh Nagar,2024-02-10,2024,02,0.0006704983,NRSC VIC MODEL
Uttarakhand,Udam Singh Nagar,2024-02-22,2024,02,0.1182822019,NRSC VIC MODEL
Uttarakhand,Udam Singh Nagar,2024-02-28,2024,02,1.9392355045,NRSC VIC MODEL
Uttarakhand,Udam Singh Nagar,2024-03-03,2024,03,9.0318582471,NRSC VIC MODEL
Uttarakhand,Udam Singh Nagar,2024-03-08,2024,03,0,NRSC VIC MODEL
Uttarakhand,Udam Singh Nagar,2024-03-11,2024,03,0,NRSC VIC MODEL
Uttarakhand,Udam Singh Nagar,2024-03-20,2024,03,0.0001340997,NRSC VIC MODEL
Uttarakhand,Udam Singh Nagar,2024-03-21,2024,03,0,NRSC VIC MODEL
Uttarakhand,Udam Singh Nagar,2024-03-23,2024,03,0,NRSC VIC MODEL
Uttarakhand,Udam Singh Nagar,2024-04-03,2024,04,0.0457835596,NRSC VIC MODEL
Uttarakhand,Udam Singh Nagar,2024-04-09,2024,04,0,NRSC VIC MODEL
Uttarakhand,Udam Singh Nagar,2024-04-10,2024,04,0.0001340997,NRSC VIC MODEL
Uttarakhand,Udam Singh Nagar,2024-04-13,2024,04,0.0914777502,NRSC VIC MODEL
Uttarakhand,Udam Singh Nagar,2024-04-18,2024,04,0,NRSC VIC MODEL
Uttarakhand,Udam Singh Nagar,2024-04-19,2024,04,0,NRSC VIC MODEL
Uttarakhand,Udam Singh Nagar,2024-04-28,2024,04,0.0077098971,NRSC VIC MODEL
Uttarakhand,Udam Singh Nagar,2024-05-12,2024,05,1.446707352,NRSC VIC MODEL
Uttarakhand,Udam Singh Nagar,2024-05-22,2024,05,0.0966266298,NRSC VIC MODEL
Uttarakhand,Udam Singh Nagar,2024-05-26,2024,05,1.5968867768,NRSC VIC MODEL
Uttarakhand,Udam Singh Nagar,2024-05-27,2024,05,0,NRSC VIC MODEL
Uttarakhand,Udam Singh Nagar,2024-06-20,2024,06,5.0104304905,NRSC VIC MODEL
Uttarakhand,Udam Singh Nagar,2024-06-21,2024,06,0.179973003,NRSC VIC MODEL
Uttarakhand,Udam Singh Nagar,2024-06-29,2024,06,13.1072289136,NRSC VIC MODEL
Uttarakhand,Udam Singh Nagar,2024-07-07,2024,07,66.1853693939,NRSC VIC MODEL
Uttarakhand,Udam Singh Nagar,2024-07-23,2024,07,0.1709725504,NRSC VIC MODEL
Uttarakhand,Udam Singh Nagar,2024-07-27,2024,07,31.5091181937,NRSC VIC MODEL
Uttarakhand,Dehradun,2024-08-13,2024,08,6.9888043425,NRSC VIC MODEL
Uttarakhand,Dehradun,2024-08-22,2024,08,8.617408245,NRSC VIC MODEL
Uttarakhand,Dehradun,2024-09-04,2024,09,10.9914038202,NRSC VIC MODEL
Uttarakhand,Dehradun,2024-09-12,2024,09,34.4925324471,NRSC VIC MODEL
Uttarakhand,Dehradun,2024-09-14,2024,09,2.9252602562,NRSC VIC MODEL
Uttarakhand,Dehradun,2024-09-22,2024,09,1.2387848909,NRSC VIC MODEL
Uttarakhand,Dehradun,2024-09-24,2024,09,1.5785290004,NRSC VIC MODEL
Uttarakhand,Dehradun,2024-10-09,2024,10,0.0342612225,NRSC VIC MODEL
Uttarakhand,Dehradun,2024-10-11,2024,10,0.0001838845,NRSC VIC MODEL
Uttarakhand,Dehradun,2024-10-13,2024,10,0,NRSC VIC MODEL
Uttarakhand,Dehradun,2024-10-20,2024,10,0,NRSC VIC MODEL
Uttarakhand,Dehradun,2024-10-29,2024,10,0,NRSC VIC MODEL
Uttarakhand,Dehradun,2024-11-01,2024,11,0,NRSC VIC MODEL
Uttarakhand,Dehradun,2024-11-04,2024,11,0,NRSC VIC MODEL
Uttarakhand,Dehradun,2024-11-08,2024,11,0,NRSC VIC MODEL
Uttarakhand,Dehradun,2024-11-10,2024,11,0,NRSC VIC MODEL
Uttarakhand,Dehradun,2024-11-12,2024,11,0.0003677689,NRSC VIC MODEL
Uttarakhand,Dehradun,2024-11-18,2024,11,0,NRSC VIC MODEL
Uttarakhand,Dehradun,2024-11-22,2024,11,0,NRSC VIC MODEL
Uttarakhand,Dehradun,2024-11-27,2024,11,0,NRSC VIC MODEL
Uttarakhand,Dehradun,2024-11-29,2024,11,0.00032029,NRSC VIC MODEL
Uttarakhand,Dehradun,2024-11-30,2024,11,0.0005938186,NRSC VIC MODEL
Uttarakhand,Dehradun,2024-12-04,2024,12,0,NRSC VIC MODEL
Uttarakhand,Dehradun,2024-12-10,2024,12,0.0066949037,NRSC VIC MODEL
Uttarakhand,Dehradun,2024-12-11,2024,12,0.0001838845,NRSC VIC MODEL
Uttarakhand,Dehradun,2024-12-14,2024,12,0,NRSC VIC MODEL
Uttarakhand,Dehradun,2024-12-15,2024,12,0,NRSC VIC MODEL
Uttarakhand,Dehradun,2024-12-20,2024,12,0,NRSC VIC MODEL
Uttarakhand,Dehradun,2024-12-26,2024,12,0.0358455815,NRSC VIC MODEL
Uttarakhand,Haridwar,2024-01-09,2024,01,0,NRSC VIC MODEL
Uttarakhand,Haridwar,2024-01-19,2024,01,0,NRSC VIC MODEL
Uttarakhand,Haridwar,2024-01-21,2024,01,0,NRSC VIC MODEL
Uttarakhand,Haridwar,2024-01-22,2024,01,0,NRSC VIC MODEL
Uttarakhand,Haridwar,2024-01-24,2024,01,0,NRSC VIC MODEL
Uttarakhand,Haridwar,2024-01-27,2024,01,0,NRSC VIC MODEL
Uttarakhand,Haridwar,2024-01-28,2024,01,0,NRSC VIC MODEL
Uttarakhand,Haridwar,2024-02-01,2024,02,4.3165798731,NRSC VIC MODEL
Uttarakhand,Haridwar,2024-02-07,2024,02,0,NRSC VIC MODEL
Uttarakhand,Haridwar,2024-02-08,2024,02,0,NRSC VIC MODEL
Uttarakhand,Haridwar,2024-02-16,2024,02,0,NRSC VIC MODEL
Uttarakhand,Haridwar,2024-02-17,2024,02,0,NRSC VIC MODEL
Uttarakhand,Haridwar,2024-02-25,2024,02,0,NRSC VIC MODEL
Uttarakhand,Haridwar,2024-03-01,2024,03,0,NRSC VIC MODEL
Uttarakhand,Haridwar,2024-03-10,2024,03,0,NRSC VIC MODEL
Uttarakhand,Haridwar,2024-03-13,2024,03,0,NRSC VIC MODEL
Uttarakhand,Haridwar,2024-03-28,2024,03,0.0021131974,NRSC VIC MODEL
Uttarakhand,Haridwar,2024-04-12,2024,04,1.310672996,NRSC VIC MODEL
Uttarakhand,Haridwar,2024-04-20,2024,04,0.0318445356,NRSC VIC MODEL
Uttarakhand,Haridwar,2024-04-21,2024,04,0,NRSC VIC MODEL
Uttarakhand,Haridwar,2024-04-30,2024,04,0.1952496721,NRSC VIC MODEL
Uttarakhand,Haridwar,2024-05-10,2024,05,0,NRSC VIC MODEL
Uttarakhand,Haridwar,2024-05-14,2024,05,0.0039922075,NRSC VIC MODEL
Uttarakhand,Haridwar,2024-05-18,2024,05,0.0003744183,NRSC VIC MODEL
Uttarakhand,Haridwar,2024-05-19,2024,05,0.0152852722,NRSC VIC MODEL
Uttarakhand,Haridwar,2024-05-23,2024,05,0,NRSC VIC MODEL
Uttarakhand,Haridwar,2024-05-24,2024,05,0,NRSC VIC MODEL
Uttarakhand,Haridwar,2024-06-11,2024,06,0,NRSC VIC MODEL
Uttarakhand,Haridwar,2024-06-12,2024,06,0,NRSC VIC MODEL
Uttarakhand,Haridwar,2024-06-18,2024,06,2.6199778405,NRSC VIC MODEL
Uttarakhand,Haridwar,2024-06-20,2024,06,2.7488838706,NRSC VIC MODEL
Uttarakhand,Haridwar,2024-06-30,2024,06,24.3102220589,NRSC VIC MODEL
Uttarakhand,Haridwar,2024-07-02,2024,07,0.2258146035,NRSC VIC MODEL
Uttarakhand,Haridwar,2024-07-03,2024,07,24.0635337945,NRSC VIC MODEL
Uttarakhand,Haridwar,2024-07-08,2024,07,4.1511943644,NRSC VIC MODEL
Uttarakhand,Haridwar,2024-07-14,2024,07,1.9610098835,NRSC VIC MODEL
Uttarakhand,Haridwar,2024-07-24,2024,07,6.055835562,NRSC VIC MODEL
Uttarakhand,Haridwar,2024-07-28,2024,07,2.4871192303,NRSC VIC MODEL
Uttarakhand,Haridwar,2024-07-31,2024,07,0.6685334477,NRSC VIC MODEL
Uttarakhand,Haridwar,2024-08-13,2024,08,7.1058231089,NRSC VIC MODEL
Uttarakhand,Haridwar,2024-08-20,2024,08,15.9422707524,NRSC VIC MODEL
Uttarakhand,Haridwar,2024-09-12,2024,09,33.4300404119,NRSC VIC MODEL
Uttarakhand,Haridwar,2024-09-22,2024,09,0.1104600403,NRSC VIC MODEL
Uttarakhand,Haridwar,2024-09-24,2024,09,0.0399404141,NRSC VIC MODEL
Uttarakhand,Haridwar,2024-10-01,2024,10,0,NRSC VIC MODEL
Uttarakhand,Haridwar,2024-10-02,2024,10,0,NRSC VIC MODEL
Uttarakhand,Haridwar,2024-10-06,2024,10,-0.0200305813,NRSC VIC MODEL
Uttarakhand,Haridwar,2024-10-09,2024,10,0.0152318492,NRSC VIC MODEL
Uttarakhand,Haridwar,2024-10-14,2024,10,0,NRSC VIC MODEL
Uttarakhand,Haridwar,2024-10-16,2024,10,0,NRSC VIC MODEL
Uttarakhand,Haridwar,2024-10-18,2024,10,0.0931738778,NRSC VIC MODEL
Uttarakhand,Haridwar,2024-10-25,2024,10,0,NRSC VIC MODEL
Uttarakhand,Haridwar,2024-11-01,2024,11,0,NRSC VIC MODEL
Uttarakhand,Haridwar,2024-11-03,2024,11,0,NRSC VIC MODEL
Uttarakhand,Haridwar,2024-11-04,2024,11,0,NRSC VIC MODEL
Uttarakhand,Haridwar,2024-11-05,2024,11,0,NRSC VIC MODEL
Uttarakhand,Haridwar,2024-11-09,2024,11,0,NRSC VIC MODEL
Uttarakhand,Haridwar,2024-11-10,2024,11,0,NRSC VIC MODEL
Uttarakhand,Haridwar,2024-11-13,2024,11,0,NRSC VIC MODEL
Uttarakhand,Haridwar,2024-11-15,2024,11,0,NRSC VIC MODEL
Uttarakhand,Haridwar,2024-11-17,2024,11,0,NRSC VIC MODEL
Uttarakhand,Haridwar,2024-11-20,2024,11,0,NRSC VIC MODEL
Uttarakhand,Haridwar,2024-11-24,2024,11,0,NRSC VIC MODEL
Uttarakhand,Haridwar,2024-11-26,2024,11,0,NRSC VIC MODEL
Uttarakhand,Haridwar,2024-11-27,2024,11,0,NRSC VIC MODEL
Uttarakhand,Haridwar,2024-12-16,2024,12,0,NRSC VIC MODEL
Uttarakhand,Haridwar,2024-12-29,2024,12,0.0053821381,NRSC VIC MODEL
Uttarakhand,Nainital,2024-01-03,2024,01,0,NRSC VIC MODEL
Uttarakhand,Nainital,2024-01-06,2024,01,0,NRSC VIC MODEL
Uttarakhand,Nainital,2024-01-12,2024,01,0,NRSC VIC MODEL
Uttarakhand,Nainital,2024-01-13,2024,01,0,NRSC VIC MODEL
Uttarakhand,Nainital,2024-01-18,2024,01,0,NRSC VIC MODEL
Uttarakhand,Nainital,2024-01-21,2024,01,0,NRSC VIC MODEL
Uttarakhand,Nainital,2024-01-22,2024,01,0,NRSC VIC MODEL
Uttarakhand,Nainital,2024-01-27,2024,01,0,NRSC VIC MODEL
Uttarakhand,Nainital,2024-01-28,2024,01,0,NRSC VIC MODEL
Uttarakhand,Nainital,2024-02-02,2024,02,0,NRSC VIC MODEL
Uttarakhand,Nainital,2024-02-04,2024,02,0.8442692981,NRSC VIC MODEL
Uttarakhand,Nainital,2024-03-02,2024,03,5.6298117801,NRSC VIC MODEL
Uttarakhand,Nainital,2024-03-11,2024,03,0,NRSC VIC MODEL
Uttarakhand,Nainital,2024-03-24,2024,03,0,NRSC VIC MODEL
Uttarakhand,Nainital,2024-03-28,2024,03,0,NRSC VIC MODEL
Uttarakhand,Nainital,2024-04-10,2024,04,0.0033645916,NRSC VIC MODEL
Uttarakhand,Nainital,2024-04-16,2024,04,0,NRSC VIC MODEL
Uttarakhand,Nainital,2024-04-27,2024,04,0,NRSC VIC MODEL
Uttarakhand,Nainital,2024-04-28,2024,04,0.0261193111,NRSC VIC MODEL
Uttarakhand,Nainital,2024-04-29,2024,04,0.0045440302,NRSC VIC MODEL
Uttarakhand,Nainital,2024-05-01,2024,05,0.001369514,NRSC VIC MODEL
Uttarakhand,Nainital,2024-05-03,2024,05,7.231e-07,NRSC VIC MODEL
Uttarakhand,Nainital,2024-05-08,2024,05,0.0001557516,NRSC VIC MODEL
Uttarakhand,Nainital,2024-05-16,2024,05,0.0135294831,NRSC VIC MODEL
Uttarakhand,Nainital,2024-05-25,2024,05,0.0220262286,NRSC VIC MODEL
Uttarakhand,Nainital,2024-05-27,2024,05,0,NRSC VIC MODEL
Uttarakhand,Nainital,2024-05-28,2024,05,0,NRSC VIC MODEL
Uttarakhand,Nainital,2024-06-04,2024,06,0.6315329771,NRSC VIC MODEL
Uttarakhand,Nainital,2024-06-14,2024,06,0,NRSC VIC MODEL
Uttarakhand,Nainital,2024-07-04,2024,07,36.4707091731,NRSC VIC MODEL
Uttarakhand,Nainital,2024-07-07,2024,07,73.3973462658,NRSC VIC MODEL
Uttarakhand,Nainital,2024-07-15,2024,07,0.4206105921,NRSC VIC MODEL
Uttarakhand,Nainital,2024-07-16,2024,07,0.0280522851,NRSC VIC MODEL
Uttarakhand,Nainital,2024-07-19,2024,07,6.3658651054,NRSC VIC MODEL
Uttarakhand,Nainital,2024-07-24,2024,07,5.7134836346,NRSC VIC MODEL
Uttarakhand,Nainital,2024-07-25,2024,07,0.0993806766,NRSC VIC MODEL
Uttarakhand,Nainital,2024-07-30,2024,07,0.2849689518,NRSC VIC MODEL
Uttarakhand,Nainital,2024-08-02,2024,08,17.9018848397,NRSC VIC MODEL
Uttarakhand,Nainital,2024-08-06,2024,08,1.8733172123,NRSC VIC MODEL
Uttarakhand,Nainital,2024-08-12,2024,08,5.5819042363,NRSC VIC MODEL
Uttarakhand,Nainital,2024-08-15,2024,08,13.0043699104,NRSC VIC MODEL
Uttarakhand,Nainital,2024-08-17,2024,08,13.8473496338,NRSC VIC MODEL
Uttarakhand,Nainital,2024-08-18,2024,08,20.1699727722,NRSC VIC MODEL
Uttarakhand,Nainital,2024-08-21,2024,08,5.7391183183,NRSC VIC MODEL
Uttarakhand,Nainital,2024-08-31,2024,08,3.2394169676,NRSC VIC MODEL
Uttarakhand,Nainital,2024-09-04,2024,09,10.4371777465,NRSC VIC MODEL
Uttarakhand,Nainital,2024-09-11,2024,09,19.1474806068,NRSC VIC MODEL
Uttarakhand,Nainital,2024-09-18,2024,09,0.6432845776,NRSC VIC MODEL
Uttarakhand,Nainital,2024-09-20,2024,09,0.1477475623,NRSC VIC MODEL
Uttarakhand,Nainital,2024-10-01,2024,10,0.1057216751,NRSC VIC MODEL
Uttarakhand,Nainital,2024-10-17,2024,10,0.2241869042,NRSC VIC MODEL
Uttarakhand,Nainital,2024-10-18,2024,10,0.5406224245,NRSC VIC MODEL
Uttarakhand,Nainital,2024-10-26,2024,10,0,NRSC VIC MODEL
Uttarakhand,Nainital,2024-11-03,2024,11,0,NRSC VIC MODEL
Uttarakhand,Nainital,2024-11-09,2024,11,0,NRSC VIC MODEL
Uttarakhand,Udam Singh Nagar,2024-08-09,2024,08,6.8744420686,NRSC VIC MODEL
Uttarakhand,Udam Singh Nagar,2024-08-20,2024,08,18.811816661,NRSC VIC MODEL
Uttarakhand,Udam Singh Nagar,2024-08-24,2024,08,4.2848312448,NRSC VIC MODEL
Uttarakhand,Udam Singh Nagar,2024-08-25,2024,08,4.8254915313,NRSC VIC MODEL
Uttarakhand,Udam Singh Nagar,2024-08-27,2024,08,4.7242298234,NRSC VIC MODEL
Uttarakhand,Udam Singh Nagar,2024-08-28,2024,08,10.2425194007,NRSC VIC MODEL
Uttarakhand,Udam Singh Nagar,2024-09-01,2024,09,6.6292373055,NRSC VIC MODEL
Uttarakhand,Udam Singh Nagar,2024-09-06,2024,09,5.3575492604,NRSC VIC MODEL
Uttarakhand,Udam Singh Nagar,2024-09-13,2024,09,38.1758569261,NRSC VIC MODEL
Uttarakhand,Udam Singh Nagar,2024-09-21,2024,09,0.1242977482,NRSC VIC MODEL
Uttarakhand,Udam Singh Nagar,2024-09-27,2024,09,4.9104238627,NRSC VIC MODEL
Uttarakhand,Udam Singh Nagar,2024-10-02,2024,10,0.0096603933,NRSC VIC MODEL
Uttarakhand,Udam Singh Nagar,2024-10-11,2024,10,1.1127e-06,NRSC VIC MODEL
Uttarakhand,Udam Singh Nagar,2024-10-16,2024,10,0,NRSC VIC MODEL
Uttarakhand,Udam Singh Nagar,2024-10-23,2024,10,0,NRSC VIC MODEL
Uttarakhand,Udam Singh Nagar,2024-10-26,2024,10,0,NRSC VIC MODEL
Uttarakhand,Udam Singh Nagar,2024-11-07,2024,11,0,NRSC VIC MODEL
Uttarakhand,Udam Singh Nagar,2024-11-19,2024,11,0,NRSC VIC MODEL
Uttarakhand,Udam Singh Nagar,2024-11-21,2024,11,0.0040229901,NRSC VIC MODEL
Uttarakhand,Udam Singh Nagar,2024-11-24,2024,11,0,NRSC VIC MODEL
Uttarakhand,Udam Singh Nagar,2024-12-05,2024,12,0,NRSC VIC MODEL
Uttarakhand,Udam Singh Nagar,2024-12-08,2024,12,0,NRSC VIC MODEL
Uttarakhand,Udam Singh Nagar,2024-12-12,2024,12,0,NRSC VIC MODEL
Uttarakhand,Udam Singh Nagar,2024-12-19,2024,12,0,NRSC VIC MODEL
Uttarakhand,Udam Singh Nagar,2024-12-30,2024,12,0.001206897,NRSC VIC MODEL
Uttarakhand,Uttar Kashi,2024-01-07,2024,01,0,NRSC VIC MODEL
Uttarakhand,Uttar Kashi,2024-01-12,2024,01,0,NRSC VIC MODEL
Uttarakhand,Uttar Kashi,2024-01-23,2024,01,0,NRSC VIC MODEL
Uttarakhand,Uttar Kashi,2024-01-27,2024,01,0.0049085038,NRSC VIC MODEL
Uttarakhand,Uttar Kashi,2024-01-28,2024,01,0,NRSC VIC MODEL
Uttarakhand,Uttar Kashi,2024-01-30,2024,01,0,NRSC VIC MODEL
Uttarakhand,Uttar Kashi,2024-01-31,2024,01,0.1669029434,NRSC VIC MODEL
Uttarakhand,Uttar Kashi,2024-02-04,2024,02,0.671848081,NRSC VIC MODEL
Uttarakhand,Uttar Kashi,2024-02-13,2024,02,0.0496944173,NRSC VIC MODEL
Uttarakhand,Uttar Kashi,2024-02-20,2024,02,6.3019531076,NRSC VIC MODEL
Uttarakhand,Uttar Kashi,2024-02-25,2024,02,2.8278778084,NRSC VIC MODEL
Uttarakhand,Uttar Kashi,2024-02-27,2024,02,0.6483983935,NRSC VIC MODEL
Uttarakhand,Uttar Kashi,2024-02-28,2024,02,0.4670327431,NRSC VIC MODEL
Uttarakhand,Uttar Kashi,2024-03-10,2024,03,0,NRSC VIC MODEL
Uttarakhand,Uttar Kashi,2024-03-11,2024,03,0.0022005824,NRSC VIC MODEL
Uttarakhand,Uttar Kashi,2024-03-29,2024,03,0.0291473914,NRSC VIC MODEL
Uttarakhand,Uttar Kashi,2024-03-30,2024,03,3.1573081121,NRSC VIC MODEL
Uttarakhand,Uttar Kashi,2024-04-03,2024,04,0.0014491269,NRSC VIC MODEL
Uttarakhand,Uttar Kashi,2024-04-10,2024,04,0.0277048047,NRSC VIC MODEL
Uttarakhand,Uttar Kashi,2024-04-19,2024,04,0.01193359,NRSC VIC MODEL
Uttarakhand,Uttar Kashi,2024-04-21,2024,04,0.0204732475,NRSC VIC MODEL
Uttarakhand,Uttar Kashi,2024-04-24,2024,04,0.3969426696,NRSC VIC MODEL
Uttarakhand,Uttar Kashi,2024-04-28,2024,04,4.5026386503,NRSC VIC MODEL
Uttarakhand,Uttar Kashi,2024-05-02,2024,05,0.9534094075,NRSC VIC MODEL
Uttarakhand,Uttar Kashi,2024-05-03,2024,05,1.1572183177,NRSC VIC MODEL
Uttarakhand,Uttar Kashi,2024-05-09,2024,05,3.7076890043,NRSC VIC MODEL
Uttarakhand,Uttar Kashi,2024-05-20,2024,05,3.9113825269,NRSC VIC MODEL
Uttarakhand,Uttar Kashi,2024-05-21,2024,05,1.9984825951,NRSC VIC MODEL
Uttarakhand,Uttar Kashi,2024-05-22,2024,05,2.6367147166,NRSC VIC MODEL
Uttarakhand,Uttar Kashi,2024-06-07,2024,06,0.2543356379,NRSC VIC MODEL
Uttarakhand,Uttar Kashi,2024-06-09,2024,06,0.7042871587,NRSC VIC MODEL
Uttarakhand,Uttar Kashi,2024-06-16,2024,06,1.0785387511,NRSC VIC MODEL
Uttarakhand,Uttar Kashi,2024-06-17,2024,06,0.0840325641,NRSC VIC MODEL
Uttarakhand,Uttar Kashi,2024-06-20,2024,06,3.8422428466,NRSC VIC MODEL
Uttarakhand,Uttar Kashi,2024-06-21,2024,06,1.2131026567,NRSC VIC MODEL
Uttarakhand,Uttar Kashi,2024-06-22,2024,06,1.3675003054,NRSC VIC MODEL
Uttarakhand,Uttar Kashi,2024-06-26,2024,06,6.5592440147,NRSC VIC MODEL
Uttarakhand,Uttar Kashi,2024-07-01,2024,07,1.6588650573,NRSC VIC MODEL
Uttarakhand,Uttar Kashi,2024-07-14,2024,07,1.5394734237,NRSC VIC MODEL
Uttarakhand,Uttar Kashi,2024-07-20,2024,07,2.7379457437,NRSC VIC MODEL
Uttarakhand,Uttar Kashi,2024-07-22,2024,07,10.0335192767,NRSC VIC MODEL
Uttarakhand,Uttar Kashi,2024-07-24,2024,07,4.7426875508,NRSC VIC MODEL
Uttarakhand,Uttar Kashi,2024-07-27,2024,07,11.6597139206,NRSC VIC MODEL
Uttarakhand,Uttar Kashi,2024-07-29,2024,07,6.4019980114,NRSC VIC MODEL
Uttarakhand,Uttar Kashi,2024-07-31,2024,07,1.3063310648,NRSC VIC MODEL
Uttarakhand,Uttar Kashi,2024-08-01,2024,08,8.1483334446,NRSC VIC MODEL
Uttarakhand,Uttar Kashi,2024-08-03,2024,08,14.5358935779,NRSC VIC MODEL
Uttarakhand,Uttar Kashi,2024-08-09,2024,08,8.769028566,NRSC VIC MODEL
Uttarakhand,Uttar Kashi,2024-08-12,2024,08,7.3596842701,NRSC VIC MODEL
Uttarakhand,Uttar Kashi,2024-08-13,2024,08,5.5870956175,NRSC VIC MODEL
Uttarakhand,Uttar Kashi,2024-08-14,2024,08,11.6140819459,NRSC VIC MODEL
Uttarakhand,Uttar Kashi,2024-08-29,2024,08,4.9767676232,NRSC VIC MODEL
Uttarakhand,Uttar Kashi,2024-09-05,2024,09,9.8304952447,NRSC VIC MODEL
Uttarakhand,Uttar Kashi,2024-09-13,2024,09,17.3379995044,NRSC VIC MODEL
Uttarakhand,Uttar Kashi,2024-09-16,2024,09,0.6540439015,NRSC VIC MODEL
Uttarakhand,Uttar Kashi,2024-09-19,2024,09,0.1807590256,NRSC VIC MODEL
Uttarakhand,Uttar Kashi,2024-09-28,2024,09,1.1137125524,NRSC VIC MODEL
Uttarakhand,Uttar Kashi,2024-09-29,2024,09,0.2865484419,NRSC VIC MODEL
Uttarakhand,Uttar Kashi,2024-10-05,2024,10,0.2873834039,NRSC VIC MODEL
Uttarakhand,Uttar Kashi,2024-10-13,2024,10,0,NRSC VIC MODEL
Uttarakhand,Uttar Kashi,2024-10-24,2024,10,0.0193419701,NRSC VIC MODEL
Uttarakhand,Uttar Kashi,2024-10-28,2024,10,0.497294894,NRSC VIC MODEL
Uttarakhand,Uttar Kashi,2024-11-12,2024,11,0.0117571534,NRSC VIC MODEL
Uttarakhand,Uttar Kashi,2024-11-14,2024,11,0,NRSC VIC MODEL
Uttarakhand,Uttar Kashi,2024-11-16,2024,11,0,NRSC VIC MODEL
Uttarakhand,Uttar Kashi,2024-12-01,2024,12,0.1007727041,NRSC VIC MODEL
Uttarakhand,Uttar Kashi,2024-12-08,2024,12,0.0392147209,NRSC VIC MODEL
Uttarakhand,Uttar Kashi,2024-12-12,2024,12,0.1387676089,NRSC VIC MODEL
Uttarakhand,Uttar Kashi,2024-12-16,2024,12,0,NRSC VIC MODEL
Uttarakhand,Uttar Kashi,2024-12-23,2024,12,2.58179e-05,NRSC VIC MODEL
Uttarakhand,Chamoli,2024-09-23,2024,09,1.6183949963,NRSC VIC MODEL
Uttarakhand,Chamoli,2024-10-06,2024,10,0.2579738815,NRSC VIC MODEL
Uttarakhand,Chamoli,2024-10-27,2024,10,0,NRSC VIC MODEL
Uttarakhand,Chamoli,2024-11-03,2024,11,0,NRSC VIC MODEL
Uttarakhand,Chamoli,2024-11-06,2024,11,0.0311136735,NRSC VIC MODEL
Uttarakhand,Chamoli,2024-11-08,2024,11,0.4731910084,NRSC VIC MODEL
Uttarakhand,Chamoli,2024-11-10,2024,11,0.2903242765,NRSC VIC MODEL
Uttarakhand,Chamoli,2024-11-15,2024,11,0,NRSC VIC MODEL
Uttarakhand,Chamoli,2024-11-17,2024,11,0,NRSC VIC MODEL
Uttarakhand,Chamoli,2024-11-19,2024,11,0,NRSC VIC MODEL
Uttarakhand,Chamoli,2024-11-21,2024,11,0.3342795737,NRSC VIC MODEL
Uttarakhand,Chamoli,2024-11-24,2024,11,0,NRSC VIC MODEL
Uttarakhand,Chamoli,2024-11-28,2024,11,0,NRSC VIC MODEL
Uttarakhand,Chamoli,2024-12-01,2024,12,0.3335003524,NRSC VIC MODEL
Uttarakhand,Chamoli,2024-12-07,2024,12,0.7137977806,NRSC VIC MODEL
Uttarakhand,Chamoli,2024-12-19,2024,12,0.3070779384,NRSC VIC MODEL
Uttarakhand,Chamoli,2024-12-27,2024,12,0,NRSC VIC MODEL
Uttarakhand,Chamoli,2024-12-31,2024,12,0.003110967,NRSC VIC MODEL
Uttarakhand,Champawat,2024-01-03,2024,01,0,NRSC VIC MODEL
Uttarakhand,Champawat,2024-01-04,2024,01,0,NRSC VIC MODEL
Uttarakhand,Champawat,2024-01-28,2024,01,0,NRSC VIC MODEL
Uttarakhand,Champawat,2024-02-08,2024,02,0,NRSC VIC MODEL
Uttarakhand,Champawat,2024-02-12,2024,02,0,NRSC VIC MODEL
Uttarakhand,Champawat,2024-02-13,2024,02,0,NRSC VIC MODEL
Uttarakhand,Champawat,2024-02-23,2024,02,0.3662034434,NRSC VIC MODEL
Uttarakhand,Champawat,2024-03-01,2024,03,0,NRSC VIC MODEL
Uttarakhand,Champawat,2024-03-05,2024,03,0.0014761714,NRSC VIC MODEL
Uttarakhand,Champawat,2024-03-09,2024,03,0,NRSC VIC MODEL
Uttarakhand,Champawat,2024-03-16,2024,03,0,NRSC VIC MODEL
Uttarakhand,Champawat,2024-03-20,2024,03,0.0001946086,NRSC VIC MODEL
Uttarakhand,Champawat,2024-03-21,2024,03,0,NRSC VIC MODEL
Uttarakhand,Champawat,2024-04-06,2024,04,0,NRSC VIC MODEL
Uttarakhand,Champawat,2024-04-07,2024,04,0,NRSC VIC MODEL
Uttarakhand,Champawat,2024-04-08,2024,04,0,NRSC VIC MODEL
Uttarakhand,Champawat,2024-04-10,2024,04,0.0026733446,NRSC VIC MODEL
Uttarakhand,Champawat,2024-04-14,2024,04,0,NRSC VIC MODEL
Uttarakhand,Champawat,2024-04-16,2024,04,0,NRSC VIC MODEL
Uttarakhand,Champawat,2024-04-26,2024,04,0,NRSC VIC MODEL
Uttarakhand,Champawat,2024-05-01,2024,05,0.0013980685,NRSC VIC MODEL
Uttarakhand,Champawat,2024-05-07,2024,05,0.1017992303,NRSC VIC MODEL
Uttarakhand,Champawat,2024-05-08,2024,05,0.0041433763,NRSC VIC MODEL
Uttarakhand,Champawat,2024-05-19,2024,05,0.6223764874,NRSC VIC MODEL
Uttarakhand,Champawat,2024-05-20,2024,05,1.1840214242,NRSC VIC MODEL
Uttarakhand,Champawat,2024-05-24,2024,05,0.9388118222,NRSC VIC MODEL
Uttarakhand,Champawat,2024-06-23,2024,06,0.7298901425,NRSC VIC MODEL
Uttarakhand,Champawat,2024-07-04,2024,07,35.376607443,NRSC VIC MODEL
Uttarakhand,Champawat,2024-07-06,2024,07,67.7177603479,NRSC VIC MODEL
Uttarakhand,Champawat,2024-07-08,2024,07,207.5864752841,NRSC VIC MODEL
Uttarakhand,Champawat,2024-07-17,2024,07,13.3181377419,NRSC VIC MODEL
Uttarakhand,Champawat,2024-07-21,2024,07,4.7462096167,NRSC VIC MODEL
Uttarakhand,Champawat,2024-07-24,2024,07,0.0280436245,NRSC VIC MODEL
Uttarakhand,Champawat,2024-07-26,2024,07,0.8964777665,NRSC VIC MODEL
Uttarakhand,Champawat,2024-08-07,2024,08,51.7238923489,NRSC VIC MODEL
Uttarakhand,Champawat,2024-08-09,2024,08,3.3217315962,NRSC VIC MODEL
Uttarakhand,Champawat,2024-08-22,2024,08,11.8648415836,NRSC VIC MODEL
Uttarakhand,Champawat,2024-08-31,2024,08,5.1535140145,NRSC VIC MODEL
Uttarakhand,Champawat,2024-09-07,2024,09,5.0806444464,NRSC VIC MODEL
Uttarakhand,Champawat,2024-09-21,2024,09,1.9062335463,NRSC VIC MODEL
Uttarakhand,Champawat,2024-09-27,2024,09,11.1986196945,NRSC VIC MODEL
Uttarakhand,Champawat,2024-10-05,2024,10,0.9137440423,NRSC VIC MODEL
Uttarakhand,Champawat,2024-10-06,2024,10,1.5664748866,NRSC VIC MODEL
Uttarakhand,Champawat,2024-10-13,2024,10,0,NRSC VIC MODEL
Uttarakhand,Champawat,2024-10-16,2024,10,0.0268137002,NRSC VIC MODEL
Uttarakhand,Champawat,2024-10-20,2024,10,0.0326274518,NRSC VIC MODEL
Uttarakhand,Champawat,2024-10-21,2024,10,0,NRSC VIC MODEL
Uttarakhand,Champawat,2024-10-28,2024,10,0,NRSC VIC MODEL
Uttarakhand,Champawat,2024-11-12,2024,11,0.0024904042,NRSC VIC MODEL
Uttarakhand,Champawat,2024-11-16,2024,11,0,NRSC VIC MODEL
Uttarakhand,Champawat,2024-11-17,2024,11,0,NRSC VIC MODEL
Uttarakhand,Champawat,2024-11-25,2024,11,0.0005825285,NRSC VIC MODEL
Uttarakhand,Champawat,2024-12-02,2024,12,0.0008374321,NRSC VIC MODEL
Uttarakhand,Champawat,2024-12-18,2024,12,0,NRSC VIC MODEL
Uttarakhand,Champawat,2024-12-19,2024,12,0,NRSC VIC MODEL
Uttarakhand,Champawat,2024-12-21,2024,12,0,NRSC VIC MODEL
Uttarakhand,Champawat,2024-12-25,2024,12,0.033470062,NRSC VIC MODEL
Uttarakhand,Champawat,2024-12-26,2024,12,0,NRSC VIC MODEL
Uttarakhand,Champawat,2024-12-31,2024,12,0,NRSC VIC MODEL
Uttarakhand,Dehradun,2024-01-01,2024,01,0.6778473764,NRSC VIC MODEL
Uttarakhand,Dehradun,2024-01-03,2024,01,0,NRSC VIC MODEL
Uttarakhand,Dehradun,2024-01-07,2024,01,0,NRSC VIC MODEL
Uttarakhand,Dehradun,2024-01-11,2024,01,0,NRSC VIC MODEL
Uttarakhand,Dehradun,2024-01-18,2024,01,0.0153495555,NRSC VIC MODEL
Uttarakhand,Dehradun,2024-01-28,2024,01,0,NRSC VIC MODEL
Uttarakhand,Dehradun,2024-02-03,2024,02,0.3133092006,NRSC VIC MODEL
Uttarakhand,Dehradun,2024-02-05,2024,02,22.8129929164,NRSC VIC MODEL
Uttarakhand,Dehradun,2024-02-24,2024,02,0,NRSC VIC MODEL
Uttarakhand,Dehradun,2024-02-25,2024,02,0.0181114668,NRSC VIC MODEL
Uttarakhand,Dehradun,2024-02-27,2024,02,0.3683912403,NRSC VIC MODEL
Uttarakhand,Dehradun,2024-03-07,2024,03,0.0001484546,NRSC VIC MODEL
Uttarakhand,Dehradun,2024-03-16,2024,03,0,NRSC VIC MODEL
Uttarakhand,Dehradun,2024-03-18,2024,03,0,NRSC VIC MODEL
Uttarakhand,Dehradun,2024-03-22,2024,03,0.0826091542,NRSC VIC MODEL
Uttarakhand,Dehradun,2024-03-27,2024,03,0,NRSC VIC MODEL
Uttarakhand,Dehradun,2024-03-29,2024,03,0.0076969205,NRSC VIC MODEL
Uttarakhand,Dehradun,2024-04-07,2024,04,0,NRSC VIC MODEL
Uttarakhand,Dehradun,2024-04-11,2024,04,0.324216764,NRSC VIC MODEL
Uttarakhand,Dehradun,2024-04-17,2024,04,0,NRSC VIC MODEL
Uttarakhand,Dehradun,2024-04-18,2024,04,0.0020958152,NRSC VIC MODEL
Uttarakhand,Dehradun,2024-04-27,2024,04,0.4841502824,NRSC VIC MODEL
Uttarakhand,Dehradun,2024-04-28,2024,04,3.7973888773,NRSC VIC MODEL
Uttarakhand,Dehradun,2024-04-30,2024,04,1.1222278082,NRSC VIC MODEL
Uttarakhand,Dehradun,2024-05-13,2024,05,3.5832439927,NRSC VIC MODEL
Uttarakhand,Dehradun,2024-05-16,2024,05,2.0659495963,NRSC VIC MODEL
Uttarakhand,Dehradun,2024-05-22,2024,05,0.0076607579,NRSC VIC MODEL
Uttarakhand,Dehradun,2024-06-02,2024,06,3.6432799574,NRSC VIC MODEL
Uttarakhand,Dehradun,2024-06-03,2024,06,0.0007476008,NRSC VIC MODEL
Uttarakhand,Dehradun,2024-06-05,2024,06,0.0077816344,NRSC VIC MODEL
Uttarakhand,Dehradun,2024-06-09,2024,06,0,NRSC VIC MODEL
Uttarakhand,Dehradun,2024-06-10,2024,06,0,NRSC VIC MODEL
Uttarakhand,Dehradun,2024-06-11,2024,06,0,NRSC VIC MODEL
Uttarakhand,Dehradun,2024-06-18,2024,06,0.0029872191,NRSC VIC MODEL
Uttarakhand,Dehradun,2024-06-26,2024,06,12.0227827023,NRSC VIC MODEL
Uttarakhand,Dehradun,2024-06-29,2024,06,3.27375622,NRSC VIC MODEL
Uttarakhand,Dehradun,2024-07-02,2024,07,6.35865642,NRSC VIC MODEL
Uttarakhand,Dehradun,2024-07-26,2024,07,13.8920350312,NRSC VIC MODEL
Uttarakhand,Dehradun,2024-07-28,2024,07,24.977519875,NRSC VIC MODEL
Uttarakhand,Dehradun,2024-07-30,2024,07,25.0327481506,NRSC VIC MODEL
Uttarakhand,Dehradun,2024-08-11,2024,08,31.1328941524,NRSC VIC MODEL
Uttarakhand,Dehradun,2024-08-15,2024,08,21.9233780547,NRSC VIC MODEL
Uttarakhand,Dehradun,2024-08-19,2024,08,32.4132116072,NRSC VIC MODEL
Uttarakhand,Dehradun,2024-08-21,2024,08,8.3112090826,NRSC VIC MODEL
Uttarakhand,Dehradun,2024-08-24,2024,08,9.7792355231,NRSC VIC MODEL
Uttarakhand,Dehradun,2024-08-28,2024,08,11.8582294441,NRSC VIC MODEL
Uttarakhand,Dehradun,2024-09-10,2024,09,8.0085424395,NRSC VIC MODEL
Uttarakhand,Dehradun,2024-09-15,2024,09,1.4322252053,NRSC VIC MODEL
Uttarakhand,Dehradun,2024-09-17,2024,09,4.2293159944,NRSC VIC MODEL
Uttarakhand,Dehradun,2024-09-19,2024,09,0.0148454646,NRSC VIC MODEL
Uttarakhand,Dehradun,2024-09-21,2024,09,1.4663407585,NRSC VIC MODEL
Uttarakhand,Dehradun,2024-09-30,2024,09,0,NRSC VIC MODEL
Uttarakhand,Dehradun,2024-10-03,2024,10,0,NRSC VIC MODEL
Uttarakhand,Dehradun,2024-10-05,2024,10,0,NRSC VIC MODEL
Uttarakhand,Dehradun,2024-10-16,2024,10,0,NRSC VIC MODEL
Uttarakhand,Dehradun,2024-10-18,2024,10,0.1836909379,NRSC VIC MODEL
Uttarakhand,Dehradun,2024-10-27,2024,10,0,NRSC VIC MODEL
Uttarakhand,Dehradun,2024-11-09,2024,11,0,NRSC VIC MODEL
Uttarakhand,Dehradun,2024-11-11,2024,11,0.4360630092,NRSC VIC MODEL
Uttarakhand,Dehradun,2024-11-24,2024,11,0,NRSC VIC MODEL
Uttarakhand,Dehradun,2024-11-25,2024,11,0,NRSC VIC MODEL
Uttarakhand,Dehradun,2024-12-06,2024,12,0,NRSC VIC MODEL
Uttarakhand,Dehradun,2024-12-17,2024,12,0,NRSC VIC MODEL
Uttarakhand,Dehradun,2024-12-18,2024,12,0,NRSC VIC MODEL
Uttarakhand,Haridwar,2024-01-05,2024,01,0,NRSC VIC MODEL
Uttarakhand,Haridwar,2024-01-10,2024,01,0,NRSC VIC MODEL
Uttarakhand,Haridwar,2024-01-11,2024,01,0,NRSC VIC MODEL
Uttarakhand,Haridwar,2024-01-12,2024,01,0,NRSC VIC MODEL
Uttarakhand,Haridwar,2024-01-14,2024,01,0,NRSC VIC MODEL
Uttarakhand,Haridwar,2024-01-17,2024,01,0,NRSC VIC MODEL
Uttarakhand,Haridwar,2024-01-29,2024,01,0,NRSC VIC MODEL
Uttarakhand,Haridwar,2024-02-19,2024,02,0.0227375785,NRSC VIC MODEL
Uttarakhand,Haridwar,2024-02-26,2024,02,0,NRSC VIC MODEL
Uttarakhand,Haridwar,2024-02-28,2024,02,0.0855333359,NRSC VIC MODEL
Uttarakhand,Haridwar,2024-03-04,2024,03,14.3026041204,NRSC VIC MODEL
Uttarakhand,Haridwar,2024-03-08,2024,03,0,NRSC VIC MODEL
Uttarakhand,Haridwar,2024-03-09,2024,03,0,NRSC VIC MODEL
Uttarakhand,Haridwar,2024-03-11,2024,03,0.0371288705,NRSC VIC MODEL
Uttarakhand,Haridwar,2024-03-15,2024,03,0,NRSC VIC MODEL
Uttarakhand,Haridwar,2024-03-21,2024,03,0,NRSC VIC MODEL
Uttarakhand,Haridwar,2024-03-23,2024,03,0,NRSC VIC MODEL
Uttarakhand,Haridwar,2024-03-27,2024,03,0,NRSC VIC MODEL
Uttarakhand,Haridwar,2024-03-29,2024,03,0.0015358749,NRSC VIC MODEL
Uttarakhand,Haridwar,2024-03-31,2024,03,0.1631227319,NRSC VIC MODEL
Uttarakhand,Haridwar,2024-04-08,2024,04,0,NRSC VIC MODEL
Uttarakhand,Haridwar,2024-04-17,2024,04,0,NRSC VIC MODEL
Uttarakhand,Haridwar,2024-04-18,2024,04,0.0029902122,NRSC VIC MODEL
Uttarakhand,Haridwar,2024-04-19,2024,04,0,NRSC VIC MODEL
Uttarakhand,Haridwar,2024-04-25,2024,04,0,NRSC VIC MODEL
Uttarakhand,Haridwar,2024-04-26,2024,04,0,NRSC VIC MODEL
Uttarakhand,Haridwar,2024-04-28,2024,04,0.4877040143,NRSC VIC MODEL
Uttarakhand,Haridwar,2024-04-29,2024,04,0.0008233216,NRSC VIC MODEL
Uttarakhand,Haridwar,2024-05-04,2024,05,0.0497416521,NRSC VIC MODEL
Uttarakhand,Haridwar,2024-05-06,2024,05,0,NRSC VIC MODEL
Uttarakhand,Haridwar,2024-05-07,2024,05,0.0005272208,NRSC VIC MODEL
Uttarakhand,Uttar Kashi,2024-02-29,2024,02,0,NRSC VIC MODEL
Uttarakhand,Uttar Kashi,2024-03-02,2024,03,5.9251156864,NRSC VIC MODEL
Uttarakhand,Uttar Kashi,2024-03-04,2024,03,8.777087508,NRSC VIC MODEL
Uttarakhand,Uttar Kashi,2024-03-06,2024,03,1.2457558736,NRSC VIC MODEL
Uttarakhand,Uttar Kashi,2024-03-14,2024,03,1.193710374,NRSC VIC MODEL
Uttarakhand,Uttar Kashi,2024-03-18,2024,03,0,NRSC VIC MODEL
Uttarakhand,Uttar Kashi,2024-03-21,2024,03,0.1873701046,NRSC VIC MODEL
Uttarakhand,Uttar Kashi,2024-03-23,2024,03,0.1207919728,NRSC VIC MODEL
Uttarakhand,Uttar Kashi,2024-03-24,2024,03,0.1359858447,NRSC VIC MODEL
Uttarakhand,Uttar Kashi,2024-03-26,2024,03,0,NRSC VIC MODEL
Uttarakhand,Uttar Kashi,2024-04-06,2024,04,0,NRSC VIC MODEL
Uttarakhand,Uttar Kashi,2024-04-07,2024,04,0.0063413769,NRSC VIC MODEL
Uttarakhand,Uttar Kashi,2024-04-12,2024,04,8.1847127226,NRSC VIC MODEL
Uttarakhand,Uttar Kashi,2024-04-22,2024,04,0.0142175847,NRSC VIC MODEL
Uttarakhand,Uttar Kashi,2024-04-27,2024,04,1.4003465826,NRSC VIC MODEL
Uttarakhand,Uttar Kashi,2024-05-05,2024,05,0.2727064732,NRSC VIC MODEL
Uttarakhand,Uttar Kashi,2024-05-08,2024,05,1.7410787807,NRSC VIC MODEL
Uttarakhand,Uttar Kashi,2024-05-13,2024,05,2.0401281074,NRSC VIC MODEL
Uttarakhand,Uttar Kashi,2024-05-14,2024,05,1.3234463104,NRSC VIC MODEL
Uttarakhand,Uttar Kashi,2024-05-18,2024,05,2.981075788,NRSC VIC MODEL
Uttarakhand,Uttar Kashi,2024-05-19,2024,05,3.2670900658,NRSC VIC MODEL
Uttarakhand,Uttar Kashi,2024-05-24,2024,05,2.3686989921,NRSC VIC MODEL
Uttarakhand,Uttar Kashi,2024-05-29,2024,05,0.8928014497,NRSC VIC MODEL
Uttarakhand,Uttar Kashi,2024-06-01,2024,06,1.1366352732,NRSC VIC MODEL
Uttarakhand,Uttar Kashi,2024-06-03,2024,06,0.6402133253,NRSC VIC MODEL
Uttarakhand,Uttar Kashi,2024-06-04,2024,06,1.7852308569,NRSC VIC MODEL
Uttarakhand,Uttar Kashi,2024-06-05,2024,06,1.3837694544,NRSC VIC MODEL
Uttarakhand,Uttar Kashi,2024-06-14,2024,06,0.4584268252,NRSC VIC MODEL
Uttarakhand,Uttar Kashi,2024-06-19,2024,06,2.1186064969,NRSC VIC MODEL
Uttarakhand,Uttar Kashi,2024-06-29,2024,06,2.5378635822,NRSC VIC MODEL
Uttarakhand,Uttar Kashi,2024-07-04,2024,07,9.0610512005,NRSC VIC MODEL
Uttarakhand,Uttar Kashi,2024-07-09,2024,07,1.2838968122,NRSC VIC MODEL
Uttarakhand,Uttar Kashi,2024-07-13,2024,07,2.0742661352,NRSC VIC MODEL
Uttarakhand,Uttar Kashi,2024-07-18,2024,07,3.6879315547,NRSC VIC MODEL
Uttarakhand,Uttar Kashi,2024-07-25,2024,07,0.7794727494,NRSC VIC MODEL
Uttarakhand,Uttar Kashi,2024-07-26,2024,07,11.4074929979,NRSC VIC MODEL
Uttarakhand,Uttar Kashi,2024-08-05,2024,08,8.4839560625,NRSC VIC MODEL
Uttarakhand,Uttar Kashi,2024-08-23,2024,08,8.1587406053,NRSC VIC MODEL
Uttarakhand,Uttar Kashi,2024-08-25,2024,08,5.4620494011,NRSC VIC MODEL
Uttarakhand,Uttar Kashi,2024-08-30,2024,08,5.1194592445,NRSC VIC MODEL
Uttarakhand,Uttar Kashi,2024-09-14,2024,09,3.5672091982,NRSC VIC MODEL
Uttarakhand,Uttar Kashi,2024-09-21,2024,09,1.4582774804,NRSC VIC MODEL
Uttarakhand,Uttar Kashi,2024-09-23,2024,09,3.7222738603,NRSC VIC MODEL
Uttarakhand,Uttar Kashi,2024-09-24,2024,09,2.6349868075,NRSC VIC MODEL
Uttarakhand,Uttar Kashi,2024-10-02,2024,10,0.0421040864,NRSC VIC MODEL
Uttarakhand,Uttar Kashi,2024-10-07,2024,10,0.3220685153,NRSC VIC MODEL
Uttarakhand,Uttar Kashi,2024-10-08,2024,10,0.1338093917,NRSC VIC MODEL
Uttarakhand,Uttar Kashi,2024-10-09,2024,10,0.0164619122,NRSC VIC MODEL
Uttarakhand,Uttar Kashi,2024-10-20,2024,10,0.0268922444,NRSC VIC MODEL
Uttarakhand,Uttar Kashi,2024-10-23,2024,10,0.133704518,NRSC VIC MODEL
Uttarakhand,Uttar Kashi,2024-10-26,2024,10,0.0017144184,NRSC VIC MODEL
Uttarakhand,Uttar Kashi,2024-10-27,2024,10,0,NRSC VIC MODEL
Uttarakhand,Uttar Kashi,2024-11-02,2024,11,0,NRSC VIC MODEL
Uttarakhand,Uttar Kashi,2024-11-05,2024,11,0.0494285296,NRSC VIC MODEL
Uttarakhand,Uttar Kashi,2024-11-06,2024,11,0.0081583257,NRSC VIC MODEL
Uttarakhand,Uttar Kashi,2024-11-19,2024,11,0,NRSC VIC MODEL
Uttarakhand,Uttar Kashi,2024-11-23,2024,11,0.0116243207,NRSC VIC MODEL
Uttarakhand,Uttar Kashi,2024-11-27,2024,11,0.120055026,NRSC VIC MODEL
Uttarakhand,Uttar Kashi,2024-11-29,2024,11,0.0013460286,NRSC VIC MODEL
Uttarakhand,Uttar Kashi,2024-11-30,2024,11,0.1218332609,NRSC VIC MODEL
Uttarakhand,Uttar Kashi,2024-12-13,2024,12,0.0046587437,NRSC VIC MODEL
Uttarakhand,Uttar Kashi,2024-12-18,2024,12,0,NRSC VIC MODEL
Uttarakhand,Uttar Kashi,2024-12-31,2024,12,0.0131490816,NRSC VIC MODEL
Uttarakhand,Almora,2024-06-28,2024,06,7.9089006211,NRSC VIC MODEL
Uttarakhand,Almora,2024-07-01,2024,07,2.7805333161,NRSC VIC MODEL
Uttarakhand,Almora,2024-07-05,2024,07,28.2533012063,NRSC VIC MODEL
Uttarakhand,Almora,2024-07-14,2024,07,13.7899997888,NRSC VIC MODEL
Uttarakhand,Almora,2024-07-23,2024,07,4.8041096076,NRSC VIC MODEL
Uttarakhand,Almora,2024-07-29,2024,07,11.9218860206,NRSC VIC MODEL
Uttarakhand,Almora,2024-08-01,2024,08,8.5440673128,NRSC VIC MODEL
Uttarakhand,Almora,2024-08-06,2024,08,0.9705486953,NRSC VIC MODEL
Uttarakhand,Almora,2024-08-07,2024,08,22.8524668852,NRSC VIC MODEL
Uttarakhand,Almora,2024-08-12,2024,08,13.0925763537,NRSC VIC MODEL
Uttarakhand,Almora,2024-08-15,2024,08,17.7838839531,NRSC VIC MODEL
Uttarakhand,Almora,2024-08-16,2024,08,18.6931872726,NRSC VIC MODEL
Uttarakhand,Almora,2024-08-17,2024,08,15.7453073266,NRSC VIC MODEL
Uttarakhand,Almora,2024-08-21,2024,08,8.2139198244,NRSC VIC MODEL
Uttarakhand,Almora,2024-08-28,2024,08,12.1443313112,NRSC VIC MODEL
Uttarakhand,Almora,2024-09-14,2024,09,2.7779825258,NRSC VIC MODEL
Uttarakhand,Almora,2024-09-19,2024,09,0.3677566493,NRSC VIC MODEL
Uttarakhand,Almora,2024-09-25,2024,09,9.5020382309,NRSC VIC MODEL
Uttarakhand,Almora,2024-10-05,2024,10,0.2949458866,NRSC VIC MODEL
Uttarakhand,Almora,2024-10-08,2024,10,0.5107991723,NRSC VIC MODEL
Uttarakhand,Almora,2024-10-13,2024,10,0,NRSC VIC MODEL
Uttarakhand,Almora,2024-10-15,2024,10,0,NRSC VIC MODEL
Uttarakhand,Almora,2024-10-25,2024,10,0,NRSC VIC MODEL
Uttarakhand,Almora,2024-10-30,2024,10,8.55914e-05,NRSC VIC MODEL
Uttarakhand,Almora,2024-11-05,2024,11,0.0976214216,NRSC VIC MODEL
Uttarakhand,Almora,2024-11-07,2024,11,0.0017838151,NRSC VIC MODEL
Uttarakhand,Almora,2024-11-15,2024,11,0,NRSC VIC MODEL
Uttarakhand,Almora,2024-11-16,2024,11,1.66441e-05,NRSC VIC MODEL
Uttarakhand,Almora,2024-11-17,2024,11,0,NRSC VIC MODEL
Uttarakhand,Almora,2024-11-19,2024,11,0,NRSC VIC MODEL
Uttarakhand,Almora,2024-11-21,2024,11,0.0039784657,NRSC VIC MODEL
Uttarakhand,Almora,2024-11-23,2024,11,0.0012931877,NRSC VIC MODEL
Uttarakhand,Almora,2024-11-26,2024,11,2.49661e-05,NRSC VIC MODEL
Uttarakhand,Almora,2024-12-02,2024,12,0.848441738,NRSC VIC MODEL
Uttarakhand,Almora,2024-12-07,2024,12,0.0001441846,NRSC VIC MODEL
Uttarakhand,Almora,2024-12-10,2024,12,1.3461393717,NRSC VIC MODEL
Uttarakhand,Almora,2024-12-11,2024,12,0.0105431564,NRSC VIC MODEL
Uttarakhand,Almora,2024-12-18,2024,12,0,NRSC VIC MODEL
Uttarakhand,Almora,2024-12-22,2024,12,0,NRSC VIC MODEL
Uttarakhand,Bageshwar,2024-01-07,2024,01,0,NRSC VIC MODEL
Uttarakhand,Bageshwar,2024-01-08,2024,01,0,NRSC VIC MODEL
Uttarakhand,Bageshwar,2024-01-09,2024,01,0.0034408163,NRSC VIC MODEL
Uttarakhand,Bageshwar,2024-01-24,2024,01,0,NRSC VIC MODEL
Uttarakhand,Bageshwar,2024-01-28,2024,01,0,NRSC VIC MODEL
Uttarakhand,Bageshwar,2024-01-29,2024,01,0,NRSC VIC MODEL
Uttarakhand,Bageshwar,2024-02-14,2024,02,0,NRSC VIC MODEL
Uttarakhand,Bageshwar,2024-02-15,2024,02,0,NRSC VIC MODEL
Uttarakhand,Bageshwar,2024-02-17,2024,02,0,NRSC VIC MODEL
Uttarakhand,Bageshwar,2024-02-29,2024,02,0.0149708756,NRSC VIC MODEL
Uttarakhand,Bageshwar,2024-03-01,2024,03,0,NRSC VIC MODEL
Uttarakhand,Bageshwar,2024-03-02,2024,03,6.9526183538,NRSC VIC MODEL
Uttarakhand,Bageshwar,2024-03-11,2024,03,0,NRSC VIC MODEL
Uttarakhand,Bageshwar,2024-03-20,2024,03,0.3496895439,NRSC VIC MODEL
Uttarakhand,Bageshwar,2024-03-22,2024,03,0.3403109995,NRSC VIC MODEL
Uttarakhand,Bageshwar,2024-03-26,2024,03,0,NRSC VIC MODEL
Uttarakhand,Bageshwar,2024-04-02,2024,04,0.4291477785,NRSC VIC MODEL
Uttarakhand,Bageshwar,2024-04-08,2024,04,0,NRSC VIC MODEL
Uttarakhand,Bageshwar,2024-04-19,2024,04,0,NRSC VIC MODEL
Uttarakhand,Bageshwar,2024-04-23,2024,04,0,NRSC VIC MODEL
Uttarakhand,Bageshwar,2024-04-25,2024,04,0,NRSC VIC MODEL
Uttarakhand,Bageshwar,2024-05-02,2024,05,0.7986669362,NRSC VIC MODEL
Uttarakhand,Bageshwar,2024-05-12,2024,05,3.5737188918,NRSC VIC MODEL
Uttarakhand,Bageshwar,2024-05-17,2024,05,0,NRSC VIC MODEL
Uttarakhand,Bageshwar,2024-05-21,2024,05,1.4367551329,NRSC VIC MODEL
Uttarakhand,Bageshwar,2024-05-28,2024,05,0.0765807699,NRSC VIC MODEL
Uttarakhand,Bageshwar,2024-06-05,2024,06,1.0570050269,NRSC VIC MODEL
Uttarakhand,Bageshwar,2024-06-08,2024,06,0.2066081013,NRSC VIC MODEL
Uttarakhand,Bageshwar,2024-06-10,2024,06,0.3215498698,NRSC VIC MODEL
Uttarakhand,Bageshwar,2024-06-11,2024,06,0.0817034175,NRSC VIC MODEL
Uttarakhand,Bageshwar,2024-06-12,2024,06,0.4985379153,NRSC VIC MODEL
Uttarakhand,Bageshwar,2024-06-15,2024,06,0.2277921543,NRSC VIC MODEL
Uttarakhand,Bageshwar,2024-06-16,2024,06,0.1918365765,NRSC VIC MODEL
Uttarakhand,Bageshwar,2024-06-23,2024,06,3.0170505978,NRSC VIC MODEL
Uttarakhand,Bageshwar,2024-06-27,2024,06,39.7964133475,NRSC VIC MODEL
Uttarakhand,Bageshwar,2024-06-28,2024,06,10.1320970599,NRSC VIC MODEL
Uttarakhand,Bageshwar,2024-06-30,2024,06,12.0113937804,NRSC VIC MODEL
Uttarakhand,Bageshwar,2024-07-03,2024,07,28.4699187823,NRSC VIC MODEL
Uttarakhand,Bageshwar,2024-07-07,2024,07,55.1471571103,NRSC VIC MODEL
Uttarakhand,Bageshwar,2024-07-08,2024,07,58.4023062294,NRSC VIC MODEL
Uttarakhand,Bageshwar,2024-07-16,2024,07,1.2525648637,NRSC VIC MODEL
Uttarakhand,Bageshwar,2024-07-18,2024,07,28.7412257643,NRSC VIC MODEL
Uttarakhand,Bageshwar,2024-07-24,2024,07,13.1910938823,NRSC VIC MODEL
Uttarakhand,Bageshwar,2024-07-28,2024,07,3.6557372755,NRSC VIC MODEL
Uttarakhand,Bageshwar,2024-08-04,2024,08,11.4985701803,NRSC VIC MODEL
Uttarakhand,Bageshwar,2024-08-08,2024,08,17.8462329723,NRSC VIC MODEL
Uttarakhand,Bageshwar,2024-08-09,2024,08,5.9000199409,NRSC VIC MODEL
Uttarakhand,Bageshwar,2024-08-16,2024,08,18.1724664243,NRSC VIC MODEL
Uttarakhand,Bageshwar,2024-08-26,2024,08,7.7837373842,NRSC VIC MODEL
Uttarakhand,Bageshwar,2024-08-29,2024,08,7.3885039131,NRSC VIC MODEL
Uttarakhand,Bageshwar,2024-09-02,2024,09,12.6756682132,NRSC VIC MODEL
Uttarakhand,Bageshwar,2024-09-11,2024,09,18.8780941663,NRSC VIC MODEL
Uttarakhand,Bageshwar,2024-09-13,2024,09,10.1091982757,NRSC VIC MODEL
Uttarakhand,Bageshwar,2024-09-16,2024,09,2.4438383388,NRSC VIC MODEL
Uttarakhand,Bageshwar,2024-09-26,2024,09,15.049066983,NRSC VIC MODEL
Uttarakhand,Bageshwar,2024-09-30,2024,09,0.2671979786,NRSC VIC MODEL
Uttarakhand,Bageshwar,2024-10-09,2024,10,0.0674673836,NRSC VIC MODEL
Uttarakhand,Bageshwar,2024-10-17,2024,10,1.6297793516,NRSC VIC MODEL
Uttarakhand,Bageshwar,2024-10-20,2024,10,0.0771583293,NRSC VIC MODEL
Uttarakhand,Bageshwar,2024-10-27,2024,10,0,NRSC VIC MODEL
Uttarakhand,Bageshwar,2024-11-04,2024,11,0,NRSC VIC MODEL
Uttarakhand,Bageshwar,2024-11-14,2024,11,0,NRSC VIC MODEL
Uttarakhand,Bageshwar,2024-11-22,2024,11,0.0044226403,NRSC VIC MODEL
Uttarakhand,Bageshwar,2024-12-02,2024,12,0.4883792075,NRSC VIC MODEL
Uttarakhand,Bageshwar,2024-12-05,2024,12,0,NRSC VIC MODEL
Uttarakhand,Bageshwar,2024-12-07,2024,12,0.6760110563,NRSC VIC MODEL
Uttarakhand,Bageshwar,2024-12-20,2024,12,0,NRSC VIC MODEL
Uttarakhand,Bageshwar,2024-12-25,2024,12,0.0034565661,NRSC VIC MODEL
Uttarakhand,Bageshwar,2024-12-26,2024,12,0,NRSC VIC MODEL
Uttarakhand,Chamoli,2024-01-16,2024,01,0,NRSC VIC MODEL
Uttarakhand,Chamoli,2024-01-18,2024,01,0,NRSC VIC MODEL
Uttarakhand,Chamoli,2024-01-31,2024,01,0,NRSC VIC MODEL
Uttarakhand,Chamoli,2024-02-01,2024,02,6.9265035273,NRSC VIC MODEL
Uttarakhand,Chamoli,2024-02-02,2024,02,0.0674574365,NRSC VIC MODEL
Uttarakhand,Chamoli,2024-02-11,2024,02,0.0079466568,NRSC VIC MODEL
Uttarakhand,Chamoli,2024-02-13,2024,02,0,NRSC VIC MODEL
Uttarakhand,Chamoli,2024-02-14,2024,02,0,NRSC VIC MODEL
Uttarakhand,Chamoli,2024-02-23,2024,02,1.1627337695,NRSC VIC MODEL
Uttarakhand,Chamoli,2024-03-02,2024,03,5.8056439138,NRSC VIC MODEL
Uttarakhand,Chamoli,2024-03-06,2024,03,2.1474082762,NRSC VIC MODEL
Uttarakhand,Chamoli,2024-03-20,2024,03,0.8675062812,NRSC VIC MODEL
Uttarakhand,Chamoli,2024-03-30,2024,03,1.1443316805,NRSC VIC MODEL
Uttarakhand,Chamoli,2024-04-08,2024,04,0.1133215026,NRSC VIC MODEL
Uttarakhand,Chamoli,2024-04-10,2024,04,0.3115071209,NRSC VIC MODEL
Uttarakhand,Chamoli,2024-04-13,2024,04,4.2438067936,NRSC VIC MODEL
Uttarakhand,Chamoli,2024-04-16,2024,04,0,NRSC VIC MODEL
Uttarakhand,Chamoli,2024-04-25,2024,04,0.1488526159,NRSC VIC MODEL
Uttarakhand,Chamoli,2024-04-30,2024,04,2.4146484948,NRSC VIC MODEL
Uttarakhand,Chamoli,2024-05-05,2024,05,0.4180506396,NRSC VIC MODEL
Uttarakhand,Chamoli,2024-05-06,2024,05,0.8620286183,NRSC VIC MODEL
Uttarakhand,Chamoli,2024-05-09,2024,05,2.6592625409,NRSC VIC MODEL
Uttarakhand,Chamoli,2024-05-10,2024,05,0.8796457753,NRSC VIC MODEL
Uttarakhand,Chamoli,2024-05-14,2024,05,1.7312196697,NRSC VIC MODEL
Uttarakhand,Chamoli,2024-05-17,2024,05,0.1531264636,NRSC VIC MODEL
Uttarakhand,Chamoli,2024-05-20,2024,05,4.4572670609,NRSC VIC MODEL
Uttarakhand,Chamoli,2024-05-29,2024,05,0.7542358982,NRSC VIC MODEL
Uttarakhand,Chamoli,2024-06-01,2024,06,1.1798470548,NRSC VIC MODEL
Uttarakhand,Chamoli,2024-06-06,2024,06,3.4901824111,NRSC VIC MODEL
Uttarakhand,Chamoli,2024-06-07,2024,06,0.2639145914,NRSC VIC MODEL
Uttarakhand,Chamoli,2024-06-09,2024,06,0.4890576762,NRSC VIC MODEL
Uttarakhand,Chamoli,2024-06-12,2024,06,0.5950299882,NRSC VIC MODEL
Uttarakhand,Chamoli,2024-06-22,2024,06,3.1868526755,NRSC VIC MODEL
Uttarakhand,Chamoli,2024-07-03,2024,07,6.6388776417,NRSC VIC MODEL
Uttarakhand,Chamoli,2024-07-06,2024,07,48.9910467605,NRSC VIC MODEL
Uttarakhand,Chamoli,2024-07-16,2024,07,4.1136180298,NRSC VIC MODEL
Uttarakhand,Chamoli,2024-07-17,2024,07,9.5029515981,NRSC VIC MODEL
Uttarakhand,Chamoli,2024-07-19,2024,07,2.5002739365,NRSC VIC MODEL
Uttarakhand,Chamoli,2024-07-20,2024,07,14.4010010178,NRSC VIC MODEL
Uttarakhand,Chamoli,2024-07-21,2024,07,18.4717986847,NRSC VIC MODEL
Uttarakhand,Chamoli,2024-08-12,2024,08,9.7461637522,NRSC VIC MODEL
Uttarakhand,Chamoli,2024-08-18,2024,08,12.5426488653,NRSC VIC MODEL
Uttarakhand,Chamoli,2024-08-24,2024,08,7.7434260876,NRSC VIC MODEL
Uttarakhand,Chamoli,2024-08-26,2024,08,6.0171430894,NRSC VIC MODEL
Uttarakhand,Chamoli,2024-08-29,2024,08,6.1008151733,NRSC VIC MODEL
Uttarakhand,Chamoli,2024-09-02,2024,09,12.3564419879,NRSC VIC MODEL
Uttarakhand,Chamoli,2024-09-06,2024,09,6.7712235387,NRSC VIC MODEL
Uttarakhand,Chamoli,2024-09-09,2024,09,6.4700648378,NRSC VIC MODEL
Uttarakhand,Chamoli,2024-09-10,2024,09,6.3025563945,NRSC VIC MODEL
Uttarakhand,Chamoli,2024-09-12,2024,09,33.5061598495,NRSC VIC MODEL
Uttarakhand,Haridwar,2024-05-09,2024,05,0.0005386897,NRSC VIC MODEL
Uttarakhand,Haridwar,2024-05-15,2024,05,2.2168176503,NRSC VIC MODEL
Uttarakhand,Haridwar,2024-05-20,2024,05,0.0024718328,NRSC VIC MODEL
Uttarakhand,Haridwar,2024-05-30,2024,05,0.0025734794,NRSC VIC MODEL
Uttarakhand,Haridwar,2024-06-01,2024,06,0,NRSC VIC MODEL
Uttarakhand,Haridwar,2024-06-15,2024,06,0,NRSC VIC MODEL
Uttarakhand,Haridwar,2024-06-21,2024,06,0.0511966919,NRSC VIC MODEL
Uttarakhand,Haridwar,2024-07-01,2024,07,34.7046555656,NRSC VIC MODEL
Uttarakhand,Haridwar,2024-07-16,2024,07,1.2836082518,NRSC VIC MODEL
Uttarakhand,Haridwar,2024-07-18,2024,07,22.433160232,NRSC VIC MODEL
Uttarakhand,Haridwar,2024-07-27,2024,07,8.360388011,NRSC VIC MODEL
Uttarakhand,Haridwar,2024-07-30,2024,07,4.5504658334,NRSC VIC MODEL
Uttarakhand,Haridwar,2024-08-09,2024,08,17.7014832586,NRSC VIC MODEL
Uttarakhand,Haridwar,2024-08-10,2024,08,9.3804770824,NRSC VIC MODEL
Uttarakhand,Haridwar,2024-08-17,2024,08,12.296738268,NRSC VIC MODEL
Uttarakhand,Haridwar,2024-08-22,2024,08,6.444496948,NRSC VIC MODEL
Uttarakhand,Haridwar,2024-08-23,2024,08,4.6021554121,NRSC VIC MODEL
Uttarakhand,Haridwar,2024-08-24,2024,08,4.267573065,NRSC VIC MODEL
Uttarakhand,Haridwar,2024-08-25,2024,08,1.6614932618,NRSC VIC MODEL
Uttarakhand,Haridwar,2024-08-28,2024,08,12.0328292247,NRSC VIC MODEL
Uttarakhand,Haridwar,2024-09-01,2024,09,6.2501979817,NRSC VIC MODEL
Uttarakhand,Haridwar,2024-09-06,2024,09,11.9219479806,NRSC VIC MODEL
Uttarakhand,Haridwar,2024-09-07,2024,09,1.7432103681,NRSC VIC MODEL
Uttarakhand,Haridwar,2024-09-08,2024,09,0.0188938009,NRSC VIC MODEL
Uttarakhand,Haridwar,2024-09-11,2024,09,10.122520079,NRSC VIC MODEL
Uttarakhand,Haridwar,2024-09-13,2024,09,12.3756443937,NRSC VIC MODEL
Uttarakhand,Haridwar,2024-09-18,2024,09,1.63677691,NRSC VIC MODEL
Uttarakhand,Haridwar,2024-09-28,2024,09,3.1696921684,NRSC VIC MODEL
Uttarakhand,Haridwar,2024-09-29,2024,09,0.1919807037,NRSC VIC MODEL
Uttarakhand,Haridwar,2024-09-30,2024,09,0,NRSC VIC MODEL
Uttarakhand,Haridwar,2024-10-20,2024,10,0,NRSC VIC MODEL
Uttarakhand,Haridwar,2024-10-22,2024,10,0,NRSC VIC MODEL
Uttarakhand,Haridwar,2024-10-27,2024,10,0,NRSC VIC MODEL
Uttarakhand,Haridwar,2024-10-28,2024,10,0,NRSC VIC MODEL
Uttarakhand,Haridwar,2024-11-07,2024,11,0,NRSC VIC MODEL
Uttarakhand,Haridwar,2024-11-19,2024,11,0,NRSC VIC MODEL
Uttarakhand,Haridwar,2024-11-21,2024,11,0,NRSC VIC MODEL
Uttarakhand,Haridwar,2024-12-02,2024,12,0,NRSC VIC MODEL
Uttarakhand,Haridwar,2024-12-04,2024,12,0,NRSC VIC MODEL
Uttarakhand,Haridwar,2024-12-07,2024,12,0,NRSC VIC MODEL
Uttarakhand,Haridwar,2024-12-09,2024,12,0.0620680957,NRSC VIC MODEL
Uttarakhand,Haridwar,2024-12-11,2024,12,0,NRSC VIC MODEL
Uttarakhand,Haridwar,2024-12-12,2024,12,0,NRSC VIC MODEL
Uttarakhand,Haridwar,2024-12-23,2024,12,0.008095602,NRSC VIC MODEL
Uttarakhand,Haridwar,2024-12-24,2024,12,0.0376420995,NRSC VIC MODEL
Uttarakhand,Nainital,2024-01-04,2024,01,0,NRSC VIC MODEL
Uttarakhand,Nainital,2024-01-08,2024,01,0,NRSC VIC MODEL
Uttarakhand,Nainital,2024-01-10,2024,01,0.2697718597,NRSC VIC MODEL
Uttarakhand,Nainital,2024-01-15,2024,01,0,NRSC VIC MODEL
Uttarakhand,Nainital,2024-01-29,2024,01,0,NRSC VIC MODEL
Uttarakhand,Nainital,2024-02-06,2024,02,1.6754750863,NRSC VIC MODEL
Uttarakhand,Nainital,2024-02-12,2024,02,0,NRSC VIC MODEL
Uttarakhand,Nainital,2024-02-21,2024,02,0.0772367924,NRSC VIC MODEL
Uttarakhand,Nainital,2024-02-25,2024,02,0.001978374,NRSC VIC MODEL
Uttarakhand,Nainital,2024-02-26,2024,02,0,NRSC VIC MODEL
Uttarakhand,Nainital,2024-03-04,2024,03,29.7360137237,NRSC VIC MODEL
Uttarakhand,Nainital,2024-03-05,2024,03,0.0298229293,NRSC VIC MODEL
Uttarakhand,Nainital,2024-03-19,2024,03,0.0224793426,NRSC VIC MODEL
Uttarakhand,Nainital,2024-03-20,2024,03,0.0029845359,NRSC VIC MODEL
Uttarakhand,Nainital,2024-03-29,2024,03,5.12628e-05,NRSC VIC MODEL
Uttarakhand,Nainital,2024-04-08,2024,04,0.0001025256,NRSC VIC MODEL
Uttarakhand,Nainital,2024-04-11,2024,04,0,NRSC VIC MODEL
Uttarakhand,Nainital,2024-04-21,2024,04,0,NRSC VIC MODEL
Uttarakhand,Nainital,2024-04-30,2024,04,4.3372682956,NRSC VIC MODEL
Uttarakhand,Nainital,2024-05-05,2024,05,0,NRSC VIC MODEL
Uttarakhand,Nainital,2024-05-14,2024,05,0.0129672166,NRSC VIC MODEL
Uttarakhand,Nainital,2024-05-24,2024,05,0.5727084057,NRSC VIC MODEL
Uttarakhand,Nainital,2024-05-26,2024,05,2.1661615778,NRSC VIC MODEL
Uttarakhand,Nainital,2024-05-31,2024,05,3.6651441593,NRSC VIC MODEL
Uttarakhand,Nainital,2024-06-13,2024,06,7.17764e-05,NRSC VIC MODEL
Uttarakhand,Nainital,2024-06-15,2024,06,0.0062776201,NRSC VIC MODEL
Uttarakhand,Nainital,2024-06-19,2024,06,0.0173694071,NRSC VIC MODEL
Uttarakhand,Nainital,2024-06-20,2024,06,5.0147495702,NRSC VIC MODEL
Uttarakhand,Nainital,2024-06-21,2024,06,1.0517403131,NRSC VIC MODEL
Uttarakhand,Nainital,2024-06-22,2024,06,6.9665277596,NRSC VIC MODEL
Uttarakhand,Nainital,2024-06-25,2024,06,7.0858971705,NRSC VIC MODEL
Uttarakhand,Nainital,2024-06-27,2024,06,46.0435448256,NRSC VIC MODEL
Uttarakhand,Nainital,2024-06-29,2024,06,5.3662304789,NRSC VIC MODEL
Uttarakhand,Nainital,2024-07-02,2024,07,4.4467607805,NRSC VIC MODEL
Uttarakhand,Nainital,2024-07-14,2024,07,10.5843153835,NRSC VIC MODEL
Uttarakhand,Nainital,2024-07-26,2024,07,6.2473397614,NRSC VIC MODEL
Uttarakhand,Nainital,2024-08-22,2024,08,11.9855287901,NRSC VIC MODEL
Uttarakhand,Nainital,2024-08-30,2024,08,2.5619641419,NRSC VIC MODEL
Uttarakhand,Nainital,2024-09-03,2024,09,8.0725125458,NRSC VIC MODEL
Uttarakhand,Nainital,2024-09-07,2024,09,1.5375413723,NRSC VIC MODEL
Uttarakhand,Nainital,2024-09-08,2024,09,0.0612107038,NRSC VIC MODEL
Uttarakhand,Nainital,2024-09-09,2024,09,4.2752474557,NRSC VIC MODEL
Uttarakhand,Nainital,2024-09-10,2024,09,6.1049278344,NRSC VIC MODEL
Uttarakhand,Nainital,2024-09-15,2024,09,1.9490611623,NRSC VIC MODEL
Uttarakhand,Nainital,2024-09-19,2024,09,0.0962571728,NRSC VIC MODEL
Uttarakhand,Nainital,2024-09-21,2024,09,0.9178348682,NRSC VIC MODEL
Uttarakhand,Nainital,2024-09-23,2024,09,0.5897003754,NRSC VIC MODEL
Uttarakhand,Nainital,2024-09-25,2024,09,12.594469385,NRSC VIC MODEL
Uttarakhand,Nainital,2024-10-02,2024,10,0.2158712402,NRSC VIC MODEL
Uttarakhand,Nainital,2024-10-12,2024,10,0,NRSC VIC MODEL
Uttarakhand,Nainital,2024-10-16,2024,10,0.0051917187,NRSC VIC MODEL
Uttarakhand,Nainital,2024-11-06,2024,11,0,NRSC VIC MODEL
Uttarakhand,Nainital,2024-11-13,2024,11,0,NRSC VIC MODEL
Uttarakhand,Nainital,2024-11-16,2024,11,0.0007689417,NRSC VIC MODEL
Uttarakhand,Nainital,2024-11-23,2024,11,0.0007300342,NRSC VIC MODEL
Uttarakhand,Nainital,2024-11-24,2024,11,0,NRSC VIC MODEL
Uttarakhand,Nainital,2024-11-28,2024,11,0,NRSC VIC MODEL
Uttarakhand,Nainital,2024-12-02,2024,12,0.0029705096,NRSC VIC MODEL
Uttarakhand,Nainital,2024-12-05,2024,12,0,NRSC VIC MODEL
Uttarakhand,Nainital,2024-12-08,2024,12,0,NRSC VIC MODEL
Uttarakhand,Nainital,2024-12-20,2024,12,0.0001309069,NRSC VIC MODEL
Uttarakhand,Pauri Garhwal,2024-01-09,2024,01,0.0048027944,NRSC VIC MODEL
Uttarakhand,Pauri Garhwal,2024-01-24,2024,01,0,NRSC VIC MODEL
Uttarakhand,Pauri Garhwal,2024-01-28,2024,01,0,NRSC VIC MODEL
Uttarakhand,Pauri Garhwal,2024-02-07,2024,02,0,NRSC VIC MODEL
Uttarakhand,Pauri Garhwal,2024-02-10,2024,02,0.0296619821,NRSC VIC MODEL
Uttarakhand,Pauri Garhwal,2024-02-11,2024,02,0,NRSC VIC MODEL
Uttarakhand,Pauri Garhwal,2024-02-16,2024,02,0.0013066807,NRSC VIC MODEL
Uttarakhand,Pauri Garhwal,2024-02-17,2024,02,0,NRSC VIC MODEL
Uttarakhand,Pauri Garhwal,2024-02-25,2024,02,0.0624603033,NRSC VIC MODEL
Uttarakhand,Pauri Garhwal,2024-02-27,2024,02,0.0096561445,NRSC VIC MODEL
Uttarakhand,Pauri Garhwal,2024-03-03,2024,03,15.7109152476,NRSC VIC MODEL
Uttarakhand,Pauri Garhwal,2024-03-19,2024,03,0.0558149094,NRSC VIC MODEL
Uttarakhand,Pauri Garhwal,2024-03-25,2024,03,0.2214749352,NRSC VIC MODEL
Uttarakhand,Pauri Garhwal,2024-03-31,2024,03,0.8231525962,NRSC VIC MODEL
Uttarakhand,Pauri Garhwal,2024-04-03,2024,04,0,NRSC VIC MODEL
Uttarakhand,Pauri Garhwal,2024-04-06,2024,04,0,NRSC VIC MODEL
Uttarakhand,Pauri Garhwal,2024-04-10,2024,04,0.2967304251,NRSC VIC MODEL
Uttarakhand,Pauri Garhwal,2024-04-14,2024,04,0.0014046013,NRSC VIC MODEL
Uttarakhand,Pauri Garhwal,2024-04-15,2024,04,0,NRSC VIC MODEL
Uttarakhand,Pauri Garhwal,2024-04-19,2024,04,2.1077e-06,NRSC VIC MODEL
Uttarakhand,Pauri Garhwal,2024-04-20,2024,04,0.0175446094,NRSC VIC MODEL
Uttarakhand,Pauri Garhwal,2024-04-27,2024,04,0,NRSC VIC MODEL
Uttarakhand,Pauri Garhwal,2024-05-04,2024,05,0.0207237619,NRSC VIC MODEL
Uttarakhand,Pauri Garhwal,2024-05-12,2024,05,0.3196298816,NRSC VIC MODEL
Uttarakhand,Pauri Garhwal,2024-05-18,2024,05,0.0106003669,NRSC VIC MODEL
Uttarakhand,Pauri Garhwal,2024-05-21,2024,05,0.5232408435,NRSC VIC MODEL
Uttarakhand,Pauri Garhwal,2024-05-24,2024,05,0.136807955,NRSC VIC MODEL
Uttarakhand,Pauri Garhwal,2024-05-27,2024,05,0,NRSC VIC MODEL
Uttarakhand,Pauri Garhwal,2024-06-04,2024,06,1.7784382797,NRSC VIC MODEL
Uttarakhand,Pauri Garhwal,2024-06-08,2024,06,0,NRSC VIC MODEL
Uttarakhand,Pauri Garhwal,2024-06-09,2024,06,7.33459e-05,NRSC VIC MODEL
Uttarakhand,Pauri Garhwal,2024-06-11,2024,06,0,NRSC VIC MODEL
Uttarakhand,Pauri Garhwal,2024-07-02,2024,07,2.7487761406,NRSC VIC MODEL
Uttarakhand,Pauri Garhwal,2024-07-13,2024,07,7.695451935,NRSC VIC MODEL
Uttarakhand,Pauri Garhwal,2024-07-14,2024,07,5.5038850311,NRSC VIC MODEL
Uttarakhand,Pauri Garhwal,2024-07-15,2024,07,7.3308052203,NRSC VIC MODEL
Uttarakhand,Pauri Garhwal,2024-07-17,2024,07,15.3446674394,NRSC VIC MODEL
Uttarakhand,Pauri Garhwal,2024-07-22,2024,07,6.1515895813,NRSC VIC MODEL
Uttarakhand,Pauri Garhwal,2024-07-23,2024,07,9.9269293128,NRSC VIC MODEL
Uttarakhand,Pauri Garhwal,2024-07-29,2024,07,7.4615472688,NRSC VIC MODEL
Uttarakhand,Pauri Garhwal,2024-08-10,2024,08,16.4434533606,NRSC VIC MODEL
Uttarakhand,Pauri Garhwal,2024-08-17,2024,08,15.0598057347,NRSC VIC MODEL
Uttarakhand,Pauri Garhwal,2024-08-24,2024,08,8.904911974,NRSC VIC MODEL
Uttarakhand,Pauri Garhwal,2024-08-28,2024,08,13.4362973697,NRSC VIC MODEL
Uttarakhand,Pauri Garhwal,2024-08-29,2024,08,8.1071935981,NRSC VIC MODEL
Uttarakhand,Pauri Garhwal,2024-09-05,2024,09,12.315999549,NRSC VIC MODEL
Uttarakhand,Pauri Garhwal,2024-09-06,2024,09,9.4696603879,NRSC VIC MODEL
Uttarakhand,Pauri Garhwal,2024-09-11,2024,09,13.8482991423,NRSC VIC MODEL
Uttarakhand,Pauri Garhwal,2024-09-13,2024,09,13.8100958973,NRSC VIC MODEL
Uttarakhand,Pauri Garhwal,2024-09-18,2024,09,0.9816980818,NRSC VIC MODEL
Uttarakhand,Pauri Garhwal,2024-09-24,2024,09,4.8360045956,NRSC VIC MODEL
Uttarakhand,Pauri Garhwal,2024-09-26,2024,09,19.0854270305,NRSC VIC MODEL
Uttarakhand,Pauri Garhwal,2024-10-01,2024,10,0.0790319681,NRSC VIC MODEL
Uttarakhand,Pauri Garhwal,2024-10-02,2024,10,0.056011015,NRSC VIC MODEL
Uttarakhand,Pauri Garhwal,2024-10-11,2024,10,0.0461273266,NRSC VIC MODEL
Uttarakhand,Pauri Garhwal,2024-10-19,2024,10,0.76621676,NRSC VIC MODEL
Uttarakhand,Pauri Garhwal,2024-10-22,2024,10,0.0261521862,NRSC VIC MODEL
Uttarakhand,Pauri Garhwal,2024-10-24,2024,10,0,NRSC VIC MODEL
Uttarakhand,Pauri Garhwal,2024-11-14,2024,11,0,NRSC VIC MODEL
Uttarakhand,Pauri Garhwal,2024-11-18,2024,11,0.050232027,NRSC VIC MODEL
Uttarakhand,Pauri Garhwal,2024-11-23,2024,11,0.0073033027,NRSC VIC MODEL
Uttarakhand,Pauri Garhwal,2024-12-04,2024,12,0,NRSC VIC MODEL
Uttarakhand,Pauri Garhwal,2024-12-06,2024,12,0,NRSC VIC MODEL
Uttarakhand,Pauri Garhwal,2024-12-08,2024,12,3.10617e-05,NRSC VIC MODEL
Uttarakhand,Pauri Garhwal,2024-12-27,2024,12,0.0114396256,NRSC VIC MODEL
Uttarakhand,Pithoragarh,2024-01-03,2024,01,0,NRSC VIC MODEL
Uttarakhand,Pithoragarh,2024-01-10,2024,01,0,NRSC VIC MODEL
Uttarakhand,Pithoragarh,2024-01-17,2024,01,0,NRSC VIC MODEL
Uttarakhand,Pithoragarh,2024-01-31,2024,01,0,NRSC VIC MODEL
Uttarakhand,Pithoragarh,2024-02-02,2024,02,0.3718828315,NRSC VIC MODEL
Uttarakhand,Pithoragarh,2024-02-04,2024,02,1.5491458593,NRSC VIC MODEL
Uttarakhand,Pithoragarh,2024-02-06,2024,02,1.3832992983,NRSC VIC MODEL
Uttarakhand,Pithoragarh,2024-02-21,2024,02,0.7029937776,NRSC VIC MODEL
Uttarakhand,Pithoragarh,2024-02-24,2024,02,0.0793909536,NRSC VIC MODEL
Uttarakhand,Pithoragarh,2024-02-26,2024,02,0.4151161205,NRSC VIC MODEL
Uttarakhand,Pithoragarh,2024-03-08,2024,03,0.345067769,NRSC VIC MODEL
Uttarakhand,Pithoragarh,2024-03-12,2024,03,0.3516132707,NRSC VIC MODEL
Uttarakhand,Pithoragarh,2024-03-16,2024,03,0,NRSC VIC MODEL
Uttarakhand,Pithoragarh,2024-03-17,2024,03,0.0002159192,NRSC VIC MODEL
Uttarakhand,Pithoragarh,2024-03-21,2024,03,0.2007078225,NRSC VIC MODEL
Uttarakhand,Pithoragarh,2024-03-25,2024,03,0.0318216874,NRSC VIC MODEL
Uttarakhand,Pithoragarh,2024-03-26,2024,03,0.0049366654,NRSC VIC MODEL
Uttarakhand,Pithoragarh,2024-03-27,2024,03,0.0073066625,NRSC VIC MODEL
Uttarakhand,Pithoragarh,2024-04-03,2024,04,0.0069297856,NRSC VIC MODEL
Uttarakhand,Pithoragarh,2024-04-10,2024,04,0.026613862,NRSC VIC MODEL
Uttarakhand,Pithoragarh,2024-04-24,2024,04,0.2803825233,NRSC VIC MODEL
Uttarakhand,Pithoragarh,2024-05-03,2024,05,0,NRSC VIC MODEL
Uttarakhand,Pithoragarh,2024-05-16,2024,05,2.2822464386,NRSC VIC MODEL
Uttarakhand,Pithoragarh,2024-05-19,2024,05,0.4861952214,NRSC VIC MODEL
Uttarakhand,Pithoragarh,2024-05-23,2024,05,0.1797547945,NRSC VIC MODEL
Uttarakhand,Pithoragarh,2024-05-29,2024,05,1.9787845153,NRSC VIC MODEL
Uttarakhand,Pithoragarh,2024-05-31,2024,05,0.8834170585,NRSC VIC MODEL
Uttarakhand,Pithoragarh,2024-06-01,2024,06,0.3920858317,NRSC VIC MODEL
Uttarakhand,Pithoragarh,2024-06-06,2024,06,5.1232582064,NRSC VIC MODEL
Uttarakhand,Pithoragarh,2024-06-17,2024,06,1.1449384991,NRSC VIC MODEL
Uttarakhand,Pithoragarh,2024-06-29,2024,06,5.8261674564,NRSC VIC MODEL
Uttarakhand,Pithoragarh,2024-07-07,2024,07,35.5157412383,NRSC VIC MODEL
Uttarakhand,Pithoragarh,2024-07-09,2024,07,4.9272200916,NRSC VIC MODEL
Uttarakhand,Pithoragarh,2024-07-22,2024,07,15.8468104667,NRSC VIC MODEL
Uttarakhand,Pithoragarh,2024-07-27,2024,07,18.9527858229,NRSC VIC MODEL
Uttarakhand,Pithoragarh,2024-08-14,2024,08,11.7441300287,NRSC VIC MODEL
Uttarakhand,Pithoragarh,2024-08-17,2024,08,9.8869693699,NRSC VIC MODEL
Uttarakhand,Pithoragarh,2024-09-01,2024,09,8.0719307947,NRSC VIC MODEL
Uttarakhand,Pithoragarh,2024-09-03,2024,09,3.6550560935,NRSC VIC MODEL
Uttarakhand,Pithoragarh,2024-09-06,2024,09,5.539416816,NRSC VIC MODEL
Uttarakhand,Pithoragarh,2024-09-17,2024,09,13.16082961,NRSC VIC MODEL
Uttarakhand,Pithoragarh,2024-09-20,2024,09,1.9854819269,NRSC VIC MODEL
Uttarakhand,Pithoragarh,2024-09-22,2024,09,1.4784009513,NRSC VIC MODEL
Uttarakhand,Pithoragarh,2024-09-25,2024,09,10.1686916514,NRSC VIC MODEL
Uttarakhand,Pithoragarh,2024-10-28,2024,10,0.305296005,NRSC VIC MODEL
Uttarakhand,Pithoragarh,2024-11-14,2024,11,0,NRSC VIC MODEL
Uttarakhand,Pithoragarh,2024-11-29,2024,11,0.0103638217,NRSC VIC MODEL
Uttarakhand,Pithoragarh,2024-12-04,2024,12,0,NRSC VIC MODEL
Uttarakhand,Pithoragarh,2024-12-08,2024,12,0.0199957351,NRSC VIC MODEL
Uttarakhand,Pithoragarh,2024-12-16,2024,12,0,NRSC VIC MODEL
Uttarakhand,Pithoragarh,2024-12-19,2024,12,0.0016995941,NRSC VIC MODEL
Uttarakhand,Pithoragarh,2024-12-21,2024,12,0,NRSC VIC MODEL
Uttarakhand,Rudra Prayag,2024-01-04,2024,01,0.0044397557,NRSC VIC MODEL
Uttarakhand,Rudra Prayag,2024-01-13,2024,01,0,NRSC VIC MODEL
Uttarakhand,Rudra Prayag,2024-01-30,2024,01,0,NRSC VIC MODEL
Uttarakhand,Rudra Prayag,2024-02-03,2024,02,0.6185992943,NRSC VIC MODEL
Uttarakhand,Rudra Prayag,2024-02-04,2024,02,2.2332743075,NRSC VIC MODEL
Uttarakhand,Rudra Prayag,2024-02-26,2024,02,0.1504827886,NRSC VIC MODEL
Uttarakhand,Rudra Prayag,2024-02-27,2024,02,0.0002751857,NRSC VIC MODEL
Uttarakhand,Rudra Prayag,2024-03-10,2024,03,0,NRSC VIC MODEL
Uttarakhand,Rudra Prayag,2024-03-12,2024,03,0.0522814108,NRSC VIC MODEL
Uttarakhand,Rudra Prayag,2024-03-21,2024,03,0.4421540453,NRSC VIC MODEL
Uttarakhand,Rudra Prayag,2024-03-24,2024,03,4.91202e-05,NRSC VIC MODEL
Uttarakhand,Rudra Prayag,2024-03-30,2024,03,1.7735384665,NRSC VIC MODEL
Uttarakhand,Rudra Prayag,2024-03-31,2024,03,10.2584585438,NRSC VIC MODEL
Uttarakhand,Rudra Prayag,2024-04-08,2024,04,0,NRSC VIC MODEL
Uttarakhand,Rudra Prayag,2024-04-13,2024,04,3.2558552232,NRSC VIC MODEL
Uttarakhand,Rudra Prayag,2024-04-14,2024,04,1.6312045631,NRSC VIC MODEL
Uttarakhand,Rudra Prayag,2024-04-21,2024,04,0.2140333927,NRSC VIC MODEL
Uttarakhand,Rudra Prayag,2024-04-23,2024,04,0.020465545,NRSC VIC MODEL
Uttarakhand,Rudra Prayag,2024-05-16,2024,05,1.2752863394,NRSC VIC MODEL
Uttarakhand,Rudra Prayag,2024-05-23,2024,05,0.7072209404,NRSC VIC MODEL
Uttarakhand,Rudra Prayag,2024-05-25,2024,05,4.91202e-05,NRSC VIC MODEL
Uttarakhand,Rudra Prayag,2024-06-03,2024,06,0.0104664953,NRSC VIC MODEL
Uttarakhand,Rudra Prayag,2024-06-08,2024,06,0.2757823419,NRSC VIC MODEL
Uttarakhand,Rudra Prayag,2024-06-10,2024,06,0.3956238271,NRSC VIC MODEL
Uttarakhand,Rudra Prayag,2024-06-20,2024,06,7.8399533669,NRSC VIC MODEL
Uttarakhand,Rudra Prayag,2024-06-23,2024,06,0.6714152214,NRSC VIC MODEL
Uttarakhand,Rudra Prayag,2024-06-26,2024,06,14.8343581604,NRSC VIC MODEL
Uttarakhand,Rudra Prayag,2024-07-14,2024,07,1.1770800251,NRSC VIC MODEL
Uttarakhand,Rudra Prayag,2024-08-04,2024,08,9.2477058177,NRSC VIC MODEL
Uttarakhand,Rudra Prayag,2024-08-17,2024,08,12.3227650685,NRSC VIC MODEL
Uttarakhand,Rudra Prayag,2024-09-01,2024,09,11.0015726435,NRSC VIC MODEL
Uttarakhand,Rudra Prayag,2024-09-05,2024,09,10.5786480256,NRSC VIC MODEL
Uttarakhand,Rudra Prayag,2024-09-09,2024,09,9.2277766309,NRSC VIC MODEL
Uttarakhand,Rudra Prayag,2024-09-11,2024,09,15.1565924391,NRSC VIC MODEL
Uttarakhand,Rudra Prayag,2024-09-12,2024,09,36.5646463888,NRSC VIC MODEL
Uttarakhand,Rudra Prayag,2024-09-14,2024,09,2.6122508287,NRSC VIC MODEL
Uttarakhand,Rudra Prayag,2024-09-15,2024,09,1.9336815763,NRSC VIC MODEL
Uttarakhand,Rudra Prayag,2024-09-24,2024,09,5.8218180513,NRSC VIC MODEL
Uttarakhand,Rudra Prayag,2024-09-25,2024,09,9.2570255672,NRSC VIC MODEL
Uttarakhand,Rudra Prayag,2024-09-27,2024,09,5.7527623774,NRSC VIC MODEL
Uttarakhand,Rudra Prayag,2024-09-29,2024,09,0.8098003703,NRSC VIC MODEL
Uttarakhand,Rudra Prayag,2024-10-06,2024,10,0.2106223144,NRSC VIC MODEL
Uttarakhand,Rudra Prayag,2024-10-11,2024,10,0.0384928114,NRSC VIC MODEL
Uttarakhand,Rudra Prayag,2024-10-20,2024,10,0.1110768976,NRSC VIC MODEL
Uttarakhand,Rudra Prayag,2024-10-25,2024,10,0,NRSC VIC MODEL
Uttarakhand,Rudra Prayag,2024-11-03,2024,11,0,NRSC VIC MODEL
Uttarakhand,Rudra Prayag,2024-11-05,2024,11,0.1510677648,NRSC VIC MODEL
Uttarakhand,Rudra Prayag,2024-11-17,2024,11,0,NRSC VIC MODEL
Uttarakhand,Rudra Prayag,2024-11-18,2024,11,0.3447977726,NRSC VIC MODEL
Uttarakhand,Rudra Prayag,2024-11-26,2024,11,0,NRSC VIC MODEL
Uttarakhand,Rudra Prayag,2024-12-12,2024,12,0,NRSC VIC MODEL
Uttarakhand,Rudra Prayag,2024-12-14,2024,12,0,NRSC VIC MODEL
Uttarakhand,Rudra Prayag,2024-12-31,2024,12,0.0807326789,NRSC VIC MODEL
Uttarakhand,Tehri Garhwal,2024-01-05,2024,01,0,NRSC VIC MODEL
Uttarakhand,Tehri Garhwal,2024-01-09,2024,01,0.0008275398,NRSC VIC MODEL
Uttarakhand,Tehri Garhwal,2024-01-17,2024,01,0,NRSC VIC MODEL
Uttarakhand,Tehri Garhwal,2024-01-24,2024,01,0,NRSC VIC MODEL
Uttarakhand,Tehri Garhwal,2024-01-30,2024,01,0,NRSC VIC MODEL
Uttarakhand,Tehri Garhwal,2024-02-02,2024,02,0.0094098381,NRSC VIC MODEL
Uttarakhand,Tehri Garhwal,2024-02-06,2024,02,3.678761249,NRSC VIC MODEL
Uttarakhand,Tehri Garhwal,2024-02-08,2024,02,0,NRSC VIC MODEL
Uttarakhand,Tehri Garhwal,2024-02-13,2024,02,0,NRSC VIC MODEL
Uttarakhand,Tehri Garhwal,2024-02-14,2024,02,0,NRSC VIC MODEL
Uttarakhand,Tehri Garhwal,2024-02-15,2024,02,0,NRSC VIC MODEL
Uttarakhand,Tehri Garhwal,2024-02-16,2024,02,0.0075105039,NRSC VIC MODEL
Uttarakhand,Tehri Garhwal,2024-02-18,2024,02,0.0010624235,NRSC VIC MODEL
Uttarakhand,Tehri Garhwal,2024-02-25,2024,02,0.543242127,NRSC VIC MODEL
Uttarakhand,Tehri Garhwal,2024-02-26,2024,02,0,NRSC VIC MODEL
Uttarakhand,Tehri Garhwal,2024-03-02,2024,03,11.1053639865,NRSC VIC MODEL
Uttarakhand,Tehri Garhwal,2024-03-03,2024,03,36.0903604948,NRSC VIC MODEL
Uttarakhand,Tehri Garhwal,2024-03-16,2024,03,0,NRSC VIC MODEL
Uttarakhand,Tehri Garhwal,2024-03-18,2024,03,0,NRSC VIC MODEL
Uttarakhand,Tehri Garhwal,2024-03-24,2024,03,0.0007960033,NRSC VIC MODEL
Uttarakhand,Tehri Garhwal,2024-04-02,2024,04,0.0171131122,NRSC VIC MODEL
Uttarakhand,Tehri Garhwal,2024-04-07,2024,04,0,NRSC VIC MODEL
Uttarakhand,Tehri Garhwal,2024-04-09,2024,04,0,NRSC VIC MODEL
Uttarakhand,Tehri Garhwal,2024-04-25,2024,04,3.7202e-06,NRSC VIC MODEL
Uttarakhand,Tehri Garhwal,2024-05-02,2024,05,0.1276407758,NRSC VIC MODEL
Uttarakhand,Tehri Garhwal,2024-05-10,2024,05,0.2460306092,NRSC VIC MODEL
Uttarakhand,Tehri Garhwal,2024-05-12,2024,05,6.3228297707,NRSC VIC MODEL
Uttarakhand,Tehri Garhwal,2024-05-13,2024,05,2.8352405063,NRSC VIC MODEL
Uttarakhand,Tehri Garhwal,2024-05-17,2024,05,0.0022411679,NRSC VIC MODEL
Uttarakhand,Tehri Garhwal,2024-05-22,2024,05,6.0779820288,NRSC VIC MODEL
Uttarakhand,Tehri Garhwal,2024-05-30,2024,05,0.0044729985,NRSC VIC MODEL
Uttarakhand,Tehri Garhwal,2024-06-04,2024,06,8.8037014527,NRSC VIC MODEL
Uttarakhand,Tehri Garhwal,2024-06-06,2024,06,11.653790472,NRSC VIC MODEL
Uttarakhand,Tehri Garhwal,2024-06-09,2024,06,0.0039681446,NRSC VIC MODEL
Uttarakhand,Tehri Garhwal,2024-06-10,2024,06,0.1119466539,NRSC VIC MODEL
Uttarakhand,Tehri Garhwal,2024-06-13,2024,06,0.1204029371,NRSC VIC MODEL
Uttarakhand,Tehri Garhwal,2024-06-14,2024,06,0,NRSC VIC MODEL
Uttarakhand,Tehri Garhwal,2024-06-15,2024,06,0.00451163,NRSC VIC MODEL
Uttarakhand,Tehri Garhwal,2024-06-23,2024,06,0.4093159249,NRSC VIC MODEL
Uttarakhand,Tehri Garhwal,2024-06-26,2024,06,6.7234365357,NRSC VIC MODEL
Uttarakhand,Tehri Garhwal,2024-07-06,2024,07,40.4720509218,NRSC VIC MODEL
Uttarakhand,Tehri Garhwal,2024-07-15,2024,07,7.7769839784,NRSC VIC MODEL
Uttarakhand,Tehri Garhwal,2024-07-18,2024,07,7.39152555,NRSC VIC MODEL
Uttarakhand,Tehri Garhwal,2024-07-19,2024,07,3.5501203052,NRSC VIC MODEL
Uttarakhand,Tehri Garhwal,2024-07-21,2024,07,7.9375105292,NRSC VIC MODEL
Uttarakhand,Tehri Garhwal,2024-08-02,2024,08,20.4597979732,NRSC VIC MODEL
Uttarakhand,Tehri Garhwal,2024-08-13,2024,08,5.0520076548,NRSC VIC MODEL
Uttarakhand,Tehri Garhwal,2024-08-14,2024,08,20.4036610881,NRSC VIC MODEL
Uttarakhand,Tehri Garhwal,2024-08-15,2024,08,23.0392064445,NRSC VIC MODEL
Uttarakhand,Tehri Garhwal,2024-08-16,2024,08,18.2303526331,NRSC VIC MODEL
Uttarakhand,Tehri Garhwal,2024-08-17,2024,08,14.536478739,NRSC VIC MODEL
Uttarakhand,Tehri Garhwal,2024-08-22,2024,08,8.742995079,NRSC VIC MODEL
Uttarakhand,Tehri Garhwal,2024-08-30,2024,08,5.2055217379,NRSC VIC MODEL
Uttarakhand,Tehri Garhwal,2024-08-31,2024,08,3.3267815429,NRSC VIC MODEL
Uttarakhand,Tehri Garhwal,2024-09-01,2024,09,17.263498921,NRSC VIC MODEL
Uttarakhand,Tehri Garhwal,2024-09-04,2024,09,13.2173392383,NRSC VIC MODEL
Uttarakhand,Tehri Garhwal,2024-09-09,2024,09,12.7199090998,NRSC VIC MODEL
Uttarakhand,Tehri Garhwal,2024-09-27,2024,09,6.6056026538,NRSC VIC MODEL
Uttarakhand,Tehri Garhwal,2024-09-28,2024,09,3.527201911,NRSC VIC MODEL
Uttarakhand,Tehri Garhwal,2024-09-30,2024,09,0.0912820115,NRSC VIC MODEL
Uttarakhand,Tehri Garhwal,2024-10-06,2024,10,0.1020519724,NRSC VIC MODEL
Uttarakhand,Tehri Garhwal,2024-10-18,2024,10,0.5112441299,NRSC VIC MODEL
Uttarakhand,Tehri Garhwal,2024-10-24,2024,10,0,NRSC VIC MODEL
Uttarakhand,Tehri Garhwal,2024-10-25,2024,10,0,NRSC VIC MODEL
Uttarakhand,Tehri Garhwal,2024-10-29,2024,10,0.000778569,NRSC VIC MODEL
Uttarakhand,Tehri Garhwal,2024-10-31,2024,10,0.0014626571,NRSC VIC MODEL
Uttarakhand,Tehri Garhwal,2024-11-09,2024,11,0.0505435745,NRSC VIC MODEL
Uttarakhand,Tehri Garhwal,2024-11-16,2024,11,0,NRSC VIC MODEL
Uttarakhand,Tehri Garhwal,2024-11-29,2024,11,0.0117824866,NRSC VIC MODEL
Uttarakhand,Tehri Garhwal,2024-12-09,2024,12,0.2375373864,NRSC VIC MODEL
Uttarakhand,Tehri Garhwal,2024-12-22,2024,12,0,NRSC VIC MODEL
Uttarakhand,Tehri Garhwal,2024-12-28,2024,12,20.6414564025,NRSC VIC MODEL
Uttarakhand,Tehri Garhwal,2024-12-31,2024,12,0.0338894009,NRSC VIC MODEL
Uttarakhand,Udam Singh Nagar,2024-01-10,2024,01,0.000125176,NRSC VIC MODEL
Uttarakhand,Udam Singh Nagar,2024-01-12,2024,01,0,NRSC VIC MODEL
Uttarakhand,Udam Singh Nagar,2024-01-14,2024,01,0,NRSC VIC MODEL
Uttarakhand,Udam Singh Nagar,2024-01-19,2024,01,2.7817e-06,NRSC VIC MODEL
Uttarakhand,Udam Singh Nagar,2024-01-29,2024,01,0,NRSC VIC MODEL
Uttarakhand,Udam Singh Nagar,2024-02-18,2024,02,0,NRSC VIC MODEL
Uttarakhand,Udam Singh Nagar,2024-02-23,2024,02,0.0022235595,NRSC VIC MODEL
Uttarakhand,Udam Singh Nagar,2024-02-25,2024,02,9.66039e-05,NRSC VIC MODEL
Uttarakhand,Udam Singh Nagar,2024-03-09,2024,03,0,NRSC VIC MODEL
Uttarakhand,Udam Singh Nagar,2024-03-16,2024,03,0,NRSC VIC MODEL
Uttarakhand,Udam Singh Nagar,2024-03-17,2024,03,1.1127e-06,NRSC VIC MODEL
Uttarakhand,Udam Singh Nagar,2024-03-18,2024,03,0,NRSC VIC MODEL
Uttarakhand,Udam Singh Nagar,2024-03-25,2024,03,0.1702480858,NRSC VIC MODEL
Uttarakhand,Udam Singh Nagar,2024-03-27,2024,03,0,NRSC VIC MODEL
Uttarakhand,Udam Singh Nagar,2024-04-04,2024,04,0.0076255839,NRSC VIC MODEL
Uttarakhand,Udam Singh Nagar,2024-04-12,2024,04,0.3564887421,NRSC VIC MODEL
Uttarakhand,Udam Singh Nagar,2024-04-15,2024,04,0,NRSC VIC MODEL
Uttarakhand,Udam Singh Nagar,2024-05-05,2024,05,0.0001322785,NRSC VIC MODEL
Uttarakhand,Udam Singh Nagar,2024-05-11,2024,05,5.5735847657,NRSC VIC MODEL
Uttarakhand,Udam Singh Nagar,2024-05-15,2024,05,5.563e-07,NRSC VIC MODEL
Uttarakhand,Udam Singh Nagar,2024-05-23,2024,05,0.0458678673,NRSC VIC MODEL
Uttarakhand,Udam Singh Nagar,2024-06-02,2024,06,1.7548686468,NRSC VIC MODEL
Uttarakhand,Udam Singh Nagar,2024-06-09,2024,06,0,NRSC VIC MODEL
Uttarakhand,Udam Singh Nagar,2024-06-14,2024,06,0,NRSC VIC MODEL
Uttarakhand,Udam Singh Nagar,2024-06-16,2024,06,0,NRSC VIC MODEL
Uttarakhand,Udam Singh Nagar,2024-06-25,2024,06,8.8089850339,NRSC VIC MODEL
Uttarakhand,Udam Singh Nagar,2024-06-26,2024,06,11.6723129757,NRSC VIC MODEL
Uttarakhand,Udam Singh Nagar,2024-07-01,2024,07,9.6032888019,NRSC VIC MODEL
Uttarakhand,Udam Singh Nagar,2024-07-04,2024,07,41.9853832918,NRSC VIC MODEL
Uttarakhand,Udam Singh Nagar,2024-07-17,2024,07,1.9687435226,NRSC VIC MODEL
Uttarakhand,Udam Singh Nagar,2024-07-25,2024,07,0.6674187893,NRSC VIC MODEL
Uttarakhand,Udam Singh Nagar,2024-08-03,2024,08,4.7492261082,NRSC VIC MODEL
Uttarakhand,Udam Singh Nagar,2024-08-06,2024,08,7.0479124654,NRSC VIC MODEL
Uttarakhand,Udam Singh Nagar,2024-08-07,2024,08,72.4720986485,NRSC VIC MODEL
Uttarakhand,Udam Singh Nagar,2024-08-08,2024,08,14.7792328789,NRSC VIC MODEL
Uttarakhand,Almora,2024-01-01,2024,01,0.3192235965,NRSC VIC MODEL
Uttarakhand,Almora,2024-01-02,2024,01,0,NRSC VIC MODEL
Uttarakhand,Almora,2024-01-08,2024,01,0,NRSC VIC MODEL
Uttarakhand,Almora,2024-01-09,2024,01,0.0039391394,NRSC VIC MODEL
Uttarakhand,Almora,2024-01-11,2024,01,4.99107e-05,NRSC VIC MODEL
Uttarakhand,Almora,2024-01-13,2024,01,0,NRSC VIC MODEL
Uttarakhand,Almora,2024-01-17,2024,01,0,NRSC VIC MODEL
Uttarakhand,Almora,2024-01-20,2024,01,0.0484504886,NRSC VIC MODEL
Uttarakhand,Almora,2024-01-29,2024,01,0,NRSC VIC MODEL
Uttarakhand,Almora,2024-02-04,2024,02,1.9723647378,NRSC VIC MODEL
Uttarakhand,Almora,2024-02-09,2024,02,0,NRSC VIC MODEL
Uttarakhand,Almora,2024-02-11,2024,02,0,NRSC VIC MODEL
Uttarakhand,Almora,2024-02-12,2024,02,0,NRSC VIC MODEL
Uttarakhand,Almora,2024-02-13,2024,02,0,NRSC VIC MODEL
Uttarakhand,Almora,2024-02-20,2024,02,3.9652720278,NRSC VIC MODEL
Uttarakhand,Almora,2024-02-22,2024,02,0.0236048523,NRSC VIC MODEL
Uttarakhand,Almora,2024-02-23,2024,02,0.318183471,NRSC VIC MODEL
Uttarakhand,Almora,2024-02-27,2024,02,0,NRSC VIC MODEL
Uttarakhand,Almora,2024-03-03,2024,03,14.9004243469,NRSC VIC MODEL
Uttarakhand,Almora,2024-03-15,2024,03,6.65449e-05,NRSC VIC MODEL
Uttarakhand,Almora,2024-03-26,2024,03,0,NRSC VIC MODEL
Uttarakhand,Almora,2024-04-07,2024,04,0.0008282572,NRSC VIC MODEL
Uttarakhand,Almora,2024-04-16,2024,04,0,NRSC VIC MODEL
Uttarakhand,Almora,2024-04-19,2024,04,0.0001490464,NRSC VIC MODEL
Uttarakhand,Almora,2024-04-20,2024,04,0.0258061571,NRSC VIC MODEL
Uttarakhand,Almora,2024-04-24,2024,04,0.2171830469,NRSC VIC MODEL
Uttarakhand,Almora,2024-04-28,2024,04,0.1492608845,NRSC VIC MODEL
Uttarakhand,Almora,2024-05-03,2024,05,0.0004039929,NRSC VIC MODEL
Uttarakhand,Almora,2024-05-05,2024,05,1.78382e-05,NRSC VIC MODEL
Uttarakhand,Almora,2024-05-08,2024,05,0.0021273508,NRSC VIC MODEL
Uttarakhand,Almora,2024-05-14,2024,05,0.5047780414,NRSC VIC MODEL
Uttarakhand,Almora,2024-05-16,2024,05,0.4257259762,NRSC VIC MODEL
Uttarakhand,Almora,2024-05-17,2024,05,0,NRSC VIC MODEL
Uttarakhand,Almora,2024-05-24,2024,05,1.3878246273,NRSC VIC MODEL
Uttarakhand,Almora,2024-05-25,2024,05,0.4004340963,NRSC VIC MODEL
Uttarakhand,Almora,2024-05-28,2024,05,0,NRSC VIC MODEL
Uttarakhand,Almora,2024-05-29,2024,05,0.0022181647,NRSC VIC MODEL
Uttarakhand,Almora,2024-05-30,2024,05,0.1640467805,NRSC VIC MODEL
Uttarakhand,Almora,2024-06-08,2024,06,0,NRSC VIC MODEL
Uttarakhand,Almora,2024-06-12,2024,06,0,NRSC VIC MODEL
Uttarakhand,Almora,2024-06-15,2024,06,0.0107579306,NRSC VIC MODEL
Uttarakhand,Almora,2024-06-16,2024,06,0.0008980242,NRSC VIC MODEL
Uttarakhand,Almora,2024-06-20,2024,06,6.0768579739,NRSC VIC MODEL
Uttarakhand,Almora,2024-06-21,2024,06,0.5169303367,NRSC VIC MODEL
Uttarakhand,Udam Singh Nagar,2024-08-10,2024,08,9.5721868632,NRSC VIC MODEL
Uttarakhand,Udam Singh Nagar,2024-08-12,2024,08,5.5607773877,NRSC VIC MODEL
Uttarakhand,Udam Singh Nagar,2024-08-14,2024,08,12.3286425214,NRSC VIC MODEL
Uttarakhand,Udam Singh Nagar,2024-08-15,2024,08,11.2973430618,NRSC VIC MODEL
Uttarakhand,Udam Singh Nagar,2024-08-16,2024,08,14.8557758017,NRSC VIC MODEL
Uttarakhand,Udam Singh Nagar,2024-08-18,2024,08,20.6793491555,NRSC VIC MODEL
Uttarakhand,Udam Singh Nagar,2024-08-19,2024,08,25.5718781637,NRSC VIC MODEL
Uttarakhand,Udam Singh Nagar,2024-08-31,2024,08,0.6601494985,NRSC VIC MODEL
Uttarakhand,Udam Singh Nagar,2024-09-07,2024,09,0.332252568,NRSC VIC MODEL
Uttarakhand,Udam Singh Nagar,2024-09-11,2024,09,23.6355800972,NRSC VIC MODEL
Uttarakhand,Udam Singh Nagar,2024-09-14,2024,09,1.5863626,NRSC VIC MODEL
Uttarakhand,Udam Singh Nagar,2024-09-15,2024,09,1.3731470725,NRSC VIC MODEL
Uttarakhand,Udam Singh Nagar,2024-10-07,2024,10,0.0879501312,NRSC VIC MODEL
Uttarakhand,Udam Singh Nagar,2024-10-12,2024,10,0,NRSC VIC MODEL
Uttarakhand,Udam Singh Nagar,2024-10-17,2024,10,0.1762344188,NRSC VIC MODEL
Uttarakhand,Udam Singh Nagar,2024-10-21,2024,10,0,NRSC VIC MODEL
Uttarakhand,Udam Singh Nagar,2024-10-22,2024,10,0,NRSC VIC MODEL
Uttarakhand,Udam Singh Nagar,2024-10-25,2024,10,0,NRSC VIC MODEL
Uttarakhand,Udam Singh Nagar,2024-10-29,2024,10,0,NRSC VIC MODEL
Uttarakhand,Udam Singh Nagar,2024-10-31,2024,10,0,NRSC VIC MODEL
Uttarakhand,Udam Singh Nagar,2024-11-01,2024,11,0.0006704983,NRSC VIC MODEL
Uttarakhand,Udam Singh Nagar,2024-11-10,2024,11,0,NRSC VIC MODEL
Uttarakhand,Udam Singh Nagar,2024-11-14,2024,11,0,NRSC VIC MODEL
Uttarakhand,Udam Singh Nagar,2024-11-26,2024,11,0.002413794,NRSC VIC MODEL
Uttarakhand,Udam Singh Nagar,2024-11-28,2024,11,0,NRSC VIC MODEL
Uttarakhand,Udam Singh Nagar,2024-12-03,2024,12,0,NRSC VIC MODEL
Uttarakhand,Udam Singh Nagar,2024-12-06,2024,12,0,NRSC VIC MODEL
Uttarakhand,Udam Singh Nagar,2024-12-09,2024,12,2.3624379346,NRSC VIC MODEL
Uttarakhand,Udam Singh Nagar,2024-12-13,2024,12,0.0203831496,NRSC VIC MODEL
Uttarakhand,Udam Singh Nagar,2024-12-17,2024,12,0,NRSC VIC MODEL
Uttarakhand,Udam Singh Nagar,2024-12-20,2024,12,0,NRSC VIC MODEL
Uttarakhand,Udam Singh Nagar,2024-12-22,2024,12,0,NRSC VIC MODEL
Uttarakhand,Udam Singh Nagar,2024-12-25,2024,12,0,NRSC VIC MODEL
Uttarakhand,Uttar Kashi,2024-01-05,2024,01,0,NRSC VIC MODEL
Uttarakhand,Uttar Kashi,2024-01-13,2024,01,0,NRSC VIC MODEL
Uttarakhand,Uttar Kashi,2024-01-18,2024,01,0.0785573463,NRSC VIC MODEL
Uttarakhand,Uttar Kashi,2024-01-21,2024,01,0,NRSC VIC MODEL
Uttarakhand,Uttar Kashi,2024-01-22,2024,01,0,NRSC VIC MODEL
Uttarakhand,Uttar Kashi,2024-01-24,2024,01,0,NRSC VIC MODEL
Uttarakhand,Uttar Kashi,2024-02-01,2024,02,5.6040306032,NRSC VIC MODEL
Uttarakhand,Uttar Kashi,2024-02-10,2024,02,0.2778809489,NRSC VIC MODEL
Uttarakhand,Uttar Kashi,2024-02-11,2024,02,0.2598434941,NRSC VIC MODEL
Uttarakhand,Uttar Kashi,2024-09-07,2024,09,7.3334422107,NRSC VIC MODEL
Uttarakhand,Uttar Kashi,2024-09-17,2024,09,10.6282621699,NRSC VIC MODEL
Uttarakhand,Uttar Kashi,2024-09-20,2024,09,0.208779186,NRSC VIC MODEL
Uttarakhand,Uttar Kashi,2024-09-22,2024,09,1.9467348114,NRSC VIC MODEL
Uttarakhand,Uttar Kashi,2024-09-25,2024,09,5.6313883808,NRSC VIC MODEL
Uttarakhand,Uttar Kashi,2024-10-01,2024,10,0.0947759072,NRSC VIC MODEL
Uttarakhand,Uttar Kashi,2024-10-03,2024,10,0.1659648933,NRSC VIC MODEL
Uttarakhand,Uttar Kashi,2024-10-04,2024,10,0.1991652512,NRSC VIC MODEL
Uttarakhand,Uttar Kashi,2024-10-14,2024,10,0.1656225952,NRSC VIC MODEL
Uttarakhand,Uttar Kashi,2024-10-17,2024,10,0.1885634483,NRSC VIC MODEL
Uttarakhand,Uttar Kashi,2024-10-18,2024,10,0.4510008855,NRSC VIC MODEL
Uttarakhand,Uttar Kashi,2024-10-22,2024,10,0.1165644869,NRSC VIC MODEL
Uttarakhand,Uttar Kashi,2024-10-25,2024,10,0,NRSC VIC MODEL
Uttarakhand,Uttar Kashi,2024-10-30,2024,10,0.0752015862,NRSC VIC MODEL
Uttarakhand,Uttar Kashi,2024-11-13,2024,11,0,NRSC VIC MODEL
Uttarakhand,Uttar Kashi,2024-11-24,2024,11,0,NRSC VIC MODEL
Uttarakhand,Uttar Kashi,2024-11-28,2024,11,0,NRSC VIC MODEL
Uttarakhand,Uttar Kashi,2024-12-02,2024,12,0.1028414312,NRSC VIC MODEL
Uttarakhand,Uttar Kashi,2024-12-11,2024,12,0.0023853655,NRSC VIC MODEL
Uttarakhand,Uttar Kashi,2024-12-17,2024,12,0,NRSC VIC MODEL
Uttarakhand,Uttar Kashi,2024-12-21,2024,12,0,NRSC VIC MODEL
Uttarakhand,Uttar Kashi,2024-12-22,2024,12,0,NRSC VIC MODEL
Uttarakhand,Uttar Kashi,2024-12-24,2024,12,1.8082449846,NRSC VIC MODEL
Uttarakhand,Uttar Kashi,2024-12-26,2024,12,0.009927524,NRSC VIC MODEL
Uttarakhand,Udam Singh Nagar,2024-08-17,2024,08,13.7427615143,NRSC VIC MODEL
Uttarakhand,Udam Singh Nagar,2024-08-26,2024,08,10.2517498295,NRSC VIC MODEL
Uttarakhand,Udam Singh Nagar,2024-08-29,2024,08,3.8364565619,NRSC VIC MODEL
Uttarakhand,Udam Singh Nagar,2024-09-03,2024,09,4.3315976595,NRSC VIC MODEL
Uttarakhand,Udam Singh Nagar,2024-09-10,2024,09,3.7651993615,NRSC VIC MODEL
Uttarakhand,Udam Singh Nagar,2024-09-17,2024,09,5.5216811078,NRSC VIC MODEL
Uttarakhand,Udam Singh Nagar,2024-09-24,2024,09,0.4501292104,NRSC VIC MODEL
Uttarakhand,Udam Singh Nagar,2024-10-05,2024,10,0.2100866111,NRSC VIC MODEL
Uttarakhand,Udam Singh Nagar,2024-10-09,2024,10,8.62323e-05,NRSC VIC MODEL
Uttarakhand,Udam Singh Nagar,2024-10-13,2024,10,0,NRSC VIC MODEL
Uttarakhand,Udam Singh Nagar,2024-10-19,2024,10,0.4784551434,NRSC VIC MODEL
Uttarakhand,Udam Singh Nagar,2024-10-27,2024,10,0,NRSC VIC MODEL
Uttarakhand,Udam Singh Nagar,2024-11-03,2024,11,0,NRSC VIC MODEL
Uttarakhand,Udam Singh Nagar,2024-11-09,2024,11,0,NRSC VIC MODEL
Uttarakhand,Udam Singh Nagar,2024-11-13,2024,11,0,NRSC VIC MODEL
Uttarakhand,Udam Singh Nagar,2024-11-30,2024,11,0,NRSC VIC MODEL
Uttarakhand,Udam Singh Nagar,2024-12-01,2024,12,0,NRSC VIC MODEL
Uttarakhand,Udam Singh Nagar,2024-12-02,2024,12,0.0001340997,NRSC VIC MODEL
Uttarakhand,Udam Singh Nagar,2024-12-16,2024,12,0,NRSC VIC MODEL
Uttarakhand,Udam Singh Nagar,2024-12-26,2024,12,0,NRSC VIC MODEL
Uttarakhand,Udam Singh Nagar,2024-12-31,2024,12,0,NRSC VIC MODEL
Uttarakhand,Uttar Kashi,2024-01-04,2024,01,0.0063886706,NRSC VIC MODEL
Uttarakhand,Uttar Kashi,2024-01-06,2024,01,0,NRSC VIC MODEL
Uttarakhand,Uttar Kashi,2024-01-08,2024,01,0,NRSC VIC MODEL
Uttarakhand,Uttar Kashi,2024-01-11,2024,01,0,NRSC VIC MODEL
Uttarakhand,Uttar Kashi,2024-02-05,2024,02,9.4821829852,NRSC VIC MODEL
Uttarakhand,Uttar Kashi,2024-02-08,2024,02,0.5434047665,NRSC VIC MODEL
Uttarakhand,Uttar Kashi,2024-02-18,2024,02,0.015774317,NRSC VIC MODEL
Uttarakhand,Uttar Kashi,2024-02-19,2024,02,6.1263241792,NRSC VIC MODEL
Uttarakhand,Uttar Kashi,2024-02-21,2024,02,1.695018017,NRSC VIC MODEL
Uttarakhand,Uttar Kashi,2024-02-23,2024,02,0.9639865927,NRSC VIC MODEL
Uttarakhand,Uttar Kashi,2024-02-26,2024,02,0.1198147409,NRSC VIC MODEL
Uttarakhand,Uttar Kashi,2024-03-01,2024,03,0.0460365254,NRSC VIC MODEL
Uttarakhand,Uttar Kashi,2024-03-07,2024,03,1.1788670017,NRSC VIC MODEL
Uttarakhand,Uttar Kashi,2024-03-09,2024,03,0,NRSC VIC MODEL
Uttarakhand,Uttar Kashi,2024-03-13,2024,03,0.0285131935,NRSC VIC MODEL
Uttarakhand,Uttar Kashi,2024-03-15,2024,03,0.0116909916,NRSC VIC MODEL
Uttarakhand,Uttar Kashi,2024-03-17,2024,03,0,NRSC VIC MODEL
Uttarakhand,Uttar Kashi,2024-03-19,2024,03,1.891699526,NRSC VIC MODEL
Uttarakhand,Uttar Kashi,2024-03-20,2024,03,0.2095641214,NRSC VIC MODEL
Uttarakhand,Uttar Kashi,2024-03-31,2024,03,8.7687274125,NRSC VIC MODEL
Uttarakhand,Uttar Kashi,2024-04-02,2024,04,0.0283580703,NRSC VIC MODEL
Uttarakhand,Uttar Kashi,2024-04-09,2024,04,0.0933400528,NRSC VIC MODEL
Uttarakhand,Uttar Kashi,2024-04-13,2024,04,5.3633012941,NRSC VIC MODEL
Uttarakhand,Uttar Kashi,2024-04-14,2024,04,3.3216900459,NRSC VIC MODEL
Uttarakhand,Uttar Kashi,2024-04-17,2024,04,0,NRSC VIC MODEL
Uttarakhand,Uttar Kashi,2024-04-18,2024,04,0.0235190567,NRSC VIC MODEL
Uttarakhand,Uttar Kashi,2024-04-23,2024,04,6.40154e-05,NRSC VIC MODEL
Uttarakhand,Uttar Kashi,2024-06-06,2024,06,6.3771408079,NRSC VIC MODEL
Uttarakhand,Uttar Kashi,2024-06-11,2024,06,0.3857068086,NRSC VIC MODEL
Uttarakhand,Uttar Kashi,2024-06-15,2024,06,0.2695422501,NRSC VIC MODEL
Uttarakhand,Uttar Kashi,2024-06-18,2024,06,0.1838324732,NRSC VIC MODEL
Uttarakhand,Uttar Kashi,2024-06-25,2024,06,16.2000578145,NRSC VIC MODEL
Uttarakhand,Uttar Kashi,2024-06-28,2024,06,6.4551375817,NRSC VIC MODEL
Uttarakhand,Uttar Kashi,2024-06-30,2024,06,4.7340045855,NRSC VIC MODEL
Uttarakhand,Uttar Kashi,2024-07-15,2024,07,1.6867149377,NRSC VIC MODEL
Uttarakhand,Uttar Kashi,2024-07-17,2024,07,5.2267853732,NRSC VIC MODEL
Uttarakhand,Uttar Kashi,2024-08-02,2024,08,13.7258713168,NRSC VIC MODEL
Uttarakhand,Uttar Kashi,2024-08-07,2024,08,22.1104400634,NRSC VIC MODEL
Uttarakhand,Uttar Kashi,2024-08-08,2024,08,6.7064139673,NRSC VIC MODEL
Uttarakhand,Uttar Kashi,2024-08-28,2024,08,9.0296602062,NRSC VIC MODEL
Uttarakhand,Uttar Kashi,2024-09-01,2024,09,6.634406283,NRSC VIC MODEL
Uttarakhand,Nainital,2024-11-19,2024,11,0,NRSC VIC MODEL
Uttarakhand,Nainital,2024-11-20,2024,11,0,NRSC VIC MODEL
Uttarakhand,Nainital,2024-11-21,2024,11,0.0410334225,NRSC VIC MODEL
Uttarakhand,Nainital,2024-11-27,2024,11,0.0038442542,NRSC VIC MODEL
Uttarakhand,Nainital,2024-12-07,2024,12,0,NRSC VIC MODEL
Uttarakhand,Nainital,2024-12-11,2024,12,7.07166e-05,NRSC VIC MODEL
Uttarakhand,Nainital,2024-12-13,2024,12,0.204459677,NRSC VIC MODEL
Uttarakhand,Nainital,2024-12-19,2024,12,0,NRSC VIC MODEL
Uttarakhand,Nainital,2024-12-25,2024,12,0.0079105486,NRSC VIC MODEL
Uttarakhand,Nainital,2024-12-30,2024,12,0.0162834512,NRSC VIC MODEL
Uttarakhand,Pauri Garhwal,2024-01-02,2024,01,0,NRSC VIC MODEL
Uttarakhand,Pauri Garhwal,2024-01-03,2024,01,0,NRSC VIC MODEL
Uttarakhand,Pauri Garhwal,2024-01-05,2024,01,0,NRSC VIC MODEL
Uttarakhand,Pauri Garhwal,2024-01-07,2024,01,0,NRSC VIC MODEL
Uttarakhand,Pauri Garhwal,2024-01-17,2024,01,0,NRSC VIC MODEL
Uttarakhand,Pauri Garhwal,2024-01-22,2024,01,0,NRSC VIC MODEL
Uttarakhand,Pauri Garhwal,2024-01-31,2024,01,0,NRSC VIC MODEL
Uttarakhand,Pauri Garhwal,2024-02-01,2024,02,2.6450259973,NRSC VIC MODEL
Uttarakhand,Pauri Garhwal,2024-02-02,2024,02,0,NRSC VIC MODEL
Uttarakhand,Pauri Garhwal,2024-02-08,2024,02,0,NRSC VIC MODEL
Uttarakhand,Pauri Garhwal,2024-02-14,2024,02,0.1119430531,NRSC VIC MODEL
Uttarakhand,Pauri Garhwal,2024-02-20,2024,02,2.0153159023,NRSC VIC MODEL
Uttarakhand,Pauri Garhwal,2024-02-21,2024,02,0.0267814592,NRSC VIC MODEL
Uttarakhand,Pauri Garhwal,2024-02-22,2024,02,0.0301170318,NRSC VIC MODEL
Uttarakhand,Pauri Garhwal,2024-03-02,2024,03,4.8070479569,NRSC VIC MODEL
Uttarakhand,Pauri Garhwal,2024-03-06,2024,03,0,NRSC VIC MODEL
Uttarakhand,Pauri Garhwal,2024-03-13,2024,03,0.0631199257,NRSC VIC MODEL
Uttarakhand,Pauri Garhwal,2024-03-22,2024,03,0,NRSC VIC MODEL
Uttarakhand,Pauri Garhwal,2024-04-04,2024,04,0.0219563713,NRSC VIC MODEL
Uttarakhand,Pauri Garhwal,2024-04-05,2024,04,0,NRSC VIC MODEL
Uttarakhand,Pauri Garhwal,2024-04-08,2024,04,0,NRSC VIC MODEL
Uttarakhand,Pauri Garhwal,2024-04-13,2024,04,0.3774675038,NRSC VIC MODEL
Uttarakhand,Pauri Garhwal,2024-04-22,2024,04,0.0072094812,NRSC VIC MODEL
Uttarakhand,Pauri Garhwal,2024-04-28,2024,04,0.3324468193,NRSC VIC MODEL
Uttarakhand,Pauri Garhwal,2024-04-30,2024,04,1.6447241094,NRSC VIC MODEL
Uttarakhand,Pauri Garhwal,2024-05-01,2024,05,0.0014427832,NRSC VIC MODEL
Uttarakhand,Pauri Garhwal,2024-05-06,2024,05,0.0002682648,NRSC VIC MODEL
Uttarakhand,Pauri Garhwal,2024-05-09,2024,05,1.683347923,NRSC VIC MODEL
Uttarakhand,Pauri Garhwal,2024-05-15,2024,05,0.3773674194,NRSC VIC MODEL
Uttarakhand,Pauri Garhwal,2024-05-22,2024,05,0.7503996666,NRSC VIC MODEL
Uttarakhand,Pauri Garhwal,2024-05-29,2024,05,0,NRSC VIC MODEL
Uttarakhand,Pauri Garhwal,2024-05-30,2024,05,0.1008036938,NRSC VIC MODEL
Uttarakhand,Pauri Garhwal,2024-06-01,2024,06,0.0003416107,NRSC VIC MODEL
Uttarakhand,Pauri Garhwal,2024-06-10,2024,06,0.0001949189,NRSC VIC MODEL
Uttarakhand,Pauri Garhwal,2024-06-15,2024,06,0.0051409988,NRSC VIC MODEL
Uttarakhand,Pauri Garhwal,2024-06-19,2024,06,0.8576468911,NRSC VIC MODEL
Uttarakhand,Pauri Garhwal,2024-06-24,2024,06,1.7658772873,NRSC VIC MODEL
Uttarakhand,Pauri Garhwal,2024-06-28,2024,06,5.5460244939,NRSC VIC MODEL
Uttarakhand,Pauri Garhwal,2024-06-30,2024,06,6.3247433882,NRSC VIC MODEL
Uttarakhand,Pauri Garhwal,2024-07-06,2024,07,40.3991497028,NRSC VIC MODEL
Uttarakhand,Pauri Garhwal,2024-07-07,2024,07,40.9543991808,NRSC VIC MODEL
Uttarakhand,Pauri Garhwal,2024-07-18,2024,07,18.0124974466,NRSC VIC MODEL
Uttarakhand,Pauri Garhwal,2024-07-30,2024,07,1.1702932222,NRSC VIC MODEL
Uttarakhand,Pauri Garhwal,2024-08-02,2024,08,18.3144463326,NRSC VIC MODEL
Uttarakhand,Pauri Garhwal,2024-08-03,2024,08,11.6074839502,NRSC VIC MODEL
Uttarakhand,Pauri Garhwal,2024-08-04,2024,08,11.9560869622,NRSC VIC MODEL
Uttarakhand,Pauri Garhwal,2024-08-05,2024,08,8.6036561355,NRSC VIC MODEL
Uttarakhand,Pauri Garhwal,2024-08-08,2024,08,5.0158431523,NRSC VIC MODEL
Uttarakhand,Pauri Garhwal,2024-08-09,2024,08,8.7660734147,NRSC VIC MODEL
Uttarakhand,Pauri Garhwal,2024-08-19,2024,08,32.0151952797,NRSC VIC MODEL
Uttarakhand,Pauri Garhwal,2024-08-21,2024,08,8.0794245829,NRSC VIC MODEL
Uttarakhand,Pauri Garhwal,2024-08-26,2024,08,12.9773865826,NRSC VIC MODEL
Uttarakhand,Pauri Garhwal,2024-09-01,2024,09,15.9488944728,NRSC VIC MODEL
Uttarakhand,Pauri Garhwal,2024-09-02,2024,09,12.3629502881,NRSC VIC MODEL
Uttarakhand,Pauri Garhwal,2024-09-08,2024,09,0.566696002,NRSC VIC MODEL
Uttarakhand,Pauri Garhwal,2024-09-12,2024,09,45.416122729,NRSC VIC MODEL
Uttarakhand,Pauri Garhwal,2024-09-17,2024,09,8.0371507838,NRSC VIC MODEL
Uttarakhand,Pauri Garhwal,2024-09-20,2024,09,0.1440679293,NRSC VIC MODEL
Uttarakhand,Pauri Garhwal,2024-09-21,2024,09,2.2871998681,NRSC VIC MODEL
Uttarakhand,Pauri Garhwal,2024-10-03,2024,10,0.0666437011,NRSC VIC MODEL
Uttarakhand,Pauri Garhwal,2024-10-05,2024,10,0.0791577741,NRSC VIC MODEL
Uttarakhand,Pauri Garhwal,2024-10-14,2024,10,0.045892246,NRSC VIC MODEL
Uttarakhand,Pauri Garhwal,2024-10-15,2024,10,0,NRSC VIC MODEL
Uttarakhand,Pauri Garhwal,2024-10-17,2024,10,0.1556573028,NRSC VIC MODEL
Uttarakhand,Pauri Garhwal,2024-10-21,2024,10,0,NRSC VIC MODEL
Uttarakhand,Pauri Garhwal,2024-10-23,2024,10,0.0079040866,NRSC VIC MODEL
Uttarakhand,Pauri Garhwal,2024-10-26,2024,10,0,NRSC VIC MODEL
Uttarakhand,Pauri Garhwal,2024-10-27,2024,10,0,NRSC VIC MODEL
Uttarakhand,Pauri Garhwal,2024-11-04,2024,11,0,NRSC VIC MODEL
Uttarakhand,Pauri Garhwal,2024-11-08,2024,11,0.0239196828,NRSC VIC MODEL
Uttarakhand,Pauri Garhwal,2024-11-09,2024,11,0.0152783153,NRSC VIC MODEL
Uttarakhand,Pauri Garhwal,2024-11-17,2024,11,0,NRSC VIC MODEL
Uttarakhand,Pauri Garhwal,2024-11-24,2024,11,0,NRSC VIC MODEL
Uttarakhand,Pauri Garhwal,2024-11-25,2024,11,0.0741152983,NRSC VIC MODEL
Uttarakhand,Pauri Garhwal,2024-11-27,2024,11,0.0262115574,NRSC VIC MODEL
Uttarakhand,Pauri Garhwal,2024-12-02,2024,12,0.1429902716,NRSC VIC MODEL
Uttarakhand,Pauri Garhwal,2024-12-05,2024,12,0.0289673533,NRSC VIC MODEL
Uttarakhand,Pauri Garhwal,2024-12-11,2024,12,0.0039440021,NRSC VIC MODEL
Uttarakhand,Pauri Garhwal,2024-12-12,2024,12,0,NRSC VIC MODEL
Uttarakhand,Pauri Garhwal,2024-12-15,2024,12,0.048314664,NRSC VIC MODEL
Uttarakhand,Pauri Garhwal,2024-12-16,2024,12,0,NRSC VIC MODEL
Uttarakhand,Pauri Garhwal,2024-12-25,2024,12,0.0084963669,NRSC VIC MODEL
Uttarakhand,Pauri Garhwal,2024-12-29,2024,12,0.5111706947,NRSC VIC MODEL
Uttarakhand,Pithoragarh,2024-01-02,2024,01,0,NRSC VIC MODEL
Uttarakhand,Pithoragarh,2024-01-04,2024,01,0,NRSC VIC MODEL
Uttarakhand,Pithoragarh,2024-01-06,2024,01,0,NRSC VIC MODEL
Uttarakhand,Pithoragarh,2024-01-07,2024,01,0,NRSC VIC MODEL
Uttarakhand,Pithoragarh,2024-01-12,2024,01,0,NRSC VIC MODEL
Uttarakhand,Pithoragarh,2024-01-13,2024,01,0,NRSC VIC MODEL
Uttarakhand,Pithoragarh,2024-01-29,2024,01,0,NRSC VIC MODEL
Uttarakhand,Pithoragarh,2024-01-30,2024,01,0,NRSC VIC MODEL
Uttarakhand,Pithoragarh,2024-02-03,2024,02,0.7929958026,NRSC VIC MODEL
Uttarakhand,Pithoragarh,2024-02-09,2024,02,0.0616651069,NRSC VIC MODEL
Uttarakhand,Pithoragarh,2024-02-14,2024,02,0,NRSC VIC MODEL
Uttarakhand,Pithoragarh,2024-03-01,2024,03,0.006119696,NRSC VIC MODEL
Uttarakhand,Pithoragarh,2024-03-04,2024,03,22.484482713,NRSC VIC MODEL
Uttarakhand,Pithoragarh,2024-03-07,2024,03,2.098054009,NRSC VIC MODEL
Uttarakhand,Pithoragarh,2024-03-19,2024,03,0.480373673,NRSC VIC MODEL
Uttarakhand,Pithoragarh,2024-03-22,2024,03,0.0683208312,NRSC VIC MODEL
Uttarakhand,Pithoragarh,2024-03-24,2024,03,0.0143590278,NRSC VIC MODEL
Uttarakhand,Pithoragarh,2024-03-29,2024,03,0,NRSC VIC MODEL
Uttarakhand,Pithoragarh,2024-04-05,2024,04,0.3046053409,NRSC VIC MODEL
Uttarakhand,Pithoragarh,2024-04-17,2024,04,0,NRSC VIC MODEL
Uttarakhand,Pithoragarh,2024-04-18,2024,04,0.0037907973,NRSC VIC MODEL
Uttarakhand,Pithoragarh,2024-04-22,2024,04,0,NRSC VIC MODEL
Uttarakhand,Pithoragarh,2024-04-25,2024,04,0,NRSC VIC MODEL
Uttarakhand,Pithoragarh,2024-04-28,2024,04,3.1210518194,NRSC VIC MODEL
Uttarakhand,Pithoragarh,2024-04-30,2024,04,1.0065790781,NRSC VIC MODEL
Uttarakhand,Pithoragarh,2024-05-08,2024,05,4.0025916074,NRSC VIC MODEL
Uttarakhand,Pithoragarh,2024-05-11,2024,05,3.56169505,NRSC VIC MODEL
Uttarakhand,Pithoragarh,2024-05-20,2024,05,2.5751037812,NRSC VIC MODEL
Uttarakhand,Pithoragarh,2024-05-21,2024,05,4.555889962,NRSC VIC MODEL
Uttarakhand,Pithoragarh,2024-06-14,2024,06,0.4421824286,NRSC VIC MODEL
Uttarakhand,Pithoragarh,2024-06-22,2024,06,1.2740981187,NRSC VIC MODEL
Uttarakhand,Pithoragarh,2024-06-27,2024,06,10.2498042767,NRSC VIC MODEL
Uttarakhand,Pithoragarh,2024-06-30,2024,06,4.03076818,NRSC VIC MODEL
Uttarakhand,Pithoragarh,2024-07-04,2024,07,3.757911502,NRSC VIC MODEL
Uttarakhand,Pithoragarh,2024-07-18,2024,07,20.8221748388,NRSC VIC MODEL
Uttarakhand,Pithoragarh,2024-07-20,2024,07,4.9000028424,NRSC VIC MODEL
Uttarakhand,Pithoragarh,2024-07-28,2024,07,3.4502174865,NRSC VIC MODEL
Uttarakhand,Pithoragarh,2024-07-29,2024,07,4.6486993503,NRSC VIC MODEL
Uttarakhand,Pithoragarh,2024-07-30,2024,07,4.9887655881,NRSC VIC MODEL
Uttarakhand,Pithoragarh,2024-07-31,2024,07,1.0936113996,NRSC VIC MODEL
Uttarakhand,Pithoragarh,2024-08-01,2024,08,4.8216812615,NRSC VIC MODEL
Uttarakhand,Pithoragarh,2024-08-09,2024,08,6.0647716687,NRSC VIC MODEL
Uttarakhand,Pithoragarh,2024-08-10,2024,08,8.6335757227,NRSC VIC MODEL
Uttarakhand,Pithoragarh,2024-08-13,2024,08,4.4735750337,NRSC VIC MODEL
Uttarakhand,Pithoragarh,2024-08-25,2024,08,3.9059020058,NRSC VIC MODEL
Uttarakhand,Pithoragarh,2024-09-13,2024,09,8.8189082289,NRSC VIC MODEL
Uttarakhand,Pithoragarh,2024-09-18,2024,09,1.4501210646,NRSC VIC MODEL
Uttarakhand,Pithoragarh,2024-09-24,2024,09,5.3450860303,NRSC VIC MODEL
Uttarakhand,Pithoragarh,2024-09-29,2024,09,0.5245779438,NRSC VIC MODEL
Uttarakhand,Pithoragarh,2024-10-01,2024,10,0.734601995,NRSC VIC MODEL
Uttarakhand,Pithoragarh,2024-10-02,2024,10,2.4126701968,NRSC VIC MODEL
Uttarakhand,Pithoragarh,2024-10-04,2024,10,1.2647221346,NRSC VIC MODEL
Uttarakhand,Pithoragarh,2024-10-21,2024,10,0.0015322964,NRSC VIC MODEL
Uttarakhand,Pithoragarh,2024-10-25,2024,10,0,NRSC VIC MODEL
Uttarakhand,Pithoragarh,2024-11-06,2024,11,0.0921631137,NRSC VIC MODEL
Uttarakhand,Pithoragarh,2024-11-07,2024,11,0.0812745302,NRSC VIC MODEL
Uttarakhand,Pithoragarh,2024-11-10,2024,11,0.7804826453,NRSC VIC MODEL
Uttarakhand,Pithoragarh,2024-11-12,2024,11,0.0819257825,NRSC VIC MODEL
Uttarakhand,Pithoragarh,2024-11-16,2024,11,0,NRSC VIC MODEL
Uttarakhand,Pithoragarh,2024-11-18,2024,11,0.0201116236,NRSC VIC MODEL
Uttarakhand,Pithoragarh,2024-11-20,2024,11,0,NRSC VIC MODEL
Uttarakhand,Pithoragarh,2024-11-21,2024,11,0.2158088975,NRSC VIC MODEL
Uttarakhand,Pithoragarh,2024-11-28,2024,11,0,NRSC VIC MODEL
Uttarakhand,Pithoragarh,2024-12-01,2024,12,0.103884621,NRSC VIC MODEL
Uttarakhand,Pithoragarh,2024-12-11,2024,12,0.0228966523,NRSC VIC MODEL
Uttarakhand,Pithoragarh,2024-12-14,2024,12,0,NRSC VIC MODEL
Uttarakhand,Pithoragarh,2024-12-24,2024,12,0.1622849884,NRSC VIC MODEL
Uttarakhand,Pithoragarh,2024-12-30,2024,12,0.0343785883,NRSC VIC MODEL
Uttarakhand,Rudra Prayag,2024-01-07,2024,01,0,NRSC VIC MODEL
Uttarakhand,Rudra Prayag,2024-01-09,2024,01,0.0344286511,NRSC VIC MODEL
Uttarakhand,Rudra Prayag,2024-01-10,2024,01,0,NRSC VIC MODEL
Uttarakhand,Rudra Prayag,2024-01-14,2024,01,0,NRSC VIC MODEL
Uttarakhand,Rudra Prayag,2024-01-19,2024,01,0.0007422985,NRSC VIC MODEL
Uttarakhand,Rudra Prayag,2024-01-22,2024,01,0,NRSC VIC MODEL
Uttarakhand,Rudra Prayag,2024-01-24,2024,01,0,NRSC VIC MODEL
Uttarakhand,Rudra Prayag,2024-02-08,2024,02,0,NRSC VIC MODEL
Uttarakhand,Rudra Prayag,2024-02-10,2024,02,0,NRSC VIC MODEL
Uttarakhand,Rudra Prayag,2024-02-17,2024,02,0,NRSC VIC MODEL
Uttarakhand,Rudra Prayag,2024-02-21,2024,02,4.6151882918,NRSC VIC MODEL
Uttarakhand,Rudra Prayag,2024-02-22,2024,02,5.7740410197,NRSC VIC MODEL
Uttarakhand,Rudra Prayag,2024-02-23,2024,02,0.4590689957,NRSC VIC MODEL
Uttarakhand,Rudra Prayag,2024-03-01,2024,03,0,NRSC VIC MODEL
Uttarakhand,Rudra Prayag,2024-03-05,2024,03,1.9419036151,NRSC VIC MODEL
Uttarakhand,Rudra Prayag,2024-03-06,2024,03,0.6249750505,NRSC VIC MODEL
Uttarakhand,Rudra Prayag,2024-03-08,2024,03,0.1800566366,NRSC VIC MODEL
Uttarakhand,Rudra Prayag,2024-03-11,2024,03,0,NRSC VIC MODEL
Uttarakhand,Rudra Prayag,2024-03-14,2024,03,0.8097087422,NRSC VIC MODEL
Uttarakhand,Rudra Prayag,2024-03-17,2024,03,0.0002933816,NRSC VIC MODEL
Uttarakhand,Rudra Prayag,2024-03-18,2024,03,0,NRSC VIC MODEL
Uttarakhand,Rudra Prayag,2024-03-22,2024,03,2.0773e-06,NRSC VIC MODEL
Uttarakhand,Rudra Prayag,2024-03-29,2024,03,0,NRSC VIC MODEL
Uttarakhand,Rudra Prayag,2024-04-05,2024,04,0,NRSC VIC MODEL
Uttarakhand,Rudra Prayag,2024-04-10,2024,04,0.003520579,NRSC VIC MODEL
Uttarakhand,Rudra Prayag,2024-04-15,2024,04,0,NRSC VIC MODEL
Uttarakhand,Rudra Prayag,2024-04-17,2024,04,0,NRSC VIC MODEL
Uttarakhand,Rudra Prayag,2024-04-19,2024,04,0,NRSC VIC MODEL
Uttarakhand,Rudra Prayag,2024-04-20,2024,04,1.0903164599,NRSC VIC MODEL
Uttarakhand,Rudra Prayag,2024-05-05,2024,05,0.0090906863,NRSC VIC MODEL
Uttarakhand,Rudra Prayag,2024-05-07,2024,05,1.8193727552,NRSC VIC MODEL
Uttarakhand,Rudra Prayag,2024-05-13,2024,05,4.3300985133,NRSC VIC MODEL
Uttarakhand,Chamoli,2024-02-26,2024,02,0.5808566624,NRSC VIC MODEL
Uttarakhand,Chamoli,2024-03-01,2024,03,0.0012164024,NRSC VIC MODEL
Uttarakhand,Chamoli,2024-03-07,2024,03,2.0161222709,NRSC VIC MODEL
Uttarakhand,Chamoli,2024-03-11,2024,03,0,NRSC VIC MODEL
Uttarakhand,Chamoli,2024-03-13,2024,03,0.5546181279,NRSC VIC MODEL
Uttarakhand,Chamoli,2024-03-14,2024,03,0.8436769972,NRSC VIC MODEL
Uttarakhand,Chamoli,2024-03-21,2024,03,0.0661514302,NRSC VIC MODEL
Uttarakhand,Chamoli,2024-03-24,2024,03,0.0105706628,NRSC VIC MODEL
Uttarakhand,Chamoli,2024-03-31,2024,03,15.4122626617,NRSC VIC MODEL
Uttarakhand,Chamoli,2024-04-15,2024,04,0,NRSC VIC MODEL
Uttarakhand,Chamoli,2024-04-19,2024,04,0.0541962795,NRSC VIC MODEL
Uttarakhand,Chamoli,2024-04-24,2024,04,0.5918550749,NRSC VIC MODEL
Uttarakhand,Chamoli,2024-05-02,2024,05,0.6733783881,NRSC VIC MODEL
Uttarakhand,Chamoli,2024-05-21,2024,05,2.4101786545,NRSC VIC MODEL
Uttarakhand,Chamoli,2024-05-24,2024,05,0.9891045689,NRSC VIC MODEL
Uttarakhand,Chamoli,2024-05-28,2024,05,0.1311109107,NRSC VIC MODEL
Uttarakhand,Chamoli,2024-06-02,2024,06,1.4427266032,NRSC VIC MODEL
Uttarakhand,Chamoli,2024-06-13,2024,06,0.5933590934,NRSC VIC MODEL
Uttarakhand,Chamoli,2024-06-28,2024,06,9.5913679017,NRSC VIC MODEL
Uttarakhand,Chamoli,2024-07-01,2024,07,12.2602077772,NRSC VIC MODEL
Uttarakhand,Chamoli,2024-07-22,2024,07,11.006965672,NRSC VIC MODEL
Uttarakhand,Chamoli,2024-07-24,2024,07,4.5894188984,NRSC VIC MODEL
Uttarakhand,Chamoli,2024-08-01,2024,08,6.9334741779,NRSC VIC MODEL
Uttarakhand,Chamoli,2024-08-03,2024,08,12.9979217247,NRSC VIC MODEL
Uttarakhand,Chamoli,2024-08-05,2024,08,11.7486830547,NRSC VIC MODEL
Uttarakhand,Chamoli,2024-08-06,2024,08,7.3522357602,NRSC VIC MODEL
Uttarakhand,Chamoli,2024-08-16,2024,08,13.286286706,NRSC VIC MODEL
Uttarakhand,Chamoli,2024-08-28,2024,08,8.8515262135,NRSC VIC MODEL
Uttarakhand,Chamoli,2024-09-04,2024,09,8.1420365285,NRSC VIC MODEL
Uttarakhand,Chamoli,2024-09-15,2024,09,1.3425857852,NRSC VIC MODEL
Uttarakhand,Chamoli,2024-09-19,2024,09,0.5867487533,NRSC VIC MODEL
Uttarakhand,Chamoli,2024-09-21,2024,09,2.576174071,NRSC VIC MODEL
Uttarakhand,Chamoli,2024-09-22,2024,09,1.1908830633,NRSC VIC MODEL
Uttarakhand,Chamoli,2024-10-01,2024,10,0.3545104553,NRSC VIC MODEL
Uttarakhand,Chamoli,2024-10-08,2024,10,0.3947592539,NRSC VIC MODEL
Uttarakhand,Chamoli,2024-10-10,2024,10,0.278724163,NRSC VIC MODEL
Uttarakhand,Chamoli,2024-10-11,2024,10,0.1424354267,NRSC VIC MODEL
Uttarakhand,Chamoli,2024-10-15,2024,10,0.0092789732,NRSC VIC MODEL
Uttarakhand,Chamoli,2024-10-16,2024,10,0.393355312,NRSC VIC MODEL
Uttarakhand,Chamoli,2024-10-17,2024,10,0.7473884747,NRSC VIC MODEL
Uttarakhand,Chamoli,2024-10-23,2024,10,0.134074098,NRSC VIC MODEL
Uttarakhand,Chamoli,2024-10-28,2024,10,0.1145127821,NRSC VIC MODEL
Uttarakhand,Chamoli,2024-11-02,2024,11,0.0165307875,NRSC VIC MODEL
Uttarakhand,Chamoli,2024-11-05,2024,11,0.3364620339,NRSC VIC MODEL
Uttarakhand,Chamoli,2024-11-07,2024,11,0.0933890951,NRSC VIC MODEL
Uttarakhand,Chamoli,2024-11-09,2024,11,0.5027823464,NRSC VIC MODEL
Uttarakhand,Chamoli,2024-11-12,2024,11,0.3006817713,NRSC VIC MODEL
Uttarakhand,Chamoli,2024-11-13,2024,11,0,NRSC VIC MODEL
Uttarakhand,Chamoli,2024-11-18,2024,11,0.1992184907,NRSC VIC MODEL
Uttarakhand,Chamoli,2024-11-25,2024,11,0.5299175781,NRSC VIC MODEL
Uttarakhand,Chamoli,2024-11-26,2024,11,0,NRSC VIC MODEL
Uttarakhand,Chamoli,2024-12-02,2024,12,0.2898548638,NRSC VIC MODEL
Uttarakhand,Chamoli,2024-12-03,2024,12,0.4169952208,NRSC VIC MODEL
Uttarakhand,Chamoli,2024-12-04,2024,12,0,NRSC VIC MODEL
Uttarakhand,Chamoli,2024-12-10,2024,12,0.7770408178,NRSC VIC MODEL
Uttarakhand,Chamoli,2024-12-20,2024,12,0,NRSC VIC MODEL
Uttarakhand,Chamoli,2024-12-21,2024,12,0,NRSC VIC MODEL
Uttarakhand,Chamoli,2024-12-22,2024,12,0,NRSC VIC MODEL
Uttarakhand,Chamoli,2024-12-23,2024,12,3.99942e-05,NRSC VIC MODEL
Uttarakhand,Chamoli,2024-12-25,2024,12,0.0036467534,NRSC VIC MODEL
Uttarakhand,Chamoli,2024-12-29,2024,12,0.6379476986,NRSC VIC MODEL
Uttarakhand,Chamoli,2024-12-30,2024,12,0.2883758347,NRSC VIC MODEL
Uttarakhand,Champawat,2024-01-07,2024,01,0,NRSC VIC MODEL
Uttarakhand,Champawat,2024-01-09,2024,01,0,NRSC VIC MODEL
Uttarakhand,Champawat,2024-01-13,2024,01,0,NRSC VIC MODEL
Uttarakhand,Champawat,2024-01-16,2024,01,0,NRSC VIC MODEL
Uttarakhand,Champawat,2024-01-22,2024,01,0,NRSC VIC MODEL
Uttarakhand,Champawat,2024-01-23,2024,01,0,NRSC VIC MODEL
Uttarakhand,Champawat,2024-01-27,2024,01,0,NRSC VIC MODEL
Uttarakhand,Champawat,2024-02-02,2024,02,0,NRSC VIC MODEL
Uttarakhand,Champawat,2024-02-06,2024,02,0.6778887588,NRSC VIC MODEL
Uttarakhand,Champawat,2024-02-10,2024,02,0,NRSC VIC MODEL
Uttarakhand,Champawat,2024-02-21,2024,02,0.4112180641,NRSC VIC MODEL
Uttarakhand,Champawat,2024-02-22,2024,02,0.015685244,NRSC VIC MODEL
Uttarakhand,Champawat,2024-02-24,2024,02,0,NRSC VIC MODEL
Uttarakhand,Champawat,2024-02-29,2024,02,0,NRSC VIC MODEL
Uttarakhand,Champawat,2024-03-04,2024,03,21.1295355805,NRSC VIC MODEL
Uttarakhand,Champawat,2024-03-08,2024,03,0,NRSC VIC MODEL
Uttarakhand,Champawat,2024-03-12,2024,03,0.0022136084,NRSC VIC MODEL
Uttarakhand,Champawat,2024-03-15,2024,03,0,NRSC VIC MODEL
Uttarakhand,Champawat,2024-03-22,2024,03,0.001297391,NRSC VIC MODEL
Uttarakhand,Champawat,2024-03-27,2024,03,0,NRSC VIC MODEL
Uttarakhand,Champawat,2024-03-29,2024,03,0,NRSC VIC MODEL
Uttarakhand,Champawat,2024-03-30,2024,03,0.096277226,NRSC VIC MODEL
Uttarakhand,Champawat,2024-03-31,2024,03,0.5598287257,NRSC VIC MODEL
Uttarakhand,Champawat,2024-04-09,2024,04,0.0003495171,NRSC VIC MODEL
Uttarakhand,Champawat,2024-04-15,2024,04,0,NRSC VIC MODEL
Uttarakhand,Champawat,2024-04-18,2024,04,0.000487915,NRSC VIC MODEL
Uttarakhand,Champawat,2024-05-03,2024,05,0,NRSC VIC MODEL
Uttarakhand,Champawat,2024-05-06,2024,05,0,NRSC VIC MODEL
Uttarakhand,Champawat,2024-05-12,2024,05,0.8213013461,NRSC VIC MODEL
Uttarakhand,Champawat,2024-05-13,2024,05,1.4533608078,NRSC VIC MODEL
Uttarakhand,Champawat,2024-05-15,2024,05,0.0005825285,NRSC VIC MODEL
Uttarakhand,Champawat,2024-05-18,2024,05,0.0003714093,NRSC VIC MODEL
Uttarakhand,Champawat,2024-05-22,2024,05,1.71726259,NRSC VIC MODEL
Uttarakhand,Champawat,2024-05-25,2024,05,0.0111178677,NRSC VIC MODEL
Uttarakhand,Champawat,2024-05-26,2024,05,0.5329000618,NRSC VIC MODEL
Uttarakhand,Champawat,2024-06-02,2024,06,2.2953404929,NRSC VIC MODEL
Uttarakhand,Champawat,2024-06-22,2024,06,0.3820939033,NRSC VIC MODEL
Uttarakhand,Champawat,2024-06-25,2024,06,10.1597904479,NRSC VIC MODEL
Uttarakhand,Champawat,2024-06-28,2024,06,10.0093850604,NRSC VIC MODEL
Uttarakhand,Champawat,2024-06-29,2024,06,5.0047528919,NRSC VIC MODEL
Uttarakhand,Champawat,2024-07-02,2024,07,4.8402272186,NRSC VIC MODEL
Uttarakhand,Champawat,2024-07-09,2024,07,29.535317561,NRSC VIC MODEL
Uttarakhand,Champawat,2024-07-19,2024,07,27.551177899,NRSC VIC MODEL
Uttarakhand,Champawat,2024-07-27,2024,07,54.0976475491,NRSC VIC MODEL
Uttarakhand,Champawat,2024-07-31,2024,07,8.4691761208,NRSC VIC MODEL
Uttarakhand,Champawat,2024-08-01,2024,08,5.658887374,NRSC VIC MODEL
Uttarakhand,Champawat,2024-08-03,2024,08,10.9269351685,NRSC VIC MODEL
Uttarakhand,Champawat,2024-08-05,2024,08,3.5444576707,NRSC VIC MODEL
Uttarakhand,Champawat,2024-08-08,2024,08,4.9577573309,NRSC VIC MODEL
Uttarakhand,Champawat,2024-08-12,2024,08,3.2066367667,NRSC VIC MODEL
Uttarakhand,Champawat,2024-08-17,2024,08,14.4182759933,NRSC VIC MODEL
Uttarakhand,Champawat,2024-08-19,2024,08,22.700667563,NRSC VIC MODEL
Uttarakhand,Champawat,2024-08-21,2024,08,4.8926978726,NRSC VIC MODEL
Uttarakhand,Champawat,2024-09-06,2024,09,4.9030333234,NRSC VIC MODEL
Uttarakhand,Champawat,2024-09-10,2024,09,10.684883717,NRSC VIC MODEL
Uttarakhand,Champawat,2024-09-11,2024,09,19.9589685213,NRSC VIC MODEL
Uttarakhand,Champawat,2024-09-18,2024,09,0.276373742,NRSC VIC MODEL
Uttarakhand,Champawat,2024-09-22,2024,09,1.7033022273,NRSC VIC MODEL
Uttarakhand,Champawat,2024-09-24,2024,09,5.4217277166,NRSC VIC MODEL
Uttarakhand,Champawat,2024-09-30,2024,09,0.2661272716,NRSC VIC MODEL
Uttarakhand,Champawat,2024-10-12,2024,10,0,NRSC VIC MODEL
Uttarakhand,Champawat,2024-10-19,2024,10,1.5060913676,NRSC VIC MODEL
Uttarakhand,Champawat,2024-10-22,2024,10,0.0002330114,NRSC VIC MODEL
Uttarakhand,Champawat,2024-10-26,2024,10,0,NRSC VIC MODEL
Uttarakhand,Champawat,2024-10-29,2024,10,0,NRSC VIC MODEL
Uttarakhand,Champawat,2024-11-02,2024,11,0.0064869548,NRSC VIC MODEL
Uttarakhand,Champawat,2024-11-13,2024,11,0,NRSC VIC MODEL
Uttarakhand,Champawat,2024-11-15,2024,11,0,NRSC VIC MODEL
Uttarakhand,Champawat,2024-11-28,2024,11,0,NRSC VIC MODEL
Uttarakhand,Champawat,2024-12-01,2024,12,0.001303455,NRSC VIC MODEL
Uttarakhand,Champawat,2024-12-04,2024,12,0,NRSC VIC MODEL
Uttarakhand,Champawat,2024-12-12,2024,12,0,NRSC VIC MODEL
Uttarakhand,Champawat,2024-12-16,2024,12,0,NRSC VIC MODEL
Uttarakhand,Champawat,2024-12-20,2024,12,0,NRSC VIC MODEL
Uttarakhand,Champawat,2024-12-23,2024,12,0,NRSC VIC MODEL
Uttarakhand,Dehradun,2024-01-02,2024,01,0,NRSC VIC MODEL
Uttarakhand,Dehradun,2024-01-04,2024,01,0,NRSC VIC MODEL
Uttarakhand,Dehradun,2024-01-08,2024,01,0,NRSC VIC MODEL
Uttarakhand,Dehradun,2024-01-09,2024,01,0,NRSC VIC MODEL
Uttarakhand,Dehradun,2024-01-16,2024,01,0,NRSC VIC MODEL
Uttarakhand,Dehradun,2024-01-19,2024,01,0.0001838845,NRSC VIC MODEL
Uttarakhand,Dehradun,2024-01-21,2024,01,0,NRSC VIC MODEL
Uttarakhand,Dehradun,2024-01-23,2024,01,0,NRSC VIC MODEL
Uttarakhand,Dehradun,2024-02-23,2024,02,0,NRSC VIC MODEL
Uttarakhand,Dehradun,2024-03-11,2024,03,0.1147635372,NRSC VIC MODEL
Uttarakhand,Dehradun,2024-03-17,2024,03,0,NRSC VIC MODEL
Uttarakhand,Dehradun,2024-04-09,2024,04,0.0549485671,NRSC VIC MODEL
Uttarakhand,Dehradun,2024-04-14,2024,04,0.1996574927,NRSC VIC MODEL
Uttarakhand,Dehradun,2024-04-20,2024,04,1.7174338599,NRSC VIC MODEL
Uttarakhand,Dehradun,2024-05-01,2024,05,0,NRSC VIC MODEL
Uttarakhand,Dehradun,2024-05-10,2024,05,0.111543126,NRSC VIC MODEL
Uttarakhand,Dehradun,2024-05-25,2024,05,6.13518e-05,NRSC VIC MODEL
Uttarakhand,Dehradun,2024-05-28,2024,05,0,NRSC VIC MODEL
Uttarakhand,Dehradun,2024-05-29,2024,05,0,NRSC VIC MODEL
Uttarakhand,Dehradun,2024-05-31,2024,05,0.270160408,NRSC VIC MODEL
Uttarakhand,Dehradun,2024-06-17,2024,06,0,NRSC VIC MODEL
Uttarakhand,Dehradun,2024-06-20,2024,06,31.7203239357,NRSC VIC MODEL
Uttarakhand,Dehradun,2024-06-22,2024,06,3.3968896627,NRSC VIC MODEL
Uttarakhand,Dehradun,2024-06-24,2024,06,0.8256598105,NRSC VIC MODEL
Uttarakhand,Dehradun,2024-07-05,2024,07,22.7400334471,NRSC VIC MODEL
Uttarakhand,Dehradun,2024-07-09,2024,07,2.2922913405,NRSC VIC MODEL
Uttarakhand,Dehradun,2024-07-14,2024,07,1.510342988,NRSC VIC MODEL
Uttarakhand,Dehradun,2024-07-23,2024,07,20.4752611203,NRSC VIC MODEL
Uttarakhand,Dehradun,2024-07-24,2024,07,11.2209873962,NRSC VIC MODEL
Uttarakhand,Dehradun,2024-07-25,2024,07,0,NRSC VIC MODEL
Uttarakhand,Dehradun,2024-08-02,2024,08,20.5276535396,NRSC VIC MODEL
Uttarakhand,Dehradun,2024-08-03,2024,08,14.2184472028,NRSC VIC MODEL
Uttarakhand,Dehradun,2024-08-05,2024,08,13.070901837,NRSC VIC MODEL
Uttarakhand,Dehradun,2024-08-08,2024,08,10.4556948771,NRSC VIC MODEL
Uttarakhand,Dehradun,2024-08-12,2024,08,27.4857716515,NRSC VIC MODEL
Uttarakhand,Dehradun,2024-08-14,2024,08,21.5592899541,NRSC VIC MODEL
Uttarakhand,Dehradun,2024-08-18,2024,08,20.916150984,NRSC VIC MODEL
Uttarakhand,Dehradun,2024-08-20,2024,08,17.746432598,NRSC VIC MODEL
Uttarakhand,Almora,2024-01-10,2024,01,0.181263313,NRSC VIC MODEL
Uttarakhand,Almora,2024-01-15,2024,01,0,NRSC VIC MODEL
Uttarakhand,Almora,2024-01-18,2024,01,0,NRSC VIC MODEL
Uttarakhand,Almora,2024-01-27,2024,01,0,NRSC VIC MODEL
Uttarakhand,Almora,2024-02-06,2024,02,0.8838774801,NRSC VIC MODEL
Uttarakhand,Almora,2024-02-14,2024,02,2.49661e-05,NRSC VIC MODEL
Uttarakhand,Almora,2024-02-15,2024,02,2.49661e-05,NRSC VIC MODEL
Uttarakhand,Almora,2024-02-25,2024,02,0.3598900633,NRSC VIC MODEL
Uttarakhand,Almora,2024-02-29,2024,02,0,NRSC VIC MODEL
Uttarakhand,Almora,2024-03-06,2024,03,0,NRSC VIC MODEL
Uttarakhand,Almora,2024-03-08,2024,03,0,NRSC VIC MODEL
Uttarakhand,Almora,2024-04-08,2024,04,0,NRSC VIC MODEL
Uttarakhand,Almora,2024-04-25,2024,04,0,NRSC VIC MODEL
Uttarakhand,Almora,2024-04-27,2024,04,0,NRSC VIC MODEL
Uttarakhand,Almora,2024-05-09,2024,05,11.2222156729,NRSC VIC MODEL
Uttarakhand,Almora,2024-05-11,2024,05,9.9084031011,NRSC VIC MODEL
Uttarakhand,Almora,2024-05-15,2024,05,0.1056776768,NRSC VIC MODEL
Uttarakhand,Almora,2024-05-18,2024,05,0.0018675253,NRSC VIC MODEL
Uttarakhand,Almora,2024-05-20,2024,05,2.4464455308,NRSC VIC MODEL
Uttarakhand,Almora,2024-05-31,2024,05,2.6204312502,NRSC VIC MODEL
Uttarakhand,Almora,2024-06-07,2024,06,0,NRSC VIC MODEL
Uttarakhand,Almora,2024-06-13,2024,06,0.0005788509,NRSC VIC MODEL
Uttarakhand,Almora,2024-06-18,2024,06,0,NRSC VIC MODEL
Uttarakhand,Almora,2024-06-24,2024,06,3.3476936085,NRSC VIC MODEL
Uttarakhand,Almora,2024-06-30,2024,06,2.4175700449,NRSC VIC MODEL
Uttarakhand,Almora,2024-07-04,2024,07,20.9285325211,NRSC VIC MODEL
Uttarakhand,Almora,2024-07-09,2024,07,14.7242874397,NRSC VIC MODEL
Uttarakhand,Almora,2024-07-13,2024,07,12.1901460861,NRSC VIC MODEL
Uttarakhand,Almora,2024-07-16,2024,07,0.0451970765,NRSC VIC MODEL
Uttarakhand,Almora,2024-07-31,2024,07,0.4692918969,NRSC VIC MODEL
Uttarakhand,Almora,2024-08-02,2024,08,18.1354608021,NRSC VIC MODEL
Uttarakhand,Almora,2024-08-09,2024,08,2.5285621572,NRSC VIC MODEL
Uttarakhand,Almora,2024-08-11,2024,08,46.9386384745,NRSC VIC MODEL
Uttarakhand,Almora,2024-08-19,2024,08,27.2640637641,NRSC VIC MODEL
Uttarakhand,Almora,2024-08-25,2024,08,8.7430063465,NRSC VIC MODEL
Uttarakhand,Almora,2024-08-29,2024,08,7.6989633345,NRSC VIC MODEL
Uttarakhand,Almora,2024-08-30,2024,08,5.9591333331,NRSC VIC MODEL
Uttarakhand,Almora,2024-09-02,2024,09,11.8923493197,NRSC VIC MODEL
Uttarakhand,Almora,2024-09-03,2024,09,8.7177127059,NRSC VIC MODEL
Uttarakhand,Almora,2024-09-11,2024,09,16.3232338749,NRSC VIC MODEL
Uttarakhand,Almora,2024-09-13,2024,09,14.2312960957,NRSC VIC MODEL
Uttarakhand,Almora,2024-09-15,2024,09,2.3746329426,NRSC VIC MODEL
Uttarakhand,Almora,2024-09-17,2024,09,11.2479473186,NRSC VIC MODEL
Uttarakhand,Almora,2024-09-22,2024,09,1.6899845383,NRSC VIC MODEL
Uttarakhand,Almora,2024-09-23,2024,09,1.2633091135,NRSC VIC MODEL
Uttarakhand,Almora,2024-09-24,2024,09,7.6758892572,NRSC VIC MODEL
Uttarakhand,Almora,2024-09-29,2024,09,0.8803388055,NRSC VIC MODEL
Uttarakhand,Almora,2024-10-20,2024,10,7.47253e-05,NRSC VIC MODEL
Uttarakhand,Almora,2024-10-24,2024,10,0,NRSC VIC MODEL
Uttarakhand,Almora,2024-10-26,2024,10,0,NRSC VIC MODEL
Uttarakhand,Almora,2024-10-31,2024,10,0,NRSC VIC MODEL
Uttarakhand,Almora,2024-11-03,2024,11,0,NRSC VIC MODEL
Uttarakhand,Almora,2024-11-06,2024,11,0.0017838151,NRSC VIC MODEL
Uttarakhand,Almora,2024-11-11,2024,11,0.3579599658,NRSC VIC MODEL
Uttarakhand,Almora,2024-11-20,2024,11,0,NRSC VIC MODEL
Uttarakhand,Almora,2024-11-28,2024,11,0,NRSC VIC MODEL
Uttarakhand,Almora,2024-12-03,2024,12,1.78382e-05,NRSC VIC MODEL
Uttarakhand,Almora,2024-12-09,2024,12,0.1992291562,NRSC VIC MODEL
Uttarakhand,Almora,2024-12-15,2024,12,0.0001056208,NRSC VIC MODEL
Uttarakhand,Almora,2024-12-16,2024,12,0,NRSC VIC MODEL
Uttarakhand,Almora,2024-12-17,2024,12,0,NRSC VIC MODEL
Uttarakhand,Almora,2024-12-19,2024,12,1.78382e-05,NRSC VIC MODEL
Uttarakhand,Almora,2024-12-23,2024,12,0.0001137698,NRSC VIC MODEL
Uttarakhand,Almora,2024-12-25,2024,12,0.0220906732,NRSC VIC MODEL
Uttarakhand,Almora,2024-12-28,2024,12,16.2553518698,NRSC VIC MODEL
Uttarakhand,Bageshwar,2024-01-02,2024,01,0,NRSC VIC MODEL
Uttarakhand,Bageshwar,2024-01-03,2024,01,0,NRSC VIC MODEL
Uttarakhand,Bageshwar,2024-01-04,2024,01,0,NRSC VIC MODEL
Uttarakhand,Bageshwar,2024-01-21,2024,01,0,NRSC VIC MODEL
Uttarakhand,Bageshwar,2024-01-27,2024,01,0,NRSC VIC MODEL
Uttarakhand,Bageshwar,2024-01-31,2024,01,0,NRSC VIC MODEL
Uttarakhand,Bageshwar,2024-02-02,2024,02,0.1036794444,NRSC VIC MODEL
Uttarakhand,Bageshwar,2024-02-07,2024,02,0,NRSC VIC MODEL
Uttarakhand,Bageshwar,2024-02-18,2024,02,0,NRSC VIC MODEL
Uttarakhand,Bageshwar,2024-02-25,2024,02,1.1664856198,NRSC VIC MODEL
Uttarakhand,Bageshwar,2024-03-06,2024,03,0,NRSC VIC MODEL
Uttarakhand,Bageshwar,2024-03-18,2024,03,0,NRSC VIC MODEL
Uttarakhand,Bageshwar,2024-03-23,2024,03,0.3996931433,NRSC VIC MODEL
Uttarakhand,Bageshwar,2024-03-25,2024,03,0.0017652264,NRSC VIC MODEL
Uttarakhand,Bageshwar,2024-04-03,2024,04,0,NRSC VIC MODEL
Uttarakhand,Bageshwar,2024-04-05,2024,04,0.1202374589,NRSC VIC MODEL
Uttarakhand,Bageshwar,2024-04-06,2024,04,0,NRSC VIC MODEL
Uttarakhand,Bageshwar,2024-04-10,2024,04,0.1418000016,NRSC VIC MODEL
Uttarakhand,Bageshwar,2024-04-11,2024,04,0.9234183465,NRSC VIC MODEL
Uttarakhand,Bageshwar,2024-04-14,2024,04,1.0904420009,NRSC VIC MODEL
Uttarakhand,Bageshwar,2024-04-15,2024,04,0,NRSC VIC MODEL
Uttarakhand,Bageshwar,2024-04-16,2024,04,0,NRSC VIC MODEL
Uttarakhand,Bageshwar,2024-04-26,2024,04,0,NRSC VIC MODEL
Uttarakhand,Bageshwar,2024-05-03,2024,05,0.3207263996,NRSC VIC MODEL
Uttarakhand,Bageshwar,2024-05-06,2024,05,0.0059157443,NRSC VIC MODEL
Uttarakhand,Bageshwar,2024-05-08,2024,05,0.7151512563,NRSC VIC MODEL
Uttarakhand,Bageshwar,2024-05-10,2024,05,2.2629795825,NRSC VIC MODEL
Uttarakhand,Bageshwar,2024-05-14,2024,05,0.7573669804,NRSC VIC MODEL
Uttarakhand,Bageshwar,2024-05-27,2024,05,0.0870371086,NRSC VIC MODEL
Uttarakhand,Bageshwar,2024-06-02,2024,06,0.7159588392,NRSC VIC MODEL
Uttarakhand,Bageshwar,2024-06-03,2024,06,1.4349528323,NRSC VIC MODEL
Uttarakhand,Bageshwar,2024-06-29,2024,06,6.2276653352,NRSC VIC MODEL
Uttarakhand,Bageshwar,2024-07-14,2024,07,8.9480976506,NRSC VIC MODEL
Uttarakhand,Bageshwar,2024-07-17,2024,07,19.8094450856,NRSC VIC MODEL
Uttarakhand,Bageshwar,2024-07-19,2024,07,12.2490648855,NRSC VIC MODEL
Uttarakhand,Bageshwar,2024-07-22,2024,07,29.2132726872,NRSC VIC MODEL
Uttarakhand,Bageshwar,2024-07-23,2024,07,6.3380056066,NRSC VIC MODEL
Uttarakhand,Bageshwar,2024-07-31,2024,07,11.3954915871,NRSC VIC MODEL
Uttarakhand,Bageshwar,2024-08-02,2024,08,18.8715797862,NRSC VIC MODEL
Uttarakhand,Bageshwar,2024-08-12,2024,08,14.09212626,NRSC VIC MODEL
Uttarakhand,Bageshwar,2024-08-20,2024,08,18.1840043283,NRSC VIC MODEL
Uttarakhand,Bageshwar,2024-08-22,2024,08,12.5249549566,NRSC VIC MODEL
Uttarakhand,Bageshwar,2024-08-23,2024,08,9.8845241448,NRSC VIC MODEL
Uttarakhand,Bageshwar,2024-08-24,2024,08,12.0342728639,NRSC VIC MODEL
Uttarakhand,Bageshwar,2024-08-28,2024,08,10.8875928329,NRSC VIC MODEL
Uttarakhand,Bageshwar,2024-08-30,2024,08,5.7297838279,NRSC VIC MODEL
Uttarakhand,Bageshwar,2024-08-31,2024,08,6.1975037267,NRSC VIC MODEL
Uttarakhand,Bageshwar,2024-09-01,2024,09,13.9450587168,NRSC VIC MODEL
Uttarakhand,Bageshwar,2024-09-09,2024,09,8.7915989661,NRSC VIC MODEL
Uttarakhand,Bageshwar,2024-09-17,2024,09,14.9040462428,NRSC VIC MODEL
Uttarakhand,Bageshwar,2024-09-21,2024,09,4.6692158077,NRSC VIC MODEL
Uttarakhand,Bageshwar,2024-09-22,2024,09,2.1454986834,NRSC VIC MODEL
Uttarakhand,Bageshwar,2024-09-23,2024,09,0.724659109,NRSC VIC MODEL
Uttarakhand,Bageshwar,2024-09-28,2024,09,5.7179997945,NRSC VIC MODEL
Uttarakhand,Bageshwar,2024-10-10,2024,10,0.1318469747,NRSC VIC MODEL
Uttarakhand,Bageshwar,2024-10-13,2024,10,0,NRSC VIC MODEL
Uttarakhand,Bageshwar,2024-10-14,2024,10,0.6859351339,NRSC VIC MODEL
Uttarakhand,Bageshwar,2024-10-19,2024,10,2.2552252736,NRSC VIC MODEL
Uttarakhand,Bageshwar,2024-10-21,2024,10,0.7392107333,NRSC VIC MODEL
Uttarakhand,Bageshwar,2024-10-28,2024,10,0,NRSC VIC MODEL
Uttarakhand,Bageshwar,2024-10-29,2024,10,0.0008293204,NRSC VIC MODEL
Uttarakhand,Bageshwar,2024-11-03,2024,11,0,NRSC VIC MODEL
Uttarakhand,Bageshwar,2024-11-08,2024,11,0.7430540102,NRSC VIC MODEL
Uttarakhand,Bageshwar,2024-11-15,2024,11,0,NRSC VIC MODEL
Uttarakhand,Bageshwar,2024-11-24,2024,11,0,NRSC VIC MODEL
Uttarakhand,Bageshwar,2024-11-27,2024,11,0.0012977146,NRSC VIC MODEL
Uttarakhand,Bageshwar,2024-11-28,2024,11,0,NRSC VIC MODEL
Uttarakhand,Bageshwar,2024-12-08,2024,12,0.1761174362,NRSC VIC MODEL
Uttarakhand,Bageshwar,2024-12-16,2024,12,0,NRSC VIC MODEL
Uttarakhand,Bageshwar,2024-12-18,2024,12,0,NRSC VIC MODEL
Uttarakhand,Bageshwar,2024-12-22,2024,12,0,NRSC VIC MODEL
Uttarakhand,Bageshwar,2024-12-24,2024,12,0.0025407102,NRSC VIC MODEL
Uttarakhand,Bageshwar,2024-12-27,2024,12,0,NRSC VIC MODEL
Uttarakhand,Bageshwar,2024-12-29,2024,12,1.1768862719,NRSC VIC MODEL
Uttarakhand,Chamoli,2024-01-07,2024,01,0,NRSC VIC MODEL
Uttarakhand,Chamoli,2024-01-12,2024,01,0,NRSC VIC MODEL
Uttarakhand,Chamoli,2024-01-17,2024,01,0,NRSC VIC MODEL
Uttarakhand,Chamoli,2024-01-20,2024,01,0.3398085474,NRSC VIC MODEL
Uttarakhand,Chamoli,2024-01-21,2024,01,0,NRSC VIC MODEL
Uttarakhand,Chamoli,2024-01-24,2024,01,0,NRSC VIC MODEL
Uttarakhand,Chamoli,2024-02-07,2024,02,0.0001088583,NRSC VIC MODEL
Uttarakhand,Chamoli,2024-02-09,2024,02,0.0783779844,NRSC VIC MODEL
Uttarakhand,Chamoli,2024-02-17,2024,02,0,NRSC VIC MODEL
Uttarakhand,Chamoli,2024-02-21,2024,02,1.3679971639,NRSC VIC MODEL
Uttarakhand,Chamoli,2024-02-22,2024,02,1.8394930272,NRSC VIC MODEL
Uttarakhand,Rudra Prayag,2024-05-15,2024,05,0.3243914999,NRSC VIC MODEL
Uttarakhand,Rudra Prayag,2024-05-20,2024,05,7.9733589527,NRSC VIC MODEL
Uttarakhand,Rudra Prayag,2024-05-24,2024,05,1.5551111187,NRSC VIC MODEL
Uttarakhand,Rudra Prayag,2024-06-09,2024,06,0.0006031008,NRSC VIC MODEL
Uttarakhand,Rudra Prayag,2024-06-12,2024,06,0.0666449052,NRSC VIC MODEL
Uttarakhand,Rudra Prayag,2024-06-13,2024,06,0.2539271971,NRSC VIC MODEL
Uttarakhand,Rudra Prayag,2024-06-22,2024,06,0.4605041597,NRSC VIC MODEL
Uttarakhand,Rudra Prayag,2024-07-06,2024,07,53.9768428658,NRSC VIC MODEL
Uttarakhand,Rudra Prayag,2024-07-08,2024,07,1.8190706024,NRSC VIC MODEL
Uttarakhand,Rudra Prayag,2024-07-09,2024,07,0.2638169474,NRSC VIC MODEL
Uttarakhand,Rudra Prayag,2024-07-18,2024,07,4.4337490343,NRSC VIC MODEL
Uttarakhand,Rudra Prayag,2024-07-23,2024,07,3.9731266973,NRSC VIC MODEL
Uttarakhand,Rudra Prayag,2024-08-07,2024,08,28.2351800818,NRSC VIC MODEL
Uttarakhand,Rudra Prayag,2024-08-18,2024,08,15.9207735734,NRSC VIC MODEL
Uttarakhand,Rudra Prayag,2024-08-24,2024,08,8.8629957312,NRSC VIC MODEL
Uttarakhand,Rudra Prayag,2024-08-28,2024,08,11.1849070753,NRSC VIC MODEL
Uttarakhand,Rudra Prayag,2024-08-30,2024,08,6.7228880211,NRSC VIC MODEL
Uttarakhand,Rudra Prayag,2024-09-06,2024,09,8.8269032206,NRSC VIC MODEL
Uttarakhand,Rudra Prayag,2024-09-13,2024,09,14.3056120032,NRSC VIC MODEL
Uttarakhand,Rudra Prayag,2024-09-22,2024,09,1.2395537587,NRSC VIC MODEL
Uttarakhand,Rudra Prayag,2024-09-26,2024,09,11.3240238641,NRSC VIC MODEL
Uttarakhand,Rudra Prayag,2024-09-28,2024,09,3.3743509502,NRSC VIC MODEL
Uttarakhand,Rudra Prayag,2024-10-02,2024,10,0.7845959539,NRSC VIC MODEL
Uttarakhand,Rudra Prayag,2024-10-03,2024,10,1.4048161313,NRSC VIC MODEL
Uttarakhand,Rudra Prayag,2024-10-05,2024,10,0.8565047068,NRSC VIC MODEL
Uttarakhand,Rudra Prayag,2024-10-07,2024,10,0.3534409741,NRSC VIC MODEL
Uttarakhand,Rudra Prayag,2024-10-08,2024,10,0.303902112,NRSC VIC MODEL
Uttarakhand,Rudra Prayag,2024-10-12,2024,10,0,NRSC VIC MODEL
Uttarakhand,Rudra Prayag,2024-10-15,2024,10,0.0489261907,NRSC VIC MODEL
Uttarakhand,Rudra Prayag,2024-10-18,2024,10,1.1112613122,NRSC VIC MODEL
Uttarakhand,Rudra Prayag,2024-10-19,2024,10,1.839906329,NRSC VIC MODEL
Uttarakhand,Rudra Prayag,2024-10-22,2024,10,0.4124988547,NRSC VIC MODEL
Uttarakhand,Rudra Prayag,2024-10-24,2024,10,0,NRSC VIC MODEL
Uttarakhand,Rudra Prayag,2024-10-27,2024,10,0,NRSC VIC MODEL
Uttarakhand,Rudra Prayag,2024-11-10,2024,11,0.2015093171,NRSC VIC MODEL
Uttarakhand,Rudra Prayag,2024-11-11,2024,11,0.5732499762,NRSC VIC MODEL
Uttarakhand,Rudra Prayag,2024-11-19,2024,11,0,NRSC VIC MODEL
Uttarakhand,Rudra Prayag,2024-11-24,2024,11,0,NRSC VIC MODEL
Uttarakhand,Rudra Prayag,2024-11-27,2024,11,0.0024769009,NRSC VIC MODEL
Uttarakhand,Rudra Prayag,2024-12-05,2024,12,0,NRSC VIC MODEL
Uttarakhand,Rudra Prayag,2024-12-15,2024,12,0,NRSC VIC MODEL
Uttarakhand,Rudra Prayag,2024-12-19,2024,12,0.2550696326,NRSC VIC MODEL
Uttarakhand,Rudra Prayag,2024-12-20,2024,12,0,NRSC VIC MODEL
Uttarakhand,Rudra Prayag,2024-12-22,2024,12,0,NRSC VIC MODEL
Uttarakhand,Rudra Prayag,2024-12-24,2024,12,1.1502079111,NRSC VIC MODEL
Uttarakhand,Rudra Prayag,2024-12-26,2024,12,0,NRSC VIC MODEL
Uttarakhand,Tehri Garhwal,2024-01-01,2024,01,1.2097981386,NRSC VIC MODEL
Uttarakhand,Tehri Garhwal,2024-01-06,2024,01,0.000261323,NRSC VIC MODEL
Uttarakhand,Tehri Garhwal,2024-01-08,2024,01,0,NRSC VIC MODEL
Uttarakhand,Tehri Garhwal,2024-01-12,2024,01,0,NRSC VIC MODEL
Uttarakhand,Tehri Garhwal,2024-01-14,2024,01,0,NRSC VIC MODEL
Uttarakhand,Tehri Garhwal,2024-01-15,2024,01,0,NRSC VIC MODEL
Uttarakhand,Tehri Garhwal,2024-01-16,2024,01,0,NRSC VIC MODEL
Uttarakhand,Tehri Garhwal,2024-02-03,2024,02,0.3086639664,NRSC VIC MODEL
Uttarakhand,Tehri Garhwal,2024-02-05,2024,02,16.2537627237,NRSC VIC MODEL
Uttarakhand,Tehri Garhwal,2024-02-10,2024,02,0,NRSC VIC MODEL
Uttarakhand,Tehri Garhwal,2024-02-11,2024,02,0,NRSC VIC MODEL
Uttarakhand,Tehri Garhwal,2024-02-12,2024,02,0,NRSC VIC MODEL
Uttarakhand,Tehri Garhwal,2024-02-27,2024,02,0.1185703579,NRSC VIC MODEL
Uttarakhand,Tehri Garhwal,2024-03-08,2024,03,0.0779273021,NRSC VIC MODEL
Uttarakhand,Tehri Garhwal,2024-03-12,2024,03,0.0194682906,NRSC VIC MODEL
Uttarakhand,Tehri Garhwal,2024-03-13,2024,03,0.0925574344,NRSC VIC MODEL
Uttarakhand,Tehri Garhwal,2024-03-14,2024,03,0.2005332182,NRSC VIC MODEL
Uttarakhand,Tehri Garhwal,2024-03-29,2024,03,0.0002357921,NRSC VIC MODEL
Uttarakhand,Tehri Garhwal,2024-03-31,2024,03,3.7427953391,NRSC VIC MODEL
Uttarakhand,Tehri Garhwal,2024-04-13,2024,04,1.4945199149,NRSC VIC MODEL
Uttarakhand,Tehri Garhwal,2024-04-17,2024,04,0,NRSC VIC MODEL
Uttarakhand,Tehri Garhwal,2024-04-26,2024,04,0,NRSC VIC MODEL
Uttarakhand,Tehri Garhwal,2024-04-28,2024,04,3.3580681052,NRSC VIC MODEL
Uttarakhand,Tehri Garhwal,2024-05-04,2024,05,0.1829636019,NRSC VIC MODEL
Uttarakhand,Tehri Garhwal,2024-05-18,2024,05,0.7791776174,NRSC VIC MODEL
Uttarakhand,Tehri Garhwal,2024-05-19,2024,05,0.9177231566,NRSC VIC MODEL
Uttarakhand,Tehri Garhwal,2024-05-25,2024,05,0.0006800299,NRSC VIC MODEL
Uttarakhand,Tehri Garhwal,2024-05-28,2024,05,0.0141147571,NRSC VIC MODEL
Uttarakhand,Tehri Garhwal,2024-06-03,2024,06,0.0231262988,NRSC VIC MODEL
Uttarakhand,Tehri Garhwal,2024-06-07,2024,06,0.0300678934,NRSC VIC MODEL
Uttarakhand,Tehri Garhwal,2024-06-11,2024,06,0.0262534482,NRSC VIC MODEL
Uttarakhand,Tehri Garhwal,2024-07-03,2024,07,13.9605520621,NRSC VIC MODEL
Uttarakhand,Tehri Garhwal,2024-07-05,2024,07,36.0863373317,NRSC VIC MODEL
Uttarakhand,Tehri Garhwal,2024-07-09,2024,07,0.1860792894,NRSC VIC MODEL
Uttarakhand,Tehri Garhwal,2024-07-22,2024,07,24.1993240569,NRSC VIC MODEL
Uttarakhand,Tehri Garhwal,2024-07-26,2024,07,10.4238191781,NRSC VIC MODEL
Uttarakhand,Tehri Garhwal,2024-07-30,2024,07,14.0690606925,NRSC VIC MODEL
Uttarakhand,Tehri Garhwal,2024-08-05,2024,08,8.8653811777,NRSC VIC MODEL
Uttarakhand,Tehri Garhwal,2024-08-06,2024,08,11.3123831249,NRSC VIC MODEL
Uttarakhand,Tehri Garhwal,2024-08-08,2024,08,7.6771864398,NRSC VIC MODEL
Uttarakhand,Tehri Garhwal,2024-08-10,2024,08,26.3589441645,NRSC VIC MODEL
Uttarakhand,Tehri Garhwal,2024-08-12,2024,08,15.720168106,NRSC VIC MODEL
Uttarakhand,Tehri Garhwal,2024-08-19,2024,08,30.1619041226,NRSC VIC MODEL
Uttarakhand,Tehri Garhwal,2024-08-20,2024,08,18.698895291,NRSC VIC MODEL
Uttarakhand,Tehri Garhwal,2024-08-28,2024,08,12.4819693505,NRSC VIC MODEL
Uttarakhand,Tehri Garhwal,2024-09-08,2024,09,0.6369241783,NRSC VIC MODEL
Uttarakhand,Tehri Garhwal,2024-09-15,2024,09,2.1132546299,NRSC VIC MODEL
Uttarakhand,Tehri Garhwal,2024-09-19,2024,09,0.0566481889,NRSC VIC MODEL
Uttarakhand,Tehri Garhwal,2024-09-20,2024,09,0.1822323375,NRSC VIC MODEL
Uttarakhand,Tehri Garhwal,2024-10-13,2024,10,0,NRSC VIC MODEL
Uttarakhand,Tehri Garhwal,2024-10-19,2024,10,1.1830571263,NRSC VIC MODEL
Uttarakhand,Tehri Garhwal,2024-10-21,2024,10,0,NRSC VIC MODEL
Uttarakhand,Tehri Garhwal,2024-10-23,2024,10,0.208210256,NRSC VIC MODEL
Uttarakhand,Tehri Garhwal,2024-10-26,2024,10,0.004704919,NRSC VIC MODEL
Uttarakhand,Tehri Garhwal,2024-10-27,2024,10,0,NRSC VIC MODEL
Uttarakhand,Tehri Garhwal,2024-11-06,2024,11,0.0159531363,NRSC VIC MODEL
Uttarakhand,Tehri Garhwal,2024-11-13,2024,11,0,NRSC VIC MODEL
Uttarakhand,Tehri Garhwal,2024-11-14,2024,11,0,NRSC VIC MODEL
Uttarakhand,Tehri Garhwal,2024-11-15,2024,11,0,NRSC VIC MODEL
Uttarakhand,Tehri Garhwal,2024-11-22,2024,11,0.1927027913,NRSC VIC MODEL
Uttarakhand,Tehri Garhwal,2024-11-23,2024,11,0.0522258227,NRSC VIC MODEL
Uttarakhand,Tehri Garhwal,2024-11-27,2024,11,0.0056510366,NRSC VIC MODEL
Uttarakhand,Tehri Garhwal,2024-11-30,2024,11,0.046719907,NRSC VIC MODEL
Uttarakhand,Tehri Garhwal,2024-12-01,2024,12,0.4199886655,NRSC VIC MODEL
Uttarakhand,Tehri Garhwal,2024-12-03,2024,12,0,NRSC VIC MODEL
Uttarakhand,Tehri Garhwal,2024-12-05,2024,12,1.40438e-05,NRSC VIC MODEL
Uttarakhand,Tehri Garhwal,2024-12-06,2024,12,0,NRSC VIC MODEL
Uttarakhand,Tehri Garhwal,2024-12-10,2024,12,0.0523916404,NRSC VIC MODEL
Uttarakhand,Tehri Garhwal,2024-12-16,2024,12,0,NRSC VIC MODEL
Uttarakhand,Tehri Garhwal,2024-12-25,2024,12,0.6374500965,NRSC VIC MODEL
Uttarakhand,Tehri Garhwal,2024-12-27,2024,12,0.0003815262,NRSC VIC MODEL
Uttarakhand,Udam Singh Nagar,2024-01-02,2024,01,4.04664e-05,NRSC VIC MODEL
Uttarakhand,Udam Singh Nagar,2024-01-11,2024,01,0,NRSC VIC MODEL
Uttarakhand,Udam Singh Nagar,2024-01-20,2024,01,0,NRSC VIC MODEL
Uttarakhand,Udam Singh Nagar,2024-01-21,2024,01,0,NRSC VIC MODEL
Uttarakhand,Udam Singh Nagar,2024-01-24,2024,01,0,NRSC VIC MODEL
Uttarakhand,Udam Singh Nagar,2024-01-27,2024,01,0,NRSC VIC MODEL
Uttarakhand,Udam Singh Nagar,2024-02-03,2024,02,0.3601972965,NRSC VIC MODEL
Uttarakhand,Udam Singh Nagar,2024-02-09,2024,02,0,NRSC VIC MODEL
Uttarakhand,Udam Singh Nagar,2024-02-14,2024,02,0.0025478937,NRSC VIC MODEL
Uttarakhand,Udam Singh Nagar,2024-02-16,2024,02,0,NRSC VIC MODEL
Uttarakhand,Udam Singh Nagar,2024-02-17,2024,02,0.0250684756,NRSC VIC MODEL
Uttarakhand,Udam Singh Nagar,2024-02-21,2024,02,0.0040881688,NRSC VIC MODEL
Uttarakhand,Udam Singh Nagar,2024-03-05,2024,03,1.44648e-05,NRSC VIC MODEL
Uttarakhand,Udam Singh Nagar,2024-03-06,2024,03,0,NRSC VIC MODEL
Uttarakhand,Udam Singh Nagar,2024-03-10,2024,03,0.024476933,NRSC VIC MODEL
Uttarakhand,Udam Singh Nagar,2024-03-12,2024,03,0,NRSC VIC MODEL
Uttarakhand,Udam Singh Nagar,2024-03-13,2024,03,0,NRSC VIC MODEL
Uttarakhand,Udam Singh Nagar,2024-03-14,2024,03,0,NRSC VIC MODEL
Uttarakhand,Udam Singh Nagar,2024-03-22,2024,03,0,NRSC VIC MODEL
Uttarakhand,Udam Singh Nagar,2024-03-24,2024,03,0,NRSC VIC MODEL
Uttarakhand,Udam Singh Nagar,2024-03-26,2024,03,0,NRSC VIC MODEL
Uttarakhand,Udam Singh Nagar,2024-03-28,2024,03,0,NRSC VIC MODEL
Uttarakhand,Udam Singh Nagar,2024-04-08,2024,04,0.0249866204,NRSC VIC MODEL
Uttarakhand,Udam Singh Nagar,2024-04-14,2024,04,0,NRSC VIC MODEL
Uttarakhand,Udam Singh Nagar,2024-04-17,2024,04,0,NRSC VIC MODEL
Uttarakhand,Udam Singh Nagar,2024-04-20,2024,04,0,NRSC VIC MODEL
Uttarakhand,Udam Singh Nagar,2024-04-22,2024,04,0.089370433,NRSC VIC MODEL
Uttarakhand,Udam Singh Nagar,2024-04-29,2024,04,0,NRSC VIC MODEL
Uttarakhand,Udam Singh Nagar,2024-05-06,2024,05,0.0017432957,NRSC VIC MODEL
Uttarakhand,Udam Singh Nagar,2024-05-07,2024,05,0.0163310532,NRSC VIC MODEL
Uttarakhand,Udam Singh Nagar,2024-05-09,2024,05,0.2351276536,NRSC VIC MODEL
Uttarakhand,Udam Singh Nagar,2024-05-21,2024,05,0.3984303086,NRSC VIC MODEL
Uttarakhand,Udam Singh Nagar,2024-06-07,2024,06,0,NRSC VIC MODEL
Uttarakhand,Udam Singh Nagar,2024-06-12,2024,06,0,NRSC VIC MODEL
Uttarakhand,Udam Singh Nagar,2024-06-17,2024,06,0.0003864157,NRSC VIC MODEL
Uttarakhand,Udam Singh Nagar,2024-06-18,2024,06,0,NRSC VIC MODEL
Uttarakhand,Udam Singh Nagar,2024-06-19,2024,06,7.7887e-06,NRSC VIC MODEL
Uttarakhand,Udam Singh Nagar,2024-06-24,2024,06,3.6179857268,NRSC VIC MODEL
Uttarakhand,Udam Singh Nagar,2024-06-27,2024,06,41.7117903908,NRSC VIC MODEL
Uttarakhand,Udam Singh Nagar,2024-07-09,2024,07,42.1190697046,NRSC VIC MODEL
Uttarakhand,Udam Singh Nagar,2024-07-16,2024,07,0.1949192739,NRSC VIC MODEL
Uttarakhand,Udam Singh Nagar,2024-07-18,2024,07,1.2427172909,NRSC VIC MODEL
Uttarakhand,Udam Singh Nagar,2024-07-20,2024,07,0.0661374488,NRSC VIC MODEL
Uttarakhand,Udam Singh Nagar,2024-07-22,2024,07,18.1159681129,NRSC VIC MODEL
Uttarakhand,Udam Singh Nagar,2024-08-02,2024,08,18.1990270824,NRSC VIC MODEL
Uttarakhand,Dehradun,2024-08-27,2024,08,8.7361018846,NRSC VIC MODEL
Uttarakhand,Dehradun,2024-08-30,2024,08,3.8454234578,NRSC VIC MODEL
Uttarakhand,Dehradun,2024-09-07,2024,09,6.9516003634,NRSC VIC MODEL
Uttarakhand,Dehradun,2024-09-09,2024,09,8.5773412724,NRSC VIC MODEL
Uttarakhand,Dehradun,2024-09-13,2024,09,7.7354680881,NRSC VIC MODEL
Uttarakhand,Dehradun,2024-09-16,2024,09,0.1213388949,NRSC VIC MODEL
Uttarakhand,Dehradun,2024-09-26,2024,09,16.6101685318,NRSC VIC MODEL
Uttarakhand,Dehradun,2024-09-27,2024,09,7.5623005371,NRSC VIC MODEL
Uttarakhand,Dehradun,2024-10-07,2024,10,0,NRSC VIC MODEL
Uttarakhand,Dehradun,2024-10-14,2024,10,0,NRSC VIC MODEL
Uttarakhand,Dehradun,2024-10-19,2024,10,0.6209723586,NRSC VIC MODEL
Uttarakhand,Dehradun,2024-10-28,2024,10,0,NRSC VIC MODEL
Uttarakhand,Dehradun,2024-10-31,2024,10,0,NRSC VIC MODEL
Uttarakhand,Dehradun,2024-11-02,2024,11,0,NRSC VIC MODEL
Uttarakhand,Dehradun,2024-11-07,2024,11,0,NRSC VIC MODEL
Uttarakhand,Dehradun,2024-11-15,2024,11,0,NRSC VIC MODEL
Uttarakhand,Dehradun,2024-11-19,2024,11,0,NRSC VIC MODEL
Uttarakhand,Dehradun,2024-12-02,2024,12,0.0003677689,NRSC VIC MODEL
Uttarakhand,Dehradun,2024-12-09,2024,12,1.2418992905,NRSC VIC MODEL
Uttarakhand,Dehradun,2024-12-13,2024,12,0,NRSC VIC MODEL
Uttarakhand,Dehradun,2024-12-16,2024,12,0,NRSC VIC MODEL
Uttarakhand,Dehradun,2024-12-19,2024,12,0,NRSC VIC MODEL
Uttarakhand,Dehradun,2024-12-22,2024,12,0,NRSC VIC MODEL
Uttarakhand,Dehradun,2024-12-24,2024,12,3.3073184907,NRSC VIC MODEL
Uttarakhand,Dehradun,2024-12-25,2024,12,0.1163683786,NRSC VIC MODEL
Uttarakhand,Dehradun,2024-12-30,2024,12,0.0199763627,NRSC VIC MODEL
Uttarakhand,Dehradun,2024-12-31,2024,12,2.37395e-05,NRSC VIC MODEL
Uttarakhand,Haridwar,2024-01-03,2024,01,0,NRSC VIC MODEL
Uttarakhand,Haridwar,2024-01-04,2024,01,0,NRSC VIC MODEL
Uttarakhand,Haridwar,2024-01-06,2024,01,0.2014864905,NRSC VIC MODEL
Uttarakhand,Haridwar,2024-01-18,2024,01,0,NRSC VIC MODEL
Uttarakhand,Haridwar,2024-01-31,2024,01,0,NRSC VIC MODEL
Uttarakhand,Haridwar,2024-02-06,2024,02,0.0455509577,NRSC VIC MODEL
Uttarakhand,Haridwar,2024-02-10,2024,02,0,NRSC VIC MODEL
Uttarakhand,Haridwar,2024-02-11,2024,02,0,NRSC VIC MODEL
Uttarakhand,Haridwar,2024-02-12,2024,02,0,NRSC VIC MODEL
Uttarakhand,Haridwar,2024-02-20,2024,02,1.5990074377,NRSC VIC MODEL
Uttarakhand,Haridwar,2024-02-21,2024,02,0.001230182,NRSC VIC MODEL
Uttarakhand,Haridwar,2024-02-22,2024,02,0.2014864905,NRSC VIC MODEL
Uttarakhand,Haridwar,2024-02-23,2024,02,0.0001872091,NRSC VIC MODEL
Uttarakhand,Haridwar,2024-02-29,2024,02,0,NRSC VIC MODEL
Uttarakhand,Haridwar,2024-03-02,2024,03,0.9611111216,NRSC VIC MODEL
Uttarakhand,Haridwar,2024-03-18,2024,03,0,NRSC VIC MODEL
Uttarakhand,Haridwar,2024-03-20,2024,03,0.0121547755,NRSC VIC MODEL
Uttarakhand,Haridwar,2024-03-24,2024,03,0,NRSC VIC MODEL
Uttarakhand,Haridwar,2024-04-04,2024,04,0.0297822883,NRSC VIC MODEL
Uttarakhand,Haridwar,2024-04-09,2024,04,0,NRSC VIC MODEL
Uttarakhand,Haridwar,2024-04-23,2024,04,0,NRSC VIC MODEL
Uttarakhand,Haridwar,2024-05-01,2024,05,0,NRSC VIC MODEL
Uttarakhand,Haridwar,2024-05-05,2024,05,0,NRSC VIC MODEL
Uttarakhand,Haridwar,2024-05-16,2024,05,0.0072008373,NRSC VIC MODEL
Uttarakhand,Haridwar,2024-05-17,2024,05,0,NRSC VIC MODEL
Uttarakhand,Haridwar,2024-05-21,2024,05,0.0005272208,NRSC VIC MODEL
Uttarakhand,Haridwar,2024-05-22,2024,05,0,NRSC VIC MODEL
Uttarakhand,Haridwar,2024-05-26,2024,05,0.0002410305,NRSC VIC MODEL
Uttarakhand,Haridwar,2024-05-31,2024,05,0,NRSC VIC MODEL
Uttarakhand,Haridwar,2024-06-02,2024,06,1.5052385168,NRSC VIC MODEL
Uttarakhand,Haridwar,2024-06-03,2024,06,0,NRSC VIC MODEL
Uttarakhand,Haridwar,2024-06-09,2024,06,0,NRSC VIC MODEL
Uttarakhand,Haridwar,2024-06-10,2024,06,0,NRSC VIC MODEL
Uttarakhand,Haridwar,2024-06-16,2024,06,0,NRSC VIC MODEL
Uttarakhand,Haridwar,2024-06-17,2024,06,0,NRSC VIC MODEL
Uttarakhand,Haridwar,2024-06-22,2024,06,1.611319853,NRSC VIC MODEL
Uttarakhand,Haridwar,2024-06-24,2024,06,0.1184915583,NRSC VIC MODEL
Uttarakhand,Haridwar,2024-06-25,2024,06,2.6864732578,NRSC VIC MODEL
Uttarakhand,Haridwar,2024-06-29,2024,06,11.6228591076,NRSC VIC MODEL
Uttarakhand,Haridwar,2024-07-04,2024,07,1.5397092581,NRSC VIC MODEL
Uttarakhand,Haridwar,2024-07-05,2024,07,3.6875011658,NRSC VIC MODEL
Uttarakhand,Haridwar,2024-07-07,2024,07,15.0989824508,NRSC VIC MODEL
Uttarakhand,Haridwar,2024-07-17,2024,07,17.7395304389,NRSC VIC MODEL
Uttarakhand,Haridwar,2024-07-21,2024,07,0.392191799,NRSC VIC MODEL
Uttarakhand,Haridwar,2024-07-25,2024,07,0.0096912711,NRSC VIC MODEL
Uttarakhand,Haridwar,2024-08-01,2024,08,6.5814492887,NRSC VIC MODEL
Uttarakhand,Haridwar,2024-08-02,2024,08,13.9858472682,NRSC VIC MODEL
Uttarakhand,Haridwar,2024-08-03,2024,08,9.0096284857,NRSC VIC MODEL
Uttarakhand,Haridwar,2024-08-08,2024,08,10.4058365191,NRSC VIC MODEL
Uttarakhand,Haridwar,2024-08-12,2024,08,40.0369808704,NRSC VIC MODEL
Uttarakhand,Haridwar,2024-08-16,2024,08,14.6290757439,NRSC VIC MODEL
Uttarakhand,Haridwar,2024-08-19,2024,08,32.922844214,NRSC VIC MODEL
Uttarakhand,Haridwar,2024-08-21,2024,08,7.7422842107,NRSC VIC MODEL
Uttarakhand,Haridwar,2024-08-31,2024,08,0.0681125983,NRSC VIC MODEL
Uttarakhand,Haridwar,2024-09-02,2024,09,9.199742267,NRSC VIC MODEL
Uttarakhand,Haridwar,2024-09-03,2024,09,3.6937611767,NRSC VIC MODEL
Uttarakhand,Haridwar,2024-09-05,2024,09,8.1930833911,NRSC VIC MODEL
Uttarakhand,Haridwar,2024-09-14,2024,09,0.4847952414,NRSC VIC MODEL
Uttarakhand,Haridwar,2024-09-19,2024,09,0.0005242289,NRSC VIC MODEL
Uttarakhand,Haridwar,2024-09-21,2024,09,0.3372812754,NRSC VIC MODEL
Uttarakhand,Haridwar,2024-09-27,2024,09,6.2343349111,NRSC VIC MODEL
Uttarakhand,Haridwar,2024-10-05,2024,10,0,NRSC VIC MODEL
Uttarakhand,Haridwar,2024-10-13,2024,10,0,NRSC VIC MODEL
Uttarakhand,Haridwar,2024-10-17,2024,10,0.2021628602,NRSC VIC MODEL
Uttarakhand,Haridwar,2024-10-23,2024,10,0.0001757403,NRSC VIC MODEL
Uttarakhand,Haridwar,2024-10-30,2024,10,0,NRSC VIC MODEL
Uttarakhand,Haridwar,2024-11-22,2024,11,0,NRSC VIC MODEL
Uttarakhand,Haridwar,2024-12-01,2024,12,0,NRSC VIC MODEL
Uttarakhand,Haridwar,2024-12-05,2024,12,0,NRSC VIC MODEL
Uttarakhand,Haridwar,2024-12-15,2024,12,0,NRSC VIC MODEL
Uttarakhand,Haridwar,2024-12-19,2024,12,0,NRSC VIC MODEL
Uttarakhand,Haridwar,2024-12-22,2024,12,0,NRSC VIC MODEL
Uttarakhand,Haridwar,2024-12-25,2024,12,0.0021862039,NRSC VIC MODEL
Uttarakhand,Haridwar,2024-12-30,2024,12,0,NRSC VIC MODEL
Uttarakhand,Nainital,2024-01-05,2024,01,0,NRSC VIC MODEL
Uttarakhand,Nainital,2024-01-11,2024,01,0,NRSC VIC MODEL
Uttarakhand,Nainital,2024-01-16,2024,01,0,NRSC VIC MODEL
Uttarakhand,Nainital,2024-01-17,2024,01,0,NRSC VIC MODEL
Uttarakhand,Nainital,2024-01-19,2024,01,0.0063997385,NRSC VIC MODEL
Uttarakhand,Nainital,2024-01-31,2024,01,0,NRSC VIC MODEL
Uttarakhand,Nainital,2024-02-01,2024,02,7.5909735436,NRSC VIC MODEL
Uttarakhand,Nainital,2024-02-05,2024,02,3.6469669812,NRSC VIC MODEL
Uttarakhand,Nainital,2024-02-07,2024,02,0,NRSC VIC MODEL
Uttarakhand,Nainital,2024-02-16,2024,02,0.0001726312,NRSC VIC MODEL
Uttarakhand,Nainital,2024-02-19,2024,02,0.247988963,NRSC VIC MODEL
Uttarakhand,Nainital,2024-02-20,2024,02,2.4030092299,NRSC VIC MODEL
Uttarakhand,Nainital,2024-02-24,2024,02,0.0028709774,NRSC VIC MODEL
Uttarakhand,Nainital,2024-02-28,2024,02,2.6550662006,NRSC VIC MODEL
Uttarakhand,Nainital,2024-03-06,2024,03,0,NRSC VIC MODEL
Uttarakhand,Nainital,2024-03-18,2024,03,0,NRSC VIC MODEL
Uttarakhand,Nainital,2024-03-26,2024,03,0,NRSC VIC MODEL
Uttarakhand,Nainital,2024-04-03,2024,04,0.000315396,NRSC VIC MODEL
Uttarakhand,Nainital,2024-04-05,2024,04,0,NRSC VIC MODEL
Uttarakhand,Nainital,2024-04-09,2024,04,0.0002871055,NRSC VIC MODEL
Uttarakhand,Nainital,2024-04-12,2024,04,0.5736726802,NRSC VIC MODEL
Uttarakhand,Nainital,2024-04-14,2024,04,0,NRSC VIC MODEL
Uttarakhand,Nainital,2024-04-24,2024,04,0.0873172611,NRSC VIC MODEL
Uttarakhand,Nainital,2024-05-02,2024,05,0.001582674,NRSC VIC MODEL
Uttarakhand,Nainital,2024-05-18,2024,05,5.40864e-05,NRSC VIC MODEL
Uttarakhand,Nainital,2024-05-21,2024,05,0.330129782,NRSC VIC MODEL
Uttarakhand,Nainital,2024-05-23,2024,05,1.8489351178,NRSC VIC MODEL
Uttarakhand,Nainital,2024-06-07,2024,06,0,NRSC VIC MODEL
Uttarakhand,Nainital,2024-06-08,2024,06,0,NRSC VIC MODEL
Uttarakhand,Nainital,2024-06-09,2024,06,0,NRSC VIC MODEL
Uttarakhand,Nainital,2024-06-23,2024,06,4.2667116029,NRSC VIC MODEL
Uttarakhand,Nainital,2024-06-24,2024,06,2.3956244949,NRSC VIC MODEL
Uttarakhand,Nainital,2024-07-06,2024,07,36.6970967022,NRSC VIC MODEL
Uttarakhand,Nainital,2024-07-23,2024,07,6.4876812817,NRSC VIC MODEL
Uttarakhand,Nainital,2024-07-28,2024,07,1.3425417941,NRSC VIC MODEL
Uttarakhand,Nainital,2024-07-29,2024,07,1.0757911953,NRSC VIC MODEL
Uttarakhand,Nainital,2024-08-10,2024,08,8.5877895651,NRSC VIC MODEL
Uttarakhand,Nainital,2024-08-13,2024,08,4.8110940736,NRSC VIC MODEL
Uttarakhand,Nainital,2024-08-26,2024,08,11.7498667476,NRSC VIC MODEL
Uttarakhand,Nainital,2024-09-05,2024,09,9.1577968951,NRSC VIC MODEL
Uttarakhand,Nainital,2024-09-12,2024,09,107.0073383956,NRSC VIC MODEL
Uttarakhand,Nainital,2024-09-13,2024,09,30.6056277545,NRSC VIC MODEL
Uttarakhand,Nainital,2024-09-26,2024,09,21.588820813,NRSC VIC MODEL
Uttarakhand,Nainital,2024-09-29,2024,09,0.6220313717,NRSC VIC MODEL
Uttarakhand,Nainital,2024-10-04,2024,10,0.7345519793,NRSC VIC MODEL
Uttarakhand,Nainital,2024-10-05,2024,10,0.2817287546,NRSC VIC MODEL
Uttarakhand,Nainital,2024-10-07,2024,10,0.6559291183,NRSC VIC MODEL
Uttarakhand,Nainital,2024-10-08,2024,10,0.2896133611,NRSC VIC MODEL
Uttarakhand,Nainital,2024-10-13,2024,10,0,NRSC VIC MODEL
Uttarakhand,Nainital,2024-10-24,2024,10,0,NRSC VIC MODEL
Uttarakhand,Nainital,2024-10-30,2024,10,0,NRSC VIC MODEL
Uttarakhand,Nainital,2024-10-31,2024,10,0,NRSC VIC MODEL
Uttarakhand,Nainital,2024-11-01,2024,11,0.018230379,NRSC VIC MODEL
Uttarakhand,Nainital,2024-11-04,2024,11,0,NRSC VIC MODEL
Uttarakhand,Nainital,2024-11-05,2024,11,0,NRSC VIC MODEL
Uttarakhand,Nainital,2024-11-08,2024,11,0.0052640243,NRSC VIC MODEL
Uttarakhand,Rudra Prayag,2024-07-24,2024,07,5.5725371191,NRSC VIC MODEL
Uttarakhand,Rudra Prayag,2024-07-25,2024,07,0,NRSC VIC MODEL
Uttarakhand,Rudra Prayag,2024-07-27,2024,07,39.9597850814,NRSC VIC MODEL
Uttarakhand,Rudra Prayag,2024-08-01,2024,08,8.65644458,NRSC VIC MODEL
Uttarakhand,Rudra Prayag,2024-08-02,2024,08,19.8784043647,NRSC VIC MODEL
Uttarakhand,Rudra Prayag,2024-08-13,2024,08,6.1290617492,NRSC VIC MODEL
Uttarakhand,Rudra Prayag,2024-08-14,2024,08,16.1929667897,NRSC VIC MODEL
Uttarakhand,Rudra Prayag,2024-08-15,2024,08,19.5710396666,NRSC VIC MODEL
Uttarakhand,Rudra Prayag,2024-08-16,2024,08,17.0895667639,NRSC VIC MODEL
Uttarakhand,Rudra Prayag,2024-09-03,2024,09,7.1760682335,NRSC VIC MODEL
Uttarakhand,Rudra Prayag,2024-09-10,2024,09,9.509046693,NRSC VIC MODEL
Uttarakhand,Rudra Prayag,2024-09-18,2024,09,8.6884213239,NRSC VIC MODEL
Uttarakhand,Rudra Prayag,2024-09-19,2024,09,0.2284110118,NRSC VIC MODEL
Uttarakhand,Rudra Prayag,2024-09-21,2024,09,3.8880991024,NRSC VIC MODEL
Uttarakhand,Rudra Prayag,2024-09-23,2024,09,3.588555373,NRSC VIC MODEL
Uttarakhand,Rudra Prayag,2024-10-04,2024,10,1.1771861752,NRSC VIC MODEL
Uttarakhand,Rudra Prayag,2024-10-13,2024,10,0,NRSC VIC MODEL
Uttarakhand,Rudra Prayag,2024-10-16,2024,10,0.4932376047,NRSC VIC MODEL
Uttarakhand,Rudra Prayag,2024-11-02,2024,11,0,NRSC VIC MODEL
Uttarakhand,Rudra Prayag,2024-11-04,2024,11,0,NRSC VIC MODEL
Uttarakhand,Rudra Prayag,2024-11-06,2024,11,0.0291670044,NRSC VIC MODEL
Uttarakhand,Rudra Prayag,2024-11-20,2024,11,0,NRSC VIC MODEL
Uttarakhand,Rudra Prayag,2024-11-22,2024,11,0.6891881983,NRSC VIC MODEL
Uttarakhand,Rudra Prayag,2024-11-28,2024,11,0,NRSC VIC MODEL
Uttarakhand,Rudra Prayag,2024-11-30,2024,11,0.0147062021,NRSC VIC MODEL
Uttarakhand,Rudra Prayag,2024-12-03,2024,12,0.0290291718,NRSC VIC MODEL
Uttarakhand,Rudra Prayag,2024-12-09,2024,12,0.1052459326,NRSC VIC MODEL
Uttarakhand,Rudra Prayag,2024-12-10,2024,12,0.0094976207,NRSC VIC MODEL
Uttarakhand,Rudra Prayag,2024-12-18,2024,12,0,NRSC VIC MODEL
Uttarakhand,Rudra Prayag,2024-12-27,2024,12,0,NRSC VIC MODEL
Uttarakhand,Rudra Prayag,2024-12-30,2024,12,0.2626452877,NRSC VIC MODEL
Uttarakhand,Tehri Garhwal,2024-01-04,2024,01,0,NRSC VIC MODEL
Uttarakhand,Tehri Garhwal,2024-01-21,2024,01,0,NRSC VIC MODEL
Uttarakhand,Tehri Garhwal,2024-01-22,2024,01,0,NRSC VIC MODEL
Uttarakhand,Tehri Garhwal,2024-01-28,2024,01,0,NRSC VIC MODEL
Uttarakhand,Tehri Garhwal,2024-01-31,2024,01,7.4404e-06,NRSC VIC MODEL
Uttarakhand,Tehri Garhwal,2024-02-09,2024,02,0,NRSC VIC MODEL
Uttarakhand,Tehri Garhwal,2024-02-17,2024,02,0,NRSC VIC MODEL
Uttarakhand,Tehri Garhwal,2024-02-21,2024,02,2.3149006757,NRSC VIC MODEL
Uttarakhand,Tehri Garhwal,2024-02-23,2024,02,0.0239336687,NRSC VIC MODEL
Uttarakhand,Tehri Garhwal,2024-02-24,2024,02,0.0318239281,NRSC VIC MODEL
Uttarakhand,Tehri Garhwal,2024-03-01,2024,03,0,NRSC VIC MODEL
Uttarakhand,Tehri Garhwal,2024-03-09,2024,03,0,NRSC VIC MODEL
Uttarakhand,Tehri Garhwal,2024-03-17,2024,03,0,NRSC VIC MODEL
Uttarakhand,Tehri Garhwal,2024-03-19,2024,03,0.1452391454,NRSC VIC MODEL
Uttarakhand,Tehri Garhwal,2024-03-22,2024,03,0.0003622447,NRSC VIC MODEL
Uttarakhand,Tehri Garhwal,2024-04-03,2024,04,0,NRSC VIC MODEL
Uttarakhand,Tehri Garhwal,2024-04-05,2024,04,0,NRSC VIC MODEL
Uttarakhand,Tehri Garhwal,2024-04-12,2024,04,3.2485914126,NRSC VIC MODEL
Uttarakhand,Tehri Garhwal,2024-04-18,2024,04,0.0210269496,NRSC VIC MODEL
Uttarakhand,Tehri Garhwal,2024-04-20,2024,04,0.3162103563,NRSC VIC MODEL
Uttarakhand,Tehri Garhwal,2024-04-21,2024,04,0.0593616208,NRSC VIC MODEL
Uttarakhand,Tehri Garhwal,2024-04-22,2024,04,0.0045492909,NRSC VIC MODEL
Uttarakhand,Tehri Garhwal,2024-04-23,2024,04,2.52583e-05,NRSC VIC MODEL
Uttarakhand,Tehri Garhwal,2024-04-29,2024,04,0.0551124446,NRSC VIC MODEL
Uttarakhand,Tehri Garhwal,2024-05-01,2024,05,0.0256424187,NRSC VIC MODEL
Uttarakhand,Tehri Garhwal,2024-05-05,2024,05,0.0360291068,NRSC VIC MODEL
Uttarakhand,Tehri Garhwal,2024-05-09,2024,05,6.7844007307,NRSC VIC MODEL
Uttarakhand,Tehri Garhwal,2024-05-15,2024,05,0.0565014337,NRSC VIC MODEL
Uttarakhand,Tehri Garhwal,2024-05-24,2024,05,3.5189624315,NRSC VIC MODEL
Uttarakhand,Tehri Garhwal,2024-05-26,2024,05,2.2911798825,NRSC VIC MODEL
Uttarakhand,Tehri Garhwal,2024-05-31,2024,05,0.9743790915,NRSC VIC MODEL
Uttarakhand,Tehri Garhwal,2024-06-02,2024,06,0.7675739667,NRSC VIC MODEL
Uttarakhand,Tehri Garhwal,2024-06-18,2024,06,0.2757601013,NRSC VIC MODEL
Uttarakhand,Tehri Garhwal,2024-06-20,2024,06,14.0215626766,NRSC VIC MODEL
Uttarakhand,Tehri Garhwal,2024-06-21,2024,06,0.189876383,NRSC VIC MODEL
Uttarakhand,Tehri Garhwal,2024-06-24,2024,06,0.8430022107,NRSC VIC MODEL
Uttarakhand,Tehri Garhwal,2024-06-25,2024,06,4.3133646369,NRSC VIC MODEL
Uttarakhand,Tehri Garhwal,2024-07-02,2024,07,4.4798834665,NRSC VIC MODEL
Uttarakhand,Tehri Garhwal,2024-07-04,2024,07,10.1062670127,NRSC VIC MODEL
Uttarakhand,Tehri Garhwal,2024-07-08,2024,07,14.5299293225,NRSC VIC MODEL
Uttarakhand,Tehri Garhwal,2024-07-13,2024,07,0.971928285,NRSC VIC MODEL
Uttarakhand,Tehri Garhwal,2024-07-25,2024,07,0.020068131,NRSC VIC MODEL
Uttarakhand,Tehri Garhwal,2024-07-27,2024,07,41.0007183355,NRSC VIC MODEL
Uttarakhand,Tehri Garhwal,2024-08-01,2024,08,10.7916807408,NRSC VIC MODEL
Uttarakhand,Tehri Garhwal,2024-08-03,2024,08,15.4332512533,NRSC VIC MODEL
Uttarakhand,Tehri Garhwal,2024-08-04,2024,08,12.8412054583,NRSC VIC MODEL
Uttarakhand,Tehri Garhwal,2024-08-21,2024,08,8.559906896,NRSC VIC MODEL
Uttarakhand,Tehri Garhwal,2024-08-23,2024,08,15.0294589374,NRSC VIC MODEL
Uttarakhand,Tehri Garhwal,2024-09-07,2024,09,8.4920678008,NRSC VIC MODEL
Uttarakhand,Tehri Garhwal,2024-09-14,2024,09,3.1568056977,NRSC VIC MODEL
Uttarakhand,Tehri Garhwal,2024-09-16,2024,09,0.6784563989,NRSC VIC MODEL
Uttarakhand,Tehri Garhwal,2024-09-22,2024,09,1.3714470314,NRSC VIC MODEL
Uttarakhand,Tehri Garhwal,2024-10-02,2024,10,0.0556175594,NRSC VIC MODEL
Uttarakhand,Tehri Garhwal,2024-10-03,2024,10,0.2776673039,NRSC VIC MODEL
Uttarakhand,Tehri Garhwal,2024-10-09,2024,10,0.0451252045,NRSC VIC MODEL
Uttarakhand,Tehri Garhwal,2024-10-10,2024,10,0.106678766,NRSC VIC MODEL
Uttarakhand,Tehri Garhwal,2024-10-16,2024,10,0.0601357867,NRSC VIC MODEL
Uttarakhand,Tehri Garhwal,2024-11-04,2024,11,0,NRSC VIC MODEL
Uttarakhand,Tehri Garhwal,2024-11-07,2024,11,0.0319062725,NRSC VIC MODEL
Uttarakhand,Tehri Garhwal,2024-11-17,2024,11,0,NRSC VIC MODEL
Uttarakhand,Tehri Garhwal,2024-11-28,2024,11,0,NRSC VIC MODEL
Uttarakhand,Tehri Garhwal,2024-12-02,2024,12,0.355645282,NRSC VIC MODEL
Uttarakhand,Tehri Garhwal,2024-12-04,2024,12,0,NRSC VIC MODEL
Uttarakhand,Tehri Garhwal,2024-12-13,2024,12,0.0098250416,NRSC VIC MODEL
Uttarakhand,Tehri Garhwal,2024-12-17,2024,12,0,NRSC VIC MODEL
Uttarakhand,Tehri Garhwal,2024-12-24,2024,12,2.1916703843,NRSC VIC MODEL
Uttarakhand,Tehri Garhwal,2024-12-30,2024,12,0.1090682547,NRSC VIC MODEL
Uttarakhand,Udam Singh Nagar,2024-01-01,2024,01,0.3362452394,NRSC VIC MODEL
Uttarakhand,Udam Singh Nagar,2024-01-04,2024,01,0,NRSC VIC MODEL
Uttarakhand,Udam Singh Nagar,2024-01-05,2024,01,0,NRSC VIC MODEL
Uttarakhand,Udam Singh Nagar,2024-01-09,2024,01,0,NRSC VIC MODEL
Uttarakhand,Nainital,2024-04-26,2024,04,0,NRSC VIC MODEL
Uttarakhand,Nainital,2024-05-06,2024,05,0.0006664162,NRSC VIC MODEL
Uttarakhand,Nainital,2024-05-09,2024,05,1.6883259455,NRSC VIC MODEL
Uttarakhand,Nainital,2024-05-10,2024,05,0.0515425613,NRSC VIC MODEL
Uttarakhand,Nainital,2024-05-11,2024,05,6.5047386226,NRSC VIC MODEL
Uttarakhand,Nainital,2024-05-17,2024,05,5.12628e-05,NRSC VIC MODEL
Uttarakhand,Nainital,2024-05-19,2024,05,0.038324276,NRSC VIC MODEL
Uttarakhand,Nainital,2024-05-20,2024,05,0.1280678912,NRSC VIC MODEL
Uttarakhand,Nainital,2024-05-30,2024,05,0.065589584,NRSC VIC MODEL
Uttarakhand,Nainital,2024-06-02,2024,06,0.6574174275,NRSC VIC MODEL
Uttarakhand,Nainital,2024-06-05,2024,06,0.0038319515,NRSC VIC MODEL
Uttarakhand,Nainital,2024-06-06,2024,06,0.9496875616,NRSC VIC MODEL
Uttarakhand,Nainital,2024-06-10,2024,06,0,NRSC VIC MODEL
Uttarakhand,Nainital,2024-06-12,2024,06,0,NRSC VIC MODEL
Uttarakhand,Nainital,2024-06-26,2024,06,8.1207194892,NRSC VIC MODEL
Uttarakhand,Nainital,2024-06-28,2024,06,22.9950394459,NRSC VIC MODEL
Uttarakhand,Nainital,2024-07-03,2024,07,63.6846401128,NRSC VIC MODEL
Uttarakhand,Nainital,2024-07-05,2024,07,7.8971121639,NRSC VIC MODEL
Uttarakhand,Nainital,2024-07-13,2024,07,10.1613944149,NRSC VIC MODEL
Uttarakhand,Nainital,2024-07-17,2024,07,24.5101139339,NRSC VIC MODEL
Uttarakhand,Nainital,2024-07-18,2024,07,9.2871649061,NRSC VIC MODEL
Uttarakhand,Nainital,2024-07-21,2024,07,14.8703989461,NRSC VIC MODEL
Uttarakhand,Nainital,2024-07-31,2024,07,16.7829272677,NRSC VIC MODEL
Uttarakhand,Nainital,2024-08-01,2024,08,7.0201404952,NRSC VIC MODEL
Uttarakhand,Nainital,2024-08-04,2024,08,7.5751982531,NRSC VIC MODEL
Uttarakhand,Nainital,2024-08-05,2024,08,10.4894141409,NRSC VIC MODEL
Uttarakhand,Nainital,2024-08-07,2024,08,41.9687465217,NRSC VIC MODEL
Uttarakhand,Nainital,2024-08-08,2024,08,11.381285717,NRSC VIC MODEL
Uttarakhand,Nainital,2024-08-11,2024,08,12.8025295292,NRSC VIC MODEL
Uttarakhand,Nainital,2024-08-19,2024,08,25.81362709,NRSC VIC MODEL
Uttarakhand,Nainital,2024-08-23,2024,08,13.2538253547,NRSC VIC MODEL
Uttarakhand,Nainital,2024-08-24,2024,08,7.6413843338,NRSC VIC MODEL
Uttarakhand,Nainital,2024-08-25,2024,08,6.5659943412,NRSC VIC MODEL
Uttarakhand,Nainital,2024-08-28,2024,08,10.5032501378,NRSC VIC MODEL
Uttarakhand,Nainital,2024-09-06,2024,09,6.0264870165,NRSC VIC MODEL
Uttarakhand,Nainital,2024-09-16,2024,09,1.3975340245,NRSC VIC MODEL
Uttarakhand,Nainital,2024-09-17,2024,09,7.8970560312,NRSC VIC MODEL
Uttarakhand,Nainital,2024-09-22,2024,09,1.1470846821,NRSC VIC MODEL
Uttarakhand,Nainital,2024-09-28,2024,09,4.5762310015,NRSC VIC MODEL
Uttarakhand,Nainital,2024-09-30,2024,09,0.1335425516,NRSC VIC MODEL
Uttarakhand,Nainital,2024-10-03,2024,10,0.0107433059,NRSC VIC MODEL
Uttarakhand,Nainital,2024-10-06,2024,10,0.5961389444,NRSC VIC MODEL
Uttarakhand,Nainital,2024-10-09,2024,10,0.449976211,NRSC VIC MODEL
Uttarakhand,Nainital,2024-10-10,2024,10,0.0012979297,NRSC VIC MODEL
Uttarakhand,Nainital,2024-10-20,2024,10,0.0001410582,NRSC VIC MODEL
Uttarakhand,Nainital,2024-10-22,2024,10,0.0007196341,NRSC VIC MODEL
Uttarakhand,Nainital,2024-10-23,2024,10,0.0002109035,NRSC VIC MODEL
Uttarakhand,Nainital,2024-10-27,2024,10,0,NRSC VIC MODEL
Uttarakhand,Nainital,2024-11-10,2024,11,0,NRSC VIC MODEL
Uttarakhand,Nainital,2024-11-11,2024,11,0.037829403,NRSC VIC MODEL
Uttarakhand,Nainital,2024-11-14,2024,11,0,NRSC VIC MODEL
Uttarakhand,Nainital,2024-11-15,2024,11,0,NRSC VIC MODEL
Uttarakhand,Nainital,2024-11-22,2024,11,0.0002617551,NRSC VIC MODEL
Uttarakhand,Nainital,2024-11-30,2024,11,0.0012959131,NRSC VIC MODEL
Uttarakhand,Nainital,2024-12-04,2024,12,0,NRSC VIC MODEL
Uttarakhand,Nainital,2024-12-10,2024,12,0.799825049,NRSC VIC MODEL
Uttarakhand,Nainital,2024-12-14,2024,12,0,NRSC VIC MODEL
Uttarakhand,Nainital,2024-12-16,2024,12,0,NRSC VIC MODEL
Uttarakhand,Nainital,2024-12-18,2024,12,0,NRSC VIC MODEL
Uttarakhand,Nainital,2024-12-21,2024,12,0,NRSC VIC MODEL
Uttarakhand,Nainital,2024-12-24,2024,12,0.2507550542,NRSC VIC MODEL
Uttarakhand,Nainital,2024-12-31,2024,12,0,NRSC VIC MODEL
Uttarakhand,Pauri Garhwal,2024-01-01,2024,01,0.4936399464,NRSC VIC MODEL
Uttarakhand,Pauri Garhwal,2024-01-04,2024,01,0,NRSC VIC MODEL
Uttarakhand,Pauri Garhwal,2024-01-12,2024,01,0,NRSC VIC MODEL
Uttarakhand,Pauri Garhwal,2024-01-19,2024,01,0.0393191033,NRSC VIC MODEL
Uttarakhand,Pauri Garhwal,2024-01-23,2024,01,0,NRSC VIC MODEL
Uttarakhand,Pauri Garhwal,2024-01-29,2024,01,0,NRSC VIC MODEL
Uttarakhand,Pauri Garhwal,2024-02-13,2024,02,0,NRSC VIC MODEL
Uttarakhand,Pauri Garhwal,2024-02-15,2024,02,0.1070041096,NRSC VIC MODEL
Uttarakhand,Pauri Garhwal,2024-02-18,2024,02,0,NRSC VIC MODEL
Uttarakhand,Pauri Garhwal,2024-02-19,2024,02,0.327995767,NRSC VIC MODEL
Uttarakhand,Pauri Garhwal,2024-02-23,2024,02,0.0439255852,NRSC VIC MODEL
Uttarakhand,Pauri Garhwal,2024-02-28,2024,02,0.6177948798,NRSC VIC MODEL
Uttarakhand,Pauri Garhwal,2024-03-12,2024,03,0.0014533466,NRSC VIC MODEL
Uttarakhand,Pauri Garhwal,2024-04-07,2024,04,0.0233934697,NRSC VIC MODEL
Uttarakhand,Pauri Garhwal,2024-04-11,2024,04,0.0254143524,NRSC VIC MODEL
Uttarakhand,Pauri Garhwal,2024-04-12,2024,04,1.4001466447,NRSC VIC MODEL
Uttarakhand,Pauri Garhwal,2024-04-17,2024,04,0,NRSC VIC MODEL
Uttarakhand,Pauri Garhwal,2024-05-03,2024,05,0.0001282586,NRSC VIC MODEL
Uttarakhand,Pauri Garhwal,2024-05-05,2024,05,0.0011232968,NRSC VIC MODEL
Uttarakhand,Pauri Garhwal,2024-05-08,2024,05,0.086821753,NRSC VIC MODEL
Uttarakhand,Pauri Garhwal,2024-05-17,2024,05,0,NRSC VIC MODEL
Uttarakhand,Pauri Garhwal,2024-05-19,2024,05,0.018957177,NRSC VIC MODEL
Uttarakhand,Pauri Garhwal,2024-05-31,2024,05,0.0377751501,NRSC VIC MODEL
Uttarakhand,Pauri Garhwal,2024-06-13,2024,06,0.0090100972,NRSC VIC MODEL
Uttarakhand,Pauri Garhwal,2024-06-25,2024,06,11.4747426635,NRSC VIC MODEL
Uttarakhand,Pauri Garhwal,2024-06-29,2024,06,7.1619884101,NRSC VIC MODEL
Uttarakhand,Pauri Garhwal,2024-07-03,2024,07,20.2763983419,NRSC VIC MODEL
Uttarakhand,Pauri Garhwal,2024-07-04,2024,07,11.4399886375,NRSC VIC MODEL
Uttarakhand,Pauri Garhwal,2024-07-24,2024,07,9.4641002704,NRSC VIC MODEL
Uttarakhand,Pauri Garhwal,2024-07-27,2024,07,4.8051754351,NRSC VIC MODEL
Uttarakhand,Pauri Garhwal,2024-07-28,2024,07,1.6086874173,NRSC VIC MODEL
Uttarakhand,Pauri Garhwal,2024-08-01,2024,08,9.1190477447,NRSC VIC MODEL
Uttarakhand,Pauri Garhwal,2024-08-07,2024,08,10.0275467404,NRSC VIC MODEL
Uttarakhand,Pauri Garhwal,2024-08-11,2024,08,11.1659453204,NRSC VIC MODEL
Uttarakhand,Pauri Garhwal,2024-08-12,2024,08,16.6431054417,NRSC VIC MODEL
Uttarakhand,Pauri Garhwal,2024-08-14,2024,08,17.4481949599,NRSC VIC MODEL
Uttarakhand,Pauri Garhwal,2024-09-04,2024,09,13.0499622347,NRSC VIC MODEL
Uttarakhand,Pauri Garhwal,2024-09-22,2024,09,0.4193008382,NRSC VIC MODEL
Uttarakhand,Pauri Garhwal,2024-09-30,2024,09,0.0662785398,NRSC VIC MODEL
Uttarakhand,Pauri Garhwal,2024-10-20,2024,10,0.0005889537,NRSC VIC MODEL
Uttarakhand,Pauri Garhwal,2024-10-29,2024,10,0,NRSC VIC MODEL
Uttarakhand,Pauri Garhwal,2024-10-30,2024,10,0.0001143136,NRSC VIC MODEL
Uttarakhand,Pauri Garhwal,2024-10-31,2024,10,0.0001949189,NRSC VIC MODEL
Uttarakhand,Pauri Garhwal,2024-11-05,2024,11,0.0060411204,NRSC VIC MODEL
Uttarakhand,Pauri Garhwal,2024-11-15,2024,11,0,NRSC VIC MODEL
Uttarakhand,Pauri Garhwal,2024-11-16,2024,11,0.0894275065,NRSC VIC MODEL
Uttarakhand,Pauri Garhwal,2024-11-21,2024,11,0.0122386624,NRSC VIC MODEL
Uttarakhand,Pauri Garhwal,2024-11-22,2024,11,0.0004977592,NRSC VIC MODEL
Uttarakhand,Pauri Garhwal,2024-11-29,2024,11,0.1474827004,NRSC VIC MODEL
Uttarakhand,Pauri Garhwal,2024-11-30,2024,11,0.0878758655,NRSC VIC MODEL
Uttarakhand,Pauri Garhwal,2024-12-07,2024,12,0.0062795707,NRSC VIC MODEL
Uttarakhand,Pauri Garhwal,2024-12-10,2024,12,0.0748699373,NRSC VIC MODEL
Uttarakhand,Pauri Garhwal,2024-12-13,2024,12,0.0609901804,NRSC VIC MODEL
Uttarakhand,Pauri Garhwal,2024-12-17,2024,12,0,NRSC VIC MODEL
Uttarakhand,Pauri Garhwal,2024-12-23,2024,12,0.0001107648,NRSC VIC MODEL
Uttarakhand,Pauri Garhwal,2024-12-26,2024,12,0.0004713118,NRSC VIC MODEL
Uttarakhand,Pauri Garhwal,2024-12-30,2024,12,0.1151275161,NRSC VIC MODEL
Uttarakhand,Pithoragarh,2024-01-01,2024,01,1.1819814773,NRSC VIC MODEL
Uttarakhand,Pithoragarh,2024-01-11,2024,01,0.0121240917,NRSC VIC MODEL
Uttarakhand,Pithoragarh,2024-01-16,2024,01,0,NRSC VIC MODEL
Uttarakhand,Pithoragarh,2024-01-20,2024,01,0,NRSC VIC MODEL
Uttarakhand,Pithoragarh,2024-01-22,2024,01,0,NRSC VIC MODEL
Uttarakhand,Pithoragarh,2024-01-23,2024,01,0,NRSC VIC MODEL
Uttarakhand,Pithoragarh,2024-02-07,2024,02,0.0697105544,NRSC VIC MODEL
Uttarakhand,Pithoragarh,2024-02-08,2024,02,0.0572675952,NRSC VIC MODEL
Uttarakhand,Pithoragarh,2024-02-15,2024,02,0,NRSC VIC MODEL
Uttarakhand,Pithoragarh,2024-02-17,2024,02,0,NRSC VIC MODEL
Uttarakhand,Pithoragarh,2024-02-20,2024,02,3.5170926403,NRSC VIC MODEL
Uttarakhand,Pithoragarh,2024-02-25,2024,02,1.963922609,NRSC VIC MODEL
Uttarakhand,Pithoragarh,2024-03-05,2024,03,2.0624616206,NRSC VIC MODEL
Uttarakhand,Pithoragarh,2024-03-14,2024,03,0.8625422564,NRSC VIC MODEL
Uttarakhand,Pithoragarh,2024-04-02,2024,04,0.2295139825,NRSC VIC MODEL
Uttarakhand,Pithoragarh,2024-04-04,2024,04,3.0712916255,NRSC VIC MODEL
Uttarakhand,Pithoragarh,2024-04-09,2024,04,0.3415774834,NRSC VIC MODEL
Uttarakhand,Pithoragarh,2024-04-11,2024,04,2.8828778418,NRSC VIC MODEL
Uttarakhand,Pithoragarh,2024-04-12,2024,04,5.6691052436,NRSC VIC MODEL
Uttarakhand,Pithoragarh,2024-04-14,2024,04,2.8849734087,NRSC VIC MODEL
Uttarakhand,Pithoragarh,2024-04-15,2024,04,0,NRSC VIC MODEL
Uttarakhand,Pithoragarh,2024-04-16,2024,04,0,NRSC VIC MODEL
Uttarakhand,Pithoragarh,2024-04-20,2024,04,0.1837763632,NRSC VIC MODEL
Uttarakhand,Pithoragarh,2024-05-01,2024,05,0.3090240155,NRSC VIC MODEL
Uttarakhand,Pithoragarh,2024-05-07,2024,05,0.8232117885,NRSC VIC MODEL
Uttarakhand,Pithoragarh,2024-05-14,2024,05,2.3910027968,NRSC VIC MODEL
Uttarakhand,Pithoragarh,2024-05-18,2024,05,1.6406397149,NRSC VIC MODEL
Uttarakhand,Pithoragarh,2024-05-26,2024,05,0.0302297252,NRSC VIC MODEL
Uttarakhand,Pithoragarh,2024-05-27,2024,05,0.6004677535,NRSC VIC MODEL
Uttarakhand,Pithoragarh,2024-05-28,2024,05,0.4924369844,NRSC VIC MODEL
Uttarakhand,Pithoragarh,2024-06-03,2024,06,1.2431056022,NRSC VIC MODEL
Uttarakhand,Pithoragarh,2024-06-07,2024,06,1.0122980554,NRSC VIC MODEL
Uttarakhand,Pithoragarh,2024-06-09,2024,06,0.7745065001,NRSC VIC MODEL
Uttarakhand,Pithoragarh,2024-06-12,2024,06,0.5235773277,NRSC VIC MODEL
Uttarakhand,Pithoragarh,2024-06-13,2024,06,1.1480068803,NRSC VIC MODEL
Uttarakhand,Pithoragarh,2024-06-16,2024,06,0.9135922254,NRSC VIC MODEL
Uttarakhand,Pithoragarh,2024-06-18,2024,06,3.484345503,NRSC VIC MODEL
Uttarakhand,Pithoragarh,2024-06-19,2024,06,3.5008780769,NRSC VIC MODEL
Uttarakhand,Pithoragarh,2024-06-21,2024,06,0.5180351508,NRSC VIC MODEL
Uttarakhand,Pithoragarh,2024-06-26,2024,06,5.4466252019,NRSC VIC MODEL
Uttarakhand,Pithoragarh,2024-06-28,2024,06,2.3495695511,NRSC VIC MODEL
Uttarakhand,Pithoragarh,2024-07-06,2024,07,20.9352191816,NRSC VIC MODEL
Uttarakhand,Pithoragarh,2024-07-15,2024,07,7.5551456484,NRSC VIC MODEL
Uttarakhand,Udam Singh Nagar,2024-01-18,2024,01,0,NRSC VIC MODEL
Uttarakhand,Udam Singh Nagar,2024-01-22,2024,01,0,NRSC VIC MODEL
Uttarakhand,Udam Singh Nagar,2024-01-23,2024,01,0,NRSC VIC MODEL
Uttarakhand,Udam Singh Nagar,2024-01-28,2024,01,0,NRSC VIC MODEL
Uttarakhand,Udam Singh Nagar,2024-01-31,2024,01,0,NRSC VIC MODEL
Uttarakhand,Udam Singh Nagar,2024-02-06,2024,02,0.1113228936,NRSC VIC MODEL
Uttarakhand,Udam Singh Nagar,2024-02-12,2024,02,0,NRSC VIC MODEL
Uttarakhand,Udam Singh Nagar,2024-02-13,2024,02,0,NRSC VIC MODEL
Uttarakhand,Udam Singh Nagar,2024-02-19,2024,02,0.1021797658,NRSC VIC MODEL
Uttarakhand,Udam Singh Nagar,2024-02-26,2024,02,0,NRSC VIC MODEL
Uttarakhand,Udam Singh Nagar,2024-03-02,2024,03,9.0303717154,NRSC VIC MODEL
Uttarakhand,Udam Singh Nagar,2024-03-04,2024,03,24.6757656774,NRSC VIC MODEL
Uttarakhand,Udam Singh Nagar,2024-03-07,2024,03,0.0368226562,NRSC VIC MODEL
Uttarakhand,Udam Singh Nagar,2024-03-31,2024,03,0.043850823,NRSC VIC MODEL
Uttarakhand,Udam Singh Nagar,2024-04-06,2024,04,0,NRSC VIC MODEL
Uttarakhand,Udam Singh Nagar,2024-04-16,2024,04,0,NRSC VIC MODEL
Uttarakhand,Udam Singh Nagar,2024-04-26,2024,04,0,NRSC VIC MODEL
Uttarakhand,Udam Singh Nagar,2024-05-01,2024,05,5.563e-07,NRSC VIC MODEL
Uttarakhand,Udam Singh Nagar,2024-05-03,2024,05,0,NRSC VIC MODEL
Uttarakhand,Udam Singh Nagar,2024-05-04,2024,05,0.318353719,NRSC VIC MODEL
Uttarakhand,Udam Singh Nagar,2024-05-10,2024,05,0.000171352,NRSC VIC MODEL
Uttarakhand,Udam Singh Nagar,2024-05-14,2024,05,0.1344538926,NRSC VIC MODEL
Uttarakhand,Udam Singh Nagar,2024-05-16,2024,05,1.1127e-06,NRSC VIC MODEL
Uttarakhand,Udam Singh Nagar,2024-05-18,2024,05,0,NRSC VIC MODEL
Uttarakhand,Udam Singh Nagar,2024-05-20,2024,05,0.0041938802,NRSC VIC MODEL
Uttarakhand,Udam Singh Nagar,2024-05-24,2024,05,0.0059562624,NRSC VIC MODEL
Uttarakhand,Udam Singh Nagar,2024-05-28,2024,05,0,NRSC VIC MODEL
Uttarakhand,Udam Singh Nagar,2024-05-29,2024,05,0,NRSC VIC MODEL
Uttarakhand,Udam Singh Nagar,2024-05-30,2024,05,0.06874045,NRSC VIC MODEL
Uttarakhand,Udam Singh Nagar,2024-05-31,2024,05,0.0197412348,NRSC VIC MODEL
Uttarakhand,Udam Singh Nagar,2024-06-01,2024,06,0,NRSC VIC MODEL
Uttarakhand,Udam Singh Nagar,2024-06-03,2024,06,0.0005032529,NRSC VIC MODEL
Uttarakhand,Udam Singh Nagar,2024-06-05,2024,06,1.1127e-06,NRSC VIC MODEL
Uttarakhand,Udam Singh Nagar,2024-06-08,2024,06,0,NRSC VIC MODEL
Uttarakhand,Udam Singh Nagar,2024-06-10,2024,06,0,NRSC VIC MODEL
Uttarakhand,Udam Singh Nagar,2024-06-11,2024,06,0.4434090865,NRSC VIC MODEL
Uttarakhand,Udam Singh Nagar,2024-06-15,2024,06,0.000536955,NRSC VIC MODEL
Uttarakhand,Udam Singh Nagar,2024-06-23,2024,06,1.5364766682,NRSC VIC MODEL
Uttarakhand,Udam Singh Nagar,2024-06-28,2024,06,17.2479144207,NRSC VIC MODEL
Uttarakhand,Udam Singh Nagar,2024-07-03,2024,07,61.549117369,NRSC VIC MODEL
Uttarakhand,Udam Singh Nagar,2024-07-06,2024,07,12.9961644987,NRSC VIC MODEL
Uttarakhand,Udam Singh Nagar,2024-07-08,2024,07,162.0156283127,NRSC VIC MODEL
Uttarakhand,Udam Singh Nagar,2024-07-14,2024,07,5.3492753891,NRSC VIC MODEL
Uttarakhand,Udam Singh Nagar,2024-07-15,2024,07,1.7268227182,NRSC VIC MODEL
Uttarakhand,Udam Singh Nagar,2024-07-26,2024,07,1.6562845854,NRSC VIC MODEL
Uttarakhand,Udam Singh Nagar,2024-07-28,2024,07,0.4913601539,NRSC VIC MODEL
Uttarakhand,Udam Singh Nagar,2024-07-29,2024,07,0.659815254,NRSC VIC MODEL
Uttarakhand,Udam Singh Nagar,2024-07-31,2024,07,29.9289198593,NRSC VIC MODEL
Uttarakhand,Udam Singh Nagar,2024-08-01,2024,08,6.0230572212,NRSC VIC MODEL
Uttarakhand,Udam Singh Nagar,2024-08-04,2024,08,5.6045020407,NRSC VIC MODEL
Uttarakhand,Udam Singh Nagar,2024-08-11,2024,08,13.9150100465,NRSC VIC MODEL
Uttarakhand,Udam Singh Nagar,2024-08-13,2024,08,1.6635012697,NRSC VIC MODEL
Uttarakhand,Udam Singh Nagar,2024-08-21,2024,08,4.1172065558,NRSC VIC MODEL
Uttarakhand,Udam Singh Nagar,2024-09-02,2024,09,4.9696297859,NRSC VIC MODEL
Uttarakhand,Udam Singh Nagar,2024-09-12,2024,09,106.812024368,NRSC VIC MODEL
Uttarakhand,Udam Singh Nagar,2024-09-16,2024,09,0.3951296118,NRSC VIC MODEL
Uttarakhand,Udam Singh Nagar,2024-09-18,2024,09,1.3371004364,NRSC VIC MODEL
Uttarakhand,Udam Singh Nagar,2024-09-19,2024,09,5.56338e-05,NRSC VIC MODEL
Uttarakhand,Udam Singh Nagar,2024-09-20,2024,09,5.56338e-05,NRSC VIC MODEL
Uttarakhand,Udam Singh Nagar,2024-09-25,2024,09,17.6628966714,NRSC VIC MODEL
Uttarakhand,Udam Singh Nagar,2024-09-29,2024,09,0.2223828809,NRSC VIC MODEL
Uttarakhand,Udam Singh Nagar,2024-09-30,2024,09,0.0399338965,NRSC VIC MODEL
Uttarakhand,Udam Singh Nagar,2024-10-01,2024,10,5.56338e-05,NRSC VIC MODEL
Uttarakhand,Udam Singh Nagar,2024-10-04,2024,10,0.1224649104,NRSC VIC MODEL
Uttarakhand,Udam Singh Nagar,2024-10-06,2024,10,0.096760577,NRSC VIC MODEL
Uttarakhand,Udam Singh Nagar,2024-10-10,2024,10,0,NRSC VIC MODEL
Uttarakhand,Udam Singh Nagar,2024-10-20,2024,10,9.66039e-05,NRSC VIC MODEL
Uttarakhand,Udam Singh Nagar,2024-10-24,2024,10,0,NRSC VIC MODEL
Uttarakhand,Udam Singh Nagar,2024-10-30,2024,10,0,NRSC VIC MODEL
Uttarakhand,Udam Singh Nagar,2024-11-02,2024,11,0,NRSC VIC MODEL
Uttarakhand,Udam Singh Nagar,2024-11-04,2024,11,0,NRSC VIC MODEL
Uttarakhand,Udam Singh Nagar,2024-11-06,2024,11,0,NRSC VIC MODEL
Uttarakhand,Udam Singh Nagar,2024-11-11,2024,11,0,NRSC VIC MODEL
Uttarakhand,Udam Singh Nagar,2024-11-12,2024,11,5.563e-07,NRSC VIC MODEL
Uttarakhand,Udam Singh Nagar,2024-11-16,2024,11,0.002011495,NRSC VIC MODEL
Uttarakhand,Udam Singh Nagar,2024-11-18,2024,11,0.0010727973,NRSC VIC MODEL
Uttarakhand,Udam Singh Nagar,2024-11-20,2024,11,0,NRSC VIC MODEL
Uttarakhand,Udam Singh Nagar,2024-11-25,2024,11,0.0010761354,NRSC VIC MODEL
Uttarakhand,Udam Singh Nagar,2024-11-29,2024,11,1.16831e-05,NRSC VIC MODEL
Uttarakhand,Udam Singh Nagar,2024-12-04,2024,12,0,NRSC VIC MODEL
Uttarakhand,Udam Singh Nagar,2024-12-07,2024,12,0,NRSC VIC MODEL
Uttarakhand,Udam Singh Nagar,2024-12-11,2024,12,0,NRSC VIC MODEL
Uttarakhand,Udam Singh Nagar,2024-12-18,2024,12,0,NRSC VIC MODEL
Uttarakhand,Udam Singh Nagar,2024-12-21,2024,12,0,NRSC VIC MODEL
Uttarakhand,Udam Singh Nagar,2024-12-23,2024,12,0,NRSC VIC MODEL
Uttarakhand,Udam Singh Nagar,2024-12-24,2024,12,0.6587624163,NRSC VIC MODEL
Uttarakhand,Udam Singh Nagar,2024-12-29,2024,12,0.0731294075,NRSC VIC MODEL
Uttarakhand,Uttar Kashi,2024-01-01,2024,01,1.4496723735,NRSC VIC MODEL
Uttarakhand,Uttar Kashi,2024-01-02,2024,01,0,NRSC VIC MODEL
Uttarakhand,Uttar Kashi,2024-01-10,2024,01,0,NRSC VIC MODEL
Uttarakhand,Uttar Kashi,2024-01-15,2024,01,0,NRSC VIC MODEL
Uttarakhand,Uttar Kashi,2024-01-17,2024,01,0,NRSC VIC MODEL
Uttarakhand,Uttar Kashi,2024-01-19,2024,01,0.0028711905,NRSC VIC MODEL
Uttarakhand,Uttar Kashi,2024-01-20,2024,01,0.1802481668,NRSC VIC MODEL
Uttarakhand,Uttar Kashi,2024-02-02,2024,02,0.0212045404,NRSC VIC MODEL
Uttarakhand,Uttar Kashi,2024-02-09,2024,02,0.3302943889,NRSC VIC MODEL
Uttarakhand,Uttar Kashi,2024-02-12,2024,02,0.2353510185,NRSC VIC MODEL
Uttarakhand,Uttar Kashi,2024-02-14,2024,02,0,NRSC VIC MODEL
Uttarakhand,Uttar Kashi,2024-02-16,2024,02,0.0032313956,NRSC VIC MODEL
Uttarakhand,Uttar Kashi,2024-02-17,2024,02,0,NRSC VIC MODEL
Uttarakhand,Uttar Kashi,2024-02-22,2024,02,2.3075665724,NRSC VIC MODEL
Uttarakhand,Uttar Kashi,2024-03-08,2024,03,0.249151049,NRSC VIC MODEL
Uttarakhand,Uttar Kashi,2024-03-16,2024,03,0,NRSC VIC MODEL
Uttarakhand,Uttar Kashi,2024-03-28,2024,03,0.0382061544,NRSC VIC MODEL
Uttarakhand,Uttar Kashi,2024-04-04,2024,04,3.3577528284,NRSC VIC MODEL
Uttarakhand,Uttar Kashi,2024-04-15,2024,04,0,NRSC VIC MODEL
Uttarakhand,Uttar Kashi,2024-04-25,2024,04,3.07043e-05,NRSC VIC MODEL
Uttarakhand,Uttar Kashi,2024-04-26,2024,04,0.0728388976,NRSC VIC MODEL
Uttarakhand,Uttar Kashi,2024-04-29,2024,04,0.4009508925,NRSC VIC MODEL
Uttarakhand,Uttar Kashi,2024-05-01,2024,05,0.1466857736,NRSC VIC MODEL
Uttarakhand,Uttar Kashi,2024-05-07,2024,05,3.6169135523,NRSC VIC MODEL
Uttarakhand,Uttar Kashi,2024-05-10,2024,05,0.9044351094,NRSC VIC MODEL
Uttarakhand,Uttar Kashi,2024-05-11,2024,05,3.4244509496,NRSC VIC MODEL
Uttarakhand,Uttar Kashi,2024-05-15,2024,05,0.2437652773,NRSC VIC MODEL
Uttarakhand,Uttar Kashi,2024-05-16,2024,05,3.2538429897,NRSC VIC MODEL
Uttarakhand,Uttar Kashi,2024-05-17,2024,05,0.3995172,NRSC VIC MODEL
Uttarakhand,Uttar Kashi,2024-05-25,2024,05,0.5284077271,NRSC VIC MODEL
Uttarakhand,Uttar Kashi,2024-05-26,2024,05,0.0051973217,NRSC VIC MODEL
Uttarakhand,Uttar Kashi,2024-05-27,2024,05,0.0467916416,NRSC VIC MODEL
Uttarakhand,Uttar Kashi,2024-06-08,2024,06,0.2223204634,NRSC VIC MODEL
Uttarakhand,Uttar Kashi,2024-06-12,2024,06,0.1955489581,NRSC VIC MODEL
Uttarakhand,Uttar Kashi,2024-06-27,2024,06,4.9881490793,NRSC VIC MODEL
Uttarakhand,Uttar Kashi,2024-07-02,2024,07,2.7310418688,NRSC VIC MODEL
Uttarakhand,Uttar Kashi,2024-07-05,2024,07,14.5689278906,NRSC VIC MODEL
Uttarakhand,Uttar Kashi,2024-07-06,2024,07,22.716012088,NRSC VIC MODEL
Uttarakhand,Uttar Kashi,2024-07-07,2024,07,9.4247152768,NRSC VIC MODEL
Uttarakhand,Uttar Kashi,2024-07-08,2024,07,9.6555996146,NRSC VIC MODEL
Uttarakhand,Uttar Kashi,2024-07-16,2024,07,9.8021253026,NRSC VIC MODEL
Uttarakhand,Uttar Kashi,2024-07-19,2024,07,6.0472907478,NRSC VIC MODEL
Uttarakhand,Uttar Kashi,2024-07-21,2024,07,4.8065295171,NRSC VIC MODEL
Uttarakhand,Uttar Kashi,2024-07-30,2024,07,4.6563727455,NRSC VIC MODEL
Uttarakhand,Uttar Kashi,2024-08-04,2024,08,7.7531239007,NRSC VIC MODEL
Uttarakhand,Uttar Kashi,2024-08-06,2024,08,9.2801835111,NRSC VIC MODEL
Uttarakhand,Uttar Kashi,2024-08-10,2024,08,17.7297681351,NRSC VIC MODEL
Uttarakhand,Uttar Kashi,2024-08-16,2024,08,13.9219182918,NRSC VIC MODEL
Uttarakhand,Uttar Kashi,2024-08-22,2024,08,3.469733814,NRSC VIC MODEL
Uttarakhand,Uttar Kashi,2024-08-27,2024,08,7.6382183047,NRSC VIC MODEL
Uttarakhand,Uttar Kashi,2024-09-03,2024,09,8.6044424383,NRSC VIC MODEL
Uttarakhand,Uttar Kashi,2024-09-04,2024,09,7.3960882729,NRSC VIC MODEL
Uttarakhand,Uttar Kashi,2024-09-12,2024,09,50.2841411349,NRSC VIC MODEL
Uttarakhand,Uttar Kashi,2024-09-15,2024,09,1.8714319882,NRSC VIC MODEL
Uttarakhand,Uttar Kashi,2024-10-11,2024,10,0.0107701289,NRSC VIC MODEL
Uttarakhand,Uttar Kashi,2024-10-15,2024,10,0.0066229222,NRSC VIC MODEL
Uttarakhand,Uttar Kashi,2024-10-16,2024,10,0.1283881559,NRSC VIC MODEL
Uttarakhand,Uttar Kashi,2024-10-19,2024,10,0.9888638217,NRSC VIC MODEL
Uttarakhand,Uttar Kashi,2024-10-21,2024,10,0,NRSC VIC MODEL
Uttarakhand,Uttar Kashi,2024-10-31,2024,10,0.0050491727,NRSC VIC MODEL
Uttarakhand,Uttar Kashi,2024-11-03,2024,11,0,NRSC VIC MODEL
Uttarakhand,Uttar Kashi,2024-11-07,2024,11,0.0327728303,NRSC VIC MODEL
Uttarakhand,Uttar Kashi,2024-11-08,2024,11,0.0652602461,NRSC VIC MODEL
Uttarakhand,Uttar Kashi,2024-11-10,2024,11,0.0215642031,NRSC VIC MODEL
Uttarakhand,Uttar Kashi,2024-11-11,2024,11,0.610444216,NRSC VIC MODEL
Uttarakhand,Uttar Kashi,2024-11-17,2024,11,0,NRSC VIC MODEL
Uttarakhand,Uttar Kashi,2024-11-20,2024,11,0,NRSC VIC MODEL
Uttarakhand,Uttar Kashi,2024-11-21,2024,11,0.1210413218,NRSC VIC MODEL
Uttarakhand,Uttar Kashi,2024-11-22,2024,11,0.3168233799,NRSC VIC MODEL
Uttarakhand,Uttar Kashi,2024-12-03,2024,12,0.0059261516,NRSC VIC MODEL
Uttarakhand,Uttar Kashi,2024-12-05,2024,12,0,NRSC VIC MODEL
Uttarakhand,Uttar Kashi,2024-12-06,2024,12,0,NRSC VIC MODEL
Uttarakhand,Uttar Kashi,2024-12-14,2024,12,0,NRSC VIC MODEL
Uttarakhand,Uttar Kashi,2024-12-20,2024,12,0,NRSC VIC MODEL
Uttarakhand,Uttar Kashi,2024-12-25,2024,12,0.4378389946,NRSC VIC MODEL
Uttarakhand,Uttar Kashi,2024-12-27,2024,12,0.0005906602,NRSC VIC MODEL
Uttarakhand,Uttar Kashi,2024-12-28,2024,12,15.502880646,NRSC VIC MODEL
Uttarakhand,Uttar Kashi,2024-12-30,2024,12,0.0271525651,NRSC VIC MODEL
Uttarakhand,Bageshwar,2024-04-24,2024,04,0.0149482775,NRSC VIC MODEL
Uttarakhand,Bageshwar,2024-04-29,2024,04,0.1852629138,NRSC VIC MODEL
Uttarakhand,Bageshwar,2024-04-30,2024,04,0.2355190268,NRSC VIC MODEL
Uttarakhand,Bageshwar,2024-05-09,2024,05,16.9445139262,NRSC VIC MODEL
Uttarakhand,Bageshwar,2024-05-15,2024,05,0.1328047326,NRSC VIC MODEL
Uttarakhand,Bageshwar,2024-05-16,2024,05,3.4635663885,NRSC VIC MODEL
Uttarakhand,Bageshwar,2024-05-18,2024,05,2.5287915621,NRSC VIC MODEL
Uttarakhand,Bageshwar,2024-05-22,2024,05,5.1950147789,NRSC VIC MODEL
Uttarakhand,Bageshwar,2024-05-23,2024,05,1.3182544131,NRSC VIC MODEL
Uttarakhand,Bageshwar,2024-05-29,2024,05,0.4190579718,NRSC VIC MODEL
Uttarakhand,Bageshwar,2024-06-04,2024,06,9.3939969482,NRSC VIC MODEL
Uttarakhand,Bageshwar,2024-06-21,2024,06,1.0033861276,NRSC VIC MODEL
Uttarakhand,Bageshwar,2024-07-05,2024,07,61.3865645472,NRSC VIC MODEL
Uttarakhand,Bageshwar,2024-07-06,2024,07,49.5041170345,NRSC VIC MODEL
Uttarakhand,Bageshwar,2024-07-20,2024,07,28.1163113009,NRSC VIC MODEL
Uttarakhand,Bageshwar,2024-07-25,2024,07,0,NRSC VIC MODEL
Uttarakhand,Bageshwar,2024-07-29,2024,07,18.0241403709,NRSC VIC MODEL
Uttarakhand,Bageshwar,2024-07-30,2024,07,7.4200672403,NRSC VIC MODEL
Uttarakhand,Bageshwar,2024-08-01,2024,08,7.7499146228,NRSC VIC MODEL
Uttarakhand,Bageshwar,2024-08-03,2024,08,16.1068426878,NRSC VIC MODEL
Uttarakhand,Bageshwar,2024-08-05,2024,08,23.1406870523,NRSC VIC MODEL
Uttarakhand,Bageshwar,2024-08-10,2024,08,13.33958022,NRSC VIC MODEL
Uttarakhand,Bageshwar,2024-08-14,2024,08,15.9566976987,NRSC VIC MODEL
Uttarakhand,Bageshwar,2024-08-15,2024,08,17.4771069346,NRSC VIC MODEL
Uttarakhand,Bageshwar,2024-08-18,2024,08,20.7115499378,NRSC VIC MODEL
Uttarakhand,Bageshwar,2024-08-19,2024,08,23.7513451343,NRSC VIC MODEL
Uttarakhand,Bageshwar,2024-08-27,2024,08,8.1521677459,NRSC VIC MODEL
Uttarakhand,Bageshwar,2024-09-03,2024,09,4.4762842198,NRSC VIC MODEL
Uttarakhand,Bageshwar,2024-09-10,2024,09,9.5290982488,NRSC VIC MODEL
Uttarakhand,Bageshwar,2024-09-15,2024,09,1.5591611434,NRSC VIC MODEL
Uttarakhand,Bageshwar,2024-09-18,2024,09,0.6570465474,NRSC VIC MODEL
Uttarakhand,Bageshwar,2024-09-20,2024,09,2.2255950047,NRSC VIC MODEL
Uttarakhand,Bageshwar,2024-09-24,2024,09,7.9826727876,NRSC VIC MODEL
Uttarakhand,Bageshwar,2024-10-01,2024,10,0.8655147542,NRSC VIC MODEL
Uttarakhand,Bageshwar,2024-10-06,2024,10,0.5467839949,NRSC VIC MODEL
Uttarakhand,Bageshwar,2024-10-11,2024,10,0.5123968033,NRSC VIC MODEL
Uttarakhand,Bageshwar,2024-10-12,2024,10,0.0002314764,NRSC VIC MODEL
Uttarakhand,Bageshwar,2024-10-24,2024,10,0,NRSC VIC MODEL
Uttarakhand,Bageshwar,2024-10-30,2024,10,6.74455e-05,NRSC VIC MODEL
Uttarakhand,Bageshwar,2024-10-31,2024,10,0.0010775727,NRSC VIC MODEL
Uttarakhand,Bageshwar,2024-11-01,2024,11,0.0003800009,NRSC VIC MODEL
Uttarakhand,Bageshwar,2024-11-05,2024,11,0.7620307405,NRSC VIC MODEL
Uttarakhand,Bageshwar,2024-11-07,2024,11,0.1354370659,NRSC VIC MODEL
Uttarakhand,Bageshwar,2024-11-11,2024,11,1.0370154687,NRSC VIC MODEL
Uttarakhand,Bageshwar,2024-11-17,2024,11,0,NRSC VIC MODEL
Uttarakhand,Bageshwar,2024-11-25,2024,11,0.0013718763,NRSC VIC MODEL
Uttarakhand,Bageshwar,2024-11-29,2024,11,0.7526237581,NRSC VIC MODEL
Uttarakhand,Bageshwar,2024-12-01,2024,12,0.3081714948,NRSC VIC MODEL
Uttarakhand,Bageshwar,2024-12-09,2024,12,1.9625867649,NRSC VIC MODEL
Uttarakhand,Bageshwar,2024-12-12,2024,12,0,NRSC VIC MODEL
Uttarakhand,Bageshwar,2024-12-23,2024,12,0,NRSC VIC MODEL
Uttarakhand,Bageshwar,2024-12-28,2024,12,17.8962619132,NRSC VIC MODEL
Uttarakhand,Bageshwar,2024-12-31,2024,12,0.0345867742,NRSC VIC MODEL
Uttarakhand,Chamoli,2024-01-01,2024,01,1.3646588836,NRSC VIC MODEL
Uttarakhand,Chamoli,2024-01-02,2024,01,0,NRSC VIC MODEL
Uttarakhand,Chamoli,2024-01-05,2024,01,0,NRSC VIC MODEL
Uttarakhand,Chamoli,2024-01-08,2024,01,0,NRSC VIC MODEL
Uttarakhand,Chamoli,2024-01-10,2024,01,0,NRSC VIC MODEL
Uttarakhand,Chamoli,2024-01-11,2024,01,0.0011213971,NRSC VIC MODEL
Uttarakhand,Chamoli,2024-01-13,2024,01,0,NRSC VIC MODEL
Uttarakhand,Chamoli,2024-01-19,2024,01,0.2614181313,NRSC VIC MODEL
Uttarakhand,Chamoli,2024-01-27,2024,01,0.0046213632,NRSC VIC MODEL
Uttarakhand,Chamoli,2024-01-28,2024,01,0,NRSC VIC MODEL
Uttarakhand,Chamoli,2024-01-29,2024,01,0,NRSC VIC MODEL
Uttarakhand,Chamoli,2024-02-03,2024,02,0.9429830878,NRSC VIC MODEL
Uttarakhand,Chamoli,2024-02-08,2024,02,0.1260579249,NRSC VIC MODEL
Uttarakhand,Chamoli,2024-02-20,2024,02,3.6585497988,NRSC VIC MODEL
Uttarakhand,Chamoli,2024-02-27,2024,02,0,NRSC VIC MODEL
Uttarakhand,Chamoli,2024-02-28,2024,02,3.2887845685,NRSC VIC MODEL
Uttarakhand,Chamoli,2024-02-29,2024,02,0.0272270219,NRSC VIC MODEL
Uttarakhand,Chamoli,2024-03-03,2024,03,20.458230665,NRSC VIC MODEL
Uttarakhand,Chamoli,2024-03-05,2024,03,3.740954086,NRSC VIC MODEL
Uttarakhand,Chamoli,2024-03-08,2024,03,0.1962088997,NRSC VIC MODEL
Uttarakhand,Chamoli,2024-03-09,2024,03,0,NRSC VIC MODEL
Uttarakhand,Chamoli,2024-03-10,2024,03,0,NRSC VIC MODEL
Uttarakhand,Chamoli,2024-03-17,2024,03,0.0983585831,NRSC VIC MODEL
Uttarakhand,Chamoli,2024-03-18,2024,03,0,NRSC VIC MODEL
Uttarakhand,Chamoli,2024-03-19,2024,03,0.835231297,NRSC VIC MODEL
Uttarakhand,Chamoli,2024-03-22,2024,03,0.9951057813,NRSC VIC MODEL
Uttarakhand,Chamoli,2024-03-25,2024,03,0,NRSC VIC MODEL
Uttarakhand,Chamoli,2024-04-04,2024,04,3.364642303,NRSC VIC MODEL
Uttarakhand,Chamoli,2024-04-11,2024,04,3.2269929627,NRSC VIC MODEL
Uttarakhand,Chamoli,2024-04-14,2024,04,2.5082683166,NRSC VIC MODEL
Uttarakhand,Chamoli,2024-04-21,2024,04,0.0242089202,NRSC VIC MODEL
Uttarakhand,Chamoli,2024-04-26,2024,04,0.0439131012,NRSC VIC MODEL
Uttarakhand,Chamoli,2024-05-01,2024,05,0.4185072126,NRSC VIC MODEL
Uttarakhand,Chamoli,2024-05-08,2024,05,1.720054268,NRSC VIC MODEL
Uttarakhand,Chamoli,2024-05-11,2024,05,2.3573733366,NRSC VIC MODEL
Uttarakhand,Chamoli,2024-05-23,2024,05,1.5951842385,NRSC VIC MODEL
Uttarakhand,Chamoli,2024-05-26,2024,05,0.0806265418,NRSC VIC MODEL
Uttarakhand,Chamoli,2024-05-27,2024,05,0.1161856732,NRSC VIC MODEL
Uttarakhand,Chamoli,2024-05-31,2024,05,0.2760676665,NRSC VIC MODEL
Uttarakhand,Chamoli,2024-06-04,2024,06,3.3953071204,NRSC VIC MODEL
Uttarakhand,Chamoli,2024-06-08,2024,06,0.2931124565,NRSC VIC MODEL
Uttarakhand,Chamoli,2024-06-10,2024,06,0.9063944324,NRSC VIC MODEL
Uttarakhand,Chamoli,2024-06-11,2024,06,1.6086715826,NRSC VIC MODEL
Uttarakhand,Chamoli,2024-06-14,2024,06,0.6030218419,NRSC VIC MODEL
Uttarakhand,Chamoli,2024-06-16,2024,06,2.1159824061,NRSC VIC MODEL
Uttarakhand,Chamoli,2024-06-24,2024,06,4.509958576,NRSC VIC MODEL
Uttarakhand,Chamoli,2024-06-25,2024,06,8.2419978002,NRSC VIC MODEL
Uttarakhand,Chamoli,2024-06-26,2024,06,23.7016462503,NRSC VIC MODEL
Uttarakhand,Chamoli,2024-06-27,2024,06,18.1894169525,NRSC VIC MODEL
Uttarakhand,Chamoli,2024-07-02,2024,07,8.6809048425,NRSC VIC MODEL
Uttarakhand,Chamoli,2024-07-05,2024,07,32.7477356702,NRSC VIC MODEL
Uttarakhand,Chamoli,2024-07-18,2024,07,9.8542262545,NRSC VIC MODEL
Uttarakhand,Chamoli,2024-07-23,2024,07,1.4759794116,NRSC VIC MODEL
Uttarakhand,Chamoli,2024-07-25,2024,07,1.3023841612,NRSC VIC MODEL
Uttarakhand,Chamoli,2024-07-26,2024,07,32.8936826257,NRSC VIC MODEL
Uttarakhand,Chamoli,2024-07-29,2024,07,8.3883760059,NRSC VIC MODEL
Uttarakhand,Chamoli,2024-07-30,2024,07,3.7689371229,NRSC VIC MODEL
Uttarakhand,Chamoli,2024-08-09,2024,08,3.1171145852,NRSC VIC MODEL
Uttarakhand,Chamoli,2024-08-13,2024,08,21.1618636679,NRSC VIC MODEL
Uttarakhand,Chamoli,2024-08-19,2024,08,16.6357178108,NRSC VIC MODEL
Uttarakhand,Chamoli,2024-08-20,2024,08,12.7647212061,NRSC VIC MODEL
Uttarakhand,Chamoli,2024-08-21,2024,08,3.6236666078,NRSC VIC MODEL
Uttarakhand,Chamoli,2024-08-22,2024,08,5.1930778143,NRSC VIC MODEL
Uttarakhand,Chamoli,2024-09-01,2024,09,6.6755454889,NRSC VIC MODEL
Uttarakhand,Chamoli,2024-09-05,2024,09,8.2724668731,NRSC VIC MODEL
Uttarakhand,Chamoli,2024-09-07,2024,09,6.3181078157,NRSC VIC MODEL
Uttarakhand,Chamoli,2024-09-08,2024,09,0.3655676981,NRSC VIC MODEL
Uttarakhand,Chamoli,2024-09-13,2024,09,12.7264976191,NRSC VIC MODEL
Uttarakhand,Chamoli,2024-09-27,2024,09,4.4061116224,NRSC VIC MODEL
Uttarakhand,Chamoli,2024-10-03,2024,10,1.1177513395,NRSC VIC MODEL
Uttarakhand,Chamoli,2024-10-07,2024,10,0.2185885211,NRSC VIC MODEL
Uttarakhand,Chamoli,2024-10-12,2024,10,2.54863e-05,NRSC VIC MODEL
Uttarakhand,Chamoli,2024-10-13,2024,10,0,NRSC VIC MODEL
Uttarakhand,Chamoli,2024-10-18,2024,10,1.0938606099,NRSC VIC MODEL
Uttarakhand,Chamoli,2024-10-25,2024,10,0,NRSC VIC MODEL
Uttarakhand,Chamoli,2024-11-16,2024,11,0,NRSC VIC MODEL
Uttarakhand,Chamoli,2024-11-20,2024,11,0,NRSC VIC MODEL
Uttarakhand,Chamoli,2024-12-09,2024,12,1.3540488424,NRSC VIC MODEL
Uttarakhand,Chamoli,2024-12-11,2024,12,0.718472516,NRSC VIC MODEL
Uttarakhand,Chamoli,2024-12-14,2024,12,0,NRSC VIC MODEL
Uttarakhand,Chamoli,2024-12-16,2024,12,0,NRSC VIC MODEL
Uttarakhand,Chamoli,2024-12-28,2024,12,31.4343482224,NRSC VIC MODEL
Uttarakhand,Champawat,2024-01-10,2024,01,0,NRSC VIC MODEL
Uttarakhand,Champawat,2024-01-11,2024,01,0.0001165057,NRSC VIC MODEL
Uttarakhand,Champawat,2024-01-17,2024,01,0,NRSC VIC MODEL
Uttarakhand,Champawat,2024-01-18,2024,01,0,NRSC VIC MODEL
Uttarakhand,Champawat,2024-01-24,2024,01,0,NRSC VIC MODEL
Uttarakhand,Champawat,2024-01-29,2024,01,0,NRSC VIC MODEL
Uttarakhand,Champawat,2024-02-07,2024,02,0,NRSC VIC MODEL
Uttarakhand,Champawat,2024-02-09,2024,02,0,NRSC VIC MODEL
Uttarakhand,Champawat,2024-02-18,2024,02,0,NRSC VIC MODEL
Uttarakhand,Champawat,2024-02-19,2024,02,0.5791651596,NRSC VIC MODEL
Uttarakhand,Champawat,2024-02-25,2024,02,0.00588625,NRSC VIC MODEL
Uttarakhand,Champawat,2024-03-11,2024,03,0,NRSC VIC MODEL
Uttarakhand,Champawat,2024-03-14,2024,03,0,NRSC VIC MODEL
Uttarakhand,Champawat,2024-03-19,2024,03,0.0011028264,NRSC VIC MODEL
Uttarakhand,Champawat,2024-03-25,2024,03,0.4679507389,NRSC VIC MODEL
Uttarakhand,Champawat,2024-03-26,2024,03,0,NRSC VIC MODEL
Uttarakhand,Champawat,2024-03-28,2024,03,0,NRSC VIC MODEL
Uttarakhand,Champawat,2024-04-17,2024,04,0,NRSC VIC MODEL
Uttarakhand,Champawat,2024-04-20,2024,04,0.0039597748,NRSC VIC MODEL
Uttarakhand,Champawat,2024-04-22,2024,04,0,NRSC VIC MODEL
Uttarakhand,Champawat,2024-04-27,2024,04,0,NRSC VIC MODEL
Uttarakhand,Champawat,2024-04-28,2024,04,0.1268738739,NRSC VIC MODEL
Uttarakhand,Champawat,2024-05-02,2024,05,0.0384452142,NRSC VIC MODEL
Uttarakhand,Champawat,2024-05-04,2024,05,0.0883194849,NRSC VIC MODEL
Uttarakhand,Champawat,2024-05-11,2024,05,2.225686052,NRSC VIC MODEL
Uttarakhand,Champawat,2024-05-17,2024,05,0,NRSC VIC MODEL
Uttarakhand,Champawat,2024-05-23,2024,05,0.4450477446,NRSC VIC MODEL
Uttarakhand,Champawat,2024-05-29,2024,05,0.0064869548,NRSC VIC MODEL
Uttarakhand,Champawat,2024-05-30,2024,05,1.4894023878,NRSC VIC MODEL
Uttarakhand,Champawat,2024-05-31,2024,05,1.8572248658,NRSC VIC MODEL
Uttarakhand,Champawat,2024-06-01,2024,06,6.48695e-05,NRSC VIC MODEL
Uttarakhand,Champawat,2024-06-03,2024,06,0.1193088772,NRSC VIC MODEL
Uttarakhand,Champawat,2024-06-08,2024,06,0,NRSC VIC MODEL
Uttarakhand,Champawat,2024-06-13,2024,06,0.0004660228,NRSC VIC MODEL
Uttarakhand,Champawat,2024-06-16,2024,06,0,NRSC VIC MODEL
Uttarakhand,Champawat,2024-06-18,2024,06,0.032564513,NRSC VIC MODEL
Uttarakhand,Champawat,2024-06-26,2024,06,3.2961647131,NRSC VIC MODEL
Uttarakhand,Champawat,2024-06-27,2024,06,40.198418129,NRSC VIC MODEL
Uttarakhand,Champawat,2024-07-03,2024,07,38.5311935604,NRSC VIC MODEL
Uttarakhand,Champawat,2024-07-07,2024,07,108.131355303,NRSC VIC MODEL
Uttarakhand,Champawat,2024-07-14,2024,07,15.193862766,NRSC VIC MODEL
Uttarakhand,Champawat,2024-07-16,2024,07,0.3960573702,NRSC VIC MODEL
Uttarakhand,Champawat,2024-07-20,2024,07,2.4210247785,NRSC VIC MODEL
Uttarakhand,Champawat,2024-07-22,2024,07,15.150210077,NRSC VIC MODEL
Uttarakhand,Champawat,2024-07-30,2024,07,0.3633108389,NRSC VIC MODEL
Uttarakhand,Champawat,2024-08-06,2024,08,1.3647253765,NRSC VIC MODEL
Uttarakhand,Champawat,2024-08-10,2024,08,8.1654887217,NRSC VIC MODEL
Uttarakhand,Champawat,2024-08-11,2024,08,7.1023616733,NRSC VIC MODEL
Uttarakhand,Champawat,2024-08-13,2024,08,1.7711126961,NRSC VIC MODEL
Uttarakhand,Champawat,2024-08-18,2024,08,21.3411824109,NRSC VIC MODEL
Uttarakhand,Champawat,2024-08-23,2024,08,13.8546823693,NRSC VIC MODEL
Uttarakhand,Champawat,2024-08-24,2024,08,10.0864737725,NRSC VIC MODEL
Uttarakhand,Champawat,2024-09-01,2024,09,12.8596972472,NRSC VIC MODEL
Uttarakhand,Champawat,2024-09-02,2024,09,10.5401759803,NRSC VIC MODEL
Uttarakhand,Champawat,2024-09-08,2024,09,0,NRSC VIC MODEL
Uttarakhand,Champawat,2024-09-09,2024,09,5.59123739,NRSC VIC MODEL
Uttarakhand,Champawat,2024-09-14,2024,09,3.2387818938,NRSC VIC MODEL
Uttarakhand,Champawat,2024-09-15,2024,09,2.2763042108,NRSC VIC MODEL
Uttarakhand,Champawat,2024-09-20,2024,09,0.6056907355,NRSC VIC MODEL
Uttarakhand,Champawat,2024-10-03,2024,10,1.0793107547,NRSC VIC MODEL
Uttarakhand,Champawat,2024-10-08,2024,10,0.2547869764,NRSC VIC MODEL
Uttarakhand,Champawat,2024-10-09,2024,10,0.1269016818,NRSC VIC MODEL
Uttarakhand,Champawat,2024-10-14,2024,10,0.1377628417,NRSC VIC MODEL
Uttarakhand,Champawat,2024-10-27,2024,10,0,NRSC VIC MODEL
Uttarakhand,Champawat,2024-10-30,2024,10,0.0001165057,NRSC VIC MODEL
Uttarakhand,Champawat,2024-11-03,2024,11,0,NRSC VIC MODEL
Uttarakhand,Champawat,2024-11-07,2024,11,0,NRSC VIC MODEL
Uttarakhand,Champawat,2024-11-08,2024,11,0.0138397906,NRSC VIC MODEL
Uttarakhand,Champawat,2024-11-23,2024,11,0.0020971027,NRSC VIC MODEL
Uttarakhand,Champawat,2024-11-29,2024,11,0.0005825285,NRSC VIC MODEL
Uttarakhand,Champawat,2024-12-06,2024,12,0,NRSC VIC MODEL
Uttarakhand,Champawat,2024-12-07,2024,12,0.0002330114,NRSC VIC MODEL
Uttarakhand,Champawat,2024-12-08,2024,12,0.0002330114,NRSC VIC MODEL
Uttarakhand,Champawat,2024-12-13,2024,12,0,NRSC VIC MODEL
Uttarakhand,Champawat,2024-12-29,2024,12,0.3735466853,NRSC VIC MODEL
Uttarakhand,Champawat,2024-12-30,2024,12,0,NRSC VIC MODEL
Uttarakhand,Dehradun,2024-01-05,2024,01,0,NRSC VIC MODEL
Uttarakhand,Dehradun,2024-01-13,2024,01,0,NRSC VIC MODEL
Uttarakhand,Dehradun,2024-01-20,2024,01,0,NRSC VIC MODEL
Uttarakhand,Dehradun,2024-01-27,2024,01,0,NRSC VIC MODEL
Uttarakhand,Dehradun,2024-01-29,2024,01,0,NRSC VIC MODEL
Uttarakhand,Dehradun,2024-01-30,2024,01,0,NRSC VIC MODEL
Uttarakhand,Dehradun,2024-02-04,2024,02,3.9492233412,NRSC VIC MODEL
Uttarakhand,Dehradun,2024-02-07,2024,02,0.5069749964,NRSC VIC MODEL
Uttarakhand,Dehradun,2024-02-11,2024,02,0,NRSC VIC MODEL
Uttarakhand,Dehradun,2024-02-12,2024,02,0,NRSC VIC MODEL
Uttarakhand,Dehradun,2024-02-19,2024,02,0.0645603913,NRSC VIC MODEL
Uttarakhand,Dehradun,2024-02-22,2024,02,0.5018162858,NRSC VIC MODEL
Uttarakhand,Dehradun,2024-03-01,2024,03,0,NRSC VIC MODEL
Uttarakhand,Dehradun,2024-03-04,2024,03,15.2795991278,NRSC VIC MODEL
Uttarakhand,Dehradun,2024-03-08,2024,03,0,NRSC VIC MODEL
Uttarakhand,Dehradun,2024-03-12,2024,03,0.0142937502,NRSC VIC MODEL
Uttarakhand,Dehradun,2024-03-14,2024,03,0.0024905843,NRSC VIC MODEL
Uttarakhand,Dehradun,2024-03-15,2024,03,0.0001838845,NRSC VIC MODEL
Uttarakhand,Dehradun,2024-03-20,2024,03,0.0225547393,NRSC VIC MODEL
Uttarakhand,Dehradun,2024-03-21,2024,03,2.37395e-05,NRSC VIC MODEL
Uttarakhand,Dehradun,2024-03-23,2024,03,0,NRSC VIC MODEL
Uttarakhand,Dehradun,2024-03-24,2024,03,0,NRSC VIC MODEL
Uttarakhand,Dehradun,2024-04-22,2024,04,0.0002514168,NRSC VIC MODEL
Uttarakhand,Dehradun,2024-04-26,2024,04,0.0002095457,NRSC VIC MODEL
Uttarakhand,Dehradun,2024-05-03,2024,05,0,NRSC VIC MODEL
Uttarakhand,Dehradun,2024-05-09,2024,05,1.4887656803,NRSC VIC MODEL
Uttarakhand,Dehradun,2024-05-19,2024,05,0.1375708853,NRSC VIC MODEL
Uttarakhand,Dehradun,2024-05-21,2024,05,2.3297980939,NRSC VIC MODEL
Uttarakhand,Dehradun,2024-05-26,2024,05,0.005576151,NRSC VIC MODEL
Uttarakhand,Dehradun,2024-06-01,2024,06,1.6234e-06,NRSC VIC MODEL
Uttarakhand,Dehradun,2024-06-04,2024,06,0.4471256111,NRSC VIC MODEL
Uttarakhand,Dehradun,2024-06-06,2024,06,9.5492105091,NRSC VIC MODEL
Uttarakhand,Dehradun,2024-06-08,2024,06,0.0004760398,NRSC VIC MODEL
Uttarakhand,Dehradun,2024-06-15,2024,06,0.0026718248,NRSC VIC MODEL
Uttarakhand,Dehradun,2024-06-16,2024,06,2.37395e-05,NRSC VIC MODEL
Uttarakhand,Dehradun,2024-06-19,2024,06,0.0385749182,NRSC VIC MODEL
Uttarakhand,Dehradun,2024-06-21,2024,06,0.1370693661,NRSC VIC MODEL
Uttarakhand,Dehradun,2024-07-01,2024,07,11.4484842087,NRSC VIC MODEL
Uttarakhand,Dehradun,2024-07-07,2024,07,20.2910737115,NRSC VIC MODEL
Uttarakhand,Dehradun,2024-07-08,2024,07,15.9925318885,NRSC VIC MODEL
Uttarakhand,Dehradun,2024-07-18,2024,07,15.1629409663,NRSC VIC MODEL
Uttarakhand,Dehradun,2024-08-01,2024,08,9.9401321181,NRSC VIC MODEL
Uttarakhand,Dehradun,2024-08-10,2024,08,22.0273998804,NRSC VIC MODEL
Uttarakhand,Dehradun,2024-08-16,2024,08,16.6686159042,NRSC VIC MODEL
Uttarakhand,Dehradun,2024-08-17,2024,08,15.4450595513,NRSC VIC MODEL
Uttarakhand,Dehradun,2024-08-26,2024,08,13.2470298895,NRSC VIC MODEL
Uttarakhand,Dehradun,2024-08-29,2024,08,5.2496636601,NRSC VIC MODEL
Uttarakhand,Dehradun,2024-09-06,2024,09,16.0430144708,NRSC VIC MODEL
Uttarakhand,Dehradun,2024-09-18,2024,09,3.3348871233,NRSC VIC MODEL
Uttarakhand,Dehradun,2024-09-28,2024,09,3.4171913144,NRSC VIC MODEL
Uttarakhand,Dehradun,2024-10-01,2024,10,0,NRSC VIC MODEL
Uttarakhand,Dehradun,2024-10-02,2024,10,0,NRSC VIC MODEL
Uttarakhand,Dehradun,2024-10-04,2024,10,0.0047478979,NRSC VIC MODEL
Uttarakhand,Dehradun,2024-10-06,2024,10,0.0394162893,NRSC VIC MODEL
Uttarakhand,Dehradun,2024-10-12,2024,10,0,NRSC VIC MODEL
Uttarakhand,Dehradun,2024-10-15,2024,10,0,NRSC VIC MODEL
Uttarakhand,Dehradun,2024-10-21,2024,10,0,NRSC VIC MODEL
Uttarakhand,Dehradun,2024-10-22,2024,10,2.37395e-05,NRSC VIC MODEL
Uttarakhand,Dehradun,2024-10-23,2024,10,0.0677828851,NRSC VIC MODEL
Uttarakhand,Dehradun,2024-10-24,2024,10,0,NRSC VIC MODEL
Uttarakhand,Dehradun,2024-10-26,2024,10,0,NRSC VIC MODEL
Uttarakhand,Dehradun,2024-11-03,2024,11,0,NRSC VIC MODEL
Uttarakhand,Dehradun,2024-11-06,2024,11,0,NRSC VIC MODEL
Uttarakhand,Dehradun,2024-11-13,2024,11,0,NRSC VIC MODEL
Uttarakhand,Dehradun,2024-11-14,2024,11,0,NRSC VIC MODEL
Uttarakhand,Dehradun,2024-11-17,2024,11,0,NRSC VIC MODEL
Uttarakhand,Dehradun,2024-11-23,2024,11,2.37395e-05,NRSC VIC MODEL
Uttarakhand,Dehradun,2024-11-26,2024,11,0,NRSC VIC MODEL
Uttarakhand,Dehradun,2024-12-05,2024,12,0,NRSC VIC MODEL
Uttarakhand,Dehradun,2024-12-08,2024,12,0.0004152479,NRSC VIC MODEL
Uttarakhand,Dehradun,2024-12-12,2024,12,0,NRSC VIC MODEL
Uttarakhand,Dehradun,2024-12-21,2024,12,0,NRSC VIC MODEL
Uttarakhand,Dehradun,2024-12-27,2024,12,0.0116513696,NRSC VIC MODEL
Uttarakhand,Haridwar,2024-01-02,2024,01,0,NRSC VIC MODEL
Uttarakhand,Haridwar,2024-01-08,2024,01,0,NRSC VIC MODEL
Uttarakhand,Haridwar,2024-01-13,2024,01,0,NRSC VIC MODEL
Uttarakhand,Haridwar,2024-01-15,2024,01,0,NRSC VIC MODEL
Uttarakhand,Haridwar,2024-02-02,2024,02,0,NRSC VIC MODEL
Uttarakhand,Haridwar,2024-02-03,2024,02,0.5614019638,NRSC VIC MODEL
Uttarakhand,Haridwar,2024-02-14,2024,02,0,NRSC VIC MODEL
Uttarakhand,Haridwar,2024-02-15,2024,02,0,NRSC VIC MODEL
Uttarakhand,Haridwar,2024-02-27,2024,02,0.0413050298,NRSC VIC MODEL
Uttarakhand,Haridwar,2024-03-03,2024,03,13.4027588907,NRSC VIC MODEL
Uttarakhand,Haridwar,2024-03-05,2024,03,0.0010268727,NRSC VIC MODEL
Uttarakhand,Haridwar,2024-03-07,2024,03,0,NRSC VIC MODEL
Uttarakhand,Haridwar,2024-03-12,2024,03,0,NRSC VIC MODEL
Uttarakhand,Haridwar,2024-03-16,2024,03,0,NRSC VIC MODEL
Uttarakhand,Haridwar,2024-03-17,2024,03,0,NRSC VIC MODEL
Uttarakhand,Haridwar,2024-03-19,2024,03,0,NRSC VIC MODEL
Uttarakhand,Haridwar,2024-03-22,2024,03,0,NRSC VIC MODEL
Uttarakhand,Haridwar,2024-03-25,2024,03,0.0261150245,NRSC VIC MODEL
Uttarakhand,Haridwar,2024-03-26,2024,03,0,NRSC VIC MODEL
Uttarakhand,Haridwar,2024-04-02,2024,04,0,NRSC VIC MODEL
Uttarakhand,Haridwar,2024-04-03,2024,04,0,NRSC VIC MODEL
Uttarakhand,Haridwar,2024-04-11,2024,04,0.0813612061,NRSC VIC MODEL
Uttarakhand,Haridwar,2024-04-13,2024,04,0.6493962457,NRSC VIC MODEL
Uttarakhand,Haridwar,2024-04-14,2024,04,0,NRSC VIC MODEL
Uttarakhand,Haridwar,2024-04-15,2024,04,0,NRSC VIC MODEL
Uttarakhand,Haridwar,2024-04-16,2024,04,0,NRSC VIC MODEL
Uttarakhand,Haridwar,2024-04-27,2024,04,0,NRSC VIC MODEL
Uttarakhand,Haridwar,2024-05-03,2024,05,0,NRSC VIC MODEL
Uttarakhand,Haridwar,2024-05-11,2024,05,0.1715633791,NRSC VIC MODEL
Uttarakhand,Haridwar,2024-05-12,2024,05,0.0057050664,NRSC VIC MODEL
Uttarakhand,Haridwar,2024-05-13,2024,05,0.0020071874,NRSC VIC MODEL
Uttarakhand,Haridwar,2024-05-28,2024,05,0,NRSC VIC MODEL
Uttarakhand,Haridwar,2024-06-08,2024,06,0,NRSC VIC MODEL
Uttarakhand,Haridwar,2024-06-13,2024,06,0,NRSC VIC MODEL
Uttarakhand,Haridwar,2024-06-28,2024,06,3.0855885874,NRSC VIC MODEL
Uttarakhand,Haridwar,2024-07-06,2024,07,23.9118190809,NRSC VIC MODEL
Uttarakhand,Haridwar,2024-07-09,2024,07,0.6090454966,NRSC VIC MODEL
Uttarakhand,Haridwar,2024-07-13,2024,07,3.4164750606,NRSC VIC MODEL
Uttarakhand,Haridwar,2024-07-19,2024,07,1.9904598035,NRSC VIC MODEL
Uttarakhand,Haridwar,2024-07-20,2024,07,2.0456400531,NRSC VIC MODEL
Uttarakhand,Haridwar,2024-07-23,2024,07,45.4099750546,NRSC VIC MODEL
Uttarakhand,Haridwar,2024-07-26,2024,07,1.1708501776,NRSC VIC MODEL
Uttarakhand,Haridwar,2024-08-05,2024,08,18.6697710086,NRSC VIC MODEL
Uttarakhand,Haridwar,2024-08-06,2024,08,1.313726976,NRSC VIC MODEL
Uttarakhand,Haridwar,2024-08-07,2024,08,11.6345266108,NRSC VIC MODEL
Uttarakhand,Haridwar,2024-08-11,2024,08,7.3611312535,NRSC VIC MODEL
Uttarakhand,Haridwar,2024-08-14,2024,08,12.8438410541,NRSC VIC MODEL
Uttarakhand,Haridwar,2024-08-15,2024,08,15.2823478994,NRSC VIC MODEL
Uttarakhand,Haridwar,2024-08-18,2024,08,20.6779564452,NRSC VIC MODEL
Uttarakhand,Haridwar,2024-08-30,2024,08,0.373875375,NRSC VIC MODEL
Uttarakhand,Haridwar,2024-09-04,2024,09,7.536876933,NRSC VIC MODEL
Uttarakhand,Haridwar,2024-09-09,2024,09,1.5046593219,NRSC VIC MODEL
Uttarakhand,Haridwar,2024-09-15,2024,09,0.2875252914,NRSC VIC MODEL
Uttarakhand,Haridwar,2024-09-16,2024,09,0,NRSC VIC MODEL
Uttarakhand,Haridwar,2024-09-26,2024,09,18.015121633,NRSC VIC MODEL
Uttarakhand,Haridwar,2024-10-03,2024,10,0,NRSC VIC MODEL
Uttarakhand,Haridwar,2024-10-04,2024,10,0,NRSC VIC MODEL
Uttarakhand,Haridwar,2024-10-08,2024,10,0,NRSC VIC MODEL
Uttarakhand,Haridwar,2024-10-12,2024,10,0,NRSC VIC MODEL
Uttarakhand,Haridwar,2024-10-19,2024,10,0.0884379397,NRSC VIC MODEL
Uttarakhand,Haridwar,2024-10-21,2024,10,0,NRSC VIC MODEL
Uttarakhand,Haridwar,2024-11-08,2024,11,0,NRSC VIC MODEL
Uttarakhand,Haridwar,2024-11-16,2024,11,0,NRSC VIC MODEL
Uttarakhand,Haridwar,2024-11-18,2024,11,0,NRSC VIC MODEL
Uttarakhand,Haridwar,2024-11-25,2024,11,0,NRSC VIC MODEL
Uttarakhand,Haridwar,2024-12-08,2024,12,0,NRSC VIC MODEL
Uttarakhand,Haridwar,2024-12-10,2024,12,0,NRSC VIC MODEL
Uttarakhand,Haridwar,2024-12-13,2024,12,0,NRSC VIC MODEL
Uttarakhand,Haridwar,2024-12-17,2024,12,0,NRSC VIC MODEL
Uttarakhand,Haridwar,2024-12-18,2024,12,0,NRSC VIC MODEL
Uttarakhand,Haridwar,2024-12-20,2024,12,0,NRSC VIC MODEL
Uttarakhand,Haridwar,2024-12-21,2024,12,0,NRSC VIC MODEL
Uttarakhand,Haridwar,2024-12-27,2024,12,0.118428399,NRSC VIC MODEL
Uttarakhand,Haridwar,2024-12-28,2024,12,21.0234582639,NRSC VIC MODEL
Uttarakhand,Nainital,2024-01-02,2024,01,0,NRSC VIC MODEL
Uttarakhand,Nainital,2024-01-07,2024,01,0,NRSC VIC MODEL
Uttarakhand,Nainital,2024-01-20,2024,01,0.0704014657,NRSC VIC MODEL
Uttarakhand,Nainital,2024-01-24,2024,01,0,NRSC VIC MODEL
Uttarakhand,Nainital,2024-01-30,2024,01,0,NRSC VIC MODEL
Uttarakhand,Nainital,2024-02-10,2024,02,0.0002563139,NRSC VIC MODEL
Uttarakhand,Nainital,2024-02-11,2024,02,0,NRSC VIC MODEL
Uttarakhand,Nainital,2024-02-13,2024,02,0,NRSC VIC MODEL
Uttarakhand,Nainital,2024-02-18,2024,02,0,NRSC VIC MODEL
Uttarakhand,Nainital,2024-02-27,2024,02,2.8224e-06,NRSC VIC MODEL
Uttarakhand,Nainital,2024-02-29,2024,02,0,NRSC VIC MODEL
Uttarakhand,Nainital,2024-03-03,2024,03,9.8143451329,NRSC VIC MODEL
Uttarakhand,Nainital,2024-03-09,2024,03,0,NRSC VIC MODEL
Uttarakhand,Nainital,2024-03-10,2024,03,0.0002050511,NRSC VIC MODEL
Uttarakhand,Nainital,2024-03-14,2024,03,0,NRSC VIC MODEL
Uttarakhand,Nainital,2024-03-16,2024,03,0,NRSC VIC MODEL
Uttarakhand,Nainital,2024-03-17,2024,03,0.0020522874,NRSC VIC MODEL
Uttarakhand,Nainital,2024-03-21,2024,03,0,NRSC VIC MODEL
Uttarakhand,Nainital,2024-03-23,2024,03,0,NRSC VIC MODEL
Uttarakhand,Nainital,2024-03-25,2024,03,0.2258999606,NRSC VIC MODEL
Uttarakhand,Nainital,2024-03-30,2024,03,0.9159640983,NRSC VIC MODEL
Uttarakhand,Nainital,2024-04-02,2024,04,0.0002842133,NRSC VIC MODEL
Uttarakhand,Nainital,2024-04-04,2024,04,0,NRSC VIC MODEL
Uttarakhand,Nainital,2024-04-06,2024,04,0,NRSC VIC MODEL
Uttarakhand,Nainital,2024-04-07,2024,04,0.0397753405,NRSC VIC MODEL
Uttarakhand,Nainital,2024-04-15,2024,04,0,NRSC VIC MODEL
Uttarakhand,Nainital,2024-04-17,2024,04,0,NRSC VIC MODEL
Uttarakhand,Nainital,2024-04-18,2024,04,5.33633e-05,NRSC VIC MODEL
Uttarakhand,Nainital,2024-04-19,2024,04,7.231e-07,NRSC VIC MODEL
Uttarakhand,Nainital,2024-04-20,2024,04,0.0134058923,NRSC VIC MODEL
Uttarakhand,Nainital,2024-04-22,2024,04,0.1093982829,NRSC VIC MODEL
Uttarakhand,Pithoragarh,2024-07-19,2024,07,17.9272299663,NRSC VIC MODEL
Uttarakhand,Pithoragarh,2024-07-23,2024,07,4.1005954886,NRSC VIC MODEL
Uttarakhand,Pithoragarh,2024-08-03,2024,08,10.9136779993,NRSC VIC MODEL
Uttarakhand,Pithoragarh,2024-08-06,2024,08,3.1222373865,NRSC VIC MODEL
Uttarakhand,Pithoragarh,2024-08-07,2024,08,21.6255024277,NRSC VIC MODEL
Uttarakhand,Pithoragarh,2024-08-08,2024,08,7.13500222,NRSC VIC MODEL
Uttarakhand,Pithoragarh,2024-08-18,2024,08,14.2457468548,NRSC VIC MODEL
Uttarakhand,Pithoragarh,2024-08-19,2024,08,14.4093956663,NRSC VIC MODEL
Uttarakhand,Pithoragarh,2024-08-20,2024,08,13.4331070896,NRSC VIC MODEL
Uttarakhand,Pithoragarh,2024-08-23,2024,08,6.4933376222,NRSC VIC MODEL
Uttarakhand,Pithoragarh,2024-08-30,2024,08,3.7665816348,NRSC VIC MODEL
Uttarakhand,Pithoragarh,2024-09-05,2024,09,7.8443760324,NRSC VIC MODEL
Uttarakhand,Pithoragarh,2024-09-07,2024,09,6.9891171551,NRSC VIC MODEL
Uttarakhand,Pithoragarh,2024-09-08,2024,09,0,NRSC VIC MODEL
Uttarakhand,Pithoragarh,2024-09-09,2024,09,4.9065470787,NRSC VIC MODEL
Uttarakhand,Pithoragarh,2024-09-26,2024,09,9.8561441487,NRSC VIC MODEL
Uttarakhand,Pithoragarh,2024-09-28,2024,09,3.1992706945,NRSC VIC MODEL
Uttarakhand,Pithoragarh,2024-10-05,2024,10,0.861239481,NRSC VIC MODEL
Uttarakhand,Pithoragarh,2024-10-20,2024,10,0.6251079928,NRSC VIC MODEL
Uttarakhand,Pithoragarh,2024-10-22,2024,10,0.5627119621,NRSC VIC MODEL
Uttarakhand,Pithoragarh,2024-10-26,2024,10,0.1148613539,NRSC VIC MODEL
Uttarakhand,Pithoragarh,2024-11-08,2024,11,0.5278308401,NRSC VIC MODEL
Uttarakhand,Pithoragarh,2024-11-09,2024,11,1.0149436063,NRSC VIC MODEL
Uttarakhand,Pithoragarh,2024-11-22,2024,11,0.1214849278,NRSC VIC MODEL
Uttarakhand,Pithoragarh,2024-11-25,2024,11,0.0046880768,NRSC VIC MODEL
Uttarakhand,Pithoragarh,2024-11-30,2024,11,0.1994485676,NRSC VIC MODEL
Uttarakhand,Pithoragarh,2024-12-03,2024,12,0,NRSC VIC MODEL
Uttarakhand,Pithoragarh,2024-12-12,2024,12,0,NRSC VIC MODEL
Uttarakhand,Pithoragarh,2024-12-13,2024,12,5.71805e-05,NRSC VIC MODEL
Uttarakhand,Pithoragarh,2024-12-26,2024,12,0.3271256718,NRSC VIC MODEL
Uttarakhand,Pithoragarh,2024-12-29,2024,12,0.7517296857,NRSC VIC MODEL
Uttarakhand,Rudra Prayag,2024-01-01,2024,01,1.2560368692,NRSC VIC MODEL
Uttarakhand,Rudra Prayag,2024-01-02,2024,01,0,NRSC VIC MODEL
Uttarakhand,Rudra Prayag,2024-01-15,2024,01,0,NRSC VIC MODEL
Uttarakhand,Rudra Prayag,2024-01-18,2024,01,0.005058968,NRSC VIC MODEL
Uttarakhand,Rudra Prayag,2024-01-21,2024,01,0,NRSC VIC MODEL
Uttarakhand,Rudra Prayag,2024-01-23,2024,01,0,NRSC VIC MODEL
Uttarakhand,Rudra Prayag,2024-02-06,2024,02,0.6909898753,NRSC VIC MODEL
Uttarakhand,Rudra Prayag,2024-02-16,2024,02,3.18524e-05,NRSC VIC MODEL
Uttarakhand,Rudra Prayag,2024-02-24,2024,02,0.2566752835,NRSC VIC MODEL
Uttarakhand,Rudra Prayag,2024-02-29,2024,02,0,NRSC VIC MODEL
Uttarakhand,Rudra Prayag,2024-03-02,2024,03,6.5739526859,NRSC VIC MODEL
Uttarakhand,Rudra Prayag,2024-03-04,2024,03,26.4249325146,NRSC VIC MODEL
Uttarakhand,Rudra Prayag,2024-03-15,2024,03,0.008813123,NRSC VIC MODEL
Uttarakhand,Rudra Prayag,2024-03-26,2024,03,0,NRSC VIC MODEL
Uttarakhand,Rudra Prayag,2024-04-07,2024,04,0,NRSC VIC MODEL
Uttarakhand,Rudra Prayag,2024-04-09,2024,04,0,NRSC VIC MODEL
Uttarakhand,Rudra Prayag,2024-04-11,2024,04,2.7208298269,NRSC VIC MODEL
Uttarakhand,Rudra Prayag,2024-04-16,2024,04,0,NRSC VIC MODEL
Uttarakhand,Rudra Prayag,2024-04-28,2024,04,3.9458872983,NRSC VIC MODEL
Uttarakhand,Rudra Prayag,2024-05-03,2024,05,0,NRSC VIC MODEL
Uttarakhand,Rudra Prayag,2024-05-04,2024,05,0.6517246046,NRSC VIC MODEL
Uttarakhand,Rudra Prayag,2024-05-06,2024,05,0.2131871142,NRSC VIC MODEL
Uttarakhand,Rudra Prayag,2024-05-19,2024,05,0.3618162881,NRSC VIC MODEL
Uttarakhand,Rudra Prayag,2024-05-21,2024,05,9.0528037365,NRSC VIC MODEL
Uttarakhand,Rudra Prayag,2024-05-22,2024,05,4.2866365687,NRSC VIC MODEL
Uttarakhand,Rudra Prayag,2024-05-27,2024,05,0.0990032611,NRSC VIC MODEL
Uttarakhand,Rudra Prayag,2024-05-28,2024,05,0.1292519009,NRSC VIC MODEL
Uttarakhand,Rudra Prayag,2024-05-29,2024,05,0.547152181,NRSC VIC MODEL
Uttarakhand,Rudra Prayag,2024-06-01,2024,06,0.051495302,NRSC VIC MODEL
Uttarakhand,Rudra Prayag,2024-06-04,2024,06,8.1111728626,NRSC VIC MODEL
Uttarakhand,Rudra Prayag,2024-06-06,2024,06,7.8619899801,NRSC VIC MODEL
Uttarakhand,Rudra Prayag,2024-06-15,2024,06,0.0584866129,NRSC VIC MODEL
Uttarakhand,Rudra Prayag,2024-06-16,2024,06,1.0612369956,NRSC VIC MODEL
Uttarakhand,Rudra Prayag,2024-06-18,2024,06,0.0101227397,NRSC VIC MODEL
Uttarakhand,Rudra Prayag,2024-06-21,2024,06,1.9115102054,NRSC VIC MODEL
Uttarakhand,Rudra Prayag,2024-06-25,2024,06,4.1784278058,NRSC VIC MODEL
Uttarakhand,Rudra Prayag,2024-06-27,2024,06,5.2812373535,NRSC VIC MODEL
Uttarakhand,Rudra Prayag,2024-06-30,2024,06,14.525975157,NRSC VIC MODEL
Uttarakhand,Rudra Prayag,2024-07-01,2024,07,8.7183812472,NRSC VIC MODEL
Uttarakhand,Rudra Prayag,2024-07-02,2024,07,8.9226352917,NRSC VIC MODEL
Uttarakhand,Rudra Prayag,2024-07-07,2024,07,21.6529169395,NRSC VIC MODEL
Uttarakhand,Rudra Prayag,2024-07-17,2024,07,3.4802541297,NRSC VIC MODEL
Uttarakhand,Rudra Prayag,2024-07-19,2024,07,0.7266558345,NRSC VIC MODEL
Uttarakhand,Rudra Prayag,2024-07-21,2024,07,10.6075448181,NRSC VIC MODEL
Uttarakhand,Rudra Prayag,2024-07-22,2024,07,19.525494662,NRSC VIC MODEL
Uttarakhand,Almora,2024-01-04,2024,01,0,NRSC VIC MODEL
Uttarakhand,Almora,2024-01-05,2024,01,0,NRSC VIC MODEL
Uttarakhand,Almora,2024-01-06,2024,01,0,NRSC VIC MODEL
Uttarakhand,Almora,2024-01-12,2024,01,0,NRSC VIC MODEL
Uttarakhand,Almora,2024-01-14,2024,01,0,NRSC VIC MODEL
Uttarakhand,Almora,2024-01-23,2024,01,0,NRSC VIC MODEL
Uttarakhand,Almora,2024-01-28,2024,01,0,NRSC VIC MODEL
Uttarakhand,Almora,2024-02-05,2024,02,4.0172892723,NRSC VIC MODEL
Uttarakhand,Almora,2024-02-17,2024,02,0,NRSC VIC MODEL
Uttarakhand,Almora,2024-02-19,2024,02,0.4823362099,NRSC VIC MODEL
Uttarakhand,Almora,2024-02-26,2024,02,0,NRSC VIC MODEL
Uttarakhand,Almora,2024-03-01,2024,03,0,NRSC VIC MODEL
Uttarakhand,Almora,2024-03-05,2024,03,0.1583687007,NRSC VIC MODEL
Uttarakhand,Almora,2024-03-12,2024,03,0.0045850956,NRSC VIC MODEL
Uttarakhand,Almora,2024-03-13,2024,03,0.0491356068,NRSC VIC MODEL
Uttarakhand,Almora,2024-03-14,2024,03,0,NRSC VIC MODEL
Uttarakhand,Almora,2024-03-16,2024,03,0,NRSC VIC MODEL
Uttarakhand,Almora,2024-03-18,2024,03,0,NRSC VIC MODEL
Uttarakhand,Almora,2024-03-20,2024,03,0.0186340353,NRSC VIC MODEL
Uttarakhand,Almora,2024-03-28,2024,03,0,NRSC VIC MODEL
Uttarakhand,Almora,2024-03-29,2024,03,0,NRSC VIC MODEL
Uttarakhand,Almora,2024-03-30,2024,03,1.06541691,NRSC VIC MODEL
Uttarakhand,Almora,2024-04-09,2024,04,0.0019520105,NRSC VIC MODEL
Uttarakhand,Almora,2024-04-11,2024,04,0,NRSC VIC MODEL
Uttarakhand,Almora,2024-04-13,2024,04,0.2698849511,NRSC VIC MODEL
Uttarakhand,Almora,2024-04-15,2024,04,0,NRSC VIC MODEL
Uttarakhand,Almora,2024-04-30,2024,04,3.7311852549,NRSC VIC MODEL
Uttarakhand,Almora,2024-05-02,2024,05,0.002046204,NRSC VIC MODEL
Uttarakhand,Almora,2024-05-06,2024,05,0,NRSC VIC MODEL
Uttarakhand,Almora,2024-05-07,2024,05,0.664031815,NRSC VIC MODEL
Uttarakhand,Almora,2024-05-19,2024,05,0.5043506815,NRSC VIC MODEL
Uttarakhand,Almora,2024-05-22,2024,05,0.3515551939,NRSC VIC MODEL
Uttarakhand,Almora,2024-05-23,2024,05,4.901617329,NRSC VIC MODEL
Uttarakhand,Almora,2024-05-26,2024,05,0.7197062935,NRSC VIC MODEL
Uttarakhand,Almora,2024-06-02,2024,06,1.9894052266,NRSC VIC MODEL
Uttarakhand,Almora,2024-06-03,2024,06,0.1986018629,NRSC VIC MODEL
Uttarakhand,Almora,2024-06-09,2024,06,1.78382e-05,NRSC VIC MODEL
Uttarakhand,Almora,2024-06-29,2024,06,0.6369147315,NRSC VIC MODEL
Uttarakhand,Almora,2024-07-08,2024,07,53.1906241551,NRSC VIC MODEL
Uttarakhand,Almora,2024-07-15,2024,07,0.984457199,NRSC VIC MODEL
Uttarakhand,Almora,2024-07-19,2024,07,0.9230516248,NRSC VIC MODEL
Uttarakhand,Almora,2024-07-21,2024,07,21.8670933224,NRSC VIC MODEL
Uttarakhand,Almora,2024-07-22,2024,07,11.2269056867,NRSC VIC MODEL
Uttarakhand,Almora,2024-07-26,2024,07,25.3027536111,NRSC VIC MODEL
Uttarakhand,Almora,2024-07-27,2024,07,24.1353778668,NRSC VIC MODEL
Uttarakhand,Almora,2024-08-03,2024,08,14.3519380608,NRSC VIC MODEL
Uttarakhand,Almora,2024-08-05,2024,08,10.9775340311,NRSC VIC MODEL
Uttarakhand,Almora,2024-08-20,2024,08,25.3301264124,NRSC VIC MODEL
Uttarakhand,Almora,2024-08-24,2024,08,12.5128521286,NRSC VIC MODEL
Uttarakhand,Almora,2024-09-08,2024,09,0,NRSC VIC MODEL
Uttarakhand,Almora,2024-09-10,2024,09,10.2146830637,NRSC VIC MODEL
Uttarakhand,Almora,2024-09-18,2024,09,0.1081684952,NRSC VIC MODEL
Uttarakhand,Almora,2024-09-20,2024,09,1.2540057443,NRSC VIC MODEL
Uttarakhand,Almora,2024-09-21,2024,09,3.3132414035,NRSC VIC MODEL
Uttarakhand,Almora,2024-09-30,2024,09,0.1679162247,NRSC VIC MODEL
Uttarakhand,Almora,2024-10-03,2024,10,0.3784077405,NRSC VIC MODEL
Uttarakhand,Almora,2024-10-09,2024,10,0.8388936901,NRSC VIC MODEL
Uttarakhand,Almora,2024-10-10,2024,10,0.0038635336,NRSC VIC MODEL
Uttarakhand,Almora,2024-10-16,2024,10,0.0733536611,NRSC VIC MODEL
Uttarakhand,Almora,2024-10-17,2024,10,0.5891571089,NRSC VIC MODEL
Uttarakhand,Almora,2024-10-29,2024,10,0,NRSC VIC MODEL
Uttarakhand,Almora,2024-11-01,2024,11,0.1558504699,NRSC VIC MODEL
Uttarakhand,Almora,2024-11-02,2024,11,0,NRSC VIC MODEL
Uttarakhand,Almora,2024-11-22,2024,11,0.0028228702,NRSC VIC MODEL
Uttarakhand,Almora,2024-12-05,2024,12,4.16102e-05,NRSC VIC MODEL
Uttarakhand,Almora,2024-12-06,2024,12,0,NRSC VIC MODEL
Uttarakhand,Almora,2024-12-13,2024,12,0.0182526598,NRSC VIC MODEL
Uttarakhand,Almora,2024-12-30,2024,12,1.0226687848,NRSC VIC MODEL
Uttarakhand,Bageshwar,2024-01-05,2024,01,0,NRSC VIC MODEL
Uttarakhand,Bageshwar,2024-01-06,2024,01,0,NRSC VIC MODEL
Uttarakhand,Bageshwar,2024-01-15,2024,01,0,NRSC VIC MODEL
Uttarakhand,Bageshwar,2024-01-17,2024,01,0,NRSC VIC MODEL
Uttarakhand,Bageshwar,2024-01-30,2024,01,0,NRSC VIC MODEL
Uttarakhand,Bageshwar,2024-02-01,2024,02,2.7866008984,NRSC VIC MODEL
Uttarakhand,Bageshwar,2024-02-04,2024,02,1.6133770459,NRSC VIC MODEL
Uttarakhand,Bageshwar,2024-02-05,2024,02,3.9679990169,NRSC VIC MODEL
Uttarakhand,Bageshwar,2024-02-09,2024,02,0,NRSC VIC MODEL
Uttarakhand,Bageshwar,2024-02-10,2024,02,0,NRSC VIC MODEL
Uttarakhand,Bageshwar,2024-02-13,2024,02,0,NRSC VIC MODEL
Uttarakhand,Bageshwar,2024-02-19,2024,02,7.8564768351,NRSC VIC MODEL
Uttarakhand,Bageshwar,2024-02-21,2024,02,2.0208361024,NRSC VIC MODEL
Uttarakhand,Bageshwar,2024-02-22,2024,02,0.0513952205,NRSC VIC MODEL
Uttarakhand,Bageshwar,2024-02-23,2024,02,0.8345441702,NRSC VIC MODEL
Uttarakhand,Bageshwar,2024-02-27,2024,02,0,NRSC VIC MODEL
Uttarakhand,Bageshwar,2024-03-05,2024,03,1.7970559878,NRSC VIC MODEL
Uttarakhand,Bageshwar,2024-03-08,2024,03,0.2190619778,NRSC VIC MODEL
Uttarakhand,Bageshwar,2024-03-10,2024,03,0,NRSC VIC MODEL
Uttarakhand,Bageshwar,2024-03-15,2024,03,0.5063808113,NRSC VIC MODEL
Uttarakhand,Bageshwar,2024-03-16,2024,03,0,NRSC VIC MODEL
Uttarakhand,Bageshwar,2024-03-24,2024,03,0,NRSC VIC MODEL
Uttarakhand,Bageshwar,2024-04-04,2024,04,0.9913114687,NRSC VIC MODEL
Uttarakhand,Bageshwar,2024-04-07,2024,04,0,NRSC VIC MODEL
Uttarakhand,Bageshwar,2024-04-21,2024,04,0,NRSC VIC MODEL
Uttarakhand,Bageshwar,2024-04-22,2024,04,0,NRSC VIC MODEL
Uttarakhand,Uttar Kashi,2024-12-29,2024,12,0.6370284119,NRSC VIC MODEL
Uttarakhand,Bageshwar,2024-05-25,2024,05,1.1457695802,NRSC VIC MODEL
Uttarakhand,Bageshwar,2024-06-01,2024,06,0.5263345971,NRSC VIC MODEL
Uttarakhand,Bageshwar,2024-06-09,2024,06,0.6817252346,NRSC VIC MODEL
Uttarakhand,Bageshwar,2024-06-13,2024,06,0.552689939,NRSC VIC MODEL
Uttarakhand,Bageshwar,2024-06-20,2024,06,10.2603914469,NRSC VIC MODEL
Uttarakhand,Bageshwar,2024-06-22,2024,06,4.3390343272,NRSC VIC MODEL
Uttarakhand,Bageshwar,2024-06-24,2024,06,6.9779321248,NRSC VIC MODEL
Uttarakhand,Bageshwar,2024-06-25,2024,06,5.6318058329,NRSC VIC MODEL
Uttarakhand,Bageshwar,2024-06-26,2024,06,18.2653417043,NRSC VIC MODEL
Uttarakhand,Bageshwar,2024-07-09,2024,07,11.3676046808,NRSC VIC MODEL
Uttarakhand,Bageshwar,2024-07-21,2024,07,27.5554877692,NRSC VIC MODEL
Uttarakhand,Bageshwar,2024-08-13,2024,08,26.6046706402,NRSC VIC MODEL
Uttarakhand,Bageshwar,2024-08-17,2024,08,13.5763711105,NRSC VIC MODEL
Uttarakhand,Bageshwar,2024-08-21,2024,08,7.1124100425,NRSC VIC MODEL
Uttarakhand,Bageshwar,2024-09-04,2024,09,15.0036625925,NRSC VIC MODEL
Uttarakhand,Bageshwar,2024-09-12,2024,09,41.5189860755,NRSC VIC MODEL
Uttarakhand,Bageshwar,2024-09-19,2024,09,0.5547231344,NRSC VIC MODEL
Uttarakhand,Bageshwar,2024-09-27,2024,09,10.5353522994,NRSC VIC MODEL
Uttarakhand,Bageshwar,2024-10-07,2024,10,0.5376920717,NRSC VIC MODEL
Uttarakhand,Bageshwar,2024-10-16,2024,10,0.9789668743,NRSC VIC MODEL
Uttarakhand,Bageshwar,2024-10-18,2024,10,1.6386937622,NRSC VIC MODEL
Uttarakhand,Bageshwar,2024-10-26,2024,10,0.0837676147,NRSC VIC MODEL
Uttarakhand,Bageshwar,2024-11-06,2024,11,0.1091103356,NRSC VIC MODEL
Uttarakhand,Bageshwar,2024-11-09,2024,11,1.183726968,NRSC VIC MODEL
Uttarakhand,Bageshwar,2024-11-13,2024,11,0,NRSC VIC MODEL
Uttarakhand,Bageshwar,2024-11-19,2024,11,0,NRSC VIC MODEL
Uttarakhand,Bageshwar,2024-11-21,2024,11,0.004613736,NRSC VIC MODEL
Uttarakhand,Bageshwar,2024-11-30,2024,11,1.1569666033,NRSC VIC MODEL
Uttarakhand,Bageshwar,2024-12-03,2024,12,0.3236688368,NRSC VIC MODEL
Uttarakhand,Bageshwar,2024-12-04,2024,12,0,NRSC VIC MODEL
Uttarakhand,Bageshwar,2024-12-06,2024,12,0,NRSC VIC MODEL
Uttarakhand,Bageshwar,2024-12-10,2024,12,0.1259450331,NRSC VIC MODEL
Uttarakhand,Bageshwar,2024-12-11,2024,12,1.3695552991,NRSC VIC MODEL
Uttarakhand,Bageshwar,2024-12-15,2024,12,0,NRSC VIC MODEL
Uttarakhand,Bageshwar,2024-12-17,2024,12,0,NRSC VIC MODEL
Uttarakhand,Bageshwar,2024-12-21,2024,12,0,NRSC VIC MODEL
Uttarakhand,Bageshwar,2024-12-30,2024,12,0.0246639938,NRSC VIC MODEL
Uttarakhand,Chamoli,2024-01-03,2024,01,0,NRSC VIC MODEL
Uttarakhand,Chamoli,2024-01-09,2024,01,0.0417354333,NRSC VIC MODEL
Uttarakhand,Chamoli,2024-01-14,2024,01,0,NRSC VIC MODEL
Uttarakhand,Chamoli,2024-01-15,2024,01,0,NRSC VIC MODEL
Uttarakhand,Chamoli,2024-01-22,2024,01,0,NRSC VIC MODEL
Uttarakhand,Chamoli,2024-01-23,2024,01,0,NRSC VIC MODEL
Uttarakhand,Chamoli,2024-01-30,2024,01,0,NRSC VIC MODEL
Uttarakhand,Chamoli,2024-02-05,2024,02,3.0225514709,NRSC VIC MODEL
Uttarakhand,Chamoli,2024-02-12,2024,02,0,NRSC VIC MODEL
Uttarakhand,Chamoli,2024-02-15,2024,02,0,NRSC VIC MODEL
Uttarakhand,Chamoli,2024-02-16,2024,02,0.1116535811,NRSC VIC MODEL
Uttarakhand,Chamoli,2024-03-15,2024,03,0.1368287094,NRSC VIC MODEL
Uttarakhand,Chamoli,2024-03-16,2024,03,0,NRSC VIC MODEL
Uttarakhand,Chamoli,2024-03-26,2024,03,0,NRSC VIC MODEL
Uttarakhand,Chamoli,2024-03-27,2024,03,0.216062113,NRSC VIC MODEL
Uttarakhand,Chamoli,2024-03-28,2024,03,0.1324467462,NRSC VIC MODEL
Uttarakhand,Chamoli,2024-04-02,2024,04,0.5751298808,NRSC VIC MODEL
Uttarakhand,Chamoli,2024-04-05,2024,04,0.0131800454,NRSC VIC MODEL
Uttarakhand,Chamoli,2024-04-06,2024,04,0,NRSC VIC MODEL
Uttarakhand,Chamoli,2024-04-09,2024,04,0.4805995994,NRSC VIC MODEL
Uttarakhand,Chamoli,2024-04-18,2024,04,0.1425132676,NRSC VIC MODEL
Uttarakhand,Chamoli,2024-04-20,2024,04,0.323383207,NRSC VIC MODEL
Uttarakhand,Chamoli,2024-04-22,2024,04,0.0656079477,NRSC VIC MODEL
Uttarakhand,Chamoli,2024-04-23,2024,04,0.0912298943,NRSC VIC MODEL
Uttarakhand,Chamoli,2024-04-29,2024,04,0.3239279488,NRSC VIC MODEL
Uttarakhand,Chamoli,2024-05-03,2024,05,1.0010110394,NRSC VIC MODEL
Uttarakhand,Chamoli,2024-05-04,2024,05,0.742799464,NRSC VIC MODEL
Uttarakhand,Chamoli,2024-05-07,2024,05,2.2753634095,NRSC VIC MODEL
Uttarakhand,Chamoli,2024-05-12,2024,05,2.4779946958,NRSC VIC MODEL
Uttarakhand,Chamoli,2024-05-16,2024,05,3.6757162322,NRSC VIC MODEL
Uttarakhand,Chamoli,2024-05-18,2024,05,2.9005561063,NRSC VIC MODEL
Uttarakhand,Chamoli,2024-05-19,2024,05,2.0916271588,NRSC VIC MODEL
Uttarakhand,Chamoli,2024-06-15,2024,06,1.0295784847,NRSC VIC MODEL
Uttarakhand,Chamoli,2024-06-17,2024,06,0.1466189711,NRSC VIC MODEL
Uttarakhand,Chamoli,2024-06-18,2024,06,0.0460473645,NRSC VIC MODEL
Uttarakhand,Chamoli,2024-06-19,2024,06,1.4011071229,NRSC VIC MODEL
Uttarakhand,Chamoli,2024-06-20,2024,06,6.126871225,NRSC VIC MODEL
Uttarakhand,Chamoli,2024-06-23,2024,06,2.4688609994,NRSC VIC MODEL
Uttarakhand,Chamoli,2024-06-29,2024,06,1.0672947759,NRSC VIC MODEL
Uttarakhand,Chamoli,2024-07-04,2024,07,7.3122869641,NRSC VIC MODEL
Uttarakhand,Chamoli,2024-07-09,2024,07,6.2439474053,NRSC VIC MODEL
Uttarakhand,Chamoli,2024-07-14,2024,07,1.1620257818,NRSC VIC MODEL
Uttarakhand,Chamoli,2024-07-28,2024,07,0.5202734162,NRSC VIC MODEL
Uttarakhand,Chamoli,2024-08-04,2024,08,7.2162539996,NRSC VIC MODEL
Uttarakhand,Chamoli,2024-08-07,2024,08,26.0351642316,NRSC VIC MODEL
Uttarakhand,Chamoli,2024-08-08,2024,08,6.5742829505,NRSC VIC MODEL
Uttarakhand,Chamoli,2024-08-11,2024,08,62.2386274616,NRSC VIC MODEL
Uttarakhand,Chamoli,2024-08-25,2024,08,5.7951090715,NRSC VIC MODEL
Uttarakhand,Chamoli,2024-08-30,2024,08,5.0741868741,NRSC VIC MODEL
Uttarakhand,Chamoli,2024-09-03,2024,09,4.3010464672,NRSC VIC MODEL
Uttarakhand,Chamoli,2024-09-11,2024,09,17.8977668056,NRSC VIC MODEL
Uttarakhand,Chamoli,2024-09-20,2024,09,0.6148984061,NRSC VIC MODEL
Uttarakhand,Chamoli,2024-09-24,2024,09,3.4796178328,NRSC VIC MODEL
Uttarakhand,Chamoli,2024-09-28,2024,09,2.2620666387,NRSC VIC MODEL
Uttarakhand,Chamoli,2024-09-29,2024,09,0.3919191802,NRSC VIC MODEL
Uttarakhand,Chamoli,2024-10-02,2024,10,0.8438632945,NRSC VIC MODEL
Uttarakhand,Chamoli,2024-10-19,2024,10,1.5379457523,NRSC VIC MODEL
Uttarakhand,Chamoli,2024-10-20,2024,10,0.0455334708,NRSC VIC MODEL
Uttarakhand,Chamoli,2024-10-21,2024,10,0.6371681579,NRSC VIC MODEL
Uttarakhand,Chamoli,2024-10-22,2024,10,0.2073706752,NRSC VIC MODEL
Uttarakhand,Chamoli,2024-10-24,2024,10,0,NRSC VIC MODEL
Uttarakhand,Chamoli,2024-10-26,2024,10,0.02534759,NRSC VIC MODEL
Uttarakhand,Chamoli,2024-10-29,2024,10,0.0343217231,NRSC VIC MODEL
Uttarakhand,Chamoli,2024-10-30,2024,10,9.44233e-05,NRSC VIC MODEL
Uttarakhand,Chamoli,2024-10-31,2024,10,0.0130357886,NRSC VIC MODEL
Uttarakhand,Chamoli,2024-11-04,2024,11,0,NRSC VIC MODEL
Uttarakhand,Chamoli,2024-11-11,2024,11,0.5272472997,NRSC VIC MODEL
Uttarakhand,Chamoli,2024-11-22,2024,11,0.1073104955,NRSC VIC MODEL
Uttarakhand,Chamoli,2024-11-29,2024,11,0.3861040194,NRSC VIC MODEL
Uttarakhand,Chamoli,2024-12-05,2024,12,0,NRSC VIC MODEL
Uttarakhand,Chamoli,2024-12-06,2024,12,0,NRSC VIC MODEL
Uttarakhand,Chamoli,2024-12-12,2024,12,0,NRSC VIC MODEL
Uttarakhand,Chamoli,2024-12-15,2024,12,0,NRSC VIC MODEL
Uttarakhand,Chamoli,2024-12-17,2024,12,0,NRSC VIC MODEL
Uttarakhand,Chamoli,2024-12-18,2024,12,0,NRSC VIC MODEL
Uttarakhand,Chamoli,2024-12-24,2024,12,0.4519598299,NRSC VIC MODEL
Uttarakhand,Champawat,2024-01-06,2024,01,0,NRSC VIC MODEL
Uttarakhand,Champawat,2024-01-20,2024,01,0,NRSC VIC MODEL
Uttarakhand,Champawat,2024-01-21,2024,01,0,NRSC VIC MODEL
Uttarakhand,Champawat,2024-01-30,2024,01,0,NRSC VIC MODEL
Uttarakhand,Champawat,2024-02-03,2024,02,0.0407621711,NRSC VIC MODEL
Uttarakhand,Champawat,2024-02-05,2024,02,1.0957823122,NRSC VIC MODEL
Uttarakhand,Champawat,2024-02-11,2024,02,0,NRSC VIC MODEL
Uttarakhand,Champawat,2024-02-14,2024,02,0,NRSC VIC MODEL
Uttarakhand,Champawat,2024-02-15,2024,02,0,NRSC VIC MODEL
Uttarakhand,Champawat,2024-02-17,2024,02,0,NRSC VIC MODEL
Uttarakhand,Champawat,2024-02-26,2024,02,0,NRSC VIC MODEL
Uttarakhand,Champawat,2024-02-27,2024,02,0,NRSC VIC MODEL
Uttarakhand,Champawat,2024-03-06,2024,03,0,NRSC VIC MODEL
Uttarakhand,Champawat,2024-03-07,2024,03,0.0649395724,NRSC VIC MODEL
Uttarakhand,Champawat,2024-03-13,2024,03,0.00179137,NRSC VIC MODEL
Uttarakhand,Champawat,2024-03-17,2024,03,0.002324248,NRSC VIC MODEL
Uttarakhand,Champawat,2024-03-18,2024,03,0,NRSC VIC MODEL
Uttarakhand,Champawat,2024-03-24,2024,03,0,NRSC VIC MODEL
Uttarakhand,Champawat,2024-04-03,2024,04,0,NRSC VIC MODEL
Uttarakhand,Champawat,2024-04-04,2024,04,0,NRSC VIC MODEL
Uttarakhand,Champawat,2024-04-05,2024,04,0.0001165057,NRSC VIC MODEL
Uttarakhand,Champawat,2024-04-11,2024,04,0,NRSC VIC MODEL
Uttarakhand,Champawat,2024-04-12,2024,04,0.3326187974,NRSC VIC MODEL
Uttarakhand,Champawat,2024-04-13,2024,04,0.0908944647,NRSC VIC MODEL
Uttarakhand,Champawat,2024-04-25,2024,04,0,NRSC VIC MODEL
Uttarakhand,Champawat,2024-05-16,2024,05,0.1262751008,NRSC VIC MODEL
Uttarakhand,Champawat,2024-06-04,2024,06,1.7374173895,NRSC VIC MODEL
Uttarakhand,Champawat,2024-06-06,2024,06,5.3639248714,NRSC VIC MODEL
Uttarakhand,Champawat,2024-06-10,2024,06,0,NRSC VIC MODEL
Uttarakhand,Champawat,2024-06-11,2024,06,0.3498626031,NRSC VIC MODEL
Uttarakhand,Champawat,2024-06-12,2024,06,0,NRSC VIC MODEL
Uttarakhand,Champawat,2024-06-14,2024,06,0,NRSC VIC MODEL
Uttarakhand,Champawat,2024-06-17,2024,06,0.0614516041,NRSC VIC MODEL
Uttarakhand,Champawat,2024-06-19,2024,06,0.0586020904,NRSC VIC MODEL
Uttarakhand,Champawat,2024-06-20,2024,06,7.0706802527,NRSC VIC MODEL
Uttarakhand,Champawat,2024-06-21,2024,06,0.1711815983,NRSC VIC MODEL
Uttarakhand,Champawat,2024-06-24,2024,06,1.9999169741,NRSC VIC MODEL
Uttarakhand,Champawat,2024-06-30,2024,06,0.5271978895,NRSC VIC MODEL
Uttarakhand,Champawat,2024-07-13,2024,07,12.8656739538,NRSC VIC MODEL
Uttarakhand,Champawat,2024-07-15,2024,07,5.0679963938,NRSC VIC MODEL
Uttarakhand,Champawat,2024-07-29,2024,07,4.7990139284,NRSC VIC MODEL
Uttarakhand,Champawat,2024-08-14,2024,08,15.167206965,NRSC VIC MODEL
Uttarakhand,Champawat,2024-08-25,2024,08,7.948890484,NRSC VIC MODEL
Uttarakhand,Champawat,2024-08-29,2024,08,5.1314203768,NRSC VIC MODEL
Uttarakhand,Champawat,2024-08-30,2024,08,4.2186919953,NRSC VIC MODEL
Uttarakhand,Champawat,2024-09-03,2024,09,9.3740616894,NRSC VIC MODEL
Uttarakhand,Champawat,2024-09-04,2024,09,13.6618192027,NRSC VIC MODEL
Uttarakhand,Champawat,2024-09-23,2024,09,0.7713538599,NRSC VIC MODEL
Uttarakhand,Champawat,2024-09-25,2024,09,15.4565176553,NRSC VIC MODEL
Uttarakhand,Champawat,2024-09-26,2024,09,23.1546367848,NRSC VIC MODEL
Uttarakhand,Champawat,2024-09-28,2024,09,4.3480015919,NRSC VIC MODEL
Uttarakhand,Champawat,2024-09-29,2024,09,0.7519208372,NRSC VIC MODEL
Uttarakhand,Champawat,2024-10-01,2024,10,0.3012720662,NRSC VIC MODEL
Uttarakhand,Champawat,2024-10-02,2024,10,1.7378809437,NRSC VIC MODEL
Uttarakhand,Champawat,2024-10-04,2024,10,1.7515238431,NRSC VIC MODEL
Uttarakhand,Champawat,2024-10-07,2024,10,1.0088945497,NRSC VIC MODEL
Uttarakhand,Champawat,2024-10-10,2024,10,0.0006638107,NRSC VIC MODEL
Uttarakhand,Champawat,2024-10-17,2024,10,0.4815337135,NRSC VIC MODEL
Uttarakhand,Champawat,2024-10-18,2024,10,0.9846761198,NRSC VIC MODEL
Uttarakhand,Champawat,2024-10-23,2024,10,0.0005825285,NRSC VIC MODEL
Uttarakhand,Almora,2024-01-07,2024,01,0,NRSC VIC MODEL
Uttarakhand,Almora,2024-01-16,2024,01,0,NRSC VIC MODEL
Uttarakhand,Almora,2024-01-19,2024,01,0.0606441739,NRSC VIC MODEL
Uttarakhand,Almora,2024-01-21,2024,01,0,NRSC VIC MODEL
Uttarakhand,Almora,2024-01-24,2024,01,0,NRSC VIC MODEL
Uttarakhand,Almora,2024-01-30,2024,01,0,NRSC VIC MODEL
Uttarakhand,Almora,2024-01-31,2024,01,0,NRSC VIC MODEL
Uttarakhand,Almora,2024-02-03,2024,02,0.0880050828,NRSC VIC MODEL
Uttarakhand,Almora,2024-02-08,2024,02,0,NRSC VIC MODEL
Uttarakhand,Almora,2024-02-18,2024,02,0,NRSC VIC MODEL
Uttarakhand,Almora,2024-02-21,2024,02,0.2400182429,NRSC VIC MODEL
Uttarakhand,Almora,2024-02-24,2024,02,0.7995303879,NRSC VIC MODEL
Uttarakhand,Almora,2024-02-28,2024,02,2.4076015393,NRSC VIC MODEL
Uttarakhand,Almora,2024-03-02,2024,03,7.9967678642,NRSC VIC MODEL
Uttarakhand,Almora,2024-03-04,2024,03,30.5124615401,NRSC VIC MODEL
Uttarakhand,Almora,2024-03-07,2024,03,0.0126370683,NRSC VIC MODEL
Uttarakhand,Almora,2024-03-09,2024,03,0,NRSC VIC MODEL
Uttarakhand,Almora,2024-03-10,2024,03,0,NRSC VIC MODEL
Uttarakhand,Almora,2024-03-19,2024,03,0.0008272038,NRSC VIC MODEL
Uttarakhand,Almora,2024-03-21,2024,03,0,NRSC VIC MODEL
Uttarakhand,Almora,2024-03-23,2024,03,0,NRSC VIC MODEL
Uttarakhand,Almora,2024-03-27,2024,03,0,NRSC VIC MODEL
Uttarakhand,Almora,2024-04-12,2024,04,1.0438531084,NRSC VIC MODEL
Uttarakhand,Almora,2024-04-14,2024,04,0,NRSC VIC MODEL
Uttarakhand,Almora,2024-04-18,2024,04,0.0011344542,NRSC VIC MODEL
Uttarakhand,Almora,2024-04-21,2024,04,0,NRSC VIC MODEL
Uttarakhand,Almora,2024-04-22,2024,04,0.0036988752,NRSC VIC MODEL
Uttarakhand,Almora,2024-05-10,2024,05,0.3206191501,NRSC VIC MODEL
Uttarakhand,Almora,2024-05-12,2024,05,0.3179492454,NRSC VIC MODEL
Uttarakhand,Almora,2024-06-05,2024,06,0.4075031006,NRSC VIC MODEL
Uttarakhand,Almora,2024-06-06,2024,06,1.941693031,NRSC VIC MODEL
Uttarakhand,Almora,2024-06-10,2024,06,1.78382e-05,NRSC VIC MODEL
Uttarakhand,Almora,2024-06-11,2024,06,0.0003198885,NRSC VIC MODEL
Uttarakhand,Almora,2024-06-14,2024,06,0,NRSC VIC MODEL
Uttarakhand,Almora,2024-06-23,2024,06,2.4894774339,NRSC VIC MODEL
Uttarakhand,Almora,2024-06-26,2024,06,6.4746878428,NRSC VIC MODEL
Uttarakhand,Almora,2024-07-02,2024,07,1.200088493,NRSC VIC MODEL
Uttarakhand,Almora,2024-07-18,2024,07,8.4581385128,NRSC VIC MODEL
Uttarakhand,Almora,2024-07-20,2024,07,9.5652330197,NRSC VIC MODEL
Uttarakhand,Almora,2024-07-24,2024,07,2.8676789575,NRSC VIC MODEL
Uttarakhand,Almora,2024-07-30,2024,07,3.0717745321,NRSC VIC MODEL
Uttarakhand,Almora,2024-08-04,2024,08,13.6309064863,NRSC VIC MODEL
Uttarakhand,Almora,2024-08-08,2024,08,11.8625002689,NRSC VIC MODEL
Uttarakhand,Almora,2024-08-22,2024,08,13.8951644972,NRSC VIC MODEL
Uttarakhand,Almora,2024-08-27,2024,08,9.2270207807,NRSC VIC MODEL
Uttarakhand,Almora,2024-08-31,2024,08,7.6100679238,NRSC VIC MODEL
Uttarakhand,Almora,2024-09-05,2024,09,10.0913258087,NRSC VIC MODEL
Uttarakhand,Almora,2024-09-06,2024,09,7.8247603393,NRSC VIC MODEL
Uttarakhand,Almora,2024-09-07,2024,09,5.2470963287,NRSC VIC MODEL
Uttarakhand,Almora,2024-09-12,2024,09,67.8541808649,NRSC VIC MODEL
Uttarakhand,Almora,2024-09-27,2024,09,13.5560062001,NRSC VIC MODEL
Uttarakhand,Almora,2024-10-02,2024,10,1.3491968596,NRSC VIC MODEL
Uttarakhand,Almora,2024-10-06,2024,10,0.8973712882,NRSC VIC MODEL
Uttarakhand,Almora,2024-10-07,2024,10,1.0943384765,NRSC VIC MODEL
Uttarakhand,Almora,2024-10-14,2024,10,0.3146982572,NRSC VIC MODEL
Uttarakhand,Almora,2024-10-18,2024,10,0.7836569251,NRSC VIC MODEL
Uttarakhand,Almora,2024-10-19,2024,10,1.4957753698,NRSC VIC MODEL
Uttarakhand,Almora,2024-10-22,2024,10,0.2819966231,NRSC VIC MODEL
Uttarakhand,Almora,2024-10-27,2024,10,0,NRSC VIC MODEL
Uttarakhand,Almora,2024-10-28,2024,10,0,NRSC VIC MODEL
Uttarakhand,Almora,2024-11-04,2024,11,0,NRSC VIC MODEL
Uttarakhand,Almora,2024-11-08,2024,11,0.1214509309,NRSC VIC MODEL
Uttarakhand,Almora,2024-11-10,2024,11,0.0964503376,NRSC VIC MODEL
Uttarakhand,Almora,2024-11-12,2024,11,0.0822766182,NRSC VIC MODEL
Uttarakhand,Almora,2024-11-14,2024,11,0,NRSC VIC MODEL
Uttarakhand,Almora,2024-11-25,2024,11,0.4340906108,NRSC VIC MODEL
Uttarakhand,Almora,2024-11-30,2024,11,0.401199299,NRSC VIC MODEL
Uttarakhand,Almora,2024-12-04,2024,12,0,NRSC VIC MODEL
Uttarakhand,Almora,2024-12-14,2024,12,0,NRSC VIC MODEL
Uttarakhand,Almora,2024-12-24,2024,12,0.2986570112,NRSC VIC MODEL
Uttarakhand,Almora,2024-12-27,2024,12,0,NRSC VIC MODEL
Uttarakhand,Almora,2024-12-29,2024,12,1.0609205296,NRSC VIC MODEL
Uttarakhand,Almora,2024-12-31,2024,12,0,NRSC VIC MODEL
Uttarakhand,Bageshwar,2024-01-10,2024,01,0.0025496904,NRSC VIC MODEL
Uttarakhand,Bageshwar,2024-01-13,2024,01,0,NRSC VIC MODEL
Uttarakhand,Bageshwar,2024-01-14,2024,01,0,NRSC VIC MODEL
Uttarakhand,Bageshwar,2024-01-20,2024,01,0,NRSC VIC MODEL
Uttarakhand,Bageshwar,2024-01-22,2024,01,0,NRSC VIC MODEL
Uttarakhand,Bageshwar,2024-01-23,2024,01,0,NRSC VIC MODEL
Uttarakhand,Bageshwar,2024-02-06,2024,02,1.5657272978,NRSC VIC MODEL
Uttarakhand,Bageshwar,2024-02-12,2024,02,0,NRSC VIC MODEL
Uttarakhand,Bageshwar,2024-02-16,2024,02,0.0603148709,NRSC VIC MODEL
Uttarakhand,Bageshwar,2024-02-24,2024,02,1.0877206266,NRSC VIC MODEL
Uttarakhand,Bageshwar,2024-02-28,2024,02,5.7359863473,NRSC VIC MODEL
Uttarakhand,Bageshwar,2024-03-04,2024,03,21.32198435,NRSC VIC MODEL
Uttarakhand,Bageshwar,2024-03-07,2024,03,1.5535327235,NRSC VIC MODEL
Uttarakhand,Bageshwar,2024-03-13,2024,03,0.0667004913,NRSC VIC MODEL
Uttarakhand,Bageshwar,2024-03-17,2024,03,0.4235331563,NRSC VIC MODEL
Uttarakhand,Bageshwar,2024-03-27,2024,03,0,NRSC VIC MODEL
Uttarakhand,Bageshwar,2024-03-28,2024,03,0,NRSC VIC MODEL
Uttarakhand,Bageshwar,2024-03-30,2024,03,0.68469449,NRSC VIC MODEL
Uttarakhand,Bageshwar,2024-04-12,2024,04,2.8011529025,NRSC VIC MODEL
Uttarakhand,Bageshwar,2024-04-17,2024,04,0,NRSC VIC MODEL
Uttarakhand,Bageshwar,2024-04-20,2024,04,0.000358538,NRSC VIC MODEL
Uttarakhand,Tehri Garhwal,2024-10-05,2024,10,0.2391392096,NRSC VIC MODEL
Uttarakhand,Tehri Garhwal,2024-10-08,2024,10,0.0375050342,NRSC VIC MODEL
Uttarakhand,Tehri Garhwal,2024-10-14,2024,10,0.1110955436,NRSC VIC MODEL
Uttarakhand,Tehri Garhwal,2024-10-15,2024,10,0.0094098381,NRSC VIC MODEL
Uttarakhand,Tehri Garhwal,2024-10-22,2024,10,0.0298866251,NRSC VIC MODEL
Uttarakhand,Tehri Garhwal,2024-11-01,2024,11,0.0006088931,NRSC VIC MODEL
Uttarakhand,Tehri Garhwal,2024-11-03,2024,11,0,NRSC VIC MODEL
Uttarakhand,Tehri Garhwal,2024-11-10,2024,11,0.0206580553,NRSC VIC MODEL
Uttarakhand,Tehri Garhwal,2024-11-21,2024,11,0.3001738348,NRSC VIC MODEL
Uttarakhand,Tehri Garhwal,2024-11-24,2024,11,0,NRSC VIC MODEL
Uttarakhand,Tehri Garhwal,2024-11-25,2024,11,0.0405838793,NRSC VIC MODEL
Uttarakhand,Tehri Garhwal,2024-12-08,2024,12,0.1257371169,NRSC VIC MODEL
Uttarakhand,Tehri Garhwal,2024-12-12,2024,12,0,NRSC VIC MODEL
Uttarakhand,Tehri Garhwal,2024-12-14,2024,12,0,NRSC VIC MODEL
Uttarakhand,Tehri Garhwal,2024-12-18,2024,12,0,NRSC VIC MODEL
Uttarakhand,Tehri Garhwal,2024-12-20,2024,12,1.40438e-05,NRSC VIC MODEL
Uttarakhand,Tehri Garhwal,2024-12-21,2024,12,0,NRSC VIC MODEL
Uttarakhand,Tehri Garhwal,2024-12-26,2024,12,0.1307154279,NRSC VIC MODEL
Uttarakhand,Tehri Garhwal,2024-12-29,2024,12,0.620033961,NRSC VIC MODEL
Uttarakhand,Udam Singh Nagar,2024-01-03,2024,01,0,NRSC VIC MODEL
Uttarakhand,Udam Singh Nagar,2024-01-06,2024,01,0,NRSC VIC MODEL
Uttarakhand,Udam Singh Nagar,2024-01-08,2024,01,0,NRSC VIC MODEL
Uttarakhand,Udam Singh Nagar,2024-01-17,2024,01,0.0161903568,NRSC VIC MODEL
Uttarakhand,Udam Singh Nagar,2024-01-30,2024,01,0,NRSC VIC MODEL
Uttarakhand,Udam Singh Nagar,2024-02-01,2024,02,19.1965997759,NRSC VIC MODEL
Uttarakhand,Udam Singh Nagar,2024-02-04,2024,02,1.3932570537,NRSC VIC MODEL
Uttarakhand,Udam Singh Nagar,2024-02-07,2024,02,0,NRSC VIC MODEL
Uttarakhand,Udam Singh Nagar,2024-02-11,2024,02,0,NRSC VIC MODEL
Uttarakhand,Udam Singh Nagar,2024-02-15,2024,02,0.002413794,NRSC VIC MODEL
Uttarakhand,Udam Singh Nagar,2024-02-20,2024,02,2.3175218296,NRSC VIC MODEL
Uttarakhand,Udam Singh Nagar,2024-02-24,2024,02,0.0001340997,NRSC VIC MODEL
Uttarakhand,Udam Singh Nagar,2024-02-27,2024,02,6.32506e-05,NRSC VIC MODEL
Uttarakhand,Udam Singh Nagar,2024-02-29,2024,02,0,NRSC VIC MODEL
Uttarakhand,Udam Singh Nagar,2024-03-01,2024,03,0,NRSC VIC MODEL
Uttarakhand,Udam Singh Nagar,2024-03-15,2024,03,0,NRSC VIC MODEL
Uttarakhand,Udam Singh Nagar,2024-03-19,2024,03,0.0631621904,NRSC VIC MODEL
Uttarakhand,Udam Singh Nagar,2024-03-29,2024,03,0.0001340997,NRSC VIC MODEL
Uttarakhand,Udam Singh Nagar,2024-03-30,2024,03,0.7283235556,NRSC VIC MODEL
Uttarakhand,Udam Singh Nagar,2024-04-02,2024,04,0,NRSC VIC MODEL
Uttarakhand,Udam Singh Nagar,2024-04-05,2024,04,0,NRSC VIC MODEL
Uttarakhand,Udam Singh Nagar,2024-04-07,2024,04,0.0397023574,NRSC VIC MODEL
Uttarakhand,Udam Singh Nagar,2024-04-11,2024,04,0,NRSC VIC MODEL
Uttarakhand,Udam Singh Nagar,2024-04-21,2024,04,0,NRSC VIC MODEL
Uttarakhand,Udam Singh Nagar,2024-04-23,2024,04,0.0016072871,NRSC VIC MODEL
Uttarakhand,Udam Singh Nagar,2024-04-24,2024,04,0.0854148186,NRSC VIC MODEL
Uttarakhand,Udam Singh Nagar,2024-04-25,2024,04,0,NRSC VIC MODEL
Uttarakhand,Udam Singh Nagar,2024-04-27,2024,04,0,NRSC VIC MODEL
Uttarakhand,Udam Singh Nagar,2024-04-30,2024,04,1.1470662901,NRSC VIC MODEL
Uttarakhand,Udam Singh Nagar,2024-05-02,2024,05,5.563e-07,NRSC VIC MODEL
Uttarakhand,Udam Singh Nagar,2024-05-08,2024,05,0,NRSC VIC MODEL
Uttarakhand,Udam Singh Nagar,2024-05-13,2024,05,0.8665806938,NRSC VIC MODEL
Uttarakhand,Udam Singh Nagar,2024-05-17,2024,05,0.009093178,NRSC VIC MODEL
Uttarakhand,Udam Singh Nagar,2024-05-19,2024,05,0.0277763484,NRSC VIC MODEL
Uttarakhand,Udam Singh Nagar,2024-05-25,2024,05,5.563e-07,NRSC VIC MODEL
Uttarakhand,Udam Singh Nagar,2024-06-04,2024,06,0.1062887294,NRSC VIC MODEL
Uttarakhand,Udam Singh Nagar,2024-06-06,2024,06,0.8637552602,NRSC VIC MODEL
Uttarakhand,Udam Singh Nagar,2024-06-13,2024,06,0,NRSC VIC MODEL
Uttarakhand,Udam Singh Nagar,2024-06-22,2024,06,0.0655625709,NRSC VIC MODEL
Uttarakhand,Udam Singh Nagar,2024-06-30,2024,06,4.4267952588,NRSC VIC MODEL
Uttarakhand,Udam Singh Nagar,2024-07-02,2024,07,17.4952825527,NRSC VIC MODEL
Uttarakhand,Udam Singh Nagar,2024-07-05,2024,07,5.7242696363,NRSC VIC MODEL
Uttarakhand,Udam Singh Nagar,2024-07-13,2024,07,7.5147722448,NRSC VIC MODEL
Uttarakhand,Udam Singh Nagar,2024-07-19,2024,07,9.90094843,NRSC VIC MODEL
Uttarakhand,Udam Singh Nagar,2024-07-21,2024,07,15.2878795753,NRSC VIC MODEL
Uttarakhand,Udam Singh Nagar,2024-07-24,2024,07,0.3831761336,NRSC VIC MODEL
Uttarakhand,Udam Singh Nagar,2024-07-30,2024,07,0.0461171213,NRSC VIC MODEL
Uttarakhand,Udam Singh Nagar,2024-08-05,2024,08,2.1403686958,NRSC VIC MODEL
Uttarakhand,Udam Singh Nagar,2024-08-22,2024,08,10.2093580627,NRSC VIC MODEL
Uttarakhand,Udam Singh Nagar,2024-08-23,2024,08,8.2268432167,NRSC VIC MODEL
Uttarakhand,Udam Singh Nagar,2024-08-30,2024,08,0.4675120919,NRSC VIC MODEL
Uttarakhand,Udam Singh Nagar,2024-09-04,2024,09,7.4654104748,NRSC VIC MODEL
Uttarakhand,Udam Singh Nagar,2024-09-05,2024,09,8.2473399673,NRSC VIC MODEL
Uttarakhand,Udam Singh Nagar,2024-09-08,2024,09,0,NRSC VIC MODEL
Uttarakhand,Udam Singh Nagar,2024-09-09,2024,09,1.614167995,NRSC VIC MODEL
Uttarakhand,Udam Singh Nagar,2024-09-22,2024,09,0.144518854,NRSC VIC MODEL
Uttarakhand,Udam Singh Nagar,2024-09-23,2024,09,0.0644285261,NRSC VIC MODEL
Uttarakhand,Udam Singh Nagar,2024-09-26,2024,09,19.6260503093,NRSC VIC MODEL
Uttarakhand,Udam Singh Nagar,2024-09-28,2024,09,2.4721934735,NRSC VIC MODEL
Uttarakhand,Udam Singh Nagar,2024-10-03,2024,10,0,NRSC VIC MODEL
Uttarakhand,Udam Singh Nagar,2024-10-08,2024,10,0.1437056324,NRSC VIC MODEL
Uttarakhand,Udam Singh Nagar,2024-10-14,2024,10,0,NRSC VIC MODEL
Uttarakhand,Udam Singh Nagar,2024-10-15,2024,10,0,NRSC VIC MODEL
Uttarakhand,Udam Singh Nagar,2024-10-18,2024,10,0.2586065149,NRSC VIC MODEL
Uttarakhand,Udam Singh Nagar,2024-10-28,2024,10,0,NRSC VIC MODEL
Uttarakhand,Udam Singh Nagar,2024-11-05,2024,11,0,NRSC VIC MODEL
Uttarakhand,Udam Singh Nagar,2024-11-08,2024,11,0,NRSC VIC MODEL
Uttarakhand,Udam Singh Nagar,2024-11-15,2024,11,0,NRSC VIC MODEL
Uttarakhand,Udam Singh Nagar,2024-11-17,2024,11,0,NRSC VIC MODEL
Uttarakhand,Udam Singh Nagar,2024-11-22,2024,11,0,NRSC VIC MODEL
Uttarakhand,Udam Singh Nagar,2024-11-23,2024,11,5.563e-07,NRSC VIC MODEL
Uttarakhand,Udam Singh Nagar,2024-11-27,2024,11,0,NRSC VIC MODEL
Uttarakhand,Udam Singh Nagar,2024-12-10,2024,12,0.0252331693,NRSC VIC MODEL
Uttarakhand,Udam Singh Nagar,2024-12-14,2024,12,0,NRSC VIC MODEL
Uttarakhand,Udam Singh Nagar,2024-12-15,2024,12,0,NRSC VIC MODEL
Uttarakhand,Udam Singh Nagar,2024-12-27,2024,12,0,NRSC VIC MODEL
Uttarakhand,Udam Singh Nagar,2024-12-28,2024,12,5.3277268612,NRSC VIC MODEL
Uttarakhand,Uttar Kashi,2024-01-03,2024,01,0,NRSC VIC MODEL
Uttarakhand,Uttar Kashi,2024-01-09,2024,01,0.0671199309,NRSC VIC MODEL
Uttarakhand,Uttar Kashi,2024-01-14,2024,01,0,NRSC VIC MODEL
Uttarakhand,Uttar Kashi,2024-01-16,2024,01,0,NRSC VIC MODEL
Uttarakhand,Uttar Kashi,2024-01-29,2024,01,0,NRSC VIC MODEL
Uttarakhand,Uttar Kashi,2024-02-03,2024,02,1.3874661497,NRSC VIC MODEL
Uttarakhand,Uttar Kashi,2024-02-06,2024,02,0.9551740335,NRSC VIC MODEL
Uttarakhand,Uttar Kashi,2024-02-07,2024,02,0.8888590421,NRSC VIC MODEL
Uttarakhand,Uttar Kashi,2024-02-15,2024,02,0,NRSC VIC MODEL
Uttarakhand,Uttar Kashi,2024-02-24,2024,02,0.4019182494,NRSC VIC MODEL
Uttarakhand,Uttar Kashi,2024-03-03,2024,03,40.440886726,NRSC VIC MODEL
Uttarakhand,Uttar Kashi,2024-03-05,2024,03,2.1142496266,NRSC VIC MODEL
Uttarakhand,Uttar Kashi,2024-03-12,2024,03,0.0872038646,NRSC VIC MODEL
Uttarakhand,Uttar Kashi,2024-03-22,2024,03,0.1998686483,NRSC VIC MODEL
Uttarakhand,Uttar Kashi,2024-03-25,2024,03,0.0005569479,NRSC VIC MODEL
Uttarakhand,Uttar Kashi,2024-03-27,2024,03,1.3662322544,NRSC VIC MODEL
Uttarakhand,Uttar Kashi,2024-04-05,2024,04,0.1844647085,NRSC VIC MODEL
Uttarakhand,Uttar Kashi,2024-04-08,2024,04,0.0801352127,NRSC VIC MODEL
Uttarakhand,Uttar Kashi,2024-04-11,2024,04,5.2512734117,NRSC VIC MODEL
Uttarakhand,Uttar Kashi,2024-04-16,2024,04,0,NRSC VIC MODEL
Uttarakhand,Uttar Kashi,2024-04-20,2024,04,0.09558679,NRSC VIC MODEL
Uttarakhand,Uttar Kashi,2024-04-30,2024,04,1.6140143148,NRSC VIC MODEL
Uttarakhand,Uttar Kashi,2024-05-04,2024,05,0.3282907983,NRSC VIC MODEL
Uttarakhand,Uttar Kashi,2024-05-06,2024,05,0.8600955358,NRSC VIC MODEL
Uttarakhand,Uttar Kashi,2024-05-12,2024,05,1.7165262465,NRSC VIC MODEL
Uttarakhand,Uttar Kashi,2024-05-23,2024,05,1.0956906521,NRSC VIC MODEL
Uttarakhand,Uttar Kashi,2024-05-28,2024,05,0.0705079887,NRSC VIC MODEL
Uttarakhand,Uttar Kashi,2024-05-30,2024,05,0.0669952264,NRSC VIC MODEL
Uttarakhand,Uttar Kashi,2024-05-31,2024,05,0.3218990562,NRSC VIC MODEL
Uttarakhand,Uttar Kashi,2024-06-02,2024,06,0.8903423344,NRSC VIC MODEL
Uttarakhand,Uttar Kashi,2024-06-10,2024,06,0.4340460704,NRSC VIC MODEL
Uttarakhand,Uttar Kashi,2024-06-13,2024,06,0.0314600656,NRSC VIC MODEL
Uttarakhand,Uttar Kashi,2024-06-23,2024,06,2.1157805376,NRSC VIC MODEL
Uttarakhand,Uttar Kashi,2024-06-24,2024,06,1.9444660767,NRSC VIC MODEL
Uttarakhand,Uttar Kashi,2024-07-03,2024,07,4.0986393538,NRSC VIC MODEL
Uttarakhand,Uttar Kashi,2024-07-23,2024,07,2.8962855462,NRSC VIC MODEL
Uttarakhand,Uttar Kashi,2024-07-28,2024,07,7.388397064,NRSC VIC MODEL
Uttarakhand,Uttar Kashi,2024-08-11,2024,08,24.7074131336,NRSC VIC MODEL
Uttarakhand,Uttar Kashi,2024-08-15,2024,08,18.2396880583,NRSC VIC MODEL
Uttarakhand,Uttar Kashi,2024-08-17,2024,08,10.0973691932,NRSC VIC MODEL
Uttarakhand,Uttar Kashi,2024-08-18,2024,08,11.1231840197,NRSC VIC MODEL
Uttarakhand,Uttar Kashi,2024-08-19,2024,08,16.2362363069,NRSC VIC MODEL
Uttarakhand,Uttar Kashi,2024-08-20,2024,08,12.0852289133,NRSC VIC MODEL
Uttarakhand,Uttar Kashi,2024-08-21,2024,08,3.0891346747,NRSC VIC MODEL
Uttarakhand,Uttar Kashi,2024-08-24,2024,08,8.1702977512,NRSC VIC MODEL
Uttarakhand,Uttar Kashi,2024-08-26,2024,08,8.1555236876,NRSC VIC MODEL
Uttarakhand,Uttar Kashi,2024-08-31,2024,08,3.4244864942,NRSC VIC MODEL
Uttarakhand,Uttar Kashi,2024-09-02,2024,09,10.5321138721,NRSC VIC MODEL
Uttarakhand,Uttar Kashi,2024-09-06,2024,09,11.8036093195,NRSC VIC MODEL
Uttarakhand,Uttar Kashi,2024-09-08,2024,09,0.0321729136,NRSC VIC MODEL
Uttarakhand,Uttar Kashi,2024-09-09,2024,09,6.7586100792,NRSC VIC MODEL
Uttarakhand,Uttar Kashi,2024-09-10,2024,09,7.0290999272,NRSC VIC MODEL
Uttarakhand,Uttar Kashi,2024-09-11,2024,09,10.7482934856,NRSC VIC MODEL
Uttarakhand,Uttar Kashi,2024-09-18,2024,09,20.3364009391,NRSC VIC MODEL
Uttarakhand,Uttar Kashi,2024-09-26,2024,09,7.5451724161,NRSC VIC MODEL
Uttarakhand,Uttar Kashi,2024-09-27,2024,09,2.826752112,NRSC VIC MODEL
Uttarakhand,Uttar Kashi,2024-09-30,2024,09,0.0497420151,NRSC VIC MODEL
Uttarakhand,Uttar Kashi,2024-10-06,2024,10,0.1006330341,NRSC VIC MODEL
Uttarakhand,Uttar Kashi,2024-10-10,2024,10,0.3202432396,NRSC VIC MODEL
Uttarakhand,Uttar Kashi,2024-10-12,2024,10,0,NRSC VIC MODEL
Uttarakhand,Uttar Kashi,2024-10-29,2024,10,0.0033197423,NRSC VIC MODEL
Uttarakhand,Uttar Kashi,2024-11-01,2024,11,0.0062092264,NRSC VIC MODEL
Uttarakhand,Uttar Kashi,2024-11-04,2024,11,0,NRSC VIC MODEL
Uttarakhand,Uttar Kashi,2024-11-09,2024,11,0.0329166143,NRSC VIC MODEL
Uttarakhand,Uttar Kashi,2024-11-15,2024,11,0,NRSC VIC MODEL
Uttarakhand,Uttar Kashi,2024-11-18,2024,11,0.2481976779,NRSC VIC MODEL
Uttarakhand,Uttar Kashi,2024-11-25,2024,11,0.1132200465,NRSC VIC MODEL
Uttarakhand,Uttar Kashi,2024-11-26,2024,11,0,NRSC VIC MODEL
Uttarakhand,Uttar Kashi,2024-12-04,2024,12,0,NRSC VIC MODEL
Uttarakhand,Uttar Kashi,2024-12-07,2024,12,0.1430463058,NRSC VIC MODEL
Uttarakhand,Uttar Kashi,2024-12-09,2024,12,0.6805174053,NRSC VIC MODEL
Uttarakhand,Uttar Kashi,2024-12-10,2024,12,0.0120518064,NRSC VIC MODEL
Uttarakhand,Uttar Kashi,2024-12-15,2024,12,0,NRSC VIC MODEL
Uttarakhand,Uttar Kashi,2024-12-19,2024,12,0.7285843377,NRSC VIC MODEL
Uttarakhand,Champawat,2024-10-24,2024,10,0,NRSC VIC MODEL
Uttarakhand,Champawat,2024-10-25,2024,10,0,NRSC VIC MODEL
Uttarakhand,Champawat,2024-11-01,2024,11,0.0003714093,NRSC VIC MODEL
Uttarakhand,Champawat,2024-11-05,2024,11,0.0463316235,NRSC VIC MODEL
Uttarakhand,Champawat,2024-11-14,2024,11,0,NRSC VIC MODEL
Uttarakhand,Champawat,2024-11-20,2024,11,0,NRSC VIC MODEL
Uttarakhand,Champawat,2024-11-22,2024,11,0.0025560808,NRSC VIC MODEL
Uttarakhand,Champawat,2024-11-26,2024,11,0,NRSC VIC MODEL
Uttarakhand,Champawat,2024-11-27,2024,11,2.18922e-05,NRSC VIC MODEL
Uttarakhand,Champawat,2024-11-30,2024,11,0.0001165057,NRSC VIC MODEL
Uttarakhand,Champawat,2024-12-10,2024,12,0.36970174,NRSC VIC MODEL
Uttarakhand,Champawat,2024-12-11,2024,12,0.0003714093,NRSC VIC MODEL
Uttarakhand,Champawat,2024-12-14,2024,12,0,NRSC VIC MODEL
Uttarakhand,Champawat,2024-12-15,2024,12,0,NRSC VIC MODEL
Uttarakhand,Champawat,2024-12-22,2024,12,0,NRSC VIC MODEL
Uttarakhand,Champawat,2024-12-24,2024,12,0.8515257274,NRSC VIC MODEL
Uttarakhand,Dehradun,2024-01-12,2024,01,0,NRSC VIC MODEL
Uttarakhand,Dehradun,2024-01-14,2024,01,0,NRSC VIC MODEL
Uttarakhand,Dehradun,2024-01-15,2024,01,0,NRSC VIC MODEL
Uttarakhand,Dehradun,2024-01-17,2024,01,0,NRSC VIC MODEL
Uttarakhand,Dehradun,2024-02-01,2024,02,6.7443663472,NRSC VIC MODEL
Uttarakhand,Dehradun,2024-02-09,2024,02,0,NRSC VIC MODEL
Uttarakhand,Dehradun,2024-02-10,2024,02,0,NRSC VIC MODEL
Uttarakhand,Dehradun,2024-02-13,2024,02,2.62926e-05,NRSC VIC MODEL
Uttarakhand,Dehradun,2024-02-17,2024,02,0,NRSC VIC MODEL
Uttarakhand,Dehradun,2024-02-18,2024,02,0,NRSC VIC MODEL
Uttarakhand,Dehradun,2024-02-21,2024,02,0.3768186339,NRSC VIC MODEL
Uttarakhand,Dehradun,2024-02-26,2024,02,0,NRSC VIC MODEL
Uttarakhand,Dehradun,2024-02-29,2024,02,0,NRSC VIC MODEL
Uttarakhand,Dehradun,2024-03-02,2024,03,9.876416284,NRSC VIC MODEL
Uttarakhand,Dehradun,2024-03-03,2024,03,47.3665769346,NRSC VIC MODEL
Uttarakhand,Dehradun,2024-03-06,2024,03,0,NRSC VIC MODEL
Uttarakhand,Dehradun,2024-03-13,2024,03,0.090657917,NRSC VIC MODEL
Uttarakhand,Dehradun,2024-03-28,2024,03,0.0166854582,NRSC VIC MODEL
Uttarakhand,Dehradun,2024-03-31,2024,03,1.6990948267,NRSC VIC MODEL
Uttarakhand,Dehradun,2024-04-02,2024,04,0,NRSC VIC MODEL
Uttarakhand,Dehradun,2024-04-08,2024,04,0,NRSC VIC MODEL
Uttarakhand,Dehradun,2024-04-13,2024,04,1.3594423764,NRSC VIC MODEL
Uttarakhand,Dehradun,2024-04-19,2024,04,0.4784465494,NRSC VIC MODEL
Uttarakhand,Dehradun,2024-04-23,2024,04,0.0003870724,NRSC VIC MODEL
Uttarakhand,Dehradun,2024-04-24,2024,04,0.0275182041,NRSC VIC MODEL
Uttarakhand,Dehradun,2024-04-29,2024,04,0.0275222407,NRSC VIC MODEL
Uttarakhand,Dehradun,2024-05-02,2024,05,0.0001533795,NRSC VIC MODEL
Uttarakhand,Dehradun,2024-05-05,2024,05,0.0001484546,NRSC VIC MODEL
Uttarakhand,Dehradun,2024-05-06,2024,05,0,NRSC VIC MODEL
Uttarakhand,Dehradun,2024-05-07,2024,05,0.2808218438,NRSC VIC MODEL
Uttarakhand,Dehradun,2024-05-08,2024,05,0.5808639896,NRSC VIC MODEL
Uttarakhand,Dehradun,2024-05-11,2024,05,2.0753358603,NRSC VIC MODEL
Uttarakhand,Dehradun,2024-05-12,2024,05,0.9987786844,NRSC VIC MODEL
Uttarakhand,Dehradun,2024-05-14,2024,05,0.0014187655,NRSC VIC MODEL
Uttarakhand,Dehradun,2024-05-20,2024,05,3.5976776287,NRSC VIC MODEL
Uttarakhand,Dehradun,2024-05-23,2024,05,0.0216155483,NRSC VIC MODEL
Uttarakhand,Dehradun,2024-05-24,2024,05,5.0333513686,NRSC VIC MODEL
Uttarakhand,Dehradun,2024-05-30,2024,05,0.0830565789,NRSC VIC MODEL
Uttarakhand,Dehradun,2024-06-07,2024,06,0,NRSC VIC MODEL
Uttarakhand,Dehradun,2024-06-12,2024,06,0,NRSC VIC MODEL
Uttarakhand,Dehradun,2024-06-13,2024,06,2.37395e-05,NRSC VIC MODEL
Uttarakhand,Dehradun,2024-06-27,2024,06,19.4862762976,NRSC VIC MODEL
Uttarakhand,Dehradun,2024-07-03,2024,07,42.222231102,NRSC VIC MODEL
Uttarakhand,Dehradun,2024-07-13,2024,07,2.7544501455,NRSC VIC MODEL
Uttarakhand,Dehradun,2024-07-19,2024,07,12.7070245072,NRSC VIC MODEL
Uttarakhand,Dehradun,2024-07-20,2024,07,38.8495268563,NRSC VIC MODEL
Uttarakhand,Dehradun,2024-07-21,2024,07,2.8500079964,NRSC VIC MODEL
Uttarakhand,Dehradun,2024-07-27,2024,07,42.0963448977,NRSC VIC MODEL
Uttarakhand,Dehradun,2024-08-07,2024,08,31.3407271104,NRSC VIC MODEL
Uttarakhand,Dehradun,2024-08-23,2024,08,13.8819358883,NRSC VIC MODEL
Uttarakhand,Dehradun,2024-08-25,2024,08,6.4540255963,NRSC VIC MODEL
Uttarakhand,Dehradun,2024-08-31,2024,08,1.4815390138,NRSC VIC MODEL
Uttarakhand,Dehradun,2024-09-01,2024,09,14.6657298018,NRSC VIC MODEL
Uttarakhand,Dehradun,2024-09-02,2024,09,14.4905015489,NRSC VIC MODEL
Uttarakhand,Dehradun,2024-09-03,2024,09,12.6406582237,NRSC VIC MODEL
Uttarakhand,Dehradun,2024-09-05,2024,09,14.7999756511,NRSC VIC MODEL
Uttarakhand,Dehradun,2024-09-08,2024,09,0.1398187776,NRSC VIC MODEL
Uttarakhand,Dehradun,2024-09-11,2024,09,8.4325263215,NRSC VIC MODEL
Uttarakhand,Dehradun,2024-09-20,2024,09,0.0234712308,NRSC VIC MODEL
Uttarakhand,Dehradun,2024-09-23,2024,09,1.1965907394,NRSC VIC MODEL
Uttarakhand,Dehradun,2024-09-25,2024,09,14.935358804,NRSC VIC MODEL
Uttarakhand,Dehradun,2024-09-29,2024,09,0.2826968802,NRSC VIC MODEL
Uttarakhand,Dehradun,2024-10-08,2024,10,2.37395e-05,NRSC VIC MODEL
Uttarakhand,Dehradun,2024-10-10,2024,10,0.1774882742,NRSC VIC MODEL
Uttarakhand,Dehradun,2024-10-17,2024,10,0.035563796,NRSC VIC MODEL
Uttarakhand,Dehradun,2024-10-25,2024,10,0,NRSC VIC MODEL
Uttarakhand,Dehradun,2024-10-30,2024,10,0,NRSC VIC MODEL
Uttarakhand,Dehradun,2024-11-05,2024,11,0,NRSC VIC MODEL
Uttarakhand,Dehradun,2024-11-16,2024,11,0,NRSC VIC MODEL
Uttarakhand,Dehradun,2024-11-20,2024,11,0,NRSC VIC MODEL
Uttarakhand,Dehradun,2024-11-21,2024,11,0,NRSC VIC MODEL
Uttarakhand,Dehradun,2024-11-28,2024,11,0,NRSC VIC MODEL
Uttarakhand,Dehradun,2024-12-01,2024,12,0.0016954814,NRSC VIC MODEL
Uttarakhand,Dehradun,2024-12-03,2024,12,0,NRSC VIC MODEL
Uttarakhand,Dehradun,2024-12-07,2024,12,0.0016576793,NRSC VIC MODEL
Uttarakhand,Dehradun,2024-12-23,2024,12,0.0007372044,NRSC VIC MODEL
Uttarakhand,Dehradun,2024-12-28,2024,12,21.9691669031,NRSC VIC MODEL
Uttarakhand,Dehradun,2024-12-29,2024,12,0.2815137508,NRSC VIC MODEL
Uttarakhand,Haridwar,2024-01-01,2024,01,0.8502163787,NRSC VIC MODEL
Uttarakhand,Haridwar,2024-01-07,2024,01,0,NRSC VIC MODEL
Uttarakhand,Haridwar,2024-01-16,2024,01,0,NRSC VIC MODEL
Uttarakhand,Haridwar,2024-01-20,2024,01,0,NRSC VIC MODEL
Uttarakhand,Haridwar,2024-01-23,2024,01,0,NRSC VIC MODEL
Uttarakhand,Haridwar,2024-01-30,2024,01,0,NRSC VIC MODEL
Uttarakhand,Haridwar,2024-02-04,2024,02,1.8427335793,NRSC VIC MODEL
Uttarakhand,Haridwar,2024-02-05,2024,02,8.9022687859,NRSC VIC MODEL
Uttarakhand,Haridwar,2024-02-09,2024,02,0,NRSC VIC MODEL
Uttarakhand,Haridwar,2024-02-13,2024,02,0.0019831709,NRSC VIC MODEL
Uttarakhand,Haridwar,2024-02-18,2024,02,0,NRSC VIC MODEL
Uttarakhand,Haridwar,2024-02-24,2024,02,0,NRSC VIC MODEL
Uttarakhand,Haridwar,2024-03-06,2024,03,0,NRSC VIC MODEL
Uttarakhand,Haridwar,2024-03-14,2024,03,0,NRSC VIC MODEL
Uttarakhand,Haridwar,2024-03-30,2024,03,1.3667366301,NRSC VIC MODEL
Uttarakhand,Haridwar,2024-04-05,2024,04,0,NRSC VIC MODEL
Uttarakhand,Haridwar,2024-04-06,2024,04,0,NRSC VIC MODEL
Uttarakhand,Haridwar,2024-04-07,2024,04,0,NRSC VIC MODEL
Uttarakhand,Haridwar,2024-04-10,2024,04,0,NRSC VIC MODEL
Uttarakhand,Haridwar,2024-04-22,2024,04,0.0048538863,NRSC VIC MODEL
Uttarakhand,Haridwar,2024-04-24,2024,04,0.0008141156,NRSC VIC MODEL
Uttarakhand,Haridwar,2024-05-02,2024,05,0,NRSC VIC MODEL
Uttarakhand,Haridwar,2024-05-08,2024,05,0.0003629494,NRSC VIC MODEL
Uttarakhand,Haridwar,2024-05-25,2024,05,0,NRSC VIC MODEL
Uttarakhand,Haridwar,2024-05-27,2024,05,0,NRSC VIC MODEL
Uttarakhand,Haridwar,2024-05-29,2024,05,0,NRSC VIC MODEL
Uttarakhand,Haridwar,2024-06-04,2024,06,0.0044623202,NRSC VIC MODEL
Uttarakhand,Haridwar,2024-06-05,2024,06,0.0003629494,NRSC VIC MODEL
Uttarakhand,Haridwar,2024-06-06,2024,06,0.446118621,NRSC VIC MODEL
Uttarakhand,Haridwar,2024-06-07,2024,06,0,NRSC VIC MODEL
Uttarakhand,Haridwar,2024-06-14,2024,06,0,NRSC VIC MODEL
Uttarakhand,Haridwar,2024-06-19,2024,06,5.8444151524,NRSC VIC MODEL
Uttarakhand,Haridwar,2024-06-23,2024,06,9.1360226686,NRSC VIC MODEL
Uttarakhand,Haridwar,2024-06-26,2024,06,0.2085936357,NRSC VIC MODEL
Uttarakhand,Haridwar,2024-06-27,2024,06,6.3361921651,NRSC VIC MODEL
Uttarakhand,Haridwar,2024-07-15,2024,07,24.248230409,NRSC VIC MODEL
Uttarakhand,Haridwar,2024-07-22,2024,07,13.0536679787,NRSC VIC MODEL
Uttarakhand,Haridwar,2024-07-29,2024,07,12.0980027416,NRSC VIC MODEL
Uttarakhand,Haridwar,2024-08-04,2024,08,6.3066980877,NRSC VIC MODEL
Uttarakhand,Haridwar,2024-08-26,2024,08,8.9610641522,NRSC VIC MODEL
Uttarakhand,Haridwar,2024-08-27,2024,08,3.2389981082,NRSC VIC MODEL
Uttarakhand,Haridwar,2024-08-29,2024,08,2.3910409528,NRSC VIC MODEL
Uttarakhand,Haridwar,2024-09-10,2024,09,2.8171011757,NRSC VIC MODEL
Uttarakhand,Haridwar,2024-09-17,2024,09,2.0351377063,NRSC VIC MODEL
Uttarakhand,Haridwar,2024-09-20,2024,09,0,NRSC VIC MODEL
Uttarakhand,Haridwar,2024-09-23,2024,09,0,NRSC VIC MODEL
Uttarakhand,Haridwar,2024-09-25,2024,09,10.4591867616,NRSC VIC MODEL
Uttarakhand,Haridwar,2024-10-07,2024,10,0,NRSC VIC MODEL
Uttarakhand,Haridwar,2024-10-10,2024,10,0.0557235419,NRSC VIC MODEL
Uttarakhand,Haridwar,2024-10-11,2024,10,0,NRSC VIC MODEL
Uttarakhand,Haridwar,2024-10-15,2024,10,0,NRSC VIC MODEL
Uttarakhand,Haridwar,2024-10-24,2024,10,0,NRSC VIC MODEL
Uttarakhand,Haridwar,2024-10-26,2024,10,0,NRSC VIC MODEL
Uttarakhand,Haridwar,2024-10-29,2024,10,0,NRSC VIC MODEL
Uttarakhand,Haridwar,2024-10-31,2024,10,0,NRSC VIC MODEL
Uttarakhand,Haridwar,2024-11-02,2024,11,0,NRSC VIC MODEL
Uttarakhand,Haridwar,2024-11-06,2024,11,0,NRSC VIC MODEL
Uttarakhand,Haridwar,2024-11-11,2024,11,0.0995546866,NRSC VIC MODEL
Uttarakhand,Haridwar,2024-11-12,2024,11,0,NRSC VIC MODEL
Uttarakhand,Haridwar,2024-11-14,2024,11,0,NRSC VIC MODEL
Uttarakhand,Haridwar,2024-11-23,2024,11,0,NRSC VIC MODEL
Uttarakhand,Haridwar,2024-11-28,2024,11,0,NRSC VIC MODEL
Uttarakhand,Haridwar,2024-11-29,2024,11,0,NRSC VIC MODEL
Uttarakhand,Haridwar,2024-11-30,2024,11,0,NRSC VIC MODEL
Uttarakhand,Haridwar,2024-12-03,2024,12,0,NRSC VIC MODEL
Uttarakhand,Haridwar,2024-12-06,2024,12,0,NRSC VIC MODEL
Uttarakhand,Haridwar,2024-12-14,2024,12,0,NRSC VIC MODEL
Uttarakhand,Haridwar,2024-12-26,2024,12,0.0001757403,NRSC VIC MODEL
Uttarakhand,Haridwar,2024-12-31,2024,12,0,NRSC VIC MODEL
Uttarakhand,Nainital,2024-01-01,2024,01,0.3306724689,NRSC VIC MODEL
Uttarakhand,Nainital,2024-01-09,2024,01,0.0002019602,NRSC VIC MODEL
Uttarakhand,Nainital,2024-01-14,2024,01,0,NRSC VIC MODEL
Uttarakhand,Nainital,2024-01-23,2024,01,0,NRSC VIC MODEL
Uttarakhand,Nainital,2024-02-03,2024,02,0.1949647708,NRSC VIC MODEL
Uttarakhand,Nainital,2024-02-08,2024,02,0,NRSC VIC MODEL
Uttarakhand,Nainital,2024-02-09,2024,02,0,NRSC VIC MODEL
Uttarakhand,Nainital,2024-02-14,2024,02,0.0009739929,NRSC VIC MODEL
Uttarakhand,Nainital,2024-02-15,2024,02,0.0009227301,NRSC VIC MODEL
Uttarakhand,Nainital,2024-02-17,2024,02,0,NRSC VIC MODEL
Uttarakhand,Nainital,2024-02-22,2024,02,0.0010828303,NRSC VIC MODEL
Uttarakhand,Nainital,2024-02-23,2024,02,0.0267706,NRSC VIC MODEL
Uttarakhand,Nainital,2024-03-01,2024,03,0,NRSC VIC MODEL
Uttarakhand,Nainital,2024-03-07,2024,03,0.015705554,NRSC VIC MODEL
Uttarakhand,Nainital,2024-03-08,2024,03,0,NRSC VIC MODEL
Uttarakhand,Nainital,2024-03-12,2024,03,0.0003588819,NRSC VIC MODEL
Uttarakhand,Nainital,2024-03-13,2024,03,0.0001038344,NRSC VIC MODEL
Uttarakhand,Nainital,2024-03-15,2024,03,0,NRSC VIC MODEL
Uttarakhand,Nainital,2024-03-22,2024,03,0,NRSC VIC MODEL
Uttarakhand,Nainital,2024-03-27,2024,03,0,NRSC VIC MODEL
Uttarakhand,Nainital,2024-03-31,2024,03,0.4505573917,NRSC VIC MODEL
Uttarakhand,Nainital,2024-04-13,2024,04,0.1073880193,NRSC VIC MODEL
Uttarakhand,Nainital,2024-04-23,2024,04,0.0016862398,NRSC VIC MODEL
Uttarakhand,Nainital,2024-04-25,2024,04,0,NRSC VIC MODEL
Uttarakhand,Nainital,2024-05-04,2024,05,0.171419857,NRSC VIC MODEL
Uttarakhand,Nainital,2024-05-07,2024,05,0.0516653836,NRSC VIC MODEL
Uttarakhand,Nainital,2024-05-12,2024,05,0.3993188686,NRSC VIC MODEL
Uttarakhand,Nainital,2024-05-13,2024,05,0.0964798372,NRSC VIC MODEL
Uttarakhand,Nainital,2024-05-15,2024,05,0.0018120957,NRSC VIC MODEL
Uttarakhand,Nainital,2024-05-22,2024,05,0.0348482648,NRSC VIC MODEL
Uttarakhand,Nainital,2024-05-29,2024,05,0,NRSC VIC MODEL
Uttarakhand,Nainital,2024-06-01,2024,06,7.10533e-05,NRSC VIC MODEL
Uttarakhand,Nainital,2024-06-03,2024,06,0.0017142384,NRSC VIC MODEL
Uttarakhand,Nainital,2024-06-11,2024,06,0.1473576726,NRSC VIC MODEL
Uttarakhand,Nainital,2024-06-16,2024,06,0.003010859,NRSC VIC MODEL
Uttarakhand,Nainital,2024-06-17,2024,06,0.0015288752,NRSC VIC MODEL
Uttarakhand,Nainital,2024-06-18,2024,06,0,NRSC VIC MODEL
Uttarakhand,Nainital,2024-06-30,2024,06,14.7981613984,NRSC VIC MODEL
Uttarakhand,Nainital,2024-07-01,2024,07,18.2300667061,NRSC VIC MODEL
Uttarakhand,Nainital,2024-07-08,2024,07,123.7642392842,NRSC VIC MODEL
Uttarakhand,Nainital,2024-07-09,2024,07,46.3129310005,NRSC VIC MODEL
Uttarakhand,Nainital,2024-07-20,2024,07,0.9654760694,NRSC VIC MODEL
Uttarakhand,Nainital,2024-07-22,2024,07,8.5634978783,NRSC VIC MODEL
Uttarakhand,Nainital,2024-07-27,2024,07,41.8018899359,NRSC VIC MODEL
Uttarakhand,Nainital,2024-08-03,2024,08,8.1571419928,NRSC VIC MODEL
Uttarakhand,Nainital,2024-08-09,2024,08,3.5495885308,NRSC VIC MODEL
Uttarakhand,Nainital,2024-08-14,2024,08,13.6226804493,NRSC VIC MODEL
Uttarakhand,Nainital,2024-08-16,2024,08,15.0265289476,NRSC VIC MODEL
Uttarakhand,Nainital,2024-08-20,2024,08,24.0903197881,NRSC VIC MODEL
Uttarakhand,Nainital,2024-08-27,2024,08,6.5421757822,NRSC VIC MODEL
Uttarakhand,Nainital,2024-08-29,2024,08,4.6487630398,NRSC VIC MODEL
Uttarakhand,Nainital,2024-09-01,2024,09,10.8703671077,NRSC VIC MODEL
Uttarakhand,Nainital,2024-09-02,2024,09,7.9434633324,NRSC VIC MODEL
Uttarakhand,Nainital,2024-09-14,2024,09,2.3252144344,NRSC VIC MODEL
Uttarakhand,Nainital,2024-09-24,2024,09,2.1977495775,NRSC VIC MODEL
Uttarakhand,Nainital,2024-09-27,2024,09,8.0676474342,NRSC VIC MODEL
Uttarakhand,Nainital,2024-10-11,2024,10,0.0034278242,NRSC VIC MODEL
Uttarakhand,Nainital,2024-10-14,2024,10,0.052803784,NRSC VIC MODEL
Uttarakhand,Nainital,2024-10-15,2024,10,0,NRSC VIC MODEL
Uttarakhand,Nainital,2024-10-19,2024,10,0.7707686628,NRSC VIC MODEL
Uttarakhand,Nainital,2024-10-21,2024,10,0,NRSC VIC MODEL
Uttarakhand,Nainital,2024-10-25,2024,10,0,NRSC VIC MODEL
Uttarakhand,Nainital,2024-10-28,2024,10,0,NRSC VIC MODEL
Uttarakhand,Nainital,2024-10-29,2024,10,0,NRSC VIC MODEL
Uttarakhand,Nainital,2024-11-02,2024,11,0,NRSC VIC MODEL
Uttarakhand,Nainital,2024-11-07,2024,11,0,NRSC VIC MODEL
Uttarakhand,Nainital,2024-11-12,2024,11,0.000265442,NRSC VIC MODEL
Uttarakhand,Nainital,2024-11-17,2024,11,0,NRSC VIC MODEL
Uttarakhand,Nainital,2024-11-18,2024,11,0.0004101023,NRSC VIC MODEL
Uttarakhand,Nainital,2024-11-25,2024,11,0.0083485862,NRSC VIC MODEL
Uttarakhand,Nainital,2024-11-26,2024,11,0.0009227301,NRSC VIC MODEL
Uttarakhand,Nainital,2024-11-29,2024,11,0.0290018896,NRSC VIC MODEL
Uttarakhand,Nainital,2024-12-03,2024,12,0,NRSC VIC MODEL
Uttarakhand,Nainital,2024-12-06,2024,12,0,NRSC VIC MODEL
Uttarakhand,Nainital,2024-12-09,2024,12,1.3786752217,NRSC VIC MODEL
Uttarakhand,Nainital,2024-12-12,2024,12,0,NRSC VIC MODEL
Uttarakhand,Nainital,2024-12-15,2024,12,0.0001309069,NRSC VIC MODEL
Uttarakhand,Nainital,2024-12-22,2024,12,0,NRSC VIC MODEL
Uttarakhand,Nainital,2024-12-23,2024,12,0.0002618138,NRSC VIC MODEL
Uttarakhand,Nainital,2024-12-26,2024,12,0,NRSC VIC MODEL
Uttarakhand,Nainital,2024-12-28,2024,12,8.284865446,NRSC VIC MODEL
Uttarakhand,Nainital,2024-12-29,2024,12,0.5452737088,NRSC VIC MODEL
Uttarakhand,Pauri Garhwal,2024-01-06,2024,01,0.0271505542,NRSC VIC MODEL
Uttarakhand,Pauri Garhwal,2024-01-08,2024,01,0,NRSC VIC MODEL
Uttarakhand,Pauri Garhwal,2024-01-11,2024,01,0,NRSC VIC MODEL
Uttarakhand,Pauri Garhwal,2024-01-13,2024,01,0,NRSC VIC MODEL
Uttarakhand,Pauri Garhwal,2024-01-14,2024,01,0,NRSC VIC MODEL
Uttarakhand,Pauri Garhwal,2024-02-05,2024,02,6.6491224524,NRSC VIC MODEL
Uttarakhand,Pauri Garhwal,2024-02-06,2024,02,0.8965133692,NRSC VIC MODEL
Uttarakhand,Pauri Garhwal,2024-02-09,2024,02,0,NRSC VIC MODEL
Uttarakhand,Pauri Garhwal,2024-02-12,2024,02,0,NRSC VIC MODEL
Uttarakhand,Pauri Garhwal,2024-02-26,2024,02,0,NRSC VIC MODEL
Uttarakhand,Pauri Garhwal,2024-03-01,2024,03,0,NRSC VIC MODEL
Uttarakhand,Pauri Garhwal,2024-03-04,2024,03,34.349931225,NRSC VIC MODEL
Uttarakhand,Pauri Garhwal,2024-03-08,2024,03,0,NRSC VIC MODEL
Uttarakhand,Pauri Garhwal,2024-03-10,2024,03,0.0207524111,NRSC VIC MODEL
Uttarakhand,Pauri Garhwal,2024-03-15,2024,03,0.0043037282,NRSC VIC MODEL
Uttarakhand,Pauri Garhwal,2024-03-16,2024,03,0,NRSC VIC MODEL
Uttarakhand,Pauri Garhwal,2024-03-17,2024,03,0.0236277015,NRSC VIC MODEL
Uttarakhand,Pauri Garhwal,2024-03-26,2024,03,0,NRSC VIC MODEL
Uttarakhand,Pauri Garhwal,2024-04-02,2024,04,0.00219734,NRSC VIC MODEL
Uttarakhand,Pauri Garhwal,2024-04-09,2024,04,0.0005130342,NRSC VIC MODEL
Uttarakhand,Pauri Garhwal,2024-04-18,2024,04,0.0012493936,NRSC VIC MODEL
Uttarakhand,Pauri Garhwal,2024-04-21,2024,04,0,NRSC VIC MODEL
Uttarakhand,Pauri Garhwal,2024-05-02,2024,05,0.0084480791,NRSC VIC MODEL
Uttarakhand,Pauri Garhwal,2024-05-07,2024,05,0.0511089296,NRSC VIC MODEL
Uttarakhand,Pauri Garhwal,2024-05-10,2024,05,0.0043253601,NRSC VIC MODEL
Uttarakhand,Pauri Garhwal,2024-05-11,2024,05,2.4470818542,NRSC VIC MODEL
Uttarakhand,Pauri Garhwal,2024-05-14,2024,05,0.9059252087,NRSC VIC MODEL
Uttarakhand,Pauri Garhwal,2024-05-23,2024,05,0.8288533033,NRSC VIC MODEL
Uttarakhand,Pauri Garhwal,2024-05-26,2024,05,0.5930295355,NRSC VIC MODEL
Uttarakhand,Pauri Garhwal,2024-06-03,2024,06,0.0023538508,NRSC VIC MODEL
Uttarakhand,Pauri Garhwal,2024-06-05,2024,06,0.6560551618,NRSC VIC MODEL
Uttarakhand,Pauri Garhwal,2024-06-07,2024,06,0,NRSC VIC MODEL
Uttarakhand,Pauri Garhwal,2024-06-14,2024,06,0,NRSC VIC MODEL
Uttarakhand,Pauri Garhwal,2024-06-16,2024,06,0.0008074497,NRSC VIC MODEL
Uttarakhand,Pauri Garhwal,2024-06-17,2024,06,0,NRSC VIC MODEL
Uttarakhand,Pauri Garhwal,2024-06-18,2024,06,0.3538684331,NRSC VIC MODEL
Uttarakhand,Pauri Garhwal,2024-06-22,2024,06,3.3437265625,NRSC VIC MODEL
Uttarakhand,Pauri Garhwal,2024-06-23,2024,06,1.5558761525,NRSC VIC MODEL
Uttarakhand,Pauri Garhwal,2024-06-26,2024,06,6.9010218257,NRSC VIC MODEL
Uttarakhand,Pauri Garhwal,2024-06-27,2024,06,5.5619618546,NRSC VIC MODEL
Uttarakhand,Pauri Garhwal,2024-07-01,2024,07,10.3641166113,NRSC VIC MODEL
Uttarakhand,Pauri Garhwal,2024-07-05,2024,07,22.3717781673,NRSC VIC MODEL
Uttarakhand,Pauri Garhwal,2024-07-08,2024,07,4.1617305852,NRSC VIC MODEL
Uttarakhand,Pauri Garhwal,2024-07-20,2024,07,4.2782956435,NRSC VIC MODEL
Uttarakhand,Pauri Garhwal,2024-07-26,2024,07,16.5693509252,NRSC VIC MODEL
Uttarakhand,Pauri Garhwal,2024-08-13,2024,08,7.2932123409,NRSC VIC MODEL
Uttarakhand,Pauri Garhwal,2024-08-16,2024,08,17.8989996989,NRSC VIC MODEL
Uttarakhand,Pauri Garhwal,2024-08-22,2024,08,10.0083013907,NRSC VIC MODEL
Uttarakhand,Pauri Garhwal,2024-08-30,2024,08,4.0466012808,NRSC VIC MODEL
Uttarakhand,Pauri Garhwal,2024-09-09,2024,09,8.7353168797,NRSC VIC MODEL
Uttarakhand,Pauri Garhwal,2024-09-10,2024,09,7.503240093,NRSC VIC MODEL
Uttarakhand,Pauri Garhwal,2024-09-14,2024,09,2.0279745998,NRSC VIC MODEL
Uttarakhand,Pauri Garhwal,2024-09-16,2024,09,1.1549668084,NRSC VIC MODEL
Uttarakhand,Pauri Garhwal,2024-09-19,2024,09,0.1585550231,NRSC VIC MODEL
Uttarakhand,Pauri Garhwal,2024-09-25,2024,09,11.3387985802,NRSC VIC MODEL
Uttarakhand,Pauri Garhwal,2024-09-27,2024,09,7.9317763551,NRSC VIC MODEL
Uttarakhand,Pauri Garhwal,2024-10-04,2024,10,0.31123801,NRSC VIC MODEL
Uttarakhand,Pauri Garhwal,2024-10-10,2024,10,0.0032167129,NRSC VIC MODEL
Uttarakhand,Pauri Garhwal,2024-10-12,2024,10,0,NRSC VIC MODEL
Uttarakhand,Pauri Garhwal,2024-10-13,2024,10,0,NRSC VIC MODEL
Uttarakhand,Pauri Garhwal,2024-10-16,2024,10,0,NRSC VIC MODEL
Uttarakhand,Pauri Garhwal,2024-10-18,2024,10,0.4325090052,NRSC VIC MODEL
Uttarakhand,Pauri Garhwal,2024-10-25,2024,10,0,NRSC VIC MODEL
Uttarakhand,Pauri Garhwal,2024-10-28,2024,10,0,NRSC VIC MODEL
Uttarakhand,Pauri Garhwal,2024-11-01,2024,11,0.0060166791,NRSC VIC MODEL
Uttarakhand,Pauri Garhwal,2024-11-10,2024,11,0.0053930025,NRSC VIC MODEL
Uttarakhand,Pauri Garhwal,2024-11-26,2024,11,0.1096014774,NRSC VIC MODEL
Uttarakhand,Pauri Garhwal,2024-12-01,2024,12,0.0883102362,NRSC VIC MODEL
Uttarakhand,Pauri Garhwal,2024-12-09,2024,12,0.1673429098,NRSC VIC MODEL
Uttarakhand,Pauri Garhwal,2024-12-19,2024,12,0.0004149566,NRSC VIC MODEL
Uttarakhand,Pauri Garhwal,2024-12-20,2024,12,0.046670706,NRSC VIC MODEL
Uttarakhand,Pauri Garhwal,2024-12-21,2024,12,0,NRSC VIC MODEL
Uttarakhand,Pauri Garhwal,2024-12-22,2024,12,0,NRSC VIC MODEL
Uttarakhand,Pithoragarh,2024-01-05,2024,01,0,NRSC VIC MODEL
Uttarakhand,Pithoragarh,2024-01-09,2024,01,0.0170713831,NRSC VIC MODEL
Uttarakhand,Pithoragarh,2024-01-14,2024,01,0,NRSC VIC MODEL
Uttarakhand,Pithoragarh,2024-01-15,2024,01,0,NRSC VIC MODEL
Uttarakhand,Pithoragarh,2024-01-19,2024,01,4.5596e-06,NRSC VIC MODEL
Uttarakhand,Pithoragarh,2024-01-21,2024,01,0,NRSC VIC MODEL
Uttarakhand,Pithoragarh,2024-01-24,2024,01,0,NRSC VIC MODEL
Uttarakhand,Pithoragarh,2024-01-27,2024,01,0.0015821758,NRSC VIC MODEL
Uttarakhand,Pithoragarh,2024-02-05,2024,02,3.1338411035,NRSC VIC MODEL
Uttarakhand,Pithoragarh,2024-02-11,2024,02,0,NRSC VIC MODEL
Uttarakhand,Pithoragarh,2024-02-12,2024,02,0.0044200377,NRSC VIC MODEL
Uttarakhand,Pithoragarh,2024-02-19,2024,02,7.7830675119,NRSC VIC MODEL
Uttarakhand,Pithoragarh,2024-02-23,2024,02,0.8387775068,NRSC VIC MODEL
Uttarakhand,Pithoragarh,2024-02-27,2024,02,0,NRSC VIC MODEL
Uttarakhand,Pithoragarh,2024-02-28,2024,02,2.3948785641,NRSC VIC MODEL
Uttarakhand,Pithoragarh,2024-03-06,2024,03,1.5482807261,NRSC VIC MODEL
Uttarakhand,Pithoragarh,2024-03-09,2024,03,0,NRSC VIC MODEL
Uttarakhand,Pithoragarh,2024-03-13,2024,03,0.0917738112,NRSC VIC MODEL
Uttarakhand,Pithoragarh,2024-03-15,2024,03,0.1229664747,NRSC VIC MODEL
Uttarakhand,Pithoragarh,2024-03-20,2024,03,3.4687654585,NRSC VIC MODEL
Uttarakhand,Pithoragarh,2024-03-23,2024,03,3.8997974252,NRSC VIC MODEL
Uttarakhand,Pithoragarh,2024-03-28,2024,03,0,NRSC VIC MODEL
Uttarakhand,Pithoragarh,2024-03-31,2024,03,10.9862605506,NRSC VIC MODEL
Uttarakhand,Pithoragarh,2024-04-06,2024,04,0.1111617877,NRSC VIC MODEL
Uttarakhand,Pithoragarh,2024-04-07,2024,04,0,NRSC VIC MODEL
Uttarakhand,Pithoragarh,2024-04-08,2024,04,0.0180819723,NRSC VIC MODEL
Uttarakhand,Pithoragarh,2024-04-13,2024,04,4.3224420846,NRSC VIC MODEL
Uttarakhand,Pithoragarh,2024-04-29,2024,04,0.2838674126,NRSC VIC MODEL
Uttarakhand,Pithoragarh,2024-05-05,2024,05,0.0756721092,NRSC VIC MODEL
Uttarakhand,Pithoragarh,2024-05-06,2024,05,1.0568441014,NRSC VIC MODEL
Uttarakhand,Pithoragarh,2024-05-10,2024,05,1.2489614475,NRSC VIC MODEL
Uttarakhand,Pithoragarh,2024-05-13,2024,05,7.0800091215,NRSC VIC MODEL
Uttarakhand,Pithoragarh,2024-06-05,2024,06,3.1964556461,NRSC VIC MODEL
Uttarakhand,Pithoragarh,2024-06-08,2024,06,0.1075189455,NRSC VIC MODEL
Uttarakhand,Pithoragarh,2024-06-11,2024,06,0.168851937,NRSC VIC MODEL
Uttarakhand,Pithoragarh,2024-06-23,2024,06,2.7831802631,NRSC VIC MODEL
Uttarakhand,Pithoragarh,2024-06-25,2024,06,1.4790131259,NRSC VIC MODEL
Uttarakhand,Pithoragarh,2024-07-02,2024,07,9.0749250666,NRSC VIC MODEL
Uttarakhand,Pithoragarh,2024-07-08,2024,07,86.3509559377,NRSC VIC MODEL
Uttarakhand,Pithoragarh,2024-07-13,2024,07,4.0049538426,NRSC VIC MODEL
Uttarakhand,Pithoragarh,2024-07-16,2024,07,0.6477553461,NRSC VIC MODEL
Uttarakhand,Pithoragarh,2024-07-17,2024,07,16.4842010145,NRSC VIC MODEL
Uttarakhand,Pithoragarh,2024-07-25,2024,07,0,NRSC VIC MODEL
Uttarakhand,Pithoragarh,2024-08-05,2024,08,3.9555234722,NRSC VIC MODEL
Uttarakhand,Pithoragarh,2024-08-11,2024,08,23.5748408821,NRSC VIC MODEL
Uttarakhand,Pithoragarh,2024-08-16,2024,08,12.0820257258,NRSC VIC MODEL
Uttarakhand,Pithoragarh,2024-08-22,2024,08,7.4012028358,NRSC VIC MODEL
Uttarakhand,Pithoragarh,2024-08-28,2024,08,7.8863810967,NRSC VIC MODEL
Uttarakhand,Pithoragarh,2024-08-29,2024,08,5.2217407541,NRSC VIC MODEL
Uttarakhand,Pithoragarh,2024-08-31,2024,08,3.5924584492,NRSC VIC MODEL
Uttarakhand,Pithoragarh,2024-09-04,2024,09,9.1066039612,NRSC VIC MODEL
Uttarakhand,Pithoragarh,2024-09-12,2024,09,35.4141269957,NRSC VIC MODEL
Uttarakhand,Pithoragarh,2024-09-19,2024,09,0.2878878738,NRSC VIC MODEL
Uttarakhand,Pithoragarh,2024-09-21,2024,09,2.7899264419,NRSC VIC MODEL
Uttarakhand,Pithoragarh,2024-09-23,2024,09,0.5707626882,NRSC VIC MODEL
Uttarakhand,Pithoragarh,2024-09-27,2024,09,7.0468246209,NRSC VIC MODEL
Uttarakhand,Pithoragarh,2024-10-11,2024,10,0.9048289552,NRSC VIC MODEL
Uttarakhand,Pithoragarh,2024-10-12,2024,10,0.0002556561,NRSC VIC MODEL
Uttarakhand,Pithoragarh,2024-10-17,2024,10,1.610096694,NRSC VIC MODEL
Uttarakhand,Pithoragarh,2024-10-18,2024,10,1.9043648958,NRSC VIC MODEL
Uttarakhand,Pithoragarh,2024-10-19,2024,10,1.9789515471,NRSC VIC MODEL
Uttarakhand,Pithoragarh,2024-10-23,2024,10,0.2142054158,NRSC VIC MODEL
Uttarakhand,Pithoragarh,2024-10-31,2024,10,0.0509052094,NRSC VIC MODEL
Uttarakhand,Pithoragarh,2024-11-01,2024,11,0.0500072914,NRSC VIC MODEL
Uttarakhand,Pithoragarh,2024-11-04,2024,11,0,NRSC VIC MODEL
Uttarakhand,Pithoragarh,2024-11-05,2024,11,0.4385852655,NRSC VIC MODEL
Uttarakhand,Pithoragarh,2024-11-11,2024,11,1.0936914278,NRSC VIC MODEL
Uttarakhand,Pithoragarh,2024-11-13,2024,11,0,NRSC VIC MODEL
Uttarakhand,Pithoragarh,2024-11-17,2024,11,0,NRSC VIC MODEL
Uttarakhand,Pithoragarh,2024-11-27,2024,11,0.00025152,NRSC VIC MODEL
Uttarakhand,Pithoragarh,2024-12-02,2024,12,0.2988280565,NRSC VIC MODEL
Uttarakhand,Pithoragarh,2024-12-05,2024,12,0,NRSC VIC MODEL
Uttarakhand,Pithoragarh,2024-12-06,2024,12,0,NRSC VIC MODEL
Uttarakhand,Pithoragarh,2024-12-07,2024,12,0.2081555126,NRSC VIC MODEL
Uttarakhand,Pithoragarh,2024-12-09,2024,12,0.122536962,NRSC VIC MODEL
Uttarakhand,Pithoragarh,2024-12-17,2024,12,0,NRSC VIC MODEL
Uttarakhand,Pithoragarh,2024-12-18,2024,12,0,NRSC VIC MODEL
Uttarakhand,Pithoragarh,2024-12-20,2024,12,0,NRSC VIC MODEL
Uttarakhand,Pithoragarh,2024-12-22,2024,12,0,NRSC VIC MODEL
Uttarakhand,Pithoragarh,2024-12-25,2024,12,0.5523154028,NRSC VIC MODEL
Uttarakhand,Pithoragarh,2024-12-28,2024,12,14.6065301335,NRSC VIC MODEL
Uttarakhand,Pithoragarh,2024-12-31,2024,12,0.0253675704,NRSC VIC MODEL
Uttarakhand,Rudra Prayag,2024-01-05,2024,01,0,NRSC VIC MODEL
Uttarakhand,Rudra Prayag,2024-01-06,2024,01,0,NRSC VIC MODEL
Uttarakhand,Rudra Prayag,2024-01-08,2024,01,0,NRSC VIC MODEL
Uttarakhand,Rudra Prayag,2024-01-12,2024,01,0,NRSC VIC MODEL
Uttarakhand,Rudra Prayag,2024-01-17,2024,01,0,NRSC VIC MODEL
Uttarakhand,Rudra Prayag,2024-01-20,2024,01,1.5150901244,NRSC VIC MODEL
Uttarakhand,Rudra Prayag,2024-01-27,2024,01,0.033001087,NRSC VIC MODEL
Uttarakhand,Rudra Prayag,2024-01-28,2024,01,0,NRSC VIC MODEL
Uttarakhand,Rudra Prayag,2024-01-29,2024,01,0,NRSC VIC MODEL
Uttarakhand,Rudra Prayag,2024-02-01,2024,02,9.5412129525,NRSC VIC MODEL
Uttarakhand,Rudra Prayag,2024-02-05,2024,02,7.7465989538,NRSC VIC MODEL
Uttarakhand,Rudra Prayag,2024-02-09,2024,02,0,NRSC VIC MODEL
Uttarakhand,Rudra Prayag,2024-02-14,2024,02,0,NRSC VIC MODEL
Uttarakhand,Rudra Prayag,2024-02-15,2024,02,0,NRSC VIC MODEL
Uttarakhand,Rudra Prayag,2024-02-18,2024,02,5.39673e-05,NRSC VIC MODEL
Uttarakhand,Rudra Prayag,2024-02-19,2024,02,6.9087893391,NRSC VIC MODEL
Uttarakhand,Rudra Prayag,2024-02-25,2024,02,3.3846551297,NRSC VIC MODEL
Uttarakhand,Rudra Prayag,2024-02-28,2024,02,2.2051270289,NRSC VIC MODEL
Uttarakhand,Rudra Prayag,2024-03-03,2024,03,21.3833766603,NRSC VIC MODEL
Uttarakhand,Rudra Prayag,2024-03-07,2024,03,3.4635526711,NRSC VIC MODEL
Uttarakhand,Rudra Prayag,2024-03-19,2024,03,0.7800476469,NRSC VIC MODEL
Uttarakhand,Rudra Prayag,2024-03-20,2024,03,0.5806186724,NRSC VIC MODEL
Uttarakhand,Rudra Prayag,2024-03-25,2024,03,0,NRSC VIC MODEL
Uttarakhand,Rudra Prayag,2024-03-27,2024,03,0.0002124069,NRSC VIC MODEL
Uttarakhand,Rudra Prayag,2024-03-28,2024,03,0.3331582155,NRSC VIC MODEL
Uttarakhand,Rudra Prayag,2024-04-02,2024,04,0.008512476,NRSC VIC MODEL
Uttarakhand,Rudra Prayag,2024-04-04,2024,04,2.7084235507,NRSC VIC MODEL
Uttarakhand,Rudra Prayag,2024-04-12,2024,04,5.5431694638,NRSC VIC MODEL
Uttarakhand,Rudra Prayag,2024-04-18,2024,04,0.0041350407,NRSC VIC MODEL
Uttarakhand,Rudra Prayag,2024-04-22,2024,04,0.0842912988,NRSC VIC MODEL
Uttarakhand,Rudra Prayag,2024-04-24,2024,04,0.7631551466,NRSC VIC MODEL
Uttarakhand,Rudra Prayag,2024-04-26,2024,04,0,NRSC VIC MODEL
Uttarakhand,Rudra Prayag,2024-04-29,2024,04,0.1903272265,NRSC VIC MODEL
Uttarakhand,Rudra Prayag,2024-05-08,2024,05,0.5518634466,NRSC VIC MODEL
Uttarakhand,Rudra Prayag,2024-05-09,2024,05,5.2575680666,NRSC VIC MODEL
Uttarakhand,Rudra Prayag,2024-05-10,2024,05,1.329600033,NRSC VIC MODEL
Uttarakhand,Rudra Prayag,2024-05-11,2024,05,2.7770835951,NRSC VIC MODEL
Uttarakhand,Rudra Prayag,2024-05-14,2024,05,2.4446086698,NRSC VIC MODEL
Uttarakhand,Rudra Prayag,2024-05-26,2024,05,0.5047386179,NRSC VIC MODEL
Uttarakhand,Rudra Prayag,2024-06-02,2024,06,2.7002293007,NRSC VIC MODEL
Uttarakhand,Rudra Prayag,2024-06-05,2024,06,6.6971824443,NRSC VIC MODEL
Uttarakhand,Rudra Prayag,2024-06-14,2024,06,0,NRSC VIC MODEL
Uttarakhand,Rudra Prayag,2024-06-17,2024,06,0,NRSC VIC MODEL
Uttarakhand,Rudra Prayag,2024-06-19,2024,06,8.2973520842,NRSC VIC MODEL
Uttarakhand,Rudra Prayag,2024-06-28,2024,06,1.830593731,NRSC VIC MODEL
Uttarakhand,Rudra Prayag,2024-06-29,2024,06,0.29536878,NRSC VIC MODEL
Uttarakhand,Rudra Prayag,2024-07-03,2024,07,6.1244081051,NRSC VIC MODEL
Uttarakhand,Rudra Prayag,2024-07-04,2024,07,3.9964291614,NRSC VIC MODEL
Uttarakhand,Rudra Prayag,2024-07-05,2024,07,32.3064815672,NRSC VIC MODEL
Uttarakhand,Rudra Prayag,2024-07-15,2024,07,0.2783315298,NRSC VIC MODEL
Uttarakhand,Rudra Prayag,2024-07-16,2024,07,36.7009357294,NRSC VIC MODEL
Uttarakhand,Rudra Prayag,2024-07-20,2024,07,21.7773329673,NRSC VIC MODEL
Uttarakhand,Rudra Prayag,2024-07-26,2024,07,29.1973301404,NRSC VIC MODEL
Uttarakhand,Rudra Prayag,2024-07-31,2024,07,11.5359144065,NRSC VIC MODEL
Uttarakhand,Rudra Prayag,2024-08-05,2024,08,9.4989516979,NRSC VIC MODEL
Uttarakhand,Rudra Prayag,2024-08-06,2024,08,7.8776761005,NRSC VIC MODEL
Uttarakhand,Rudra Prayag,2024-08-10,2024,08,21.3628346338,NRSC VIC MODEL
Uttarakhand,Rudra Prayag,2024-08-11,2024,08,44.1188135047,NRSC VIC MODEL
Uttarakhand,Rudra Prayag,2024-08-20,2024,08,14.8737313104,NRSC VIC MODEL
Uttarakhand,Rudra Prayag,2024-08-21,2024,08,6.4380149087,NRSC VIC MODEL
Uttarakhand,Rudra Prayag,2024-08-22,2024,08,7.0321064933,NRSC VIC MODEL
Uttarakhand,Rudra Prayag,2024-08-23,2024,08,11.6353859478,NRSC VIC MODEL
Uttarakhand,Rudra Prayag,2024-08-25,2024,08,6.7081134287,NRSC VIC MODEL
Uttarakhand,Rudra Prayag,2024-08-27,2024,08,8.4144941075,NRSC VIC MODEL
Uttarakhand,Rudra Prayag,2024-09-04,2024,09,11.9725695327,NRSC VIC MODEL
Uttarakhand,Rudra Prayag,2024-09-07,2024,09,7.0158499337,NRSC VIC MODEL
Uttarakhand,Rudra Prayag,2024-09-16,2024,09,0.8740780712,NRSC VIC MODEL
Uttarakhand,Rudra Prayag,2024-09-17,2024,09,12.5773342384,NRSC VIC MODEL
Uttarakhand,Rudra Prayag,2024-10-14,2024,10,0.3654820731,NRSC VIC MODEL
Uttarakhand,Rudra Prayag,2024-10-23,2024,10,0.0012698143,NRSC VIC MODEL
Uttarakhand,Rudra Prayag,2024-10-26,2024,10,0.0159251036,NRSC VIC MODEL
Uttarakhand,Rudra Prayag,2024-10-29,2024,10,0.0004120003,NRSC VIC MODEL
Uttarakhand,Rudra Prayag,2024-10-31,2024,10,0.0009030118,NRSC VIC MODEL
Uttarakhand,Rudra Prayag,2024-11-01,2024,11,0.0016416305,NRSC VIC MODEL
Uttarakhand,Rudra Prayag,2024-11-12,2024,11,0.0702982683,NRSC VIC MODEL
Uttarakhand,Rudra Prayag,2024-11-13,2024,11,0,NRSC VIC MODEL
Uttarakhand,Rudra Prayag,2024-11-14,2024,11,0,NRSC VIC MODEL
Uttarakhand,Rudra Prayag,2024-11-15,2024,11,0,NRSC VIC MODEL
Uttarakhand,Rudra Prayag,2024-11-25,2024,11,0.0976548075,NRSC VIC MODEL
Uttarakhand,Rudra Prayag,2024-12-02,2024,12,0.9168607916,NRSC VIC MODEL
Uttarakhand,Rudra Prayag,2024-12-06,2024,12,0,NRSC VIC MODEL
Uttarakhand,Rudra Prayag,2024-12-08,2024,12,0.3488174285,NRSC VIC MODEL
Uttarakhand,Rudra Prayag,2024-12-16,2024,12,0,NRSC VIC MODEL
Uttarakhand,Rudra Prayag,2024-12-25,2024,12,0.019654947,NRSC VIC MODEL
Uttarakhand,Rudra Prayag,2024-12-29,2024,12,0.7699941306,NRSC VIC MODEL
Uttarakhand,Tehri Garhwal,2024-01-02,2024,01,0,NRSC VIC MODEL
Uttarakhand,Tehri Garhwal,2024-01-03,2024,01,0,NRSC VIC MODEL
Uttarakhand,Tehri Garhwal,2024-01-07,2024,01,0,NRSC VIC MODEL
Uttarakhand,Tehri Garhwal,2024-01-10,2024,01,0,NRSC VIC MODEL
Uttarakhand,Tehri Garhwal,2024-01-13,2024,01,0,NRSC VIC MODEL
Uttarakhand,Tehri Garhwal,2024-01-18,2024,01,0.1960934312,NRSC VIC MODEL
Uttarakhand,Tehri Garhwal,2024-01-19,2024,01,0.0148834602,NRSC VIC MODEL
Uttarakhand,Tehri Garhwal,2024-01-20,2024,01,0.6603696571,NRSC VIC MODEL
Uttarakhand,Tehri Garhwal,2024-01-23,2024,01,0,NRSC VIC MODEL
Uttarakhand,Tehri Garhwal,2024-01-29,2024,01,0,NRSC VIC MODEL
Uttarakhand,Tehri Garhwal,2024-02-04,2024,02,6.3000348709,NRSC VIC MODEL
Uttarakhand,Tehri Garhwal,2024-02-22,2024,02,0.7431034795,NRSC VIC MODEL
Uttarakhand,Tehri Garhwal,2024-02-28,2024,02,0.9754206739,NRSC VIC MODEL
Uttarakhand,Tehri Garhwal,2024-02-29,2024,02,0,NRSC VIC MODEL
Uttarakhand,Tehri Garhwal,2024-03-05,2024,03,0.1497583039,NRSC VIC MODEL
Uttarakhand,Tehri Garhwal,2024-03-06,2024,03,0.0513864655,NRSC VIC MODEL
Uttarakhand,Tehri Garhwal,2024-03-07,2024,03,0.4412789602,NRSC VIC MODEL
Uttarakhand,Tehri Garhwal,2024-03-10,2024,03,0,NRSC VIC MODEL
Uttarakhand,Tehri Garhwal,2024-03-25,2024,03,5.41115e-05,NRSC VIC MODEL
Uttarakhand,Tehri Garhwal,2024-03-28,2024,03,0.0206294995,NRSC VIC MODEL
Uttarakhand,Tehri Garhwal,2024-04-08,2024,04,0,NRSC VIC MODEL
Uttarakhand,Tehri Garhwal,2024-04-14,2024,04,0.5531460514,NRSC VIC MODEL
Uttarakhand,Tehri Garhwal,2024-04-15,2024,04,0,NRSC VIC MODEL
Uttarakhand,Tehri Garhwal,2024-04-16,2024,04,0,NRSC VIC MODEL
Uttarakhand,Tehri Garhwal,2024-04-24,2024,04,0.412789787,NRSC VIC MODEL
Uttarakhand,Tehri Garhwal,2024-04-30,2024,04,0.7533158292,NRSC VIC MODEL
Uttarakhand,Tehri Garhwal,2024-05-06,2024,05,0.0612898172,NRSC VIC MODEL
Uttarakhand,Tehri Garhwal,2024-05-08,2024,05,1.3053280807,NRSC VIC MODEL
Uttarakhand,Tehri Garhwal,2024-05-11,2024,05,5.8058923521,NRSC VIC MODEL
Uttarakhand,Tehri Garhwal,2024-05-14,2024,05,0.4224809848,NRSC VIC MODEL
Uttarakhand,Tehri Garhwal,2024-05-16,2024,05,0.6810854784,NRSC VIC MODEL
Uttarakhand,Tehri Garhwal,2024-05-20,2024,05,11.1878398661,NRSC VIC MODEL
Uttarakhand,Tehri Garhwal,2024-05-27,2024,05,0.0141147571,NRSC VIC MODEL
Uttarakhand,Tehri Garhwal,2024-06-05,2024,06,5.2618860464,NRSC VIC MODEL
Uttarakhand,Tehri Garhwal,2024-06-16,2024,06,0.0733870359,NRSC VIC MODEL
Uttarakhand,Tehri Garhwal,2024-06-17,2024,06,0,NRSC VIC MODEL
Uttarakhand,Tehri Garhwal,2024-06-27,2024,06,7.0389010553,NRSC VIC MODEL
Uttarakhand,Tehri Garhwal,2024-06-28,2024,06,4.5135081767,NRSC VIC MODEL
Uttarakhand,Tehri Garhwal,2024-06-29,2024,06,3.9073158062,NRSC VIC MODEL
Uttarakhand,Tehri Garhwal,2024-07-01,2024,07,7.2885261512,NRSC VIC MODEL
Uttarakhand,Tehri Garhwal,2024-07-14,2024,07,0.831443976,NRSC VIC MODEL
Uttarakhand,Tehri Garhwal,2024-07-23,2024,07,11.3667176827,NRSC VIC MODEL
Uttarakhand,Tehri Garhwal,2024-07-24,2024,07,15.1591149385,NRSC VIC MODEL
Uttarakhand,Tehri Garhwal,2024-07-29,2024,07,21.5448408565,NRSC VIC MODEL
Uttarakhand,Tehri Garhwal,2024-07-31,2024,07,3.0284305511,NRSC VIC MODEL
Uttarakhand,Tehri Garhwal,2024-08-07,2024,08,36.5404253902,NRSC VIC MODEL
Uttarakhand,Tehri Garhwal,2024-08-11,2024,08,31.5741051302,NRSC VIC MODEL
Uttarakhand,Tehri Garhwal,2024-08-25,2024,08,6.9997356889,NRSC VIC MODEL
Uttarakhand,Tehri Garhwal,2024-08-26,2024,08,12.2169292583,NRSC VIC MODEL
Uttarakhand,Tehri Garhwal,2024-08-27,2024,08,9.9465316162,NRSC VIC MODEL
Uttarakhand,Tehri Garhwal,2024-09-06,2024,09,14.1822210274,NRSC VIC MODEL
Uttarakhand,Tehri Garhwal,2024-09-10,2024,09,10.5604495426,NRSC VIC MODEL
Uttarakhand,Tehri Garhwal,2024-09-12,2024,09,40.3556106804,NRSC VIC MODEL
Uttarakhand,Tehri Garhwal,2024-09-17,2024,09,8.3411475069,NRSC VIC MODEL
Uttarakhand,Tehri Garhwal,2024-09-21,2024,09,3.0351788912,NRSC VIC MODEL
Uttarakhand,Tehri Garhwal,2024-09-25,2024,09,13.1282588546,NRSC VIC MODEL
Uttarakhand,Tehri Garhwal,2024-10-01,2024,10,0.2325811501,NRSC VIC MODEL
Uttarakhand,Bageshwar,2024-04-27,2024,04,0,NRSC VIC MODEL
Uttarakhand,Bageshwar,2024-04-28,2024,04,2.007423446,NRSC VIC MODEL
Uttarakhand,Bageshwar,2024-05-04,2024,05,0.3613400597,NRSC VIC MODEL
Uttarakhand,Bageshwar,2024-05-05,2024,05,0.3539164849,NRSC VIC MODEL
Uttarakhand,Bageshwar,2024-05-07,2024,05,1.1095038398,NRSC VIC MODEL
Uttarakhand,Bageshwar,2024-05-13,2024,05,3.3775830885,NRSC VIC MODEL
Uttarakhand,Bageshwar,2024-05-20,2024,05,3.7295395634,NRSC VIC MODEL
