State,District,Date,Year,Month,Avg_rainfall,Agency_name
Uttarakhand,Almora,2018-07-29,2018,07,14.14257255,NRSC VIC MODEL
Uttarakhand,Almora,2018-08-08,2018,08,2.58688614,NRSC VIC MODEL
Uttarakhand,Almora,2018-08-22,2018,08,3.306994349,NRSC VIC MODEL
Uttarakhand,Almora,2018-09-03,2018,09,16.06377067,NRSC VIC MODEL
Uttarakhand,Almora,2018-09-16,2018,09,0.250075353,NRSC VIC MODEL
Uttarakhand,Almora,2018-09-30,2018,09,0,NRSC VIC MODEL
Uttarakhand,Almora,2018-10-11,2018,10,4.166342182,NRSC VIC MODEL
Uttarakhand,Almora,2018-10-12,2018,10,0,NRSC VIC MODEL
Uttarakhand,Almora,2018-10-08,2018,10,0,NRSC VIC MODEL
Uttarakhand,Almora,2018-10-22,2018,10,0,NRSC VIC MODEL
Uttarakhand,Almora,2018-10-26,2018,10,0,NRSC VIC MODEL
Uttarakhand,Almora,2018-10-28,2018,10,0,NRSC VIC MODEL
Uttarakhand,Almora,2018-11-09,2018,11,0,NRSC VIC MODEL
Uttarakhand,Almora,2018-11-06,2018,11,0,NRSC VIC MODEL
Uttarakhand,Almora,2018-11-10,2018,11,0,NRSC VIC MODEL
Uttarakhand,Almora,2018-11-17,2018,11,0,NRSC VIC MODEL
Uttarakhand,Almora,2018-11-25,2018,11,0,NRSC VIC MODEL
Uttarakhand,Almora,2018-12-03,2018,12,0,NRSC VIC MODEL
Uttarakhand,Almora,2018-12-06,2018,12,0,NRSC VIC MODEL
Uttarakhand,Almora,2018-12-18,2018,12,0,NRSC VIC MODEL
Uttarakhand,Almora,2018-12-19,2018,12,0,NRSC VIC MODEL
Uttarakhand,Almora,2018-12-30,2018,12,0,NRSC VIC MODEL
Uttarakhand,Bageshwar,2018-07-29,2018,07,12.50122276,NRSC VIC MODEL
Uttarakhand,Bageshwar,2018-08-10,2018,08,2.683260645,NRSC VIC MODEL
Uttarakhand,Bageshwar,2018-08-08,2018,08,3.870644903,NRSC VIC MODEL
Uttarakhand,Bageshwar,2018-08-13,2018,08,5.132164412,NRSC VIC MODEL
Uttarakhand,Bageshwar,2018-08-15,2018,08,9.539700706,NRSC VIC MODEL
Uttarakhand,Bageshwar,2018-08-21,2018,08,1.907717628,NRSC VIC MODEL
Uttarakhand,Bageshwar,2018-08-25,2018,08,51.80917581,NRSC VIC MODEL
Uttarakhand,Bageshwar,2018-08-26,2018,08,44.72182424,NRSC VIC MODEL
Uttarakhand,Bageshwar,2018-09-07,2018,09,2.934700812,NRSC VIC MODEL
Uttarakhand,Bageshwar,2018-09-13,2018,09,8.639131464,NRSC VIC MODEL
Uttarakhand,Bageshwar,2018-09-19,2018,09,1.133346993,NRSC VIC MODEL
Uttarakhand,Bageshwar,2018-09-24,2018,09,51.94398784,NRSC VIC MODEL
Uttarakhand,Bageshwar,2018-10-05,2018,10,0.025182299,NRSC VIC MODEL
Uttarakhand,Bageshwar,2018-10-10,2018,10,2.788117105,NRSC VIC MODEL
Uttarakhand,Bageshwar,2018-10-15,2018,10,0.218158858,NRSC VIC MODEL
Uttarakhand,Bageshwar,2018-10-08,2018,10,0.31302614,NRSC VIC MODEL
Uttarakhand,Bageshwar,2018-10-16,2018,10,0.071204295,NRSC VIC MODEL
Uttarakhand,Bageshwar,2018-10-27,2018,10,0,NRSC VIC MODEL
Uttarakhand,Bageshwar,2018-11-13,2018,11,0.283525167,NRSC VIC MODEL
Uttarakhand,Bageshwar,2018-11-14,2018,11,1.0634706,NRSC VIC MODEL
Uttarakhand,Bageshwar,2018-11-22,2018,11,0,NRSC VIC MODEL
Uttarakhand,Bageshwar,2018-11-25,2018,11,0.050771342,NRSC VIC MODEL
Uttarakhand,Bageshwar,2018-12-07,2018,12,0,NRSC VIC MODEL
Uttarakhand,Bageshwar,2018-12-08,2018,12,0,NRSC VIC MODEL
Uttarakhand,Bageshwar,2018-12-24,2018,12,0,NRSC VIC MODEL
Uttarakhand,Chamoli,2018-07-24,2018,07,4.971691084,NRSC VIC MODEL
Uttarakhand,Chamoli,2018-08-03,2018,08,11.06926317,NRSC VIC MODEL
Uttarakhand,Chamoli,2018-08-04,2018,08,31.12464209,NRSC VIC MODEL
Uttarakhand,Chamoli,2018-08-15,2018,08,5.220173409,NRSC VIC MODEL
Uttarakhand,Chamoli,2018-08-16,2018,08,6.410875293,NRSC VIC MODEL
Uttarakhand,Chamoli,2018-08-26,2018,08,5.968049382,NRSC VIC MODEL
Uttarakhand,Chamoli,2018-08-30,2018,08,4.458669197,NRSC VIC MODEL
Uttarakhand,Chamoli,2018-09-02,2018,09,10.05012537,NRSC VIC MODEL
Uttarakhand,Chamoli,2018-09-09,2018,09,3.502103587,NRSC VIC MODEL
Uttarakhand,Chamoli,2018-09-10,2018,09,4.708039433,NRSC VIC MODEL
Uttarakhand,Chamoli,2018-09-19,2018,09,1.018988115,NRSC VIC MODEL
Uttarakhand,Chamoli,2018-09-22,2018,09,14.70063091,NRSC VIC MODEL
Uttarakhand,Chamoli,2018-09-25,2018,09,2.049182276,NRSC VIC MODEL
Uttarakhand,Chamoli,2018-10-03,2018,10,1.558684745,NRSC VIC MODEL
Uttarakhand,Chamoli,2018-10-04,2018,10,1.230497974,NRSC VIC MODEL
Uttarakhand,Chamoli,2018-10-08,2018,10,0.36191377,NRSC VIC MODEL
Uttarakhand,Chamoli,2018-10-16,2018,10,0.316262912,NRSC VIC MODEL
Uttarakhand,Chamoli,2018-10-19,2018,10,0.597917718,NRSC VIC MODEL
Uttarakhand,Chamoli,2018-10-26,2018,10,0.002762389,NRSC VIC MODEL
Uttarakhand,Chamoli,2018-10-31,2018,10,0.011498614,NRSC VIC MODEL
Uttarakhand,Chamoli,2018-11-06,2018,11,0,NRSC VIC MODEL
Uttarakhand,Chamoli,2018-11-12,2018,11,0.070478339,NRSC VIC MODEL
Uttarakhand,Chamoli,2018-11-13,2018,11,4.685923312,NRSC VIC MODEL
Uttarakhand,Chamoli,2018-11-14,2018,11,0.240358453,NRSC VIC MODEL
Uttarakhand,Chamoli,2018-11-20,2018,11,0,NRSC VIC MODEL
Uttarakhand,Chamoli,2018-11-30,2018,11,0.018030371,NRSC VIC MODEL
Uttarakhand,Chamoli,2018-12-03,2018,12,0.076329704,NRSC VIC MODEL
Uttarakhand,Chamoli,2018-12-07,2018,12,0,NRSC VIC MODEL
Uttarakhand,Chamoli,2018-12-10,2018,12,0.001530881,NRSC VIC MODEL
Uttarakhand,Chamoli,2018-12-12,2018,12,0.488606043,NRSC VIC MODEL
Uttarakhand,Chamoli,2018-12-19,2018,12,0,NRSC VIC MODEL
Uttarakhand,Chamoli,2018-12-30,2018,12,0.006463718,NRSC VIC MODEL
Uttarakhand,Chamoli,2018-12-29,2018,12,0,NRSC VIC MODEL
Uttarakhand,Champawat,2018-07-26,2018,07,11.66663442,NRSC VIC MODEL
Uttarakhand,Champawat,2018-08-01,2018,08,2.780130596,NRSC VIC MODEL
Uttarakhand,Champawat,2018-08-02,2018,08,43.06006075,NRSC VIC MODEL
Uttarakhand,Champawat,2018-08-07,2018,08,9.457583761,NRSC VIC MODEL
Uttarakhand,Champawat,2018-08-14,2018,08,5.719812197,NRSC VIC MODEL
Uttarakhand,Champawat,2018-09-12,2018,09,1.583848215,NRSC VIC MODEL
Uttarakhand,Champawat,2018-09-17,2018,09,0.059374897,NRSC VIC MODEL
Uttarakhand,Champawat,2018-09-26,2018,09,0,NRSC VIC MODEL
Uttarakhand,Champawat,2018-09-29,2018,09,0,NRSC VIC MODEL
Uttarakhand,Champawat,2018-10-05,2018,10,0,NRSC VIC MODEL
Uttarakhand,Champawat,2018-10-11,2018,10,4.226381293,NRSC VIC MODEL
Uttarakhand,Champawat,2018-10-13,2018,10,0,NRSC VIC MODEL
Uttarakhand,Champawat,2018-10-24,2018,10,0,NRSC VIC MODEL
Uttarakhand,Champawat,2018-10-25,2018,10,0,NRSC VIC MODEL
Uttarakhand,Champawat,2018-10-23,2018,10,0,NRSC VIC MODEL
Uttarakhand,Champawat,2018-11-05,2018,11,0,NRSC VIC MODEL
Uttarakhand,Champawat,2018-11-03,2018,11,0.429143487,NRSC VIC MODEL
Uttarakhand,Champawat,2018-11-12,2018,11,0,NRSC VIC MODEL
Uttarakhand,Champawat,2018-11-29,2018,11,0,NRSC VIC MODEL
Uttarakhand,Champawat,2018-12-01,2018,12,0,NRSC VIC MODEL
Uttarakhand,Champawat,2018-12-07,2018,12,0,NRSC VIC MODEL
Uttarakhand,Champawat,2018-12-08,2018,12,0,NRSC VIC MODEL
Uttarakhand,Champawat,2018-12-11,2018,12,0,NRSC VIC MODEL
Uttarakhand,Champawat,2018-12-14,2018,12,0,NRSC VIC MODEL
Uttarakhand,Champawat,2018-12-15,2018,12,0,NRSC VIC MODEL
Uttarakhand,Champawat,2018-12-26,2018,12,0,NRSC VIC MODEL
Uttarakhand,Champawat,2018-12-30,2018,12,0,NRSC VIC MODEL
Uttarakhand,Champawat,2018-12-31,2018,12,0,NRSC VIC MODEL
Uttarakhand,Dehradun,2018-07-24,2018,07,0.124687917,NRSC VIC MODEL
Uttarakhand,Dehradun,2018-08-03,2018,08,83.37720075,NRSC VIC MODEL
Uttarakhand,Dehradun,2018-08-10,2018,08,17.75301954,NRSC VIC MODEL
Uttarakhand,Dehradun,2018-08-08,2018,08,11.02434542,NRSC VIC MODEL
Uttarakhand,Dehradun,2018-08-16,2018,08,1.278484745,NRSC VIC MODEL
Uttarakhand,Dehradun,2018-08-21,2018,08,0.750969511,NRSC VIC MODEL
Uttarakhand,Dehradun,2018-08-28,2018,08,59.46780764,NRSC VIC MODEL
Uttarakhand,Tehri Garhwal,2018-10-04,2018,10,0.534809608,NRSC VIC MODEL
Uttarakhand,Tehri Garhwal,2018-10-05,2018,10,0,NRSC VIC MODEL
Uttarakhand,Tehri Garhwal,2018-10-25,2018,10,0,NRSC VIC MODEL
Uttarakhand,Tehri Garhwal,2018-10-28,2018,10,0,NRSC VIC MODEL
Uttarakhand,Tehri Garhwal,2018-11-08,2018,11,0,NRSC VIC MODEL
Uttarakhand,Tehri Garhwal,2018-11-14,2018,11,0.198585388,NRSC VIC MODEL
Uttarakhand,Tehri Garhwal,2018-11-15,2018,11,1.838816652,NRSC VIC MODEL
Uttarakhand,Tehri Garhwal,2018-11-16,2018,11,0,NRSC VIC MODEL
Uttarakhand,Tehri Garhwal,2018-11-26,2018,11,0,NRSC VIC MODEL
Uttarakhand,Tehri Garhwal,2018-11-29,2018,11,0,NRSC VIC MODEL
Uttarakhand,Tehri Garhwal,2018-12-01,2018,12,0,NRSC VIC MODEL
Uttarakhand,Tehri Garhwal,2018-12-03,2018,12,0,NRSC VIC MODEL
Uttarakhand,Tehri Garhwal,2018-12-04,2018,12,0.003051074,NRSC VIC MODEL
Uttarakhand,Tehri Garhwal,2018-12-18,2018,12,0,NRSC VIC MODEL
Uttarakhand,Udam Singh Nagar,2018-07-24,2018,07,45.23160508,NRSC VIC MODEL
Uttarakhand,Udam Singh Nagar,2018-07-30,2018,07,15.8287007,NRSC VIC MODEL
Uttarakhand,Udam Singh Nagar,2018-08-01,2018,08,16.99941667,NRSC VIC MODEL
Uttarakhand,Udam Singh Nagar,2018-08-12,2018,08,84.32839294,NRSC VIC MODEL
Uttarakhand,Udam Singh Nagar,2018-08-14,2018,08,1.981636827,NRSC VIC MODEL
Uttarakhand,Udam Singh Nagar,2018-09-08,2018,09,0,NRSC VIC MODEL
Uttarakhand,Udam Singh Nagar,2018-09-10,2018,09,0,NRSC VIC MODEL
Uttarakhand,Udam Singh Nagar,2018-09-17,2018,09,0,NRSC VIC MODEL
Uttarakhand,Udam Singh Nagar,2018-09-16,2018,09,0,NRSC VIC MODEL
Uttarakhand,Udam Singh Nagar,2018-09-20,2018,09,0.599106086,NRSC VIC MODEL
Uttarakhand,Udam Singh Nagar,2018-10-02,2018,10,0,NRSC VIC MODEL
Uttarakhand,Udam Singh Nagar,2018-10-16,2018,10,0,NRSC VIC MODEL
Uttarakhand,Udam Singh Nagar,2018-10-22,2018,10,0,NRSC VIC MODEL
Uttarakhand,Udam Singh Nagar,2018-10-25,2018,10,0,NRSC VIC MODEL
Uttarakhand,Udam Singh Nagar,2018-10-26,2018,10,0,NRSC VIC MODEL
Uttarakhand,Udam Singh Nagar,2018-10-28,2018,10,0,NRSC VIC MODEL
Uttarakhand,Udam Singh Nagar,2018-10-30,2018,10,0,NRSC VIC MODEL
Uttarakhand,Udam Singh Nagar,2018-10-23,2018,10,0,NRSC VIC MODEL
Uttarakhand,Udam Singh Nagar,2018-11-11,2018,11,0,NRSC VIC MODEL
Uttarakhand,Udam Singh Nagar,2018-11-14,2018,11,0,NRSC VIC MODEL
Uttarakhand,Udam Singh Nagar,2018-11-15,2018,11,0,NRSC VIC MODEL
Uttarakhand,Udam Singh Nagar,2018-11-19,2018,11,0,NRSC VIC MODEL
Uttarakhand,Udam Singh Nagar,2018-11-25,2018,11,0,NRSC VIC MODEL
Uttarakhand,Udam Singh Nagar,2018-11-27,2018,11,0,NRSC VIC MODEL
Uttarakhand,Udam Singh Nagar,2018-12-02,2018,12,0,NRSC VIC MODEL
Uttarakhand,Udam Singh Nagar,2018-12-03,2018,12,0,NRSC VIC MODEL
Uttarakhand,Udam Singh Nagar,2018-12-06,2018,12,0,NRSC VIC MODEL
Uttarakhand,Udam Singh Nagar,2018-12-09,2018,12,0,NRSC VIC MODEL
Uttarakhand,Udam Singh Nagar,2018-12-12,2018,12,0.063794031,NRSC VIC MODEL
Uttarakhand,Udam Singh Nagar,2018-12-19,2018,12,0,NRSC VIC MODEL
Uttarakhand,Udam Singh Nagar,2018-12-29,2018,12,0,NRSC VIC MODEL
Uttarakhand,Udam Singh Nagar,2018-10-11,2018,10,6.323420385,NRSC VIC MODEL
Uttarakhand,Uttar Kashi,2018-07-26,2018,07,24.71762293,NRSC VIC MODEL
Uttarakhand,Uttar Kashi,2018-07-25,2018,07,9.922854514,NRSC VIC MODEL
Uttarakhand,Uttar Kashi,2018-07-27,2018,07,47.37013468,NRSC VIC MODEL
Uttarakhand,Uttar Kashi,2018-08-07,2018,08,15.17797864,NRSC VIC MODEL
Uttarakhand,Uttar Kashi,2018-08-13,2018,08,10.82034647,NRSC VIC MODEL
Uttarakhand,Uttar Kashi,2018-08-14,2018,08,2.116628927,NRSC VIC MODEL
Uttarakhand,Uttar Kashi,2018-08-18,2018,08,2.449213706,NRSC VIC MODEL
Uttarakhand,Uttar Kashi,2018-08-19,2018,08,14.90335007,NRSC VIC MODEL
Uttarakhand,Uttar Kashi,2018-08-21,2018,08,0.588763693,NRSC VIC MODEL
Uttarakhand,Uttar Kashi,2018-08-24,2018,08,25.25369464,NRSC VIC MODEL
Uttarakhand,Uttar Kashi,2018-09-02,2018,09,16.53432043,NRSC VIC MODEL
Uttarakhand,Uttar Kashi,2018-09-09,2018,09,12.00246471,NRSC VIC MODEL
Uttarakhand,Uttar Kashi,2018-09-21,2018,09,3.046615103,NRSC VIC MODEL
Uttarakhand,Uttar Kashi,2018-09-22,2018,09,35.94912611,NRSC VIC MODEL
Uttarakhand,Uttar Kashi,2018-09-23,2018,09,16.60328606,NRSC VIC MODEL
Uttarakhand,Uttar Kashi,2018-09-24,2018,09,31.42062397,NRSC VIC MODEL
Uttarakhand,Uttar Kashi,2018-10-04,2018,10,1.760933976,NRSC VIC MODEL
Uttarakhand,Uttar Kashi,2018-10-08,2018,10,0.390295523,NRSC VIC MODEL
Uttarakhand,Uttar Kashi,2018-10-11,2018,10,5.81241526,NRSC VIC MODEL
Uttarakhand,Uttar Kashi,2018-10-15,2018,10,0.107490323,NRSC VIC MODEL
Uttarakhand,Uttar Kashi,2018-10-18,2018,10,0.004630659,NRSC VIC MODEL
Uttarakhand,Uttar Kashi,2018-10-24,2018,10,0.277268975,NRSC VIC MODEL
Uttarakhand,Uttar Kashi,2018-11-04,2018,11,0.031465922,NRSC VIC MODEL
Uttarakhand,Uttar Kashi,2018-11-09,2018,11,0.144117639,NRSC VIC MODEL
Uttarakhand,Uttar Kashi,2018-11-13,2018,11,6.259615474,NRSC VIC MODEL
Uttarakhand,Uttar Kashi,2018-11-14,2018,11,2.21415471,NRSC VIC MODEL
Uttarakhand,Uttar Kashi,2018-11-18,2018,11,0,NRSC VIC MODEL
Uttarakhand,Uttar Kashi,2018-11-23,2018,11,0,NRSC VIC MODEL
Uttarakhand,Uttar Kashi,2018-11-24,2018,11,0,NRSC VIC MODEL
Uttarakhand,Uttar Kashi,2018-11-29,2018,11,0,NRSC VIC MODEL
Uttarakhand,Uttar Kashi,2018-12-03,2018,12,0,NRSC VIC MODEL
Uttarakhand,Uttar Kashi,2018-12-08,2018,12,0,NRSC VIC MODEL
Uttarakhand,Uttar Kashi,2018-12-16,2018,12,0,NRSC VIC MODEL
Uttarakhand,Uttar Kashi,2018-12-24,2018,12,0,NRSC VIC MODEL
Uttarakhand,Uttar Kashi,2018-12-29,2018,12,0,NRSC VIC MODEL
Uttarakhand,Dehradun,2018-09-05,2018,09,1.432099365,NRSC VIC MODEL
Uttarakhand,Dehradun,2018-09-08,2018,09,3.090598054,NRSC VIC MODEL
Uttarakhand,Dehradun,2018-09-15,2018,09,1.153565002,NRSC VIC MODEL
Uttarakhand,Dehradun,2018-09-17,2018,09,0,NRSC VIC MODEL
Uttarakhand,Dehradun,2018-09-30,2018,09,0,NRSC VIC MODEL
Uttarakhand,Dehradun,2018-10-02,2018,10,0,NRSC VIC MODEL
Uttarakhand,Dehradun,2018-10-10,2018,10,1.758535799,NRSC VIC MODEL
Uttarakhand,Dehradun,2018-10-11,2018,10,14.18777111,NRSC VIC MODEL
Uttarakhand,Dehradun,2018-10-09,2018,10,0,NRSC VIC MODEL
Uttarakhand,Dehradun,2018-10-17,2018,10,0,NRSC VIC MODEL
Uttarakhand,Dehradun,2018-11-02,2018,11,2.116019714,NRSC VIC MODEL
Uttarakhand,Dehradun,2018-11-04,2018,11,0.420815279,NRSC VIC MODEL
Uttarakhand,Dehradun,2018-11-16,2018,11,0,NRSC VIC MODEL
Uttarakhand,Dehradun,2018-11-19,2018,11,0,NRSC VIC MODEL
Uttarakhand,Dehradun,2018-11-27,2018,11,0.001794503,NRSC VIC MODEL
Uttarakhand,Dehradun,2018-11-28,2018,11,0,NRSC VIC MODEL
Uttarakhand,Dehradun,2018-12-01,2018,12,0,NRSC VIC MODEL
Uttarakhand,Dehradun,2018-12-02,2018,12,0,NRSC VIC MODEL
Uttarakhand,Dehradun,2018-12-16,2018,12,0,NRSC VIC MODEL
Uttarakhand,Dehradun,2018-12-17,2018,12,0,NRSC VIC MODEL
Uttarakhand,Dehradun,2018-12-24,2018,12,0,NRSC VIC MODEL
Uttarakhand,Dehradun,2018-12-30,2018,12,0,NRSC VIC MODEL
Uttarakhand,Haridwar,2018-08-03,2018,08,43.75992027,NRSC VIC MODEL
Uttarakhand,Haridwar,2018-08-05,2018,08,62.68633322,NRSC VIC MODEL
Uttarakhand,Haridwar,2018-08-07,2018,08,9.246576506,NRSC VIC MODEL
Uttarakhand,Haridwar,2018-08-22,2018,08,32.86251631,NRSC VIC MODEL
Uttarakhand,Haridwar,2018-08-31,2018,08,48.11444919,NRSC VIC MODEL
Uttarakhand,Haridwar,2018-09-11,2018,09,0.229593635,NRSC VIC MODEL
Uttarakhand,Haridwar,2018-09-19,2018,09,0,NRSC VIC MODEL
Uttarakhand,Haridwar,2018-09-29,2018,09,0,NRSC VIC MODEL
Uttarakhand,Haridwar,2018-10-05,2018,10,0,NRSC VIC MODEL
Uttarakhand,Haridwar,2018-10-22,2018,10,0,NRSC VIC MODEL
Uttarakhand,Haridwar,2018-10-31,2018,10,0,NRSC VIC MODEL
Uttarakhand,Haridwar,2018-11-04,2018,11,0.125393357,NRSC VIC MODEL
Uttarakhand,Haridwar,2018-11-08,2018,11,0,NRSC VIC MODEL
Uttarakhand,Haridwar,2018-11-07,2018,11,0,NRSC VIC MODEL
Uttarakhand,Haridwar,2018-11-11,2018,11,0,NRSC VIC MODEL
Uttarakhand,Haridwar,2018-11-16,2018,11,0,NRSC VIC MODEL
Uttarakhand,Haridwar,2018-11-20,2018,11,0,NRSC VIC MODEL
Uttarakhand,Haridwar,2018-11-25,2018,11,0,NRSC VIC MODEL
Uttarakhand,Haridwar,2018-11-27,2018,11,0,NRSC VIC MODEL
Uttarakhand,Haridwar,2018-11-26,2018,11,0,NRSC VIC MODEL
Uttarakhand,Haridwar,2018-12-13,2018,12,0.434043137,NRSC VIC MODEL
Uttarakhand,Haridwar,2018-12-30,2018,12,0,NRSC VIC MODEL
Uttarakhand,Nainital,2018-07-26,2018,07,12.12793537,NRSC VIC MODEL
Uttarakhand,Nainital,2018-08-12,2018,08,63.72617411,NRSC VIC MODEL
Uttarakhand,Nainital,2018-08-22,2018,08,12.17008622,NRSC VIC MODEL
Uttarakhand,Nainital,2018-08-25,2018,08,50.07344797,NRSC VIC MODEL
Uttarakhand,Nainital,2018-09-10,2018,09,0.079424127,NRSC VIC MODEL
Uttarakhand,Nainital,2018-09-13,2018,09,7.030914099,NRSC VIC MODEL
Uttarakhand,Nainital,2018-09-15,2018,09,0,NRSC VIC MODEL
Uttarakhand,Nainital,2018-09-17,2018,09,0.028280467,NRSC VIC MODEL
Uttarakhand,Nainital,2018-09-23,2018,09,23.2154909,NRSC VIC MODEL
Uttarakhand,Nainital,2018-09-24,2018,09,82.85470573,NRSC VIC MODEL
Uttarakhand,Nainital,2018-10-06,2018,10,0,NRSC VIC MODEL
Uttarakhand,Nainital,2018-10-11,2018,10,4.515571623,NRSC VIC MODEL
Uttarakhand,Nainital,2018-10-13,2018,10,0,NRSC VIC MODEL
Uttarakhand,Nainital,2018-10-09,2018,10,0,NRSC VIC MODEL
Uttarakhand,Nainital,2018-10-26,2018,10,0,NRSC VIC MODEL
Uttarakhand,Nainital,2018-10-28,2018,10,0,NRSC VIC MODEL
Uttarakhand,Nainital,2018-11-01,2018,11,0,NRSC VIC MODEL
Uttarakhand,Nainital,2018-11-08,2018,11,0,NRSC VIC MODEL
Uttarakhand,Nainital,2018-11-11,2018,11,0,NRSC VIC MODEL
Uttarakhand,Nainital,2018-11-10,2018,11,0,NRSC VIC MODEL
Uttarakhand,Nainital,2018-11-21,2018,11,0,NRSC VIC MODEL
Uttarakhand,Nainital,2018-11-29,2018,11,0,NRSC VIC MODEL
Uttarakhand,Nainital,2018-11-30,2018,11,0,NRSC VIC MODEL
Uttarakhand,Nainital,2018-12-04,2018,12,0,NRSC VIC MODEL
Uttarakhand,Nainital,2018-12-07,2018,12,0,NRSC VIC MODEL
Uttarakhand,Nainital,2018-12-09,2018,12,0,NRSC VIC MODEL
Uttarakhand,Nainital,2018-12-24,2018,12,0,NRSC VIC MODEL
Uttarakhand,Nainital,2018-12-26,2018,12,0,NRSC VIC MODEL
Uttarakhand,Nainital,2018-12-31,2018,12,0,NRSC VIC MODEL
Uttarakhand,Nainital,2018-12-28,2018,12,0,NRSC VIC MODEL
Uttarakhand,Pauri Garhwal,2018-07-24,2018,07,4.805906126,NRSC VIC MODEL
Uttarakhand,Pauri Garhwal,2018-07-27,2018,07,52.38230877,NRSC VIC MODEL
Uttarakhand,Pauri Garhwal,2018-08-02,2018,08,36.21818051,NRSC VIC MODEL
Uttarakhand,Pauri Garhwal,2018-08-18,2018,08,1.181669738,NRSC VIC MODEL
Uttarakhand,Pauri Garhwal,2018-08-17,2018,08,5.707783831,NRSC VIC MODEL
Uttarakhand,Pauri Garhwal,2018-08-20,2018,08,4.641231021,NRSC VIC MODEL
Uttarakhand,Pauri Garhwal,2018-08-24,2018,08,92.74282282,NRSC VIC MODEL
Uttarakhand,Pauri Garhwal,2018-08-23,2018,08,18.08385234,NRSC VIC MODEL
Uttarakhand,Pauri Garhwal,2018-08-26,2018,08,30.35390944,NRSC VIC MODEL
Uttarakhand,Pauri Garhwal,2018-08-29,2018,08,15.89652424,NRSC VIC MODEL
Uttarakhand,Pauri Garhwal,2018-09-03,2018,09,27.10205142,NRSC VIC MODEL
Uttarakhand,Pauri Garhwal,2018-09-09,2018,09,0.414747441,NRSC VIC MODEL
Uttarakhand,Pauri Garhwal,2018-09-23,2018,09,28.69637981,NRSC VIC MODEL
Uttarakhand,Pauri Garhwal,2018-09-30,2018,09,0,NRSC VIC MODEL
Uttarakhand,Pauri Garhwal,2018-10-01,2018,10,0.002139494,NRSC VIC MODEL
Uttarakhand,Pauri Garhwal,2018-10-05,2018,10,0,NRSC VIC MODEL
Uttarakhand,Pauri Garhwal,2018-10-18,2018,10,0,NRSC VIC MODEL
Uttarakhand,Pauri Garhwal,2018-10-27,2018,10,0,NRSC VIC MODEL
Uttarakhand,Pauri Garhwal,2018-10-29,2018,10,0,NRSC VIC MODEL
Uttarakhand,Pauri Garhwal,2018-11-02,2018,11,0,NRSC VIC MODEL
Uttarakhand,Pauri Garhwal,2018-11-12,2018,11,0.024254355,NRSC VIC MODEL
Uttarakhand,Pauri Garhwal,2018-11-13,2018,11,0,NRSC VIC MODEL
Uttarakhand,Pauri Garhwal,2018-11-14,2018,11,0.55800733,NRSC VIC MODEL
Uttarakhand,Pauri Garhwal,2018-11-22,2018,11,0,NRSC VIC MODEL
Uttarakhand,Pauri Garhwal,2018-11-24,2018,11,0,NRSC VIC MODEL
Uttarakhand,Pauri Garhwal,2018-11-27,2018,11,0,NRSC VIC MODEL
Uttarakhand,Pauri Garhwal,2018-12-01,2018,12,0,NRSC VIC MODEL
Uttarakhand,Pauri Garhwal,2018-12-02,2018,12,0,NRSC VIC MODEL
Uttarakhand,Pauri Garhwal,2018-12-06,2018,12,0,NRSC VIC MODEL
Uttarakhand,Pauri Garhwal,2018-12-14,2018,12,0.021389867,NRSC VIC MODEL
Uttarakhand,Pauri Garhwal,2018-12-22,2018,12,0,NRSC VIC MODEL
Uttarakhand,Pauri Garhwal,2018-12-23,2018,12,0,NRSC VIC MODEL
Uttarakhand,Pauri Garhwal,2018-12-24,2018,12,0,NRSC VIC MODEL
Uttarakhand,Pauri Garhwal,2018-12-26,2018,12,0,NRSC VIC MODEL
Uttarakhand,Pauri Garhwal,2018-12-30,2018,12,0,NRSC VIC MODEL
Uttarakhand,Pithoragarh,2018-07-25,2018,07,17.1458536,NRSC VIC MODEL
Uttarakhand,Pithoragarh,2018-07-28,2018,07,7.948561123,NRSC VIC MODEL
Uttarakhand,Pithoragarh,2018-07-29,2018,07,5.954064524,NRSC VIC MODEL
Uttarakhand,Pithoragarh,2018-08-04,2018,08,33.2493516,NRSC VIC MODEL
Uttarakhand,Pithoragarh,2018-08-12,2018,08,28.86971278,NRSC VIC MODEL
Uttarakhand,Pithoragarh,2018-08-15,2018,08,3.92978813,NRSC VIC MODEL
Uttarakhand,Pithoragarh,2018-08-16,2018,08,9.074594849,NRSC VIC MODEL
Uttarakhand,Pithoragarh,2018-08-14,2018,08,4.249163875,NRSC VIC MODEL
Uttarakhand,Pithoragarh,2018-08-18,2018,08,8.771194723,NRSC VIC MODEL
Uttarakhand,Pithoragarh,2018-08-27,2018,08,3.548725666,NRSC VIC MODEL
Uttarakhand,Pithoragarh,2018-08-29,2018,08,7.679287371,NRSC VIC MODEL
Uttarakhand,Pithoragarh,2018-08-31,2018,08,4.085434089,NRSC VIC MODEL
Uttarakhand,Pithoragarh,2018-09-09,2018,09,1.884558045,NRSC VIC MODEL
Uttarakhand,Pithoragarh,2018-09-12,2018,09,3.672774909,NRSC VIC MODEL
Uttarakhand,Pithoragarh,2018-09-28,2018,09,4.619018293,NRSC VIC MODEL
Uttarakhand,Pithoragarh,2018-09-30,2018,09,0.861771282,NRSC VIC MODEL
Uttarakhand,Pithoragarh,2018-10-01,2018,10,0.610120197,NRSC VIC MODEL
Uttarakhand,Pithoragarh,2018-10-03,2018,10,0.193025807,NRSC VIC MODEL
Uttarakhand,Pithoragarh,2018-10-05,2018,10,0.198432257,NRSC VIC MODEL
Uttarakhand,Pithoragarh,2018-10-10,2018,10,0.649571778,NRSC VIC MODEL
Uttarakhand,Pithoragarh,2018-10-22,2018,10,0,NRSC VIC MODEL
Uttarakhand,Pithoragarh,2018-10-18,2018,10,0,NRSC VIC MODEL
Uttarakhand,Pithoragarh,2018-11-01,2018,11,0.052513478,NRSC VIC MODEL
Uttarakhand,Pithoragarh,2018-10-23,2018,10,0.006189352,NRSC VIC MODEL
Uttarakhand,Pithoragarh,2018-11-05,2018,11,0,NRSC VIC MODEL
Uttarakhand,Pithoragarh,2018-11-03,2018,11,5.581654597,NRSC VIC MODEL
Uttarakhand,Pithoragarh,2018-11-09,2018,11,0.028162291,NRSC VIC MODEL
Uttarakhand,Pithoragarh,2018-11-10,2018,11,0.180277809,NRSC VIC MODEL
Uttarakhand,Pithoragarh,2018-11-21,2018,11,0,NRSC VIC MODEL
Uttarakhand,Pithoragarh,2018-11-27,2018,11,0.081517757,NRSC VIC MODEL
Uttarakhand,Pithoragarh,2018-11-28,2018,11,0,NRSC VIC MODEL
Uttarakhand,Pithoragarh,2018-11-30,2018,11,0,NRSC VIC MODEL
Uttarakhand,Pithoragarh,2018-12-06,2018,12,0.008331252,NRSC VIC MODEL
Uttarakhand,Pithoragarh,2018-12-08,2018,12,0,NRSC VIC MODEL
Uttarakhand,Pithoragarh,2018-12-12,2018,12,0.561380895,NRSC VIC MODEL
Uttarakhand,Pithoragarh,2018-12-28,2018,12,0,NRSC VIC MODEL
Uttarakhand,Pithoragarh,2018-12-31,2018,12,0,NRSC VIC MODEL
Uttarakhand,Rudra Prayag,2018-07-30,2018,07,4.106117717,NRSC VIC MODEL
Uttarakhand,Rudra Prayag,2018-08-05,2018,08,55.6249016,NRSC VIC MODEL
Uttarakhand,Rudra Prayag,2018-08-09,2018,08,3.046311682,NRSC VIC MODEL
Uttarakhand,Rudra Prayag,2018-08-11,2018,08,31.5336158,NRSC VIC MODEL
Uttarakhand,Rudra Prayag,2018-08-17,2018,08,4.156383928,NRSC VIC MODEL
Uttarakhand,Rudra Prayag,2018-08-21,2018,08,0.078035749,NRSC VIC MODEL
Uttarakhand,Rudra Prayag,2018-09-05,2018,09,3.891134649,NRSC VIC MODEL
Uttarakhand,Rudra Prayag,2018-09-20,2018,09,2.110739201,NRSC VIC MODEL
Uttarakhand,Rudra Prayag,2018-09-23,2018,09,29.70984634,NRSC VIC MODEL
Uttarakhand,Rudra Prayag,2018-09-28,2018,09,4.660304025,NRSC VIC MODEL
Uttarakhand,Rudra Prayag,2018-10-01,2018,10,1.332696956,NRSC VIC MODEL
Uttarakhand,Rudra Prayag,2018-10-06,2018,10,0,NRSC VIC MODEL
Uttarakhand,Rudra Prayag,2018-10-10,2018,10,1.616280821,NRSC VIC MODEL
Uttarakhand,Rudra Prayag,2018-10-09,2018,10,5.138288043,NRSC VIC MODEL
Uttarakhand,Rudra Prayag,2018-10-19,2018,10,0.115507897,NRSC VIC MODEL
Uttarakhand,Rudra Prayag,2018-11-01,2018,11,0,NRSC VIC MODEL
Uttarakhand,Rudra Prayag,2018-11-04,2018,11,0,NRSC VIC MODEL
Uttarakhand,Rudra Prayag,2018-11-07,2018,11,0,NRSC VIC MODEL
Uttarakhand,Rudra Prayag,2018-11-19,2018,11,0,NRSC VIC MODEL
Uttarakhand,Rudra Prayag,2018-11-22,2018,11,0,NRSC VIC MODEL
Uttarakhand,Rudra Prayag,2018-11-26,2018,11,0,NRSC VIC MODEL
Uttarakhand,Rudra Prayag,2018-11-27,2018,11,0.207154066,NRSC VIC MODEL
Uttarakhand,Rudra Prayag,2018-11-28,2018,11,0,NRSC VIC MODEL
Uttarakhand,Rudra Prayag,2018-11-30,2018,11,0,NRSC VIC MODEL
Uttarakhand,Rudra Prayag,2018-12-02,2018,12,0,NRSC VIC MODEL
Uttarakhand,Rudra Prayag,2018-12-12,2018,12,1.399290316,NRSC VIC MODEL
Uttarakhand,Rudra Prayag,2018-12-18,2018,12,0,NRSC VIC MODEL
Uttarakhand,Rudra Prayag,2018-12-29,2018,12,0,NRSC VIC MODEL
Uttarakhand,Rudra Prayag,2018-09-30,2018,09,6.40297305,NRSC VIC MODEL
Uttarakhand,Tehri Garhwal,2018-07-24,2018,07,3.006376691,NRSC VIC MODEL
Uttarakhand,Tehri Garhwal,2018-07-27,2018,07,90.17949144,NRSC VIC MODEL
Uttarakhand,Tehri Garhwal,2018-07-30,2018,07,13.6339946,NRSC VIC MODEL
Uttarakhand,Tehri Garhwal,2018-07-31,2018,07,16.48582897,NRSC VIC MODEL
Uttarakhand,Tehri Garhwal,2018-08-01,2018,08,7.362390321,NRSC VIC MODEL
Uttarakhand,Tehri Garhwal,2018-08-02,2018,08,19.06018591,NRSC VIC MODEL
Uttarakhand,Tehri Garhwal,2018-08-09,2018,08,14.60725302,NRSC VIC MODEL
Uttarakhand,Tehri Garhwal,2018-08-10,2018,08,8.788835313,NRSC VIC MODEL
Uttarakhand,Tehri Garhwal,2018-08-17,2018,08,5.021631206,NRSC VIC MODEL
Uttarakhand,Tehri Garhwal,2018-09-01,2018,09,10.36523921,NRSC VIC MODEL
Uttarakhand,Tehri Garhwal,2018-09-10,2018,09,11.62540069,NRSC VIC MODEL
Uttarakhand,Tehri Garhwal,2018-09-14,2018,09,0.595728922,NRSC VIC MODEL
Uttarakhand,Tehri Garhwal,2018-09-17,2018,09,0.018020403,NRSC VIC MODEL
Uttarakhand,Tehri Garhwal,2018-09-26,2018,09,1.198928889,NRSC VIC MODEL
Uttarakhand,Tehri Garhwal,2018-09-27,2018,09,0.321704379,NRSC VIC MODEL
Uttarakhand,Tehri Garhwal,2018-09-29,2018,09,0.859748941,NRSC VIC MODEL
Uttarakhand,Tehri Garhwal,2018-09-28,2018,09,0.286324184,NRSC VIC MODEL
Uttarakhand,Champawat,2018-12-17,2018,12,0,NRSC VIC MODEL
Uttarakhand,Champawat,2018-12-18,2018,12,0,NRSC VIC MODEL
Uttarakhand,Champawat,2018-12-19,2018,12,0,NRSC VIC MODEL
Uttarakhand,Dehradun,2018-07-27,2018,07,118.6089642,NRSC VIC MODEL
Uttarakhand,Dehradun,2018-08-09,2018,08,18.94900007,NRSC VIC MODEL
Uttarakhand,Dehradun,2018-08-11,2018,08,26.27101076,NRSC VIC MODEL
Uttarakhand,Dehradun,2018-08-20,2018,08,6.077003306,NRSC VIC MODEL
Uttarakhand,Dehradun,2018-08-27,2018,08,0.996078033,NRSC VIC MODEL
Uttarakhand,Dehradun,2018-08-31,2018,08,48.3400851,NRSC VIC MODEL
Uttarakhand,Dehradun,2018-09-03,2018,09,72.44240018,NRSC VIC MODEL
Uttarakhand,Dehradun,2018-09-10,2018,09,11.84359191,NRSC VIC MODEL
Uttarakhand,Dehradun,2018-09-13,2018,09,24.90350492,NRSC VIC MODEL
Uttarakhand,Dehradun,2018-09-25,2018,09,0.09054084,NRSC VIC MODEL
Uttarakhand,Dehradun,2018-09-29,2018,09,0,NRSC VIC MODEL
Uttarakhand,Dehradun,2018-10-01,2018,10,0,NRSC VIC MODEL
Uttarakhand,Dehradun,2018-10-19,2018,10,0,NRSC VIC MODEL
Uttarakhand,Dehradun,2018-10-29,2018,10,0,NRSC VIC MODEL
Uttarakhand,Dehradun,2018-11-06,2018,11,0,NRSC VIC MODEL
Uttarakhand,Dehradun,2018-11-12,2018,11,0.009273031,NRSC VIC MODEL
Uttarakhand,Dehradun,2018-11-14,2018,11,0.722523632,NRSC VIC MODEL
Uttarakhand,Dehradun,2018-11-18,2018,11,0,NRSC VIC MODEL
Uttarakhand,Dehradun,2018-11-20,2018,11,0,NRSC VIC MODEL
Uttarakhand,Dehradun,2018-12-13,2018,12,0.315154247,NRSC VIC MODEL
Uttarakhand,Dehradun,2018-12-26,2018,12,0.000686891,NRSC VIC MODEL
Uttarakhand,Dehradun,2018-12-31,2018,12,0,NRSC VIC MODEL
Uttarakhand,Haridwar,2018-07-25,2018,07,19.27281985,NRSC VIC MODEL
Uttarakhand,Haridwar,2018-07-28,2018,07,77.23669687,NRSC VIC MODEL
Uttarakhand,Haridwar,2018-07-30,2018,07,14.03424847,NRSC VIC MODEL
Uttarakhand,Haridwar,2018-08-02,2018,08,20.6213683,NRSC VIC MODEL
Uttarakhand,Haridwar,2018-08-04,2018,08,9.964686388,NRSC VIC MODEL
Uttarakhand,Haridwar,2018-08-17,2018,08,12.4143047,NRSC VIC MODEL
Uttarakhand,Haridwar,2018-08-19,2018,08,9.314702961,NRSC VIC MODEL
Uttarakhand,Haridwar,2018-08-27,2018,08,4.365657332,NRSC VIC MODEL
Uttarakhand,Haridwar,2018-08-30,2018,08,51.49367566,NRSC VIC MODEL
Uttarakhand,Haridwar,2018-09-02,2018,09,24.99181833,NRSC VIC MODEL
Uttarakhand,Haridwar,2018-09-09,2018,09,0.080762814,NRSC VIC MODEL
Uttarakhand,Haridwar,2018-09-12,2018,09,5.960538793,NRSC VIC MODEL
Uttarakhand,Haridwar,2018-09-13,2018,09,1.98203798,NRSC VIC MODEL
Uttarakhand,Haridwar,2018-09-17,2018,09,0,NRSC VIC MODEL
Uttarakhand,Haridwar,2018-09-16,2018,09,0,NRSC VIC MODEL
Uttarakhand,Haridwar,2018-09-25,2018,09,0,NRSC VIC MODEL
Uttarakhand,Haridwar,2018-09-26,2018,09,0,NRSC VIC MODEL
Uttarakhand,Haridwar,2018-09-30,2018,09,0,NRSC VIC MODEL
Uttarakhand,Haridwar,2018-10-06,2018,10,0,NRSC VIC MODEL
Uttarakhand,Haridwar,2018-10-10,2018,10,0.364385357,NRSC VIC MODEL
Uttarakhand,Haridwar,2018-10-12,2018,10,0,NRSC VIC MODEL
Uttarakhand,Haridwar,2018-10-15,2018,10,0,NRSC VIC MODEL
Uttarakhand,Haridwar,2018-11-06,2018,11,0,NRSC VIC MODEL
Uttarakhand,Haridwar,2018-11-22,2018,11,0,NRSC VIC MODEL
Uttarakhand,Haridwar,2018-12-02,2018,12,0,NRSC VIC MODEL
Uttarakhand,Haridwar,2018-12-08,2018,12,0,NRSC VIC MODEL
Uttarakhand,Haridwar,2018-12-09,2018,12,0,NRSC VIC MODEL
Uttarakhand,Haridwar,2018-12-10,2018,12,0,NRSC VIC MODEL
Uttarakhand,Haridwar,2018-12-15,2018,12,0,NRSC VIC MODEL
Uttarakhand,Nainital,2018-08-08,2018,08,1.989745405,NRSC VIC MODEL
Uttarakhand,Nainital,2018-08-13,2018,08,13.54449534,NRSC VIC MODEL
Uttarakhand,Nainital,2018-08-19,2018,08,4.873536764,NRSC VIC MODEL
Uttarakhand,Nainital,2018-08-27,2018,08,14.12079756,NRSC VIC MODEL
Uttarakhand,Nainital,2018-08-31,2018,08,10.96343046,NRSC VIC MODEL
Uttarakhand,Nainital,2018-09-03,2018,09,25.22073254,NRSC VIC MODEL
Uttarakhand,Nainital,2018-09-18,2018,09,0,NRSC VIC MODEL
Uttarakhand,Nainital,2018-09-26,2018,09,0,NRSC VIC MODEL
Uttarakhand,Nainital,2018-09-27,2018,09,0,NRSC VIC MODEL
Uttarakhand,Nainital,2018-10-14,2018,10,0,NRSC VIC MODEL
Uttarakhand,Nainital,2018-10-20,2018,10,0,NRSC VIC MODEL
Uttarakhand,Nainital,2018-10-24,2018,10,0,NRSC VIC MODEL
Uttarakhand,Nainital,2018-10-25,2018,10,0,NRSC VIC MODEL
Uttarakhand,Nainital,2018-11-03,2018,11,1.855946142,NRSC VIC MODEL
Uttarakhand,Nainital,2018-11-04,2018,11,0.040734127,NRSC VIC MODEL
Uttarakhand,Nainital,2018-11-09,2018,11,0,NRSC VIC MODEL
Uttarakhand,Nainital,2018-11-17,2018,11,0,NRSC VIC MODEL
Uttarakhand,Nainital,2018-11-23,2018,11,0,NRSC VIC MODEL
Uttarakhand,Nainital,2018-11-27,2018,11,0,NRSC VIC MODEL
Uttarakhand,Nainital,2018-12-06,2018,12,0,NRSC VIC MODEL
Uttarakhand,Nainital,2018-12-08,2018,12,0,NRSC VIC MODEL
Uttarakhand,Nainital,2018-12-18,2018,12,0,NRSC VIC MODEL
Uttarakhand,Nainital,2018-12-22,2018,12,0,NRSC VIC MODEL
Uttarakhand,Nainital,2018-12-29,2018,12,0,NRSC VIC MODEL
Uttarakhand,Nainital,2018-12-30,2018,12,0,NRSC VIC MODEL
Uttarakhand,Pauri Garhwal,2018-07-30,2018,07,3.493924999,NRSC VIC MODEL
Uttarakhand,Pauri Garhwal,2018-07-31,2018,07,12.89994027,NRSC VIC MODEL
Uttarakhand,Pauri Garhwal,2018-08-05,2018,08,43.33000453,NRSC VIC MODEL
Uttarakhand,Pauri Garhwal,2018-08-09,2018,08,5.463724385,NRSC VIC MODEL
Uttarakhand,Pauri Garhwal,2018-08-10,2018,08,4.034466557,NRSC VIC MODEL
Uttarakhand,Pauri Garhwal,2018-08-15,2018,08,3.849141789,NRSC VIC MODEL
Uttarakhand,Pauri Garhwal,2018-08-19,2018,08,2.347288203,NRSC VIC MODEL
Uttarakhand,Pauri Garhwal,2018-08-27,2018,08,9.781400081,NRSC VIC MODEL
Uttarakhand,Pauri Garhwal,2018-08-28,2018,08,21.58709073,NRSC VIC MODEL
Uttarakhand,Pauri Garhwal,2018-09-02,2018,09,18.84053346,NRSC VIC MODEL
Uttarakhand,Pauri Garhwal,2018-09-04,2018,09,15.6588123,NRSC VIC MODEL
Uttarakhand,Pauri Garhwal,2018-09-06,2018,09,10.52202486,NRSC VIC MODEL
Uttarakhand,Pauri Garhwal,2018-09-05,2018,09,3.142642444,NRSC VIC MODEL
Uttarakhand,Pauri Garhwal,2018-09-10,2018,09,3.855524781,NRSC VIC MODEL
Uttarakhand,Pauri Garhwal,2018-09-13,2018,09,22.5529251,NRSC VIC MODEL
Uttarakhand,Pauri Garhwal,2018-09-15,2018,09,0.773918745,NRSC VIC MODEL
Uttarakhand,Pauri Garhwal,2018-09-16,2018,09,0,NRSC VIC MODEL
Uttarakhand,Pauri Garhwal,2018-09-18,2018,09,0,NRSC VIC MODEL
Uttarakhand,Pauri Garhwal,2018-10-03,2018,10,0,NRSC VIC MODEL
Uttarakhand,Pauri Garhwal,2018-10-06,2018,10,0,NRSC VIC MODEL
Uttarakhand,Pauri Garhwal,2018-10-10,2018,10,0.063647402,NRSC VIC MODEL
Uttarakhand,Pauri Garhwal,2018-10-15,2018,10,0,NRSC VIC MODEL
Uttarakhand,Pauri Garhwal,2018-10-16,2018,10,0,NRSC VIC MODEL
Uttarakhand,Pauri Garhwal,2018-10-21,2018,10,0,NRSC VIC MODEL
Uttarakhand,Pauri Garhwal,2018-11-01,2018,11,0,NRSC VIC MODEL
Uttarakhand,Pauri Garhwal,2018-11-03,2018,11,2.006393853,NRSC VIC MODEL
Uttarakhand,Pauri Garhwal,2018-11-04,2018,11,0.011909172,NRSC VIC MODEL
Uttarakhand,Pauri Garhwal,2018-11-09,2018,11,0,NRSC VIC MODEL
Uttarakhand,Pauri Garhwal,2018-11-15,2018,11,0.417535881,NRSC VIC MODEL
Uttarakhand,Pauri Garhwal,2018-11-20,2018,11,0,NRSC VIC MODEL
Uttarakhand,Pauri Garhwal,2018-11-29,2018,11,0,NRSC VIC MODEL
Uttarakhand,Pauri Garhwal,2018-12-27,2018,12,0,NRSC VIC MODEL
Uttarakhand,Pauri Garhwal,2018-12-25,2018,12,0,NRSC VIC MODEL
Uttarakhand,Pithoragarh,2018-07-26,2018,07,9.875909159,NRSC VIC MODEL
Uttarakhand,Pithoragarh,2018-07-27,2018,07,4.242723403,NRSC VIC MODEL
Uttarakhand,Pithoragarh,2018-08-02,2018,08,5.412119525,NRSC VIC MODEL
Uttarakhand,Pithoragarh,2018-08-08,2018,08,5.410590651,NRSC VIC MODEL
Uttarakhand,Pithoragarh,2018-08-13,2018,08,3.629637783,NRSC VIC MODEL
Uttarakhand,Pithoragarh,2018-08-24,2018,08,16.96048324,NRSC VIC MODEL
Uttarakhand,Pithoragarh,2018-09-04,2018,09,10.25580835,NRSC VIC MODEL
Uttarakhand,Pithoragarh,2018-09-08,2018,09,2.734441783,NRSC VIC MODEL
Uttarakhand,Pithoragarh,2018-09-13,2018,09,3.710793633,NRSC VIC MODEL
Uttarakhand,Pithoragarh,2018-09-16,2018,09,0.775076036,NRSC VIC MODEL
Uttarakhand,Pithoragarh,2018-10-04,2018,10,0.413626728,NRSC VIC MODEL
Uttarakhand,Pithoragarh,2018-10-08,2018,10,0.439336913,NRSC VIC MODEL
Uttarakhand,Pithoragarh,2018-10-24,2018,10,0,NRSC VIC MODEL
Uttarakhand,Pithoragarh,2018-10-27,2018,10,0,NRSC VIC MODEL
Uttarakhand,Pithoragarh,2018-10-29,2018,10,0.050799958,NRSC VIC MODEL
Uttarakhand,Pithoragarh,2018-10-30,2018,10,0.045947447,NRSC VIC MODEL
Uttarakhand,Pithoragarh,2018-10-31,2018,10,0.00908461,NRSC VIC MODEL
Uttarakhand,Pithoragarh,2018-11-04,2018,11,0.119373992,NRSC VIC MODEL
Uttarakhand,Pithoragarh,2018-11-16,2018,11,0,NRSC VIC MODEL
Uttarakhand,Pithoragarh,2018-11-17,2018,11,0,NRSC VIC MODEL
Uttarakhand,Pithoragarh,2018-11-20,2018,11,0,NRSC VIC MODEL
Uttarakhand,Pithoragarh,2018-11-25,2018,11,0,NRSC VIC MODEL
Uttarakhand,Pithoragarh,2018-12-03,2018,12,0.006573417,NRSC VIC MODEL
Uttarakhand,Pithoragarh,2018-12-04,2018,12,0,NRSC VIC MODEL
Uttarakhand,Pithoragarh,2018-12-05,2018,12,0,NRSC VIC MODEL
Uttarakhand,Pithoragarh,2018-12-10,2018,12,0,NRSC VIC MODEL
Uttarakhand,Pithoragarh,2018-12-13,2018,12,1.354995444,NRSC VIC MODEL
Uttarakhand,Pithoragarh,2018-12-15,2018,12,0,NRSC VIC MODEL
Uttarakhand,Pithoragarh,2018-12-16,2018,12,0,NRSC VIC MODEL
Uttarakhand,Pithoragarh,2018-12-21,2018,12,0,NRSC VIC MODEL
Uttarakhand,Pithoragarh,2018-12-26,2018,12,0.293366433,NRSC VIC MODEL
Uttarakhand,Pithoragarh,2018-12-25,2018,12,0,NRSC VIC MODEL
Uttarakhand,Pithoragarh,2018-12-30,2018,12,0,NRSC VIC MODEL
Uttarakhand,Rudra Prayag,2018-07-26,2018,07,12.46349081,NRSC VIC MODEL
Uttarakhand,Rudra Prayag,2018-07-25,2018,07,14.67982117,NRSC VIC MODEL
Uttarakhand,Rudra Prayag,2018-08-08,2018,08,11.51552576,NRSC VIC MODEL
Uttarakhand,Rudra Prayag,2018-08-10,2018,08,1.954761384,NRSC VIC MODEL
Uttarakhand,Rudra Prayag,2018-08-12,2018,08,51.80049414,NRSC VIC MODEL
Uttarakhand,Rudra Prayag,2018-08-14,2018,08,0.634095664,NRSC VIC MODEL
Uttarakhand,Rudra Prayag,2018-08-15,2018,08,8.486304051,NRSC VIC MODEL
Uttarakhand,Rudra Prayag,2018-08-16,2018,08,12.7696115,NRSC VIC MODEL
Uttarakhand,Rudra Prayag,2018-08-25,2018,08,22.64575753,NRSC VIC MODEL
Uttarakhand,Rudra Prayag,2018-08-27,2018,08,4.563692797,NRSC VIC MODEL
Uttarakhand,Rudra Prayag,2018-08-31,2018,08,17.48425014,NRSC VIC MODEL
Uttarakhand,Rudra Prayag,2018-09-02,2018,09,17.53680483,NRSC VIC MODEL
Uttarakhand,Rudra Prayag,2018-09-19,2018,09,0.904028962,NRSC VIC MODEL
Uttarakhand,Rudra Prayag,2018-09-21,2018,09,4.953483437,NRSC VIC MODEL
Uttarakhand,Rudra Prayag,2018-09-26,2018,09,3.070802408,NRSC VIC MODEL
Uttarakhand,Rudra Prayag,2018-10-02,2018,10,2.487869608,NRSC VIC MODEL
Uttarakhand,Rudra Prayag,2018-10-08,2018,10,0.079320508,NRSC VIC MODEL
Uttarakhand,Rudra Prayag,2018-10-11,2018,10,9.775720675,NRSC VIC MODEL
Uttarakhand,Rudra Prayag,2018-10-23,2018,10,0.175061847,NRSC VIC MODEL
Uttarakhand,Rudra Prayag,2018-10-28,2018,10,0,NRSC VIC MODEL
Uttarakhand,Rudra Prayag,2018-11-08,2018,11,0,NRSC VIC MODEL
Uttarakhand,Rudra Prayag,2018-11-10,2018,11,0,NRSC VIC MODEL
Uttarakhand,Rudra Prayag,2018-11-29,2018,11,0,NRSC VIC MODEL
Uttarakhand,Rudra Prayag,2018-12-05,2018,12,0,NRSC VIC MODEL
Uttarakhand,Rudra Prayag,2018-12-10,2018,12,0.007200006,NRSC VIC MODEL
Uttarakhand,Rudra Prayag,2018-12-21,2018,12,0,NRSC VIC MODEL
Uttarakhand,Rudra Prayag,2018-12-22,2018,12,0,NRSC VIC MODEL
Uttarakhand,Rudra Prayag,2018-12-26,2018,12,0.133026127,NRSC VIC MODEL
Uttarakhand,Tehri Garhwal,2018-07-28,2018,07,85.30841165,NRSC VIC MODEL
Uttarakhand,Tehri Garhwal,2018-08-04,2018,08,22.03424029,NRSC VIC MODEL
Uttarakhand,Tehri Garhwal,2018-08-11,2018,08,28.02880981,NRSC VIC MODEL
Uttarakhand,Tehri Garhwal,2018-08-12,2018,08,82.0585552,NRSC VIC MODEL
Uttarakhand,Tehri Garhwal,2018-08-15,2018,08,6.945993696,NRSC VIC MODEL
Uttarakhand,Tehri Garhwal,2018-08-16,2018,08,5.763232773,NRSC VIC MODEL
Uttarakhand,Tehri Garhwal,2018-08-18,2018,08,1.964149033,NRSC VIC MODEL
Uttarakhand,Tehri Garhwal,2018-08-20,2018,08,2.913891024,NRSC VIC MODEL
Uttarakhand,Tehri Garhwal,2018-08-27,2018,08,7.008656481,NRSC VIC MODEL
Uttarakhand,Tehri Garhwal,2018-09-03,2018,09,44.2824984,NRSC VIC MODEL
Uttarakhand,Tehri Garhwal,2018-09-09,2018,09,5.660688097,NRSC VIC MODEL
Uttarakhand,Tehri Garhwal,2018-09-13,2018,09,30.9772774,NRSC VIC MODEL
Uttarakhand,Tehri Garhwal,2018-09-16,2018,09,0.03262878,NRSC VIC MODEL
Uttarakhand,Tehri Garhwal,2018-09-19,2018,09,0.099895417,NRSC VIC MODEL
Uttarakhand,Tehri Garhwal,2018-09-20,2018,09,0.945717025,NRSC VIC MODEL
Uttarakhand,Tehri Garhwal,2018-10-01,2018,10,0.182369749,NRSC VIC MODEL
Uttarakhand,Tehri Garhwal,2018-10-10,2018,10,0.552251124,NRSC VIC MODEL
Uttarakhand,Tehri Garhwal,2018-10-13,2018,10,0,NRSC VIC MODEL
Uttarakhand,Tehri Garhwal,2018-10-20,2018,10,0,NRSC VIC MODEL
Uttarakhand,Tehri Garhwal,2018-10-27,2018,10,0.109225709,NRSC VIC MODEL
Uttarakhand,Tehri Garhwal,2018-10-30,2018,10,0,NRSC VIC MODEL
Uttarakhand,Tehri Garhwal,2018-11-01,2018,11,0,NRSC VIC MODEL
Uttarakhand,Tehri Garhwal,2018-10-23,2018,10,0.134342583,NRSC VIC MODEL
Uttarakhand,Tehri Garhwal,2018-11-05,2018,11,0,NRSC VIC MODEL
Uttarakhand,Tehri Garhwal,2018-11-07,2018,11,0,NRSC VIC MODEL
Uttarakhand,Tehri Garhwal,2018-11-11,2018,11,0,NRSC VIC MODEL
Uttarakhand,Tehri Garhwal,2018-11-10,2018,11,0,NRSC VIC MODEL
Uttarakhand,Tehri Garhwal,2018-11-17,2018,11,0,NRSC VIC MODEL
Uttarakhand,Tehri Garhwal,2018-11-28,2018,11,0,NRSC VIC MODEL
Uttarakhand,Tehri Garhwal,2018-12-02,2018,12,0,NRSC VIC MODEL
Uttarakhand,Tehri Garhwal,2018-12-05,2018,12,0,NRSC VIC MODEL
Uttarakhand,Tehri Garhwal,2018-12-10,2018,12,0.013062409,NRSC VIC MODEL
Uttarakhand,Tehri Garhwal,2018-12-15,2018,12,0,NRSC VIC MODEL
Uttarakhand,Tehri Garhwal,2018-12-21,2018,12,0,NRSC VIC MODEL
Uttarakhand,Tehri Garhwal,2018-12-27,2018,12,0.008717353,NRSC VIC MODEL
Uttarakhand,Tehri Garhwal,2018-12-30,2018,12,0,NRSC VIC MODEL
Uttarakhand,Udam Singh Nagar,2018-07-26,2018,07,21.4888875,NRSC VIC MODEL
Uttarakhand,Udam Singh Nagar,2018-07-29,2018,07,26.5924403,NRSC VIC MODEL
Uttarakhand,Udam Singh Nagar,2018-08-07,2018,08,5.95494493,NRSC VIC MODEL
Uttarakhand,Udam Singh Nagar,2018-08-15,2018,08,1.655087783,NRSC VIC MODEL
Uttarakhand,Udam Singh Nagar,2018-08-22,2018,08,25.46778377,NRSC VIC MODEL
Uttarakhand,Udam Singh Nagar,2018-08-28,2018,08,21.82321754,NRSC VIC MODEL
Uttarakhand,Udam Singh Nagar,2018-09-01,2018,09,3.549112659,NRSC VIC MODEL
Uttarakhand,Udam Singh Nagar,2018-09-04,2018,09,4.430850656,NRSC VIC MODEL
Uttarakhand,Udam Singh Nagar,2018-09-06,2018,09,17.87608186,NRSC VIC MODEL
Uttarakhand,Udam Singh Nagar,2018-09-11,2018,09,22.8830392,NRSC VIC MODEL
Uttarakhand,Udam Singh Nagar,2018-09-19,2018,09,0,NRSC VIC MODEL
Uttarakhand,Udam Singh Nagar,2018-09-22,2018,09,8.341668297,NRSC VIC MODEL
Uttarakhand,Udam Singh Nagar,2018-10-03,2018,10,0,NRSC VIC MODEL
Uttarakhand,Udam Singh Nagar,2018-10-06,2018,10,0,NRSC VIC MODEL
Uttarakhand,Udam Singh Nagar,2018-10-07,2018,10,0,NRSC VIC MODEL
Uttarakhand,Udam Singh Nagar,2018-10-21,2018,10,0,NRSC VIC MODEL
Uttarakhand,Udam Singh Nagar,2018-10-18,2018,10,0,NRSC VIC MODEL
Uttarakhand,Udam Singh Nagar,2018-11-01,2018,11,0,NRSC VIC MODEL
Uttarakhand,Udam Singh Nagar,2018-11-06,2018,11,0,NRSC VIC MODEL
Uttarakhand,Udam Singh Nagar,2018-11-12,2018,11,0,NRSC VIC MODEL
Uttarakhand,Udam Singh Nagar,2018-11-16,2018,11,0,NRSC VIC MODEL
Uttarakhand,Udam Singh Nagar,2018-11-26,2018,11,0,NRSC VIC MODEL
Uttarakhand,Udam Singh Nagar,2018-12-14,2018,12,0,NRSC VIC MODEL
Uttarakhand,Udam Singh Nagar,2018-12-13,2018,12,1.438392202,NRSC VIC MODEL
Uttarakhand,Udam Singh Nagar,2018-12-20,2018,12,0,NRSC VIC MODEL
Uttarakhand,Udam Singh Nagar,2018-12-23,2018,12,0,NRSC VIC MODEL
Uttarakhand,Udam Singh Nagar,2018-12-26,2018,12,0,NRSC VIC MODEL
Uttarakhand,Udam Singh Nagar,2018-12-28,2018,12,0,NRSC VIC MODEL
Uttarakhand,Uttar Kashi,2018-08-04,2018,08,13.23107197,NRSC VIC MODEL
Uttarakhand,Uttar Kashi,2018-08-09,2018,08,6.30407444,NRSC VIC MODEL
Uttarakhand,Uttar Kashi,2018-08-11,2018,08,23.51031139,NRSC VIC MODEL
Uttarakhand,Uttar Kashi,2018-08-12,2018,08,53.76252334,NRSC VIC MODEL
Uttarakhand,Uttar Kashi,2018-08-17,2018,08,6.81004355,NRSC VIC MODEL
Uttarakhand,Uttar Kashi,2018-08-22,2018,08,7.19854121,NRSC VIC MODEL
Uttarakhand,Uttar Kashi,2018-08-23,2018,08,10.99550544,NRSC VIC MODEL
Uttarakhand,Uttar Kashi,2018-08-25,2018,08,13.0740608,NRSC VIC MODEL
Uttarakhand,Uttar Kashi,2018-08-28,2018,08,15.56845992,NRSC VIC MODEL
Uttarakhand,Uttar Kashi,2018-08-31,2018,08,17.3936194,NRSC VIC MODEL
Uttarakhand,Uttar Kashi,2018-08-29,2018,08,6.320364673,NRSC VIC MODEL
Uttarakhand,Uttar Kashi,2018-09-04,2018,09,11.86074864,NRSC VIC MODEL
Uttarakhand,Uttar Kashi,2018-09-05,2018,09,1.786525331,NRSC VIC MODEL
Uttarakhand,Uttar Kashi,2018-09-12,2018,09,7.452812795,NRSC VIC MODEL
Uttarakhand,Uttar Kashi,2018-09-14,2018,09,1.484305199,NRSC VIC MODEL
Uttarakhand,Uttar Kashi,2018-09-25,2018,09,2.977967911,NRSC VIC MODEL
Uttarakhand,Uttar Kashi,2018-09-26,2018,09,7.937273889,NRSC VIC MODEL
Uttarakhand,Uttar Kashi,2018-09-30,2018,09,1.751321047,NRSC VIC MODEL
Uttarakhand,Uttar Kashi,2018-10-03,2018,10,0.950329893,NRSC VIC MODEL
Uttarakhand,Uttar Kashi,2018-10-05,2018,10,0.615131246,NRSC VIC MODEL
Uttarakhand,Uttar Kashi,2018-10-10,2018,10,1.392143152,NRSC VIC MODEL
Uttarakhand,Uttar Kashi,2018-10-14,2018,10,0,NRSC VIC MODEL
Uttarakhand,Uttar Kashi,2018-10-16,2018,10,0.003104797,NRSC VIC MODEL
Uttarakhand,Uttar Kashi,2018-10-17,2018,10,0.517807806,NRSC VIC MODEL
Uttarakhand,Uttar Kashi,2018-10-23,2018,10,0.010621324,NRSC VIC MODEL
Uttarakhand,Uttar Kashi,2018-10-25,2018,10,0,NRSC VIC MODEL
Uttarakhand,Uttar Kashi,2018-10-29,2018,10,0.256567013,NRSC VIC MODEL
Uttarakhand,Uttar Kashi,2018-10-31,2018,10,0,NRSC VIC MODEL
Uttarakhand,Uttar Kashi,2018-11-03,2018,11,8.283389081,NRSC VIC MODEL
Uttarakhand,Uttar Kashi,2018-11-06,2018,11,1.479568394,NRSC VIC MODEL
Uttarakhand,Uttar Kashi,2018-11-07,2018,11,0.428690848,NRSC VIC MODEL
Uttarakhand,Uttar Kashi,2018-11-11,2018,11,0,NRSC VIC MODEL
Uttarakhand,Uttar Kashi,2018-11-17,2018,11,0.01436632,NRSC VIC MODEL
Uttarakhand,Uttar Kashi,2018-11-21,2018,11,0,NRSC VIC MODEL
Uttarakhand,Uttar Kashi,2018-12-01,2018,12,0,NRSC VIC MODEL
Uttarakhand,Uttar Kashi,2018-12-04,2018,12,0,NRSC VIC MODEL
Uttarakhand,Uttar Kashi,2018-12-05,2018,12,0,NRSC VIC MODEL
Uttarakhand,Uttar Kashi,2018-12-14,2018,12,0.072929556,NRSC VIC MODEL
Uttarakhand,Uttar Kashi,2018-12-13,2018,12,1.797020606,NRSC VIC MODEL
Uttarakhand,Uttar Kashi,2018-12-21,2018,12,0,NRSC VIC MODEL
Uttarakhand,Uttar Kashi,2018-12-22,2018,12,0,NRSC VIC MODEL
Uttarakhand,Uttar Kashi,2018-12-23,2018,12,0,NRSC VIC MODEL
Uttarakhand,Uttar Kashi,2018-12-25,2018,12,0,NRSC VIC MODEL
Uttarakhand,Uttar Kashi,2018-12-30,2018,12,0.001658545,NRSC VIC MODEL
Uttarakhand,Uttar Kashi,2018-12-31,2018,12,0,NRSC VIC MODEL
Uttarakhand,Almora,2018-07-25,2018,07,53.27589044,NRSC VIC MODEL
Uttarakhand,Almora,2018-07-27,2018,07,12.34745668,NRSC VIC MODEL
Uttarakhand,Almora,2018-07-31,2018,07,12.91930356,NRSC VIC MODEL
Uttarakhand,Almora,2018-08-03,2018,08,7.423077584,NRSC VIC MODEL
Uttarakhand,Almora,2018-08-31,2018,08,11.48606234,NRSC VIC MODEL
Uttarakhand,Almora,2018-08-30,2018,08,14.79563188,NRSC VIC MODEL
Uttarakhand,Almora,2018-09-08,2018,09,0.124666746,NRSC VIC MODEL
Uttarakhand,Almora,2018-09-10,2018,09,0.830764869,NRSC VIC MODEL
Uttarakhand,Almora,2018-09-17,2018,09,0.040862041,NRSC VIC MODEL
Uttarakhand,Almora,2018-09-21,2018,09,3.062470163,NRSC VIC MODEL
Uttarakhand,Almora,2018-09-22,2018,09,7.457041172,NRSC VIC MODEL
Uttarakhand,Almora,2018-09-24,2018,09,79.58256916,NRSC VIC MODEL
Uttarakhand,Almora,2018-09-29,2018,09,0,NRSC VIC MODEL
Uttarakhand,Almora,2018-09-28,2018,09,0,NRSC VIC MODEL
Uttarakhand,Almora,2018-10-06,2018,10,0,NRSC VIC MODEL
Uttarakhand,Almora,2018-10-13,2018,10,0,NRSC VIC MODEL
Uttarakhand,Almora,2018-10-20,2018,10,0,NRSC VIC MODEL
Uttarakhand,Almora,2018-10-21,2018,10,0,NRSC VIC MODEL
Uttarakhand,Almora,2018-10-17,2018,10,0,NRSC VIC MODEL
Uttarakhand,Almora,2018-10-24,2018,10,0,NRSC VIC MODEL
Uttarakhand,Almora,2018-10-27,2018,10,0,NRSC VIC MODEL
Uttarakhand,Almora,2018-10-29,2018,10,0,NRSC VIC MODEL
Uttarakhand,Almora,2018-10-31,2018,10,0,NRSC VIC MODEL
Uttarakhand,Almora,2018-10-23,2018,10,0.059203914,NRSC VIC MODEL
Uttarakhand,Almora,2018-11-15,2018,11,0,NRSC VIC MODEL
Uttarakhand,Almora,2018-11-16,2018,11,0,NRSC VIC MODEL
Uttarakhand,Almora,2018-11-19,2018,11,0,NRSC VIC MODEL
Uttarakhand,Almora,2018-11-23,2018,11,0,NRSC VIC MODEL
Uttarakhand,Almora,2018-12-04,2018,12,0,NRSC VIC MODEL
Uttarakhand,Almora,2018-12-07,2018,12,0,NRSC VIC MODEL
Uttarakhand,Almora,2018-12-08,2018,12,0,NRSC VIC MODEL
Uttarakhand,Almora,2018-12-22,2018,12,0,NRSC VIC MODEL
Uttarakhand,Almora,2018-12-23,2018,12,0,NRSC VIC MODEL
Uttarakhand,Almora,2018-12-25,2018,12,0,NRSC VIC MODEL
Uttarakhand,Almora,2018-12-29,2018,12,0,NRSC VIC MODEL
Uttarakhand,Bageshwar,2018-08-05,2018,08,31.54620637,NRSC VIC MODEL
Uttarakhand,Bageshwar,2018-08-11,2018,08,34.40559955,NRSC VIC MODEL
Uttarakhand,Bageshwar,2018-08-24,2018,08,51.23820159,NRSC VIC MODEL
Uttarakhand,Bageshwar,2018-08-27,2018,08,5.406777079,NRSC VIC MODEL
Uttarakhand,Bageshwar,2018-09-02,2018,09,9.322486931,NRSC VIC MODEL
Uttarakhand,Bageshwar,2018-09-10,2018,09,10.5910527,NRSC VIC MODEL
Uttarakhand,Bageshwar,2018-09-11,2018,09,4.012981714,NRSC VIC MODEL
Uttarakhand,Bageshwar,2018-09-21,2018,09,7.907851869,NRSC VIC MODEL
Uttarakhand,Bageshwar,2018-09-23,2018,09,34.10928584,NRSC VIC MODEL
Uttarakhand,Bageshwar,2018-09-25,2018,09,1.693913333,NRSC VIC MODEL
Uttarakhand,Bageshwar,2018-10-02,2018,10,1.058541808,NRSC VIC MODEL
Uttarakhand,Bageshwar,2018-10-04,2018,10,1.131827681,NRSC VIC MODEL
Uttarakhand,Bageshwar,2018-10-20,2018,10,0,NRSC VIC MODEL
Uttarakhand,Bageshwar,2018-10-22,2018,10,0,NRSC VIC MODEL
Uttarakhand,Bageshwar,2018-10-25,2018,10,0.166358691,NRSC VIC MODEL
Uttarakhand,Bageshwar,2018-10-30,2018,10,0.156405402,NRSC VIC MODEL
Uttarakhand,Bageshwar,2018-11-01,2018,11,1.231946758,NRSC VIC MODEL
Uttarakhand,Bageshwar,2018-11-02,2018,11,0.31608869,NRSC VIC MODEL
Uttarakhand,Bageshwar,2018-10-23,2018,10,0.325922348,NRSC VIC MODEL
Uttarakhand,Bageshwar,2018-11-08,2018,11,0,NRSC VIC MODEL
Uttarakhand,Bageshwar,2018-11-07,2018,11,0,NRSC VIC MODEL
Uttarakhand,Bageshwar,2018-11-11,2018,11,0,NRSC VIC MODEL
Uttarakhand,Bageshwar,2018-11-10,2018,11,0.188143473,NRSC VIC MODEL
Uttarakhand,Bageshwar,2018-11-16,2018,11,0,NRSC VIC MODEL
Uttarakhand,Bageshwar,2018-11-20,2018,11,0,NRSC VIC MODEL
Uttarakhand,Bageshwar,2018-12-01,2018,12,0.757430903,NRSC VIC MODEL
Uttarakhand,Bageshwar,2018-12-05,2018,12,0,NRSC VIC MODEL
Uttarakhand,Bageshwar,2018-12-22,2018,12,0,NRSC VIC MODEL
Uttarakhand,Bageshwar,2018-12-30,2018,12,0,NRSC VIC MODEL
Uttarakhand,Chamoli,2018-07-27,2018,07,9.307910248,NRSC VIC MODEL
Uttarakhand,Chamoli,2018-07-28,2018,07,16.3586732,NRSC VIC MODEL
Uttarakhand,Chamoli,2018-07-31,2018,07,9.896231046,NRSC VIC MODEL
Uttarakhand,Chamoli,2018-08-01,2018,08,4.785308077,NRSC VIC MODEL
Uttarakhand,Chamoli,2018-08-05,2018,08,32.85063167,NRSC VIC MODEL
Uttarakhand,Chamoli,2018-08-08,2018,08,5.366328276,NRSC VIC MODEL
Uttarakhand,Chamoli,2018-08-14,2018,08,1.031207944,NRSC VIC MODEL
Uttarakhand,Chamoli,2018-08-18,2018,08,2.135779086,NRSC VIC MODEL
Uttarakhand,Chamoli,2018-08-20,2018,08,1.087690632,NRSC VIC MODEL
Uttarakhand,Chamoli,2018-08-23,2018,08,7.94910067,NRSC VIC MODEL
Uttarakhand,Chamoli,2018-08-25,2018,08,24.39899394,NRSC VIC MODEL
Uttarakhand,Chamoli,2018-09-01,2018,09,2.874054737,NRSC VIC MODEL
Uttarakhand,Chamoli,2018-09-05,2018,09,4.690502346,NRSC VIC MODEL
Uttarakhand,Chamoli,2018-09-16,2018,09,1.037226006,NRSC VIC MODEL
Uttarakhand,Chamoli,2018-09-18,2018,09,2.128828888,NRSC VIC MODEL
Uttarakhand,Chamoli,2018-09-20,2018,09,2.244927467,NRSC VIC MODEL
Uttarakhand,Chamoli,2018-10-10,2018,10,2.220787182,NRSC VIC MODEL
Uttarakhand,Chamoli,2018-10-22,2018,10,0,NRSC VIC MODEL
Uttarakhand,Chamoli,2018-10-27,2018,10,0,NRSC VIC MODEL
Uttarakhand,Chamoli,2018-10-29,2018,10,0.766831676,NRSC VIC MODEL
Uttarakhand,Chamoli,2018-11-03,2018,11,7.101873951,NRSC VIC MODEL
Uttarakhand,Chamoli,2018-11-04,2018,11,0,NRSC VIC MODEL
Uttarakhand,Chamoli,2018-11-15,2018,11,0.655012759,NRSC VIC MODEL
Uttarakhand,Chamoli,2018-11-19,2018,11,0,NRSC VIC MODEL
Uttarakhand,Chamoli,2018-11-27,2018,11,0.339671777,NRSC VIC MODEL
Uttarakhand,Chamoli,2018-11-26,2018,11,0,NRSC VIC MODEL
Uttarakhand,Chamoli,2018-11-28,2018,11,0,NRSC VIC MODEL
Uttarakhand,Chamoli,2018-12-04,2018,12,0,NRSC VIC MODEL
Uttarakhand,Chamoli,2018-12-13,2018,12,0.560659488,NRSC VIC MODEL
Uttarakhand,Chamoli,2018-12-15,2018,12,0,NRSC VIC MODEL
Uttarakhand,Chamoli,2018-12-16,2018,12,0,NRSC VIC MODEL
Uttarakhand,Chamoli,2018-12-17,2018,12,0,NRSC VIC MODEL
Uttarakhand,Chamoli,2018-12-21,2018,12,0,NRSC VIC MODEL
Uttarakhand,Chamoli,2018-12-22,2018,12,0,NRSC VIC MODEL
Uttarakhand,Champawat,2018-07-25,2018,07,54.64408794,NRSC VIC MODEL
Uttarakhand,Champawat,2018-07-30,2018,07,24.25010859,NRSC VIC MODEL
Uttarakhand,Champawat,2018-08-19,2018,08,9.065359281,NRSC VIC MODEL
Uttarakhand,Champawat,2018-08-20,2018,08,3.300635302,NRSC VIC MODEL
Uttarakhand,Champawat,2018-08-21,2018,08,3.748276353,NRSC VIC MODEL
Uttarakhand,Champawat,2018-08-25,2018,08,70.56660841,NRSC VIC MODEL
Uttarakhand,Champawat,2018-08-26,2018,08,20.96495644,NRSC VIC MODEL
Uttarakhand,Champawat,2018-08-31,2018,08,20.84046707,NRSC VIC MODEL
Uttarakhand,Champawat,2018-09-08,2018,09,0.051503917,NRSC VIC MODEL
Uttarakhand,Champawat,2018-09-15,2018,09,0,NRSC VIC MODEL
Uttarakhand,Champawat,2018-09-16,2018,09,0,NRSC VIC MODEL
Uttarakhand,Champawat,2018-09-23,2018,09,68.93667614,NRSC VIC MODEL
Uttarakhand,Champawat,2018-09-24,2018,09,71.36631215,NRSC VIC MODEL
Uttarakhand,Champawat,2018-10-02,2018,10,0,NRSC VIC MODEL
Uttarakhand,Champawat,2018-10-04,2018,10,0,NRSC VIC MODEL
Uttarakhand,Champawat,2018-10-09,2018,10,0,NRSC VIC MODEL
Uttarakhand,Champawat,2018-10-20,2018,10,0,NRSC VIC MODEL
Uttarakhand,Champawat,2018-10-27,2018,10,0,NRSC VIC MODEL
Uttarakhand,Champawat,2018-11-01,2018,11,0,NRSC VIC MODEL
Uttarakhand,Champawat,2018-11-02,2018,11,0,NRSC VIC MODEL
Uttarakhand,Champawat,2018-11-08,2018,11,0,NRSC VIC MODEL
Uttarakhand,Champawat,2018-11-09,2018,11,0,NRSC VIC MODEL
Uttarakhand,Champawat,2018-11-07,2018,11,0,NRSC VIC MODEL
Uttarakhand,Champawat,2018-11-10,2018,11,0,NRSC VIC MODEL
Uttarakhand,Champawat,2018-11-18,2018,11,0.042140953,NRSC VIC MODEL
Uttarakhand,Champawat,2018-11-24,2018,11,0,NRSC VIC MODEL
Uttarakhand,Champawat,2018-11-27,2018,11,0,NRSC VIC MODEL
Uttarakhand,Champawat,2018-11-26,2018,11,0,NRSC VIC MODEL
Uttarakhand,Champawat,2018-11-28,2018,11,0,NRSC VIC MODEL
Uttarakhand,Champawat,2018-12-12,2018,12,2.268988854,NRSC VIC MODEL
Uttarakhand,Dehradun,2018-12-10,2018,12,0,NRSC VIC MODEL
Uttarakhand,Dehradun,2018-12-12,2018,12,15.13653093,NRSC VIC MODEL
Uttarakhand,Dehradun,2018-12-15,2018,12,0,NRSC VIC MODEL
Uttarakhand,Dehradun,2018-12-20,2018,12,0,NRSC VIC MODEL
Uttarakhand,Dehradun,2018-12-19,2018,12,0,NRSC VIC MODEL
Uttarakhand,Dehradun,2018-12-23,2018,12,0,NRSC VIC MODEL
Uttarakhand,Dehradun,2018-12-27,2018,12,0.000343446,NRSC VIC MODEL
Uttarakhand,Dehradun,2018-12-25,2018,12,0,NRSC VIC MODEL
Uttarakhand,Haridwar,2018-07-27,2018,07,140.8448881,NRSC VIC MODEL
Uttarakhand,Haridwar,2018-07-29,2018,07,5.456113126,NRSC VIC MODEL
Uttarakhand,Haridwar,2018-08-09,2018,08,27.40786437,NRSC VIC MODEL
Uttarakhand,Haridwar,2018-08-11,2018,08,19.94124932,NRSC VIC MODEL
Uttarakhand,Haridwar,2018-08-16,2018,08,0.385262819,NRSC VIC MODEL
Uttarakhand,Haridwar,2018-08-18,2018,08,3.450286996,NRSC VIC MODEL
Uttarakhand,Haridwar,2018-08-20,2018,08,12.04561761,NRSC VIC MODEL
Uttarakhand,Haridwar,2018-08-21,2018,08,0.881575967,NRSC VIC MODEL
Uttarakhand,Haridwar,2018-08-25,2018,08,18.66364449,NRSC VIC MODEL
Uttarakhand,Haridwar,2018-09-20,2018,09,0,NRSC VIC MODEL
Uttarakhand,Haridwar,2018-09-21,2018,09,2.038919128,NRSC VIC MODEL
Uttarakhand,Haridwar,2018-09-23,2018,09,19.12133551,NRSC VIC MODEL
Uttarakhand,Haridwar,2018-09-24,2018,09,83.6060996,NRSC VIC MODEL
Uttarakhand,Haridwar,2018-09-27,2018,09,0,NRSC VIC MODEL
Uttarakhand,Haridwar,2018-09-28,2018,09,0,NRSC VIC MODEL
Uttarakhand,Haridwar,2018-10-03,2018,10,0,NRSC VIC MODEL
Uttarakhand,Haridwar,2018-10-04,2018,10,0,NRSC VIC MODEL
Uttarakhand,Haridwar,2018-10-08,2018,10,0,NRSC VIC MODEL
Uttarakhand,Haridwar,2018-10-09,2018,10,0,NRSC VIC MODEL
Uttarakhand,Haridwar,2018-10-21,2018,10,0,NRSC VIC MODEL
Uttarakhand,Haridwar,2018-10-19,2018,10,0,NRSC VIC MODEL
Uttarakhand,Haridwar,2018-10-27,2018,10,0,NRSC VIC MODEL
Uttarakhand,Haridwar,2018-10-28,2018,10,0,NRSC VIC MODEL
Uttarakhand,Haridwar,2018-11-02,2018,11,0,NRSC VIC MODEL
Uttarakhand,Haridwar,2018-11-05,2018,11,0,NRSC VIC MODEL
Uttarakhand,Haridwar,2018-11-09,2018,11,0,NRSC VIC MODEL
Uttarakhand,Haridwar,2018-11-15,2018,11,2.152400876,NRSC VIC MODEL
Uttarakhand,Haridwar,2018-11-19,2018,11,0,NRSC VIC MODEL
Uttarakhand,Haridwar,2018-11-21,2018,11,0,NRSC VIC MODEL
Uttarakhand,Haridwar,2018-11-29,2018,11,0,NRSC VIC MODEL
Uttarakhand,Haridwar,2018-12-01,2018,12,0,NRSC VIC MODEL
Uttarakhand,Haridwar,2018-12-07,2018,12,0,NRSC VIC MODEL
Uttarakhand,Haridwar,2018-12-11,2018,12,0,NRSC VIC MODEL
Uttarakhand,Haridwar,2018-12-17,2018,12,0,NRSC VIC MODEL
Uttarakhand,Haridwar,2018-12-18,2018,12,0,NRSC VIC MODEL
Uttarakhand,Haridwar,2018-12-20,2018,12,0,NRSC VIC MODEL
Uttarakhand,Haridwar,2018-12-21,2018,12,0,NRSC VIC MODEL
Uttarakhand,Haridwar,2018-12-26,2018,12,0,NRSC VIC MODEL
Uttarakhand,Nainital,2018-07-31,2018,07,20.01713331,NRSC VIC MODEL
Uttarakhand,Nainital,2018-08-02,2018,08,36.06384958,NRSC VIC MODEL
Uttarakhand,Nainital,2018-08-04,2018,08,43.95382335,NRSC VIC MODEL
Uttarakhand,Nainital,2018-08-07,2018,08,6.166538348,NRSC VIC MODEL
Uttarakhand,Nainital,2018-08-16,2018,08,2.743117623,NRSC VIC MODEL
Uttarakhand,Nainital,2018-08-14,2018,08,2.176840395,NRSC VIC MODEL
Uttarakhand,Nainital,2018-08-23,2018,08,47.89203359,NRSC VIC MODEL
Uttarakhand,Nainital,2018-08-26,2018,08,14.85011249,NRSC VIC MODEL
Uttarakhand,Nainital,2018-08-29,2018,08,8.360824661,NRSC VIC MODEL
Uttarakhand,Nainital,2018-09-01,2018,09,5.980428317,NRSC VIC MODEL
Uttarakhand,Nainital,2018-09-05,2018,09,1.453489187,NRSC VIC MODEL
Uttarakhand,Nainital,2018-09-11,2018,09,9.727893813,NRSC VIC MODEL
Uttarakhand,Nainital,2018-09-19,2018,09,0,NRSC VIC MODEL
Uttarakhand,Nainital,2018-09-28,2018,09,0,NRSC VIC MODEL
Uttarakhand,Nainital,2018-10-04,2018,10,0,NRSC VIC MODEL
Uttarakhand,Nainital,2018-10-05,2018,10,0,NRSC VIC MODEL
Uttarakhand,Nainital,2018-10-07,2018,10,0,NRSC VIC MODEL
Uttarakhand,Nainital,2018-10-10,2018,10,0,NRSC VIC MODEL
Uttarakhand,Nainital,2018-10-15,2018,10,0,NRSC VIC MODEL
Uttarakhand,Nainital,2018-10-22,2018,10,0,NRSC VIC MODEL
Uttarakhand,Nainital,2018-10-18,2018,10,0,NRSC VIC MODEL
Uttarakhand,Nainital,2018-10-29,2018,10,0,NRSC VIC MODEL
Uttarakhand,Nainital,2018-11-05,2018,11,0,NRSC VIC MODEL
Uttarakhand,Nainital,2018-11-12,2018,11,0,NRSC VIC MODEL
Uttarakhand,Nainital,2018-11-24,2018,11,0,NRSC VIC MODEL
Uttarakhand,Nainital,2018-12-02,2018,12,0,NRSC VIC MODEL
Uttarakhand,Nainital,2018-12-03,2018,12,0,NRSC VIC MODEL
Uttarakhand,Nainital,2018-12-05,2018,12,0,NRSC VIC MODEL
Uttarakhand,Nainital,2018-12-11,2018,12,0,NRSC VIC MODEL
Uttarakhand,Nainital,2018-12-16,2018,12,0,NRSC VIC MODEL
Uttarakhand,Nainital,2018-12-15,2018,12,0,NRSC VIC MODEL
Uttarakhand,Nainital,2018-12-23,2018,12,0,NRSC VIC MODEL
Uttarakhand,Pauri Garhwal,2018-07-29,2018,07,18.31898371,NRSC VIC MODEL
Uttarakhand,Pauri Garhwal,2018-08-04,2018,08,17.13025668,NRSC VIC MODEL
Uttarakhand,Pauri Garhwal,2018-08-06,2018,08,12.0879213,NRSC VIC MODEL
Uttarakhand,Pauri Garhwal,2018-08-11,2018,08,24.82547805,NRSC VIC MODEL
Uttarakhand,Pauri Garhwal,2018-08-12,2018,08,68.75312124,NRSC VIC MODEL
Uttarakhand,Pauri Garhwal,2018-08-16,2018,08,2.069873949,NRSC VIC MODEL
Uttarakhand,Pauri Garhwal,2018-08-21,2018,08,3.248866785,NRSC VIC MODEL
Uttarakhand,Pauri Garhwal,2018-08-22,2018,08,11.72065338,NRSC VIC MODEL
Uttarakhand,Pauri Garhwal,2018-08-31,2018,08,33.89641413,NRSC VIC MODEL
Uttarakhand,Pauri Garhwal,2018-08-30,2018,08,19.1544712,NRSC VIC MODEL
Uttarakhand,Pauri Garhwal,2018-09-07,2018,09,3.255842954,NRSC VIC MODEL
Uttarakhand,Pauri Garhwal,2018-09-08,2018,09,0.903129968,NRSC VIC MODEL
Uttarakhand,Pauri Garhwal,2018-09-28,2018,09,0,NRSC VIC MODEL
Uttarakhand,Pauri Garhwal,2018-10-04,2018,10,0,NRSC VIC MODEL
Uttarakhand,Pauri Garhwal,2018-10-07,2018,10,0,NRSC VIC MODEL
Uttarakhand,Pauri Garhwal,2018-10-13,2018,10,0,NRSC VIC MODEL
Uttarakhand,Pauri Garhwal,2018-10-08,2018,10,0,NRSC VIC MODEL
Uttarakhand,Pauri Garhwal,2018-10-09,2018,10,0,NRSC VIC MODEL
Uttarakhand,Pauri Garhwal,2018-10-20,2018,10,0,NRSC VIC MODEL
Uttarakhand,Pauri Garhwal,2018-10-22,2018,10,0,NRSC VIC MODEL
Uttarakhand,Pauri Garhwal,2018-11-07,2018,11,0,NRSC VIC MODEL
Uttarakhand,Pauri Garhwal,2018-11-11,2018,11,0,NRSC VIC MODEL
Uttarakhand,Pauri Garhwal,2018-11-21,2018,11,0,NRSC VIC MODEL
Uttarakhand,Pauri Garhwal,2018-11-30,2018,11,0,NRSC VIC MODEL
Uttarakhand,Pauri Garhwal,2018-12-04,2018,12,0,NRSC VIC MODEL
Uttarakhand,Pauri Garhwal,2018-12-05,2018,12,0,NRSC VIC MODEL
Uttarakhand,Pauri Garhwal,2018-12-07,2018,12,0,NRSC VIC MODEL
Uttarakhand,Pauri Garhwal,2018-12-08,2018,12,0,NRSC VIC MODEL
Uttarakhand,Pauri Garhwal,2018-12-11,2018,12,0,NRSC VIC MODEL
Uttarakhand,Pauri Garhwal,2018-12-19,2018,12,0,NRSC VIC MODEL
Uttarakhand,Pauri Garhwal,2018-12-20,2018,12,0,NRSC VIC MODEL
Uttarakhand,Pauri Garhwal,2018-12-31,2018,12,0,NRSC VIC MODEL
Uttarakhand,Pithoragarh,2018-07-30,2018,07,9.216255679,NRSC VIC MODEL
Uttarakhand,Pithoragarh,2018-08-05,2018,08,22.87010703,NRSC VIC MODEL
Uttarakhand,Pithoragarh,2018-08-17,2018,08,11.77820435,NRSC VIC MODEL
Uttarakhand,Pithoragarh,2018-08-21,2018,08,2.985273037,NRSC VIC MODEL
Uttarakhand,Pithoragarh,2018-08-23,2018,08,6.952500101,NRSC VIC MODEL
Uttarakhand,Pithoragarh,2018-08-26,2018,08,16.9118141,NRSC VIC MODEL
Uttarakhand,Pithoragarh,2018-08-28,2018,08,17.894828,NRSC VIC MODEL
Uttarakhand,Pithoragarh,2018-09-05,2018,09,19.43717322,NRSC VIC MODEL
Uttarakhand,Pithoragarh,2018-09-14,2018,09,0.909927101,NRSC VIC MODEL
Uttarakhand,Pithoragarh,2018-09-15,2018,09,0.837811546,NRSC VIC MODEL
Uttarakhand,Pithoragarh,2018-09-19,2018,09,0.445068342,NRSC VIC MODEL
Uttarakhand,Pithoragarh,2018-09-21,2018,09,1.917240484,NRSC VIC MODEL
Uttarakhand,Pithoragarh,2018-09-22,2018,09,4.095696744,NRSC VIC MODEL
Uttarakhand,Pithoragarh,2018-09-23,2018,09,34.13020795,NRSC VIC MODEL
Uttarakhand,Pithoragarh,2018-09-24,2018,09,22.17345408,NRSC VIC MODEL
Uttarakhand,Pithoragarh,2018-10-07,2018,10,0.001728292,NRSC VIC MODEL
Uttarakhand,Pithoragarh,2018-10-13,2018,10,0.022652438,NRSC VIC MODEL
Uttarakhand,Pithoragarh,2018-10-09,2018,10,0.399911183,NRSC VIC MODEL
Uttarakhand,Pithoragarh,2018-10-16,2018,10,0.009402202,NRSC VIC MODEL
Uttarakhand,Pithoragarh,2018-10-21,2018,10,0,NRSC VIC MODEL
Uttarakhand,Pithoragarh,2018-10-28,2018,10,0,NRSC VIC MODEL
Uttarakhand,Pithoragarh,2018-11-02,2018,11,0.142949663,NRSC VIC MODEL
Uttarakhand,Pithoragarh,2018-11-08,2018,11,0,NRSC VIC MODEL
Uttarakhand,Pithoragarh,2018-11-06,2018,11,0.077765739,NRSC VIC MODEL
Uttarakhand,Pithoragarh,2018-11-15,2018,11,0,NRSC VIC MODEL
Uttarakhand,Pithoragarh,2018-11-19,2018,11,0.035714335,NRSC VIC MODEL
Uttarakhand,Pithoragarh,2018-11-18,2018,11,0,NRSC VIC MODEL
Uttarakhand,Pithoragarh,2018-11-26,2018,11,0,NRSC VIC MODEL
Uttarakhand,Pithoragarh,2018-12-01,2018,12,0.130124114,NRSC VIC MODEL
Uttarakhand,Pithoragarh,2018-12-07,2018,12,0,NRSC VIC MODEL
Uttarakhand,Pithoragarh,2018-12-09,2018,12,0,NRSC VIC MODEL
Uttarakhand,Pithoragarh,2018-12-17,2018,12,0,NRSC VIC MODEL
Uttarakhand,Pithoragarh,2018-12-18,2018,12,0,NRSC VIC MODEL
Uttarakhand,Pithoragarh,2018-12-22,2018,12,0,NRSC VIC MODEL
Uttarakhand,Pithoragarh,2018-12-27,2018,12,0.752028454,NRSC VIC MODEL
Uttarakhand,Rudra Prayag,2018-07-27,2018,07,38.1958292,NRSC VIC MODEL
Uttarakhand,Rudra Prayag,2018-07-29,2018,07,9.883520016,NRSC VIC MODEL
Uttarakhand,Rudra Prayag,2018-08-02,2018,08,2.137371192,NRSC VIC MODEL
Uttarakhand,Rudra Prayag,2018-08-04,2018,08,27.9509037,NRSC VIC MODEL
Uttarakhand,Rudra Prayag,2018-08-06,2018,08,40.18078243,NRSC VIC MODEL
Uttarakhand,Rudra Prayag,2018-08-07,2018,08,20.26412146,NRSC VIC MODEL
Uttarakhand,Rudra Prayag,2018-08-18,2018,08,1.066203066,NRSC VIC MODEL
Uttarakhand,Rudra Prayag,2018-08-23,2018,08,16.30536297,NRSC VIC MODEL
Uttarakhand,Rudra Prayag,2018-08-26,2018,08,6.644748704,NRSC VIC MODEL
Uttarakhand,Rudra Prayag,2018-08-30,2018,08,5.798681126,NRSC VIC MODEL
Uttarakhand,Rudra Prayag,2018-09-01,2018,09,2.523254023,NRSC VIC MODEL
Uttarakhand,Rudra Prayag,2018-09-07,2018,09,5.224018966,NRSC VIC MODEL
Uttarakhand,Rudra Prayag,2018-09-08,2018,09,5.192167639,NRSC VIC MODEL
Uttarakhand,Rudra Prayag,2018-09-10,2018,09,3.756863912,NRSC VIC MODEL
Uttarakhand,Rudra Prayag,2018-09-12,2018,09,0,NRSC VIC MODEL
Uttarakhand,Rudra Prayag,2018-09-15,2018,09,2.609105391,NRSC VIC MODEL
Uttarakhand,Rudra Prayag,2018-09-14,2018,09,1.557810887,NRSC VIC MODEL
Uttarakhand,Rudra Prayag,2018-09-17,2018,09,0.16137113,NRSC VIC MODEL
Uttarakhand,Rudra Prayag,2018-09-18,2018,09,1.770144139,NRSC VIC MODEL
Uttarakhand,Rudra Prayag,2018-09-24,2018,09,48.36868774,NRSC VIC MODEL
Uttarakhand,Rudra Prayag,2018-09-27,2018,09,0.623469634,NRSC VIC MODEL
Uttarakhand,Rudra Prayag,2018-09-29,2018,09,3.98660833,NRSC VIC MODEL
Uttarakhand,Rudra Prayag,2018-10-04,2018,10,0.445945331,NRSC VIC MODEL
Uttarakhand,Rudra Prayag,2018-10-12,2018,10,0.506958018,NRSC VIC MODEL
Uttarakhand,Rudra Prayag,2018-10-20,2018,10,0,NRSC VIC MODEL
Uttarakhand,Rudra Prayag,2018-10-21,2018,10,0,NRSC VIC MODEL
Uttarakhand,Rudra Prayag,2018-10-22,2018,10,0,NRSC VIC MODEL
Uttarakhand,Rudra Prayag,2018-10-18,2018,10,0.111238749,NRSC VIC MODEL
Uttarakhand,Rudra Prayag,2018-10-31,2018,10,0,NRSC VIC MODEL
Uttarakhand,Rudra Prayag,2018-11-02,2018,11,2.847013384,NRSC VIC MODEL
Uttarakhand,Rudra Prayag,2018-11-11,2018,11,0,NRSC VIC MODEL
Uttarakhand,Rudra Prayag,2018-11-14,2018,11,0.449505185,NRSC VIC MODEL
Uttarakhand,Rudra Prayag,2018-11-21,2018,11,0,NRSC VIC MODEL
Uttarakhand,Rudra Prayag,2018-12-03,2018,12,0.044217135,NRSC VIC MODEL
Uttarakhand,Rudra Prayag,2018-12-09,2018,12,0.094322751,NRSC VIC MODEL
Uttarakhand,Rudra Prayag,2018-12-30,2018,12,0,NRSC VIC MODEL
Uttarakhand,Rudra Prayag,2018-12-28,2018,12,0,NRSC VIC MODEL
Uttarakhand,Rudra Prayag,2018-09-06,2018,09,11.24468242,NRSC VIC MODEL
Uttarakhand,Tehri Garhwal,2018-07-25,2018,07,9.904894865,NRSC VIC MODEL
Uttarakhand,Tehri Garhwal,2018-08-07,2018,08,12.66102904,NRSC VIC MODEL
Uttarakhand,Tehri Garhwal,2018-08-24,2018,08,80.94885659,NRSC VIC MODEL
Uttarakhand,Tehri Garhwal,2018-08-25,2018,08,25.8378802,NRSC VIC MODEL
Uttarakhand,Tehri Garhwal,2018-08-28,2018,08,43.99822416,NRSC VIC MODEL
Uttarakhand,Tehri Garhwal,2018-08-30,2018,08,17.19331708,NRSC VIC MODEL
Uttarakhand,Tehri Garhwal,2018-09-02,2018,09,18.29260935,NRSC VIC MODEL
Uttarakhand,Tehri Garhwal,2018-09-07,2018,09,6.018508197,NRSC VIC MODEL
Uttarakhand,Tehri Garhwal,2018-09-21,2018,09,3.901253841,NRSC VIC MODEL
Uttarakhand,Tehri Garhwal,2018-09-22,2018,09,22.13143877,NRSC VIC MODEL
Uttarakhand,Tehri Garhwal,2018-09-25,2018,09,0.469872138,NRSC VIC MODEL
Uttarakhand,Tehri Garhwal,2018-10-03,2018,10,0.189268717,NRSC VIC MODEL
Uttarakhand,Almora,2018-07-30,2018,07,12.7567081,NRSC VIC MODEL
Uttarakhand,Almora,2018-08-04,2018,08,34.03628984,NRSC VIC MODEL
Uttarakhand,Almora,2018-08-07,2018,08,12.67482201,NRSC VIC MODEL
Uttarakhand,Almora,2018-08-10,2018,08,1.049818496,NRSC VIC MODEL
Uttarakhand,Almora,2018-08-11,2018,08,32.7047262,NRSC VIC MODEL
Uttarakhand,Almora,2018-08-12,2018,08,41.74554668,NRSC VIC MODEL
Uttarakhand,Almora,2018-08-13,2018,08,8.44558366,NRSC VIC MODEL
Uttarakhand,Almora,2018-08-18,2018,08,0.457293314,NRSC VIC MODEL
Uttarakhand,Almora,2018-09-01,2018,09,7.214546444,NRSC VIC MODEL
Uttarakhand,Almora,2018-09-06,2018,09,8.916605665,NRSC VIC MODEL
Uttarakhand,Almora,2018-09-05,2018,09,4.173172419,NRSC VIC MODEL
Uttarakhand,Almora,2018-09-09,2018,09,0.753389626,NRSC VIC MODEL
Uttarakhand,Almora,2018-09-12,2018,09,1.134979016,NRSC VIC MODEL
Uttarakhand,Almora,2018-09-13,2018,09,8.778150538,NRSC VIC MODEL
Uttarakhand,Almora,2018-09-20,2018,09,0.539017397,NRSC VIC MODEL
Uttarakhand,Almora,2018-10-03,2018,10,0,NRSC VIC MODEL
Uttarakhand,Almora,2018-10-16,2018,10,0,NRSC VIC MODEL
Uttarakhand,Almora,2018-10-30,2018,10,0,NRSC VIC MODEL
Uttarakhand,Almora,2018-11-01,2018,11,0,NRSC VIC MODEL
Uttarakhand,Almora,2018-11-02,2018,11,0,NRSC VIC MODEL
Uttarakhand,Almora,2018-11-05,2018,11,0,NRSC VIC MODEL
Uttarakhand,Almora,2018-11-20,2018,11,0,NRSC VIC MODEL
Uttarakhand,Almora,2018-11-21,2018,11,0,NRSC VIC MODEL
Uttarakhand,Almora,2018-11-29,2018,11,0,NRSC VIC MODEL
Uttarakhand,Almora,2018-11-30,2018,11,0,NRSC VIC MODEL
Uttarakhand,Almora,2018-12-05,2018,12,0,NRSC VIC MODEL
Uttarakhand,Almora,2018-12-11,2018,12,0,NRSC VIC MODEL
Uttarakhand,Almora,2018-12-15,2018,12,0,NRSC VIC MODEL
Uttarakhand,Almora,2018-12-27,2018,12,0,NRSC VIC MODEL
Uttarakhand,Bageshwar,2018-07-27,2018,07,25.91699961,NRSC VIC MODEL
Uttarakhand,Bageshwar,2018-08-03,2018,08,31.18999348,NRSC VIC MODEL
Uttarakhand,Bageshwar,2018-08-07,2018,08,19.34589114,NRSC VIC MODEL
Uttarakhand,Bageshwar,2018-08-16,2018,08,12.2769388,NRSC VIC MODEL
Uttarakhand,Bageshwar,2018-09-01,2018,09,3.710566833,NRSC VIC MODEL
Uttarakhand,Bageshwar,2018-09-09,2018,09,5.204313791,NRSC VIC MODEL
Uttarakhand,Bageshwar,2018-09-17,2018,09,0.326891358,NRSC VIC MODEL
Uttarakhand,Bageshwar,2018-09-26,2018,09,3.693591212,NRSC VIC MODEL
Uttarakhand,Bageshwar,2018-09-28,2018,09,5.877919342,NRSC VIC MODEL
Uttarakhand,Bageshwar,2018-10-03,2018,10,0.635192078,NRSC VIC MODEL
Uttarakhand,Bageshwar,2018-10-06,2018,10,0,NRSC VIC MODEL
Uttarakhand,Bageshwar,2018-10-11,2018,10,5.818151759,NRSC VIC MODEL
Uttarakhand,Bageshwar,2018-10-12,2018,10,1.70200038,NRSC VIC MODEL
Uttarakhand,Bageshwar,2018-10-09,2018,10,4.942812668,NRSC VIC MODEL
Uttarakhand,Bageshwar,2018-10-21,2018,10,0,NRSC VIC MODEL
Uttarakhand,Bageshwar,2018-11-05,2018,11,0,NRSC VIC MODEL
Uttarakhand,Bageshwar,2018-11-06,2018,11,0,NRSC VIC MODEL
Uttarakhand,Bageshwar,2018-11-09,2018,11,0.015300789,NRSC VIC MODEL
Uttarakhand,Bageshwar,2018-11-27,2018,11,0.675507682,NRSC VIC MODEL
Uttarakhand,Bageshwar,2018-11-26,2018,11,0,NRSC VIC MODEL
Uttarakhand,Bageshwar,2018-12-11,2018,12,0,NRSC VIC MODEL
Uttarakhand,Bageshwar,2018-12-14,2018,12,0,NRSC VIC MODEL
Uttarakhand,Bageshwar,2018-12-17,2018,12,0,NRSC VIC MODEL
Uttarakhand,Bageshwar,2018-12-29,2018,12,0,NRSC VIC MODEL
Uttarakhand,Bageshwar,2018-12-31,2018,12,0,NRSC VIC MODEL
Uttarakhand,Chamoli,2018-08-07,2018,08,24.17809808,NRSC VIC MODEL
Uttarakhand,Chamoli,2018-08-09,2018,08,4.138994122,NRSC VIC MODEL
Uttarakhand,Chamoli,2018-08-12,2018,08,25.20849976,NRSC VIC MODEL
Uttarakhand,Chamoli,2018-08-13,2018,08,7.388100987,NRSC VIC MODEL
Uttarakhand,Chamoli,2018-08-21,2018,08,2.269060949,NRSC VIC MODEL
Uttarakhand,Chamoli,2018-08-22,2018,08,2.900977823,NRSC VIC MODEL
Uttarakhand,Chamoli,2018-08-27,2018,08,4.599802776,NRSC VIC MODEL
Uttarakhand,Chamoli,2018-09-04,2018,09,8.844587548,NRSC VIC MODEL
Uttarakhand,Chamoli,2018-09-07,2018,09,4.180719122,NRSC VIC MODEL
Uttarakhand,Chamoli,2018-09-15,2018,09,1.815950923,NRSC VIC MODEL
Uttarakhand,Chamoli,2018-09-26,2018,09,6.764757043,NRSC VIC MODEL
Uttarakhand,Chamoli,2018-09-28,2018,09,1.444392605,NRSC VIC MODEL
Uttarakhand,Chamoli,2018-10-01,2018,10,1.577919409,NRSC VIC MODEL
Uttarakhand,Chamoli,2018-10-02,2018,10,5.16638507,NRSC VIC MODEL
Uttarakhand,Chamoli,2018-10-12,2018,10,0.271367289,NRSC VIC MODEL
Uttarakhand,Chamoli,2018-10-17,2018,10,0.127355654,NRSC VIC MODEL
Uttarakhand,Chamoli,2018-10-30,2018,10,0.17096874,NRSC VIC MODEL
Uttarakhand,Chamoli,2018-11-01,2018,11,0.290571335,NRSC VIC MODEL
Uttarakhand,Chamoli,2018-11-02,2018,11,1.863972945,NRSC VIC MODEL
Uttarakhand,Chamoli,2018-11-09,2018,11,0.071842523,NRSC VIC MODEL
Uttarakhand,Chamoli,2018-11-07,2018,11,0,NRSC VIC MODEL
Uttarakhand,Chamoli,2018-11-16,2018,11,0,NRSC VIC MODEL
Uttarakhand,Chamoli,2018-11-18,2018,11,0,NRSC VIC MODEL
Uttarakhand,Chamoli,2018-11-22,2018,11,0,NRSC VIC MODEL
Uttarakhand,Chamoli,2018-11-25,2018,11,0.029471152,NRSC VIC MODEL
Uttarakhand,Chamoli,2018-11-21,2018,11,0,NRSC VIC MODEL
Uttarakhand,Chamoli,2018-12-06,2018,12,0.004531406,NRSC VIC MODEL
Uttarakhand,Chamoli,2018-12-05,2018,12,0,NRSC VIC MODEL
Uttarakhand,Chamoli,2018-12-14,2018,12,0.178293153,NRSC VIC MODEL
Uttarakhand,Chamoli,2018-12-20,2018,12,0,NRSC VIC MODEL
Uttarakhand,Chamoli,2018-12-23,2018,12,0,NRSC VIC MODEL
Uttarakhand,Champawat,2018-07-27,2018,07,9.284285183,NRSC VIC MODEL
Uttarakhand,Champawat,2018-07-31,2018,07,20.22327263,NRSC VIC MODEL
Uttarakhand,Champawat,2018-08-03,2018,08,0.318812748,NRSC VIC MODEL
Uttarakhand,Champawat,2018-08-05,2018,08,46.18085101,NRSC VIC MODEL
Uttarakhand,Champawat,2018-08-06,2018,08,25.69715096,NRSC VIC MODEL
Uttarakhand,Champawat,2018-08-08,2018,08,2.541869791,NRSC VIC MODEL
Uttarakhand,Champawat,2018-08-15,2018,08,2.840814786,NRSC VIC MODEL
Uttarakhand,Champawat,2018-08-28,2018,08,35.90293454,NRSC VIC MODEL
Uttarakhand,Champawat,2018-09-03,2018,09,10.81949166,NRSC VIC MODEL
Uttarakhand,Champawat,2018-09-06,2018,09,12.61696771,NRSC VIC MODEL
Uttarakhand,Champawat,2018-09-07,2018,09,18.94155129,NRSC VIC MODEL
Uttarakhand,Champawat,2018-09-18,2018,09,0,NRSC VIC MODEL
Uttarakhand,Champawat,2018-09-22,2018,09,14.16940812,NRSC VIC MODEL
Uttarakhand,Champawat,2018-09-27,2018,09,0,NRSC VIC MODEL
Uttarakhand,Champawat,2018-10-03,2018,10,0,NRSC VIC MODEL
Uttarakhand,Champawat,2018-10-08,2018,10,0,NRSC VIC MODEL
Uttarakhand,Champawat,2018-10-19,2018,10,0,NRSC VIC MODEL
Uttarakhand,Champawat,2018-10-30,2018,10,0,NRSC VIC MODEL
Uttarakhand,Champawat,2018-11-13,2018,11,0,NRSC VIC MODEL
Uttarakhand,Champawat,2018-11-19,2018,11,0,NRSC VIC MODEL
Uttarakhand,Champawat,2018-11-23,2018,11,0,NRSC VIC MODEL
Uttarakhand,Champawat,2018-12-03,2018,12,0,NRSC VIC MODEL
Uttarakhand,Champawat,2018-12-05,2018,12,0,NRSC VIC MODEL
Uttarakhand,Champawat,2018-12-13,2018,12,1.362638663,NRSC VIC MODEL
Uttarakhand,Champawat,2018-12-16,2018,12,0,NRSC VIC MODEL
Uttarakhand,Champawat,2018-12-22,2018,12,0,NRSC VIC MODEL
Uttarakhand,Champawat,2018-12-20,2018,12,0,NRSC VIC MODEL
Uttarakhand,Champawat,2018-12-21,2018,12,0,NRSC VIC MODEL
Uttarakhand,Champawat,2018-12-25,2018,12,0,NRSC VIC MODEL
Uttarakhand,Champawat,2018-12-29,2018,12,0,NRSC VIC MODEL
Uttarakhand,Dehradun,2018-07-29,2018,07,4.649840971,NRSC VIC MODEL
Uttarakhand,Dehradun,2018-07-30,2018,07,15.71319322,NRSC VIC MODEL
Uttarakhand,Dehradun,2018-08-02,2018,08,28.57143499,NRSC VIC MODEL
Uttarakhand,Dehradun,2018-08-15,2018,08,2.735526844,NRSC VIC MODEL
Uttarakhand,Dehradun,2018-08-18,2018,08,4.055027577,NRSC VIC MODEL
Uttarakhand,Dehradun,2018-08-19,2018,08,28.02860208,NRSC VIC MODEL
Uttarakhand,Dehradun,2018-08-22,2018,08,45.52270658,NRSC VIC MODEL
Uttarakhand,Dehradun,2018-08-30,2018,08,33.01435859,NRSC VIC MODEL
Uttarakhand,Dehradun,2018-09-09,2018,09,12.1757553,NRSC VIC MODEL
Uttarakhand,Dehradun,2018-09-19,2018,09,0,NRSC VIC MODEL
Uttarakhand,Dehradun,2018-09-21,2018,09,4.301329572,NRSC VIC MODEL
Uttarakhand,Dehradun,2018-09-27,2018,09,0,NRSC VIC MODEL
Uttarakhand,Dehradun,2018-09-28,2018,09,0.012235249,NRSC VIC MODEL
Uttarakhand,Dehradun,2018-10-03,2018,10,0,NRSC VIC MODEL
Uttarakhand,Dehradun,2018-10-06,2018,10,0,NRSC VIC MODEL
Uttarakhand,Dehradun,2018-10-07,2018,10,0,NRSC VIC MODEL
Uttarakhand,Dehradun,2018-10-12,2018,10,0,NRSC VIC MODEL
Uttarakhand,Dehradun,2018-10-13,2018,10,0,NRSC VIC MODEL
Uttarakhand,Dehradun,2018-10-08,2018,10,0,NRSC VIC MODEL
Uttarakhand,Dehradun,2018-10-25,2018,10,0,NRSC VIC MODEL
Uttarakhand,Dehradun,2018-10-28,2018,10,0,NRSC VIC MODEL
Uttarakhand,Dehradun,2018-11-07,2018,11,0,NRSC VIC MODEL
Uttarakhand,Dehradun,2018-11-11,2018,11,0,NRSC VIC MODEL
Uttarakhand,Dehradun,2018-11-10,2018,11,0,NRSC VIC MODEL
Uttarakhand,Dehradun,2018-11-15,2018,11,3.771384462,NRSC VIC MODEL
Uttarakhand,Dehradun,2018-11-17,2018,11,0,NRSC VIC MODEL
Uttarakhand,Dehradun,2018-11-24,2018,11,0,NRSC VIC MODEL
Uttarakhand,Dehradun,2018-11-26,2018,11,0,NRSC VIC MODEL
Uttarakhand,Dehradun,2018-12-04,2018,12,0.026101864,NRSC VIC MODEL
Uttarakhand,Dehradun,2018-12-06,2018,12,0,NRSC VIC MODEL
Uttarakhand,Dehradun,2018-12-05,2018,12,0,NRSC VIC MODEL
Uttarakhand,Dehradun,2018-12-07,2018,12,0,NRSC VIC MODEL
Uttarakhand,Tehri Garhwal,2018-10-07,2018,10,0.005475587,NRSC VIC MODEL
Uttarakhand,Tehri Garhwal,2018-10-15,2018,10,0.017754796,NRSC VIC MODEL
Uttarakhand,Tehri Garhwal,2018-10-16,2018,10,0,NRSC VIC MODEL
Uttarakhand,Tehri Garhwal,2018-10-19,2018,10,0,NRSC VIC MODEL
Uttarakhand,Tehri Garhwal,2018-10-24,2018,10,0,NRSC VIC MODEL
Uttarakhand,Tehri Garhwal,2018-10-26,2018,10,0,NRSC VIC MODEL
Uttarakhand,Tehri Garhwal,2018-11-13,2018,11,0.536798254,NRSC VIC MODEL
Uttarakhand,Tehri Garhwal,2018-11-19,2018,11,0,NRSC VIC MODEL
Uttarakhand,Tehri Garhwal,2018-11-20,2018,11,0,NRSC VIC MODEL
Uttarakhand,Tehri Garhwal,2018-11-22,2018,11,0,NRSC VIC MODEL
Uttarakhand,Tehri Garhwal,2018-11-23,2018,11,0,NRSC VIC MODEL
Uttarakhand,Tehri Garhwal,2018-11-24,2018,11,0,NRSC VIC MODEL
Uttarakhand,Tehri Garhwal,2018-11-27,2018,11,0.104281335,NRSC VIC MODEL
Uttarakhand,Tehri Garhwal,2018-12-07,2018,12,0,NRSC VIC MODEL
Uttarakhand,Tehri Garhwal,2018-12-09,2018,12,0,NRSC VIC MODEL
Uttarakhand,Tehri Garhwal,2018-12-11,2018,12,0.015405197,NRSC VIC MODEL
Uttarakhand,Tehri Garhwal,2018-12-16,2018,12,0,NRSC VIC MODEL
Uttarakhand,Tehri Garhwal,2018-12-17,2018,12,0,NRSC VIC MODEL
Uttarakhand,Tehri Garhwal,2018-12-23,2018,12,0,NRSC VIC MODEL
Uttarakhand,Tehri Garhwal,2018-12-26,2018,12,0.018660584,NRSC VIC MODEL
Uttarakhand,Tehri Garhwal,2018-12-25,2018,12,0,NRSC VIC MODEL
Uttarakhand,Udam Singh Nagar,2018-08-04,2018,08,56.51374066,NRSC VIC MODEL
Uttarakhand,Udam Singh Nagar,2018-08-13,2018,08,22.12810106,NRSC VIC MODEL
Uttarakhand,Udam Singh Nagar,2018-08-19,2018,08,2.886444961,NRSC VIC MODEL
Uttarakhand,Udam Singh Nagar,2018-08-25,2018,08,48.99239104,NRSC VIC MODEL
Uttarakhand,Udam Singh Nagar,2018-08-27,2018,08,11.25919681,NRSC VIC MODEL
Uttarakhand,Udam Singh Nagar,2018-08-26,2018,08,31.88804214,NRSC VIC MODEL
Uttarakhand,Udam Singh Nagar,2018-09-05,2018,09,1.954565037,NRSC VIC MODEL
Uttarakhand,Udam Singh Nagar,2018-09-12,2018,09,3.40884259,NRSC VIC MODEL
Uttarakhand,Udam Singh Nagar,2018-09-24,2018,09,93.40575911,NRSC VIC MODEL
Uttarakhand,Udam Singh Nagar,2018-09-29,2018,09,0,NRSC VIC MODEL
Uttarakhand,Udam Singh Nagar,2018-10-08,2018,10,0,NRSC VIC MODEL
Uttarakhand,Udam Singh Nagar,2018-10-10,2018,10,0,NRSC VIC MODEL
Uttarakhand,Udam Singh Nagar,2018-10-17,2018,10,0,NRSC VIC MODEL
Uttarakhand,Udam Singh Nagar,2018-10-27,2018,10,0,NRSC VIC MODEL
Uttarakhand,Udam Singh Nagar,2018-11-13,2018,11,0,NRSC VIC MODEL
Uttarakhand,Udam Singh Nagar,2018-11-10,2018,11,0,NRSC VIC MODEL
Uttarakhand,Udam Singh Nagar,2018-11-28,2018,11,0,NRSC VIC MODEL
Uttarakhand,Udam Singh Nagar,2018-12-07,2018,12,0,NRSC VIC MODEL
Uttarakhand,Udam Singh Nagar,2018-12-08,2018,12,0,NRSC VIC MODEL
Uttarakhand,Udam Singh Nagar,2018-12-10,2018,12,0,NRSC VIC MODEL
Uttarakhand,Udam Singh Nagar,2018-12-11,2018,12,0,NRSC VIC MODEL
Uttarakhand,Udam Singh Nagar,2018-12-22,2018,12,0,NRSC VIC MODEL
Uttarakhand,Udam Singh Nagar,2018-11-02,2018,11,0,NRSC VIC MODEL
Uttarakhand,Uttar Kashi,2018-07-30,2018,07,14.6012195,NRSC VIC MODEL
Uttarakhand,Uttar Kashi,2018-07-28,2018,07,34.02180355,NRSC VIC MODEL
Uttarakhand,Uttar Kashi,2018-08-01,2018,08,2.485837704,NRSC VIC MODEL
Uttarakhand,Uttar Kashi,2018-08-15,2018,08,6.032235542,NRSC VIC MODEL
Uttarakhand,Uttar Kashi,2018-08-27,2018,08,2.471965631,NRSC VIC MODEL
Uttarakhand,Uttar Kashi,2018-08-30,2018,08,8.554013924,NRSC VIC MODEL
Uttarakhand,Uttar Kashi,2018-09-01,2018,09,4.091160323,NRSC VIC MODEL
Uttarakhand,Uttar Kashi,2018-09-03,2018,09,37.16881372,NRSC VIC MODEL
Uttarakhand,Uttar Kashi,2018-09-07,2018,09,7.671876781,NRSC VIC MODEL
Uttarakhand,Uttar Kashi,2018-09-11,2018,09,1.711164348,NRSC VIC MODEL
Uttarakhand,Uttar Kashi,2018-09-13,2018,09,6.840862639,NRSC VIC MODEL
Uttarakhand,Uttar Kashi,2018-09-19,2018,09,1.080114383,NRSC VIC MODEL
Uttarakhand,Uttar Kashi,2018-09-20,2018,09,4.651937721,NRSC VIC MODEL
Uttarakhand,Uttar Kashi,2018-09-27,2018,09,1.477807019,NRSC VIC MODEL
Uttarakhand,Uttar Kashi,2018-10-02,2018,10,2.043573322,NRSC VIC MODEL
Uttarakhand,Uttar Kashi,2018-10-19,2018,10,0.074717467,NRSC VIC MODEL
Uttarakhand,Uttar Kashi,2018-10-26,2018,10,0,NRSC VIC MODEL
Uttarakhand,Uttar Kashi,2018-10-27,2018,10,0.088825054,NRSC VIC MODEL
Uttarakhand,Uttar Kashi,2018-10-28,2018,10,0.047915375,NRSC VIC MODEL
Uttarakhand,Uttar Kashi,2018-11-02,2018,11,9.825176145,NRSC VIC MODEL
Uttarakhand,Uttar Kashi,2018-11-08,2018,11,0.002932308,NRSC VIC MODEL
Uttarakhand,Uttar Kashi,2018-11-16,2018,11,0,NRSC VIC MODEL
Uttarakhand,Uttar Kashi,2018-11-26,2018,11,0.180957248,NRSC VIC MODEL
Uttarakhand,Uttar Kashi,2018-12-06,2018,12,0,NRSC VIC MODEL
Uttarakhand,Uttar Kashi,2018-12-07,2018,12,0,NRSC VIC MODEL
Uttarakhand,Uttar Kashi,2018-12-11,2018,12,0.11726579,NRSC VIC MODEL
Uttarakhand,Uttar Kashi,2018-12-18,2018,12,0,NRSC VIC MODEL
Uttarakhand,Uttar Kashi,2018-12-20,2018,12,0,NRSC VIC MODEL
Uttarakhand,Uttar Kashi,2018-12-27,2018,12,0.24947839,NRSC VIC MODEL
Uttarakhand,Almora,2018-07-26,2018,07,12.88987641,NRSC VIC MODEL
Uttarakhand,Almora,2018-07-28,2018,07,39.02201316,NRSC VIC MODEL
Uttarakhand,Almora,2018-08-15,2018,08,2.338763501,NRSC VIC MODEL
Uttarakhand,Almora,2018-08-19,2018,08,6.984654825,NRSC VIC MODEL
Uttarakhand,Almora,2018-08-25,2018,08,67.8816315,NRSC VIC MODEL
Uttarakhand,Almora,2018-08-27,2018,08,7.792592547,NRSC VIC MODEL
Uttarakhand,Almora,2018-08-28,2018,08,31.36530055,NRSC VIC MODEL
Uttarakhand,Almora,2018-08-29,2018,08,5.840978129,NRSC VIC MODEL
Uttarakhand,Almora,2018-09-04,2018,09,10.90386352,NRSC VIC MODEL
Uttarakhand,Almora,2018-09-11,2018,09,2.566753569,NRSC VIC MODEL
Uttarakhand,Almora,2018-09-14,2018,09,0.052936468,NRSC VIC MODEL
Uttarakhand,Almora,2018-09-18,2018,09,0,NRSC VIC MODEL
Uttarakhand,Almora,2018-09-23,2018,09,39.1062357,NRSC VIC MODEL
Uttarakhand,Almora,2018-10-01,2018,10,0,NRSC VIC MODEL
Uttarakhand,Almora,2018-10-02,2018,10,0,NRSC VIC MODEL
Uttarakhand,Almora,2018-10-04,2018,10,0.00670233,NRSC VIC MODEL
Uttarakhand,Almora,2018-10-07,2018,10,0,NRSC VIC MODEL
Uttarakhand,Almora,2018-10-10,2018,10,0,NRSC VIC MODEL
Uttarakhand,Almora,2018-10-15,2018,10,0,NRSC VIC MODEL
Uttarakhand,Almora,2018-10-18,2018,10,0,NRSC VIC MODEL
Uttarakhand,Almora,2018-11-08,2018,11,0,NRSC VIC MODEL
Uttarakhand,Almora,2018-11-11,2018,11,0,NRSC VIC MODEL
Uttarakhand,Almora,2018-11-13,2018,11,0,NRSC VIC MODEL
Uttarakhand,Almora,2018-11-18,2018,11,0.026766684,NRSC VIC MODEL
Uttarakhand,Almora,2018-11-22,2018,11,0,NRSC VIC MODEL
Uttarakhand,Almora,2018-11-27,2018,11,0,NRSC VIC MODEL
Uttarakhand,Almora,2018-11-26,2018,11,0,NRSC VIC MODEL
Uttarakhand,Almora,2018-11-28,2018,11,0,NRSC VIC MODEL
Uttarakhand,Almora,2018-12-09,2018,12,0,NRSC VIC MODEL
Uttarakhand,Almora,2018-12-12,2018,12,0.128265198,NRSC VIC MODEL
Uttarakhand,Almora,2018-12-13,2018,12,0.501378613,NRSC VIC MODEL
Uttarakhand,Almora,2018-12-16,2018,12,0,NRSC VIC MODEL
Uttarakhand,Almora,2018-12-17,2018,12,0,NRSC VIC MODEL
Uttarakhand,Almora,2018-12-24,2018,12,0,NRSC VIC MODEL
Uttarakhand,Almora,2018-12-26,2018,12,0,NRSC VIC MODEL
Uttarakhand,Almora,2018-12-28,2018,12,0,NRSC VIC MODEL
Uttarakhand,Bageshwar,2018-07-24,2018,07,7.976220912,NRSC VIC MODEL
Uttarakhand,Bageshwar,2018-07-25,2018,07,44.73090423,NRSC VIC MODEL
Uttarakhand,Bageshwar,2018-07-26,2018,07,12.46624269,NRSC VIC MODEL
Uttarakhand,Bageshwar,2018-08-01,2018,08,2.570735847,NRSC VIC MODEL
Uttarakhand,Bageshwar,2018-08-04,2018,08,50.34436756,NRSC VIC MODEL
Uttarakhand,Bageshwar,2018-08-12,2018,08,45.31338694,NRSC VIC MODEL
Uttarakhand,Bageshwar,2018-08-14,2018,08,2.25415667,NRSC VIC MODEL
Uttarakhand,Bageshwar,2018-08-18,2018,08,2.648137021,NRSC VIC MODEL
Uttarakhand,Bageshwar,2018-08-17,2018,08,17.30023912,NRSC VIC MODEL
Uttarakhand,Bageshwar,2018-08-20,2018,08,3.930663711,NRSC VIC MODEL
Uttarakhand,Bageshwar,2018-08-22,2018,08,11.21416206,NRSC VIC MODEL
Uttarakhand,Bageshwar,2018-08-31,2018,08,8.595896866,NRSC VIC MODEL
Uttarakhand,Bageshwar,2018-08-30,2018,08,9.196288324,NRSC VIC MODEL
Uttarakhand,Bageshwar,2018-09-04,2018,09,12.40353219,NRSC VIC MODEL
Uttarakhand,Bageshwar,2018-09-14,2018,09,0.93109904,NRSC VIC MODEL
Uttarakhand,Bageshwar,2018-09-18,2018,09,2.837859621,NRSC VIC MODEL
Uttarakhand,Bageshwar,2018-09-27,2018,09,0.482088488,NRSC VIC MODEL
Uttarakhand,Bageshwar,2018-09-29,2018,09,3.284633076,NRSC VIC MODEL
Uttarakhand,Bageshwar,2018-09-30,2018,09,5.096215335,NRSC VIC MODEL
Uttarakhand,Bageshwar,2018-10-13,2018,10,0.626147984,NRSC VIC MODEL
Uttarakhand,Bageshwar,2018-10-18,2018,10,0.00550302,NRSC VIC MODEL
Uttarakhand,Bageshwar,2018-10-19,2018,10,0.169875838,NRSC VIC MODEL
Uttarakhand,Bageshwar,2018-10-26,2018,10,0.015097416,NRSC VIC MODEL
Uttarakhand,Bageshwar,2018-10-29,2018,10,1.170384711,NRSC VIC MODEL
Uttarakhand,Bageshwar,2018-10-31,2018,10,0,NRSC VIC MODEL
Uttarakhand,Bageshwar,2018-11-15,2018,11,0,NRSC VIC MODEL
Uttarakhand,Bageshwar,2018-11-18,2018,11,0,NRSC VIC MODEL
Uttarakhand,Bageshwar,2018-11-19,2018,11,0,NRSC VIC MODEL
Uttarakhand,Bageshwar,2018-11-21,2018,11,0,NRSC VIC MODEL
Uttarakhand,Bageshwar,2018-11-29,2018,11,0,NRSC VIC MODEL
Uttarakhand,Bageshwar,2018-12-04,2018,12,0,NRSC VIC MODEL
Uttarakhand,Bageshwar,2018-12-12,2018,12,0.042911594,NRSC VIC MODEL
Uttarakhand,Bageshwar,2018-12-15,2018,12,0,NRSC VIC MODEL
Uttarakhand,Bageshwar,2018-12-16,2018,12,0,NRSC VIC MODEL
Uttarakhand,Bageshwar,2018-12-20,2018,12,0,NRSC VIC MODEL
Uttarakhand,Bageshwar,2018-12-21,2018,12,0,NRSC VIC MODEL
Uttarakhand,Chamoli,2018-07-26,2018,07,8.913157389,NRSC VIC MODEL
Uttarakhand,Chamoli,2018-08-02,2018,08,3.236567252,NRSC VIC MODEL
Uttarakhand,Chamoli,2018-08-19,2018,08,9.441501689,NRSC VIC MODEL
Uttarakhand,Chamoli,2018-08-28,2018,08,12.43744854,NRSC VIC MODEL
Uttarakhand,Chamoli,2018-09-06,2018,09,6.799171238,NRSC VIC MODEL
Uttarakhand,Chamoli,2018-09-08,2018,09,2.858463569,NRSC VIC MODEL
Uttarakhand,Chamoli,2018-09-13,2018,09,7.648190789,NRSC VIC MODEL
Uttarakhand,Chamoli,2018-09-14,2018,09,0.669716016,NRSC VIC MODEL
Uttarakhand,Chamoli,2018-09-21,2018,09,3.654667741,NRSC VIC MODEL
Uttarakhand,Chamoli,2018-09-24,2018,09,31.88824531,NRSC VIC MODEL
Uttarakhand,Chamoli,2018-09-29,2018,09,2.461063988,NRSC VIC MODEL
Uttarakhand,Chamoli,2018-09-30,2018,09,3.336305821,NRSC VIC MODEL
Uttarakhand,Chamoli,2018-10-15,2018,10,0.165471178,NRSC VIC MODEL
Uttarakhand,Chamoli,2018-10-20,2018,10,0,NRSC VIC MODEL
Uttarakhand,Chamoli,2018-10-24,2018,10,0,NRSC VIC MODEL
Uttarakhand,Chamoli,2018-10-25,2018,10,0.071706445,NRSC VIC MODEL
Uttarakhand,Chamoli,2018-11-11,2018,11,0,NRSC VIC MODEL
Uttarakhand,Chamoli,2018-11-10,2018,11,0.001187283,NRSC VIC MODEL
Uttarakhand,Chamoli,2018-12-01,2018,12,0.073805452,NRSC VIC MODEL
Uttarakhand,Chamoli,2018-12-02,2018,12,0,NRSC VIC MODEL
Uttarakhand,Chamoli,2018-12-18,2018,12,0,NRSC VIC MODEL
Uttarakhand,Chamoli,2018-12-24,2018,12,0,NRSC VIC MODEL
Uttarakhand,Chamoli,2018-12-26,2018,12,0.42823832,NRSC VIC MODEL
Uttarakhand,Chamoli,2018-12-27,2018,12,0.68797772,NRSC VIC MODEL
Uttarakhand,Champawat,2018-07-24,2018,07,22.14744557,NRSC VIC MODEL
Uttarakhand,Champawat,2018-08-04,2018,08,52.14609468,NRSC VIC MODEL
Uttarakhand,Champawat,2018-08-10,2018,08,3.325603208,NRSC VIC MODEL
Uttarakhand,Champawat,2018-08-11,2018,08,38.6685868,NRSC VIC MODEL
Uttarakhand,Champawat,2018-08-12,2018,08,73.41400011,NRSC VIC MODEL
Uttarakhand,Champawat,2018-08-13,2018,08,19.13037869,NRSC VIC MODEL
Uttarakhand,Champawat,2018-08-18,2018,08,2.604213433,NRSC VIC MODEL
Uttarakhand,Champawat,2018-08-17,2018,08,18.89627413,NRSC VIC MODEL
Uttarakhand,Champawat,2018-08-22,2018,08,6.767733457,NRSC VIC MODEL
Uttarakhand,Champawat,2018-08-24,2018,08,49.847936,NRSC VIC MODEL
Uttarakhand,Champawat,2018-08-23,2018,08,26.59142825,NRSC VIC MODEL
Uttarakhand,Champawat,2018-08-29,2018,08,4.135735617,NRSC VIC MODEL
Uttarakhand,Champawat,2018-09-09,2018,09,0.549674528,NRSC VIC MODEL
Uttarakhand,Champawat,2018-09-13,2018,09,7.561865093,NRSC VIC MODEL
Uttarakhand,Champawat,2018-09-14,2018,09,0.00330368,NRSC VIC MODEL
Uttarakhand,Champawat,2018-09-19,2018,09,0,NRSC VIC MODEL
Uttarakhand,Champawat,2018-09-30,2018,09,0,NRSC VIC MODEL
Uttarakhand,Champawat,2018-10-10,2018,10,0,NRSC VIC MODEL
Uttarakhand,Champawat,2018-10-15,2018,10,0,NRSC VIC MODEL
Uttarakhand,Champawat,2018-10-16,2018,10,0,NRSC VIC MODEL
Uttarakhand,Champawat,2018-10-17,2018,10,0,NRSC VIC MODEL
Uttarakhand,Champawat,2018-10-18,2018,10,0,NRSC VIC MODEL
Uttarakhand,Champawat,2018-10-28,2018,10,0,NRSC VIC MODEL
Uttarakhand,Champawat,2018-10-29,2018,10,0,NRSC VIC MODEL
Uttarakhand,Champawat,2018-11-11,2018,11,0,NRSC VIC MODEL
Uttarakhand,Champawat,2018-11-14,2018,11,0.157115112,NRSC VIC MODEL
Uttarakhand,Champawat,2018-11-16,2018,11,0,NRSC VIC MODEL
Uttarakhand,Champawat,2018-11-20,2018,11,0,NRSC VIC MODEL
Uttarakhand,Champawat,2018-11-21,2018,11,0,NRSC VIC MODEL
Uttarakhand,Champawat,2018-11-30,2018,11,0,NRSC VIC MODEL
Uttarakhand,Champawat,2018-12-04,2018,12,0,NRSC VIC MODEL
Uttarakhand,Champawat,2018-12-09,2018,12,0,NRSC VIC MODEL
Uttarakhand,Champawat,2018-12-10,2018,12,0,NRSC VIC MODEL
Uttarakhand,Champawat,2018-12-23,2018,12,0,NRSC VIC MODEL
Uttarakhand,Champawat,2018-12-24,2018,12,0,NRSC VIC MODEL
Uttarakhand,Champawat,2018-12-28,2018,12,0,NRSC VIC MODEL
Uttarakhand,Dehradun,2018-07-31,2018,07,18.57942687,NRSC VIC MODEL
Uttarakhand,Dehradun,2018-08-05,2018,08,83.38411259,NRSC VIC MODEL
Uttarakhand,Dehradun,2018-08-04,2018,08,17.09869561,NRSC VIC MODEL
Uttarakhand,Dehradun,2018-08-12,2018,08,95.82556598,NRSC VIC MODEL
Uttarakhand,Dehradun,2018-08-13,2018,08,18.10409819,NRSC VIC MODEL
Uttarakhand,Dehradun,2018-08-14,2018,08,3.53159076,NRSC VIC MODEL
Uttarakhand,Dehradun,2018-08-25,2018,08,31.42804357,NRSC VIC MODEL
Uttarakhand,Dehradun,2018-08-29,2018,08,18.91954961,NRSC VIC MODEL
Uttarakhand,Dehradun,2018-09-02,2018,09,21.58683382,NRSC VIC MODEL
Uttarakhand,Dehradun,2018-09-04,2018,09,47.72663978,NRSC VIC MODEL
Uttarakhand,Dehradun,2018-09-06,2018,09,24.32545167,NRSC VIC MODEL
Uttarakhand,Dehradun,2018-09-11,2018,09,1.619903992,NRSC VIC MODEL
Uttarakhand,Dehradun,2018-09-12,2018,09,1.219601001,NRSC VIC MODEL
Uttarakhand,Dehradun,2018-09-14,2018,09,0.04374638,NRSC VIC MODEL
Uttarakhand,Dehradun,2018-09-22,2018,09,39.4570885,NRSC VIC MODEL
Uttarakhand,Dehradun,2018-09-26,2018,09,0,NRSC VIC MODEL
Uttarakhand,Dehradun,2018-10-05,2018,10,0,NRSC VIC MODEL
Uttarakhand,Dehradun,2018-10-14,2018,10,0,NRSC VIC MODEL
Uttarakhand,Dehradun,2018-10-16,2018,10,0,NRSC VIC MODEL
Uttarakhand,Dehradun,2018-10-20,2018,10,0,NRSC VIC MODEL
Uttarakhand,Dehradun,2018-10-22,2018,10,0,NRSC VIC MODEL
Uttarakhand,Dehradun,2018-10-18,2018,10,0,NRSC VIC MODEL
Uttarakhand,Dehradun,2018-10-26,2018,10,0,NRSC VIC MODEL
Uttarakhand,Dehradun,2018-11-01,2018,11,0,NRSC VIC MODEL
Uttarakhand,Dehradun,2018-11-05,2018,11,0,NRSC VIC MODEL
Uttarakhand,Dehradun,2018-11-09,2018,11,0,NRSC VIC MODEL
Uttarakhand,Dehradun,2018-11-23,2018,11,0,NRSC VIC MODEL
Uttarakhand,Dehradun,2018-11-25,2018,11,0,NRSC VIC MODEL
Uttarakhand,Dehradun,2018-11-29,2018,11,0,NRSC VIC MODEL
Uttarakhand,Dehradun,2018-12-03,2018,12,0,NRSC VIC MODEL
Uttarakhand,Dehradun,2018-12-09,2018,12,0,NRSC VIC MODEL
Uttarakhand,Dehradun,2018-12-11,2018,12,0.264599058,NRSC VIC MODEL
Uttarakhand,Dehradun,2018-12-14,2018,12,0.378442681,NRSC VIC MODEL
Uttarakhand,Dehradun,2018-12-18,2018,12,0,NRSC VIC MODEL
Uttarakhand,Dehradun,2018-12-21,2018,12,0,NRSC VIC MODEL
Uttarakhand,Dehradun,2018-12-28,2018,12,0,NRSC VIC MODEL
Uttarakhand,Dehradun,2018-12-29,2018,12,0,NRSC VIC MODEL
Uttarakhand,Haridwar,2018-07-24,2018,07,4.822927523,NRSC VIC MODEL
Uttarakhand,Haridwar,2018-07-26,2018,07,58.86675127,NRSC VIC MODEL
Uttarakhand,Haridwar,2018-07-31,2018,07,13.39762615,NRSC VIC MODEL
Uttarakhand,Haridwar,2018-08-06,2018,08,9.158285649,NRSC VIC MODEL
Uttarakhand,Haridwar,2018-08-12,2018,08,100.6791293,NRSC VIC MODEL
Uttarakhand,Haridwar,2018-08-15,2018,08,3.419204593,NRSC VIC MODEL
Uttarakhand,Haridwar,2018-09-01,2018,09,7.697354265,NRSC VIC MODEL
Uttarakhand,Haridwar,2018-09-04,2018,09,16.88267775,NRSC VIC MODEL
Uttarakhand,Haridwar,2018-09-03,2018,09,53.56559427,NRSC VIC MODEL
Uttarakhand,Haridwar,2018-09-08,2018,09,3.735207074,NRSC VIC MODEL
Uttarakhand,Haridwar,2018-09-22,2018,09,6.441749097,NRSC VIC MODEL
Uttarakhand,Haridwar,2018-10-07,2018,10,0,NRSC VIC MODEL
Uttarakhand,Haridwar,2018-10-11,2018,10,8.693510794,NRSC VIC MODEL
Uttarakhand,Haridwar,2018-10-13,2018,10,0,NRSC VIC MODEL
Uttarakhand,Haridwar,2018-10-16,2018,10,0,NRSC VIC MODEL
Uttarakhand,Haridwar,2018-10-18,2018,10,0,NRSC VIC MODEL
Uttarakhand,Haridwar,2018-10-24,2018,10,0,NRSC VIC MODEL
Uttarakhand,Haridwar,2018-10-26,2018,10,0,NRSC VIC MODEL
Uttarakhand,Haridwar,2018-10-30,2018,10,0,NRSC VIC MODEL
Uttarakhand,Haridwar,2018-11-03,2018,11,1.093027485,NRSC VIC MODEL
Uttarakhand,Haridwar,2018-11-12,2018,11,0.006312335,NRSC VIC MODEL
Uttarakhand,Haridwar,2018-11-10,2018,11,0,NRSC VIC MODEL
Uttarakhand,Haridwar,2018-11-18,2018,11,0,NRSC VIC MODEL
Uttarakhand,Haridwar,2018-11-23,2018,11,0,NRSC VIC MODEL
Uttarakhand,Haridwar,2018-11-30,2018,11,0,NRSC VIC MODEL
Uttarakhand,Haridwar,2018-12-06,2018,12,0,NRSC VIC MODEL
Uttarakhand,Haridwar,2018-12-05,2018,12,0,NRSC VIC MODEL
Uttarakhand,Haridwar,2018-12-19,2018,12,0,NRSC VIC MODEL
Uttarakhand,Haridwar,2018-12-27,2018,12,0,NRSC VIC MODEL
Uttarakhand,Haridwar,2018-12-29,2018,12,0,NRSC VIC MODEL
Uttarakhand,Haridwar,2018-12-31,2018,12,0,NRSC VIC MODEL
Uttarakhand,Nainital,2018-07-24,2018,07,36.51175633,NRSC VIC MODEL
Uttarakhand,Nainital,2018-07-29,2018,07,17.9695047,NRSC VIC MODEL
Uttarakhand,Nainital,2018-07-30,2018,07,18.34305378,NRSC VIC MODEL
Uttarakhand,Nainital,2018-08-01,2018,08,6.784883479,NRSC VIC MODEL
Uttarakhand,Nainital,2018-08-05,2018,08,36.44137898,NRSC VIC MODEL
Uttarakhand,Nainital,2018-08-11,2018,08,26.60907276,NRSC VIC MODEL
Uttarakhand,Nainital,2018-08-15,2018,08,1.328028345,NRSC VIC MODEL
Uttarakhand,Nainital,2018-08-18,2018,08,0.538482495,NRSC VIC MODEL
Uttarakhand,Nainital,2018-08-24,2018,08,67.97505796,NRSC VIC MODEL
Uttarakhand,Nainital,2018-08-28,2018,08,32.26104423,NRSC VIC MODEL
Uttarakhand,Nainital,2018-08-30,2018,08,42.37450228,NRSC VIC MODEL
Uttarakhand,Nainital,2018-09-02,2018,09,14.20090306,NRSC VIC MODEL
Uttarakhand,Nainital,2018-09-04,2018,09,9.313974904,NRSC VIC MODEL
Uttarakhand,Nainital,2018-09-09,2018,09,0.427107916,NRSC VIC MODEL
Uttarakhand,Nainital,2018-09-12,2018,09,1.587855138,NRSC VIC MODEL
Uttarakhand,Nainital,2018-09-14,2018,09,0,NRSC VIC MODEL
Uttarakhand,Nainital,2018-09-16,2018,09,0.005424021,NRSC VIC MODEL
Uttarakhand,Nainital,2018-09-21,2018,09,1.771860326,NRSC VIC MODEL
Uttarakhand,Nainital,2018-09-25,2018,09,0,NRSC VIC MODEL
Uttarakhand,Nainital,2018-09-29,2018,09,0,NRSC VIC MODEL
Uttarakhand,Nainital,2018-09-30,2018,09,0,NRSC VIC MODEL
Uttarakhand,Nainital,2018-10-02,2018,10,0,NRSC VIC MODEL
Uttarakhand,Nainital,2018-10-03,2018,10,0,NRSC VIC MODEL
Uttarakhand,Nainital,2018-10-12,2018,10,0,NRSC VIC MODEL
Uttarakhand,Nainital,2018-10-19,2018,10,0,NRSC VIC MODEL
Uttarakhand,Nainital,2018-10-17,2018,10,0,NRSC VIC MODEL
Uttarakhand,Nainital,2018-10-30,2018,10,0,NRSC VIC MODEL
Uttarakhand,Nainital,2018-10-31,2018,10,0,NRSC VIC MODEL
Uttarakhand,Nainital,2018-10-23,2018,10,0,NRSC VIC MODEL
Uttarakhand,Nainital,2018-11-06,2018,11,0,NRSC VIC MODEL
Uttarakhand,Nainital,2018-11-07,2018,11,0,NRSC VIC MODEL
Uttarakhand,Nainital,2018-11-14,2018,11,0.01300011,NRSC VIC MODEL
Uttarakhand,Nainital,2018-11-16,2018,11,0,NRSC VIC MODEL
Uttarakhand,Nainital,2018-11-18,2018,11,0.037266532,NRSC VIC MODEL
Uttarakhand,Nainital,2018-12-01,2018,12,0,NRSC VIC MODEL
Uttarakhand,Nainital,2018-12-12,2018,12,0.035391062,NRSC VIC MODEL
Uttarakhand,Nainital,2018-12-10,2018,12,0,NRSC VIC MODEL
Uttarakhand,Nainital,2018-12-13,2018,12,2.227491575,NRSC VIC MODEL
Uttarakhand,Nainital,2018-12-14,2018,12,0,NRSC VIC MODEL
Uttarakhand,Nainital,2018-12-17,2018,12,0,NRSC VIC MODEL
Uttarakhand,Nainital,2018-12-21,2018,12,0,NRSC VIC MODEL
Uttarakhand,Nainital,2018-12-27,2018,12,0,NRSC VIC MODEL
Uttarakhand,Nainital,2018-12-25,2018,12,0,NRSC VIC MODEL
Uttarakhand,Pauri Garhwal,2018-07-25,2018,07,22.43217045,NRSC VIC MODEL
Uttarakhand,Pauri Garhwal,2018-07-26,2018,07,18.68198278,NRSC VIC MODEL
Uttarakhand,Pauri Garhwal,2018-07-28,2018,07,71.64596512,NRSC VIC MODEL
Uttarakhand,Pauri Garhwal,2018-08-01,2018,08,6.968543857,NRSC VIC MODEL
Uttarakhand,Pauri Garhwal,2018-08-07,2018,08,7.126724432,NRSC VIC MODEL
Uttarakhand,Pauri Garhwal,2018-08-13,2018,08,17.43924114,NRSC VIC MODEL
Uttarakhand,Pauri Garhwal,2018-08-25,2018,08,46.92659988,NRSC VIC MODEL
Uttarakhand,Pauri Garhwal,2018-09-14,2018,09,0.00552111,NRSC VIC MODEL
Uttarakhand,Pauri Garhwal,2018-09-17,2018,09,0,NRSC VIC MODEL
Uttarakhand,Pauri Garhwal,2018-09-22,2018,09,8.994522696,NRSC VIC MODEL
Uttarakhand,Pauri Garhwal,2018-09-25,2018,09,0,NRSC VIC MODEL
Uttarakhand,Pauri Garhwal,2018-09-24,2018,09,93.62587602,NRSC VIC MODEL
Uttarakhand,Pauri Garhwal,2018-09-26,2018,09,0,NRSC VIC MODEL
Uttarakhand,Pauri Garhwal,2018-09-29,2018,09,0,NRSC VIC MODEL
Uttarakhand,Pauri Garhwal,2018-10-02,2018,10,0,NRSC VIC MODEL
Uttarakhand,Pauri Garhwal,2018-10-11,2018,10,14.00373142,NRSC VIC MODEL
Uttarakhand,Pauri Garhwal,2018-10-14,2018,10,0,NRSC VIC MODEL
Uttarakhand,Pauri Garhwal,2018-10-19,2018,10,0,NRSC VIC MODEL
Uttarakhand,Pauri Garhwal,2018-10-25,2018,10,0,NRSC VIC MODEL
Uttarakhand,Pauri Garhwal,2018-10-26,2018,10,0,NRSC VIC MODEL
Uttarakhand,Pauri Garhwal,2018-10-28,2018,10,0,NRSC VIC MODEL
Uttarakhand,Pauri Garhwal,2018-10-30,2018,10,0,NRSC VIC MODEL
Uttarakhand,Pauri Garhwal,2018-11-06,2018,11,0,NRSC VIC MODEL
Uttarakhand,Pauri Garhwal,2018-11-10,2018,11,0,NRSC VIC MODEL
Uttarakhand,Pauri Garhwal,2018-11-16,2018,11,0,NRSC VIC MODEL
Uttarakhand,Pauri Garhwal,2018-11-17,2018,11,0,NRSC VIC MODEL
Uttarakhand,Pauri Garhwal,2018-11-18,2018,11,0.003848047,NRSC VIC MODEL
Uttarakhand,Pauri Garhwal,2018-11-25,2018,11,0,NRSC VIC MODEL
Uttarakhand,Pauri Garhwal,2018-11-26,2018,11,0,NRSC VIC MODEL
Uttarakhand,Pauri Garhwal,2018-12-13,2018,12,3.77889339,NRSC VIC MODEL
Uttarakhand,Pauri Garhwal,2018-12-17,2018,12,0,NRSC VIC MODEL
Uttarakhand,Pauri Garhwal,2018-12-21,2018,12,0,NRSC VIC MODEL
Uttarakhand,Pauri Garhwal,2018-12-28,2018,12,0,NRSC VIC MODEL
Uttarakhand,Pauri Garhwal,2018-12-29,2018,12,0,NRSC VIC MODEL
Uttarakhand,Pithoragarh,2018-07-31,2018,07,6.652959087,NRSC VIC MODEL
Uttarakhand,Pithoragarh,2018-08-09,2018,08,5.772645599,NRSC VIC MODEL
Uttarakhand,Pithoragarh,2018-08-19,2018,08,4.714406699,NRSC VIC MODEL
Uttarakhand,Pithoragarh,2018-08-22,2018,08,5.969382801,NRSC VIC MODEL
Uttarakhand,Pithoragarh,2018-09-02,2018,09,4.12002208,NRSC VIC MODEL
Uttarakhand,Pithoragarh,2018-09-06,2018,09,7.567631605,NRSC VIC MODEL
Uttarakhand,Pithoragarh,2018-09-07,2018,09,3.460320593,NRSC VIC MODEL
Uttarakhand,Pithoragarh,2018-09-17,2018,09,0.59666685,NRSC VIC MODEL
Uttarakhand,Pithoragarh,2018-09-20,2018,09,2.377904074,NRSC VIC MODEL
Uttarakhand,Pithoragarh,2018-09-26,2018,09,3.719568037,NRSC VIC MODEL
Uttarakhand,Pithoragarh,2018-10-15,2018,10,0.064474881,NRSC VIC MODEL
Uttarakhand,Pithoragarh,2018-10-26,2018,10,0,NRSC VIC MODEL
Uttarakhand,Pithoragarh,2018-11-07,2018,11,0,NRSC VIC MODEL
Uttarakhand,Pithoragarh,2018-11-14,2018,11,0.210840505,NRSC VIC MODEL
Uttarakhand,Pithoragarh,2018-11-22,2018,11,0,NRSC VIC MODEL
Uttarakhand,Pithoragarh,2018-11-24,2018,11,0,NRSC VIC MODEL
Uttarakhand,Pithoragarh,2018-11-29,2018,11,0,NRSC VIC MODEL
Uttarakhand,Pithoragarh,2018-12-02,2018,12,0,NRSC VIC MODEL
Uttarakhand,Pithoragarh,2018-12-11,2018,12,0,NRSC VIC MODEL
Uttarakhand,Pithoragarh,2018-12-19,2018,12,0,NRSC VIC MODEL
Uttarakhand,Pithoragarh,2018-12-20,2018,12,0,NRSC VIC MODEL
Uttarakhand,Pithoragarh,2018-12-24,2018,12,0,NRSC VIC MODEL
Uttarakhand,Rudra Prayag,2018-07-24,2018,07,3.209261996,NRSC VIC MODEL
Uttarakhand,Rudra Prayag,2018-07-31,2018,07,9.033450948,NRSC VIC MODEL
Uttarakhand,Rudra Prayag,2018-08-22,2018,08,6.615533811,NRSC VIC MODEL
Uttarakhand,Rudra Prayag,2018-09-04,2018,09,15.89199164,NRSC VIC MODEL
Uttarakhand,Rudra Prayag,2018-09-09,2018,09,3.059480466,NRSC VIC MODEL
Uttarakhand,Rudra Prayag,2018-09-13,2018,09,21.79402898,NRSC VIC MODEL
Uttarakhand,Rudra Prayag,2018-09-16,2018,09,0.006878816,NRSC VIC MODEL
Uttarakhand,Rudra Prayag,2018-09-25,2018,09,0.553436865,NRSC VIC MODEL
Uttarakhand,Rudra Prayag,2018-10-03,2018,10,2.090664836,NRSC VIC MODEL
Uttarakhand,Rudra Prayag,2018-10-07,2018,10,0.00537993,NRSC VIC MODEL
Uttarakhand,Rudra Prayag,2018-10-13,2018,10,0,NRSC VIC MODEL
Uttarakhand,Rudra Prayag,2018-10-14,2018,10,0,NRSC VIC MODEL
Uttarakhand,Rudra Prayag,2018-10-16,2018,10,0.043146502,NRSC VIC MODEL
Uttarakhand,Rudra Prayag,2018-10-17,2018,10,0.38790365,NRSC VIC MODEL
Uttarakhand,Rudra Prayag,2018-10-24,2018,10,0,NRSC VIC MODEL
Uttarakhand,Rudra Prayag,2018-10-27,2018,10,0.129305678,NRSC VIC MODEL
Uttarakhand,Rudra Prayag,2018-11-05,2018,11,0,NRSC VIC MODEL
Uttarakhand,Rudra Prayag,2018-11-09,2018,11,0,NRSC VIC MODEL
Uttarakhand,Rudra Prayag,2018-11-12,2018,11,0.157945105,NRSC VIC MODEL
Uttarakhand,Rudra Prayag,2018-11-16,2018,11,0,NRSC VIC MODEL
Uttarakhand,Rudra Prayag,2018-11-24,2018,11,0,NRSC VIC MODEL
Uttarakhand,Rudra Prayag,2018-12-01,2018,12,0,NRSC VIC MODEL
Uttarakhand,Rudra Prayag,2018-12-06,2018,12,0,NRSC VIC MODEL
Uttarakhand,Rudra Prayag,2018-12-14,2018,12,0.533375883,NRSC VIC MODEL
Uttarakhand,Rudra Prayag,2018-12-13,2018,12,0.423194384,NRSC VIC MODEL
Uttarakhand,Rudra Prayag,2018-12-16,2018,12,0,NRSC VIC MODEL
Uttarakhand,Rudra Prayag,2018-12-20,2018,12,0,NRSC VIC MODEL
Uttarakhand,Rudra Prayag,2018-12-24,2018,12,0,NRSC VIC MODEL
Uttarakhand,Rudra Prayag,2018-12-27,2018,12,0.209844031,NRSC VIC MODEL
Uttarakhand,Rudra Prayag,2018-12-25,2018,12,0,NRSC VIC MODEL
Uttarakhand,Rudra Prayag,2018-11-17,2018,11,0,NRSC VIC MODEL
Uttarakhand,Rudra Prayag,2018-12-23,2018,12,0,NRSC VIC MODEL
Uttarakhand,Tehri Garhwal,2018-08-21,2018,08,0.931340203,NRSC VIC MODEL
Uttarakhand,Tehri Garhwal,2018-08-22,2018,08,28.50115414,NRSC VIC MODEL
Uttarakhand,Tehri Garhwal,2018-08-23,2018,08,19.63810555,NRSC VIC MODEL
Uttarakhand,Tehri Garhwal,2018-08-26,2018,08,14.88648073,NRSC VIC MODEL
Uttarakhand,Tehri Garhwal,2018-08-29,2018,08,10.40758648,NRSC VIC MODEL
Uttarakhand,Tehri Garhwal,2018-09-06,2018,09,17.82647614,NRSC VIC MODEL
Uttarakhand,Tehri Garhwal,2018-09-11,2018,09,2.058126185,NRSC VIC MODEL
Uttarakhand,Tehri Garhwal,2018-09-15,2018,09,3.426328362,NRSC VIC MODEL
Uttarakhand,Tehri Garhwal,2018-09-24,2018,09,55.55525492,NRSC VIC MODEL
Uttarakhand,Tehri Garhwal,2018-09-30,2018,09,0.442957311,NRSC VIC MODEL
Uttarakhand,Tehri Garhwal,2018-10-11,2018,10,15.78596173,NRSC VIC MODEL
Uttarakhand,Tehri Garhwal,2018-10-12,2018,10,0.013757073,NRSC VIC MODEL
Uttarakhand,Tehri Garhwal,2018-10-14,2018,10,0,NRSC VIC MODEL
Uttarakhand,Tehri Garhwal,2018-10-08,2018,10,0,NRSC VIC MODEL
Uttarakhand,Tehri Garhwal,2018-10-18,2018,10,0.044730918,NRSC VIC MODEL
Uttarakhand,Tehri Garhwal,2018-10-29,2018,10,0.143686495,NRSC VIC MODEL
Uttarakhand,Tehri Garhwal,2018-11-02,2018,11,2.348373178,NRSC VIC MODEL
Uttarakhand,Tehri Garhwal,2018-11-03,2018,11,6.180971054,NRSC VIC MODEL
Uttarakhand,Tehri Garhwal,2018-11-06,2018,11,0.064494791,NRSC VIC MODEL
Uttarakhand,Tehri Garhwal,2018-11-09,2018,11,0,NRSC VIC MODEL
Uttarakhand,Tehri Garhwal,2018-11-12,2018,11,0,NRSC VIC MODEL
Uttarakhand,Tehri Garhwal,2018-11-18,2018,11,0,NRSC VIC MODEL
Uttarakhand,Tehri Garhwal,2018-11-30,2018,11,0,NRSC VIC MODEL
Uttarakhand,Tehri Garhwal,2018-12-14,2018,12,0.220412823,NRSC VIC MODEL
Uttarakhand,Udam Singh Nagar,2018-07-27,2018,07,32.03790203,NRSC VIC MODEL
Uttarakhand,Udam Singh Nagar,2018-08-08,2018,08,1.917095012,NRSC VIC MODEL
Uttarakhand,Udam Singh Nagar,2018-08-09,2018,08,0.95490964,NRSC VIC MODEL
Uttarakhand,Udam Singh Nagar,2018-08-11,2018,08,39.42002241,NRSC VIC MODEL
Uttarakhand,Udam Singh Nagar,2018-08-18,2018,08,0.910830824,NRSC VIC MODEL
Uttarakhand,Udam Singh Nagar,2018-08-16,2018,08,1.829038433,NRSC VIC MODEL
Uttarakhand,Udam Singh Nagar,2018-08-17,2018,08,8.378552221,NRSC VIC MODEL
Uttarakhand,Udam Singh Nagar,2018-08-21,2018,08,5.233343795,NRSC VIC MODEL
Uttarakhand,Udam Singh Nagar,2018-08-24,2018,08,114.8218893,NRSC VIC MODEL
Uttarakhand,Udam Singh Nagar,2018-08-31,2018,08,9.852201413,NRSC VIC MODEL
Uttarakhand,Udam Singh Nagar,2018-09-03,2018,09,28.34644774,NRSC VIC MODEL
Uttarakhand,Udam Singh Nagar,2018-09-07,2018,09,1.848773859,NRSC VIC MODEL
Uttarakhand,Udam Singh Nagar,2018-09-23,2018,09,12.40039553,NRSC VIC MODEL
Uttarakhand,Udam Singh Nagar,2018-09-28,2018,09,0,NRSC VIC MODEL
Uttarakhand,Udam Singh Nagar,2018-09-30,2018,09,0,NRSC VIC MODEL
Uttarakhand,Udam Singh Nagar,2018-10-01,2018,10,0,NRSC VIC MODEL
Uttarakhand,Udam Singh Nagar,2018-10-05,2018,10,0,NRSC VIC MODEL
Uttarakhand,Udam Singh Nagar,2018-10-09,2018,10,0,NRSC VIC MODEL
Uttarakhand,Udam Singh Nagar,2018-10-24,2018,10,0,NRSC VIC MODEL
Uttarakhand,Udam Singh Nagar,2018-11-05,2018,11,0,NRSC VIC MODEL
Uttarakhand,Udam Singh Nagar,2018-11-04,2018,11,0,NRSC VIC MODEL
Uttarakhand,Udam Singh Nagar,2018-11-07,2018,11,0,NRSC VIC MODEL
Uttarakhand,Udam Singh Nagar,2018-11-22,2018,11,0,NRSC VIC MODEL
Uttarakhand,Udam Singh Nagar,2018-11-30,2018,11,0,NRSC VIC MODEL
Uttarakhand,Udam Singh Nagar,2018-12-04,2018,12,0,NRSC VIC MODEL
Uttarakhand,Udam Singh Nagar,2018-12-16,2018,12,0,NRSC VIC MODEL
Uttarakhand,Udam Singh Nagar,2018-12-18,2018,12,0,NRSC VIC MODEL
Uttarakhand,Udam Singh Nagar,2018-12-21,2018,12,0,NRSC VIC MODEL
Uttarakhand,Udam Singh Nagar,2018-12-25,2018,12,0,NRSC VIC MODEL
Uttarakhand,Udam Singh Nagar,2018-12-30,2018,12,0,NRSC VIC MODEL
Uttarakhand,Udam Singh Nagar,2018-08-06,2018,08,12.84836847,NRSC VIC MODEL
Uttarakhand,Udam Singh Nagar,2018-10-31,2018,10,0,NRSC VIC MODEL
Uttarakhand,Udam Singh Nagar,2018-12-31,2018,12,0,NRSC VIC MODEL
Uttarakhand,Uttar Kashi,2018-07-24,2018,07,4.648269019,NRSC VIC MODEL
Uttarakhand,Uttar Kashi,2018-07-29,2018,07,5.786585075,NRSC VIC MODEL
Uttarakhand,Uttar Kashi,2018-08-02,2018,08,7.432890349,NRSC VIC MODEL
Uttarakhand,Uttar Kashi,2018-08-05,2018,08,44.1478365,NRSC VIC MODEL
Uttarakhand,Uttar Kashi,2018-09-06,2018,09,12.13707557,NRSC VIC MODEL
Uttarakhand,Uttar Kashi,2018-09-16,2018,09,0.23581861,NRSC VIC MODEL
Uttarakhand,Uttar Kashi,2018-09-17,2018,09,0.409776797,NRSC VIC MODEL
Uttarakhand,Uttar Kashi,2018-09-28,2018,09,1.077351247,NRSC VIC MODEL
Uttarakhand,Uttar Kashi,2018-09-29,2018,09,1.613167538,NRSC VIC MODEL
Uttarakhand,Uttar Kashi,2018-10-01,2018,10,2.069814826,NRSC VIC MODEL
Uttarakhand,Uttar Kashi,2018-10-13,2018,10,0,NRSC VIC MODEL
Uttarakhand,Uttar Kashi,2018-10-09,2018,10,1.470665322,NRSC VIC MODEL
Uttarakhand,Uttar Kashi,2018-11-01,2018,11,0,NRSC VIC MODEL
Uttarakhand,Uttar Kashi,2018-11-12,2018,11,0.010946399,NRSC VIC MODEL
Uttarakhand,Uttar Kashi,2018-11-19,2018,11,0,NRSC VIC MODEL
Uttarakhand,Uttar Kashi,2018-11-20,2018,11,0,NRSC VIC MODEL
Uttarakhand,Uttar Kashi,2018-11-25,2018,11,0.101685415,NRSC VIC MODEL
Uttarakhand,Uttar Kashi,2018-11-28,2018,11,0,NRSC VIC MODEL
Uttarakhand,Uttar Kashi,2018-12-02,2018,12,0,NRSC VIC MODEL
Uttarakhand,Uttar Kashi,2018-12-09,2018,12,0,NRSC VIC MODEL
Uttarakhand,Uttar Kashi,2018-12-12,2018,12,3.347720692,NRSC VIC MODEL
Uttarakhand,Uttar Kashi,2018-12-15,2018,12,0,NRSC VIC MODEL
Uttarakhand,Uttar Kashi,2018-12-17,2018,12,0,NRSC VIC MODEL
Uttarakhand,Uttar Kashi,2018-12-28,2018,12,0,NRSC VIC MODEL
Uttarakhand,Uttar Kashi,2018-09-18,2018,09,1.715901153,NRSC VIC MODEL
Uttarakhand,Pauri Garhwal,2018-09-19,2018,09,0,NRSC VIC MODEL
Uttarakhand,Pauri Garhwal,2018-09-20,2018,09,0.00509524,NRSC VIC MODEL
Uttarakhand,Pauri Garhwal,2018-09-21,2018,09,2.557521342,NRSC VIC MODEL
Uttarakhand,Pauri Garhwal,2018-09-27,2018,09,0,NRSC VIC MODEL
Uttarakhand,Pauri Garhwal,2018-10-12,2018,10,0,NRSC VIC MODEL
Uttarakhand,Pauri Garhwal,2018-10-17,2018,10,0,NRSC VIC MODEL
Uttarakhand,Pauri Garhwal,2018-10-24,2018,10,0,NRSC VIC MODEL
Uttarakhand,Pauri Garhwal,2018-10-31,2018,10,0,NRSC VIC MODEL
Uttarakhand,Pauri Garhwal,2018-10-23,2018,10,0,NRSC VIC MODEL
Uttarakhand,Pauri Garhwal,2018-11-05,2018,11,0,NRSC VIC MODEL
Uttarakhand,Pauri Garhwal,2018-11-08,2018,11,0,NRSC VIC MODEL
Uttarakhand,Pauri Garhwal,2018-11-19,2018,11,0,NRSC VIC MODEL
Uttarakhand,Pauri Garhwal,2018-11-23,2018,11,0,NRSC VIC MODEL
Uttarakhand,Pauri Garhwal,2018-11-28,2018,11,0,NRSC VIC MODEL
Uttarakhand,Pauri Garhwal,2018-12-03,2018,12,0,NRSC VIC MODEL
Uttarakhand,Pauri Garhwal,2018-12-09,2018,12,0,NRSC VIC MODEL
Uttarakhand,Pauri Garhwal,2018-12-12,2018,12,0.272131429,NRSC VIC MODEL
Uttarakhand,Pauri Garhwal,2018-12-10,2018,12,0,NRSC VIC MODEL
Uttarakhand,Pauri Garhwal,2018-12-16,2018,12,0,NRSC VIC MODEL
Uttarakhand,Pauri Garhwal,2018-12-18,2018,12,0,NRSC VIC MODEL
Uttarakhand,Pauri Garhwal,2018-12-15,2018,12,0,NRSC VIC MODEL
Uttarakhand,Pithoragarh,2018-07-24,2018,07,9.329399697,NRSC VIC MODEL
Uttarakhand,Pithoragarh,2018-08-03,2018,08,5.979900269,NRSC VIC MODEL
Uttarakhand,Pithoragarh,2018-08-01,2018,08,2.041780887,NRSC VIC MODEL
Uttarakhand,Pithoragarh,2018-08-06,2018,08,26.53391551,NRSC VIC MODEL
Uttarakhand,Pithoragarh,2018-08-07,2018,08,19.97816175,NRSC VIC MODEL
Uttarakhand,Pithoragarh,2018-08-10,2018,08,4.526056143,NRSC VIC MODEL
Uttarakhand,Pithoragarh,2018-08-11,2018,08,28.775724,NRSC VIC MODEL
Uttarakhand,Pithoragarh,2018-08-20,2018,08,2.942741552,NRSC VIC MODEL
Uttarakhand,Pithoragarh,2018-08-25,2018,08,31.57122839,NRSC VIC MODEL
Uttarakhand,Pithoragarh,2018-08-30,2018,08,6.23081646,NRSC VIC MODEL
Uttarakhand,Pithoragarh,2018-09-01,2018,09,1.010227105,NRSC VIC MODEL
Uttarakhand,Pithoragarh,2018-09-03,2018,09,10.05540037,NRSC VIC MODEL
Uttarakhand,Pithoragarh,2018-09-10,2018,09,4.903942686,NRSC VIC MODEL
Uttarakhand,Pithoragarh,2018-09-11,2018,09,1.750648677,NRSC VIC MODEL
Uttarakhand,Pithoragarh,2018-09-18,2018,09,1.313804492,NRSC VIC MODEL
Uttarakhand,Pithoragarh,2018-09-25,2018,09,0.962366721,NRSC VIC MODEL
Uttarakhand,Pithoragarh,2018-09-27,2018,09,0.79883266,NRSC VIC MODEL
Uttarakhand,Pithoragarh,2018-09-29,2018,09,0.558659205,NRSC VIC MODEL
Uttarakhand,Pithoragarh,2018-10-02,2018,10,0.966100274,NRSC VIC MODEL
Uttarakhand,Pithoragarh,2018-10-06,2018,10,0.028479883,NRSC VIC MODEL
Uttarakhand,Pithoragarh,2018-10-11,2018,10,1.707991632,NRSC VIC MODEL
Uttarakhand,Pithoragarh,2018-10-12,2018,10,0.074922183,NRSC VIC MODEL
Uttarakhand,Pithoragarh,2018-10-14,2018,10,0.0221502,NRSC VIC MODEL
Uttarakhand,Pithoragarh,2018-10-20,2018,10,0,NRSC VIC MODEL
Uttarakhand,Pithoragarh,2018-10-17,2018,10,0,NRSC VIC MODEL
Uttarakhand,Pithoragarh,2018-10-19,2018,10,0.004645707,NRSC VIC MODEL
Uttarakhand,Pithoragarh,2018-10-25,2018,10,0.004125004,NRSC VIC MODEL
Uttarakhand,Pithoragarh,2018-11-11,2018,11,0,NRSC VIC MODEL
Uttarakhand,Pithoragarh,2018-11-12,2018,11,0,NRSC VIC MODEL
Uttarakhand,Pithoragarh,2018-11-13,2018,11,2.555582059,NRSC VIC MODEL
Uttarakhand,Pithoragarh,2018-11-23,2018,11,0,NRSC VIC MODEL
Uttarakhand,Pithoragarh,2018-12-14,2018,12,0,NRSC VIC MODEL
Uttarakhand,Pithoragarh,2018-12-23,2018,12,0,NRSC VIC MODEL
Uttarakhand,Pithoragarh,2018-12-29,2018,12,0,NRSC VIC MODEL
Uttarakhand,Rudra Prayag,2018-07-28,2018,07,56.49558035,NRSC VIC MODEL
Uttarakhand,Rudra Prayag,2018-08-01,2018,08,0.519310444,NRSC VIC MODEL
Uttarakhand,Rudra Prayag,2018-08-03,2018,08,6.339966309,NRSC VIC MODEL
Uttarakhand,Rudra Prayag,2018-08-13,2018,08,18.34502553,NRSC VIC MODEL
Uttarakhand,Rudra Prayag,2018-08-20,2018,08,2.205102101,NRSC VIC MODEL
Uttarakhand,Rudra Prayag,2018-08-24,2018,08,56.86082674,NRSC VIC MODEL
Uttarakhand,Rudra Prayag,2018-08-28,2018,08,16.79276856,NRSC VIC MODEL
Uttarakhand,Rudra Prayag,2018-08-29,2018,08,20.75468542,NRSC VIC MODEL
Uttarakhand,Rudra Prayag,2018-09-03,2018,09,17.85929281,NRSC VIC MODEL
Uttarakhand,Rudra Prayag,2018-09-11,2018,09,1.766437073,NRSC VIC MODEL
Uttarakhand,Rudra Prayag,2018-09-22,2018,09,30.92882871,NRSC VIC MODEL
Uttarakhand,Rudra Prayag,2018-10-05,2018,10,0,NRSC VIC MODEL
Uttarakhand,Rudra Prayag,2018-10-15,2018,10,0.005754651,NRSC VIC MODEL
Uttarakhand,Rudra Prayag,2018-10-25,2018,10,0.016407448,NRSC VIC MODEL
Uttarakhand,Rudra Prayag,2018-10-26,2018,10,0,NRSC VIC MODEL
Uttarakhand,Rudra Prayag,2018-10-29,2018,10,2.147194248,NRSC VIC MODEL
Uttarakhand,Rudra Prayag,2018-10-30,2018,10,0,NRSC VIC MODEL
Uttarakhand,Rudra Prayag,2018-11-03,2018,11,7.391996873,NRSC VIC MODEL
Uttarakhand,Rudra Prayag,2018-11-06,2018,11,0.124300469,NRSC VIC MODEL
Uttarakhand,Rudra Prayag,2018-11-13,2018,11,2.909712318,NRSC VIC MODEL
Uttarakhand,Rudra Prayag,2018-11-15,2018,11,0,NRSC VIC MODEL
Uttarakhand,Rudra Prayag,2018-11-18,2018,11,0,NRSC VIC MODEL
Uttarakhand,Rudra Prayag,2018-11-20,2018,11,0,NRSC VIC MODEL
Uttarakhand,Rudra Prayag,2018-11-23,2018,11,0,NRSC VIC MODEL
Uttarakhand,Rudra Prayag,2018-11-25,2018,11,0,NRSC VIC MODEL
Uttarakhand,Rudra Prayag,2018-12-04,2018,12,0,NRSC VIC MODEL
Uttarakhand,Rudra Prayag,2018-12-07,2018,12,0,NRSC VIC MODEL
Uttarakhand,Rudra Prayag,2018-12-08,2018,12,0,NRSC VIC MODEL
Uttarakhand,Rudra Prayag,2018-12-11,2018,12,0,NRSC VIC MODEL
Uttarakhand,Rudra Prayag,2018-12-15,2018,12,0,NRSC VIC MODEL
Uttarakhand,Rudra Prayag,2018-12-17,2018,12,0,NRSC VIC MODEL
Uttarakhand,Rudra Prayag,2018-12-19,2018,12,0,NRSC VIC MODEL
Uttarakhand,Rudra Prayag,2018-12-31,2018,12,0,NRSC VIC MODEL
Uttarakhand,Rudra Prayag,2018-08-19,2018,08,9.511020096,NRSC VIC MODEL
Uttarakhand,Tehri Garhwal,2018-07-26,2018,07,28.01490972,NRSC VIC MODEL
Uttarakhand,Tehri Garhwal,2018-07-29,2018,07,13.35382024,NRSC VIC MODEL
Uttarakhand,Tehri Garhwal,2018-08-03,2018,08,48.59363809,NRSC VIC MODEL
Uttarakhand,Tehri Garhwal,2018-08-05,2018,08,73.61022787,NRSC VIC MODEL
Uttarakhand,Tehri Garhwal,2018-08-06,2018,08,28.97309665,NRSC VIC MODEL
Uttarakhand,Tehri Garhwal,2018-08-08,2018,08,10.97774223,NRSC VIC MODEL
Uttarakhand,Tehri Garhwal,2018-08-13,2018,08,14.68176595,NRSC VIC MODEL
Uttarakhand,Tehri Garhwal,2018-08-14,2018,08,2.37189641,NRSC VIC MODEL
Uttarakhand,Tehri Garhwal,2018-08-19,2018,08,13.61462574,NRSC VIC MODEL
Uttarakhand,Tehri Garhwal,2018-08-31,2018,08,35.46877096,NRSC VIC MODEL
Uttarakhand,Tehri Garhwal,2018-09-04,2018,09,24.08541302,NRSC VIC MODEL
Uttarakhand,Tehri Garhwal,2018-09-05,2018,09,1.99515693,NRSC VIC MODEL
Uttarakhand,Tehri Garhwal,2018-09-08,2018,09,5.681861731,NRSC VIC MODEL
Uttarakhand,Tehri Garhwal,2018-09-12,2018,09,0.201854395,NRSC VIC MODEL
Uttarakhand,Tehri Garhwal,2018-09-18,2018,09,0.305597707,NRSC VIC MODEL
Uttarakhand,Tehri Garhwal,2018-09-23,2018,09,36.13972791,NRSC VIC MODEL
Uttarakhand,Tehri Garhwal,2018-10-02,2018,10,0.652834395,NRSC VIC MODEL
Uttarakhand,Tehri Garhwal,2018-10-06,2018,10,0,NRSC VIC MODEL
Uttarakhand,Tehri Garhwal,2018-10-09,2018,10,0.141248361,NRSC VIC MODEL
Uttarakhand,Tehri Garhwal,2018-10-21,2018,10,0,NRSC VIC MODEL
Uttarakhand,Tehri Garhwal,2018-10-22,2018,10,0.011632218,NRSC VIC MODEL
Uttarakhand,Tehri Garhwal,2018-10-17,2018,10,0.004780923,NRSC VIC MODEL
Uttarakhand,Tehri Garhwal,2018-10-31,2018,10,0,NRSC VIC MODEL
Uttarakhand,Tehri Garhwal,2018-11-04,2018,11,0.222224398,NRSC VIC MODEL
Uttarakhand,Tehri Garhwal,2018-11-25,2018,11,0,NRSC VIC MODEL
Uttarakhand,Tehri Garhwal,2018-11-21,2018,11,0,NRSC VIC MODEL
Uttarakhand,Tehri Garhwal,2018-12-06,2018,12,0,NRSC VIC MODEL
Uttarakhand,Tehri Garhwal,2018-12-08,2018,12,0,NRSC VIC MODEL
Uttarakhand,Tehri Garhwal,2018-12-12,2018,12,4.202016141,NRSC VIC MODEL
Uttarakhand,Tehri Garhwal,2018-12-13,2018,12,1.569137164,NRSC VIC MODEL
Uttarakhand,Tehri Garhwal,2018-12-20,2018,12,0,NRSC VIC MODEL
Uttarakhand,Tehri Garhwal,2018-12-22,2018,12,0,NRSC VIC MODEL
Uttarakhand,Tehri Garhwal,2018-12-19,2018,12,0,NRSC VIC MODEL
Uttarakhand,Tehri Garhwal,2018-12-24,2018,12,0,NRSC VIC MODEL
Uttarakhand,Tehri Garhwal,2018-12-28,2018,12,0,NRSC VIC MODEL
Uttarakhand,Tehri Garhwal,2018-12-31,2018,12,0,NRSC VIC MODEL
Uttarakhand,Tehri Garhwal,2018-12-29,2018,12,0,NRSC VIC MODEL
Uttarakhand,Udam Singh Nagar,2018-07-25,2018,07,45.59745319,NRSC VIC MODEL
Uttarakhand,Udam Singh Nagar,2018-07-28,2018,07,66.12475152,NRSC VIC MODEL
Uttarakhand,Udam Singh Nagar,2018-07-31,2018,07,39.80581815,NRSC VIC MODEL
Uttarakhand,Udam Singh Nagar,2018-08-03,2018,08,31.57384163,NRSC VIC MODEL
Uttarakhand,Udam Singh Nagar,2018-08-02,2018,08,64.50471862,NRSC VIC MODEL
Uttarakhand,Udam Singh Nagar,2018-08-05,2018,08,46.78684353,NRSC VIC MODEL
Uttarakhand,Udam Singh Nagar,2018-08-10,2018,08,2.3532651,NRSC VIC MODEL
Uttarakhand,Udam Singh Nagar,2018-08-20,2018,08,8.730303596,NRSC VIC MODEL
Uttarakhand,Udam Singh Nagar,2018-08-23,2018,08,47.70207011,NRSC VIC MODEL
Uttarakhand,Udam Singh Nagar,2018-08-29,2018,08,12.4771444,NRSC VIC MODEL
Uttarakhand,Udam Singh Nagar,2018-08-30,2018,08,52.98114997,NRSC VIC MODEL
Uttarakhand,Udam Singh Nagar,2018-09-02,2018,09,15.11023217,NRSC VIC MODEL
Uttarakhand,Udam Singh Nagar,2018-09-09,2018,09,0.051253497,NRSC VIC MODEL
Uttarakhand,Udam Singh Nagar,2018-09-13,2018,09,3.81585922,NRSC VIC MODEL
Uttarakhand,Udam Singh Nagar,2018-09-14,2018,09,0,NRSC VIC MODEL
Uttarakhand,Udam Singh Nagar,2018-09-15,2018,09,0,NRSC VIC MODEL
Uttarakhand,Udam Singh Nagar,2018-09-18,2018,09,0,NRSC VIC MODEL
Uttarakhand,Udam Singh Nagar,2018-09-21,2018,09,2.405913113,NRSC VIC MODEL
Uttarakhand,Udam Singh Nagar,2018-09-25,2018,09,0,NRSC VIC MODEL
Uttarakhand,Udam Singh Nagar,2018-09-26,2018,09,0,NRSC VIC MODEL
Uttarakhand,Udam Singh Nagar,2018-09-27,2018,09,0,NRSC VIC MODEL
Uttarakhand,Udam Singh Nagar,2018-10-04,2018,10,0,NRSC VIC MODEL
Uttarakhand,Udam Singh Nagar,2018-10-12,2018,10,0,NRSC VIC MODEL
Uttarakhand,Udam Singh Nagar,2018-10-14,2018,10,0,NRSC VIC MODEL
Uttarakhand,Udam Singh Nagar,2018-10-15,2018,10,0,NRSC VIC MODEL
Uttarakhand,Udam Singh Nagar,2018-10-20,2018,10,0,NRSC VIC MODEL
Uttarakhand,Udam Singh Nagar,2018-10-19,2018,10,0,NRSC VIC MODEL
Uttarakhand,Udam Singh Nagar,2018-10-29,2018,10,0,NRSC VIC MODEL
Uttarakhand,Udam Singh Nagar,2018-11-03,2018,11,2.938284559,NRSC VIC MODEL
Uttarakhand,Udam Singh Nagar,2018-11-08,2018,11,0,NRSC VIC MODEL
Uttarakhand,Udam Singh Nagar,2018-11-09,2018,11,0,NRSC VIC MODEL
Uttarakhand,Udam Singh Nagar,2018-11-17,2018,11,0,NRSC VIC MODEL
Uttarakhand,Udam Singh Nagar,2018-11-23,2018,11,0,NRSC VIC MODEL
Uttarakhand,Udam Singh Nagar,2018-11-24,2018,11,0,NRSC VIC MODEL
Uttarakhand,Udam Singh Nagar,2018-11-21,2018,11,0,NRSC VIC MODEL
Uttarakhand,Udam Singh Nagar,2018-11-29,2018,11,0,NRSC VIC MODEL
Uttarakhand,Udam Singh Nagar,2018-12-01,2018,12,0,NRSC VIC MODEL
Uttarakhand,Udam Singh Nagar,2018-12-05,2018,12,0,NRSC VIC MODEL
Uttarakhand,Udam Singh Nagar,2018-12-15,2018,12,0,NRSC VIC MODEL
Uttarakhand,Udam Singh Nagar,2018-12-17,2018,12,0,NRSC VIC MODEL
Uttarakhand,Udam Singh Nagar,2018-12-24,2018,12,0,NRSC VIC MODEL
Uttarakhand,Udam Singh Nagar,2018-12-27,2018,12,0,NRSC VIC MODEL
Uttarakhand,Udam Singh Nagar,2018-10-13,2018,10,0,NRSC VIC MODEL
Uttarakhand,Udam Singh Nagar,2018-11-18,2018,11,0.002405034,NRSC VIC MODEL
Uttarakhand,Udam Singh Nagar,2018-11-20,2018,11,0,NRSC VIC MODEL
Uttarakhand,Uttar Kashi,2018-07-31,2018,07,6.741754604,NRSC VIC MODEL
Uttarakhand,Uttar Kashi,2018-08-03,2018,08,13.13039164,NRSC VIC MODEL
Uttarakhand,Uttar Kashi,2018-08-06,2018,08,44.50900797,NRSC VIC MODEL
Uttarakhand,Uttar Kashi,2018-08-08,2018,08,5.089664324,NRSC VIC MODEL
Uttarakhand,Uttar Kashi,2018-08-10,2018,08,3.598366698,NRSC VIC MODEL
Uttarakhand,Uttar Kashi,2018-08-16,2018,08,4.89564769,NRSC VIC MODEL
Uttarakhand,Uttar Kashi,2018-08-20,2018,08,1.827610816,NRSC VIC MODEL
Uttarakhand,Uttar Kashi,2018-08-26,2018,08,5.960035747,NRSC VIC MODEL
Uttarakhand,Uttar Kashi,2018-09-08,2018,09,5.01218372,NRSC VIC MODEL
Uttarakhand,Uttar Kashi,2018-09-10,2018,09,9.436406483,NRSC VIC MODEL
Uttarakhand,Uttar Kashi,2018-09-15,2018,09,3.874534399,NRSC VIC MODEL
Uttarakhand,Uttar Kashi,2018-10-06,2018,10,0.150081768,NRSC VIC MODEL
Uttarakhand,Uttar Kashi,2018-10-07,2018,10,0.027293022,NRSC VIC MODEL
Uttarakhand,Uttar Kashi,2018-10-12,2018,10,0.078983246,NRSC VIC MODEL
Uttarakhand,Uttar Kashi,2018-10-20,2018,10,0,NRSC VIC MODEL
Uttarakhand,Uttar Kashi,2018-10-21,2018,10,0,NRSC VIC MODEL
Uttarakhand,Uttar Kashi,2018-10-22,2018,10,0.017640288,NRSC VIC MODEL
Uttarakhand,Uttar Kashi,2018-10-30,2018,10,0,NRSC VIC MODEL
Uttarakhand,Uttar Kashi,2018-11-05,2018,11,0.095562065,NRSC VIC MODEL
Uttarakhand,Uttar Kashi,2018-11-10,2018,11,0,NRSC VIC MODEL
Uttarakhand,Uttar Kashi,2018-11-15,2018,11,0.352112492,NRSC VIC MODEL
Uttarakhand,Uttar Kashi,2018-11-22,2018,11,0,NRSC VIC MODEL
Uttarakhand,Uttar Kashi,2018-11-27,2018,11,0.504164612,NRSC VIC MODEL
Uttarakhand,Uttar Kashi,2018-11-30,2018,11,0.024546471,NRSC VIC MODEL
Uttarakhand,Uttar Kashi,2018-12-10,2018,12,0.249680732,NRSC VIC MODEL
Uttarakhand,Uttar Kashi,2018-12-19,2018,12,0,NRSC VIC MODEL
Uttarakhand,Uttar Kashi,2018-12-26,2018,12,0.217203098,NRSC VIC MODEL
Uttarakhand,Almora,2018-07-24,2018,07,14.89724977,NRSC VIC MODEL
Uttarakhand,Almora,2018-08-01,2018,08,1.80437634,NRSC VIC MODEL
Uttarakhand,Almora,2018-08-02,2018,08,18.55273117,NRSC VIC MODEL
Uttarakhand,Almora,2018-08-05,2018,08,34.93962917,NRSC VIC MODEL
Uttarakhand,Almora,2018-08-06,2018,08,27.73986026,NRSC VIC MODEL
Uttarakhand,Almora,2018-08-09,2018,08,1.88899965,NRSC VIC MODEL
Uttarakhand,Almora,2018-08-16,2018,08,3.454377388,NRSC VIC MODEL
Uttarakhand,Almora,2018-08-14,2018,08,1.142900726,NRSC VIC MODEL
Uttarakhand,Almora,2018-08-17,2018,08,15.30317561,NRSC VIC MODEL
Uttarakhand,Almora,2018-08-20,2018,08,2.933215817,NRSC VIC MODEL
Uttarakhand,Almora,2018-08-21,2018,08,1.007071958,NRSC VIC MODEL
Uttarakhand,Almora,2018-08-24,2018,08,54.43014078,NRSC VIC MODEL
Uttarakhand,Almora,2018-08-23,2018,08,32.77006113,NRSC VIC MODEL
Uttarakhand,Almora,2018-08-26,2018,08,13.93624994,NRSC VIC MODEL
Uttarakhand,Almora,2018-09-02,2018,09,11.86454785,NRSC VIC MODEL
Uttarakhand,Almora,2018-09-07,2018,09,3.867909434,NRSC VIC MODEL
Uttarakhand,Almora,2018-09-15,2018,09,0.01081241,NRSC VIC MODEL
Uttarakhand,Almora,2018-09-19,2018,09,0,NRSC VIC MODEL
Uttarakhand,Almora,2018-09-25,2018,09,0,NRSC VIC MODEL
Uttarakhand,Almora,2018-09-26,2018,09,0,NRSC VIC MODEL
Uttarakhand,Almora,2018-09-27,2018,09,0,NRSC VIC MODEL
Uttarakhand,Almora,2018-10-05,2018,10,0,NRSC VIC MODEL
Uttarakhand,Almora,2018-10-14,2018,10,0,NRSC VIC MODEL
Uttarakhand,Almora,2018-10-09,2018,10,0,NRSC VIC MODEL
Uttarakhand,Almora,2018-10-19,2018,10,0,NRSC VIC MODEL
Uttarakhand,Almora,2018-10-25,2018,10,0,NRSC VIC MODEL
Uttarakhand,Almora,2018-11-03,2018,11,1.117575129,NRSC VIC MODEL
Uttarakhand,Almora,2018-11-04,2018,11,0.065522522,NRSC VIC MODEL
Uttarakhand,Almora,2018-11-07,2018,11,0,NRSC VIC MODEL
Uttarakhand,Almora,2018-11-12,2018,11,0,NRSC VIC MODEL
Uttarakhand,Almora,2018-11-14,2018,11,0.211941995,NRSC VIC MODEL
Uttarakhand,Almora,2018-11-24,2018,11,0,NRSC VIC MODEL
Uttarakhand,Almora,2018-12-01,2018,12,0,NRSC VIC MODEL
Uttarakhand,Almora,2018-12-02,2018,12,0,NRSC VIC MODEL
Uttarakhand,Almora,2018-12-10,2018,12,0,NRSC VIC MODEL
Uttarakhand,Almora,2018-12-14,2018,12,0,NRSC VIC MODEL
Uttarakhand,Almora,2018-12-20,2018,12,0,NRSC VIC MODEL
Uttarakhand,Almora,2018-12-21,2018,12,0,NRSC VIC MODEL
Uttarakhand,Almora,2018-12-31,2018,12,0,NRSC VIC MODEL
Uttarakhand,Bageshwar,2018-07-28,2018,07,16.53609692,NRSC VIC MODEL
Uttarakhand,Bageshwar,2018-07-30,2018,07,19.78838181,NRSC VIC MODEL
Uttarakhand,Bageshwar,2018-07-31,2018,07,14.06591082,NRSC VIC MODEL
Uttarakhand,Bageshwar,2018-08-02,2018,08,12.47572942,NRSC VIC MODEL
Uttarakhand,Bageshwar,2018-08-06,2018,08,31.45693781,NRSC VIC MODEL
Uttarakhand,Bageshwar,2018-08-09,2018,08,5.794668218,NRSC VIC MODEL
Uttarakhand,Bageshwar,2018-08-19,2018,08,25.51762391,NRSC VIC MODEL
Uttarakhand,Bageshwar,2018-08-23,2018,08,9.649868776,NRSC VIC MODEL
Uttarakhand,Bageshwar,2018-08-28,2018,08,33.61419348,NRSC VIC MODEL
Uttarakhand,Bageshwar,2018-08-29,2018,08,13.31336086,NRSC VIC MODEL
Uttarakhand,Bageshwar,2018-09-03,2018,09,5.831179561,NRSC VIC MODEL
Uttarakhand,Bageshwar,2018-09-06,2018,09,8.891767939,NRSC VIC MODEL
Uttarakhand,Bageshwar,2018-09-05,2018,09,22.53344376,NRSC VIC MODEL
Uttarakhand,Bageshwar,2018-09-08,2018,09,5.35535973,NRSC VIC MODEL
Uttarakhand,Bageshwar,2018-09-12,2018,09,1.581663686,NRSC VIC MODEL
Uttarakhand,Bageshwar,2018-09-15,2018,09,3.656517605,NRSC VIC MODEL
Uttarakhand,Bageshwar,2018-09-16,2018,09,4.040532704,NRSC VIC MODEL
Uttarakhand,Bageshwar,2018-09-20,2018,09,1.051304141,NRSC VIC MODEL
Uttarakhand,Bageshwar,2018-09-22,2018,09,8.671635172,NRSC VIC MODEL
Uttarakhand,Bageshwar,2018-10-01,2018,10,1.422542663,NRSC VIC MODEL
Uttarakhand,Bageshwar,2018-10-07,2018,10,0.094221275,NRSC VIC MODEL
Uttarakhand,Bageshwar,2018-10-14,2018,10,0.439751123,NRSC VIC MODEL
Uttarakhand,Bageshwar,2018-10-17,2018,10,0.021294295,NRSC VIC MODEL
Uttarakhand,Bageshwar,2018-10-24,2018,10,0,NRSC VIC MODEL
Uttarakhand,Bageshwar,2018-10-28,2018,10,0,NRSC VIC MODEL
Uttarakhand,Bageshwar,2018-11-03,2018,11,5.731909863,NRSC VIC MODEL
Uttarakhand,Bageshwar,2018-11-04,2018,11,0.063141174,NRSC VIC MODEL
Uttarakhand,Bageshwar,2018-11-12,2018,11,0,NRSC VIC MODEL
Uttarakhand,Bageshwar,2018-11-17,2018,11,0,NRSC VIC MODEL
Uttarakhand,Bageshwar,2018-11-23,2018,11,0,NRSC VIC MODEL
Uttarakhand,Bageshwar,2018-11-24,2018,11,0,NRSC VIC MODEL
Uttarakhand,Bageshwar,2018-11-28,2018,11,0,NRSC VIC MODEL
Uttarakhand,Bageshwar,2018-11-30,2018,11,0,NRSC VIC MODEL
Uttarakhand,Bageshwar,2018-12-02,2018,12,0,NRSC VIC MODEL
Uttarakhand,Bageshwar,2018-12-03,2018,12,0.201984764,NRSC VIC MODEL
Uttarakhand,Bageshwar,2018-12-06,2018,12,0,NRSC VIC MODEL
Uttarakhand,Bageshwar,2018-12-09,2018,12,0,NRSC VIC MODEL
Uttarakhand,Bageshwar,2018-12-10,2018,12,0,NRSC VIC MODEL
Uttarakhand,Bageshwar,2018-12-13,2018,12,0.460387448,NRSC VIC MODEL
Uttarakhand,Bageshwar,2018-12-18,2018,12,0,NRSC VIC MODEL
Uttarakhand,Bageshwar,2018-12-19,2018,12,0,NRSC VIC MODEL
Uttarakhand,Bageshwar,2018-12-23,2018,12,0,NRSC VIC MODEL
Uttarakhand,Bageshwar,2018-12-26,2018,12,0.009690101,NRSC VIC MODEL
Uttarakhand,Bageshwar,2018-12-27,2018,12,0.072855201,NRSC VIC MODEL
Uttarakhand,Bageshwar,2018-12-28,2018,12,0,NRSC VIC MODEL
Uttarakhand,Bageshwar,2018-12-25,2018,12,0,NRSC VIC MODEL
Uttarakhand,Chamoli,2018-07-25,2018,07,19.10934917,NRSC VIC MODEL
Uttarakhand,Chamoli,2018-07-29,2018,07,5.948249994,NRSC VIC MODEL
Uttarakhand,Chamoli,2018-07-30,2018,07,5.150994618,NRSC VIC MODEL
Uttarakhand,Chamoli,2018-08-06,2018,08,40.12221563,NRSC VIC MODEL
Uttarakhand,Chamoli,2018-08-10,2018,08,1.397775591,NRSC VIC MODEL
Uttarakhand,Chamoli,2018-08-11,2018,08,26.5750658,NRSC VIC MODEL
Uttarakhand,Chamoli,2018-08-17,2018,08,9.578974763,NRSC VIC MODEL
Uttarakhand,Chamoli,2018-08-24,2018,08,26.24462353,NRSC VIC MODEL
Uttarakhand,Chamoli,2018-08-29,2018,08,20.38269479,NRSC VIC MODEL
Uttarakhand,Chamoli,2018-08-31,2018,08,8.95479734,NRSC VIC MODEL
Uttarakhand,Chamoli,2018-09-03,2018,09,10.14769008,NRSC VIC MODEL
Uttarakhand,Chamoli,2018-09-11,2018,09,5.570299399,NRSC VIC MODEL
Uttarakhand,Chamoli,2018-09-12,2018,09,2.162280329,NRSC VIC MODEL
Uttarakhand,Chamoli,2018-09-17,2018,09,1.022134925,NRSC VIC MODEL
Uttarakhand,Chamoli,2018-09-23,2018,09,16.21063025,NRSC VIC MODEL
Uttarakhand,Chamoli,2018-09-27,2018,09,0.561166379,NRSC VIC MODEL
Uttarakhand,Chamoli,2018-10-06,2018,10,0.013747307,NRSC VIC MODEL
Uttarakhand,Chamoli,2018-10-05,2018,10,0.903491682,NRSC VIC MODEL
Uttarakhand,Chamoli,2018-10-07,2018,10,0.001843861,NRSC VIC MODEL
Uttarakhand,Chamoli,2018-10-11,2018,10,3.497112916,NRSC VIC MODEL
Uttarakhand,Chamoli,2018-10-13,2018,10,0.433154147,NRSC VIC MODEL
Uttarakhand,Chamoli,2018-10-14,2018,10,0.045623642,NRSC VIC MODEL
Uttarakhand,Chamoli,2018-10-09,2018,10,3.02905129,NRSC VIC MODEL
Uttarakhand,Chamoli,2018-10-21,2018,10,0,NRSC VIC MODEL
Uttarakhand,Chamoli,2018-10-18,2018,10,0.064814081,NRSC VIC MODEL
Uttarakhand,Chamoli,2018-10-28,2018,10,0,NRSC VIC MODEL
Uttarakhand,Chamoli,2018-10-23,2018,10,0.021058112,NRSC VIC MODEL
Uttarakhand,Chamoli,2018-11-05,2018,11,0,NRSC VIC MODEL
Uttarakhand,Chamoli,2018-11-08,2018,11,0,NRSC VIC MODEL
Uttarakhand,Chamoli,2018-11-17,2018,11,0,NRSC VIC MODEL
Uttarakhand,Chamoli,2018-11-23,2018,11,0,NRSC VIC MODEL
Uttarakhand,Chamoli,2018-11-24,2018,11,0,NRSC VIC MODEL
Uttarakhand,Chamoli,2018-11-29,2018,11,0,NRSC VIC MODEL
Uttarakhand,Chamoli,2018-12-08,2018,12,0,NRSC VIC MODEL
Uttarakhand,Chamoli,2018-12-09,2018,12,0.048620766,NRSC VIC MODEL
Uttarakhand,Chamoli,2018-12-11,2018,12,0,NRSC VIC MODEL
Uttarakhand,Chamoli,2018-12-28,2018,12,0,NRSC VIC MODEL
Uttarakhand,Chamoli,2018-12-25,2018,12,0,NRSC VIC MODEL
Uttarakhand,Chamoli,2018-12-31,2018,12,0,NRSC VIC MODEL
Uttarakhand,Champawat,2018-07-28,2018,07,26.08865989,NRSC VIC MODEL
Uttarakhand,Champawat,2018-07-29,2018,07,19.2207351,NRSC VIC MODEL
Uttarakhand,Champawat,2018-08-09,2018,08,0.803753414,NRSC VIC MODEL
Uttarakhand,Champawat,2018-08-16,2018,08,3.177379106,NRSC VIC MODEL
Uttarakhand,Champawat,2018-08-27,2018,08,8.727927174,NRSC VIC MODEL
Uttarakhand,Champawat,2018-08-30,2018,08,34.01832964,NRSC VIC MODEL
Uttarakhand,Champawat,2018-09-01,2018,09,1.204001117,NRSC VIC MODEL
Uttarakhand,Champawat,2018-09-02,2018,09,18.93297999,NRSC VIC MODEL
Uttarakhand,Champawat,2018-09-04,2018,09,4.267806702,NRSC VIC MODEL
Uttarakhand,Champawat,2018-09-05,2018,09,5.608446205,NRSC VIC MODEL
Uttarakhand,Champawat,2018-09-10,2018,09,0,NRSC VIC MODEL
Uttarakhand,Champawat,2018-09-11,2018,09,9.519653365,NRSC VIC MODEL
Uttarakhand,Champawat,2018-09-21,2018,09,4.892263152,NRSC VIC MODEL
Uttarakhand,Champawat,2018-09-20,2018,09,1.911064795,NRSC VIC MODEL
Uttarakhand,Champawat,2018-09-25,2018,09,0,NRSC VIC MODEL
Uttarakhand,Champawat,2018-09-28,2018,09,0,NRSC VIC MODEL
Uttarakhand,Champawat,2018-10-01,2018,10,0,NRSC VIC MODEL
Uttarakhand,Champawat,2018-10-06,2018,10,0,NRSC VIC MODEL
Uttarakhand,Champawat,2018-10-07,2018,10,0,NRSC VIC MODEL
Uttarakhand,Champawat,2018-10-12,2018,10,0,NRSC VIC MODEL
Uttarakhand,Champawat,2018-10-14,2018,10,0,NRSC VIC MODEL
Uttarakhand,Champawat,2018-10-21,2018,10,0,NRSC VIC MODEL
Uttarakhand,Champawat,2018-10-22,2018,10,0,NRSC VIC MODEL
Uttarakhand,Champawat,2018-10-26,2018,10,0,NRSC VIC MODEL
Uttarakhand,Champawat,2018-10-31,2018,10,0,NRSC VIC MODEL
Uttarakhand,Champawat,2018-11-04,2018,11,0.359735754,NRSC VIC MODEL
Uttarakhand,Champawat,2018-11-06,2018,11,0,NRSC VIC MODEL
Uttarakhand,Champawat,2018-11-15,2018,11,0,NRSC VIC MODEL
Uttarakhand,Champawat,2018-11-17,2018,11,0,NRSC VIC MODEL
Uttarakhand,Champawat,2018-11-22,2018,11,0,NRSC VIC MODEL
Uttarakhand,Champawat,2018-11-25,2018,11,0,NRSC VIC MODEL
Uttarakhand,Champawat,2018-12-02,2018,12,0,NRSC VIC MODEL
Uttarakhand,Champawat,2018-12-06,2018,12,0,NRSC VIC MODEL
Uttarakhand,Champawat,2018-12-27,2018,12,0,NRSC VIC MODEL
Uttarakhand,Dehradun,2018-07-25,2018,07,16.64316657,NRSC VIC MODEL
Uttarakhand,Dehradun,2018-07-26,2018,07,52.5163232,NRSC VIC MODEL
Uttarakhand,Dehradun,2018-07-28,2018,07,85.88152003,NRSC VIC MODEL
Uttarakhand,Dehradun,2018-08-01,2018,08,14.14238478,NRSC VIC MODEL
Uttarakhand,Dehradun,2018-08-06,2018,08,18.49562615,NRSC VIC MODEL
Uttarakhand,Dehradun,2018-08-07,2018,08,8.293626815,NRSC VIC MODEL
Uttarakhand,Dehradun,2018-08-17,2018,08,14.74714092,NRSC VIC MODEL
Uttarakhand,Dehradun,2018-08-24,2018,08,74.75124741,NRSC VIC MODEL
Uttarakhand,Dehradun,2018-08-23,2018,08,18.26345694,NRSC VIC MODEL
Uttarakhand,Dehradun,2018-08-26,2018,08,1.578372836,NRSC VIC MODEL
Uttarakhand,Dehradun,2018-09-01,2018,09,9.560709166,NRSC VIC MODEL
Uttarakhand,Dehradun,2018-09-07,2018,09,15.32493659,NRSC VIC MODEL
Uttarakhand,Dehradun,2018-09-16,2018,09,0,NRSC VIC MODEL
Uttarakhand,Dehradun,2018-09-18,2018,09,0,NRSC VIC MODEL
Uttarakhand,Dehradun,2018-09-20,2018,09,0.322418121,NRSC VIC MODEL
Uttarakhand,Dehradun,2018-09-23,2018,09,20.62539227,NRSC VIC MODEL
Uttarakhand,Dehradun,2018-09-24,2018,09,67.86012354,NRSC VIC MODEL
Uttarakhand,Dehradun,2018-10-04,2018,10,0.136382238,NRSC VIC MODEL
Uttarakhand,Dehradun,2018-10-15,2018,10,0,NRSC VIC MODEL
Uttarakhand,Dehradun,2018-10-21,2018,10,0,NRSC VIC MODEL
Uttarakhand,Dehradun,2018-10-24,2018,10,0,NRSC VIC MODEL
Uttarakhand,Dehradun,2018-10-27,2018,10,0,NRSC VIC MODEL
Uttarakhand,Dehradun,2018-10-30,2018,10,0,NRSC VIC MODEL
Uttarakhand,Dehradun,2018-10-31,2018,10,0,NRSC VIC MODEL
Uttarakhand,Dehradun,2018-11-03,2018,11,3.671948381,NRSC VIC MODEL
Uttarakhand,Dehradun,2018-10-23,2018,10,0.025414973,NRSC VIC MODEL
Uttarakhand,Dehradun,2018-11-08,2018,11,0,NRSC VIC MODEL
Uttarakhand,Dehradun,2018-11-13,2018,11,0.3018028,NRSC VIC MODEL
Uttarakhand,Dehradun,2018-11-22,2018,11,0,NRSC VIC MODEL
Uttarakhand,Dehradun,2018-11-21,2018,11,0,NRSC VIC MODEL
Uttarakhand,Dehradun,2018-11-30,2018,11,0,NRSC VIC MODEL
Uttarakhand,Dehradun,2018-12-08,2018,12,0,NRSC VIC MODEL
Uttarakhand,Dehradun,2018-12-22,2018,12,0,NRSC VIC MODEL
Uttarakhand,Haridwar,2018-08-01,2018,08,4.914339479,NRSC VIC MODEL
Uttarakhand,Haridwar,2018-08-10,2018,08,7.179006393,NRSC VIC MODEL
Uttarakhand,Haridwar,2018-08-08,2018,08,5.497108232,NRSC VIC MODEL
Uttarakhand,Haridwar,2018-08-13,2018,08,16.2350556,NRSC VIC MODEL
Uttarakhand,Haridwar,2018-08-14,2018,08,0.099547854,NRSC VIC MODEL
Uttarakhand,Haridwar,2018-08-24,2018,08,100.5930711,NRSC VIC MODEL
Uttarakhand,Haridwar,2018-08-23,2018,08,17.45403754,NRSC VIC MODEL
Uttarakhand,Haridwar,2018-08-26,2018,08,2.302003205,NRSC VIC MODEL
Uttarakhand,Haridwar,2018-08-28,2018,08,28.35943712,NRSC VIC MODEL
Uttarakhand,Haridwar,2018-08-29,2018,08,32.15845722,NRSC VIC MODEL
Uttarakhand,Haridwar,2018-09-06,2018,09,13.27335499,NRSC VIC MODEL
Uttarakhand,Haridwar,2018-09-07,2018,09,15.46216868,NRSC VIC MODEL
Uttarakhand,Haridwar,2018-09-05,2018,09,3.710308421,NRSC VIC MODEL
Uttarakhand,Haridwar,2018-09-10,2018,09,1.155870283,NRSC VIC MODEL
Uttarakhand,Haridwar,2018-09-14,2018,09,0,NRSC VIC MODEL
Uttarakhand,Haridwar,2018-09-15,2018,09,0.040913279,NRSC VIC MODEL
Uttarakhand,Haridwar,2018-09-18,2018,09,0,NRSC VIC MODEL
Uttarakhand,Haridwar,2018-10-01,2018,10,0,NRSC VIC MODEL
Uttarakhand,Haridwar,2018-10-02,2018,10,0,NRSC VIC MODEL
Uttarakhand,Haridwar,2018-10-14,2018,10,0,NRSC VIC MODEL
Uttarakhand,Haridwar,2018-10-20,2018,10,0,NRSC VIC MODEL
Uttarakhand,Haridwar,2018-10-17,2018,10,0,NRSC VIC MODEL
Uttarakhand,Haridwar,2018-10-25,2018,10,0,NRSC VIC MODEL
Uttarakhand,Haridwar,2018-10-29,2018,10,0,NRSC VIC MODEL
Uttarakhand,Haridwar,2018-11-01,2018,11,0,NRSC VIC MODEL
Uttarakhand,Haridwar,2018-10-23,2018,10,0,NRSC VIC MODEL
Uttarakhand,Haridwar,2018-11-13,2018,11,0,NRSC VIC MODEL
Uttarakhand,Haridwar,2018-11-14,2018,11,1.761223166,NRSC VIC MODEL
Uttarakhand,Haridwar,2018-11-17,2018,11,0,NRSC VIC MODEL
Uttarakhand,Haridwar,2018-11-24,2018,11,0,NRSC VIC MODEL
Uttarakhand,Haridwar,2018-11-28,2018,11,0,NRSC VIC MODEL
Uttarakhand,Haridwar,2018-12-03,2018,12,0,NRSC VIC MODEL
Uttarakhand,Haridwar,2018-12-04,2018,12,0,NRSC VIC MODEL
Uttarakhand,Haridwar,2018-12-12,2018,12,2.225916194,NRSC VIC MODEL
Uttarakhand,Haridwar,2018-12-14,2018,12,0.128561214,NRSC VIC MODEL
Uttarakhand,Haridwar,2018-12-16,2018,12,0,NRSC VIC MODEL
Uttarakhand,Haridwar,2018-12-22,2018,12,0,NRSC VIC MODEL
Uttarakhand,Haridwar,2018-12-23,2018,12,0,NRSC VIC MODEL
Uttarakhand,Haridwar,2018-12-24,2018,12,0,NRSC VIC MODEL
Uttarakhand,Haridwar,2018-12-28,2018,12,0,NRSC VIC MODEL
Uttarakhand,Haridwar,2018-12-25,2018,12,0,NRSC VIC MODEL
Uttarakhand,Nainital,2018-07-25,2018,07,55.01932525,NRSC VIC MODEL
Uttarakhand,Nainital,2018-07-27,2018,07,13.80847785,NRSC VIC MODEL
Uttarakhand,Nainital,2018-07-28,2018,07,53.97020222,NRSC VIC MODEL
Uttarakhand,Nainital,2018-08-03,2018,08,11.16068537,NRSC VIC MODEL
Uttarakhand,Nainital,2018-08-06,2018,08,15.21268535,NRSC VIC MODEL
Uttarakhand,Nainital,2018-08-09,2018,08,0.4381516,NRSC VIC MODEL
Uttarakhand,Nainital,2018-08-10,2018,08,2.547272689,NRSC VIC MODEL
Uttarakhand,Nainital,2018-08-17,2018,08,15.96062006,NRSC VIC MODEL
Uttarakhand,Nainital,2018-08-20,2018,08,5.016484002,NRSC VIC MODEL
Uttarakhand,Nainital,2018-08-21,2018,08,2.360602715,NRSC VIC MODEL
Uttarakhand,Nainital,2018-09-06,2018,09,15.80972569,NRSC VIC MODEL
Uttarakhand,Nainital,2018-09-07,2018,09,3.762401793,NRSC VIC MODEL
Uttarakhand,Nainital,2018-09-08,2018,09,0,NRSC VIC MODEL
Uttarakhand,Nainital,2018-09-20,2018,09,0.651671827,NRSC VIC MODEL
Uttarakhand,Nainital,2018-09-22,2018,09,6.694570832,NRSC VIC MODEL
Uttarakhand,Nainital,2018-10-01,2018,10,0,NRSC VIC MODEL
Uttarakhand,Nainital,2018-10-08,2018,10,0,NRSC VIC MODEL
Uttarakhand,Nainital,2018-10-16,2018,10,0,NRSC VIC MODEL
Uttarakhand,Nainital,2018-10-21,2018,10,0,NRSC VIC MODEL
Uttarakhand,Nainital,2018-10-27,2018,10,0,NRSC VIC MODEL
Uttarakhand,Nainital,2018-11-02,2018,11,0,NRSC VIC MODEL
Uttarakhand,Nainital,2018-11-13,2018,11,0,NRSC VIC MODEL
Uttarakhand,Nainital,2018-11-15,2018,11,0,NRSC VIC MODEL
Uttarakhand,Nainital,2018-11-19,2018,11,0,NRSC VIC MODEL
Uttarakhand,Nainital,2018-11-20,2018,11,0,NRSC VIC MODEL
Uttarakhand,Nainital,2018-11-22,2018,11,0,NRSC VIC MODEL
Uttarakhand,Nainital,2018-11-25,2018,11,0,NRSC VIC MODEL
Uttarakhand,Nainital,2018-11-26,2018,11,0,NRSC VIC MODEL
Uttarakhand,Nainital,2018-11-28,2018,11,0,NRSC VIC MODEL
Uttarakhand,Nainital,2018-12-19,2018,12,0,NRSC VIC MODEL
Uttarakhand,Nainital,2018-12-20,2018,12,0,NRSC VIC MODEL
Uttarakhand,Pauri Garhwal,2018-08-03,2018,08,24.64913206,NRSC VIC MODEL
Uttarakhand,Pauri Garhwal,2018-08-08,2018,08,2.883327698,NRSC VIC MODEL
Uttarakhand,Pauri Garhwal,2018-08-14,2018,08,0.175575369,NRSC VIC MODEL
Uttarakhand,Pauri Garhwal,2018-09-01,2018,09,11.15425538,NRSC VIC MODEL
Uttarakhand,Pauri Garhwal,2018-09-11,2018,09,2.386351707,NRSC VIC MODEL
Uttarakhand,Pauri Garhwal,2018-09-12,2018,09,2.38808054,NRSC VIC MODEL
