State,District,Date,Year,Month,Avg_rainfall,Agency_name
Uttarakhand,Pauri Garhwal,2022-09-03,2022,09,0.9691574269,NRSC VIC MODEL
Uttarakhand,Pauri Garhwal,2022-09-04,2022,09,0.1387529352,NRSC VIC MODEL
Uttarakhand,Pauri Garhwal,2022-09-07,2022,09,0.0034519199,NRSC VIC MODEL
Uttarakhand,Pauri Garhwal,2022-09-10,2022,09,5.9202014547,NRSC VIC MODEL
Uttarakhand,Pauri Garhwal,2022-09-11,2022,09,1.1474703964,NRSC VIC MODEL
Uttarakhand,Pauri Garhwal,2022-09-12,2022,09,0.6953843512,NRSC VIC MODEL
Uttarakhand,Pauri Garhwal,2022-09-14,2022,09,14.3566234152,NRSC VIC MODEL
Uttarakhand,Pauri Garhwal,2022-09-25,2022,09,19.3687282015,NRSC VIC MODEL
Uttarakhand,Pauri Garhwal,2022-09-26,2022,09,3.7496088033,NRSC VIC MODEL
Uttarakhand,Pauri Garhwal,2022-09-29,2022,09,0.046197558,NRSC VIC MODEL
Uttarakhand,Pauri Garhwal,2022-10-03,2022,10,0.0453816208,NRSC VIC MODEL
Uttarakhand,Pauri Garhwal,2022-10-08,2022,10,2.6496765075,NRSC VIC MODEL
Uttarakhand,Pauri Garhwal,2022-10-13,2022,10,0.5124798562,NRSC VIC MODEL
Uttarakhand,Pauri Garhwal,2022-11-11,2022,11,0.2395295445,NRSC VIC MODEL
Uttarakhand,Pauri Garhwal,2022-12-01,2022,12,0.0807412692,NRSC VIC MODEL
Uttarakhand,Pauri Garhwal,2022-12-04,2022,12,0.0524134178,NRSC VIC MODEL
Uttarakhand,Pauri Garhwal,2022-12-05,2022,12,7.33459e-05,NRSC VIC MODEL
Uttarakhand,Pauri Garhwal,2022-12-06,2022,12,0,NRSC VIC MODEL
Uttarakhand,Pauri Garhwal,2022-12-11,2022,12,0,NRSC VIC MODEL
Uttarakhand,Pauri Garhwal,2022-12-12,2022,12,0,NRSC VIC MODEL
Uttarakhand,Pauri Garhwal,2022-12-14,2022,12,0,NRSC VIC MODEL
Uttarakhand,Pauri Garhwal,2022-12-19,2022,12,0,NRSC VIC MODEL
Uttarakhand,Pauri Garhwal,2022-12-23,2022,12,0,NRSC VIC MODEL
Uttarakhand,Pauri Garhwal,2022-12-28,2022,12,0,NRSC VIC MODEL
Uttarakhand,Pauri Garhwal,2022-12-30,2022,12,0.2424441909,NRSC VIC MODEL
Uttarakhand,Pithoragarh,2022-01-08,2022,01,2.29082107,NRSC VIC MODEL
Uttarakhand,Pithoragarh,2022-01-13,2022,01,1.039091053,NRSC VIC MODEL
Uttarakhand,Pithoragarh,2022-01-15,2022,01,0,NRSC VIC MODEL
Uttarakhand,Pithoragarh,2022-01-17,2022,01,0.062765054,NRSC VIC MODEL
Uttarakhand,Pithoragarh,2022-01-19,2022,01,0.050921825,NRSC VIC MODEL
Uttarakhand,Pithoragarh,2022-01-23,2022,01,3.33890441,NRSC VIC MODEL
Uttarakhand,Pithoragarh,2022-01-25,2022,01,1.286805474,NRSC VIC MODEL
Uttarakhand,Pithoragarh,2022-01-29,2022,01,0.026267818,NRSC VIC MODEL
Uttarakhand,Pithoragarh,2022-02-09,2022,02,1.024452275,NRSC VIC MODEL
Uttarakhand,Pithoragarh,2022-02-10,2022,02,5.458768628,NRSC VIC MODEL
Uttarakhand,Pithoragarh,2022-02-15,2022,02,0.253807757,NRSC VIC MODEL
Uttarakhand,Pithoragarh,2022-02-24,2022,02,24.14525393,NRSC VIC MODEL
Uttarakhand,Pithoragarh,2022-02-25,2022,02,1.847499484,NRSC VIC MODEL
Uttarakhand,Pithoragarh,2022-02-27,2022,02,10.75244847,NRSC VIC MODEL
Uttarakhand,Pithoragarh,2022-03-01,2022,03,1.063294523,NRSC VIC MODEL
Uttarakhand,Pithoragarh,2022-03-02,2022,03,0.994635551,NRSC VIC MODEL
Uttarakhand,Pithoragarh,2022-03-14,2022,03,0.010103859,NRSC VIC MODEL
Uttarakhand,Pithoragarh,2022-03-16,2022,03,0.250764782,NRSC VIC MODEL
Uttarakhand,Pithoragarh,2022-03-19,2022,03,0.252511538,NRSC VIC MODEL
Uttarakhand,Pithoragarh,2022-04-02,2022,04,0.017726069,NRSC VIC MODEL
Uttarakhand,Pithoragarh,2022-04-08,2022,04,0.00087083,NRSC VIC MODEL
Uttarakhand,Pithoragarh,2022-04-10,2022,04,1.02152927,NRSC VIC MODEL
Uttarakhand,Pithoragarh,2022-04-11,2022,04,0.12668438,NRSC VIC MODEL
Uttarakhand,Pithoragarh,2022-04-12,2022,04,0.897261336,NRSC VIC MODEL
Uttarakhand,Pithoragarh,2022-04-13,2022,04,0.399326776,NRSC VIC MODEL
Uttarakhand,Pithoragarh,2022-04-14,2022,04,1.25294117,NRSC VIC MODEL
Uttarakhand,Pithoragarh,2022-04-16,2022,04,0.658374232,NRSC VIC MODEL
Uttarakhand,Pithoragarh,2022-04-29,2022,04,1.188688141,NRSC VIC MODEL
Uttarakhand,Pithoragarh,2022-05-04,2022,05,5.143186118,NRSC VIC MODEL
Uttarakhand,Pithoragarh,2022-05-05,2022,05,2.638149868,NRSC VIC MODEL
Uttarakhand,Pithoragarh,2022-05-11,2022,05,0.998327469,NRSC VIC MODEL
Uttarakhand,Pithoragarh,2022-05-17,2022,05,5.255251858,NRSC VIC MODEL
Uttarakhand,Pithoragarh,2022-05-23,2022,05,4.947795457,NRSC VIC MODEL
Uttarakhand,Pithoragarh,2022-05-26,2022,05,1.151546546,NRSC VIC MODEL
Uttarakhand,Pithoragarh,2022-05-27,2022,05,0.709480473,NRSC VIC MODEL
Uttarakhand,Pithoragarh,2022-05-29,2022,05,2.248279999,NRSC VIC MODEL
Uttarakhand,Pithoragarh,2022-06-01,2022,06,0.068399972,NRSC VIC MODEL
Uttarakhand,Pithoragarh,2022-06-10,2022,06,0.111057686,NRSC VIC MODEL
Uttarakhand,Pithoragarh,2022-06-13,2022,06,3.585509275,NRSC VIC MODEL
Uttarakhand,Pithoragarh,2022-06-27,2022,06,3.858235436,NRSC VIC MODEL
Uttarakhand,Pithoragarh,2022-07-01,2022,07,3.381935609,NRSC VIC MODEL
Uttarakhand,Pithoragarh,2022-07-04,2022,07,3.088490341,NRSC VIC MODEL
Uttarakhand,Pithoragarh,2022-07-21,2022,07,5.096653859,NRSC VIC MODEL
Uttarakhand,Pithoragarh,2022-07-31,2022,07,6.691386633,NRSC VIC MODEL
Uttarakhand,Pithoragarh,2022-08-03,2022,08,17.4234458171,NRSC VIC MODEL
Uttarakhand,Pithoragarh,2022-08-05,2022,08,7.7919769849,NRSC VIC MODEL
Uttarakhand,Pithoragarh,2022-08-07,2022,08,7.3319067019,NRSC VIC MODEL
Uttarakhand,Pithoragarh,2022-08-12,2022,08,0.49294485,NRSC VIC MODEL
Uttarakhand,Pithoragarh,2022-08-28,2022,08,2.987379401,NRSC VIC MODEL
Uttarakhand,Pithoragarh,2022-08-29,2022,08,17.9069916107,NRSC VIC MODEL
Uttarakhand,Pithoragarh,2022-09-07,2022,09,0.0073911871,NRSC VIC MODEL
Uttarakhand,Pithoragarh,2022-09-14,2022,09,5.3332160954,NRSC VIC MODEL
Uttarakhand,Pithoragarh,2022-09-17,2022,09,14.3551491227,NRSC VIC MODEL
Uttarakhand,Pithoragarh,2022-09-20,2022,09,7.9691499487,NRSC VIC MODEL
Uttarakhand,Pithoragarh,2022-09-25,2022,09,18.7969026295,NRSC VIC MODEL
Uttarakhand,Pithoragarh,2022-09-27,2022,09,0.0184559301,NRSC VIC MODEL
Uttarakhand,Pithoragarh,2022-10-01,2022,10,0.2883872048,NRSC VIC MODEL
Uttarakhand,Pithoragarh,2022-10-02,2022,10,3.1101801928,NRSC VIC MODEL
Uttarakhand,Pithoragarh,2022-10-05,2022,10,0.0063703985,NRSC VIC MODEL
Uttarakhand,Pithoragarh,2022-10-09,2022,10,31.073154048,NRSC VIC MODEL
Uttarakhand,Pithoragarh,2022-10-11,2022,10,7.4369473057,NRSC VIC MODEL
Uttarakhand,Pithoragarh,2022-10-13,2022,10,0.0218011378,NRSC VIC MODEL
Uttarakhand,Pithoragarh,2022-10-16,2022,10,0.0588925306,NRSC VIC MODEL
Uttarakhand,Pithoragarh,2022-10-25,2022,10,0.352789322,NRSC VIC MODEL
Uttarakhand,Pithoragarh,2022-10-26,2022,10,0.0003704406,NRSC VIC MODEL
Uttarakhand,Pithoragarh,2022-11-02,2022,11,7.6449257474,NRSC VIC MODEL
Uttarakhand,Pithoragarh,2022-11-04,2022,11,0.0391357663,NRSC VIC MODEL
Uttarakhand,Pithoragarh,2022-11-10,2022,11,6.3976562782,NRSC VIC MODEL
Uttarakhand,Pithoragarh,2022-11-12,2022,11,0.1944304892,NRSC VIC MODEL
Uttarakhand,Pithoragarh,2022-11-25,2022,11,0.0032145728,NRSC VIC MODEL
Uttarakhand,Pithoragarh,2022-11-30,2022,11,0.0004736841,NRSC VIC MODEL
Uttarakhand,Pithoragarh,2022-12-01,2022,12,0.0093848853,NRSC VIC MODEL
Uttarakhand,Pithoragarh,2022-12-07,2022,12,0.0005740309,NRSC VIC MODEL
Uttarakhand,Pithoragarh,2022-12-09,2022,12,0.0114232142,NRSC VIC MODEL
Uttarakhand,Pithoragarh,2022-12-12,2022,12,0,NRSC VIC MODEL
Uttarakhand,Pithoragarh,2022-12-17,2022,12,0,NRSC VIC MODEL
Uttarakhand,Pithoragarh,2022-12-20,2022,12,0,NRSC VIC MODEL
Uttarakhand,Pithoragarh,2022-12-23,2022,12,0.0002870154,NRSC VIC MODEL
Uttarakhand,Pithoragarh,2022-12-26,2022,12,5.74031e-05,NRSC VIC MODEL
Uttarakhand,Rudra Prayag,2022-01-04,2022,01,0,NRSC VIC MODEL
Uttarakhand,Rudra Prayag,2022-01-06,2022,01,27.94030443,NRSC VIC MODEL
Uttarakhand,Rudra Prayag,2022-01-09,2022,01,28.92875279,NRSC VIC MODEL
Uttarakhand,Rudra Prayag,2022-01-10,2022,01,15.6940584,NRSC VIC MODEL
Uttarakhand,Rudra Prayag,2022-01-12,2022,01,1.524259931,NRSC VIC MODEL
Uttarakhand,Rudra Prayag,2022-01-13,2022,01,0.61577446,NRSC VIC MODEL
Uttarakhand,Rudra Prayag,2022-01-18,2022,01,0.000334573,NRSC VIC MODEL
Uttarakhand,Rudra Prayag,2022-01-23,2022,01,8.183769985,NRSC VIC MODEL
Uttarakhand,Rudra Prayag,2022-01-24,2022,01,9.350799896,NRSC VIC MODEL
Uttarakhand,Rudra Prayag,2022-01-27,2022,01,3.600979775,NRSC VIC MODEL
Uttarakhand,Rudra Prayag,2022-02-01,2022,02,0,NRSC VIC MODEL
Uttarakhand,Rudra Prayag,2022-02-02,2022,02,0.015029008,NRSC VIC MODEL
Uttarakhand,Rudra Prayag,2022-02-05,2022,02,0.687948495,NRSC VIC MODEL
Uttarakhand,Rudra Prayag,2022-02-09,2022,02,4.455960371,NRSC VIC MODEL
Uttarakhand,Rudra Prayag,2022-02-18,2022,02,1.199108747,NRSC VIC MODEL
Uttarakhand,Rudra Prayag,2022-02-19,2022,02,0.402825595,NRSC VIC MODEL
Uttarakhand,Rudra Prayag,2022-02-24,2022,02,15.6498948,NRSC VIC MODEL
Uttarakhand,Rudra Prayag,2022-02-25,2022,02,16.34672954,NRSC VIC MODEL
Uttarakhand,Rudra Prayag,2022-02-27,2022,02,16.48493486,NRSC VIC MODEL
Uttarakhand,Rudra Prayag,2022-03-07,2022,03,0.000254275,NRSC VIC MODEL
Uttarakhand,Rudra Prayag,2022-03-08,2022,03,0,NRSC VIC MODEL
Uttarakhand,Rudra Prayag,2022-03-11,2022,03,0,NRSC VIC MODEL
Uttarakhand,Rudra Prayag,2022-03-16,2022,03,1.22082921,NRSC VIC MODEL
Uttarakhand,Rudra Prayag,2022-03-17,2022,03,0.000374721,NRSC VIC MODEL
Uttarakhand,Rudra Prayag,2022-03-19,2022,03,0,NRSC VIC MODEL
Uttarakhand,Rudra Prayag,2022-03-24,2022,03,0.001243947,NRSC VIC MODEL
Uttarakhand,Rudra Prayag,2022-03-26,2022,03,0,NRSC VIC MODEL
Uttarakhand,Rudra Prayag,2022-03-28,2022,03,0,NRSC VIC MODEL
Uttarakhand,Rudra Prayag,2022-03-31,2022,03,0.069587894,NRSC VIC MODEL
Uttarakhand,Rudra Prayag,2022-04-08,2022,04,0,NRSC VIC MODEL
Uttarakhand,Rudra Prayag,2022-04-09,2022,04,2.633513316,NRSC VIC MODEL
Uttarakhand,Rudra Prayag,2022-04-10,2022,04,0.929275781,NRSC VIC MODEL
Uttarakhand,Rudra Prayag,2022-04-16,2022,04,0.23659338,NRSC VIC MODEL
Uttarakhand,Rudra Prayag,2022-04-23,2022,04,0.45626347,NRSC VIC MODEL
Uttarakhand,Rudra Prayag,2022-04-24,2022,04,1.298995587,NRSC VIC MODEL
Uttarakhand,Rudra Prayag,2022-04-26,2022,04,0.29954772,NRSC VIC MODEL
Uttarakhand,Rudra Prayag,2022-05-06,2022,05,0.028561423,NRSC VIC MODEL
Uttarakhand,Rudra Prayag,2022-05-07,2022,05,1.128284844,NRSC VIC MODEL
Uttarakhand,Rudra Prayag,2022-05-13,2022,05,12.52244809,NRSC VIC MODEL
Uttarakhand,Rudra Prayag,2022-05-29,2022,05,5.879772874,NRSC VIC MODEL
Uttarakhand,Rudra Prayag,2022-06-06,2022,06,0,NRSC VIC MODEL
Uttarakhand,Rudra Prayag,2022-06-11,2022,06,6.177719806,NRSC VIC MODEL
Uttarakhand,Rudra Prayag,2022-06-17,2022,06,0.725748305,NRSC VIC MODEL
Uttarakhand,Rudra Prayag,2022-06-22,2022,06,1.785469816,NRSC VIC MODEL
Uttarakhand,Rudra Prayag,2022-06-28,2022,06,1.706657407,NRSC VIC MODEL
Uttarakhand,Rudra Prayag,2022-07-02,2022,07,16.43298957,NRSC VIC MODEL
Uttarakhand,Rudra Prayag,2022-07-05,2022,07,6.995627466,NRSC VIC MODEL
Uttarakhand,Rudra Prayag,2022-07-06,2022,07,16.30204777,NRSC VIC MODEL
Uttarakhand,Rudra Prayag,2022-07-09,2022,07,20.45035578,NRSC VIC MODEL
Uttarakhand,Rudra Prayag,2022-07-18,2022,07,12.93828658,NRSC VIC MODEL
Uttarakhand,Rudra Prayag,2022-07-22,2022,07,11.93384524,NRSC VIC MODEL
Uttarakhand,Rudra Prayag,2022-07-23,2022,07,19.81016476,NRSC VIC MODEL
Uttarakhand,Rudra Prayag,2022-07-26,2022,07,2.636716967,NRSC VIC MODEL
Uttarakhand,Rudra Prayag,2022-07-28,2022,07,21.75004225,NRSC VIC MODEL
Uttarakhand,Rudra Prayag,2022-08-01,2022,08,9.7177070147,NRSC VIC MODEL
Uttarakhand,Rudra Prayag,2022-08-11,2022,08,38.6875129064,NRSC VIC MODEL
Uttarakhand,Rudra Prayag,2022-08-12,2022,08,0.3873305291,NRSC VIC MODEL
Uttarakhand,Rudra Prayag,2022-03-23,2022,03,0.034379984,NRSC VIC MODEL
Uttarakhand,Rudra Prayag,2022-05-18,2022,05,0.879375022,NRSC VIC MODEL
Uttarakhand,Rudra Prayag,2022-08-26,2022,08,0.7694993472,NRSC VIC MODEL
Uttarakhand,Rudra Prayag,2022-09-02,2022,09,3.7109504552,NRSC VIC MODEL
Uttarakhand,Rudra Prayag,2022-09-05,2022,09,5.2191818543,NRSC VIC MODEL
Uttarakhand,Rudra Prayag,2022-09-08,2022,09,0,NRSC VIC MODEL
Uttarakhand,Rudra Prayag,2022-09-14,2022,09,2.0980896684,NRSC VIC MODEL
Uttarakhand,Rudra Prayag,2022-09-15,2022,09,15.2290713969,NRSC VIC MODEL
Uttarakhand,Rudra Prayag,2022-09-17,2022,09,8.8220422201,NRSC VIC MODEL
Uttarakhand,Rudra Prayag,2022-09-18,2022,09,9.0869038208,NRSC VIC MODEL
Uttarakhand,Rudra Prayag,2022-09-22,2022,09,7.9420890967,NRSC VIC MODEL
Uttarakhand,Rudra Prayag,2022-09-26,2022,09,7.9442640571,NRSC VIC MODEL
Uttarakhand,Rudra Prayag,2022-08-23,2022,08,1.674550105,NRSC VIC MODEL
Uttarakhand,Rudra Prayag,2022-08-24,2022,08,18.45351809,NRSC VIC MODEL
Uttarakhand,Rudra Prayag,2022-10-09,2022,10,30.1307903486,NRSC VIC MODEL
Uttarakhand,Rudra Prayag,2022-10-12,2022,10,0.8408512137,NRSC VIC MODEL
Uttarakhand,Rudra Prayag,2022-10-14,2022,10,1.5535543442,NRSC VIC MODEL
Uttarakhand,Rudra Prayag,2022-10-16,2022,10,0.616525931,NRSC VIC MODEL
Uttarakhand,Rudra Prayag,2022-10-24,2022,10,0.0146288311,NRSC VIC MODEL
Uttarakhand,Rudra Prayag,2022-10-30,2022,10,0.0085321301,NRSC VIC MODEL
Uttarakhand,Rudra Prayag,2022-10-31,2022,10,6.9244e-06,NRSC VIC MODEL
Uttarakhand,Rudra Prayag,2022-11-06,2022,11,0,NRSC VIC MODEL
Uttarakhand,Rudra Prayag,2022-11-07,2022,11,0,NRSC VIC MODEL
Uttarakhand,Rudra Prayag,2022-11-08,2022,11,0,NRSC VIC MODEL
Uttarakhand,Rudra Prayag,2022-11-16,2022,11,0.009344747,NRSC VIC MODEL
Uttarakhand,Rudra Prayag,2022-11-19,2022,11,0,NRSC VIC MODEL
Uttarakhand,Rudra Prayag,2022-11-21,2022,11,0.001775682,NRSC VIC MODEL
Uttarakhand,Rudra Prayag,2022-12-03,2022,12,1.2717739638,NRSC VIC MODEL
Uttarakhand,Rudra Prayag,2022-12-06,2022,12,0.0814449523,NRSC VIC MODEL
Uttarakhand,Rudra Prayag,2022-12-12,2022,12,0,NRSC VIC MODEL
Uttarakhand,Rudra Prayag,2022-12-15,2022,12,0,NRSC VIC MODEL
Uttarakhand,Dehradun,2022-12-03,2022,12,0.0729748864,NRSC VIC MODEL
Uttarakhand,Dehradun,2022-12-04,2022,12,0,NRSC VIC MODEL
Uttarakhand,Dehradun,2022-12-06,2022,12,0,NRSC VIC MODEL
Uttarakhand,Dehradun,2022-12-09,2022,12,0,NRSC VIC MODEL
Uttarakhand,Dehradun,2022-12-17,2022,12,0,NRSC VIC MODEL
Uttarakhand,Dehradun,2022-12-20,2022,12,0,NRSC VIC MODEL
Uttarakhand,Dehradun,2022-12-21,2022,12,0,NRSC VIC MODEL
Uttarakhand,Dehradun,2022-12-24,2022,12,0,NRSC VIC MODEL
Uttarakhand,Dehradun,2022-12-31,2022,12,0,NRSC VIC MODEL
Uttarakhand,Haridwar,2022-01-07,2022,01,0.000198722,NRSC VIC MODEL
Uttarakhand,Haridwar,2022-01-16,2022,01,0.076659796,NRSC VIC MODEL
Uttarakhand,Haridwar,2022-01-17,2022,01,0,NRSC VIC MODEL
Uttarakhand,Haridwar,2022-01-20,2022,01,1.498232605,NRSC VIC MODEL
Uttarakhand,Haridwar,2022-01-22,2022,01,14.42765888,NRSC VIC MODEL
Uttarakhand,Haridwar,2022-01-30,2022,01,0,NRSC VIC MODEL
Uttarakhand,Haridwar,2022-02-03,2022,02,5.907222945,NRSC VIC MODEL
Uttarakhand,Haridwar,2022-02-15,2022,02,0,NRSC VIC MODEL
Uttarakhand,Haridwar,2022-02-24,2022,02,0.00547069,NRSC VIC MODEL
Uttarakhand,Haridwar,2022-03-02,2022,03,0,NRSC VIC MODEL
Uttarakhand,Haridwar,2022-03-03,2022,03,0.054823795,NRSC VIC MODEL
Uttarakhand,Haridwar,2022-03-11,2022,03,0.047061961,NRSC VIC MODEL
Uttarakhand,Haridwar,2022-03-12,2022,03,0,NRSC VIC MODEL
Uttarakhand,Haridwar,2022-03-14,2022,03,0,NRSC VIC MODEL
Uttarakhand,Haridwar,2022-03-19,2022,03,0,NRSC VIC MODEL
Uttarakhand,Haridwar,2022-03-20,2022,03,0,NRSC VIC MODEL
Uttarakhand,Haridwar,2022-03-24,2022,03,0,NRSC VIC MODEL
Uttarakhand,Haridwar,2022-03-28,2022,03,0,NRSC VIC MODEL
Uttarakhand,Haridwar,2022-03-29,2022,03,0,NRSC VIC MODEL
Uttarakhand,Haridwar,2022-03-31,2022,03,0,NRSC VIC MODEL
Uttarakhand,Haridwar,2022-04-02,2022,04,0,NRSC VIC MODEL
Uttarakhand,Haridwar,2022-04-05,2022,04,0,NRSC VIC MODEL
Uttarakhand,Haridwar,2022-04-09,2022,04,0,NRSC VIC MODEL
Uttarakhand,Haridwar,2022-04-16,2022,04,0.002239699,NRSC VIC MODEL
Uttarakhand,Haridwar,2022-04-19,2022,04,0,NRSC VIC MODEL
Uttarakhand,Haridwar,2022-04-21,2022,04,0,NRSC VIC MODEL
Uttarakhand,Haridwar,2022-04-26,2022,04,0.294297117,NRSC VIC MODEL
Uttarakhand,Haridwar,2022-05-01,2022,05,0.006642837,NRSC VIC MODEL
Uttarakhand,Haridwar,2022-05-15,2022,05,0,NRSC VIC MODEL
Uttarakhand,Haridwar,2022-05-19,2022,05,1.63748291,NRSC VIC MODEL
Uttarakhand,Haridwar,2022-06-07,2022,06,0,NRSC VIC MODEL
Uttarakhand,Haridwar,2022-06-08,2022,06,0,NRSC VIC MODEL
Uttarakhand,Haridwar,2022-06-09,2022,06,0,NRSC VIC MODEL
Uttarakhand,Haridwar,2022-06-18,2022,06,4.832462481,NRSC VIC MODEL
Uttarakhand,Haridwar,2022-06-20,2022,06,4.541556502,NRSC VIC MODEL
Uttarakhand,Haridwar,2022-06-21,2022,06,0.035253005,NRSC VIC MODEL
Uttarakhand,Haridwar,2022-07-15,2022,07,12.99245323,NRSC VIC MODEL
Uttarakhand,Haridwar,2022-07-22,2022,07,3.381657961,NRSC VIC MODEL
Uttarakhand,Haridwar,2022-07-27,2022,07,0.408264288,NRSC VIC MODEL
Uttarakhand,Haridwar,2022-08-03,2022,08,5.9401255796,NRSC VIC MODEL
Uttarakhand,Haridwar,2022-08-06,2022,08,45.8375875941,NRSC VIC MODEL
Uttarakhand,Haridwar,2022-08-11,2022,08,16.7242238692,NRSC VIC MODEL
Uttarakhand,Haridwar,2022-08-25,2022,08,3.0672701175,NRSC VIC MODEL
Uttarakhand,Haridwar,2022-08-26,2022,08,0,NRSC VIC MODEL
Uttarakhand,Haridwar,2022-08-29,2022,08,8.3428906702,NRSC VIC MODEL
Uttarakhand,Haridwar,2022-09-01,2022,09,0.8553949981,NRSC VIC MODEL
Uttarakhand,Haridwar,2022-09-04,2022,09,0.3280614256,NRSC VIC MODEL
Uttarakhand,Haridwar,2022-09-06,2022,09,0.0007282302,NRSC VIC MODEL
Uttarakhand,Haridwar,2022-09-07,2022,09,0.0001757403,NRSC VIC MODEL
Uttarakhand,Haridwar,2022-09-09,2022,09,1.238603637,NRSC VIC MODEL
Uttarakhand,Haridwar,2022-09-10,2022,09,8.267698299,NRSC VIC MODEL
Uttarakhand,Haridwar,2022-09-12,2022,09,0.042667597,NRSC VIC MODEL
Uttarakhand,Haridwar,2022-09-14,2022,09,1.2138012391,NRSC VIC MODEL
Uttarakhand,Haridwar,2022-09-20,2022,09,1.9098153156,NRSC VIC MODEL
Uttarakhand,Haridwar,2022-09-21,2022,09,6.4490156258,NRSC VIC MODEL
Uttarakhand,Haridwar,2022-09-22,2022,09,23.0699140999,NRSC VIC MODEL
Uttarakhand,Haridwar,2022-09-24,2022,09,14.365100189,NRSC VIC MODEL
Uttarakhand,Haridwar,2022-09-25,2022,09,24.6790956592,NRSC VIC MODEL
Uttarakhand,Haridwar,2022-10-01,2022,10,0,NRSC VIC MODEL
Uttarakhand,Haridwar,2022-10-04,2022,10,0,NRSC VIC MODEL
Uttarakhand,Haridwar,2022-08-23,2022,08,0.008024593,NRSC VIC MODEL
Uttarakhand,Haridwar,2022-10-06,2022,10,8.1557758925,NRSC VIC MODEL
Uttarakhand,Haridwar,2022-10-07,2022,10,7.883730905,NRSC VIC MODEL
Uttarakhand,Haridwar,2022-10-11,2022,10,4.6249252216,NRSC VIC MODEL
Uttarakhand,Haridwar,2022-10-19,2022,10,0.0017793887,NRSC VIC MODEL
Uttarakhand,Haridwar,2022-10-24,2022,10,0,NRSC VIC MODEL
Uttarakhand,Haridwar,2022-10-30,2022,10,0,NRSC VIC MODEL
Uttarakhand,Haridwar,2022-11-02,2022,11,0,NRSC VIC MODEL
Uttarakhand,Haridwar,2022-11-11,2022,11,0.0026470972,NRSC VIC MODEL
Uttarakhand,Haridwar,2022-11-15,2022,11,0.1216254762,NRSC VIC MODEL
Uttarakhand,Haridwar,2022-11-19,2022,11,0,NRSC VIC MODEL
Uttarakhand,Haridwar,2022-11-22,2022,11,0,NRSC VIC MODEL
Uttarakhand,Haridwar,2022-12-12,2022,12,0,NRSC VIC MODEL
Uttarakhand,Haridwar,2022-12-14,2022,12,0,NRSC VIC MODEL
Uttarakhand,Haridwar,2022-12-30,2022,12,0.3035830724,NRSC VIC MODEL
Uttarakhand,Nainital,2022-01-01,2022,01,0,NRSC VIC MODEL
Uttarakhand,Nainital,2022-01-07,2022,01,0.255940927,NRSC VIC MODEL
Uttarakhand,Nainital,2022-01-12,2022,01,0.902060553,NRSC VIC MODEL
Uttarakhand,Nainital,2022-01-20,2022,01,0.497013021,NRSC VIC MODEL
Uttarakhand,Nainital,2022-01-21,2022,01,1.667178071,NRSC VIC MODEL
Uttarakhand,Nainital,2022-01-25,2022,01,2.614620949,NRSC VIC MODEL
Uttarakhand,Nainital,2022-02-05,2022,02,7.039866432,NRSC VIC MODEL
Uttarakhand,Nainital,2022-02-25,2022,02,1.359587512,NRSC VIC MODEL
Uttarakhand,Nainital,2022-03-07,2022,03,0.059448349,NRSC VIC MODEL
Uttarakhand,Nainital,2022-03-15,2022,03,0,NRSC VIC MODEL
Uttarakhand,Nainital,2022-04-06,2022,04,0,NRSC VIC MODEL
Uttarakhand,Nainital,2022-04-10,2022,04,5.8e-06,NRSC VIC MODEL
Uttarakhand,Nainital,2022-04-11,2022,04,0,NRSC VIC MODEL
Uttarakhand,Nainital,2022-04-17,2022,04,0,NRSC VIC MODEL
Uttarakhand,Nainital,2022-04-18,2022,04,0.002939666,NRSC VIC MODEL
Uttarakhand,Nainital,2022-04-19,2022,04,0.000577713,NRSC VIC MODEL
Uttarakhand,Nainital,2022-04-22,2022,04,0.071084646,NRSC VIC MODEL
Uttarakhand,Nainital,2022-05-02,2022,05,0.003588608,NRSC VIC MODEL
Uttarakhand,Nainital,2022-05-10,2022,05,2.776972236,NRSC VIC MODEL
Uttarakhand,Nainital,2022-05-13,2022,05,20.40923594,NRSC VIC MODEL
Uttarakhand,Nainital,2022-05-20,2022,05,5.63e-05,NRSC VIC MODEL
Uttarakhand,Nainital,2022-05-24,2022,05,15.65785308,NRSC VIC MODEL
Uttarakhand,Nainital,2022-05-26,2022,05,0.015275163,NRSC VIC MODEL
Uttarakhand,Nainital,2022-05-31,2022,05,0.058175027,NRSC VIC MODEL
Uttarakhand,Nainital,2022-06-03,2022,06,0,NRSC VIC MODEL
Uttarakhand,Nainital,2022-06-10,2022,06,0.046348002,NRSC VIC MODEL
Uttarakhand,Nainital,2022-06-12,2022,06,0.656030208,NRSC VIC MODEL
Uttarakhand,Nainital,2022-06-18,2022,06,3.576233754,NRSC VIC MODEL
Uttarakhand,Nainital,2022-07-03,2022,07,10.57459637,NRSC VIC MODEL
Uttarakhand,Nainital,2022-07-06,2022,07,3.902982948,NRSC VIC MODEL
Uttarakhand,Nainital,2022-07-25,2022,07,5.865544441,NRSC VIC MODEL
Uttarakhand,Nainital,2022-07-26,2022,07,14.09363755,NRSC VIC MODEL
Uttarakhand,Nainital,2022-07-30,2022,07,15.48622185,NRSC VIC MODEL
Uttarakhand,Nainital,2022-08-09,2022,08,0.425366339,NRSC VIC MODEL
Uttarakhand,Nainital,2022-08-10,2022,08,0.1556605017,NRSC VIC MODEL
Uttarakhand,Nainital,2022-08-13,2022,08,0,NRSC VIC MODEL
Uttarakhand,Nainital,2022-08-20,2022,08,3.8032505513,NRSC VIC MODEL
Uttarakhand,Nainital,2022-08-27,2022,08,0.0137103458,NRSC VIC MODEL
Uttarakhand,Nainital,2022-08-28,2022,08,0.000121816,NRSC VIC MODEL
Uttarakhand,Nainital,2022-09-04,2022,09,0.0152296364,NRSC VIC MODEL
Uttarakhand,Nainital,2022-09-07,2022,09,0,NRSC VIC MODEL
Uttarakhand,Nainital,2022-09-13,2022,09,2.3341665989,NRSC VIC MODEL
Uttarakhand,Nainital,2022-09-17,2022,09,51.5975175329,NRSC VIC MODEL
Uttarakhand,Nainital,2022-09-19,2022,09,7.7667104355,NRSC VIC MODEL
Uttarakhand,Nainital,2022-09-24,2022,09,5.1641991912,NRSC VIC MODEL
Uttarakhand,Nainital,2022-09-25,2022,09,53.7469863247,NRSC VIC MODEL
Uttarakhand,Nainital,2022-09-28,2022,09,0,NRSC VIC MODEL
Uttarakhand,Nainital,2022-09-30,2022,09,0,NRSC VIC MODEL
Uttarakhand,Nainital,2022-10-02,2022,10,3.5400269794,NRSC VIC MODEL
Uttarakhand,Nainital,2022-10-03,2022,10,0.3284129019,NRSC VIC MODEL
Uttarakhand,Nainital,2022-08-24,2022,08,46.13602822,NRSC VIC MODEL
Uttarakhand,Nainital,2022-10-05,2022,10,4.26645701,NRSC VIC MODEL
Uttarakhand,Nainital,2022-10-10,2022,10,82.5886533895,NRSC VIC MODEL
Uttarakhand,Nainital,2022-10-17,2022,10,0,NRSC VIC MODEL
Uttarakhand,Nainital,2022-10-18,2022,10,0.0025258681,NRSC VIC MODEL
Uttarakhand,Nainital,2022-10-20,2022,10,0,NRSC VIC MODEL
Uttarakhand,Nainital,2022-10-25,2022,10,0,NRSC VIC MODEL
Uttarakhand,Nainital,2022-10-28,2022,10,0.1204711811,NRSC VIC MODEL
Uttarakhand,Nainital,2022-11-01,2022,11,0.0304339308,NRSC VIC MODEL
Uttarakhand,Nainital,2022-11-07,2022,11,0,NRSC VIC MODEL
Uttarakhand,Nainital,2022-11-13,2022,11,0,NRSC VIC MODEL
Uttarakhand,Nainital,2022-11-14,2022,11,0,NRSC VIC MODEL
Uttarakhand,Nainital,2022-11-18,2022,11,0,NRSC VIC MODEL
Uttarakhand,Nainital,2022-11-26,2022,11,0.0010444747,NRSC VIC MODEL
Uttarakhand,Nainital,2022-11-28,2022,11,0.0193097508,NRSC VIC MODEL
Uttarakhand,Nainital,2022-11-29,2022,11,0.0556328217,NRSC VIC MODEL
Uttarakhand,Nainital,2022-12-01,2022,12,0.001582674,NRSC VIC MODEL
Uttarakhand,Nainital,2022-12-06,2022,12,0,NRSC VIC MODEL
Uttarakhand,Nainital,2022-12-07,2022,12,0,NRSC VIC MODEL
Uttarakhand,Nainital,2022-12-09,2022,12,0,NRSC VIC MODEL
Uttarakhand,Nainital,2022-12-13,2022,12,0,NRSC VIC MODEL
Uttarakhand,Nainital,2022-12-14,2022,12,0,NRSC VIC MODEL
Uttarakhand,Nainital,2022-12-20,2022,12,0,NRSC VIC MODEL
Uttarakhand,Nainital,2022-12-21,2022,12,0,NRSC VIC MODEL
Uttarakhand,Nainital,2022-12-26,2022,12,7.231e-07,NRSC VIC MODEL
Uttarakhand,Nainital,2022-12-27,2022,12,0,NRSC VIC MODEL
Uttarakhand,Pauri Garhwal,2022-02-11,2022,02,0,NRSC VIC MODEL
Uttarakhand,Pauri Garhwal,2022-03-10,2022,03,0,NRSC VIC MODEL
Uttarakhand,Pauri Garhwal,2022-03-14,2022,03,0.12704638,NRSC VIC MODEL
Uttarakhand,Pauri Garhwal,2022-03-16,2022,03,0.061320322,NRSC VIC MODEL
Uttarakhand,Pauri Garhwal,2022-03-18,2022,03,0,NRSC VIC MODEL
Uttarakhand,Pauri Garhwal,2022-03-23,2022,03,0,NRSC VIC MODEL
Uttarakhand,Pauri Garhwal,2022-04-03,2022,04,0.016950635,NRSC VIC MODEL
Uttarakhand,Pauri Garhwal,2022-04-15,2022,04,1.252863171,NRSC VIC MODEL
Uttarakhand,Pauri Garhwal,2022-04-16,2022,04,0.027642322,NRSC VIC MODEL
Uttarakhand,Pauri Garhwal,2022-04-17,2022,04,0.004256156,NRSC VIC MODEL
Uttarakhand,Pauri Garhwal,2022-04-23,2022,04,0.111683228,NRSC VIC MODEL
Uttarakhand,Pauri Garhwal,2022-05-03,2022,05,0,NRSC VIC MODEL
Uttarakhand,Pauri Garhwal,2022-05-15,2022,05,0.100088138,NRSC VIC MODEL
Uttarakhand,Pauri Garhwal,2022-06-02,2022,06,0,NRSC VIC MODEL
Uttarakhand,Pauri Garhwal,2022-06-03,2022,06,0,NRSC VIC MODEL
Uttarakhand,Pauri Garhwal,2022-06-11,2022,06,1.925380071,NRSC VIC MODEL
Uttarakhand,Pauri Garhwal,2022-06-13,2022,06,0.101869278,NRSC VIC MODEL
Uttarakhand,Pauri Garhwal,2022-06-14,2022,06,0.001173721,NRSC VIC MODEL
Uttarakhand,Pauri Garhwal,2022-06-20,2022,06,2.614629249,NRSC VIC MODEL
Uttarakhand,Pauri Garhwal,2022-06-22,2022,06,2.77388264,NRSC VIC MODEL
Uttarakhand,Pauri Garhwal,2022-06-23,2022,06,0.033354788,NRSC VIC MODEL
Uttarakhand,Pauri Garhwal,2022-07-14,2022,07,2.147395086,NRSC VIC MODEL
Uttarakhand,Pauri Garhwal,2022-07-15,2022,07,16.6375002,NRSC VIC MODEL
Uttarakhand,Pauri Garhwal,2022-07-17,2022,07,7.057171382,NRSC VIC MODEL
Uttarakhand,Pauri Garhwal,2022-07-19,2022,07,10.7632215,NRSC VIC MODEL
Uttarakhand,Pauri Garhwal,2022-07-22,2022,07,14.9754326,NRSC VIC MODEL
Uttarakhand,Pauri Garhwal,2022-07-25,2022,07,6.464428081,NRSC VIC MODEL
Uttarakhand,Pauri Garhwal,2022-07-28,2022,07,10.57202815,NRSC VIC MODEL
Uttarakhand,Pauri Garhwal,2022-08-05,2022,08,6.7465173523,NRSC VIC MODEL
Uttarakhand,Pauri Garhwal,2022-08-12,2022,08,0.5688830426,NRSC VIC MODEL
Uttarakhand,Pauri Garhwal,2022-08-17,2022,08,0.1016909432,NRSC VIC MODEL
Uttarakhand,Pauri Garhwal,2022-08-26,2022,08,0.1573194326,NRSC VIC MODEL
Uttarakhand,Pauri Garhwal,2022-08-28,2022,08,0.0024939055,NRSC VIC MODEL
Uttarakhand,Uttar Kashi,2022-05-18,2022,05,3.799814704,NRSC VIC MODEL
Uttarakhand,Uttar Kashi,2022-05-25,2022,05,6.164472935,NRSC VIC MODEL
Uttarakhand,Uttar Kashi,2022-05-28,2022,05,2.726577214,NRSC VIC MODEL
Uttarakhand,Uttar Kashi,2022-06-01,2022,06,0.00610742,NRSC VIC MODEL
Uttarakhand,Uttar Kashi,2022-06-12,2022,06,0.13182124,NRSC VIC MODEL
Uttarakhand,Uttar Kashi,2022-06-16,2022,06,5.929265987,NRSC VIC MODEL
Uttarakhand,Uttar Kashi,2022-06-19,2022,06,7.07253919,NRSC VIC MODEL
Uttarakhand,Uttar Kashi,2022-06-28,2022,06,1.388763992,NRSC VIC MODEL
Uttarakhand,Uttar Kashi,2022-06-30,2022,06,4.019152291,NRSC VIC MODEL
Uttarakhand,Uttar Kashi,2022-07-02,2022,07,15.49647877,NRSC VIC MODEL
Uttarakhand,Uttar Kashi,2022-07-08,2022,07,3.370951586,NRSC VIC MODEL
Uttarakhand,Uttar Kashi,2022-07-18,2022,07,0.445214095,NRSC VIC MODEL
Uttarakhand,Uttar Kashi,2022-07-19,2022,07,1.183738925,NRSC VIC MODEL
Uttarakhand,Uttar Kashi,2022-07-27,2022,07,8.749048211,NRSC VIC MODEL
Uttarakhand,Uttar Kashi,2022-08-05,2022,08,4.9607816172,NRSC VIC MODEL
Uttarakhand,Uttar Kashi,2022-08-08,2022,08,0.84089227,NRSC VIC MODEL
Uttarakhand,Uttar Kashi,2022-08-16,2022,08,4.1845938105,NRSC VIC MODEL
Uttarakhand,Uttar Kashi,2022-08-21,2022,08,4.3195739819,NRSC VIC MODEL
Uttarakhand,Uttar Kashi,2022-08-31,2022,08,0.7826136906,NRSC VIC MODEL
Uttarakhand,Uttar Kashi,2022-09-01,2022,09,0.5340042585,NRSC VIC MODEL
Uttarakhand,Uttar Kashi,2022-09-13,2022,09,0.0661498716,NRSC VIC MODEL
Uttarakhand,Uttar Kashi,2022-09-14,2022,09,0.5142244215,NRSC VIC MODEL
Uttarakhand,Uttar Kashi,2022-09-18,2022,09,6.0859534398,NRSC VIC MODEL
Uttarakhand,Uttar Kashi,2022-09-20,2022,09,2.3771511102,NRSC VIC MODEL
Uttarakhand,Uttar Kashi,2022-09-22,2022,09,18.7464250636,NRSC VIC MODEL
Uttarakhand,Uttar Kashi,2022-09-23,2022,09,5.0324086579,NRSC VIC MODEL
Uttarakhand,Uttar Kashi,2022-09-25,2022,09,14.9624105061,NRSC VIC MODEL
Uttarakhand,Uttar Kashi,2022-09-27,2022,09,0.4269528816,NRSC VIC MODEL
Uttarakhand,Uttar Kashi,2022-08-23,2022,08,0.550962868,NRSC VIC MODEL
Uttarakhand,Uttar Kashi,2022-10-06,2022,10,0.15311444,NRSC VIC MODEL
Uttarakhand,Uttar Kashi,2022-10-15,2022,10,0.0134446213,NRSC VIC MODEL
Uttarakhand,Uttar Kashi,2022-10-17,2022,10,0.3744983971,NRSC VIC MODEL
Uttarakhand,Uttar Kashi,2022-10-21,2022,10,1.8731084394,NRSC VIC MODEL
Uttarakhand,Uttar Kashi,2022-10-24,2022,10,0.0034475244,NRSC VIC MODEL
Uttarakhand,Uttar Kashi,2022-11-01,2022,11,0.0160281557,NRSC VIC MODEL
Uttarakhand,Uttar Kashi,2022-11-03,2022,11,0.2412407159,NRSC VIC MODEL
Uttarakhand,Uttar Kashi,2022-11-12,2022,11,0.0049085038,NRSC VIC MODEL
Uttarakhand,Uttar Kashi,2022-11-15,2022,11,3.3923638481,NRSC VIC MODEL
Uttarakhand,Uttar Kashi,2022-11-16,2022,11,0.0062397515,NRSC VIC MODEL
Uttarakhand,Uttar Kashi,2022-11-21,2022,11,0.0005368884,NRSC VIC MODEL
Uttarakhand,Uttar Kashi,2022-11-22,2022,11,0.1545927642,NRSC VIC MODEL
Uttarakhand,Uttar Kashi,2022-11-23,2022,11,0.0060554039,NRSC VIC MODEL
Uttarakhand,Uttar Kashi,2022-11-28,2022,11,0.0234669149,NRSC VIC MODEL
Uttarakhand,Uttar Kashi,2022-11-30,2022,11,0.0024804371,NRSC VIC MODEL
Uttarakhand,Uttar Kashi,2022-12-02,2022,12,0.0825987319,NRSC VIC MODEL
Uttarakhand,Uttar Kashi,2022-12-06,2022,12,0.0459750384,NRSC VIC MODEL
Uttarakhand,Uttar Kashi,2022-12-08,2022,12,0,NRSC VIC MODEL
Uttarakhand,Uttar Kashi,2022-12-16,2022,12,0,NRSC VIC MODEL
Uttarakhand,Uttar Kashi,2022-12-18,2022,12,0,NRSC VIC MODEL
Uttarakhand,Uttar Kashi,2022-12-21,2022,12,0,NRSC VIC MODEL
Uttarakhand,Almora,2022-03-17,2022,03,0,NRSC VIC MODEL
Uttarakhand,Almora,2022-03-18,2022,03,0.000699225,NRSC VIC MODEL
Uttarakhand,Almora,2022-03-22,2022,03,0.007396766,NRSC VIC MODEL
Uttarakhand,Almora,2022-03-23,2022,03,0.000598732,NRSC VIC MODEL
Uttarakhand,Almora,2022-03-24,2022,03,0.04138006,NRSC VIC MODEL
Uttarakhand,Almora,2022-03-26,2022,03,0,NRSC VIC MODEL
Uttarakhand,Almora,2022-03-31,2022,03,0.045611838,NRSC VIC MODEL
Uttarakhand,Almora,2022-04-16,2022,04,0.100452615,NRSC VIC MODEL
Uttarakhand,Almora,2022-04-17,2022,04,0,NRSC VIC MODEL
Uttarakhand,Almora,2022-04-20,2022,04,0.078133162,NRSC VIC MODEL
Uttarakhand,Almora,2022-05-04,2022,05,3.767104846,NRSC VIC MODEL
Uttarakhand,Almora,2022-05-13,2022,05,6.108097936,NRSC VIC MODEL
Uttarakhand,Almora,2022-05-20,2022,05,0.004653592,NRSC VIC MODEL
Uttarakhand,Almora,2022-05-26,2022,05,0.227316602,NRSC VIC MODEL
Uttarakhand,Almora,2022-05-27,2022,05,0,NRSC VIC MODEL
Uttarakhand,Almora,2022-05-30,2022,05,1.327788137,NRSC VIC MODEL
Uttarakhand,Almora,2022-06-02,2022,06,0,NRSC VIC MODEL
Uttarakhand,Almora,2022-06-03,2022,06,0,NRSC VIC MODEL
Uttarakhand,Almora,2022-06-11,2022,06,0.210790047,NRSC VIC MODEL
Uttarakhand,Almora,2022-06-14,2022,06,0.001226209,NRSC VIC MODEL
Uttarakhand,Almora,2022-06-22,2022,06,0.949665677,NRSC VIC MODEL
Uttarakhand,Almora,2022-06-23,2022,06,0,NRSC VIC MODEL
Uttarakhand,Almora,2022-06-25,2022,06,0.814842432,NRSC VIC MODEL
Uttarakhand,Almora,2022-06-28,2022,06,2.533206645,NRSC VIC MODEL
Uttarakhand,Almora,2022-07-13,2022,07,9.083827092,NRSC VIC MODEL
Uttarakhand,Almora,2022-07-16,2022,07,0.412292503,NRSC VIC MODEL
Uttarakhand,Almora,2022-07-27,2022,07,13.42277901,NRSC VIC MODEL
Uttarakhand,Almora,2022-08-02,2022,08,1.0966462669,NRSC VIC MODEL
Uttarakhand,Almora,2022-08-07,2022,08,6.4958322972,NRSC VIC MODEL
Uttarakhand,Almora,2022-08-08,2022,08,5.414578296,NRSC VIC MODEL
Uttarakhand,Almora,2022-08-11,2022,08,27.7431506275,NRSC VIC MODEL
Uttarakhand,Almora,2022-08-18,2022,08,0.0269645959,NRSC VIC MODEL
Uttarakhand,Almora,2022-08-28,2022,08,0.0070241085,NRSC VIC MODEL
Uttarakhand,Almora,2022-08-30,2022,08,1.7050722763,NRSC VIC MODEL
Uttarakhand,Almora,2022-09-07,2022,09,2.21816e-05,NRSC VIC MODEL
Uttarakhand,Almora,2022-09-12,2022,09,0.7384715985,NRSC VIC MODEL
Uttarakhand,Almora,2022-09-16,2022,09,15.0865476215,NRSC VIC MODEL
Uttarakhand,Almora,2022-09-20,2022,09,1.2749174569,NRSC VIC MODEL
Uttarakhand,Almora,2022-09-27,2022,09,0.3215692476,NRSC VIC MODEL
Uttarakhand,Almora,2022-08-23,2022,08,0.240237906,NRSC VIC MODEL
Uttarakhand,Almora,2022-10-08,2022,10,15.2724686702,NRSC VIC MODEL
Uttarakhand,Almora,2022-10-13,2022,10,0.0059231531,NRSC VIC MODEL
Uttarakhand,Almora,2022-10-16,2022,10,0,NRSC VIC MODEL
Uttarakhand,Almora,2022-10-18,2022,10,0.0170053474,NRSC VIC MODEL
Uttarakhand,Almora,2022-10-20,2022,10,0,NRSC VIC MODEL
Uttarakhand,Almora,2022-10-22,2022,10,0.0003683122,NRSC VIC MODEL
Uttarakhand,Almora,2022-10-26,2022,10,1.1384732499,NRSC VIC MODEL
Uttarakhand,Almora,2022-10-27,2022,10,0.2986740479,NRSC VIC MODEL
Uttarakhand,Almora,2022-10-29,2022,10,0.1337906718,NRSC VIC MODEL
Uttarakhand,Almora,2022-10-30,2022,10,0.8854608761,NRSC VIC MODEL
Uttarakhand,Almora,2022-11-04,2022,11,0.0003105431,NRSC VIC MODEL
Uttarakhand,Almora,2022-11-07,2022,11,0.0003937301,NRSC VIC MODEL
Uttarakhand,Almora,2022-11-10,2022,11,0.0051504474,NRSC VIC MODEL
Uttarakhand,Almora,2022-11-12,2022,11,0,NRSC VIC MODEL
Uttarakhand,Almora,2022-11-21,2022,11,0.1095201821,NRSC VIC MODEL
Uttarakhand,Almora,2022-11-24,2022,11,9.4274e-05,NRSC VIC MODEL
Uttarakhand,Almora,2022-11-26,2022,11,0.1046678182,NRSC VIC MODEL
Uttarakhand,Almora,2022-11-27,2022,11,0.0552091658,NRSC VIC MODEL
Uttarakhand,Almora,2022-11-30,2022,11,0.0325206987,NRSC VIC MODEL
Uttarakhand,Almora,2022-12-06,2022,12,0,NRSC VIC MODEL
Uttarakhand,Almora,2022-12-12,2022,12,0,NRSC VIC MODEL
Uttarakhand,Almora,2022-12-13,2022,12,0,NRSC VIC MODEL
Uttarakhand,Almora,2022-12-17,2022,12,0,NRSC VIC MODEL
Uttarakhand,Almora,2022-12-21,2022,12,0,NRSC VIC MODEL
Uttarakhand,Almora,2022-12-26,2022,12,0.0004396736,NRSC VIC MODEL
Uttarakhand,Bageshwar,2022-01-07,2022,01,0.606432817,NRSC VIC MODEL
Uttarakhand,Bageshwar,2022-01-10,2022,01,11.96165164,NRSC VIC MODEL
Uttarakhand,Bageshwar,2022-01-17,2022,01,0,NRSC VIC MODEL
Uttarakhand,Bageshwar,2022-01-22,2022,01,10.59391188,NRSC VIC MODEL
Uttarakhand,Bageshwar,2022-02-02,2022,02,0,NRSC VIC MODEL
Uttarakhand,Bageshwar,2022-02-05,2022,02,1.446468837,NRSC VIC MODEL
Uttarakhand,Bageshwar,2022-02-10,2022,02,4.640098709,NRSC VIC MODEL
Uttarakhand,Bageshwar,2022-02-15,2022,02,0.163367919,NRSC VIC MODEL
Uttarakhand,Bageshwar,2022-02-16,2022,02,1.319576371,NRSC VIC MODEL
Uttarakhand,Bageshwar,2022-02-21,2022,02,1.458814743,NRSC VIC MODEL
Uttarakhand,Bageshwar,2022-02-24,2022,02,14.12793943,NRSC VIC MODEL
Uttarakhand,Bageshwar,2022-03-20,2022,03,0.003636779,NRSC VIC MODEL
Uttarakhand,Bageshwar,2022-03-24,2022,03,0.699611416,NRSC VIC MODEL
Uttarakhand,Bageshwar,2022-03-25,2022,03,0.029722893,NRSC VIC MODEL
Uttarakhand,Bageshwar,2022-03-30,2022,03,0,NRSC VIC MODEL
Uttarakhand,Bageshwar,2022-04-07,2022,04,0,NRSC VIC MODEL
Uttarakhand,Bageshwar,2022-04-17,2022,04,0,NRSC VIC MODEL
Uttarakhand,Bageshwar,2022-04-19,2022,04,0.125695358,NRSC VIC MODEL
Uttarakhand,Bageshwar,2022-04-26,2022,04,0,NRSC VIC MODEL
Uttarakhand,Bageshwar,2022-04-27,2022,04,0,NRSC VIC MODEL
Uttarakhand,Bageshwar,2022-04-29,2022,04,5.200803507,NRSC VIC MODEL
Uttarakhand,Bageshwar,2022-05-03,2022,05,2.19050647,NRSC VIC MODEL
Uttarakhand,Bageshwar,2022-05-07,2022,05,5.411479134,NRSC VIC MODEL
Uttarakhand,Bageshwar,2022-05-14,2022,05,4.437471421,NRSC VIC MODEL
Uttarakhand,Bageshwar,2022-05-15,2022,05,0.561174457,NRSC VIC MODEL
Uttarakhand,Bageshwar,2022-05-17,2022,05,6.784733511,NRSC VIC MODEL
Uttarakhand,Bageshwar,2022-05-18,2022,05,2.432924373,NRSC VIC MODEL
Uttarakhand,Bageshwar,2022-06-02,2022,06,0.000352589,NRSC VIC MODEL
Uttarakhand,Bageshwar,2022-06-18,2022,06,9.414546412,NRSC VIC MODEL
Uttarakhand,Bageshwar,2022-06-19,2022,06,1.159123381,NRSC VIC MODEL
Uttarakhand,Bageshwar,2022-06-20,2022,06,9.303030308,NRSC VIC MODEL
Uttarakhand,Bageshwar,2022-06-25,2022,06,8.223223498,NRSC VIC MODEL
Uttarakhand,Bageshwar,2022-07-10,2022,07,12.93292558,NRSC VIC MODEL
Uttarakhand,Bageshwar,2022-07-18,2022,07,1.264523529,NRSC VIC MODEL
Uttarakhand,Bageshwar,2022-07-21,2022,07,13.50741364,NRSC VIC MODEL
Uttarakhand,Bageshwar,2022-07-22,2022,07,4.930468565,NRSC VIC MODEL
Uttarakhand,Bageshwar,2022-08-07,2022,08,32.2066494943,NRSC VIC MODEL
Uttarakhand,Bageshwar,2022-08-10,2022,08,0.9484679485,NRSC VIC MODEL
Uttarakhand,Bageshwar,2022-08-25,2022,08,27.2199555952,NRSC VIC MODEL
Uttarakhand,Bageshwar,2022-08-26,2022,08,5.344459985,NRSC VIC MODEL
Uttarakhand,Bageshwar,2022-09-01,2022,09,9.9159633412,NRSC VIC MODEL
Uttarakhand,Bageshwar,2022-09-02,2022,09,16.6652109199,NRSC VIC MODEL
Uttarakhand,Bageshwar,2022-09-05,2022,09,5.0881924343,NRSC VIC MODEL
Uttarakhand,Bageshwar,2022-09-24,2022,09,11.9243291263,NRSC VIC MODEL
Uttarakhand,Bageshwar,2022-10-21,2022,10,1.2278252289,NRSC VIC MODEL
Uttarakhand,Bageshwar,2022-10-23,2022,10,0.0321321007,NRSC VIC MODEL
Uttarakhand,Bageshwar,2022-10-24,2022,10,0.0986946594,NRSC VIC MODEL
Uttarakhand,Bageshwar,2022-10-28,2022,10,0.1132151308,NRSC VIC MODEL
Uttarakhand,Bageshwar,2022-11-03,2022,11,0.0209515766,NRSC VIC MODEL
Uttarakhand,Bageshwar,2022-11-06,2022,11,0,NRSC VIC MODEL
Uttarakhand,Bageshwar,2022-11-10,2022,11,3.9419362527,NRSC VIC MODEL
Uttarakhand,Bageshwar,2022-11-13,2022,11,0,NRSC VIC MODEL
Uttarakhand,Bageshwar,2022-11-29,2022,11,0,NRSC VIC MODEL
Uttarakhand,Bageshwar,2022-12-07,2022,12,0,NRSC VIC MODEL
Uttarakhand,Bageshwar,2022-12-09,2022,12,0,NRSC VIC MODEL
Uttarakhand,Bageshwar,2022-12-12,2022,12,0,NRSC VIC MODEL
Uttarakhand,Bageshwar,2022-12-13,2022,12,0,NRSC VIC MODEL
Uttarakhand,Bageshwar,2022-12-22,2022,12,0,NRSC VIC MODEL
Uttarakhand,Bageshwar,2022-12-24,2022,12,0,NRSC VIC MODEL
Uttarakhand,Bageshwar,2022-12-26,2022,12,0,NRSC VIC MODEL
Uttarakhand,Bageshwar,2022-12-29,2022,12,0,NRSC VIC MODEL
Uttarakhand,Chamoli,2022-01-03,2022,01,0,NRSC VIC MODEL
Uttarakhand,Chamoli,2022-01-05,2022,01,5.178387174,NRSC VIC MODEL
Uttarakhand,Chamoli,2022-01-13,2022,01,1.067653107,NRSC VIC MODEL
Uttarakhand,Chamoli,2022-01-17,2022,01,0,NRSC VIC MODEL
Uttarakhand,Chamoli,2022-01-21,2022,01,1.503147801,NRSC VIC MODEL
Uttarakhand,Chamoli,2022-02-13,2022,02,0.028110369,NRSC VIC MODEL
Uttarakhand,Chamoli,2022-02-16,2022,02,1.469873261,NRSC VIC MODEL
Uttarakhand,Chamoli,2022-02-19,2022,02,2.443285362,NRSC VIC MODEL
Uttarakhand,Chamoli,2022-02-21,2022,02,3.186936104,NRSC VIC MODEL
Uttarakhand,Chamoli,2022-02-23,2022,02,0.668623988,NRSC VIC MODEL
Uttarakhand,Chamoli,2022-02-26,2022,02,1.236196252,NRSC VIC MODEL
Uttarakhand,Chamoli,2022-02-27,2022,02,19.92436616,NRSC VIC MODEL
Uttarakhand,Chamoli,2022-03-04,2022,03,0,NRSC VIC MODEL
Uttarakhand,Chamoli,2022-03-05,2022,03,0.009756812,NRSC VIC MODEL
Uttarakhand,Chamoli,2022-03-16,2022,03,1.581508473,NRSC VIC MODEL
Uttarakhand,Chamoli,2022-03-22,2022,03,0.691218698,NRSC VIC MODEL
Uttarakhand,Chamoli,2022-03-23,2022,03,0.068458821,NRSC VIC MODEL
Uttarakhand,Chamoli,2022-03-30,2022,03,0,NRSC VIC MODEL
Uttarakhand,Chamoli,2022-04-12,2022,04,0.744064874,NRSC VIC MODEL
Uttarakhand,Chamoli,2022-04-14,2022,04,0.82461529,NRSC VIC MODEL
Uttarakhand,Chamoli,2022-04-16,2022,04,0.090074535,NRSC VIC MODEL
Uttarakhand,Chamoli,2022-05-17,2022,05,8.379012053,NRSC VIC MODEL
Uttarakhand,Chamoli,2022-05-19,2022,05,1.452599864,NRSC VIC MODEL
Uttarakhand,Chamoli,2022-05-23,2022,05,4.693359233,NRSC VIC MODEL
Uttarakhand,Chamoli,2022-05-29,2022,05,2.347746965,NRSC VIC MODEL
Uttarakhand,Chamoli,2022-06-03,2022,06,0,NRSC VIC MODEL
Uttarakhand,Chamoli,2022-06-10,2022,06,0.344398382,NRSC VIC MODEL
Uttarakhand,Chamoli,2022-06-12,2022,06,4.312860393,NRSC VIC MODEL
Uttarakhand,Chamoli,2022-06-14,2022,06,1.41072359,NRSC VIC MODEL
Uttarakhand,Chamoli,2022-06-15,2022,06,0.427822699,NRSC VIC MODEL
Uttarakhand,Chamoli,2022-06-17,2022,06,0.253561213,NRSC VIC MODEL
Uttarakhand,Chamoli,2022-06-21,2022,06,3.074230778,NRSC VIC MODEL
Uttarakhand,Chamoli,2022-07-03,2022,07,5.018596022,NRSC VIC MODEL
Uttarakhand,Chamoli,2022-07-09,2022,07,49.10053617,NRSC VIC MODEL
Uttarakhand,Chamoli,2022-07-15,2022,07,4.230794235,NRSC VIC MODEL
Uttarakhand,Chamoli,2022-07-17,2022,07,12.88494232,NRSC VIC MODEL
Uttarakhand,Chamoli,2022-07-18,2022,07,4.914464364,NRSC VIC MODEL
Uttarakhand,Chamoli,2022-07-24,2022,07,18.38742035,NRSC VIC MODEL
Uttarakhand,Chamoli,2022-07-31,2022,07,6.453564943,NRSC VIC MODEL
Uttarakhand,Chamoli,2022-08-01,2022,08,3.554194828,NRSC VIC MODEL
Uttarakhand,Chamoli,2022-08-02,2022,08,0.6854653418,NRSC VIC MODEL
Uttarakhand,Chamoli,2022-08-03,2022,08,8.1804949789,NRSC VIC MODEL
Uttarakhand,Chamoli,2022-08-06,2022,08,35.5054675418,NRSC VIC MODEL
Uttarakhand,Chamoli,2022-08-08,2022,08,0.6775048524,NRSC VIC MODEL
Uttarakhand,Chamoli,2022-08-09,2022,08,4.329225133,NRSC VIC MODEL
Uttarakhand,Chamoli,2022-08-16,2022,08,7.5532131507,NRSC VIC MODEL
Uttarakhand,Chamoli,2022-08-17,2022,08,0.9562125251,NRSC VIC MODEL
Uttarakhand,Chamoli,2022-08-22,2022,08,6.3613310737,NRSC VIC MODEL
Uttarakhand,Chamoli,2022-08-25,2022,08,18.3700248391,NRSC VIC MODEL
Uttarakhand,Chamoli,2022-08-27,2022,08,1.6019971599,NRSC VIC MODEL
Uttarakhand,Chamoli,2022-08-28,2022,08,0.6604734342,NRSC VIC MODEL
Uttarakhand,Chamoli,2022-09-09,2022,09,0.2820605793,NRSC VIC MODEL
Uttarakhand,Chamoli,2022-09-11,2022,09,2.8069390513,NRSC VIC MODEL
Uttarakhand,Almora,2022-01-01,2022,01,0,NRSC VIC MODEL
Uttarakhand,Almora,2022-01-14,2022,01,0,NRSC VIC MODEL
Uttarakhand,Almora,2022-01-18,2022,01,0.113035731,NRSC VIC MODEL
Uttarakhand,Almora,2022-01-20,2022,01,0.209051296,NRSC VIC MODEL
Uttarakhand,Almora,2022-01-24,2022,01,6.576469294,NRSC VIC MODEL
Uttarakhand,Almora,2022-01-26,2022,01,1.536538961,NRSC VIC MODEL
Uttarakhand,Almora,2022-01-29,2022,01,0,NRSC VIC MODEL
Uttarakhand,Almora,2022-01-30,2022,01,0,NRSC VIC MODEL
Uttarakhand,Almora,2022-02-06,2022,02,0.002796901,NRSC VIC MODEL
Uttarakhand,Almora,2022-02-12,2022,02,0,NRSC VIC MODEL
Uttarakhand,Almora,2022-02-26,2022,02,5.14630637,NRSC VIC MODEL
Uttarakhand,Almora,2022-03-01,2022,03,3.41e-05,NRSC VIC MODEL
Uttarakhand,Almora,2022-03-06,2022,03,0,NRSC VIC MODEL
Uttarakhand,Almora,2022-03-10,2022,03,0,NRSC VIC MODEL
Uttarakhand,Almora,2022-03-14,2022,03,0.002089149,NRSC VIC MODEL
Uttarakhand,Rudra Prayag,2022-12-21,2022,12,0,NRSC VIC MODEL
Uttarakhand,Rudra Prayag,2022-12-22,2022,12,0,NRSC VIC MODEL
Uttarakhand,Rudra Prayag,2022-12-28,2022,12,0,NRSC VIC MODEL
Uttarakhand,Tehri Garhwal,2022-01-09,2022,01,43.87287815,NRSC VIC MODEL
Uttarakhand,Tehri Garhwal,2022-01-18,2022,01,0.009548226,NRSC VIC MODEL
Uttarakhand,Tehri Garhwal,2022-01-25,2022,01,0.850364166,NRSC VIC MODEL
Uttarakhand,Tehri Garhwal,2022-01-28,2022,01,0,NRSC VIC MODEL
Uttarakhand,Tehri Garhwal,2022-01-29,2022,01,0,NRSC VIC MODEL
Uttarakhand,Tehri Garhwal,2022-02-03,2022,02,2.500920045,NRSC VIC MODEL
Uttarakhand,Tehri Garhwal,2022-02-04,2022,02,18.45484746,NRSC VIC MODEL
Uttarakhand,Tehri Garhwal,2022-02-07,2022,02,0.176778385,NRSC VIC MODEL
Uttarakhand,Tehri Garhwal,2022-02-18,2022,02,0.215890696,NRSC VIC MODEL
Uttarakhand,Tehri Garhwal,2022-03-15,2022,03,0.301736192,NRSC VIC MODEL
Uttarakhand,Tehri Garhwal,2022-03-16,2022,03,0.45666671,NRSC VIC MODEL
Uttarakhand,Tehri Garhwal,2022-03-20,2022,03,0.000265607,NRSC VIC MODEL
Uttarakhand,Tehri Garhwal,2022-03-24,2022,03,0.009324554,NRSC VIC MODEL
Uttarakhand,Tehri Garhwal,2022-03-25,2022,03,0.386233405,NRSC VIC MODEL
Uttarakhand,Tehri Garhwal,2022-03-26,2022,03,0,NRSC VIC MODEL
Uttarakhand,Tehri Garhwal,2022-03-30,2022,03,0,NRSC VIC MODEL
Uttarakhand,Tehri Garhwal,2022-04-02,2022,04,0,NRSC VIC MODEL
Uttarakhand,Tehri Garhwal,2022-04-04,2022,04,0.000120271,NRSC VIC MODEL
Uttarakhand,Tehri Garhwal,2022-04-12,2022,04,0,NRSC VIC MODEL
Uttarakhand,Tehri Garhwal,2022-04-16,2022,04,1.212198852,NRSC VIC MODEL
Uttarakhand,Tehri Garhwal,2022-04-19,2022,04,0.596567896,NRSC VIC MODEL
Uttarakhand,Tehri Garhwal,2022-04-25,2022,04,0.000572432,NRSC VIC MODEL
Uttarakhand,Tehri Garhwal,2022-05-07,2022,05,6.103612028,NRSC VIC MODEL
Uttarakhand,Tehri Garhwal,2022-05-11,2022,05,4.508163441,NRSC VIC MODEL
Uttarakhand,Tehri Garhwal,2022-05-13,2022,05,8.695823968,NRSC VIC MODEL
Uttarakhand,Tehri Garhwal,2022-05-18,2022,05,4.002391549,NRSC VIC MODEL
Uttarakhand,Tehri Garhwal,2022-05-23,2022,05,8.739396191,NRSC VIC MODEL
Uttarakhand,Tehri Garhwal,2022-05-31,2022,05,0.313911194,NRSC VIC MODEL
Uttarakhand,Tehri Garhwal,2022-06-05,2022,06,0,NRSC VIC MODEL
Uttarakhand,Tehri Garhwal,2022-06-07,2022,06,0,NRSC VIC MODEL
Uttarakhand,Tehri Garhwal,2022-06-16,2022,06,11.68408298,NRSC VIC MODEL
Uttarakhand,Tehri Garhwal,2022-06-27,2022,06,6.739188197,NRSC VIC MODEL
Uttarakhand,Tehri Garhwal,2022-06-29,2022,06,3.812095469,NRSC VIC MODEL
Uttarakhand,Tehri Garhwal,2022-06-30,2022,06,23.96991048,NRSC VIC MODEL
Uttarakhand,Tehri Garhwal,2022-07-15,2022,07,4.280285407,NRSC VIC MODEL
Uttarakhand,Tehri Garhwal,2022-07-27,2022,07,17.81345951,NRSC VIC MODEL
Uttarakhand,Tehri Garhwal,2022-07-28,2022,07,20.55475724,NRSC VIC MODEL
Uttarakhand,Tehri Garhwal,2022-08-03,2022,08,10.3082141559,NRSC VIC MODEL
Uttarakhand,Tehri Garhwal,2022-08-07,2022,08,20.5020314746,NRSC VIC MODEL
Uttarakhand,Tehri Garhwal,2022-08-22,2022,08,10.7844336652,NRSC VIC MODEL
Uttarakhand,Tehri Garhwal,2022-08-27,2022,08,4.1152772859,NRSC VIC MODEL
Uttarakhand,Tehri Garhwal,2022-08-29,2022,08,25.0435517916,NRSC VIC MODEL
Uttarakhand,Tehri Garhwal,2022-09-04,2022,09,2.2868429624,NRSC VIC MODEL
Uttarakhand,Tehri Garhwal,2022-09-05,2022,09,3.5061149813,NRSC VIC MODEL
Uttarakhand,Tehri Garhwal,2022-09-13,2022,09,1.640904168,NRSC VIC MODEL
Uttarakhand,Tehri Garhwal,2022-09-15,2022,09,21.1262453403,NRSC VIC MODEL
Uttarakhand,Tehri Garhwal,2022-09-16,2022,09,39.7047572681,NRSC VIC MODEL
Uttarakhand,Tehri Garhwal,2022-09-19,2022,09,3.5585961261,NRSC VIC MODEL
Uttarakhand,Tehri Garhwal,2022-09-23,2022,09,5.827282253,NRSC VIC MODEL
Uttarakhand,Tehri Garhwal,2022-09-28,2022,09,0.0001202033,NRSC VIC MODEL
Uttarakhand,Tehri Garhwal,2022-09-30,2022,09,0.0468565786,NRSC VIC MODEL
Uttarakhand,Tehri Garhwal,2022-10-01,2022,10,0.4349745586,NRSC VIC MODEL
Uttarakhand,Tehri Garhwal,2022-10-04,2022,10,0.0001405817,NRSC VIC MODEL
Uttarakhand,Tehri Garhwal,2022-10-07,2022,10,0.7799891498,NRSC VIC MODEL
Uttarakhand,Tehri Garhwal,2022-10-09,2022,10,16.0620732079,NRSC VIC MODEL
Uttarakhand,Tehri Garhwal,2022-10-10,2022,10,1.673811602,NRSC VIC MODEL
Uttarakhand,Tehri Garhwal,2022-10-19,2022,10,1.0355946149,NRSC VIC MODEL
Uttarakhand,Tehri Garhwal,2022-11-03,2022,11,0.0063901275,NRSC VIC MODEL
Uttarakhand,Tehri Garhwal,2022-11-07,2022,11,0,NRSC VIC MODEL
Uttarakhand,Tehri Garhwal,2022-11-09,2022,11,0.389346489,NRSC VIC MODEL
Uttarakhand,Tehri Garhwal,2022-11-11,2022,11,2.116774227,NRSC VIC MODEL
Uttarakhand,Tehri Garhwal,2022-11-20,2022,11,0,NRSC VIC MODEL
Uttarakhand,Tehri Garhwal,2022-11-27,2022,11,0.0286928548,NRSC VIC MODEL
Uttarakhand,Tehri Garhwal,2022-12-02,2022,12,0.0193141087,NRSC VIC MODEL
Uttarakhand,Tehri Garhwal,2022-12-12,2022,12,0,NRSC VIC MODEL
Uttarakhand,Tehri Garhwal,2022-12-20,2022,12,0,NRSC VIC MODEL
Uttarakhand,Tehri Garhwal,2022-12-22,2022,12,0,NRSC VIC MODEL
Uttarakhand,Tehri Garhwal,2022-12-27,2022,12,0,NRSC VIC MODEL
Uttarakhand,Udam Singh Nagar,2022-01-01,2022,01,0,NRSC VIC MODEL
Uttarakhand,Udam Singh Nagar,2022-01-03,2022,01,0,NRSC VIC MODEL
Uttarakhand,Udam Singh Nagar,2022-01-06,2022,01,50.52517578,NRSC VIC MODEL
Uttarakhand,Udam Singh Nagar,2022-01-10,2022,01,19.73360681,NRSC VIC MODEL
Uttarakhand,Udam Singh Nagar,2022-01-14,2022,01,0.050525924,NRSC VIC MODEL
Uttarakhand,Udam Singh Nagar,2022-01-17,2022,01,0,NRSC VIC MODEL
Uttarakhand,Udam Singh Nagar,2022-01-18,2022,01,0,NRSC VIC MODEL
Uttarakhand,Udam Singh Nagar,2022-01-21,2022,01,1.008669222,NRSC VIC MODEL
Uttarakhand,Udam Singh Nagar,2022-01-26,2022,01,0.034357628,NRSC VIC MODEL
Uttarakhand,Udam Singh Nagar,2022-01-29,2022,01,0,NRSC VIC MODEL
Uttarakhand,Udam Singh Nagar,2022-02-01,2022,02,0.000151578,NRSC VIC MODEL
Uttarakhand,Udam Singh Nagar,2022-02-14,2022,02,0,NRSC VIC MODEL
Uttarakhand,Udam Singh Nagar,2022-03-06,2022,03,0.141957635,NRSC VIC MODEL
Uttarakhand,Udam Singh Nagar,2022-03-07,2022,03,0.011247071,NRSC VIC MODEL
Uttarakhand,Udam Singh Nagar,2022-03-08,2022,03,0,NRSC VIC MODEL
Uttarakhand,Udam Singh Nagar,2022-03-09,2022,03,0,NRSC VIC MODEL
Uttarakhand,Udam Singh Nagar,2022-03-13,2022,03,0,NRSC VIC MODEL
Uttarakhand,Udam Singh Nagar,2022-03-16,2022,03,0.017087867,NRSC VIC MODEL
Uttarakhand,Udam Singh Nagar,2022-03-29,2022,03,0,NRSC VIC MODEL
Uttarakhand,Udam Singh Nagar,2022-03-31,2022,03,0.043305461,NRSC VIC MODEL
Uttarakhand,Udam Singh Nagar,2022-04-02,2022,04,0.007487086,NRSC VIC MODEL
Uttarakhand,Udam Singh Nagar,2022-04-05,2022,04,0,NRSC VIC MODEL
Uttarakhand,Udam Singh Nagar,2022-04-13,2022,04,0,NRSC VIC MODEL
Uttarakhand,Udam Singh Nagar,2022-04-17,2022,04,0,NRSC VIC MODEL
Uttarakhand,Udam Singh Nagar,2022-04-21,2022,04,0,NRSC VIC MODEL
Uttarakhand,Udam Singh Nagar,2022-04-25,2022,04,0,NRSC VIC MODEL
Uttarakhand,Udam Singh Nagar,2022-04-26,2022,04,0.001855205,NRSC VIC MODEL
Uttarakhand,Udam Singh Nagar,2022-04-28,2022,04,0.021102426,NRSC VIC MODEL
Uttarakhand,Udam Singh Nagar,2022-04-30,2022,04,0.203539308,NRSC VIC MODEL
Uttarakhand,Udam Singh Nagar,2022-05-03,2022,05,2.78e-06,NRSC VIC MODEL
Uttarakhand,Udam Singh Nagar,2022-05-04,2022,05,2e-05,NRSC VIC MODEL
Uttarakhand,Udam Singh Nagar,2022-05-11,2022,05,2.720431922,NRSC VIC MODEL
Uttarakhand,Udam Singh Nagar,2022-05-13,2022,05,18.61418555,NRSC VIC MODEL
Uttarakhand,Udam Singh Nagar,2022-05-23,2022,05,10.62670864,NRSC VIC MODEL
Uttarakhand,Udam Singh Nagar,2022-05-24,2022,05,20.5409056,NRSC VIC MODEL
Uttarakhand,Udam Singh Nagar,2022-05-31,2022,05,0.004189325,NRSC VIC MODEL
Uttarakhand,Udam Singh Nagar,2022-06-01,2022,06,0,NRSC VIC MODEL
Uttarakhand,Udam Singh Nagar,2022-06-09,2022,06,5.57e-07,NRSC VIC MODEL
Uttarakhand,Udam Singh Nagar,2022-06-15,2022,06,1.11e-06,NRSC VIC MODEL
Uttarakhand,Udam Singh Nagar,2022-06-16,2022,06,0.171514133,NRSC VIC MODEL
Uttarakhand,Udam Singh Nagar,2022-06-28,2022,06,43.38932413,NRSC VIC MODEL
Uttarakhand,Udam Singh Nagar,2022-07-01,2022,07,4.282106129,NRSC VIC MODEL
Uttarakhand,Udam Singh Nagar,2022-07-10,2022,07,44.92375751,NRSC VIC MODEL
Uttarakhand,Udam Singh Nagar,2022-07-22,2022,07,0.991388043,NRSC VIC MODEL
Uttarakhand,Udam Singh Nagar,2022-07-30,2022,07,14.52253537,NRSC VIC MODEL
Uttarakhand,Udam Singh Nagar,2022-08-03,2022,08,12.5378262677,NRSC VIC MODEL
Uttarakhand,Udam Singh Nagar,2022-08-07,2022,08,7.5892913342,NRSC VIC MODEL
Uttarakhand,Udam Singh Nagar,2022-08-13,2022,08,0,NRSC VIC MODEL
Uttarakhand,Udam Singh Nagar,2022-02-02,2022,02,0,NRSC VIC MODEL
Uttarakhand,Udam Singh Nagar,2022-04-10,2022,04,0,NRSC VIC MODEL
Uttarakhand,Udam Singh Nagar,2022-09-10,2022,09,8.9843913366,NRSC VIC MODEL
Uttarakhand,Udam Singh Nagar,2022-09-14,2022,09,1.4177239596,NRSC VIC MODEL
Uttarakhand,Udam Singh Nagar,2022-09-29,2022,09,0,NRSC VIC MODEL
Uttarakhand,Udam Singh Nagar,2022-10-09,2022,10,97.0362404649,NRSC VIC MODEL
Uttarakhand,Udam Singh Nagar,2022-10-11,2022,10,15.5933905688,NRSC VIC MODEL
Uttarakhand,Udam Singh Nagar,2022-10-12,2022,10,1.0435809729,NRSC VIC MODEL
Uttarakhand,Udam Singh Nagar,2022-10-13,2022,10,2.2254e-06,NRSC VIC MODEL
Uttarakhand,Udam Singh Nagar,2022-10-19,2022,10,1.1127e-06,NRSC VIC MODEL
Uttarakhand,Udam Singh Nagar,2022-11-04,2022,11,0,NRSC VIC MODEL
Uttarakhand,Udam Singh Nagar,2022-11-07,2022,11,0,NRSC VIC MODEL
Uttarakhand,Udam Singh Nagar,2022-11-10,2022,11,0,NRSC VIC MODEL
Uttarakhand,Udam Singh Nagar,2022-11-14,2022,11,0,NRSC VIC MODEL
Uttarakhand,Udam Singh Nagar,2022-11-16,2022,11,1.1127e-06,NRSC VIC MODEL
Uttarakhand,Udam Singh Nagar,2022-11-21,2022,11,0,NRSC VIC MODEL
Uttarakhand,Udam Singh Nagar,2022-11-24,2022,11,0,NRSC VIC MODEL
Uttarakhand,Udam Singh Nagar,2022-11-25,2022,11,0,NRSC VIC MODEL
Uttarakhand,Udam Singh Nagar,2022-12-08,2022,12,0,NRSC VIC MODEL
Uttarakhand,Udam Singh Nagar,2022-12-11,2022,12,0,NRSC VIC MODEL
Uttarakhand,Udam Singh Nagar,2022-12-17,2022,12,0,NRSC VIC MODEL
Uttarakhand,Udam Singh Nagar,2022-12-26,2022,12,0,NRSC VIC MODEL
Uttarakhand,Udam Singh Nagar,2022-12-27,2022,12,0,NRSC VIC MODEL
Uttarakhand,Udam Singh Nagar,2022-12-28,2022,12,0,NRSC VIC MODEL
Uttarakhand,Uttar Kashi,2022-01-01,2022,01,0.09619563,NRSC VIC MODEL
Uttarakhand,Uttar Kashi,2022-01-03,2022,01,0,NRSC VIC MODEL
Uttarakhand,Uttar Kashi,2022-01-05,2022,01,6.466605249,NRSC VIC MODEL
Uttarakhand,Uttar Kashi,2022-01-14,2022,01,2.23770937,NRSC VIC MODEL
Uttarakhand,Uttar Kashi,2022-01-15,2022,01,0,NRSC VIC MODEL
Uttarakhand,Uttar Kashi,2022-01-20,2022,01,2.120417044,NRSC VIC MODEL
Uttarakhand,Uttar Kashi,2022-01-29,2022,01,0.000995127,NRSC VIC MODEL
Uttarakhand,Uttar Kashi,2022-02-14,2022,02,0.089793645,NRSC VIC MODEL
Uttarakhand,Uttar Kashi,2022-02-16,2022,02,1.266604538,NRSC VIC MODEL
Uttarakhand,Uttar Kashi,2022-02-24,2022,02,13.85853285,NRSC VIC MODEL
Uttarakhand,Uttar Kashi,2022-03-06,2022,03,0.030530503,NRSC VIC MODEL
Uttarakhand,Uttar Kashi,2022-03-19,2022,03,0.021027038,NRSC VIC MODEL
Uttarakhand,Uttar Kashi,2022-03-30,2022,03,0.070057986,NRSC VIC MODEL
Uttarakhand,Uttar Kashi,2022-03-31,2022,03,0.137858753,NRSC VIC MODEL
Uttarakhand,Uttar Kashi,2022-04-02,2022,04,0.047766106,NRSC VIC MODEL
Uttarakhand,Uttar Kashi,2022-04-21,2022,04,0.241648149,NRSC VIC MODEL
Uttarakhand,Uttar Kashi,2022-04-28,2022,04,0,NRSC VIC MODEL
Uttarakhand,Uttar Kashi,2022-05-02,2022,05,1.78800245,NRSC VIC MODEL
Uttarakhand,Uttar Kashi,2022-05-05,2022,05,0.250025877,NRSC VIC MODEL
Uttarakhand,Uttar Kashi,2022-05-10,2022,05,1.707953473,NRSC VIC MODEL
Uttarakhand,Uttar Kashi,2022-05-12,2022,05,1.126381353,NRSC VIC MODEL
Uttarakhand,Chamoli,2022-09-20,2022,09,1.9652739244,NRSC VIC MODEL
Uttarakhand,Chamoli,2022-10-04,2022,10,0.1023451557,NRSC VIC MODEL
Uttarakhand,Chamoli,2022-10-09,2022,10,61.766863351,NRSC VIC MODEL
Uttarakhand,Chamoli,2022-10-13,2022,10,0.493121868,NRSC VIC MODEL
Uttarakhand,Chamoli,2022-10-17,2022,10,0.1074241733,NRSC VIC MODEL
Uttarakhand,Chamoli,2022-10-19,2022,10,0.3245180398,NRSC VIC MODEL
Uttarakhand,Chamoli,2022-10-21,2022,10,0.0747198336,NRSC VIC MODEL
Uttarakhand,Chamoli,2022-10-23,2022,10,0.0444768731,NRSC VIC MODEL
Uttarakhand,Chamoli,2022-10-26,2022,10,0.0776693901,NRSC VIC MODEL
Uttarakhand,Chamoli,2022-10-28,2022,10,0.1383103149,NRSC VIC MODEL
Uttarakhand,Chamoli,2022-10-29,2022,10,0.0334343842,NRSC VIC MODEL
Uttarakhand,Chamoli,2022-10-31,2022,10,0.0330816528,NRSC VIC MODEL
Uttarakhand,Chamoli,2022-11-03,2022,11,0.0500219353,NRSC VIC MODEL
Uttarakhand,Chamoli,2022-11-05,2022,11,0.0505270024,NRSC VIC MODEL
Uttarakhand,Chamoli,2022-11-08,2022,11,0,NRSC VIC MODEL
Uttarakhand,Chamoli,2022-11-10,2022,11,4.4635409767,NRSC VIC MODEL
Uttarakhand,Chamoli,2022-11-13,2022,11,0.0056100502,NRSC VIC MODEL
Uttarakhand,Chamoli,2022-11-15,2022,11,1.9884861099,NRSC VIC MODEL
Uttarakhand,Chamoli,2022-11-16,2022,11,0.1952263495,NRSC VIC MODEL
Uttarakhand,Chamoli,2022-12-08,2022,12,0,NRSC VIC MODEL
Uttarakhand,Chamoli,2022-12-10,2022,12,0.2578091652,NRSC VIC MODEL
Uttarakhand,Chamoli,2022-12-12,2022,12,0,NRSC VIC MODEL
Uttarakhand,Chamoli,2022-12-26,2022,12,0.0001715218,NRSC VIC MODEL
Uttarakhand,Champawat,2022-01-13,2022,01,0.031179433,NRSC VIC MODEL
Uttarakhand,Champawat,2022-01-14,2022,01,0,NRSC VIC MODEL
Uttarakhand,Champawat,2022-01-17,2022,01,0,NRSC VIC MODEL
Uttarakhand,Champawat,2022-01-20,2022,01,0.42325167,NRSC VIC MODEL
Uttarakhand,Champawat,2022-01-23,2022,01,4.348099832,NRSC VIC MODEL
Uttarakhand,Champawat,2022-01-28,2022,01,0.000487179,NRSC VIC MODEL
Uttarakhand,Champawat,2022-01-29,2022,01,0,NRSC VIC MODEL
Uttarakhand,Champawat,2022-01-30,2022,01,0,NRSC VIC MODEL
Uttarakhand,Champawat,2022-02-01,2022,02,0,NRSC VIC MODEL
Uttarakhand,Champawat,2022-02-04,2022,02,34.40233298,NRSC VIC MODEL
Uttarakhand,Champawat,2022-02-07,2022,02,0.005572106,NRSC VIC MODEL
Uttarakhand,Champawat,2022-02-09,2022,02,0.117760212,NRSC VIC MODEL
Uttarakhand,Champawat,2022-02-13,2022,02,0,NRSC VIC MODEL
Uttarakhand,Champawat,2022-02-19,2022,02,0,NRSC VIC MODEL
Uttarakhand,Champawat,2022-02-22,2022,02,0.000974357,NRSC VIC MODEL
Uttarakhand,Champawat,2022-03-05,2022,03,0,NRSC VIC MODEL
Uttarakhand,Champawat,2022-03-26,2022,03,0,NRSC VIC MODEL
Uttarakhand,Champawat,2022-03-28,2022,03,0,NRSC VIC MODEL
Uttarakhand,Champawat,2022-04-06,2022,04,0.000311438,NRSC VIC MODEL
Uttarakhand,Champawat,2022-04-14,2022,04,1.074161917,NRSC VIC MODEL
Uttarakhand,Champawat,2022-04-16,2022,04,0.049620563,NRSC VIC MODEL
Uttarakhand,Champawat,2022-04-21,2022,04,0,NRSC VIC MODEL
Uttarakhand,Champawat,2022-05-06,2022,05,0.24794912,NRSC VIC MODEL
Uttarakhand,Champawat,2022-05-14,2022,05,2.101789454,NRSC VIC MODEL
Uttarakhand,Champawat,2022-05-20,2022,05,0.026556446,NRSC VIC MODEL
Uttarakhand,Champawat,2022-05-21,2022,05,1.460441738,NRSC VIC MODEL
Uttarakhand,Champawat,2022-05-23,2022,05,3.195230938,NRSC VIC MODEL
Uttarakhand,Champawat,2022-05-25,2022,05,1.454986386,NRSC VIC MODEL
Uttarakhand,Champawat,2022-05-26,2022,05,0.290060494,NRSC VIC MODEL
Uttarakhand,Champawat,2022-05-30,2022,05,0.950138136,NRSC VIC MODEL
Uttarakhand,Champawat,2022-06-08,2022,06,0.001071593,NRSC VIC MODEL
Uttarakhand,Champawat,2022-06-11,2022,06,0.101885782,NRSC VIC MODEL
Uttarakhand,Champawat,2022-06-19,2022,06,1.79463251,NRSC VIC MODEL
Uttarakhand,Champawat,2022-06-25,2022,06,1.975636615,NRSC VIC MODEL
Uttarakhand,Champawat,2022-07-01,2022,07,7.905512132,NRSC VIC MODEL
Uttarakhand,Champawat,2022-07-07,2022,07,15.11398967,NRSC VIC MODEL
Uttarakhand,Champawat,2022-07-10,2022,07,8.16222939,NRSC VIC MODEL
Uttarakhand,Champawat,2022-07-11,2022,07,0.020664547,NRSC VIC MODEL
Uttarakhand,Champawat,2022-07-16,2022,07,0,NRSC VIC MODEL
Uttarakhand,Champawat,2022-07-18,2022,07,1.639402922,NRSC VIC MODEL
Uttarakhand,Champawat,2022-07-19,2022,07,20.89474169,NRSC VIC MODEL
Uttarakhand,Champawat,2022-07-22,2022,07,3.116912352,NRSC VIC MODEL
Uttarakhand,Champawat,2022-07-24,2022,07,8.082576115,NRSC VIC MODEL
Uttarakhand,Champawat,2022-07-25,2022,07,6.96282183,NRSC VIC MODEL
Uttarakhand,Champawat,2022-08-09,2022,08,1.5985459293,NRSC VIC MODEL
Uttarakhand,Champawat,2022-08-28,2022,08,1.0772059295,NRSC VIC MODEL
Uttarakhand,Champawat,2022-08-31,2022,08,9.89362168,NRSC VIC MODEL
Uttarakhand,Champawat,2022-09-01,2022,09,1.3441009591,NRSC VIC MODEL
Uttarakhand,Champawat,2022-09-02,2022,09,19.4842249832,NRSC VIC MODEL
Uttarakhand,Champawat,2022-09-19,2022,09,3.3942359509,NRSC VIC MODEL
Uttarakhand,Champawat,2022-09-21,2022,09,0.9364902386,NRSC VIC MODEL
Uttarakhand,Champawat,2022-09-26,2022,09,19.3979221595,NRSC VIC MODEL
Uttarakhand,Champawat,2022-09-29,2022,09,0,NRSC VIC MODEL
Uttarakhand,Champawat,2022-10-19,2022,10,0.8853170044,NRSC VIC MODEL
Uttarakhand,Champawat,2022-10-21,2022,10,1.3189634152,NRSC VIC MODEL
Uttarakhand,Champawat,2022-10-22,2022,10,0,NRSC VIC MODEL
Uttarakhand,Champawat,2022-11-06,2022,11,0,NRSC VIC MODEL
Uttarakhand,Champawat,2022-11-12,2022,11,0,NRSC VIC MODEL
Uttarakhand,Champawat,2022-11-14,2022,11,0,NRSC VIC MODEL
Uttarakhand,Champawat,2022-11-20,2022,11,0,NRSC VIC MODEL
Uttarakhand,Champawat,2022-11-21,2022,11,0.0004570228,NRSC VIC MODEL
Uttarakhand,Champawat,2022-12-06,2022,12,0,NRSC VIC MODEL
Uttarakhand,Champawat,2022-12-18,2022,12,0,NRSC VIC MODEL
Uttarakhand,Champawat,2022-12-20,2022,12,0,NRSC VIC MODEL
Uttarakhand,Dehradun,2022-01-01,2022,01,0,NRSC VIC MODEL
Uttarakhand,Dehradun,2022-01-03,2022,01,0,NRSC VIC MODEL
Uttarakhand,Dehradun,2022-01-12,2022,01,15.61987047,NRSC VIC MODEL
Uttarakhand,Dehradun,2022-01-16,2022,01,0.031279306,NRSC VIC MODEL
Uttarakhand,Dehradun,2022-01-18,2022,01,0.003262733,NRSC VIC MODEL
Uttarakhand,Dehradun,2022-01-21,2022,01,0.442280627,NRSC VIC MODEL
Uttarakhand,Dehradun,2022-01-22,2022,01,20.18266516,NRSC VIC MODEL
Uttarakhand,Dehradun,2022-01-24,2022,01,21.49536567,NRSC VIC MODEL
Uttarakhand,Dehradun,2022-01-26,2022,01,3.293179427,NRSC VIC MODEL
Uttarakhand,Dehradun,2022-01-29,2022,01,0,NRSC VIC MODEL
Uttarakhand,Dehradun,2022-02-02,2022,02,0,NRSC VIC MODEL
Uttarakhand,Dehradun,2022-02-03,2022,02,3.332469601,NRSC VIC MODEL
Uttarakhand,Dehradun,2022-02-04,2022,02,23.74885807,NRSC VIC MODEL
Uttarakhand,Dehradun,2022-02-06,2022,02,0,NRSC VIC MODEL
Uttarakhand,Dehradun,2022-02-09,2022,02,1.266386874,NRSC VIC MODEL
Uttarakhand,Dehradun,2022-02-16,2022,02,0.091004492,NRSC VIC MODEL
Uttarakhand,Dehradun,2022-02-23,2022,02,6.319939534,NRSC VIC MODEL
Uttarakhand,Dehradun,2022-03-01,2022,03,0,NRSC VIC MODEL
Uttarakhand,Dehradun,2022-03-03,2022,03,0.000807097,NRSC VIC MODEL
Uttarakhand,Dehradun,2022-03-12,2022,03,0.001287921,NRSC VIC MODEL
Uttarakhand,Dehradun,2022-03-13,2022,03,0,NRSC VIC MODEL
Uttarakhand,Dehradun,2022-03-14,2022,03,0.00798511,NRSC VIC MODEL
Uttarakhand,Dehradun,2022-03-16,2022,03,0,NRSC VIC MODEL
Uttarakhand,Dehradun,2022-03-18,2022,03,0,NRSC VIC MODEL
Uttarakhand,Dehradun,2022-03-23,2022,03,0.000424578,NRSC VIC MODEL
Uttarakhand,Dehradun,2022-04-01,2022,04,3.09e-05,NRSC VIC MODEL
Uttarakhand,Dehradun,2022-04-02,2022,04,0,NRSC VIC MODEL
Uttarakhand,Dehradun,2022-04-06,2022,04,0,NRSC VIC MODEL
Uttarakhand,Dehradun,2022-04-15,2022,04,1.737732587,NRSC VIC MODEL
Uttarakhand,Dehradun,2022-04-19,2022,04,0.00017367,NRSC VIC MODEL
Uttarakhand,Dehradun,2022-04-22,2022,04,0.030220656,NRSC VIC MODEL
Uttarakhand,Dehradun,2022-04-28,2022,04,0,NRSC VIC MODEL
Uttarakhand,Dehradun,2022-04-30,2022,04,0.504539415,NRSC VIC MODEL
Uttarakhand,Dehradun,2022-05-01,2022,05,0.328883237,NRSC VIC MODEL
Uttarakhand,Dehradun,2022-05-06,2022,05,3.967673001,NRSC VIC MODEL
Uttarakhand,Dehradun,2022-05-15,2022,05,5.45e-05,NRSC VIC MODEL
Uttarakhand,Dehradun,2022-05-17,2022,05,5.913348722,NRSC VIC MODEL
Uttarakhand,Dehradun,2022-05-18,2022,05,2.655510371,NRSC VIC MODEL
Uttarakhand,Dehradun,2022-05-22,2022,05,0.012699798,NRSC VIC MODEL
Uttarakhand,Dehradun,2022-05-23,2022,05,17.63080052,NRSC VIC MODEL
Uttarakhand,Dehradun,2022-05-26,2022,05,0.270836615,NRSC VIC MODEL
Uttarakhand,Dehradun,2022-06-01,2022,06,0,NRSC VIC MODEL
Uttarakhand,Dehradun,2022-06-02,2022,06,0,NRSC VIC MODEL
Uttarakhand,Dehradun,2022-06-06,2022,06,0,NRSC VIC MODEL
Uttarakhand,Dehradun,2022-06-11,2022,06,0.644852413,NRSC VIC MODEL
Uttarakhand,Dehradun,2022-06-12,2022,06,1.06225806,NRSC VIC MODEL
Uttarakhand,Dehradun,2022-06-18,2022,06,4.982310868,NRSC VIC MODEL
Uttarakhand,Dehradun,2022-06-20,2022,06,3.572012371,NRSC VIC MODEL
Uttarakhand,Dehradun,2022-06-22,2022,06,5.769662825,NRSC VIC MODEL
Uttarakhand,Dehradun,2022-07-01,2022,07,6.740132358,NRSC VIC MODEL
Uttarakhand,Dehradun,2022-07-07,2022,07,6.329956316,NRSC VIC MODEL
Uttarakhand,Dehradun,2022-07-10,2022,07,46.13783698,NRSC VIC MODEL
Uttarakhand,Dehradun,2022-07-11,2022,07,0.206996218,NRSC VIC MODEL
Uttarakhand,Dehradun,2022-07-20,2022,07,23.30630209,NRSC VIC MODEL
Uttarakhand,Dehradun,2022-07-29,2022,07,18.69188206,NRSC VIC MODEL
Uttarakhand,Dehradun,2022-07-30,2022,07,34.42627984,NRSC VIC MODEL
Uttarakhand,Dehradun,2022-08-01,2022,08,15.2328966144,NRSC VIC MODEL
Uttarakhand,Dehradun,2022-08-02,2022,08,3.5219312093,NRSC VIC MODEL
Uttarakhand,Dehradun,2022-08-28,2022,08,0.0614009966,NRSC VIC MODEL
Uttarakhand,Dehradun,2022-09-03,2022,09,2.3395576416,NRSC VIC MODEL
Uttarakhand,Dehradun,2022-09-04,2022,09,2.244767845,NRSC VIC MODEL
Uttarakhand,Dehradun,2022-09-05,2022,09,11.0602970175,NRSC VIC MODEL
Uttarakhand,Dehradun,2022-09-07,2022,09,0.0315707272,NRSC VIC MODEL
Uttarakhand,Dehradun,2022-09-20,2022,09,6.8662055776,NRSC VIC MODEL
Uttarakhand,Dehradun,2022-09-21,2022,09,6.6398450243,NRSC VIC MODEL
Uttarakhand,Dehradun,2022-09-25,2022,09,25.4065493847,NRSC VIC MODEL
Uttarakhand,Dehradun,2022-09-26,2022,09,26.4817482267,NRSC VIC MODEL
Uttarakhand,Dehradun,2022-09-28,2022,09,0.0082907047,NRSC VIC MODEL
Uttarakhand,Dehradun,2022-10-03,2022,10,0,NRSC VIC MODEL
Uttarakhand,Dehradun,2022-08-23,2022,08,0.541862456,NRSC VIC MODEL
Uttarakhand,Dehradun,2022-10-10,2022,10,1.5870036786,NRSC VIC MODEL
Uttarakhand,Dehradun,2022-10-21,2022,10,0.5707438393,NRSC VIC MODEL
Uttarakhand,Dehradun,2022-10-25,2022,10,0,NRSC VIC MODEL
Uttarakhand,Dehradun,2022-11-04,2022,11,0,NRSC VIC MODEL
Uttarakhand,Dehradun,2022-11-19,2022,11,0,NRSC VIC MODEL
Uttarakhand,Dehradun,2022-11-21,2022,11,0,NRSC VIC MODEL
Uttarakhand,Bageshwar,2022-09-16,2022,09,10.5797366811,NRSC VIC MODEL
Uttarakhand,Bageshwar,2022-09-19,2022,09,2.8341632122,NRSC VIC MODEL
Uttarakhand,Bageshwar,2022-09-22,2022,09,5.5577417366,NRSC VIC MODEL
Uttarakhand,Bageshwar,2022-09-30,2022,09,0.0327160527,NRSC VIC MODEL
Uttarakhand,Bageshwar,2022-10-03,2022,10,0.0158309167,NRSC VIC MODEL
Uttarakhand,Bageshwar,2022-08-24,2022,08,10.57744073,NRSC VIC MODEL
Uttarakhand,Bageshwar,2022-10-07,2022,10,5.96709646,NRSC VIC MODEL
Uttarakhand,Bageshwar,2022-10-08,2022,10,14.0436664772,NRSC VIC MODEL
Uttarakhand,Bageshwar,2022-10-11,2022,10,28.503634924,NRSC VIC MODEL
Uttarakhand,Bageshwar,2022-10-15,2022,10,0.1103490972,NRSC VIC MODEL
Uttarakhand,Bageshwar,2022-10-30,2022,10,0.2376006531,NRSC VIC MODEL
Uttarakhand,Bageshwar,2022-11-04,2022,11,0.4110135978,NRSC VIC MODEL
Uttarakhand,Bageshwar,2022-11-20,2022,11,0.036654328,NRSC VIC MODEL
Uttarakhand,Bageshwar,2022-11-23,2022,11,0.0187967878,NRSC VIC MODEL
Uttarakhand,Bageshwar,2022-11-28,2022,11,0.0002965824,NRSC VIC MODEL
Uttarakhand,Bageshwar,2022-12-02,2022,12,0.0049830535,NRSC VIC MODEL
Uttarakhand,Bageshwar,2022-12-04,2022,12,0.13507322,NRSC VIC MODEL
Uttarakhand,Bageshwar,2022-12-08,2022,12,0,NRSC VIC MODEL
Uttarakhand,Bageshwar,2022-12-10,2022,12,0.3600050477,NRSC VIC MODEL
Uttarakhand,Bageshwar,2022-12-19,2022,12,0,NRSC VIC MODEL
Uttarakhand,Bageshwar,2022-12-20,2022,12,0,NRSC VIC MODEL
Uttarakhand,Chamoli,2022-01-01,2022,01,0.114986139,NRSC VIC MODEL
Uttarakhand,Chamoli,2022-01-04,2022,01,0,NRSC VIC MODEL
Uttarakhand,Chamoli,2022-01-10,2022,01,13.2270291,NRSC VIC MODEL
Uttarakhand,Chamoli,2022-01-11,2022,01,9.230988603,NRSC VIC MODEL
Uttarakhand,Chamoli,2022-01-19,2022,01,0.112788475,NRSC VIC MODEL
Uttarakhand,Chamoli,2022-01-20,2022,01,0.806950953,NRSC VIC MODEL
Uttarakhand,Chamoli,2022-01-23,2022,01,5.51923943,NRSC VIC MODEL
Uttarakhand,Chamoli,2022-02-02,2022,02,0.051859429,NRSC VIC MODEL
Uttarakhand,Chamoli,2022-02-05,2022,02,2.239474131,NRSC VIC MODEL
Uttarakhand,Chamoli,2022-02-07,2022,02,1.819036498,NRSC VIC MODEL
Uttarakhand,Chamoli,2022-02-09,2022,02,2.888509652,NRSC VIC MODEL
Uttarakhand,Chamoli,2022-02-12,2022,02,0.071709847,NRSC VIC MODEL
Uttarakhand,Chamoli,2022-02-14,2022,02,0.044950055,NRSC VIC MODEL
Uttarakhand,Chamoli,2022-02-24,2022,02,22.55672208,NRSC VIC MODEL
Uttarakhand,Chamoli,2022-03-02,2022,03,0.232799305,NRSC VIC MODEL
Uttarakhand,Chamoli,2022-03-06,2022,03,0,NRSC VIC MODEL
Uttarakhand,Chamoli,2022-03-07,2022,03,0.000241539,NRSC VIC MODEL
Uttarakhand,Chamoli,2022-03-09,2022,03,0,NRSC VIC MODEL
Uttarakhand,Chamoli,2022-03-10,2022,03,0,NRSC VIC MODEL
Uttarakhand,Chamoli,2022-03-14,2022,03,0.000108863,NRSC VIC MODEL
Uttarakhand,Chamoli,2022-03-15,2022,03,0.119657026,NRSC VIC MODEL
Uttarakhand,Chamoli,2022-03-20,2022,03,0.036999682,NRSC VIC MODEL
Uttarakhand,Chamoli,2022-03-31,2022,03,0.019051781,NRSC VIC MODEL
Uttarakhand,Chamoli,2022-04-01,2022,04,0.043545047,NRSC VIC MODEL
Uttarakhand,Chamoli,2022-04-03,2022,04,0.000398067,NRSC VIC MODEL
Uttarakhand,Chamoli,2022-04-04,2022,04,0.000219276,NRSC VIC MODEL
Uttarakhand,Chamoli,2022-04-07,2022,04,0.030993635,NRSC VIC MODEL
Uttarakhand,Chamoli,2022-04-19,2022,04,0.300202707,NRSC VIC MODEL
Uttarakhand,Chamoli,2022-04-22,2022,04,0.813202512,NRSC VIC MODEL
Uttarakhand,Chamoli,2022-04-28,2022,04,0,NRSC VIC MODEL
Uttarakhand,Chamoli,2022-04-29,2022,04,2.897789851,NRSC VIC MODEL
Uttarakhand,Chamoli,2022-04-30,2022,04,2.836669028,NRSC VIC MODEL
Uttarakhand,Chamoli,2022-05-01,2022,05,1.094811042,NRSC VIC MODEL
Uttarakhand,Chamoli,2022-05-04,2022,05,2.578031566,NRSC VIC MODEL
Uttarakhand,Chamoli,2022-05-05,2022,05,0.31982014,NRSC VIC MODEL
Uttarakhand,Chamoli,2022-05-06,2022,05,0.456442501,NRSC VIC MODEL
Uttarakhand,Chamoli,2022-05-09,2022,05,1.224659306,NRSC VIC MODEL
Uttarakhand,Chamoli,2022-05-16,2022,05,1.48383124,NRSC VIC MODEL
Uttarakhand,Chamoli,2022-05-21,2022,05,2.975628703,NRSC VIC MODEL
Uttarakhand,Chamoli,2022-05-22,2022,05,0.102177096,NRSC VIC MODEL
Uttarakhand,Chamoli,2022-05-25,2022,05,3.5248453,NRSC VIC MODEL
Uttarakhand,Chamoli,2022-05-28,2022,05,3.9131317,NRSC VIC MODEL
Uttarakhand,Chamoli,2022-06-01,2022,06,0.011077807,NRSC VIC MODEL
Uttarakhand,Chamoli,2022-06-20,2022,06,4.528654358,NRSC VIC MODEL
Uttarakhand,Chamoli,2022-06-24,2022,06,2.754210042,NRSC VIC MODEL
Uttarakhand,Chamoli,2022-06-25,2022,06,0.906628497,NRSC VIC MODEL
Uttarakhand,Chamoli,2022-07-01,2022,07,2.947442527,NRSC VIC MODEL
Uttarakhand,Chamoli,2022-07-02,2022,07,6.895746623,NRSC VIC MODEL
Uttarakhand,Chamoli,2022-07-04,2022,07,9.145576564,NRSC VIC MODEL
Uttarakhand,Chamoli,2022-07-12,2022,07,13.41060809,NRSC VIC MODEL
Uttarakhand,Chamoli,2022-07-19,2022,07,6.886120748,NRSC VIC MODEL
Uttarakhand,Chamoli,2022-07-22,2022,07,4.985211825,NRSC VIC MODEL
Uttarakhand,Chamoli,2022-07-23,2022,07,6.867176089,NRSC VIC MODEL
Uttarakhand,Chamoli,2022-07-25,2022,07,4.549297376,NRSC VIC MODEL
Uttarakhand,Chamoli,2022-08-18,2022,08,0.1598454664,NRSC VIC MODEL
Uttarakhand,Chamoli,2022-08-26,2022,08,1.5321641559,NRSC VIC MODEL
Uttarakhand,Chamoli,2022-08-29,2022,08,12.0211147742,NRSC VIC MODEL
Uttarakhand,Chamoli,2022-09-14,2022,09,3.2194373073,NRSC VIC MODEL
Uttarakhand,Chamoli,2022-09-28,2022,09,2.54863e-05,NRSC VIC MODEL
Uttarakhand,Chamoli,2022-10-02,2022,10,0.1553783669,NRSC VIC MODEL
Uttarakhand,Chamoli,2022-10-08,2022,10,4.6936645158,NRSC VIC MODEL
Uttarakhand,Chamoli,2022-10-12,2022,10,2.0071812137,NRSC VIC MODEL
Uttarakhand,Chamoli,2022-10-16,2022,10,0.1189866074,NRSC VIC MODEL
Uttarakhand,Chamoli,2022-10-24,2022,10,0.1395220114,NRSC VIC MODEL
Uttarakhand,Chamoli,2022-10-30,2022,10,0.1792230725,NRSC VIC MODEL
Uttarakhand,Chamoli,2022-11-12,2022,11,0.018889143,NRSC VIC MODEL
Uttarakhand,Chamoli,2022-11-20,2022,11,0.0220902019,NRSC VIC MODEL
Uttarakhand,Chamoli,2022-11-23,2022,11,0.0563496886,NRSC VIC MODEL
Uttarakhand,Chamoli,2022-11-28,2022,11,0.1037261783,NRSC VIC MODEL
Uttarakhand,Chamoli,2022-12-02,2022,12,0.0297159877,NRSC VIC MODEL
Uttarakhand,Chamoli,2022-12-19,2022,12,0,NRSC VIC MODEL
Uttarakhand,Champawat,2022-01-05,2022,01,2.465413193,NRSC VIC MODEL
Uttarakhand,Champawat,2022-01-06,2022,01,24.84274619,NRSC VIC MODEL
Uttarakhand,Champawat,2022-01-07,2022,01,0.172080631,NRSC VIC MODEL
Uttarakhand,Champawat,2022-01-12,2022,01,0.289612479,NRSC VIC MODEL
Uttarakhand,Champawat,2022-01-21,2022,01,5.972383875,NRSC VIC MODEL
Uttarakhand,Champawat,2022-02-06,2022,02,0.001461536,NRSC VIC MODEL
Uttarakhand,Champawat,2022-02-10,2022,02,7.173126985,NRSC VIC MODEL
Uttarakhand,Champawat,2022-02-11,2022,02,0.000152243,NRSC VIC MODEL
Uttarakhand,Champawat,2022-02-18,2022,02,0,NRSC VIC MODEL
Uttarakhand,Champawat,2022-02-21,2022,02,0.02259291,NRSC VIC MODEL
Uttarakhand,Champawat,2022-02-23,2022,02,0.427027304,NRSC VIC MODEL
Uttarakhand,Champawat,2022-02-26,2022,02,2.608491471,NRSC VIC MODEL
Uttarakhand,Champawat,2022-02-28,2022,02,0,NRSC VIC MODEL
Uttarakhand,Champawat,2022-03-03,2022,03,0,NRSC VIC MODEL
Uttarakhand,Champawat,2022-03-09,2022,03,0,NRSC VIC MODEL
Uttarakhand,Champawat,2022-03-11,2022,03,1.243021082,NRSC VIC MODEL
Uttarakhand,Champawat,2022-03-13,2022,03,0,NRSC VIC MODEL
Uttarakhand,Champawat,2022-03-17,2022,03,0.020141792,NRSC VIC MODEL
Uttarakhand,Champawat,2022-03-18,2022,03,0.000152243,NRSC VIC MODEL
Uttarakhand,Champawat,2022-03-19,2022,03,0,NRSC VIC MODEL
Uttarakhand,Champawat,2022-03-24,2022,03,0,NRSC VIC MODEL
Uttarakhand,Champawat,2022-03-25,2022,03,0.001298716,NRSC VIC MODEL
Uttarakhand,Almora,2022-01-04,2022,01,0,NRSC VIC MODEL
Uttarakhand,Almora,2022-01-08,2022,01,0.830364093,NRSC VIC MODEL
Uttarakhand,Almora,2022-01-11,2022,01,1.860484903,NRSC VIC MODEL
Uttarakhand,Almora,2022-01-23,2022,01,3.989779279,NRSC VIC MODEL
Uttarakhand,Almora,2022-02-02,2022,02,0,NRSC VIC MODEL
Uttarakhand,Almora,2022-02-13,2022,02,0,NRSC VIC MODEL
Uttarakhand,Almora,2022-02-14,2022,02,0,NRSC VIC MODEL
Uttarakhand,Almora,2022-02-15,2022,02,0.004672871,NRSC VIC MODEL
Uttarakhand,Almora,2022-02-16,2022,02,0.847955577,NRSC VIC MODEL
Uttarakhand,Almora,2022-02-22,2022,02,0.002396126,NRSC VIC MODEL
Uttarakhand,Almora,2022-02-25,2022,02,1.677850678,NRSC VIC MODEL
Uttarakhand,Almora,2022-03-03,2022,03,0,NRSC VIC MODEL
Uttarakhand,Almora,2022-03-21,2022,03,0,NRSC VIC MODEL
Uttarakhand,Almora,2022-03-28,2022,03,0,NRSC VIC MODEL
Uttarakhand,Almora,2022-03-30,2022,03,0,NRSC VIC MODEL
Uttarakhand,Almora,2022-04-02,2022,04,0.016586365,NRSC VIC MODEL
Uttarakhand,Almora,2022-04-05,2022,04,0.000393515,NRSC VIC MODEL
Uttarakhand,Almora,2022-04-24,2022,04,0.000611973,NRSC VIC MODEL
Uttarakhand,Almora,2022-04-29,2022,04,0.049018466,NRSC VIC MODEL
Uttarakhand,Almora,2022-05-05,2022,05,1.167065983,NRSC VIC MODEL
Uttarakhand,Almora,2022-05-09,2022,05,0.164971968,NRSC VIC MODEL
Uttarakhand,Almora,2022-05-29,2022,05,1.051296637,NRSC VIC MODEL
Uttarakhand,Almora,2022-05-31,2022,05,0.556105894,NRSC VIC MODEL
Uttarakhand,Almora,2022-06-04,2022,06,0,NRSC VIC MODEL
Uttarakhand,Almora,2022-06-16,2022,06,1.697492236,NRSC VIC MODEL
Uttarakhand,Almora,2022-06-20,2022,06,7.488669024,NRSC VIC MODEL
Uttarakhand,Almora,2022-06-24,2022,06,0.056592587,NRSC VIC MODEL
Uttarakhand,Almora,2022-07-01,2022,07,4.351691943,NRSC VIC MODEL
Uttarakhand,Almora,2022-07-02,2022,07,0.146723353,NRSC VIC MODEL
Uttarakhand,Almora,2022-07-22,2022,07,4.935899698,NRSC VIC MODEL
Uttarakhand,Almora,2022-07-23,2022,07,7.524470592,NRSC VIC MODEL
Uttarakhand,Almora,2022-07-24,2022,07,10.19686377,NRSC VIC MODEL
Uttarakhand,Almora,2022-07-26,2022,07,5.991045007,NRSC VIC MODEL
Uttarakhand,Almora,2022-07-28,2022,07,47.74075735,NRSC VIC MODEL
Uttarakhand,Almora,2022-07-29,2022,07,3.434641746,NRSC VIC MODEL
Uttarakhand,Almora,2022-07-30,2022,07,19.43971375,NRSC VIC MODEL
Uttarakhand,Almora,2022-08-09,2022,08,1.1464708879,NRSC VIC MODEL
Uttarakhand,Almora,2022-08-10,2022,08,0.2260499784,NRSC VIC MODEL
Uttarakhand,Almora,2022-08-15,2022,08,37.102262354,NRSC VIC MODEL
Uttarakhand,Almora,2022-08-16,2022,08,6.0959652693,NRSC VIC MODEL
Uttarakhand,Almora,2022-09-10,2022,09,2.2594438538,NRSC VIC MODEL
Uttarakhand,Almora,2022-09-13,2022,09,0.7872887704,NRSC VIC MODEL
Uttarakhand,Almora,2022-09-15,2022,09,15.1383354461,NRSC VIC MODEL
Uttarakhand,Almora,2022-09-17,2022,09,38.8781767763,NRSC VIC MODEL
Uttarakhand,Almora,2022-09-24,2022,09,3.0346310167,NRSC VIC MODEL
Uttarakhand,Pithoragarh,2022-03-22,2022,03,0.000419718,NRSC VIC MODEL
Uttarakhand,Pithoragarh,2022-03-24,2022,03,2.798118859,NRSC VIC MODEL
Uttarakhand,Pithoragarh,2022-03-29,2022,03,0,NRSC VIC MODEL
Uttarakhand,Pithoragarh,2022-03-30,2022,03,0,NRSC VIC MODEL
Uttarakhand,Pithoragarh,2022-04-01,2022,04,0.002257987,NRSC VIC MODEL
Uttarakhand,Pithoragarh,2022-04-04,2022,04,0,NRSC VIC MODEL
Uttarakhand,Pithoragarh,2022-04-15,2022,04,2.222116277,NRSC VIC MODEL
Uttarakhand,Pithoragarh,2022-04-23,2022,04,0.825827686,NRSC VIC MODEL
Uttarakhand,Pithoragarh,2022-04-24,2022,04,0.051288284,NRSC VIC MODEL
Uttarakhand,Pithoragarh,2022-04-25,2022,04,0.006173933,NRSC VIC MODEL
Uttarakhand,Pithoragarh,2022-05-01,2022,05,0.514149821,NRSC VIC MODEL
Uttarakhand,Pithoragarh,2022-05-02,2022,05,2.151054118,NRSC VIC MODEL
Uttarakhand,Pithoragarh,2022-05-07,2022,05,0.531032712,NRSC VIC MODEL
Uttarakhand,Pithoragarh,2022-05-12,2022,05,3.490311878,NRSC VIC MODEL
Uttarakhand,Pithoragarh,2022-05-24,2022,05,2.587212335,NRSC VIC MODEL
Uttarakhand,Pithoragarh,2022-05-28,2022,05,3.097418053,NRSC VIC MODEL
Uttarakhand,Pithoragarh,2022-05-30,2022,05,0.999044942,NRSC VIC MODEL
Uttarakhand,Pithoragarh,2022-06-02,2022,06,0.042268126,NRSC VIC MODEL
Uttarakhand,Pithoragarh,2022-06-03,2022,06,0,NRSC VIC MODEL
Uttarakhand,Pithoragarh,2022-06-04,2022,06,0,NRSC VIC MODEL
Uttarakhand,Pithoragarh,2022-06-06,2022,06,0,NRSC VIC MODEL
Uttarakhand,Pithoragarh,2022-06-09,2022,06,1.447747557,NRSC VIC MODEL
Uttarakhand,Pithoragarh,2022-06-11,2022,06,2.425038938,NRSC VIC MODEL
Uttarakhand,Pithoragarh,2022-06-14,2022,06,1.024134716,NRSC VIC MODEL
Uttarakhand,Pithoragarh,2022-06-21,2022,06,2.433361911,NRSC VIC MODEL
Uttarakhand,Pithoragarh,2022-06-30,2022,06,8.165778369,NRSC VIC MODEL
Uttarakhand,Pithoragarh,2022-07-09,2022,07,18.14150132,NRSC VIC MODEL
Uttarakhand,Pithoragarh,2022-07-13,2022,07,5.158126256,NRSC VIC MODEL
Uttarakhand,Pithoragarh,2022-07-14,2022,07,9.311857928,NRSC VIC MODEL
Uttarakhand,Pithoragarh,2022-07-18,2022,07,2.539527738,NRSC VIC MODEL
Uttarakhand,Pithoragarh,2022-07-24,2022,07,10.13285876,NRSC VIC MODEL
Uttarakhand,Pithoragarh,2022-07-26,2022,07,6.373455444,NRSC VIC MODEL
Uttarakhand,Pithoragarh,2022-07-29,2022,07,8.578830721,NRSC VIC MODEL
Uttarakhand,Pithoragarh,2022-08-08,2022,08,0.1775703568,NRSC VIC MODEL
Uttarakhand,Pithoragarh,2022-08-14,2022,08,0.8407583264,NRSC VIC MODEL
Uttarakhand,Pithoragarh,2022-08-15,2022,08,28.7159295688,NRSC VIC MODEL
Uttarakhand,Pithoragarh,2022-08-18,2022,08,1.0552704826,NRSC VIC MODEL
Uttarakhand,Pithoragarh,2022-09-03,2022,09,5.2209787459,NRSC VIC MODEL
Uttarakhand,Pithoragarh,2022-09-11,2022,09,9.7417712479,NRSC VIC MODEL
Uttarakhand,Pithoragarh,2022-09-16,2022,09,3.8659210238,NRSC VIC MODEL
Uttarakhand,Pithoragarh,2022-09-21,2022,09,0.4178581745,NRSC VIC MODEL
Uttarakhand,Pithoragarh,2022-09-23,2022,09,0.1375771519,NRSC VIC MODEL
Uttarakhand,Pithoragarh,2022-09-29,2022,09,0.1065975384,NRSC VIC MODEL
Uttarakhand,Pithoragarh,2022-09-30,2022,09,0.1262745485,NRSC VIC MODEL
Uttarakhand,Pithoragarh,2022-10-04,2022,10,0.0002204757,NRSC VIC MODEL
Uttarakhand,Pithoragarh,2022-08-23,2022,08,1.933807072,NRSC VIC MODEL
Uttarakhand,Pithoragarh,2022-10-12,2022,10,0.7197080617,NRSC VIC MODEL
Uttarakhand,Pithoragarh,2022-10-14,2022,10,0.0054942162,NRSC VIC MODEL
Uttarakhand,Pithoragarh,2022-10-15,2022,10,0.0030423636,NRSC VIC MODEL
Uttarakhand,Pithoragarh,2022-10-23,2022,10,0.0075919521,NRSC VIC MODEL
Uttarakhand,Pithoragarh,2022-10-31,2022,10,0.0016646895,NRSC VIC MODEL
Uttarakhand,Pithoragarh,2022-11-05,2022,11,0.0060314843,NRSC VIC MODEL
Uttarakhand,Pithoragarh,2022-11-06,2022,11,0,NRSC VIC MODEL
Uttarakhand,Pithoragarh,2022-11-09,2022,11,0.3207188355,NRSC VIC MODEL
Uttarakhand,Pithoragarh,2022-11-16,2022,11,0.0296310171,NRSC VIC MODEL
Uttarakhand,Pithoragarh,2022-12-21,2022,12,0,NRSC VIC MODEL
Uttarakhand,Pithoragarh,2022-12-24,2022,12,0,NRSC VIC MODEL
Uttarakhand,Pithoragarh,2022-12-25,2022,12,0,NRSC VIC MODEL
Uttarakhand,Rudra Prayag,2022-01-08,2022,01,1.894631969,NRSC VIC MODEL
Uttarakhand,Rudra Prayag,2022-01-15,2022,01,0,NRSC VIC MODEL
Uttarakhand,Rudra Prayag,2022-01-22,2022,01,10.56714583,NRSC VIC MODEL
Uttarakhand,Rudra Prayag,2022-01-26,2022,01,14.59225679,NRSC VIC MODEL
Uttarakhand,Rudra Prayag,2022-01-28,2022,01,0,NRSC VIC MODEL
Uttarakhand,Rudra Prayag,2022-01-29,2022,01,0,NRSC VIC MODEL
Uttarakhand,Rudra Prayag,2022-01-31,2022,01,0,NRSC VIC MODEL
Uttarakhand,Rudra Prayag,2022-02-08,2022,02,0.200904247,NRSC VIC MODEL
Uttarakhand,Rudra Prayag,2022-02-12,2022,02,0.023366561,NRSC VIC MODEL
Uttarakhand,Rudra Prayag,2022-02-14,2022,02,0.045675872,NRSC VIC MODEL
Uttarakhand,Rudra Prayag,2022-02-16,2022,02,1.457425678,NRSC VIC MODEL
Uttarakhand,Rudra Prayag,2022-02-17,2022,02,0.886323371,NRSC VIC MODEL
Uttarakhand,Rudra Prayag,2022-02-20,2022,02,0.721954469,NRSC VIC MODEL
Uttarakhand,Rudra Prayag,2022-03-06,2022,03,0,NRSC VIC MODEL
Uttarakhand,Rudra Prayag,2022-03-10,2022,03,0,NRSC VIC MODEL
Uttarakhand,Rudra Prayag,2022-03-12,2022,03,0,NRSC VIC MODEL
Uttarakhand,Rudra Prayag,2022-03-21,2022,03,1.34e-05,NRSC VIC MODEL
Uttarakhand,Rudra Prayag,2022-03-29,2022,03,0,NRSC VIC MODEL
Uttarakhand,Rudra Prayag,2022-04-01,2022,04,0,NRSC VIC MODEL
Uttarakhand,Rudra Prayag,2022-04-06,2022,04,0,NRSC VIC MODEL
Uttarakhand,Rudra Prayag,2022-04-22,2022,04,0.062801332,NRSC VIC MODEL
Uttarakhand,Rudra Prayag,2022-04-27,2022,04,0,NRSC VIC MODEL
Uttarakhand,Rudra Prayag,2022-04-29,2022,04,0.341919335,NRSC VIC MODEL
Uttarakhand,Rudra Prayag,2022-05-02,2022,05,0.191659817,NRSC VIC MODEL
Uttarakhand,Rudra Prayag,2022-05-10,2022,05,1.07622956,NRSC VIC MODEL
Uttarakhand,Rudra Prayag,2022-05-11,2022,05,1.071193703,NRSC VIC MODEL
Uttarakhand,Rudra Prayag,2022-05-27,2022,05,0.018749311,NRSC VIC MODEL
Uttarakhand,Rudra Prayag,2022-06-14,2022,06,1.010794632,NRSC VIC MODEL
Uttarakhand,Rudra Prayag,2022-06-15,2022,06,2.860852538,NRSC VIC MODEL
Uttarakhand,Rudra Prayag,2022-06-26,2022,06,23.11356412,NRSC VIC MODEL
Uttarakhand,Rudra Prayag,2022-07-04,2022,07,18.94732636,NRSC VIC MODEL
Uttarakhand,Rudra Prayag,2022-07-13,2022,07,18.87644999,NRSC VIC MODEL
Uttarakhand,Rudra Prayag,2022-07-29,2022,07,3.107970751,NRSC VIC MODEL
Uttarakhand,Rudra Prayag,2022-08-03,2022,08,5.1918186827,NRSC VIC MODEL
Uttarakhand,Rudra Prayag,2022-08-05,2022,08,4.8935807126,NRSC VIC MODEL
Uttarakhand,Rudra Prayag,2022-08-07,2022,08,14.6564761915,NRSC VIC MODEL
Uttarakhand,Rudra Prayag,2022-08-10,2022,08,0.8527276762,NRSC VIC MODEL
Uttarakhand,Rudra Prayag,2022-02-21,2022,02,1.503543186,NRSC VIC MODEL
Uttarakhand,Rudra Prayag,2022-04-13,2022,04,0,NRSC VIC MODEL
Uttarakhand,Rudra Prayag,2022-08-15,2022,08,34.2690191401,NRSC VIC MODEL
Uttarakhand,Rudra Prayag,2022-08-17,2022,08,3.4003944344,NRSC VIC MODEL
Uttarakhand,Rudra Prayag,2022-08-21,2022,08,5.1043804108,NRSC VIC MODEL
Uttarakhand,Rudra Prayag,2022-08-22,2022,08,8.5707715734,NRSC VIC MODEL
Uttarakhand,Rudra Prayag,2022-09-01,2022,09,3.7995891194,NRSC VIC MODEL
Uttarakhand,Rudra Prayag,2022-09-27,2022,09,1.1071305092,NRSC VIC MODEL
Uttarakhand,Rudra Prayag,2022-10-01,2022,10,0.4161065194,NRSC VIC MODEL
Uttarakhand,Rudra Prayag,2022-10-04,2022,10,0.0002632549,NRSC VIC MODEL
Uttarakhand,Rudra Prayag,2022-10-06,2022,10,0.3958820508,NRSC VIC MODEL
Uttarakhand,Rudra Prayag,2022-10-10,2022,10,13.6498394054,NRSC VIC MODEL
Uttarakhand,Rudra Prayag,2022-10-15,2022,10,0.0073181558,NRSC VIC MODEL
Uttarakhand,Rudra Prayag,2022-10-23,2022,10,0.0814498154,NRSC VIC MODEL
Uttarakhand,Rudra Prayag,2022-11-03,2022,11,0.0011198775,NRSC VIC MODEL
Uttarakhand,Rudra Prayag,2022-12-08,2022,12,0,NRSC VIC MODEL
Uttarakhand,Rudra Prayag,2022-12-11,2022,12,0,NRSC VIC MODEL
Uttarakhand,Rudra Prayag,2022-12-14,2022,12,0,NRSC VIC MODEL
Uttarakhand,Rudra Prayag,2022-12-26,2022,12,0.0032247503,NRSC VIC MODEL
Uttarakhand,Rudra Prayag,2022-12-31,2022,12,0,NRSC VIC MODEL
Uttarakhand,Tehri Garhwal,2022-01-03,2022,01,0,NRSC VIC MODEL
Uttarakhand,Tehri Garhwal,2022-01-06,2022,01,26.95185576,NRSC VIC MODEL
Uttarakhand,Tehri Garhwal,2022-01-17,2022,01,0,NRSC VIC MODEL
Uttarakhand,Tehri Garhwal,2022-01-22,2022,01,13.60690271,NRSC VIC MODEL
Uttarakhand,Tehri Garhwal,2022-01-26,2022,01,5.931818208,NRSC VIC MODEL
Uttarakhand,Tehri Garhwal,2022-02-08,2022,02,0.000415436,NRSC VIC MODEL
Uttarakhand,Tehri Garhwal,2022-02-11,2022,02,0.002581154,NRSC VIC MODEL
Uttarakhand,Tehri Garhwal,2022-02-13,2022,02,0,NRSC VIC MODEL
Uttarakhand,Tehri Garhwal,2022-03-03,2022,03,0.000585697,NRSC VIC MODEL
Uttarakhand,Tehri Garhwal,2022-03-07,2022,03,0.012115759,NRSC VIC MODEL
Uttarakhand,Tehri Garhwal,2022-03-08,2022,03,0,NRSC VIC MODEL
Uttarakhand,Tehri Garhwal,2022-03-14,2022,03,0.002009077,NRSC VIC MODEL
Uttarakhand,Tehri Garhwal,2022-03-31,2022,03,0,NRSC VIC MODEL
Uttarakhand,Tehri Garhwal,2022-04-03,2022,04,0,NRSC VIC MODEL
Uttarakhand,Tehri Garhwal,2022-04-10,2022,04,0.203303558,NRSC VIC MODEL
Uttarakhand,Tehri Garhwal,2022-04-11,2022,04,0.001933081,NRSC VIC MODEL
Uttarakhand,Tehri Garhwal,2022-04-13,2022,04,0,NRSC VIC MODEL
Uttarakhand,Tehri Garhwal,2022-04-24,2022,04,0.007920918,NRSC VIC MODEL
Uttarakhand,Tehri Garhwal,2022-05-02,2022,05,2.33570045,NRSC VIC MODEL
Uttarakhand,Tehri Garhwal,2022-05-09,2022,05,0.216029793,NRSC VIC MODEL
Uttarakhand,Tehri Garhwal,2022-05-10,2022,05,4.560269759,NRSC VIC MODEL
Uttarakhand,Tehri Garhwal,2022-05-15,2022,05,0.462657018,NRSC VIC MODEL
Uttarakhand,Tehri Garhwal,2022-05-20,2022,05,0.131087108,NRSC VIC MODEL
Uttarakhand,Tehri Garhwal,2022-05-28,2022,05,1.451155482,NRSC VIC MODEL
Uttarakhand,Tehri Garhwal,2022-05-30,2022,05,0.764334871,NRSC VIC MODEL
Uttarakhand,Tehri Garhwal,2022-06-03,2022,06,0,NRSC VIC MODEL
Uttarakhand,Tehri Garhwal,2022-06-08,2022,06,0.010363472,NRSC VIC MODEL
Uttarakhand,Tehri Garhwal,2022-06-12,2022,06,1.489787298,NRSC VIC MODEL
Uttarakhand,Tehri Garhwal,2022-06-13,2022,06,1.906187814,NRSC VIC MODEL
Uttarakhand,Tehri Garhwal,2022-06-19,2022,06,10.8763418,NRSC VIC MODEL
Uttarakhand,Tehri Garhwal,2022-06-23,2022,06,0.912713973,NRSC VIC MODEL
Uttarakhand,Tehri Garhwal,2022-06-26,2022,06,1.009139946,NRSC VIC MODEL
Uttarakhand,Tehri Garhwal,2022-07-11,2022,07,0.778565231,NRSC VIC MODEL
Uttarakhand,Tehri Garhwal,2022-07-12,2022,07,9.443815206,NRSC VIC MODEL
Uttarakhand,Tehri Garhwal,2022-07-31,2022,07,19.30902045,NRSC VIC MODEL
Uttarakhand,Tehri Garhwal,2022-08-05,2022,08,9.6682189456,NRSC VIC MODEL
Uttarakhand,Tehri Garhwal,2022-08-10,2022,08,0.1629559391,NRSC VIC MODEL
Uttarakhand,Tehri Garhwal,2022-08-15,2022,08,27.3102569215,NRSC VIC MODEL
Uttarakhand,Tehri Garhwal,2022-08-16,2022,08,2.7884001163,NRSC VIC MODEL
Uttarakhand,Tehri Garhwal,2022-08-17,2022,08,4.6495953466,NRSC VIC MODEL
Uttarakhand,Tehri Garhwal,2022-08-18,2022,08,0.1489326676,NRSC VIC MODEL
Uttarakhand,Tehri Garhwal,2022-08-28,2022,08,0.223977575,NRSC VIC MODEL
Uttarakhand,Tehri Garhwal,2022-09-03,2022,09,2.03736295,NRSC VIC MODEL
Uttarakhand,Tehri Garhwal,2022-09-08,2022,09,0.0009188866,NRSC VIC MODEL
Uttarakhand,Tehri Garhwal,2022-09-09,2022,09,0.0084657529,NRSC VIC MODEL
Uttarakhand,Tehri Garhwal,2022-09-11,2022,09,13.0455907103,NRSC VIC MODEL
Uttarakhand,Tehri Garhwal,2022-09-14,2022,09,0.8222283622,NRSC VIC MODEL
Uttarakhand,Champawat,2022-04-07,2022,04,0,NRSC VIC MODEL
Uttarakhand,Champawat,2022-04-12,2022,04,0,NRSC VIC MODEL
Uttarakhand,Champawat,2022-05-01,2022,05,0.010170014,NRSC VIC MODEL
Uttarakhand,Champawat,2022-05-02,2022,05,0.47184279,NRSC VIC MODEL
Uttarakhand,Champawat,2022-05-04,2022,05,1.06004255,NRSC VIC MODEL
Uttarakhand,Champawat,2022-05-05,2022,05,3.069429377,NRSC VIC MODEL
Uttarakhand,Champawat,2022-05-11,2022,05,4.694530153,NRSC VIC MODEL
Uttarakhand,Champawat,2022-05-28,2022,05,0.154588924,NRSC VIC MODEL
Uttarakhand,Champawat,2022-06-01,2022,06,0,NRSC VIC MODEL
Uttarakhand,Champawat,2022-06-02,2022,06,0,NRSC VIC MODEL
Uttarakhand,Champawat,2022-06-04,2022,06,0,NRSC VIC MODEL
Uttarakhand,Champawat,2022-06-05,2022,06,0,NRSC VIC MODEL
Uttarakhand,Champawat,2022-06-07,2022,06,0,NRSC VIC MODEL
Uttarakhand,Champawat,2022-06-12,2022,06,9.612401016,NRSC VIC MODEL
Uttarakhand,Champawat,2022-06-16,2022,06,0.667608364,NRSC VIC MODEL
Uttarakhand,Champawat,2022-06-21,2022,06,2.641325946,NRSC VIC MODEL
Uttarakhand,Champawat,2022-06-26,2022,06,30.6398218,NRSC VIC MODEL
Uttarakhand,Champawat,2022-06-27,2022,06,33.2512967,NRSC VIC MODEL
Uttarakhand,Champawat,2022-06-28,2022,06,41.02291461,NRSC VIC MODEL
Uttarakhand,Champawat,2022-06-29,2022,06,12.68512229,NRSC VIC MODEL
Uttarakhand,Champawat,2022-07-02,2022,07,0.058252853,NRSC VIC MODEL
Uttarakhand,Champawat,2022-07-05,2022,07,4.108487037,NRSC VIC MODEL
Uttarakhand,Champawat,2022-07-06,2022,07,5.626548663,NRSC VIC MODEL
Uttarakhand,Champawat,2022-07-21,2022,07,13.05934956,NRSC VIC MODEL
Uttarakhand,Champawat,2022-07-30,2022,07,6.45352057,NRSC VIC MODEL
Uttarakhand,Champawat,2022-08-02,2022,08,5.6469094983,NRSC VIC MODEL
Uttarakhand,Champawat,2022-08-06,2022,08,7.3976217381,NRSC VIC MODEL
Uttarakhand,Champawat,2022-08-11,2022,08,28.9743586199,NRSC VIC MODEL
Uttarakhand,Champawat,2022-08-14,2022,08,0.0290615575,NRSC VIC MODEL
Uttarakhand,Champawat,2022-08-19,2022,08,36.5698195882,NRSC VIC MODEL
Uttarakhand,Champawat,2022-08-26,2022,08,10.1449271582,NRSC VIC MODEL
Uttarakhand,Champawat,2022-08-27,2022,08,8.1746630046,NRSC VIC MODEL
Uttarakhand,Champawat,2022-09-04,2022,09,1.6859265549,NRSC VIC MODEL
Uttarakhand,Champawat,2022-09-11,2022,09,0.7488575361,NRSC VIC MODEL
Uttarakhand,Champawat,2022-09-13,2022,09,0.4474891928,NRSC VIC MODEL
Uttarakhand,Champawat,2022-09-28,2022,09,0,NRSC VIC MODEL
Uttarakhand,Champawat,2022-10-04,2022,10,0,NRSC VIC MODEL
Uttarakhand,Champawat,2022-08-24,2022,08,25.53664657,NRSC VIC MODEL
Uttarakhand,Champawat,2022-10-06,2022,10,0.0046329899,NRSC VIC MODEL
Uttarakhand,Champawat,2022-10-07,2022,10,40.7409234919,NRSC VIC MODEL
Uttarakhand,Champawat,2022-10-12,2022,10,0.0250822122,NRSC VIC MODEL
Uttarakhand,Champawat,2022-10-14,2022,10,0.0004660228,NRSC VIC MODEL
Uttarakhand,Champawat,2022-10-15,2022,10,0,NRSC VIC MODEL
Uttarakhand,Champawat,2022-10-23,2022,10,0.0005825285,NRSC VIC MODEL
Uttarakhand,Champawat,2022-10-26,2022,10,0,NRSC VIC MODEL
Uttarakhand,Champawat,2022-10-27,2022,10,0,NRSC VIC MODEL
Uttarakhand,Champawat,2022-10-30,2022,10,0.0002330114,NRSC VIC MODEL
Uttarakhand,Champawat,2022-11-04,2022,11,0,NRSC VIC MODEL
Uttarakhand,Champawat,2022-12-11,2022,12,0,NRSC VIC MODEL
Uttarakhand,Champawat,2022-12-12,2022,12,0,NRSC VIC MODEL
Uttarakhand,Champawat,2022-12-15,2022,12,0,NRSC VIC MODEL
Uttarakhand,Champawat,2022-12-19,2022,12,0,NRSC VIC MODEL
Uttarakhand,Dehradun,2022-01-04,2022,01,0,NRSC VIC MODEL
Uttarakhand,Dehradun,2022-01-07,2022,01,0.106193372,NRSC VIC MODEL
Uttarakhand,Dehradun,2022-01-09,2022,01,46.7282349,NRSC VIC MODEL
Uttarakhand,Dehradun,2022-01-10,2022,01,33.26493648,NRSC VIC MODEL
Uttarakhand,Dehradun,2022-02-07,2022,02,0.005641094,NRSC VIC MODEL
Uttarakhand,Dehradun,2022-02-08,2022,02,0,NRSC VIC MODEL
Uttarakhand,Dehradun,2022-02-12,2022,02,0,NRSC VIC MODEL
Uttarakhand,Dehradun,2022-02-14,2022,02,5.15e-05,NRSC VIC MODEL
Uttarakhand,Dehradun,2022-02-15,2022,02,0.002575842,NRSC VIC MODEL
Uttarakhand,Dehradun,2022-02-20,2022,02,0.00097882,NRSC VIC MODEL
Uttarakhand,Dehradun,2022-02-24,2022,02,1.674863871,NRSC VIC MODEL
Uttarakhand,Dehradun,2022-02-26,2022,02,1.546432397,NRSC VIC MODEL
Uttarakhand,Dehradun,2022-03-07,2022,03,0.003434456,NRSC VIC MODEL
Uttarakhand,Dehradun,2022-03-08,2022,03,0,NRSC VIC MODEL
Uttarakhand,Dehradun,2022-03-17,2022,03,0,NRSC VIC MODEL
Uttarakhand,Dehradun,2022-03-19,2022,03,0.000257584,NRSC VIC MODEL
Uttarakhand,Dehradun,2022-03-20,2022,03,0.02095018,NRSC VIC MODEL
Uttarakhand,Dehradun,2022-03-21,2022,03,0.007890662,NRSC VIC MODEL
Uttarakhand,Dehradun,2022-03-22,2022,03,0.002472544,NRSC VIC MODEL
Uttarakhand,Dehradun,2022-03-27,2022,03,2.5e-05,NRSC VIC MODEL
Uttarakhand,Dehradun,2022-03-28,2022,03,0,NRSC VIC MODEL
Uttarakhand,Dehradun,2022-03-30,2022,03,0,NRSC VIC MODEL
Uttarakhand,Dehradun,2022-03-31,2022,03,0,NRSC VIC MODEL
Uttarakhand,Dehradun,2022-04-16,2022,04,1.319264918,NRSC VIC MODEL
Uttarakhand,Dehradun,2022-04-18,2022,04,0.001123884,NRSC VIC MODEL
Uttarakhand,Dehradun,2022-04-20,2022,04,0.000124876,NRSC VIC MODEL
Uttarakhand,Dehradun,2022-04-29,2022,04,0.000348496,NRSC VIC MODEL
Uttarakhand,Dehradun,2022-05-13,2022,05,3.863023329,NRSC VIC MODEL
Uttarakhand,Dehradun,2022-05-19,2022,05,4.053225605,NRSC VIC MODEL
Uttarakhand,Dehradun,2022-05-20,2022,05,0,NRSC VIC MODEL
Uttarakhand,Dehradun,2022-05-25,2022,05,8.959890889,NRSC VIC MODEL
Uttarakhand,Dehradun,2022-05-27,2022,05,0.169600934,NRSC VIC MODEL
Uttarakhand,Dehradun,2022-05-28,2022,05,0.237062037,NRSC VIC MODEL
Uttarakhand,Dehradun,2022-05-31,2022,05,6.82e-08,NRSC VIC MODEL
Uttarakhand,Dehradun,2022-06-03,2022,06,0,NRSC VIC MODEL
Uttarakhand,Dehradun,2022-06-05,2022,06,0,NRSC VIC MODEL
Uttarakhand,Dehradun,2022-06-07,2022,06,0,NRSC VIC MODEL
Uttarakhand,Dehradun,2022-06-08,2022,06,0,NRSC VIC MODEL
Uttarakhand,Dehradun,2022-06-09,2022,06,0,NRSC VIC MODEL
Uttarakhand,Dehradun,2022-06-16,2022,06,5.732541718,NRSC VIC MODEL
Uttarakhand,Dehradun,2022-06-21,2022,06,1.113196246,NRSC VIC MODEL
Uttarakhand,Dehradun,2022-06-30,2022,06,19.42244947,NRSC VIC MODEL
Uttarakhand,Dehradun,2022-07-02,2022,07,7.821707352,NRSC VIC MODEL
Uttarakhand,Dehradun,2022-07-04,2022,07,13.66159354,NRSC VIC MODEL
Uttarakhand,Dehradun,2022-07-16,2022,07,1.298667145,NRSC VIC MODEL
Uttarakhand,Dehradun,2022-07-17,2022,07,16.32509304,NRSC VIC MODEL
Uttarakhand,Dehradun,2022-07-19,2022,07,1.0859269,NRSC VIC MODEL
Uttarakhand,Dehradun,2022-07-22,2022,07,12.5717141,NRSC VIC MODEL
Uttarakhand,Dehradun,2022-07-28,2022,07,11.62076734,NRSC VIC MODEL
Uttarakhand,Dehradun,2022-08-06,2022,08,40.96327769,NRSC VIC MODEL
Uttarakhand,Dehradun,2022-08-09,2022,08,5.5187261374,NRSC VIC MODEL
Uttarakhand,Dehradun,2022-08-11,2022,08,80.0733797341,NRSC VIC MODEL
Uttarakhand,Dehradun,2022-08-14,2022,08,0.1220234995,NRSC VIC MODEL
Uttarakhand,Dehradun,2022-08-21,2022,08,3.9265741987,NRSC VIC MODEL
Uttarakhand,Dehradun,2022-08-29,2022,08,34.6485640818,NRSC VIC MODEL
Uttarakhand,Dehradun,2022-09-01,2022,09,3.3319690953,NRSC VIC MODEL
Uttarakhand,Dehradun,2022-09-09,2022,09,2.9742157657,NRSC VIC MODEL
Uttarakhand,Dehradun,2022-09-19,2022,09,1.4453221737,NRSC VIC MODEL
Uttarakhand,Dehradun,2022-09-23,2022,09,15.7884575137,NRSC VIC MODEL
Uttarakhand,Dehradun,2022-10-01,2022,10,1.0895597354,NRSC VIC MODEL
Uttarakhand,Dehradun,2022-10-08,2022,10,2.8498879862,NRSC VIC MODEL
Uttarakhand,Dehradun,2022-10-09,2022,10,5.2969728004,NRSC VIC MODEL
Uttarakhand,Dehradun,2022-10-18,2022,10,0,NRSC VIC MODEL
Uttarakhand,Dehradun,2022-10-22,2022,10,0,NRSC VIC MODEL
Uttarakhand,Dehradun,2022-11-01,2022,11,0,NRSC VIC MODEL
Uttarakhand,Dehradun,2022-11-11,2022,11,0.5872275984,NRSC VIC MODEL
Uttarakhand,Dehradun,2022-11-13,2022,11,0,NRSC VIC MODEL
Uttarakhand,Dehradun,2022-11-22,2022,11,0,NRSC VIC MODEL
Uttarakhand,Dehradun,2022-11-24,2022,11,0,NRSC VIC MODEL
Uttarakhand,Dehradun,2022-11-25,2022,11,0,NRSC VIC MODEL
Uttarakhand,Dehradun,2022-12-05,2022,12,0,NRSC VIC MODEL
Uttarakhand,Dehradun,2022-12-10,2022,12,0,NRSC VIC MODEL
Uttarakhand,Dehradun,2022-12-19,2022,12,0,NRSC VIC MODEL
Uttarakhand,Dehradun,2022-12-27,2022,12,0,NRSC VIC MODEL
Uttarakhand,Dehradun,2022-12-30,2022,12,0.3818263077,NRSC VIC MODEL
Uttarakhand,Haridwar,2022-01-01,2022,01,0,NRSC VIC MODEL
Uttarakhand,Haridwar,2022-01-04,2022,01,0,NRSC VIC MODEL
Uttarakhand,Haridwar,2022-01-08,2022,01,34.91096239,NRSC VIC MODEL
Uttarakhand,Haridwar,2022-01-12,2022,01,4.973418254,NRSC VIC MODEL
Uttarakhand,Haridwar,2022-01-13,2022,01,0.180544458,NRSC VIC MODEL
Uttarakhand,Haridwar,2022-01-14,2022,01,0.050264886,NRSC VIC MODEL
Uttarakhand,Haridwar,2022-02-05,2022,02,7.676570319,NRSC VIC MODEL
Uttarakhand,Haridwar,2022-02-08,2022,02,0,NRSC VIC MODEL
Uttarakhand,Haridwar,2022-02-09,2022,02,1.58396346,NRSC VIC MODEL
Uttarakhand,Haridwar,2022-02-28,2022,02,0,NRSC VIC MODEL
Uttarakhand,Haridwar,2022-03-01,2022,03,0,NRSC VIC MODEL
Uttarakhand,Haridwar,2022-03-09,2022,03,0,NRSC VIC MODEL
Uttarakhand,Haridwar,2022-03-13,2022,03,0,NRSC VIC MODEL
Uttarakhand,Haridwar,2022-03-15,2022,03,0,NRSC VIC MODEL
Uttarakhand,Haridwar,2022-03-16,2022,03,0,NRSC VIC MODEL
Uttarakhand,Haridwar,2022-03-18,2022,03,0,NRSC VIC MODEL
Uttarakhand,Haridwar,2022-03-21,2022,03,0,NRSC VIC MODEL
Uttarakhand,Haridwar,2022-03-23,2022,03,0,NRSC VIC MODEL
Uttarakhand,Haridwar,2022-03-25,2022,03,0.000337389,NRSC VIC MODEL
Uttarakhand,Haridwar,2022-04-03,2022,04,0,NRSC VIC MODEL
Uttarakhand,Haridwar,2022-04-10,2022,04,0,NRSC VIC MODEL
Uttarakhand,Haridwar,2022-04-11,2022,04,0,NRSC VIC MODEL
Uttarakhand,Haridwar,2022-04-12,2022,04,0,NRSC VIC MODEL
Uttarakhand,Haridwar,2022-04-14,2022,04,0.001109028,NRSC VIC MODEL
Uttarakhand,Haridwar,2022-04-22,2022,04,0.368473677,NRSC VIC MODEL
Uttarakhand,Haridwar,2022-04-25,2022,04,0,NRSC VIC MODEL
Uttarakhand,Haridwar,2022-04-28,2022,04,0,NRSC VIC MODEL
Uttarakhand,Haridwar,2022-05-09,2022,05,0,NRSC VIC MODEL
Uttarakhand,Haridwar,2022-05-13,2022,05,3.988956456,NRSC VIC MODEL
Uttarakhand,Haridwar,2022-05-16,2022,05,0,NRSC VIC MODEL
Uttarakhand,Haridwar,2022-05-17,2022,05,2.655350157,NRSC VIC MODEL
Uttarakhand,Haridwar,2022-05-28,2022,05,0.050195911,NRSC VIC MODEL
Uttarakhand,Haridwar,2022-05-30,2022,05,0.259380825,NRSC VIC MODEL
Uttarakhand,Haridwar,2022-06-04,2022,06,0,NRSC VIC MODEL
Uttarakhand,Haridwar,2022-06-13,2022,06,0.000175864,NRSC VIC MODEL
Uttarakhand,Haridwar,2022-06-16,2022,06,2.886411746,NRSC VIC MODEL
Uttarakhand,Haridwar,2022-06-29,2022,06,4.427264623,NRSC VIC MODEL
Uttarakhand,Haridwar,2022-07-08,2022,07,1.498512808,NRSC VIC MODEL
Uttarakhand,Haridwar,2022-07-12,2022,07,13.04514377,NRSC VIC MODEL
Uttarakhand,Haridwar,2022-07-14,2022,07,3.521139582,NRSC VIC MODEL
Uttarakhand,Haridwar,2022-07-17,2022,07,9.515736544,NRSC VIC MODEL
Uttarakhand,Haridwar,2022-07-20,2022,07,18.63656277,NRSC VIC MODEL
Uttarakhand,Haridwar,2022-07-31,2022,07,37.28382633,NRSC VIC MODEL
Uttarakhand,Haridwar,2022-08-08,2022,08,1.4246123395,NRSC VIC MODEL
Uttarakhand,Haridwar,2022-08-09,2022,08,0.4575787472,NRSC VIC MODEL
Uttarakhand,Haridwar,2022-08-17,2022,08,0.0001076428,NRSC VIC MODEL
Uttarakhand,Haridwar,2022-08-18,2022,08,0,NRSC VIC MODEL
Uttarakhand,Haridwar,2022-08-30,2022,08,2.0836787499,NRSC VIC MODEL
Uttarakhand,Haridwar,2022-09-03,2022,09,0.2782386958,NRSC VIC MODEL
Uttarakhand,Haridwar,2022-09-11,2022,09,0.5686124684,NRSC VIC MODEL
Uttarakhand,Haridwar,2022-09-13,2022,09,2.0991285232,NRSC VIC MODEL
Uttarakhand,Haridwar,2022-09-27,2022,09,0.0001757403,NRSC VIC MODEL
Uttarakhand,Haridwar,2022-10-02,2022,10,0.1386756787,NRSC VIC MODEL
Uttarakhand,Haridwar,2022-10-05,2022,10,0.0585476712,NRSC VIC MODEL
Uttarakhand,Haridwar,2022-10-08,2022,10,1.7546872134,NRSC VIC MODEL
Uttarakhand,Haridwar,2022-10-14,2022,10,0,NRSC VIC MODEL
Uttarakhand,Haridwar,2022-10-16,2022,10,0,NRSC VIC MODEL
Uttarakhand,Haridwar,2022-10-17,2022,10,0,NRSC VIC MODEL
Uttarakhand,Haridwar,2022-10-21,2022,10,1.5919250734,NRSC VIC MODEL
Uttarakhand,Haridwar,2022-10-23,2022,10,0,NRSC VIC MODEL
Uttarakhand,Haridwar,2022-10-31,2022,10,0,NRSC VIC MODEL
Uttarakhand,Haridwar,2022-11-03,2022,11,0,NRSC VIC MODEL
Uttarakhand,Haridwar,2022-11-04,2022,11,0,NRSC VIC MODEL
Uttarakhand,Haridwar,2022-11-06,2022,11,0,NRSC VIC MODEL
Uttarakhand,Haridwar,2022-11-08,2022,11,0,NRSC VIC MODEL
Uttarakhand,Haridwar,2022-11-09,2022,11,0.0069613583,NRSC VIC MODEL
Uttarakhand,Haridwar,2022-11-10,2022,11,0,NRSC VIC MODEL
Uttarakhand,Haridwar,2022-11-13,2022,11,0,NRSC VIC MODEL
Uttarakhand,Haridwar,2022-11-14,2022,11,0.0062401168,NRSC VIC MODEL
Uttarakhand,Haridwar,2022-11-18,2022,11,0,NRSC VIC MODEL
Uttarakhand,Haridwar,2022-11-24,2022,11,0,NRSC VIC MODEL
Uttarakhand,Haridwar,2022-11-25,2022,11,0,NRSC VIC MODEL
Uttarakhand,Haridwar,2022-11-26,2022,11,0,NRSC VIC MODEL
Uttarakhand,Haridwar,2022-12-01,2022,12,0,NRSC VIC MODEL
Uttarakhand,Haridwar,2022-12-03,2022,12,0.0007533934,NRSC VIC MODEL
Uttarakhand,Haridwar,2022-12-09,2022,12,0,NRSC VIC MODEL
Uttarakhand,Haridwar,2022-12-13,2022,12,0,NRSC VIC MODEL
Uttarakhand,Haridwar,2022-12-22,2022,12,0,NRSC VIC MODEL
Uttarakhand,Haridwar,2022-12-31,2022,12,0,NRSC VIC MODEL
Uttarakhand,Nainital,2022-01-04,2022,01,0,NRSC VIC MODEL
Uttarakhand,Nainital,2022-01-08,2022,01,0.340822807,NRSC VIC MODEL
Uttarakhand,Nainital,2022-01-14,2022,01,0.016191107,NRSC VIC MODEL
Uttarakhand,Nainital,2022-01-15,2022,01,0,NRSC VIC MODEL
Uttarakhand,Nainital,2022-01-19,2022,01,0,NRSC VIC MODEL
Uttarakhand,Nainital,2022-01-24,2022,01,12.56375275,NRSC VIC MODEL
Uttarakhand,Nainital,2022-01-26,2022,01,1.046147915,NRSC VIC MODEL
Uttarakhand,Nainital,2022-01-29,2022,01,0,NRSC VIC MODEL
Uttarakhand,Nainital,2022-02-09,2022,02,0.877355622,NRSC VIC MODEL
Uttarakhand,Nainital,2022-02-13,2022,02,0,NRSC VIC MODEL
Uttarakhand,Nainital,2022-02-21,2022,02,0.013796173,NRSC VIC MODEL
Uttarakhand,Nainital,2022-03-03,2022,03,0,NRSC VIC MODEL
Uttarakhand,Nainital,2022-03-06,2022,03,0.000809555,NRSC VIC MODEL
Uttarakhand,Nainital,2022-03-13,2022,03,0,NRSC VIC MODEL
Uttarakhand,Nainital,2022-03-14,2022,03,0.001234572,NRSC VIC MODEL
Uttarakhand,Nainital,2022-03-18,2022,03,0,NRSC VIC MODEL
Uttarakhand,Nainital,2022-03-23,2022,03,0,NRSC VIC MODEL
Uttarakhand,Nainital,2022-03-31,2022,03,0.037560723,NRSC VIC MODEL
Uttarakhand,Nainital,2022-04-01,2022,04,0,NRSC VIC MODEL
Uttarakhand,Nainital,2022-04-04,2022,04,0,NRSC VIC MODEL
Uttarakhand,Nainital,2022-04-05,2022,04,0,NRSC VIC MODEL
Uttarakhand,Nainital,2022-04-15,2022,04,1.101042052,NRSC VIC MODEL
Uttarakhand,Nainital,2022-04-20,2022,04,0.00802951,NRSC VIC MODEL
Uttarakhand,Nainital,2022-04-23,2022,04,0.002481154,NRSC VIC MODEL
Uttarakhand,Nainital,2022-04-27,2022,04,0,NRSC VIC MODEL
Uttarakhand,Nainital,2022-04-29,2022,04,0.004274052,NRSC VIC MODEL
Uttarakhand,Nainital,2022-05-03,2022,05,0.005217197,NRSC VIC MODEL
Uttarakhand,Nainital,2022-05-04,2022,05,0.064781014,NRSC VIC MODEL
Uttarakhand,Nainital,2022-05-07,2022,05,0.735131498,NRSC VIC MODEL
Uttarakhand,Nainital,2022-05-09,2022,05,0.101945276,NRSC VIC MODEL
Uttarakhand,Nainital,2022-05-11,2022,05,8.483553768,NRSC VIC MODEL
Uttarakhand,Nainital,2022-05-12,2022,05,0.192374282,NRSC VIC MODEL
Uttarakhand,Nainital,2022-05-18,2022,05,0.267256451,NRSC VIC MODEL
Uttarakhand,Nainital,2022-05-23,2022,05,10.02778769,NRSC VIC MODEL
Uttarakhand,Nainital,2022-05-25,2022,05,2.462461053,NRSC VIC MODEL
Uttarakhand,Nainital,2022-05-30,2022,05,0.106663527,NRSC VIC MODEL
Uttarakhand,Nainital,2022-06-06,2022,06,0,NRSC VIC MODEL
Uttarakhand,Nainital,2022-06-08,2022,06,5.41e-05,NRSC VIC MODEL
Uttarakhand,Nainital,2022-06-11,2022,06,0.003664453,NRSC VIC MODEL
Uttarakhand,Nainital,2022-06-16,2022,06,0.282656114,NRSC VIC MODEL
Uttarakhand,Nainital,2022-06-19,2022,06,1.652321377,NRSC VIC MODEL
Uttarakhand,Nainital,2022-06-22,2022,06,0.829964936,NRSC VIC MODEL
Uttarakhand,Nainital,2022-06-30,2022,06,29.99560059,NRSC VIC MODEL
Uttarakhand,Nainital,2022-07-05,2022,07,10.30853605,NRSC VIC MODEL
Uttarakhand,Nainital,2022-07-10,2022,07,30.38361849,NRSC VIC MODEL
Uttarakhand,Nainital,2022-07-14,2022,07,0.797401552,NRSC VIC MODEL
Uttarakhand,Nainital,2022-07-15,2022,07,25.90354977,NRSC VIC MODEL
Uttarakhand,Nainital,2022-07-17,2022,07,1.300475001,NRSC VIC MODEL
Uttarakhand,Nainital,2022-07-22,2022,07,2.146759759,NRSC VIC MODEL
Uttarakhand,Nainital,2022-07-28,2022,07,19.2755791,NRSC VIC MODEL
Uttarakhand,Nainital,2022-08-03,2022,08,27.74652978,NRSC VIC MODEL
Uttarakhand,Nainital,2022-08-05,2022,08,10.5603914754,NRSC VIC MODEL
Uttarakhand,Nainital,2022-08-06,2022,08,7.3283071035,NRSC VIC MODEL
Uttarakhand,Nainital,2022-08-12,2022,08,0.9193834669,NRSC VIC MODEL
Uttarakhand,Nainital,2022-08-19,2022,08,26.8295253273,NRSC VIC MODEL
Uttarakhand,Nainital,2022-08-31,2022,08,17.4479440895,NRSC VIC MODEL
Uttarakhand,Nainital,2022-09-03,2022,09,1.9427989872,NRSC VIC MODEL
Uttarakhand,Nainital,2022-09-09,2022,09,4.2645011472,NRSC VIC MODEL
Uttarakhand,Nainital,2022-09-14,2022,09,12.2739052611,NRSC VIC MODEL
Uttarakhand,Nainital,2022-09-15,2022,09,13.6485479152,NRSC VIC MODEL
Uttarakhand,Nainital,2022-09-16,2022,09,12.9406676534,NRSC VIC MODEL
Uttarakhand,Nainital,2022-09-18,2022,09,17.4832411176,NRSC VIC MODEL
Uttarakhand,Nainital,2022-09-21,2022,09,1.2397781902,NRSC VIC MODEL
Uttarakhand,Nainital,2022-09-26,2022,09,4.3788994173,NRSC VIC MODEL
Uttarakhand,Nainital,2022-09-29,2022,09,0,NRSC VIC MODEL
Uttarakhand,Nainital,2022-10-04,2022,10,1.4461e-06,NRSC VIC MODEL
Uttarakhand,Nainital,2022-10-15,2022,10,0.1278257931,NRSC VIC MODEL
Uttarakhand,Nainital,2022-10-19,2022,10,0.0299009723,NRSC VIC MODEL
Uttarakhand,Nainital,2022-10-22,2022,10,7.231e-07,NRSC VIC MODEL
Uttarakhand,Nainital,2022-10-27,2022,10,0.0028225297,NRSC VIC MODEL
Uttarakhand,Nainital,2022-11-03,2022,11,0.0153254407,NRSC VIC MODEL
Uttarakhand,Nainital,2022-11-05,2022,11,0,NRSC VIC MODEL
Uttarakhand,Nainital,2022-11-15,2022,11,0.0449514051,NRSC VIC MODEL
Uttarakhand,Nainital,2022-11-16,2022,11,0.0023015084,NRSC VIC MODEL
Uttarakhand,Nainital,2022-11-19,2022,11,0,NRSC VIC MODEL
Uttarakhand,Nainital,2022-11-20,2022,11,0,NRSC VIC MODEL
Uttarakhand,Nainital,2022-12-10,2022,12,0.0141017112,NRSC VIC MODEL
Uttarakhand,Nainital,2022-12-11,2022,12,0,NRSC VIC MODEL
Uttarakhand,Nainital,2022-12-18,2022,12,0,NRSC VIC MODEL
Uttarakhand,Pauri Garhwal,2022-01-03,2022,01,0,NRSC VIC MODEL
Uttarakhand,Pauri Garhwal,2022-01-09,2022,01,61.53296887,NRSC VIC MODEL
Uttarakhand,Pauri Garhwal,2022-01-10,2022,01,19.41572265,NRSC VIC MODEL
Uttarakhand,Pauri Garhwal,2022-01-13,2022,01,0.063956665,NRSC VIC MODEL
Uttarakhand,Pauri Garhwal,2022-01-16,2022,01,0.011412323,NRSC VIC MODEL
Uttarakhand,Pauri Garhwal,2022-01-23,2022,01,5.495619064,NRSC VIC MODEL
Uttarakhand,Pauri Garhwal,2022-01-25,2022,01,0.074213053,NRSC VIC MODEL
Uttarakhand,Pauri Garhwal,2022-01-28,2022,01,0,NRSC VIC MODEL
Uttarakhand,Pauri Garhwal,2022-01-29,2022,01,0,NRSC VIC MODEL
Uttarakhand,Pauri Garhwal,2022-01-31,2022,01,7.1e-05,NRSC VIC MODEL
Uttarakhand,Pauri Garhwal,2022-02-05,2022,02,3.985967987,NRSC VIC MODEL
Uttarakhand,Pauri Garhwal,2022-02-06,2022,02,0,NRSC VIC MODEL
Uttarakhand,Pauri Garhwal,2022-02-10,2022,02,2.296599441,NRSC VIC MODEL
Uttarakhand,Pauri Garhwal,2022-02-14,2022,02,0,NRSC VIC MODEL
Uttarakhand,Pauri Garhwal,2022-02-16,2022,02,0.218253705,NRSC VIC MODEL
Uttarakhand,Pauri Garhwal,2022-02-18,2022,02,0,NRSC VIC MODEL
Uttarakhand,Pauri Garhwal,2022-02-22,2022,02,0,NRSC VIC MODEL
Uttarakhand,Pauri Garhwal,2022-02-25,2022,02,4.570404655,NRSC VIC MODEL
Uttarakhand,Pauri Garhwal,2022-02-28,2022,02,0,NRSC VIC MODEL
Uttarakhand,Pauri Garhwal,2022-03-04,2022,03,0.003746649,NRSC VIC MODEL
Uttarakhand,Pauri Garhwal,2022-03-06,2022,03,0.087491096,NRSC VIC MODEL
Uttarakhand,Pauri Garhwal,2022-03-12,2022,03,0,NRSC VIC MODEL
Uttarakhand,Pauri Garhwal,2022-03-15,2022,03,0,NRSC VIC MODEL
Uttarakhand,Pauri Garhwal,2022-04-01,2022,04,0,NRSC VIC MODEL
Uttarakhand,Pauri Garhwal,2022-04-02,2022,04,0.083789085,NRSC VIC MODEL
Uttarakhand,Pauri Garhwal,2022-04-04,2022,04,0,NRSC VIC MODEL
Uttarakhand,Pauri Garhwal,2022-04-21,2022,04,0,NRSC VIC MODEL
Uttarakhand,Pauri Garhwal,2022-04-22,2022,04,0.01446294,NRSC VIC MODEL
Uttarakhand,Pauri Garhwal,2022-05-24,2022,05,9.263914594,NRSC VIC MODEL
Uttarakhand,Pauri Garhwal,2022-05-29,2022,05,1.216024319,NRSC VIC MODEL
Uttarakhand,Pauri Garhwal,2022-06-01,2022,06,0,NRSC VIC MODEL
Uttarakhand,Pauri Garhwal,2022-06-15,2022,06,0.009162206,NRSC VIC MODEL
Uttarakhand,Pauri Garhwal,2022-06-16,2022,06,3.911969966,NRSC VIC MODEL
Uttarakhand,Pauri Garhwal,2022-06-21,2022,06,1.889147191,NRSC VIC MODEL
Uttarakhand,Pauri Garhwal,2022-06-24,2022,06,0.000215549,NRSC VIC MODEL
Uttarakhand,Pauri Garhwal,2022-06-25,2022,06,0.031291725,NRSC VIC MODEL
Uttarakhand,Pauri Garhwal,2022-06-29,2022,06,3.472568687,NRSC VIC MODEL
Uttarakhand,Pauri Garhwal,2022-06-30,2022,06,35.58991275,NRSC VIC MODEL
Uttarakhand,Pauri Garhwal,2022-07-01,2022,07,10.19583712,NRSC VIC MODEL
Uttarakhand,Pauri Garhwal,2022-07-05,2022,07,10.75231328,NRSC VIC MODEL
Uttarakhand,Pauri Garhwal,2022-07-06,2022,07,4.45996145,NRSC VIC MODEL
Uttarakhand,Pauri Garhwal,2022-07-11,2022,07,1.115391075,NRSC VIC MODEL
Uttarakhand,Pauri Garhwal,2022-07-26,2022,07,1.949481556,NRSC VIC MODEL
Uttarakhand,Pauri Garhwal,2022-08-06,2022,08,10.698459016,NRSC VIC MODEL
Uttarakhand,Pauri Garhwal,2022-08-14,2022,08,0.085263461,NRSC VIC MODEL
Uttarakhand,Pauri Garhwal,2022-08-16,2022,08,3.5387635879,NRSC VIC MODEL
Uttarakhand,Pauri Garhwal,2022-08-25,2022,08,3.4209436787,NRSC VIC MODEL
Uttarakhand,Pauri Garhwal,2022-08-27,2022,08,0.088032486,NRSC VIC MODEL
Uttarakhand,Pauri Garhwal,2022-08-30,2022,08,2.4227167318,NRSC VIC MODEL
Uttarakhand,Pauri Garhwal,2022-08-31,2022,08,0.856725381,NRSC VIC MODEL
Uttarakhand,Pauri Garhwal,2022-09-02,2022,09,12.8625803631,NRSC VIC MODEL
Uttarakhand,Pauri Garhwal,2022-09-08,2022,09,0.0269618978,NRSC VIC MODEL
Uttarakhand,Pauri Garhwal,2022-09-24,2022,09,6.7286077816,NRSC VIC MODEL
Uttarakhand,Pauri Garhwal,2022-09-28,2022,09,0,NRSC VIC MODEL
Uttarakhand,Pauri Garhwal,2022-10-07,2022,10,15.2690836185,NRSC VIC MODEL
Uttarakhand,Pauri Garhwal,2022-10-10,2022,10,53.4468446958,NRSC VIC MODEL
Uttarakhand,Pauri Garhwal,2022-10-11,2022,10,3.7735516495,NRSC VIC MODEL
Uttarakhand,Pauri Garhwal,2022-10-12,2022,10,0.8421412433,NRSC VIC MODEL
Uttarakhand,Pauri Garhwal,2022-10-15,2022,10,0.0970447262,NRSC VIC MODEL
Uttarakhand,Pauri Garhwal,2022-10-21,2022,10,0.0891649024,NRSC VIC MODEL
Uttarakhand,Pauri Garhwal,2022-10-27,2022,10,0.0244775865,NRSC VIC MODEL
Uttarakhand,Pauri Garhwal,2022-11-01,2022,11,0.020349516,NRSC VIC MODEL
Uttarakhand,Pauri Garhwal,2022-11-06,2022,11,0,NRSC VIC MODEL
Uttarakhand,Pauri Garhwal,2022-11-07,2022,11,0,NRSC VIC MODEL
Uttarakhand,Pauri Garhwal,2022-11-08,2022,11,0,NRSC VIC MODEL
Uttarakhand,Pauri Garhwal,2022-11-19,2022,11,0,NRSC VIC MODEL
Uttarakhand,Pauri Garhwal,2022-11-25,2022,11,0.0013876028,NRSC VIC MODEL
Uttarakhand,Pauri Garhwal,2022-11-27,2022,11,0.0348641343,NRSC VIC MODEL
Uttarakhand,Pauri Garhwal,2022-11-29,2022,11,0.0459217034,NRSC VIC MODEL
Uttarakhand,Pauri Garhwal,2022-12-08,2022,12,0,NRSC VIC MODEL
Uttarakhand,Pauri Garhwal,2022-12-16,2022,12,0,NRSC VIC MODEL
Uttarakhand,Pauri Garhwal,2022-12-20,2022,12,0,NRSC VIC MODEL
Uttarakhand,Pauri Garhwal,2022-12-26,2022,12,0.023970694,NRSC VIC MODEL
Uttarakhand,Pithoragarh,2022-01-05,2022,01,3.803652381,NRSC VIC MODEL
Uttarakhand,Pithoragarh,2022-01-09,2022,01,11.95395463,NRSC VIC MODEL
Uttarakhand,Pithoragarh,2022-01-16,2022,01,0.443646564,NRSC VIC MODEL
Uttarakhand,Pithoragarh,2022-01-21,2022,01,0.745303627,NRSC VIC MODEL
Uttarakhand,Pithoragarh,2022-01-28,2022,01,0.589735218,NRSC VIC MODEL
Uttarakhand,Pithoragarh,2022-02-01,2022,02,0.703806162,NRSC VIC MODEL
Uttarakhand,Pithoragarh,2022-02-04,2022,02,28.38593145,NRSC VIC MODEL
Uttarakhand,Pithoragarh,2022-02-06,2022,02,0.394862946,NRSC VIC MODEL
Uttarakhand,Pithoragarh,2022-02-08,2022,02,0.165365754,NRSC VIC MODEL
Uttarakhand,Pithoragarh,2022-02-12,2022,02,0.260436568,NRSC VIC MODEL
Uttarakhand,Pithoragarh,2022-02-13,2022,02,0.041456843,NRSC VIC MODEL
Uttarakhand,Pithoragarh,2022-02-16,2022,02,1.377212116,NRSC VIC MODEL
Uttarakhand,Pithoragarh,2022-02-18,2022,02,2.050684543,NRSC VIC MODEL
Uttarakhand,Pithoragarh,2022-02-22,2022,02,0.236716872,NRSC VIC MODEL
Uttarakhand,Pithoragarh,2022-03-03,2022,03,0.2263065,NRSC VIC MODEL
Uttarakhand,Pithoragarh,2022-03-05,2022,03,0.184314183,NRSC VIC MODEL
Uttarakhand,Pithoragarh,2022-03-06,2022,03,0.062547171,NRSC VIC MODEL
Uttarakhand,Pithoragarh,2022-03-09,2022,03,0,NRSC VIC MODEL
Uttarakhand,Pithoragarh,2022-03-12,2022,03,0,NRSC VIC MODEL
Uttarakhand,Almora,2022-08-24,2022,08,12.08289937,NRSC VIC MODEL
Uttarakhand,Almora,2022-10-19,2022,10,0.9596429297,NRSC VIC MODEL
Uttarakhand,Almora,2022-10-24,2022,10,0.4762354056,NRSC VIC MODEL
Uttarakhand,Almora,2022-10-25,2022,10,4.43633e-05,NRSC VIC MODEL
Uttarakhand,Almora,2022-11-03,2022,11,0.1308903831,NRSC VIC MODEL
Uttarakhand,Almora,2022-11-05,2022,11,2.21816e-05,NRSC VIC MODEL
Uttarakhand,Almora,2022-11-09,2022,11,0.0157151494,NRSC VIC MODEL
Uttarakhand,Almora,2022-11-11,2022,11,0.309455706,NRSC VIC MODEL
Uttarakhand,Almora,2022-11-23,2022,11,0.0851310242,NRSC VIC MODEL
Uttarakhand,Almora,2022-11-25,2022,11,0.063138418,NRSC VIC MODEL
Uttarakhand,Almora,2022-11-29,2022,11,0.3969873813,NRSC VIC MODEL
Uttarakhand,Almora,2022-12-03,2022,12,0.4041814202,NRSC VIC MODEL
Uttarakhand,Almora,2022-12-04,2022,12,0.4892833267,NRSC VIC MODEL
Uttarakhand,Almora,2022-12-05,2022,12,0.0005637844,NRSC VIC MODEL
Uttarakhand,Almora,2022-12-20,2022,12,0,NRSC VIC MODEL
Uttarakhand,Almora,2022-12-22,2022,12,0,NRSC VIC MODEL
Uttarakhand,Almora,2022-12-25,2022,12,0,NRSC VIC MODEL
Uttarakhand,Almora,2022-12-31,2022,12,0,NRSC VIC MODEL
Uttarakhand,Bageshwar,2022-01-09,2022,01,13.48566521,NRSC VIC MODEL
Uttarakhand,Bageshwar,2022-01-15,2022,01,0,NRSC VIC MODEL
Uttarakhand,Bageshwar,2022-01-23,2022,01,4.341200975,NRSC VIC MODEL
Uttarakhand,Bageshwar,2022-01-28,2022,01,0.60012827,NRSC VIC MODEL
Uttarakhand,Bageshwar,2022-02-01,2022,02,0,NRSC VIC MODEL
Uttarakhand,Bageshwar,2022-02-04,2022,02,40.03761763,NRSC VIC MODEL
Uttarakhand,Bageshwar,2022-02-14,2022,02,0,NRSC VIC MODEL
Uttarakhand,Bageshwar,2022-02-18,2022,02,1.922468114,NRSC VIC MODEL
Uttarakhand,Bageshwar,2022-02-19,2022,02,2.424917777,NRSC VIC MODEL
Uttarakhand,Bageshwar,2022-02-22,2022,02,0.976080248,NRSC VIC MODEL
Uttarakhand,Bageshwar,2022-02-23,2022,02,3.080889738,NRSC VIC MODEL
Uttarakhand,Bageshwar,2022-03-03,2022,03,0,NRSC VIC MODEL
Uttarakhand,Bageshwar,2022-03-06,2022,03,2.39e-05,NRSC VIC MODEL
Uttarakhand,Bageshwar,2022-03-07,2022,03,7.18e-05,NRSC VIC MODEL
Uttarakhand,Bageshwar,2022-03-09,2022,03,0,NRSC VIC MODEL
Uttarakhand,Bageshwar,2022-03-12,2022,03,0,NRSC VIC MODEL
Uttarakhand,Bageshwar,2022-03-14,2022,03,0.033723943,NRSC VIC MODEL
Uttarakhand,Bageshwar,2022-03-19,2022,03,1.218799325,NRSC VIC MODEL
Uttarakhand,Bageshwar,2022-03-29,2022,03,0,NRSC VIC MODEL
Uttarakhand,Bageshwar,2022-04-06,2022,04,0.002949784,NRSC VIC MODEL
Uttarakhand,Bageshwar,2022-04-12,2022,04,0.332474453,NRSC VIC MODEL
Uttarakhand,Bageshwar,2022-04-13,2022,04,0.002612682,NRSC VIC MODEL
Uttarakhand,Bageshwar,2022-04-14,2022,04,0.381048436,NRSC VIC MODEL
Uttarakhand,Bageshwar,2022-04-15,2022,04,4.110828588,NRSC VIC MODEL
Uttarakhand,Bageshwar,2022-04-24,2022,04,0.098420867,NRSC VIC MODEL
Uttarakhand,Bageshwar,2022-04-30,2022,04,2.072642147,NRSC VIC MODEL
Uttarakhand,Bageshwar,2022-05-02,2022,05,0.852651968,NRSC VIC MODEL
Uttarakhand,Bageshwar,2022-05-05,2022,05,0.968470011,NRSC VIC MODEL
Uttarakhand,Bageshwar,2022-05-11,2022,05,0.615553365,NRSC VIC MODEL
Uttarakhand,Bageshwar,2022-05-13,2022,05,9.943419607,NRSC VIC MODEL
Uttarakhand,Bageshwar,2022-05-20,2022,05,0.611554903,NRSC VIC MODEL
Uttarakhand,Bageshwar,2022-05-21,2022,05,2.202365362,NRSC VIC MODEL
Uttarakhand,Bageshwar,2022-05-26,2022,05,0.978030057,NRSC VIC MODEL
Uttarakhand,Bageshwar,2022-05-29,2022,05,3.859606891,NRSC VIC MODEL
Uttarakhand,Bageshwar,2022-06-01,2022,06,0.000352589,NRSC VIC MODEL
Uttarakhand,Bageshwar,2022-06-03,2022,06,0,NRSC VIC MODEL
Uttarakhand,Bageshwar,2022-06-12,2022,06,15.85299193,NRSC VIC MODEL
Uttarakhand,Bageshwar,2022-06-14,2022,06,1.37387989,NRSC VIC MODEL
Uttarakhand,Bageshwar,2022-06-16,2022,06,3.897553298,NRSC VIC MODEL
Uttarakhand,Bageshwar,2022-06-22,2022,06,2.098213304,NRSC VIC MODEL
Uttarakhand,Bageshwar,2022-06-23,2022,06,0.074572736,NRSC VIC MODEL
Uttarakhand,Bageshwar,2022-06-27,2022,06,40.96744153,NRSC VIC MODEL
Uttarakhand,Bageshwar,2022-06-29,2022,06,45.97365236,NRSC VIC MODEL
Uttarakhand,Bageshwar,2022-07-01,2022,07,2.185181969,NRSC VIC MODEL
Uttarakhand,Bageshwar,2022-07-05,2022,07,6.747792174,NRSC VIC MODEL
Uttarakhand,Bageshwar,2022-07-16,2022,07,12.44094073,NRSC VIC MODEL
Uttarakhand,Bageshwar,2022-07-19,2022,07,12.44960703,NRSC VIC MODEL
Uttarakhand,Bageshwar,2022-07-25,2022,07,15.6114611,NRSC VIC MODEL
Uttarakhand,Bageshwar,2022-07-31,2022,07,16.76553324,NRSC VIC MODEL
Uttarakhand,Bageshwar,2022-08-03,2022,08,6.5837681936,NRSC VIC MODEL
Uttarakhand,Bageshwar,2022-08-17,2022,08,1.0208926076,NRSC VIC MODEL
Uttarakhand,Bageshwar,2022-08-28,2022,08,3.2272407815,NRSC VIC MODEL
Uttarakhand,Bageshwar,2022-08-30,2022,08,4.8568373415,NRSC VIC MODEL
Uttarakhand,Bageshwar,2022-08-31,2022,08,3.4442351962,NRSC VIC MODEL
Uttarakhand,Bageshwar,2022-09-07,2022,09,0.0189556359,NRSC VIC MODEL
Uttarakhand,Bageshwar,2022-09-11,2022,09,25.1287510133,NRSC VIC MODEL
Uttarakhand,Bageshwar,2022-09-13,2022,09,0.0893005352,NRSC VIC MODEL
Uttarakhand,Tehri Garhwal,2022-09-17,2022,09,9.9200259356,NRSC VIC MODEL
Uttarakhand,Tehri Garhwal,2022-08-24,2022,08,23.70076322,NRSC VIC MODEL
Uttarakhand,Tehri Garhwal,2022-10-14,2022,10,1.807638728,NRSC VIC MODEL
Uttarakhand,Tehri Garhwal,2022-10-15,2022,10,0.0142201452,NRSC VIC MODEL
Uttarakhand,Tehri Garhwal,2022-10-17,2022,10,0.0150059453,NRSC VIC MODEL
Uttarakhand,Tehri Garhwal,2022-10-21,2022,10,2.0563719508,NRSC VIC MODEL
Uttarakhand,Tehri Garhwal,2022-10-22,2022,10,0.2114076492,NRSC VIC MODEL
Uttarakhand,Tehri Garhwal,2022-10-28,2022,10,0.0080329229,NRSC VIC MODEL
Uttarakhand,Tehri Garhwal,2022-10-30,2022,10,0.0137325503,NRSC VIC MODEL
Uttarakhand,Tehri Garhwal,2022-11-04,2022,11,0.002075124,NRSC VIC MODEL
Uttarakhand,Tehri Garhwal,2022-11-06,2022,11,0,NRSC VIC MODEL
Uttarakhand,Tehri Garhwal,2022-11-19,2022,11,0,NRSC VIC MODEL
Uttarakhand,Tehri Garhwal,2022-11-21,2022,11,0.004101993,NRSC VIC MODEL
Uttarakhand,Tehri Garhwal,2022-11-28,2022,11,4.9596e-06,NRSC VIC MODEL
Uttarakhand,Tehri Garhwal,2022-12-01,2022,12,0.0029191469,NRSC VIC MODEL
Uttarakhand,Tehri Garhwal,2022-12-04,2022,12,0,NRSC VIC MODEL
Uttarakhand,Tehri Garhwal,2022-12-09,2022,12,0,NRSC VIC MODEL
Uttarakhand,Tehri Garhwal,2022-12-15,2022,12,0,NRSC VIC MODEL
Uttarakhand,Tehri Garhwal,2022-12-16,2022,12,0,NRSC VIC MODEL
Uttarakhand,Tehri Garhwal,2022-12-24,2022,12,0,NRSC VIC MODEL
Uttarakhand,Udam Singh Nagar,2022-01-05,2022,01,1.750743462,NRSC VIC MODEL
Uttarakhand,Udam Singh Nagar,2022-01-07,2022,01,0.226649188,NRSC VIC MODEL
Uttarakhand,Udam Singh Nagar,2022-01-08,2022,01,0.808879615,NRSC VIC MODEL
Uttarakhand,Udam Singh Nagar,2022-01-09,2022,01,74.47169472,NRSC VIC MODEL
Uttarakhand,Udam Singh Nagar,2022-01-22,2022,01,7.098791208,NRSC VIC MODEL
Uttarakhand,Udam Singh Nagar,2022-01-25,2022,01,0.168817216,NRSC VIC MODEL
Uttarakhand,Udam Singh Nagar,2022-01-27,2022,01,0.002778926,NRSC VIC MODEL
Uttarakhand,Udam Singh Nagar,2022-01-31,2022,01,0.018502593,NRSC VIC MODEL
Uttarakhand,Udam Singh Nagar,2022-02-07,2022,02,0,NRSC VIC MODEL
Uttarakhand,Udam Singh Nagar,2022-02-12,2022,02,0,NRSC VIC MODEL
Uttarakhand,Udam Singh Nagar,2022-02-17,2022,02,0,NRSC VIC MODEL
Uttarakhand,Udam Singh Nagar,2022-03-02,2022,03,0,NRSC VIC MODEL
Uttarakhand,Udam Singh Nagar,2022-03-20,2022,03,0,NRSC VIC MODEL
Uttarakhand,Udam Singh Nagar,2022-03-21,2022,03,0,NRSC VIC MODEL
Uttarakhand,Udam Singh Nagar,2022-03-23,2022,03,0,NRSC VIC MODEL
Uttarakhand,Udam Singh Nagar,2022-04-01,2022,04,0,NRSC VIC MODEL
Uttarakhand,Udam Singh Nagar,2022-04-03,2022,04,0.018078659,NRSC VIC MODEL
Uttarakhand,Udam Singh Nagar,2022-04-07,2022,04,0,NRSC VIC MODEL
Uttarakhand,Udam Singh Nagar,2022-04-18,2022,04,0.01537621,NRSC VIC MODEL
Uttarakhand,Udam Singh Nagar,2022-04-19,2022,04,0.007064875,NRSC VIC MODEL
Uttarakhand,Udam Singh Nagar,2022-04-23,2022,04,0.079256659,NRSC VIC MODEL
Uttarakhand,Udam Singh Nagar,2022-04-27,2022,04,0,NRSC VIC MODEL
Uttarakhand,Udam Singh Nagar,2022-05-02,2022,05,1.67e-06,NRSC VIC MODEL
Uttarakhand,Udam Singh Nagar,2022-05-14,2022,05,0.006307279,NRSC VIC MODEL
Uttarakhand,Udam Singh Nagar,2022-05-15,2022,05,0.00333537,NRSC VIC MODEL
Uttarakhand,Udam Singh Nagar,2022-05-16,2022,05,0,NRSC VIC MODEL
Uttarakhand,Udam Singh Nagar,2022-05-30,2022,05,0.229105017,NRSC VIC MODEL
Uttarakhand,Udam Singh Nagar,2022-06-19,2022,06,1.171947083,NRSC VIC MODEL
Uttarakhand,Udam Singh Nagar,2022-06-20,2022,06,2.311529724,NRSC VIC MODEL
Uttarakhand,Udam Singh Nagar,2022-06-23,2022,06,0,NRSC VIC MODEL
Uttarakhand,Udam Singh Nagar,2022-06-26,2022,06,5.230023879,NRSC VIC MODEL
Uttarakhand,Udam Singh Nagar,2022-07-02,2022,07,0.281081715,NRSC VIC MODEL
Uttarakhand,Udam Singh Nagar,2022-07-09,2022,07,55.79737911,NRSC VIC MODEL
Uttarakhand,Udam Singh Nagar,2022-07-11,2022,07,0.150119776,NRSC VIC MODEL
Uttarakhand,Udam Singh Nagar,2022-07-14,2022,07,0.019622215,NRSC VIC MODEL
Uttarakhand,Udam Singh Nagar,2022-07-16,2022,07,0,NRSC VIC MODEL
Uttarakhand,Udam Singh Nagar,2022-07-18,2022,07,0.808648039,NRSC VIC MODEL
Uttarakhand,Udam Singh Nagar,2022-07-25,2022,07,1.559108806,NRSC VIC MODEL
Uttarakhand,Udam Singh Nagar,2022-08-01,2022,08,6.8654120111,NRSC VIC MODEL
Uttarakhand,Udam Singh Nagar,2022-08-02,2022,08,4.8968194238,NRSC VIC MODEL
Uttarakhand,Udam Singh Nagar,2022-08-06,2022,08,10.3135061763,NRSC VIC MODEL
Uttarakhand,Udam Singh Nagar,2022-08-12,2022,08,2.0431492363,NRSC VIC MODEL
Uttarakhand,Udam Singh Nagar,2022-05-20,2022,05,0,NRSC VIC MODEL
Uttarakhand,Udam Singh Nagar,2022-08-18,2022,08,0.0020872699,NRSC VIC MODEL
Uttarakhand,Udam Singh Nagar,2022-08-19,2022,08,16.0409723043,NRSC VIC MODEL
Uttarakhand,Udam Singh Nagar,2022-08-29,2022,08,47.1173901098,NRSC VIC MODEL
Uttarakhand,Udam Singh Nagar,2022-09-03,2022,09,0.5820722309,NRSC VIC MODEL
Uttarakhand,Udam Singh Nagar,2022-09-07,2022,09,0,NRSC VIC MODEL
Uttarakhand,Udam Singh Nagar,2022-09-11,2022,09,0.6686737621,NRSC VIC MODEL
Uttarakhand,Udam Singh Nagar,2022-09-15,2022,09,2.1357959108,NRSC VIC MODEL
Uttarakhand,Udam Singh Nagar,2022-09-16,2022,09,8.2913541106,NRSC VIC MODEL
Uttarakhand,Udam Singh Nagar,2022-09-17,2022,09,49.6034231728,NRSC VIC MODEL
Uttarakhand,Udam Singh Nagar,2022-09-18,2022,09,22.8490019719,NRSC VIC MODEL
Uttarakhand,Udam Singh Nagar,2022-09-19,2022,09,0.5776712852,NRSC VIC MODEL
Uttarakhand,Udam Singh Nagar,2022-09-22,2022,09,2.7878000492,NRSC VIC MODEL
Uttarakhand,Udam Singh Nagar,2022-09-26,2022,09,2.98376221,NRSC VIC MODEL
Uttarakhand,Udam Singh Nagar,2022-10-04,2022,10,0,NRSC VIC MODEL
Uttarakhand,Udam Singh Nagar,2022-10-08,2022,10,21.3171291448,NRSC VIC MODEL
Uttarakhand,Udam Singh Nagar,2022-10-16,2022,10,0,NRSC VIC MODEL
Uttarakhand,Udam Singh Nagar,2022-10-30,2022,10,0.0022796944,NRSC VIC MODEL
Uttarakhand,Udam Singh Nagar,2022-10-31,2022,10,0,NRSC VIC MODEL
Uttarakhand,Udam Singh Nagar,2022-11-01,2022,11,0,NRSC VIC MODEL
Uttarakhand,Udam Singh Nagar,2022-11-05,2022,11,0,NRSC VIC MODEL
Uttarakhand,Udam Singh Nagar,2022-11-12,2022,11,0,NRSC VIC MODEL
Uttarakhand,Udam Singh Nagar,2022-11-13,2022,11,0,NRSC VIC MODEL
Uttarakhand,Udam Singh Nagar,2022-11-20,2022,11,0,NRSC VIC MODEL
Uttarakhand,Udam Singh Nagar,2022-11-30,2022,11,1.669e-06,NRSC VIC MODEL
Uttarakhand,Udam Singh Nagar,2022-12-02,2022,12,0,NRSC VIC MODEL
Uttarakhand,Udam Singh Nagar,2022-12-09,2022,12,0,NRSC VIC MODEL
Uttarakhand,Udam Singh Nagar,2022-12-12,2022,12,0,NRSC VIC MODEL
Uttarakhand,Udam Singh Nagar,2022-12-18,2022,12,0,NRSC VIC MODEL
Uttarakhand,Udam Singh Nagar,2022-12-22,2022,12,0,NRSC VIC MODEL
Uttarakhand,Udam Singh Nagar,2022-12-29,2022,12,0,NRSC VIC MODEL
Uttarakhand,Udam Singh Nagar,2022-12-31,2022,12,0,NRSC VIC MODEL
Uttarakhand,Uttar Kashi,2022-01-04,2022,01,0,NRSC VIC MODEL
Uttarakhand,Uttar Kashi,2022-01-06,2022,01,19.10755684,NRSC VIC MODEL
Uttarakhand,Uttar Kashi,2022-01-08,2022,01,7.08571037,NRSC VIC MODEL
Uttarakhand,Uttar Kashi,2022-01-10,2022,01,9.048807755,NRSC VIC MODEL
Uttarakhand,Uttar Kashi,2022-01-12,2022,01,5.004143092,NRSC VIC MODEL
Uttarakhand,Uttar Kashi,2022-01-16,2022,01,1.928022468,NRSC VIC MODEL
Uttarakhand,Uttar Kashi,2022-01-18,2022,01,0.000544003,NRSC VIC MODEL
Uttarakhand,Uttar Kashi,2022-01-26,2022,01,9.037960868,NRSC VIC MODEL
Uttarakhand,Uttar Kashi,2022-01-27,2022,01,2.484978578,NRSC VIC MODEL
Uttarakhand,Uttar Kashi,2022-02-01,2022,02,0,NRSC VIC MODEL
Uttarakhand,Uttar Kashi,2022-02-06,2022,02,0.269158689,NRSC VIC MODEL
Uttarakhand,Uttar Kashi,2022-02-12,2022,02,0.108837062,NRSC VIC MODEL
Uttarakhand,Uttar Kashi,2022-02-19,2022,02,0.815009179,NRSC VIC MODEL
Uttarakhand,Uttar Kashi,2022-02-20,2022,02,0.902052956,NRSC VIC MODEL
Uttarakhand,Uttar Kashi,2022-02-21,2022,02,2.920668487,NRSC VIC MODEL
Uttarakhand,Uttar Kashi,2022-02-25,2022,02,7.206203689,NRSC VIC MODEL
Uttarakhand,Uttar Kashi,2022-03-02,2022,03,1.233954415,NRSC VIC MODEL
Uttarakhand,Uttar Kashi,2022-03-03,2022,03,0.007582869,NRSC VIC MODEL
Uttarakhand,Uttar Kashi,2022-03-07,2022,03,0,NRSC VIC MODEL
Uttarakhand,Uttar Kashi,2022-03-09,2022,03,0.000199025,NRSC VIC MODEL
Uttarakhand,Uttar Kashi,2022-03-10,2022,03,0,NRSC VIC MODEL
Uttarakhand,Uttar Kashi,2022-03-12,2022,03,0.001243909,NRSC VIC MODEL
Uttarakhand,Uttar Kashi,2022-03-16,2022,03,0.111978347,NRSC VIC MODEL
Uttarakhand,Uttar Kashi,2022-03-22,2022,03,0.304303508,NRSC VIC MODEL
Uttarakhand,Uttar Kashi,2022-03-23,2022,03,0.209759766,NRSC VIC MODEL
Uttarakhand,Uttar Kashi,2022-03-25,2022,03,0.476818929,NRSC VIC MODEL
Uttarakhand,Uttar Kashi,2022-03-26,2022,03,2.06e-06,NRSC VIC MODEL
Uttarakhand,Uttar Kashi,2022-04-04,2022,04,0.007904453,NRSC VIC MODEL
Uttarakhand,Uttar Kashi,2022-04-07,2022,04,0.033900813,NRSC VIC MODEL
Uttarakhand,Uttar Kashi,2022-04-18,2022,04,1.301326694,NRSC VIC MODEL
Uttarakhand,Uttar Kashi,2022-04-27,2022,04,0,NRSC VIC MODEL
Uttarakhand,Uttar Kashi,2022-05-16,2022,05,0.088575576,NRSC VIC MODEL
Uttarakhand,Uttar Kashi,2022-05-21,2022,05,1.362319498,NRSC VIC MODEL
Uttarakhand,Uttar Kashi,2022-05-22,2022,05,0.028467827,NRSC VIC MODEL
Uttarakhand,Uttar Kashi,2022-05-27,2022,05,0.049276061,NRSC VIC MODEL
Uttarakhand,Uttar Kashi,2022-05-29,2022,05,1.486805885,NRSC VIC MODEL
Uttarakhand,Uttar Kashi,2022-06-05,2022,06,0,NRSC VIC MODEL
Uttarakhand,Uttar Kashi,2022-06-09,2022,06,0.032049416,NRSC VIC MODEL
Uttarakhand,Uttar Kashi,2022-06-11,2022,06,1.694304157,NRSC VIC MODEL
Uttarakhand,Uttar Kashi,2022-06-17,2022,06,1.008475796,NRSC VIC MODEL
Uttarakhand,Uttar Kashi,2022-06-21,2022,06,0.751317281,NRSC VIC MODEL
Uttarakhand,Uttar Kashi,2022-06-27,2022,06,3.859297835,NRSC VIC MODEL
Uttarakhand,Uttar Kashi,2022-07-01,2022,07,2.971974652,NRSC VIC MODEL
Uttarakhand,Uttar Kashi,2022-07-17,2022,07,15.93952068,NRSC VIC MODEL
Uttarakhand,Uttar Kashi,2022-07-21,2022,07,6.283077751,NRSC VIC MODEL
Uttarakhand,Uttar Kashi,2022-07-23,2022,07,9.051879898,NRSC VIC MODEL
Uttarakhand,Uttar Kashi,2022-08-07,2022,08,9.7280775201,NRSC VIC MODEL
Uttarakhand,Uttar Kashi,2022-08-15,2022,08,15.7066667294,NRSC VIC MODEL
Uttarakhand,Uttar Kashi,2022-08-18,2022,08,0.0149757399,NRSC VIC MODEL
Uttarakhand,Uttar Kashi,2022-08-26,2022,08,0.2533252573,NRSC VIC MODEL
Uttarakhand,Uttar Kashi,2022-08-28,2022,08,0.0962276528,NRSC VIC MODEL
Uttarakhand,Uttar Kashi,2022-08-29,2022,08,10.4026905791,NRSC VIC MODEL
Uttarakhand,Uttar Kashi,2022-09-06,2022,09,0.4333170084,NRSC VIC MODEL
Uttarakhand,Uttar Kashi,2022-09-07,2022,09,3.4596428504,NRSC VIC MODEL
Uttarakhand,Uttar Kashi,2022-09-10,2022,09,0.3440755352,NRSC VIC MODEL
Uttarakhand,Uttar Kashi,2022-09-17,2022,09,3.7641110277,NRSC VIC MODEL
Uttarakhand,Uttar Kashi,2022-09-28,2022,09,0.0212350788,NRSC VIC MODEL
Uttarakhand,Uttar Kashi,2022-09-29,2022,09,0.2678717939,NRSC VIC MODEL
Uttarakhand,Uttar Kashi,2022-10-02,2022,10,1.3236593532,NRSC VIC MODEL
Uttarakhand,Uttar Kashi,2022-10-05,2022,10,0.3015698238,NRSC VIC MODEL
Uttarakhand,Uttar Kashi,2022-10-16,2022,10,0.4797188126,NRSC VIC MODEL
Uttarakhand,Uttar Kashi,2022-10-20,2022,10,0.0594166973,NRSC VIC MODEL
Uttarakhand,Uttar Kashi,2022-11-04,2022,11,0.2772085423,NRSC VIC MODEL
Uttarakhand,Uttar Kashi,2022-11-10,2022,11,4.3318904408,NRSC VIC MODEL
Uttarakhand,Uttar Kashi,2022-12-15,2022,12,0,NRSC VIC MODEL
Uttarakhand,Uttar Kashi,2022-12-20,2022,12,0,NRSC VIC MODEL
Uttarakhand,Uttar Kashi,2022-12-22,2022,12,0,NRSC VIC MODEL
Uttarakhand,Uttar Kashi,2022-12-25,2022,12,0,NRSC VIC MODEL
Uttarakhand,Uttar Kashi,2022-12-27,2022,12,0,NRSC VIC MODEL
Uttarakhand,Uttar Kashi,2022-12-28,2022,12,0,NRSC VIC MODEL
Uttarakhand,Uttar Kashi,2022-12-31,2022,12,0.0013814024,NRSC VIC MODEL
Uttarakhand,Pauri Garhwal,2022-09-06,2022,09,0.390658528,NRSC VIC MODEL
Uttarakhand,Pauri Garhwal,2022-09-15,2022,09,21.5683743572,NRSC VIC MODEL
Uttarakhand,Pauri Garhwal,2022-09-16,2022,09,22.8640358294,NRSC VIC MODEL
Uttarakhand,Pauri Garhwal,2022-09-20,2022,09,5.7444449916,NRSC VIC MODEL
Uttarakhand,Pauri Garhwal,2022-09-23,2022,09,16.2311124034,NRSC VIC MODEL
Uttarakhand,Pauri Garhwal,2022-08-24,2022,08,17.2446418,NRSC VIC MODEL
Uttarakhand,Pauri Garhwal,2022-10-14,2022,10,0.3564304356,NRSC VIC MODEL
Uttarakhand,Pauri Garhwal,2022-10-20,2022,10,0.0314070512,NRSC VIC MODEL
Uttarakhand,Pauri Garhwal,2022-10-22,2022,10,8.72909e-05,NRSC VIC MODEL
Uttarakhand,Pauri Garhwal,2022-10-23,2022,10,0.0137211054,NRSC VIC MODEL
Uttarakhand,Pauri Garhwal,2022-10-24,2022,10,0.1291142326,NRSC VIC MODEL
Uttarakhand,Pauri Garhwal,2022-10-26,2022,10,0.2782447556,NRSC VIC MODEL
Uttarakhand,Pauri Garhwal,2022-10-30,2022,10,0.2214581263,NRSC VIC MODEL
Uttarakhand,Pauri Garhwal,2022-11-05,2022,11,0,NRSC VIC MODEL
Uttarakhand,Pauri Garhwal,2022-11-14,2022,11,0.0004065475,NRSC VIC MODEL
Uttarakhand,Pauri Garhwal,2022-11-16,2022,11,0.0252483775,NRSC VIC MODEL
Uttarakhand,Pauri Garhwal,2022-11-18,2022,11,0,NRSC VIC MODEL
Uttarakhand,Pauri Garhwal,2022-11-24,2022,11,0.0001949189,NRSC VIC MODEL
Uttarakhand,Pauri Garhwal,2022-12-21,2022,12,0,NRSC VIC MODEL
Uttarakhand,Pauri Garhwal,2022-12-25,2022,12,0,NRSC VIC MODEL
Uttarakhand,Pithoragarh,2022-01-11,2022,01,17.16709165,NRSC VIC MODEL
Uttarakhand,Pithoragarh,2022-01-22,2022,01,10.61100922,NRSC VIC MODEL
Uttarakhand,Pithoragarh,2022-01-27,2022,01,3.521191173,NRSC VIC MODEL
Uttarakhand,Pithoragarh,2022-01-30,2022,01,0.265540198,NRSC VIC MODEL
Uttarakhand,Pithoragarh,2022-01-31,2022,01,0.767147313,NRSC VIC MODEL
Uttarakhand,Pithoragarh,2022-02-17,2022,02,0.213783771,NRSC VIC MODEL
Uttarakhand,Pithoragarh,2022-03-08,2022,03,0.006440472,NRSC VIC MODEL
Uttarakhand,Pithoragarh,2022-03-10,2022,03,0.000413608,NRSC VIC MODEL
Uttarakhand,Pithoragarh,2022-03-13,2022,03,0,NRSC VIC MODEL
Uttarakhand,Pithoragarh,2022-03-21,2022,03,0.012164514,NRSC VIC MODEL
Uttarakhand,Pithoragarh,2022-03-31,2022,03,0,NRSC VIC MODEL
Uttarakhand,Pithoragarh,2022-04-21,2022,04,0.017808117,NRSC VIC MODEL
Uttarakhand,Pithoragarh,2022-05-03,2022,05,2.92981578,NRSC VIC MODEL
Uttarakhand,Pithoragarh,2022-05-06,2022,05,2.94826991,NRSC VIC MODEL
Uttarakhand,Pithoragarh,2022-05-13,2022,05,26.11952948,NRSC VIC MODEL
Uttarakhand,Pithoragarh,2022-05-14,2022,05,2.527414967,NRSC VIC MODEL
Uttarakhand,Pithoragarh,2022-05-19,2022,05,0.195588899,NRSC VIC MODEL
Uttarakhand,Pithoragarh,2022-05-22,2022,05,1.973017929,NRSC VIC MODEL
Uttarakhand,Pithoragarh,2022-06-08,2022,06,0.395189976,NRSC VIC MODEL
Uttarakhand,Pithoragarh,2022-06-15,2022,06,2.314493057,NRSC VIC MODEL
Uttarakhand,Pithoragarh,2022-06-17,2022,06,2.018981228,NRSC VIC MODEL
Uttarakhand,Pithoragarh,2022-06-18,2022,06,11.41309076,NRSC VIC MODEL
Uttarakhand,Pithoragarh,2022-06-24,2022,06,1.285528083,NRSC VIC MODEL
Uttarakhand,Pithoragarh,2022-06-26,2022,06,4.161038786,NRSC VIC MODEL
Uttarakhand,Pithoragarh,2022-07-05,2022,07,4.785003854,NRSC VIC MODEL
Uttarakhand,Pithoragarh,2022-07-06,2022,07,13.31880081,NRSC VIC MODEL
Uttarakhand,Pithoragarh,2022-07-12,2022,07,10.70069927,NRSC VIC MODEL
Uttarakhand,Pithoragarh,2022-07-15,2022,07,1.590560202,NRSC VIC MODEL
Uttarakhand,Pithoragarh,2022-07-16,2022,07,3.766709894,NRSC VIC MODEL
Uttarakhand,Pithoragarh,2022-07-19,2022,07,12.91394258,NRSC VIC MODEL
Uttarakhand,Pithoragarh,2022-07-22,2022,07,2.11246763,NRSC VIC MODEL
Uttarakhand,Pithoragarh,2022-07-27,2022,07,10.98926444,NRSC VIC MODEL
Uttarakhand,Pithoragarh,2022-07-30,2022,07,4.280611269,NRSC VIC MODEL
Uttarakhand,Pithoragarh,2022-08-01,2022,08,4.1818778673,NRSC VIC MODEL
Uttarakhand,Pithoragarh,2022-08-19,2022,08,16.4503345374,NRSC VIC MODEL
Uttarakhand,Pithoragarh,2022-08-20,2022,08,4.0659962996,NRSC VIC MODEL
Uttarakhand,Pithoragarh,2022-08-21,2022,08,5.3203482901,NRSC VIC MODEL
Uttarakhand,Pithoragarh,2022-08-26,2022,08,6.4447167222,NRSC VIC MODEL
Uttarakhand,Pithoragarh,2022-09-02,2022,09,15.7839023964,NRSC VIC MODEL
Uttarakhand,Pithoragarh,2022-09-05,2022,09,4.3674545975,NRSC VIC MODEL
Uttarakhand,Pithoragarh,2022-09-06,2022,09,0.8650457113,NRSC VIC MODEL
Uttarakhand,Pithoragarh,2022-09-08,2022,09,0.1988306506,NRSC VIC MODEL
Uttarakhand,Pithoragarh,2022-09-15,2022,09,9.553472635,NRSC VIC MODEL
Uttarakhand,Pithoragarh,2022-09-19,2022,09,2.0110746085,NRSC VIC MODEL
Uttarakhand,Pithoragarh,2022-09-24,2022,09,3.4216607461,NRSC VIC MODEL
Uttarakhand,Pithoragarh,2022-09-26,2022,09,4.7498888559,NRSC VIC MODEL
Uttarakhand,Pithoragarh,2022-09-28,2022,09,0.2034391225,NRSC VIC MODEL
Uttarakhand,Pithoragarh,2022-10-06,2022,10,3.6541326511,NRSC VIC MODEL
Uttarakhand,Pithoragarh,2022-10-08,2022,10,13.2704769878,NRSC VIC MODEL
Uttarakhand,Pithoragarh,2022-10-10,2022,10,20.6722863003,NRSC VIC MODEL
Uttarakhand,Pithoragarh,2022-10-19,2022,10,2.0447652676,NRSC VIC MODEL
Uttarakhand,Pithoragarh,2022-10-20,2022,10,0.123417758,NRSC VIC MODEL
Uttarakhand,Pithoragarh,2022-10-21,2022,10,0.7185724798,NRSC VIC MODEL
Uttarakhand,Pithoragarh,2022-10-29,2022,10,0,NRSC VIC MODEL
Uttarakhand,Pithoragarh,2022-10-30,2022,10,0.0181625236,NRSC VIC MODEL
Uttarakhand,Pithoragarh,2022-11-14,2022,11,0.0116836551,NRSC VIC MODEL
Uttarakhand,Pithoragarh,2022-11-15,2022,11,0.5270878378,NRSC VIC MODEL
Uttarakhand,Pithoragarh,2022-11-18,2022,11,0,NRSC VIC MODEL
Uttarakhand,Pithoragarh,2022-11-21,2022,11,6.62997e-05,NRSC VIC MODEL
Uttarakhand,Pithoragarh,2022-11-27,2022,11,0.0755233814,NRSC VIC MODEL
Uttarakhand,Pithoragarh,2022-12-02,2022,12,0.0218392687,NRSC VIC MODEL
Uttarakhand,Pithoragarh,2022-12-04,2022,12,0.01097933,NRSC VIC MODEL
Uttarakhand,Pithoragarh,2022-12-11,2022,12,0,NRSC VIC MODEL
Uttarakhand,Pithoragarh,2022-12-15,2022,12,0,NRSC VIC MODEL
Uttarakhand,Pithoragarh,2022-12-22,2022,12,0,NRSC VIC MODEL
Uttarakhand,Pithoragarh,2022-12-31,2022,12,0,NRSC VIC MODEL
Uttarakhand,Rudra Prayag,2022-01-01,2022,01,0.01338291,NRSC VIC MODEL
Uttarakhand,Rudra Prayag,2022-01-07,2022,01,0.813868296,NRSC VIC MODEL
Uttarakhand,Rudra Prayag,2022-01-11,2022,01,3.030934718,NRSC VIC MODEL
Uttarakhand,Rudra Prayag,2022-01-19,2022,01,0.063890013,NRSC VIC MODEL
Uttarakhand,Rudra Prayag,2022-01-20,2022,01,2.332614468,NRSC VIC MODEL
Uttarakhand,Rudra Prayag,2022-01-30,2022,01,0,NRSC VIC MODEL
Uttarakhand,Rudra Prayag,2022-02-04,2022,02,14.49505672,NRSC VIC MODEL
Uttarakhand,Rudra Prayag,2022-02-10,2022,02,3.412896356,NRSC VIC MODEL
Uttarakhand,Rudra Prayag,2022-02-13,2022,02,0,NRSC VIC MODEL
Uttarakhand,Rudra Prayag,2022-02-23,2022,02,1.83494419,NRSC VIC MODEL
Uttarakhand,Rudra Prayag,2022-03-13,2022,03,0,NRSC VIC MODEL
Uttarakhand,Rudra Prayag,2022-03-20,2022,03,0,NRSC VIC MODEL
Uttarakhand,Rudra Prayag,2022-03-30,2022,03,0,NRSC VIC MODEL
Uttarakhand,Rudra Prayag,2022-04-02,2022,04,0,NRSC VIC MODEL
Uttarakhand,Rudra Prayag,2022-04-03,2022,04,0,NRSC VIC MODEL
Uttarakhand,Rudra Prayag,2022-04-17,2022,04,0.036895563,NRSC VIC MODEL
Uttarakhand,Rudra Prayag,2022-04-21,2022,04,0.029137829,NRSC VIC MODEL
Uttarakhand,Rudra Prayag,2022-05-01,2022,05,6.475700472,NRSC VIC MODEL
Uttarakhand,Rudra Prayag,2022-05-03,2022,05,0.871699545,NRSC VIC MODEL
Uttarakhand,Rudra Prayag,2022-05-12,2022,05,0.197115972,NRSC VIC MODEL
Uttarakhand,Rudra Prayag,2022-05-15,2022,05,2.420441734,NRSC VIC MODEL
Uttarakhand,Rudra Prayag,2022-05-21,2022,05,1.605852902,NRSC VIC MODEL
Uttarakhand,Rudra Prayag,2022-05-25,2022,05,7.554562381,NRSC VIC MODEL
Uttarakhand,Rudra Prayag,2022-05-28,2022,05,4.175453528,NRSC VIC MODEL
Uttarakhand,Rudra Prayag,2022-06-07,2022,06,0,NRSC VIC MODEL
Uttarakhand,Rudra Prayag,2022-06-09,2022,06,0,NRSC VIC MODEL
Uttarakhand,Rudra Prayag,2022-06-10,2022,06,0.196445869,NRSC VIC MODEL
Uttarakhand,Rudra Prayag,2022-06-18,2022,06,10.85887458,NRSC VIC MODEL
Uttarakhand,Rudra Prayag,2022-06-20,2022,06,6.799415325,NRSC VIC MODEL
Uttarakhand,Rudra Prayag,2022-07-03,2022,07,9.865856313,NRSC VIC MODEL
Uttarakhand,Rudra Prayag,2022-07-12,2022,07,24.00178352,NRSC VIC MODEL
Uttarakhand,Rudra Prayag,2022-07-16,2022,07,5.352074411,NRSC VIC MODEL
Uttarakhand,Rudra Prayag,2022-07-17,2022,07,12.21591363,NRSC VIC MODEL
Uttarakhand,Rudra Prayag,2022-07-30,2022,07,26.31129882,NRSC VIC MODEL
Uttarakhand,Rudra Prayag,2022-08-02,2022,08,1.3083666809,NRSC VIC MODEL
Uttarakhand,Rudra Prayag,2022-08-09,2022,08,23.0199082646,NRSC VIC MODEL
Uttarakhand,Rudra Prayag,2022-08-14,2022,08,2.9180838696,NRSC VIC MODEL
Uttarakhand,Rudra Prayag,2022-01-16,2022,01,2.100073022,NRSC VIC MODEL
Uttarakhand,Rudra Prayag,2022-08-30,2022,08,9.9641573228,NRSC VIC MODEL
Uttarakhand,Rudra Prayag,2022-08-31,2022,08,7.2543444245,NRSC VIC MODEL
Uttarakhand,Rudra Prayag,2022-09-04,2022,09,6.9788005784,NRSC VIC MODEL
Uttarakhand,Rudra Prayag,2022-09-25,2022,09,15.3558429957,NRSC VIC MODEL
Uttarakhand,Rudra Prayag,2022-10-02,2022,10,0.0214079374,NRSC VIC MODEL
Uttarakhand,Rudra Prayag,2022-10-08,2022,10,1.8686717561,NRSC VIC MODEL
Uttarakhand,Rudra Prayag,2022-10-19,2022,10,1.0743711142,NRSC VIC MODEL
Uttarakhand,Rudra Prayag,2022-10-22,2022,10,0.707074601,NRSC VIC MODEL
Uttarakhand,Rudra Prayag,2022-10-26,2022,10,0.0073349987,NRSC VIC MODEL
Uttarakhand,Rudra Prayag,2022-11-01,2022,11,0.0019153162,NRSC VIC MODEL
Uttarakhand,Rudra Prayag,2022-11-11,2022,11,1.1538078617,NRSC VIC MODEL
Uttarakhand,Rudra Prayag,2022-11-12,2022,11,0.033001087,NRSC VIC MODEL
Uttarakhand,Rudra Prayag,2022-11-22,2022,11,0.2897300293,NRSC VIC MODEL
Uttarakhand,Rudra Prayag,2022-11-23,2022,11,0.013138799,NRSC VIC MODEL
Uttarakhand,Rudra Prayag,2022-11-24,2022,11,0.0241659172,NRSC VIC MODEL
Uttarakhand,Rudra Prayag,2022-12-01,2022,12,0.0064621177,NRSC VIC MODEL
Uttarakhand,Rudra Prayag,2022-12-05,2022,12,0.0015748981,NRSC VIC MODEL
Uttarakhand,Rudra Prayag,2022-12-07,2022,12,0,NRSC VIC MODEL
Uttarakhand,Rudra Prayag,2022-12-16,2022,12,0,NRSC VIC MODEL
Uttarakhand,Rudra Prayag,2022-12-18,2022,12,0,NRSC VIC MODEL
Uttarakhand,Rudra Prayag,2022-12-20,2022,12,0,NRSC VIC MODEL
Uttarakhand,Rudra Prayag,2022-12-23,2022,12,0,NRSC VIC MODEL
Uttarakhand,Rudra Prayag,2022-12-25,2022,12,0,NRSC VIC MODEL
Uttarakhand,Rudra Prayag,2022-12-29,2022,12,0.0561799854,NRSC VIC MODEL
Uttarakhand,Rudra Prayag,2022-12-30,2022,12,0.0669603251,NRSC VIC MODEL
Uttarakhand,Tehri Garhwal,2022-01-01,2022,01,0.002724173,NRSC VIC MODEL
Uttarakhand,Tehri Garhwal,2022-01-05,2022,01,5.124094157,NRSC VIC MODEL
Uttarakhand,Tehri Garhwal,2022-01-07,2022,01,0.169252857,NRSC VIC MODEL
Uttarakhand,Tehri Garhwal,2022-01-08,2022,01,3.589622091,NRSC VIC MODEL
Uttarakhand,Tehri Garhwal,2022-01-11,2022,01,0.108891998,NRSC VIC MODEL
Uttarakhand,Tehri Garhwal,2022-01-12,2022,01,7.703252445,NRSC VIC MODEL
Uttarakhand,Tehri Garhwal,2022-01-13,2022,01,0.51813767,NRSC VIC MODEL
Uttarakhand,Tehri Garhwal,2022-01-14,2022,01,0.038138419,NRSC VIC MODEL
Uttarakhand,Tehri Garhwal,2022-01-15,2022,01,0,NRSC VIC MODEL
Uttarakhand,Tehri Garhwal,2022-01-20,2022,01,1.846362611,NRSC VIC MODEL
Uttarakhand,Tehri Garhwal,2022-01-23,2022,01,7.482001939,NRSC VIC MODEL
Uttarakhand,Tehri Garhwal,2022-02-02,2022,02,0.000490351,NRSC VIC MODEL
Uttarakhand,Tehri Garhwal,2022-02-06,2022,02,0.422165062,NRSC VIC MODEL
Uttarakhand,Tehri Garhwal,2022-02-09,2022,02,1.350869628,NRSC VIC MODEL
Uttarakhand,Tehri Garhwal,2022-02-15,2022,02,0.057316596,NRSC VIC MODEL
Uttarakhand,Tehri Garhwal,2022-02-16,2022,02,0.965909956,NRSC VIC MODEL
Uttarakhand,Haridwar,2022-02-20,2022,02,0,NRSC VIC MODEL
Uttarakhand,Haridwar,2022-02-22,2022,02,0,NRSC VIC MODEL
Uttarakhand,Haridwar,2022-03-17,2022,03,0,NRSC VIC MODEL
Uttarakhand,Haridwar,2022-04-07,2022,04,0,NRSC VIC MODEL
Uttarakhand,Haridwar,2022-04-17,2022,04,0.000175864,NRSC VIC MODEL
Uttarakhand,Haridwar,2022-04-18,2022,04,0,NRSC VIC MODEL
Uttarakhand,Haridwar,2022-04-23,2022,04,0,NRSC VIC MODEL
Uttarakhand,Haridwar,2022-04-27,2022,04,0,NRSC VIC MODEL
Uttarakhand,Haridwar,2022-04-29,2022,04,0,NRSC VIC MODEL
Uttarakhand,Haridwar,2022-05-03,2022,05,0,NRSC VIC MODEL
Uttarakhand,Haridwar,2022-05-12,2022,05,0.229069618,NRSC VIC MODEL
Uttarakhand,Haridwar,2022-05-14,2022,05,0,NRSC VIC MODEL
Uttarakhand,Haridwar,2022-05-18,2022,05,0.900393823,NRSC VIC MODEL
Uttarakhand,Haridwar,2022-05-21,2022,05,1.474060615,NRSC VIC MODEL
Uttarakhand,Haridwar,2022-05-22,2022,05,0.076728974,NRSC VIC MODEL
Uttarakhand,Haridwar,2022-05-29,2022,05,2.957601007,NRSC VIC MODEL
Uttarakhand,Haridwar,2022-05-31,2022,05,0.000344085,NRSC VIC MODEL
Uttarakhand,Haridwar,2022-06-05,2022,06,0,NRSC VIC MODEL
Uttarakhand,Haridwar,2022-06-06,2022,06,0,NRSC VIC MODEL
Uttarakhand,Haridwar,2022-06-11,2022,06,0.030234689,NRSC VIC MODEL
Uttarakhand,Haridwar,2022-06-12,2022,06,2.97892127,NRSC VIC MODEL
Uttarakhand,Haridwar,2022-06-19,2022,06,2.10148473,NRSC VIC MODEL
Uttarakhand,Haridwar,2022-06-26,2022,06,0,NRSC VIC MODEL
Uttarakhand,Haridwar,2022-06-30,2022,06,29.68812079,NRSC VIC MODEL
Uttarakhand,Haridwar,2022-07-01,2022,07,18.00187399,NRSC VIC MODEL
Uttarakhand,Haridwar,2022-07-04,2022,07,2.167236164,NRSC VIC MODEL
Uttarakhand,Haridwar,2022-07-09,2022,07,9.250816902,NRSC VIC MODEL
Uttarakhand,Haridwar,2022-07-10,2022,07,27.15486263,NRSC VIC MODEL
Uttarakhand,Haridwar,2022-07-11,2022,07,0.026863702,NRSC VIC MODEL
Uttarakhand,Haridwar,2022-07-16,2022,07,1.982437016,NRSC VIC MODEL
Uttarakhand,Haridwar,2022-07-23,2022,07,3.034247333,NRSC VIC MODEL
Uttarakhand,Haridwar,2022-07-29,2022,07,6.597236445,NRSC VIC MODEL
Uttarakhand,Haridwar,2022-08-01,2022,08,11.1102475579,NRSC VIC MODEL
Uttarakhand,Haridwar,2022-08-10,2022,08,0.2425441876,NRSC VIC MODEL
Uttarakhand,Haridwar,2022-08-12,2022,08,0.0561194871,NRSC VIC MODEL
Uttarakhand,Haridwar,2022-08-20,2022,08,10.2802601149,NRSC VIC MODEL
Uttarakhand,Haridwar,2022-08-27,2022,08,0.1116251451,NRSC VIC MODEL
Uttarakhand,Haridwar,2022-09-02,2022,09,2.1643303522,NRSC VIC MODEL
Uttarakhand,Haridwar,2022-09-15,2022,09,5.6161602423,NRSC VIC MODEL
Uttarakhand,Haridwar,2022-09-19,2022,09,0.3837111563,NRSC VIC MODEL
Uttarakhand,Haridwar,2022-09-29,2022,09,0,NRSC VIC MODEL
Uttarakhand,Haridwar,2022-10-09,2022,10,19.595898264,NRSC VIC MODEL
Uttarakhand,Haridwar,2022-10-20,2022,10,0,NRSC VIC MODEL
Uttarakhand,Haridwar,2022-10-22,2022,10,0,NRSC VIC MODEL
Uttarakhand,Haridwar,2022-10-26,2022,10,0,NRSC VIC MODEL
Uttarakhand,Haridwar,2022-11-07,2022,11,0,NRSC VIC MODEL
Uttarakhand,Haridwar,2022-11-12,2022,11,0,NRSC VIC MODEL
Uttarakhand,Haridwar,2022-11-21,2022,11,0,NRSC VIC MODEL
Uttarakhand,Haridwar,2022-11-23,2022,11,0,NRSC VIC MODEL
Uttarakhand,Haridwar,2022-11-27,2022,11,0.0473356387,NRSC VIC MODEL
Uttarakhand,Haridwar,2022-11-28,2022,11,0,NRSC VIC MODEL
Uttarakhand,Haridwar,2022-12-02,2022,12,0,NRSC VIC MODEL
Uttarakhand,Haridwar,2022-12-16,2022,12,0,NRSC VIC MODEL
Uttarakhand,Haridwar,2022-12-17,2022,12,0,NRSC VIC MODEL
Uttarakhand,Haridwar,2022-12-19,2022,12,0,NRSC VIC MODEL
Uttarakhand,Haridwar,2022-12-20,2022,12,0,NRSC VIC MODEL
Uttarakhand,Nainital,2022-01-03,2022,01,0,NRSC VIC MODEL
Uttarakhand,Nainital,2022-01-05,2022,01,1.756640685,NRSC VIC MODEL
Uttarakhand,Nainital,2022-01-09,2022,01,41.45617641,NRSC VIC MODEL
Uttarakhand,Nainital,2022-01-10,2022,01,22.9840795,NRSC VIC MODEL
Uttarakhand,Nainital,2022-01-17,2022,01,0,NRSC VIC MODEL
Uttarakhand,Nainital,2022-01-18,2022,01,0.005383543,NRSC VIC MODEL
Uttarakhand,Nainital,2022-01-30,2022,01,0,NRSC VIC MODEL
Uttarakhand,Nainital,2022-02-01,2022,02,0,NRSC VIC MODEL
Uttarakhand,Nainital,2022-02-02,2022,02,0,NRSC VIC MODEL
Uttarakhand,Nainital,2022-02-03,2022,02,4.096532276,NRSC VIC MODEL
Uttarakhand,Nainital,2022-02-07,2022,02,0.005032736,NRSC VIC MODEL
Uttarakhand,Nainital,2022-02-17,2022,02,8.77e-05,NRSC VIC MODEL
Uttarakhand,Nainital,2022-02-19,2022,02,0,NRSC VIC MODEL
Uttarakhand,Nainital,2022-02-22,2022,02,8.77e-05,NRSC VIC MODEL
Uttarakhand,Nainital,2022-02-28,2022,02,0,NRSC VIC MODEL
Uttarakhand,Nainital,2022-03-01,2022,03,0,NRSC VIC MODEL
Uttarakhand,Nainital,2022-03-04,2022,03,0.077960181,NRSC VIC MODEL
Uttarakhand,Nainital,2022-03-17,2022,03,0.004466047,NRSC VIC MODEL
Uttarakhand,Nainital,2022-03-19,2022,03,0,NRSC VIC MODEL
Uttarakhand,Nainital,2022-03-22,2022,03,0.001228354,NRSC VIC MODEL
Uttarakhand,Nainital,2022-03-26,2022,03,0,NRSC VIC MODEL
Uttarakhand,Nainital,2022-03-28,2022,03,0,NRSC VIC MODEL
Uttarakhand,Nainital,2022-04-02,2022,04,0.104756669,NRSC VIC MODEL
Uttarakhand,Nainital,2022-04-07,2022,04,0,NRSC VIC MODEL
Uttarakhand,Nainital,2022-04-08,2022,04,0,NRSC VIC MODEL
Uttarakhand,Nainital,2022-04-26,2022,04,0,NRSC VIC MODEL
Uttarakhand,Nainital,2022-05-16,2022,05,5.78e-05,NRSC VIC MODEL
Uttarakhand,Nainital,2022-05-17,2022,05,52.35728998,NRSC VIC MODEL
Uttarakhand,Nainital,2022-05-22,2022,05,1.17929362,NRSC VIC MODEL
Uttarakhand,Nainital,2022-05-29,2022,05,1.012314075,NRSC VIC MODEL
Uttarakhand,Nainital,2022-06-01,2022,06,0,NRSC VIC MODEL
Uttarakhand,Nainital,2022-06-07,2022,06,0,NRSC VIC MODEL
Uttarakhand,Nainital,2022-06-13,2022,06,0.006860235,NRSC VIC MODEL
Uttarakhand,Nainital,2022-06-15,2022,06,0.010490996,NRSC VIC MODEL
Uttarakhand,Nainital,2022-06-17,2022,06,2.056936364,NRSC VIC MODEL
Uttarakhand,Nainital,2022-06-26,2022,06,19.63470953,NRSC VIC MODEL
Uttarakhand,Nainital,2022-06-27,2022,06,26.98042345,NRSC VIC MODEL
Uttarakhand,Nainital,2022-07-01,2022,07,5.978001273,NRSC VIC MODEL
Uttarakhand,Nainital,2022-07-04,2022,07,0.381477333,NRSC VIC MODEL
Uttarakhand,Nainital,2022-07-12,2022,07,10.61005268,NRSC VIC MODEL
Uttarakhand,Nainital,2022-07-19,2022,07,49.37157896,NRSC VIC MODEL
Uttarakhand,Nainital,2022-07-29,2022,07,36.54945773,NRSC VIC MODEL
Uttarakhand,Nainital,2022-07-31,2022,07,26.98652829,NRSC VIC MODEL
Uttarakhand,Nainital,2022-08-02,2022,08,4.8461130442,NRSC VIC MODEL
Uttarakhand,Nainital,2022-08-07,2022,08,4.2552194805,NRSC VIC MODEL
Uttarakhand,Nainital,2022-08-14,2022,08,5.0614e-06,NRSC VIC MODEL
Uttarakhand,Nainital,2022-08-18,2022,08,0.0807317968,NRSC VIC MODEL
Uttarakhand,Nainital,2022-08-22,2022,08,9.2549670662,NRSC VIC MODEL
Uttarakhand,Nainital,2022-08-25,2022,08,1.1304832918,NRSC VIC MODEL
Uttarakhand,Nainital,2022-08-30,2022,08,7.469020284,NRSC VIC MODEL
Uttarakhand,Nainital,2022-09-06,2022,09,1.7485744922,NRSC VIC MODEL
Uttarakhand,Nainital,2022-09-08,2022,09,2.0609158134,NRSC VIC MODEL
Uttarakhand,Nainital,2022-09-11,2022,09,1.0511997491,NRSC VIC MODEL
Uttarakhand,Nainital,2022-09-12,2022,09,0.7037297988,NRSC VIC MODEL
Uttarakhand,Nainital,2022-10-01,2022,10,0.6322271253,NRSC VIC MODEL
Uttarakhand,Nainital,2022-08-23,2022,08,0.012662192,NRSC VIC MODEL
Uttarakhand,Nainital,2022-10-06,2022,10,3.6411285736,NRSC VIC MODEL
Uttarakhand,Nainital,2022-10-12,2022,10,0.4058442118,NRSC VIC MODEL
Uttarakhand,Nainital,2022-10-13,2022,10,0.0059014616,NRSC VIC MODEL
Uttarakhand,Nainital,2022-10-16,2022,10,0,NRSC VIC MODEL
Uttarakhand,Nainital,2022-10-30,2022,10,0.0835234793,NRSC VIC MODEL
Uttarakhand,Nainital,2022-10-31,2022,10,0.0003552666,NRSC VIC MODEL
Uttarakhand,Nainital,2022-11-08,2022,11,0,NRSC VIC MODEL
Uttarakhand,Nainital,2022-11-09,2022,11,0.251922255,NRSC VIC MODEL
Uttarakhand,Nainital,2022-11-22,2022,11,0.0238314977,NRSC VIC MODEL
Uttarakhand,Nainital,2022-12-02,2022,12,0,NRSC VIC MODEL
Uttarakhand,Nainital,2022-12-04,2022,12,0.0607635311,NRSC VIC MODEL
Uttarakhand,Nainital,2022-12-05,2022,12,0,NRSC VIC MODEL
Uttarakhand,Nainital,2022-12-08,2022,12,0,NRSC VIC MODEL
Uttarakhand,Nainital,2022-12-22,2022,12,0,NRSC VIC MODEL
Uttarakhand,Pauri Garhwal,2022-01-15,2022,01,0,NRSC VIC MODEL
Uttarakhand,Pauri Garhwal,2022-01-27,2022,01,1.741715163,NRSC VIC MODEL
Uttarakhand,Pauri Garhwal,2022-02-01,2022,02,0,NRSC VIC MODEL
Uttarakhand,Pauri Garhwal,2022-02-09,2022,02,2.21485253,NRSC VIC MODEL
Uttarakhand,Pauri Garhwal,2022-02-15,2022,02,0.002245961,NRSC VIC MODEL
Uttarakhand,Pauri Garhwal,2022-02-26,2022,02,6.52495381,NRSC VIC MODEL
Uttarakhand,Pauri Garhwal,2022-02-27,2022,02,14.54026777,NRSC VIC MODEL
Uttarakhand,Pauri Garhwal,2022-03-09,2022,03,0,NRSC VIC MODEL
Uttarakhand,Pauri Garhwal,2022-03-13,2022,03,0,NRSC VIC MODEL
Uttarakhand,Pauri Garhwal,2022-03-25,2022,03,0.000564553,NRSC VIC MODEL
Uttarakhand,Pauri Garhwal,2022-03-27,2022,03,0,NRSC VIC MODEL
Uttarakhand,Pauri Garhwal,2022-04-05,2022,04,0,NRSC VIC MODEL
Uttarakhand,Pauri Garhwal,2022-04-07,2022,04,0,NRSC VIC MODEL
Uttarakhand,Pauri Garhwal,2022-04-09,2022,04,0.003053492,NRSC VIC MODEL
Uttarakhand,Pauri Garhwal,2022-04-11,2022,04,0,NRSC VIC MODEL
Uttarakhand,Pauri Garhwal,2022-04-12,2022,04,0,NRSC VIC MODEL
Uttarakhand,Pauri Garhwal,2022-04-18,2022,04,0.017804459,NRSC VIC MODEL
Uttarakhand,Pauri Garhwal,2022-04-19,2022,04,0,NRSC VIC MODEL
Uttarakhand,Pauri Garhwal,2022-04-20,2022,04,0.081709746,NRSC VIC MODEL
Uttarakhand,Pauri Garhwal,2022-04-25,2022,04,0,NRSC VIC MODEL
Uttarakhand,Pauri Garhwal,2022-04-28,2022,04,0,NRSC VIC MODEL
Uttarakhand,Pauri Garhwal,2022-04-29,2022,04,0.005579604,NRSC VIC MODEL
Uttarakhand,Pauri Garhwal,2022-04-30,2022,04,0.914274491,NRSC VIC MODEL
Uttarakhand,Pauri Garhwal,2022-05-05,2022,05,3.050602062,NRSC VIC MODEL
Uttarakhand,Pauri Garhwal,2022-05-09,2022,05,0.008646998,NRSC VIC MODEL
Uttarakhand,Pauri Garhwal,2022-05-16,2022,05,0.003257382,NRSC VIC MODEL
Uttarakhand,Pauri Garhwal,2022-05-18,2022,05,0.107626862,NRSC VIC MODEL
Uttarakhand,Pauri Garhwal,2022-05-23,2022,05,13.06582429,NRSC VIC MODEL
Uttarakhand,Pauri Garhwal,2022-05-28,2022,05,0.380694793,NRSC VIC MODEL
Uttarakhand,Pauri Garhwal,2022-05-31,2022,05,0.160309885,NRSC VIC MODEL
Uttarakhand,Pauri Garhwal,2022-06-04,2022,06,0,NRSC VIC MODEL
Uttarakhand,Pauri Garhwal,2022-06-05,2022,06,0,NRSC VIC MODEL
Uttarakhand,Pauri Garhwal,2022-06-10,2022,06,0.009918977,NRSC VIC MODEL
Uttarakhand,Pauri Garhwal,2022-06-27,2022,06,8.745801023,NRSC VIC MODEL
Uttarakhand,Pauri Garhwal,2022-06-28,2022,06,2.525841342,NRSC VIC MODEL
Uttarakhand,Pauri Garhwal,2022-07-02,2022,07,0.856099869,NRSC VIC MODEL
Uttarakhand,Pauri Garhwal,2022-07-08,2022,07,9.903510272,NRSC VIC MODEL
Uttarakhand,Pauri Garhwal,2022-07-09,2022,07,7.750769174,NRSC VIC MODEL
Uttarakhand,Pauri Garhwal,2022-07-10,2022,07,21.67599354,NRSC VIC MODEL
Uttarakhand,Pauri Garhwal,2022-07-18,2022,07,0.677156755,NRSC VIC MODEL
Uttarakhand,Pauri Garhwal,2022-07-27,2022,07,11.24969762,NRSC VIC MODEL
Uttarakhand,Pauri Garhwal,2022-08-08,2022,08,3.0402247874,NRSC VIC MODEL
Uttarakhand,Pauri Garhwal,2022-08-21,2022,08,4.6482740123,NRSC VIC MODEL
Uttarakhand,Tehri Garhwal,2022-02-25,2022,02,8.953559233,NRSC VIC MODEL
Uttarakhand,Tehri Garhwal,2022-02-26,2022,02,1.40119191,NRSC VIC MODEL
Uttarakhand,Tehri Garhwal,2022-03-06,2022,03,0,NRSC VIC MODEL
Uttarakhand,Tehri Garhwal,2022-03-09,2022,03,0,NRSC VIC MODEL
Uttarakhand,Tehri Garhwal,2022-03-13,2022,03,0,NRSC VIC MODEL
Uttarakhand,Tehri Garhwal,2022-03-19,2022,03,0,NRSC VIC MODEL
Uttarakhand,Tehri Garhwal,2022-03-22,2022,03,0,NRSC VIC MODEL
Uttarakhand,Tehri Garhwal,2022-03-23,2022,03,0.004620668,NRSC VIC MODEL
Uttarakhand,Tehri Garhwal,2022-03-28,2022,03,0,NRSC VIC MODEL
Uttarakhand,Tehri Garhwal,2022-04-07,2022,04,0,NRSC VIC MODEL
Uttarakhand,Tehri Garhwal,2022-04-14,2022,04,2.286168339,NRSC VIC MODEL
Uttarakhand,Tehri Garhwal,2022-04-15,2022,04,1.703467545,NRSC VIC MODEL
Uttarakhand,Tehri Garhwal,2022-04-18,2022,04,0.013359581,NRSC VIC MODEL
Uttarakhand,Tehri Garhwal,2022-04-21,2022,04,0.013914524,NRSC VIC MODEL
Uttarakhand,Tehri Garhwal,2022-04-22,2022,04,0.443437737,NRSC VIC MODEL
Uttarakhand,Tehri Garhwal,2022-04-28,2022,04,0,NRSC VIC MODEL
Uttarakhand,Tehri Garhwal,2022-04-30,2022,04,0.158910595,NRSC VIC MODEL
Uttarakhand,Tehri Garhwal,2022-05-03,2022,05,0.088355953,NRSC VIC MODEL
Uttarakhand,Tehri Garhwal,2022-05-06,2022,05,0.361598272,NRSC VIC MODEL
Uttarakhand,Tehri Garhwal,2022-05-16,2022,05,0.095682314,NRSC VIC MODEL
Uttarakhand,Tehri Garhwal,2022-05-21,2022,05,3.16203495,NRSC VIC MODEL
Uttarakhand,Tehri Garhwal,2022-05-26,2022,05,0.309598368,NRSC VIC MODEL
Uttarakhand,Tehri Garhwal,2022-05-29,2022,05,5.247254199,NRSC VIC MODEL
Uttarakhand,Tehri Garhwal,2022-06-01,2022,06,0,NRSC VIC MODEL
Uttarakhand,Tehri Garhwal,2022-06-09,2022,06,0,NRSC VIC MODEL
Uttarakhand,Tehri Garhwal,2022-06-10,2022,06,0.487841668,NRSC VIC MODEL
Uttarakhand,Tehri Garhwal,2022-06-11,2022,06,7.021383841,NRSC VIC MODEL
Uttarakhand,Tehri Garhwal,2022-06-22,2022,06,6.516018893,NRSC VIC MODEL
Uttarakhand,Tehri Garhwal,2022-06-25,2022,06,0.008167797,NRSC VIC MODEL
Uttarakhand,Tehri Garhwal,2022-07-01,2022,07,15.39464467,NRSC VIC MODEL
Uttarakhand,Tehri Garhwal,2022-07-02,2022,07,13.06449265,NRSC VIC MODEL
Uttarakhand,Tehri Garhwal,2022-07-09,2022,07,24.08431484,NRSC VIC MODEL
Uttarakhand,Tehri Garhwal,2022-07-13,2022,07,13.14101217,NRSC VIC MODEL
Uttarakhand,Tehri Garhwal,2022-07-22,2022,07,19.7143393,NRSC VIC MODEL
Uttarakhand,Tehri Garhwal,2022-08-01,2022,08,9.3208975063,NRSC VIC MODEL
Uttarakhand,Tehri Garhwal,2022-08-02,2022,08,0.724242138,NRSC VIC MODEL
Uttarakhand,Tehri Garhwal,2022-08-06,2022,08,16.9968635458,NRSC VIC MODEL
Uttarakhand,Tehri Garhwal,2022-08-12,2022,08,0.035842763,NRSC VIC MODEL
Uttarakhand,Tehri Garhwal,2022-08-19,2022,08,16.843325455,NRSC VIC MODEL
Uttarakhand,Tehri Garhwal,2022-08-20,2022,08,12.9750433187,NRSC VIC MODEL
Uttarakhand,Tehri Garhwal,2022-09-06,2022,09,0.1358269669,NRSC VIC MODEL
Uttarakhand,Tehri Garhwal,2022-09-07,2022,09,1.1999062211,NRSC VIC MODEL
Uttarakhand,Tehri Garhwal,2022-09-22,2022,09,32.2177306847,NRSC VIC MODEL
Uttarakhand,Tehri Garhwal,2022-09-24,2022,09,7.5014773591,NRSC VIC MODEL
Uttarakhand,Tehri Garhwal,2022-09-26,2022,09,22.2682777291,NRSC VIC MODEL
Uttarakhand,Tehri Garhwal,2022-09-29,2022,09,0.314750913,NRSC VIC MODEL
Uttarakhand,Tehri Garhwal,2022-10-02,2022,10,4.6400721055,NRSC VIC MODEL
Uttarakhand,Tehri Garhwal,2022-08-23,2022,08,1.277227792,NRSC VIC MODEL
Uttarakhand,Tehri Garhwal,2022-10-11,2022,10,0.5578241995,NRSC VIC MODEL
Uttarakhand,Tehri Garhwal,2022-10-27,2022,10,0.0090646487,NRSC VIC MODEL
Uttarakhand,Tehri Garhwal,2022-11-02,2022,11,0.2080724878,NRSC VIC MODEL
Uttarakhand,Tehri Garhwal,2022-11-08,2022,11,0,NRSC VIC MODEL
Uttarakhand,Tehri Garhwal,2022-11-10,2022,11,0.5701113359,NRSC VIC MODEL
Uttarakhand,Tehri Garhwal,2022-11-13,2022,11,0,NRSC VIC MODEL
Uttarakhand,Tehri Garhwal,2022-11-15,2022,11,3.1395852268,NRSC VIC MODEL
Uttarakhand,Tehri Garhwal,2022-11-22,2022,11,0.0150607483,NRSC VIC MODEL
Uttarakhand,Tehri Garhwal,2022-11-24,2022,11,0.007966431,NRSC VIC MODEL
Uttarakhand,Tehri Garhwal,2022-11-25,2022,11,0.0021894072,NRSC VIC MODEL
Uttarakhand,Tehri Garhwal,2022-11-26,2022,11,0.0016341203,NRSC VIC MODEL
Uttarakhand,Tehri Garhwal,2022-11-29,2022,11,0.0017394594,NRSC VIC MODEL
Uttarakhand,Tehri Garhwal,2022-12-05,2022,12,0.0285034496,NRSC VIC MODEL
Uttarakhand,Tehri Garhwal,2022-12-13,2022,12,0,NRSC VIC MODEL
Uttarakhand,Tehri Garhwal,2022-12-19,2022,12,0,NRSC VIC MODEL
Uttarakhand,Tehri Garhwal,2022-12-26,2022,12,1.384e-05,NRSC VIC MODEL
Uttarakhand,Tehri Garhwal,2022-12-28,2022,12,0,NRSC VIC MODEL
Uttarakhand,Udam Singh Nagar,2022-01-12,2022,01,0.188532431,NRSC VIC MODEL
Uttarakhand,Udam Singh Nagar,2022-01-13,2022,01,0.084287346,NRSC VIC MODEL
Uttarakhand,Udam Singh Nagar,2022-01-16,2022,01,0.096676302,NRSC VIC MODEL
Uttarakhand,Udam Singh Nagar,2022-01-19,2022,01,0.007275733,NRSC VIC MODEL
Uttarakhand,Udam Singh Nagar,2022-01-20,2022,01,0.535211003,NRSC VIC MODEL
Uttarakhand,Udam Singh Nagar,2022-02-06,2022,02,0,NRSC VIC MODEL
Uttarakhand,Udam Singh Nagar,2022-02-09,2022,02,1.918681526,NRSC VIC MODEL
Uttarakhand,Udam Singh Nagar,2022-02-11,2022,02,0,NRSC VIC MODEL
Uttarakhand,Udam Singh Nagar,2022-02-15,2022,02,3.03e-05,NRSC VIC MODEL
Uttarakhand,Udam Singh Nagar,2022-02-18,2022,02,0,NRSC VIC MODEL
Uttarakhand,Udam Singh Nagar,2022-02-20,2022,02,0,NRSC VIC MODEL
Uttarakhand,Udam Singh Nagar,2022-02-21,2022,02,7.07e-05,NRSC VIC MODEL
Uttarakhand,Udam Singh Nagar,2022-02-25,2022,02,2.289107282,NRSC VIC MODEL
Uttarakhand,Udam Singh Nagar,2022-02-26,2022,02,11.8209036,NRSC VIC MODEL
Uttarakhand,Udam Singh Nagar,2022-02-28,2022,02,0.020311421,NRSC VIC MODEL
Uttarakhand,Udam Singh Nagar,2022-03-03,2022,03,0,NRSC VIC MODEL
Uttarakhand,Udam Singh Nagar,2022-03-05,2022,03,0.001151991,NRSC VIC MODEL
Uttarakhand,Udam Singh Nagar,2022-03-10,2022,03,0,NRSC VIC MODEL
Uttarakhand,Udam Singh Nagar,2022-03-18,2022,03,0,NRSC VIC MODEL
Uttarakhand,Udam Singh Nagar,2022-03-22,2022,03,5.57e-07,NRSC VIC MODEL
Uttarakhand,Udam Singh Nagar,2022-03-24,2022,03,0,NRSC VIC MODEL
Uttarakhand,Udam Singh Nagar,2022-03-25,2022,03,0,NRSC VIC MODEL
Uttarakhand,Udam Singh Nagar,2022-03-26,2022,03,0,NRSC VIC MODEL
Uttarakhand,Udam Singh Nagar,2022-04-24,2022,04,0.001469246,NRSC VIC MODEL
Uttarakhand,Udam Singh Nagar,2022-05-12,2022,05,0.031060927,NRSC VIC MODEL
Uttarakhand,Udam Singh Nagar,2022-05-19,2022,05,0.063547824,NRSC VIC MODEL
Uttarakhand,Udam Singh Nagar,2022-05-25,2022,05,0.235846496,NRSC VIC MODEL
Uttarakhand,Udam Singh Nagar,2022-05-29,2022,05,4.683983322,NRSC VIC MODEL
Uttarakhand,Udam Singh Nagar,2022-06-02,2022,06,0,NRSC VIC MODEL
Uttarakhand,Udam Singh Nagar,2022-06-04,2022,06,0,NRSC VIC MODEL
Uttarakhand,Udam Singh Nagar,2022-06-12,2022,06,0.021786152,NRSC VIC MODEL
Uttarakhand,Udam Singh Nagar,2022-06-25,2022,06,0.000488963,NRSC VIC MODEL
Uttarakhand,Udam Singh Nagar,2022-06-30,2022,06,35.71415809,NRSC VIC MODEL
Uttarakhand,Udam Singh Nagar,2022-07-03,2022,07,8.708636911,NRSC VIC MODEL
Uttarakhand,Udam Singh Nagar,2022-07-05,2022,07,1.745962991,NRSC VIC MODEL
Uttarakhand,Udam Singh Nagar,2022-07-08,2022,07,2.004642658,NRSC VIC MODEL
Uttarakhand,Udam Singh Nagar,2022-07-15,2022,07,11.2877722,NRSC VIC MODEL
Uttarakhand,Udam Singh Nagar,2022-07-24,2022,07,0.628063972,NRSC VIC MODEL
Uttarakhand,Udam Singh Nagar,2022-07-27,2022,07,12.75053659,NRSC VIC MODEL
Uttarakhand,Udam Singh Nagar,2022-08-05,2022,08,13.457965532,NRSC VIC MODEL
Uttarakhand,Udam Singh Nagar,2022-08-14,2022,08,0,NRSC VIC MODEL
Uttarakhand,Udam Singh Nagar,2022-01-28,2022,01,0,NRSC VIC MODEL
Uttarakhand,Udam Singh Nagar,2022-03-11,2022,03,1.127799245,NRSC VIC MODEL
Uttarakhand,Udam Singh Nagar,2022-08-16,2022,08,0.8884565741,NRSC VIC MODEL
Uttarakhand,Udam Singh Nagar,2022-08-17,2022,08,0.6201516102,NRSC VIC MODEL
Uttarakhand,Udam Singh Nagar,2022-08-26,2022,08,0.322891835,NRSC VIC MODEL
Uttarakhand,Udam Singh Nagar,2022-08-27,2022,08,0.0050868001,NRSC VIC MODEL
Uttarakhand,Udam Singh Nagar,2022-08-30,2022,08,0.4176341822,NRSC VIC MODEL
Uttarakhand,Udam Singh Nagar,2022-08-31,2022,08,3.6241784104,NRSC VIC MODEL
Uttarakhand,Udam Singh Nagar,2022-09-13,2022,09,2.3260432513,NRSC VIC MODEL
Uttarakhand,Udam Singh Nagar,2022-09-20,2022,09,0.9273945235,NRSC VIC MODEL
Uttarakhand,Udam Singh Nagar,2022-09-23,2022,09,1.1162326581,NRSC VIC MODEL
Uttarakhand,Udam Singh Nagar,2022-09-25,2022,09,69.8126070316,NRSC VIC MODEL
Uttarakhand,Udam Singh Nagar,2022-09-28,2022,09,0,NRSC VIC MODEL
Uttarakhand,Udam Singh Nagar,2022-09-30,2022,09,0,NRSC VIC MODEL
Uttarakhand,Udam Singh Nagar,2022-10-03,2022,10,0.0006292179,NRSC VIC MODEL
Uttarakhand,Udam Singh Nagar,2022-08-23,2022,08,4.65861e-05,NRSC VIC MODEL
Uttarakhand,Udam Singh Nagar,2022-10-07,2022,10,45.7746666112,NRSC VIC MODEL
Uttarakhand,Udam Singh Nagar,2022-10-15,2022,10,0.0009386977,NRSC VIC MODEL
Uttarakhand,Udam Singh Nagar,2022-10-17,2022,10,0,NRSC VIC MODEL
Uttarakhand,Udam Singh Nagar,2022-10-20,2022,10,0,NRSC VIC MODEL
Uttarakhand,Udam Singh Nagar,2022-10-23,2022,10,0,NRSC VIC MODEL
Uttarakhand,Udam Singh Nagar,2022-10-24,2022,10,0,NRSC VIC MODEL
Uttarakhand,Udam Singh Nagar,2022-10-25,2022,10,0,NRSC VIC MODEL
Uttarakhand,Udam Singh Nagar,2022-10-29,2022,10,0.0013409967,NRSC VIC MODEL
Uttarakhand,Udam Singh Nagar,2022-11-06,2022,11,0,NRSC VIC MODEL
Uttarakhand,Udam Singh Nagar,2022-11-08,2022,11,0,NRSC VIC MODEL
Uttarakhand,Udam Singh Nagar,2022-11-11,2022,11,0,NRSC VIC MODEL
Uttarakhand,Udam Singh Nagar,2022-11-23,2022,11,0,NRSC VIC MODEL
Uttarakhand,Udam Singh Nagar,2022-11-26,2022,11,0,NRSC VIC MODEL
Uttarakhand,Udam Singh Nagar,2022-12-06,2022,12,0,NRSC VIC MODEL
Uttarakhand,Udam Singh Nagar,2022-12-20,2022,12,0,NRSC VIC MODEL
Uttarakhand,Udam Singh Nagar,2022-12-25,2022,12,0,NRSC VIC MODEL
Uttarakhand,Udam Singh Nagar,2022-12-30,2022,12,8.9014e-06,NRSC VIC MODEL
Uttarakhand,Uttar Kashi,2022-01-09,2022,01,28.30072106,NRSC VIC MODEL
Uttarakhand,Uttar Kashi,2022-01-13,2022,01,2.191084344,NRSC VIC MODEL
Uttarakhand,Uttar Kashi,2022-01-19,2022,01,0.251518401,NRSC VIC MODEL
Uttarakhand,Uttar Kashi,2022-01-28,2022,01,0,NRSC VIC MODEL
Uttarakhand,Uttar Kashi,2022-01-30,2022,01,0,NRSC VIC MODEL
Uttarakhand,Uttar Kashi,2022-01-31,2022,01,0,NRSC VIC MODEL
Uttarakhand,Uttar Kashi,2022-02-02,2022,02,0.031784363,NRSC VIC MODEL
Uttarakhand,Uttar Kashi,2022-02-08,2022,02,1.070143209,NRSC VIC MODEL
Uttarakhand,Uttar Kashi,2022-02-26,2022,02,2.507959382,NRSC VIC MODEL
Uttarakhand,Uttar Kashi,2022-02-28,2022,02,0.199808274,NRSC VIC MODEL
Uttarakhand,Uttar Kashi,2022-03-17,2022,03,0.054496483,NRSC VIC MODEL
Uttarakhand,Uttar Kashi,2022-03-18,2022,03,0.002394939,NRSC VIC MODEL
Uttarakhand,Uttar Kashi,2022-03-20,2022,03,0.00774209,NRSC VIC MODEL
Uttarakhand,Uttar Kashi,2022-03-21,2022,03,0.115992027,NRSC VIC MODEL
Uttarakhand,Uttar Kashi,2022-03-24,2022,03,0.088144176,NRSC VIC MODEL
Uttarakhand,Uttar Kashi,2022-03-27,2022,03,0.015017856,NRSC VIC MODEL
Uttarakhand,Uttar Kashi,2022-04-03,2022,04,7.92e-06,NRSC VIC MODEL
Uttarakhand,Uttar Kashi,2022-04-06,2022,04,0.006903809,NRSC VIC MODEL
Uttarakhand,Uttar Kashi,2022-04-13,2022,04,0.001944751,NRSC VIC MODEL
Uttarakhand,Uttar Kashi,2022-04-29,2022,04,0.049900439,NRSC VIC MODEL
Uttarakhand,Uttar Kashi,2022-05-03,2022,05,0.147958541,NRSC VIC MODEL
Uttarakhand,Almora,2022-06-26,2022,06,6.04757967,NRSC VIC MODEL
Uttarakhand,Almora,2022-07-03,2022,07,21.13211749,NRSC VIC MODEL
Uttarakhand,Almora,2022-07-04,2022,07,1.385852982,NRSC VIC MODEL
Uttarakhand,Almora,2022-07-08,2022,07,2.486000621,NRSC VIC MODEL
Uttarakhand,Almora,2022-07-10,2022,07,8.040395199,NRSC VIC MODEL
Uttarakhand,Almora,2022-07-11,2022,07,0.264528334,NRSC VIC MODEL
Uttarakhand,Almora,2022-07-31,2022,07,13.97045952,NRSC VIC MODEL
Uttarakhand,Almora,2022-08-17,2022,08,0.0013419936,NRSC VIC MODEL
Uttarakhand,Almora,2022-08-19,2022,08,26.771574769,NRSC VIC MODEL
Uttarakhand,Almora,2022-08-21,2022,08,7.7134575007,NRSC VIC MODEL
Uttarakhand,Almora,2022-08-31,2022,08,4.6412968062,NRSC VIC MODEL
Uttarakhand,Almora,2022-09-05,2022,09,2.0934495228,NRSC VIC MODEL
Uttarakhand,Almora,2022-09-09,2022,09,0.6549769619,NRSC VIC MODEL
Uttarakhand,Almora,2022-09-21,2022,09,2.3878120678,NRSC VIC MODEL
Uttarakhand,Almora,2022-09-22,2022,09,5.2552645583,NRSC VIC MODEL
Uttarakhand,Almora,2022-09-23,2022,09,6.3826813919,NRSC VIC MODEL
Uttarakhand,Almora,2022-09-26,2022,09,5.8448671224,NRSC VIC MODEL
Uttarakhand,Almora,2022-09-30,2022,09,0,NRSC VIC MODEL
Uttarakhand,Almora,2022-10-04,2022,10,0.0008166683,NRSC VIC MODEL
Uttarakhand,Almora,2022-10-06,2022,10,0.1857790481,NRSC VIC MODEL
Uttarakhand,Almora,2022-10-09,2022,10,154.8230118219,NRSC VIC MODEL
Uttarakhand,Almora,2022-10-14,2022,10,0.035969896,NRSC VIC MODEL
Uttarakhand,Almora,2022-10-21,2022,10,3.7395569025,NRSC VIC MODEL
Uttarakhand,Almora,2022-10-31,2022,10,0.0026410341,NRSC VIC MODEL
Uttarakhand,Almora,2022-11-01,2022,11,0.2180457527,NRSC VIC MODEL
Uttarakhand,Almora,2022-11-06,2022,11,0,NRSC VIC MODEL
Uttarakhand,Almora,2022-11-08,2022,11,0,NRSC VIC MODEL
Uttarakhand,Almora,2022-11-13,2022,11,0,NRSC VIC MODEL
Uttarakhand,Almora,2022-11-15,2022,11,0.1151701344,NRSC VIC MODEL
Uttarakhand,Almora,2022-11-20,2022,11,0,NRSC VIC MODEL
Uttarakhand,Almora,2022-11-22,2022,11,0.1281297359,NRSC VIC MODEL
Uttarakhand,Almora,2022-12-11,2022,12,0,NRSC VIC MODEL
Uttarakhand,Almora,2022-12-15,2022,12,0,NRSC VIC MODEL
Uttarakhand,Almora,2022-12-18,2022,12,0,NRSC VIC MODEL
Uttarakhand,Almora,2022-12-23,2022,12,0,NRSC VIC MODEL
Uttarakhand,Almora,2022-12-29,2022,12,0,NRSC VIC MODEL
Uttarakhand,Bageshwar,2022-01-13,2022,01,0.555900736,NRSC VIC MODEL
Uttarakhand,Bageshwar,2022-01-14,2022,01,0.221317113,NRSC VIC MODEL
Uttarakhand,Bageshwar,2022-02-03,2022,02,1.65712684,NRSC VIC MODEL
Uttarakhand,Bageshwar,2022-02-06,2022,02,0.000669933,NRSC VIC MODEL
Uttarakhand,Bageshwar,2022-02-20,2022,02,3.81618893,NRSC VIC MODEL
Uttarakhand,Bageshwar,2022-02-28,2022,02,0,NRSC VIC MODEL
Uttarakhand,Bageshwar,2022-03-01,2022,03,0.080104832,NRSC VIC MODEL
Uttarakhand,Bageshwar,2022-03-02,2022,03,0.036559195,NRSC VIC MODEL
Uttarakhand,Bageshwar,2022-03-05,2022,03,0.007249631,NRSC VIC MODEL
Uttarakhand,Bageshwar,2022-03-13,2022,03,0,NRSC VIC MODEL
Uttarakhand,Bageshwar,2022-03-17,2022,03,0,NRSC VIC MODEL
Uttarakhand,Bageshwar,2022-03-26,2022,03,0,NRSC VIC MODEL
Uttarakhand,Bageshwar,2022-03-28,2022,03,0,NRSC VIC MODEL
Uttarakhand,Bageshwar,2022-04-02,2022,04,0,NRSC VIC MODEL
Uttarakhand,Bageshwar,2022-04-05,2022,04,0.00806749,NRSC VIC MODEL
Uttarakhand,Bageshwar,2022-04-08,2022,04,0,NRSC VIC MODEL
Uttarakhand,Bageshwar,2022-04-10,2022,04,0.881630181,NRSC VIC MODEL
Uttarakhand,Bageshwar,2022-04-16,2022,04,0.144440179,NRSC VIC MODEL
Uttarakhand,Bageshwar,2022-04-21,2022,04,0.021713437,NRSC VIC MODEL
Uttarakhand,Bageshwar,2022-05-01,2022,05,0.314948873,NRSC VIC MODEL
Uttarakhand,Bageshwar,2022-05-04,2022,05,5.401235519,NRSC VIC MODEL
Uttarakhand,Bageshwar,2022-05-10,2022,05,0.71843637,NRSC VIC MODEL
Uttarakhand,Bageshwar,2022-05-12,2022,05,2.640888444,NRSC VIC MODEL
Uttarakhand,Bageshwar,2022-05-27,2022,05,0.034664347,NRSC VIC MODEL
Uttarakhand,Bageshwar,2022-05-30,2022,05,2.385385629,NRSC VIC MODEL
Uttarakhand,Bageshwar,2022-05-31,2022,05,0.931058008,NRSC VIC MODEL
Uttarakhand,Bageshwar,2022-06-06,2022,06,0,NRSC VIC MODEL
Uttarakhand,Bageshwar,2022-06-28,2022,06,17.47491779,NRSC VIC MODEL
Uttarakhand,Bageshwar,2022-06-30,2022,06,24.94573203,NRSC VIC MODEL
Uttarakhand,Bageshwar,2022-07-12,2022,07,9.648176673,NRSC VIC MODEL
Uttarakhand,Bageshwar,2022-07-17,2022,07,6.344066454,NRSC VIC MODEL
Uttarakhand,Bageshwar,2022-07-27,2022,07,12.13491774,NRSC VIC MODEL
Uttarakhand,Bageshwar,2022-07-29,2022,07,18.66139981,NRSC VIC MODEL
Uttarakhand,Bageshwar,2022-08-04,2022,08,6.6527246417,NRSC VIC MODEL
Uttarakhand,Bageshwar,2022-08-05,2022,08,3.3285108507,NRSC VIC MODEL
Uttarakhand,Bageshwar,2022-08-08,2022,08,0.7788088942,NRSC VIC MODEL
Uttarakhand,Bageshwar,2022-08-09,2022,08,2.8957849974,NRSC VIC MODEL
Uttarakhand,Bageshwar,2022-08-15,2022,08,46.1723497404,NRSC VIC MODEL
Uttarakhand,Bageshwar,2022-08-20,2022,08,4.9029942557,NRSC VIC MODEL
Uttarakhand,Bageshwar,2022-08-27,2022,08,10.2997759223,NRSC VIC MODEL
Uttarakhand,Bageshwar,2022-08-29,2022,08,38.4612493897,NRSC VIC MODEL
Uttarakhand,Bageshwar,2022-09-04,2022,09,12.2721912057,NRSC VIC MODEL
Uttarakhand,Bageshwar,2022-09-08,2022,09,0.0007405734,NRSC VIC MODEL
Uttarakhand,Bageshwar,2022-09-10,2022,09,0.6397310501,NRSC VIC MODEL
Uttarakhand,Bageshwar,2022-09-15,2022,09,23.2111058315,NRSC VIC MODEL
Uttarakhand,Bageshwar,2022-09-27,2022,09,0.0922713734,NRSC VIC MODEL
Uttarakhand,Bageshwar,2022-10-10,2022,10,72.5100148525,NRSC VIC MODEL
Uttarakhand,Bageshwar,2022-10-13,2022,10,0.0389584928,NRSC VIC MODEL
Uttarakhand,Bageshwar,2022-10-18,2022,10,0.8323355314,NRSC VIC MODEL
Uttarakhand,Bageshwar,2022-10-22,2022,10,0,NRSC VIC MODEL
Uttarakhand,Bageshwar,2022-10-26,2022,10,0.0317480756,NRSC VIC MODEL
Uttarakhand,Bageshwar,2022-10-27,2022,10,0.0253454596,NRSC VIC MODEL
Uttarakhand,Bageshwar,2022-10-29,2022,10,0.0385278857,NRSC VIC MODEL
Uttarakhand,Bageshwar,2022-11-07,2022,11,0.0078905305,NRSC VIC MODEL
Uttarakhand,Bageshwar,2022-11-11,2022,11,1.6940424071,NRSC VIC MODEL
Uttarakhand,Bageshwar,2022-11-12,2022,11,0.038834864,NRSC VIC MODEL
Uttarakhand,Bageshwar,2022-11-16,2022,11,0.1093271957,NRSC VIC MODEL
Uttarakhand,Bageshwar,2022-11-18,2022,11,0,NRSC VIC MODEL
Uttarakhand,Bageshwar,2022-11-27,2022,11,0.1136744878,NRSC VIC MODEL
Uttarakhand,Bageshwar,2022-12-01,2022,12,0.0996010731,NRSC VIC MODEL
Uttarakhand,Bageshwar,2022-12-05,2022,12,0.0654094464,NRSC VIC MODEL
Uttarakhand,Bageshwar,2022-12-14,2022,12,0,NRSC VIC MODEL
Uttarakhand,Bageshwar,2022-12-16,2022,12,0,NRSC VIC MODEL
Uttarakhand,Bageshwar,2022-12-17,2022,12,0,NRSC VIC MODEL
Uttarakhand,Bageshwar,2022-12-21,2022,12,0,NRSC VIC MODEL
Uttarakhand,Bageshwar,2022-12-25,2022,12,0,NRSC VIC MODEL
Uttarakhand,Bageshwar,2022-12-30,2022,12,0.003993725,NRSC VIC MODEL
Uttarakhand,Chamoli,2022-01-15,2022,01,0,NRSC VIC MODEL
Uttarakhand,Chamoli,2022-01-16,2022,01,1.186718192,NRSC VIC MODEL
Uttarakhand,Chamoli,2022-01-18,2022,01,0.034349558,NRSC VIC MODEL
Uttarakhand,Chamoli,2022-01-31,2022,01,0.092516215,NRSC VIC MODEL
Uttarakhand,Chamoli,2022-02-03,2022,02,2.19910311,NRSC VIC MODEL
Uttarakhand,Chamoli,2022-02-08,2022,02,0.471279877,NRSC VIC MODEL
Uttarakhand,Chamoli,2022-02-18,2022,02,3.169603135,NRSC VIC MODEL
Uttarakhand,Chamoli,2022-02-20,2022,02,2.478577261,NRSC VIC MODEL
Uttarakhand,Chamoli,2022-03-01,2022,03,0.660850517,NRSC VIC MODEL
Uttarakhand,Chamoli,2022-03-03,2022,03,0,NRSC VIC MODEL
Uttarakhand,Chamoli,2022-03-13,2022,03,0,NRSC VIC MODEL
Uttarakhand,Chamoli,2022-03-17,2022,03,0.006531757,NRSC VIC MODEL
Uttarakhand,Chamoli,2022-03-21,2022,03,0.014941394,NRSC VIC MODEL
Uttarakhand,Chamoli,2022-03-25,2022,03,0.018096613,NRSC VIC MODEL
Uttarakhand,Chamoli,2022-03-28,2022,03,0,NRSC VIC MODEL
Uttarakhand,Chamoli,2022-04-02,2022,04,0,NRSC VIC MODEL
Uttarakhand,Chamoli,2022-04-06,2022,04,0.001959527,NRSC VIC MODEL
Uttarakhand,Chamoli,2022-04-15,2022,04,1.196616748,NRSC VIC MODEL
Uttarakhand,Chamoli,2022-04-18,2022,04,0.104582323,NRSC VIC MODEL
Uttarakhand,Chamoli,2022-04-23,2022,04,1.186237837,NRSC VIC MODEL
Uttarakhand,Chamoli,2022-04-25,2022,04,0.019875044,NRSC VIC MODEL
Uttarakhand,Chamoli,2022-04-27,2022,04,0,NRSC VIC MODEL
Uttarakhand,Chamoli,2022-05-02,2022,05,0.540746076,NRSC VIC MODEL
Uttarakhand,Chamoli,2022-05-11,2022,05,1.778512603,NRSC VIC MODEL
Uttarakhand,Chamoli,2022-05-14,2022,05,2.954492335,NRSC VIC MODEL
Uttarakhand,Chamoli,2022-05-15,2022,05,1.321473698,NRSC VIC MODEL
Uttarakhand,Chamoli,2022-05-18,2022,05,0.822764577,NRSC VIC MODEL
Uttarakhand,Chamoli,2022-05-26,2022,05,0.700526499,NRSC VIC MODEL
Uttarakhand,Chamoli,2022-06-08,2022,06,0.230363774,NRSC VIC MODEL
Uttarakhand,Chamoli,2022-06-09,2022,06,0.292578995,NRSC VIC MODEL
Uttarakhand,Chamoli,2022-06-11,2022,06,2.022299702,NRSC VIC MODEL
Uttarakhand,Chamoli,2022-06-16,2022,06,3.495703036,NRSC VIC MODEL
Uttarakhand,Chamoli,2022-06-18,2022,06,11.78696765,NRSC VIC MODEL
Uttarakhand,Chamoli,2022-06-27,2022,06,47.72877673,NRSC VIC MODEL
Uttarakhand,Chamoli,2022-06-28,2022,06,12.71842153,NRSC VIC MODEL
Uttarakhand,Chamoli,2022-07-07,2022,07,7.584011939,NRSC VIC MODEL
Uttarakhand,Chamoli,2022-07-08,2022,07,0.909842375,NRSC VIC MODEL
Uttarakhand,Chamoli,2022-07-10,2022,07,8.469354684,NRSC VIC MODEL
Uttarakhand,Chamoli,2022-07-13,2022,07,31.33695604,NRSC VIC MODEL
Uttarakhand,Chamoli,2022-07-14,2022,07,8.76582061,NRSC VIC MODEL
Uttarakhand,Chamoli,2022-07-16,2022,07,6.141743791,NRSC VIC MODEL
Uttarakhand,Chamoli,2022-07-27,2022,07,19.33035476,NRSC VIC MODEL
Uttarakhand,Chamoli,2022-07-28,2022,07,80.71549891,NRSC VIC MODEL
Uttarakhand,Chamoli,2022-08-07,2022,08,21.0210400282,NRSC VIC MODEL
Uttarakhand,Chamoli,2022-08-11,2022,08,45.5050412679,NRSC VIC MODEL
Uttarakhand,Chamoli,2022-08-15,2022,08,33.3623423451,NRSC VIC MODEL
Uttarakhand,Chamoli,2022-08-19,2022,08,12.1368138588,NRSC VIC MODEL
Uttarakhand,Chamoli,2022-08-31,2022,08,1.2369973336,NRSC VIC MODEL
Uttarakhand,Chamoli,2022-09-01,2022,09,1.0484627067,NRSC VIC MODEL
Uttarakhand,Chamoli,2022-09-05,2022,09,1.3651971414,NRSC VIC MODEL
Uttarakhand,Chamoli,2022-09-06,2022,09,1.9789608073,NRSC VIC MODEL
Uttarakhand,Chamoli,2022-09-07,2022,09,0.128237182,NRSC VIC MODEL
Uttarakhand,Chamoli,2022-09-08,2022,09,0.0043636618,NRSC VIC MODEL
Uttarakhand,Uttar Kashi,2022-05-14,2022,05,0.091921875,NRSC VIC MODEL
Uttarakhand,Uttar Kashi,2022-05-23,2022,05,3.14848711,NRSC VIC MODEL
Uttarakhand,Uttar Kashi,2022-05-24,2022,05,5.473757384,NRSC VIC MODEL
Uttarakhand,Uttar Kashi,2022-06-06,2022,06,0,NRSC VIC MODEL
Uttarakhand,Uttar Kashi,2022-06-10,2022,06,1.283470602,NRSC VIC MODEL
Uttarakhand,Uttar Kashi,2022-06-14,2022,06,0.220458729,NRSC VIC MODEL
Uttarakhand,Uttar Kashi,2022-06-22,2022,06,1.110332635,NRSC VIC MODEL
Uttarakhand,Uttar Kashi,2022-06-23,2022,06,0.108464575,NRSC VIC MODEL
Uttarakhand,Uttar Kashi,2022-06-24,2022,06,0.48130269,NRSC VIC MODEL
Uttarakhand,Uttar Kashi,2022-06-25,2022,06,0.470584006,NRSC VIC MODEL
Uttarakhand,Uttar Kashi,2022-07-03,2022,07,5.389746898,NRSC VIC MODEL
Uttarakhand,Uttar Kashi,2022-07-04,2022,07,6.670517878,NRSC VIC MODEL
Uttarakhand,Uttar Kashi,2022-07-07,2022,07,0.981142357,NRSC VIC MODEL
Uttarakhand,Uttar Kashi,2022-07-10,2022,07,6.324530096,NRSC VIC MODEL
Uttarakhand,Uttar Kashi,2022-07-15,2022,07,3.675092518,NRSC VIC MODEL
Uttarakhand,Uttar Kashi,2022-07-16,2022,07,3.028546589,NRSC VIC MODEL
Uttarakhand,Uttar Kashi,2022-07-20,2022,07,2.069584552,NRSC VIC MODEL
Uttarakhand,Uttar Kashi,2022-07-26,2022,07,3.953154211,NRSC VIC MODEL
Uttarakhand,Uttar Kashi,2022-07-29,2022,07,2.761300283,NRSC VIC MODEL
Uttarakhand,Uttar Kashi,2022-07-30,2022,07,8.28406234,NRSC VIC MODEL
Uttarakhand,Uttar Kashi,2022-08-12,2022,08,0.0597580266,NRSC VIC MODEL
Uttarakhand,Uttar Kashi,2022-08-19,2022,08,6.8548549979,NRSC VIC MODEL
Uttarakhand,Uttar Kashi,2022-08-27,2022,08,2.5718632895,NRSC VIC MODEL
Uttarakhand,Uttar Kashi,2022-09-08,2022,09,0.0064519833,NRSC VIC MODEL
Uttarakhand,Uttar Kashi,2022-09-09,2022,09,0.0483920651,NRSC VIC MODEL
Uttarakhand,Uttar Kashi,2022-09-12,2022,09,3.6386327594,NRSC VIC MODEL
Uttarakhand,Uttar Kashi,2022-09-15,2022,09,16.3554255597,NRSC VIC MODEL
Uttarakhand,Uttar Kashi,2022-09-16,2022,09,12.1402660684,NRSC VIC MODEL
Uttarakhand,Uttar Kashi,2022-10-08,2022,10,1.9060676419,NRSC VIC MODEL
Uttarakhand,Uttar Kashi,2022-10-11,2022,10,2.4256433215,NRSC VIC MODEL
Uttarakhand,Uttar Kashi,2022-10-13,2022,10,1.8664471462,NRSC VIC MODEL
Uttarakhand,Uttar Kashi,2022-10-18,2022,10,0.0504590285,NRSC VIC MODEL
Uttarakhand,Uttar Kashi,2022-10-19,2022,10,0.5491427585,NRSC VIC MODEL
Uttarakhand,Uttar Kashi,2022-10-26,2022,10,0.026228779,NRSC VIC MODEL
Uttarakhand,Uttar Kashi,2022-10-27,2022,10,0.0947888683,NRSC VIC MODEL
Uttarakhand,Uttar Kashi,2022-10-30,2022,10,0.0095520223,NRSC VIC MODEL
Uttarakhand,Uttar Kashi,2022-11-02,2022,11,12.1187386993,NRSC VIC MODEL
Uttarakhand,Uttar Kashi,2022-11-06,2022,11,0,NRSC VIC MODEL
Uttarakhand,Uttar Kashi,2022-11-11,2022,11,2.4328531502,NRSC VIC MODEL
Uttarakhand,Uttar Kashi,2022-11-19,2022,11,0.000932815,NRSC VIC MODEL
Uttarakhand,Uttar Kashi,2022-11-20,2022,11,0.0031940855,NRSC VIC MODEL
Uttarakhand,Uttar Kashi,2022-11-25,2022,11,0.0002684442,NRSC VIC MODEL
Uttarakhand,Uttar Kashi,2022-11-26,2022,11,0.020775887,NRSC VIC MODEL
Uttarakhand,Uttar Kashi,2022-11-27,2022,11,0.0036737094,NRSC VIC MODEL
Uttarakhand,Uttar Kashi,2022-11-29,2022,11,0.0051548774,NRSC VIC MODEL
Uttarakhand,Uttar Kashi,2022-12-03,2022,12,2.3046306134,NRSC VIC MODEL
Uttarakhand,Uttar Kashi,2022-12-13,2022,12,0.010745539,NRSC VIC MODEL
Uttarakhand,Uttar Kashi,2022-12-17,2022,12,0,NRSC VIC MODEL
Uttarakhand,Uttar Kashi,2022-12-19,2022,12,0,NRSC VIC MODEL
Uttarakhand,Uttar Kashi,2022-12-23,2022,12,0,NRSC VIC MODEL
Uttarakhand,Uttar Kashi,2022-12-24,2022,12,0,NRSC VIC MODEL
Uttarakhand,Uttar Kashi,2022-12-26,2022,12,0,NRSC VIC MODEL
Uttarakhand,Chamoli,2022-09-12,2022,09,9.0072928705,NRSC VIC MODEL
Uttarakhand,Chamoli,2022-09-15,2022,09,14.8885378984,NRSC VIC MODEL
Uttarakhand,Chamoli,2022-09-17,2022,09,11.4610385233,NRSC VIC MODEL
Uttarakhand,Chamoli,2022-09-21,2022,09,1.6090576106,NRSC VIC MODEL
Uttarakhand,Chamoli,2022-09-23,2022,09,5.880990654,NRSC VIC MODEL
Uttarakhand,Chamoli,2022-08-23,2022,08,5.069816957,NRSC VIC MODEL
Uttarakhand,Chamoli,2022-08-24,2022,08,6.464661391,NRSC VIC MODEL
Uttarakhand,Chamoli,2022-10-06,2022,10,0.6057015607,NRSC VIC MODEL
Uttarakhand,Chamoli,2022-10-10,2022,10,74.9877960291,NRSC VIC MODEL
Uttarakhand,Chamoli,2022-10-15,2022,10,0.1276651163,NRSC VIC MODEL
Uttarakhand,Chamoli,2022-10-18,2022,10,1.2941407167,NRSC VIC MODEL
Uttarakhand,Chamoli,2022-10-20,2022,10,0.0006857986,NRSC VIC MODEL
Uttarakhand,Chamoli,2022-11-04,2022,11,0.4296009226,NRSC VIC MODEL
Uttarakhand,Chamoli,2022-11-14,2022,11,0.108574502,NRSC VIC MODEL
Uttarakhand,Chamoli,2022-11-18,2022,11,0,NRSC VIC MODEL
Uttarakhand,Chamoli,2022-11-19,2022,11,0.0006114161,NRSC VIC MODEL
Uttarakhand,Chamoli,2022-11-21,2022,11,0.0159589956,NRSC VIC MODEL
Uttarakhand,Chamoli,2022-11-25,2022,11,0.0019594496,NRSC VIC MODEL
Uttarakhand,Chamoli,2022-11-30,2022,11,0.1263037535,NRSC VIC MODEL
Uttarakhand,Chamoli,2022-12-04,2022,12,0.1196794298,NRSC VIC MODEL
Uttarakhand,Chamoli,2022-12-16,2022,12,0,NRSC VIC MODEL
Uttarakhand,Chamoli,2022-12-20,2022,12,0,NRSC VIC MODEL
Uttarakhand,Chamoli,2022-12-23,2022,12,0,NRSC VIC MODEL
Uttarakhand,Chamoli,2022-12-29,2022,12,0.0155308598,NRSC VIC MODEL
Uttarakhand,Chamoli,2022-12-30,2022,12,0.0004807714,NRSC VIC MODEL
Uttarakhand,Champawat,2022-01-01,2022,01,0,NRSC VIC MODEL
Uttarakhand,Champawat,2022-01-04,2022,01,0,NRSC VIC MODEL
Uttarakhand,Champawat,2022-01-08,2022,01,0.037908588,NRSC VIC MODEL
Uttarakhand,Champawat,2022-01-15,2022,01,0,NRSC VIC MODEL
Uttarakhand,Champawat,2022-01-19,2022,01,0.002314099,NRSC VIC MODEL
Uttarakhand,Champawat,2022-01-26,2022,01,1.493202539,NRSC VIC MODEL
Uttarakhand,Champawat,2022-02-02,2022,02,0,NRSC VIC MODEL
Uttarakhand,Champawat,2022-02-16,2022,02,0.808990584,NRSC VIC MODEL
Uttarakhand,Champawat,2022-02-27,2022,02,13.07901098,NRSC VIC MODEL
Uttarakhand,Champawat,2022-03-01,2022,03,0,NRSC VIC MODEL
Uttarakhand,Champawat,2022-03-10,2022,03,0,NRSC VIC MODEL
Uttarakhand,Champawat,2022-03-15,2022,03,0,NRSC VIC MODEL
Uttarakhand,Champawat,2022-03-20,2022,03,0,NRSC VIC MODEL
Uttarakhand,Champawat,2022-03-22,2022,03,0,NRSC VIC MODEL
Uttarakhand,Champawat,2022-03-23,2022,03,0,NRSC VIC MODEL
Uttarakhand,Champawat,2022-03-29,2022,03,0,NRSC VIC MODEL
Uttarakhand,Champawat,2022-04-03,2022,04,0.012016588,NRSC VIC MODEL
Uttarakhand,Champawat,2022-04-18,2022,04,0.021978736,NRSC VIC MODEL
Uttarakhand,Champawat,2022-04-20,2022,04,0.001399572,NRSC VIC MODEL
Uttarakhand,Champawat,2022-04-26,2022,04,0,NRSC VIC MODEL
Uttarakhand,Champawat,2022-04-29,2022,04,0.029805543,NRSC VIC MODEL
Uttarakhand,Champawat,2022-04-30,2022,04,3.80104695,NRSC VIC MODEL
Uttarakhand,Champawat,2022-05-18,2022,05,2.007010071,NRSC VIC MODEL
Uttarakhand,Champawat,2022-05-22,2022,05,0.633913341,NRSC VIC MODEL
Uttarakhand,Champawat,2022-05-31,2022,05,2.188007144,NRSC VIC MODEL
Uttarakhand,Champawat,2022-06-06,2022,06,0,NRSC VIC MODEL
Uttarakhand,Champawat,2022-06-09,2022,06,0.517541343,NRSC VIC MODEL
Uttarakhand,Champawat,2022-06-13,2022,06,0.117781277,NRSC VIC MODEL
Uttarakhand,Champawat,2022-06-14,2022,06,0.000116506,NRSC VIC MODEL
Uttarakhand,Champawat,2022-06-30,2022,06,16.48298863,NRSC VIC MODEL
Uttarakhand,Champawat,2022-07-03,2022,07,6.435267152,NRSC VIC MODEL
Uttarakhand,Champawat,2022-07-04,2022,07,1.573552448,NRSC VIC MODEL
Uttarakhand,Champawat,2022-07-13,2022,07,1.527587188,NRSC VIC MODEL
Uttarakhand,Champawat,2022-07-15,2022,07,4.785276368,NRSC VIC MODEL
Uttarakhand,Champawat,2022-07-29,2022,07,6.424173609,NRSC VIC MODEL
Uttarakhand,Champawat,2022-07-31,2022,07,6.988176813,NRSC VIC MODEL
Uttarakhand,Champawat,2022-08-03,2022,08,13.5772925539,NRSC VIC MODEL
Uttarakhand,Champawat,2022-08-08,2022,08,0.0067211274,NRSC VIC MODEL
Uttarakhand,Champawat,2022-08-15,2022,08,16.4763599658,NRSC VIC MODEL
Uttarakhand,Champawat,2022-08-16,2022,08,0.3968905242,NRSC VIC MODEL
Uttarakhand,Champawat,2022-08-17,2022,08,1.1672136053,NRSC VIC MODEL
Uttarakhand,Champawat,2022-08-20,2022,08,4.0362450879,NRSC VIC MODEL
Uttarakhand,Champawat,2022-08-25,2022,08,3.5280641457,NRSC VIC MODEL
Uttarakhand,Champawat,2022-09-03,2022,09,0.0358399576,NRSC VIC MODEL
Uttarakhand,Champawat,2022-09-06,2022,09,0.1024375899,NRSC VIC MODEL
Uttarakhand,Champawat,2022-09-07,2022,09,0,NRSC VIC MODEL
Uttarakhand,Champawat,2022-09-12,2022,09,0.0687926756,NRSC VIC MODEL
Uttarakhand,Champawat,2022-09-17,2022,09,56.3756482346,NRSC VIC MODEL
Uttarakhand,Champawat,2022-09-18,2022,09,17.3174478831,NRSC VIC MODEL
Uttarakhand,Champawat,2022-09-22,2022,09,1.1532260805,NRSC VIC MODEL
Uttarakhand,Champawat,2022-09-23,2022,09,3.2533354447,NRSC VIC MODEL
Uttarakhand,Champawat,2022-09-24,2022,09,4.735385968,NRSC VIC MODEL
Uttarakhand,Champawat,2022-09-27,2022,09,0.0002594782,NRSC VIC MODEL
Uttarakhand,Champawat,2022-10-02,2022,10,0.5174345394,NRSC VIC MODEL
Uttarakhand,Champawat,2022-10-08,2022,10,23.0464288648,NRSC VIC MODEL
Uttarakhand,Champawat,2022-10-17,2022,10,0,NRSC VIC MODEL
Uttarakhand,Champawat,2022-10-24,2022,10,0.0003495171,NRSC VIC MODEL
Uttarakhand,Champawat,2022-10-25,2022,10,0,NRSC VIC MODEL
Uttarakhand,Champawat,2022-10-31,2022,10,0,NRSC VIC MODEL
Uttarakhand,Champawat,2022-11-03,2022,11,0,NRSC VIC MODEL
Uttarakhand,Champawat,2022-11-15,2022,11,0,NRSC VIC MODEL
Uttarakhand,Champawat,2022-11-23,2022,11,0,NRSC VIC MODEL
Uttarakhand,Champawat,2022-11-25,2022,11,0,NRSC VIC MODEL
Uttarakhand,Champawat,2022-11-30,2022,11,0.0001165057,NRSC VIC MODEL
Uttarakhand,Champawat,2022-12-01,2022,12,0.0012815628,NRSC VIC MODEL
Uttarakhand,Champawat,2022-12-02,2022,12,0,NRSC VIC MODEL
Uttarakhand,Champawat,2022-12-03,2022,12,0,NRSC VIC MODEL
Uttarakhand,Champawat,2022-12-04,2022,12,0.001303455,NRSC VIC MODEL
Uttarakhand,Champawat,2022-12-08,2022,12,0,NRSC VIC MODEL
Uttarakhand,Champawat,2022-12-13,2022,12,0,NRSC VIC MODEL
Uttarakhand,Champawat,2022-12-21,2022,12,0,NRSC VIC MODEL
Uttarakhand,Champawat,2022-12-22,2022,12,0,NRSC VIC MODEL
Uttarakhand,Dehradun,2022-01-15,2022,01,0,NRSC VIC MODEL
Uttarakhand,Dehradun,2022-01-20,2022,01,1.384540739,NRSC VIC MODEL
Uttarakhand,Dehradun,2022-01-28,2022,01,0,NRSC VIC MODEL
Uttarakhand,Dehradun,2022-02-10,2022,02,1.982634038,NRSC VIC MODEL
Uttarakhand,Dehradun,2022-02-13,2022,02,0.002215224,NRSC VIC MODEL
Uttarakhand,Dehradun,2022-02-18,2022,02,0,NRSC VIC MODEL
Uttarakhand,Dehradun,2022-02-19,2022,02,0,NRSC VIC MODEL
Uttarakhand,Dehradun,2022-02-21,2022,02,0.352091819,NRSC VIC MODEL
Uttarakhand,Dehradun,2022-02-22,2022,02,0.005435026,NRSC VIC MODEL
Uttarakhand,Dehradun,2022-02-27,2022,02,12.69969012,NRSC VIC MODEL
Uttarakhand,Dehradun,2022-03-04,2022,03,0.007701767,NRSC VIC MODEL
Uttarakhand,Dehradun,2022-03-05,2022,03,0.004250139,NRSC VIC MODEL
Uttarakhand,Dehradun,2022-03-15,2022,03,0,NRSC VIC MODEL
Uttarakhand,Dehradun,2022-03-24,2022,03,0.005070918,NRSC VIC MODEL
Uttarakhand,Dehradun,2022-03-25,2022,03,0.049504491,NRSC VIC MODEL
Uttarakhand,Dehradun,2022-03-26,2022,03,0,NRSC VIC MODEL
Uttarakhand,Dehradun,2022-04-03,2022,04,0,NRSC VIC MODEL
Uttarakhand,Dehradun,2022-04-10,2022,04,3.08e-05,NRSC VIC MODEL
Uttarakhand,Dehradun,2022-04-11,2022,04,0,NRSC VIC MODEL
Uttarakhand,Dehradun,2022-04-14,2022,04,0.234491172,NRSC VIC MODEL
Uttarakhand,Dehradun,2022-04-27,2022,04,0,NRSC VIC MODEL
Uttarakhand,Dehradun,2022-05-02,2022,05,2.094259966,NRSC VIC MODEL
Uttarakhand,Dehradun,2022-05-04,2022,05,0.490571679,NRSC VIC MODEL
Uttarakhand,Dehradun,2022-05-07,2022,05,1.04022969,NRSC VIC MODEL
Uttarakhand,Dehradun,2022-05-12,2022,05,0.041213623,NRSC VIC MODEL
Uttarakhand,Dehradun,2022-05-14,2022,05,0,NRSC VIC MODEL
Uttarakhand,Dehradun,2022-05-16,2022,05,0,NRSC VIC MODEL
Uttarakhand,Dehradun,2022-06-10,2022,06,0.15603213,NRSC VIC MODEL
Uttarakhand,Dehradun,2022-06-14,2022,06,4.98e-05,NRSC VIC MODEL
Uttarakhand,Dehradun,2022-06-17,2022,06,2.015133478,NRSC VIC MODEL
Uttarakhand,Dehradun,2022-06-19,2022,06,8.287191555,NRSC VIC MODEL
Uttarakhand,Dehradun,2022-06-24,2022,06,0,NRSC VIC MODEL
Uttarakhand,Dehradun,2022-06-28,2022,06,13.37537893,NRSC VIC MODEL
Uttarakhand,Dehradun,2022-06-29,2022,06,10.01321328,NRSC VIC MODEL
Uttarakhand,Dehradun,2022-07-03,2022,07,34.14383271,NRSC VIC MODEL
Uttarakhand,Dehradun,2022-07-08,2022,07,2.561579952,NRSC VIC MODEL
Uttarakhand,Dehradun,2022-07-18,2022,07,3.528281901,NRSC VIC MODEL
Uttarakhand,Dehradun,2022-07-24,2022,07,22.69959905,NRSC VIC MODEL
Uttarakhand,Dehradun,2022-08-03,2022,08,22.9336364308,NRSC VIC MODEL
Uttarakhand,Dehradun,2022-08-04,2022,08,24.202352014,NRSC VIC MODEL
Uttarakhand,Dehradun,2022-08-07,2022,08,25.8864801775,NRSC VIC MODEL
Uttarakhand,Dehradun,2022-08-12,2022,08,0.2706042622,NRSC VIC MODEL
Uttarakhand,Dehradun,2022-08-25,2022,08,7.9177486977,NRSC VIC MODEL
Uttarakhand,Dehradun,2022-08-27,2022,08,0.8381781458,NRSC VIC MODEL
Uttarakhand,Dehradun,2022-08-31,2022,08,2.5041530093,NRSC VIC MODEL
Uttarakhand,Dehradun,2022-09-02,2022,09,10.172828618,NRSC VIC MODEL
Uttarakhand,Dehradun,2022-09-06,2022,09,0.0346703034,NRSC VIC MODEL
Uttarakhand,Dehradun,2022-09-10,2022,09,16.852372265,NRSC VIC MODEL
Uttarakhand,Dehradun,2022-09-13,2022,09,3.318889508,NRSC VIC MODEL
Uttarakhand,Dehradun,2022-09-14,2022,09,2.5116227992,NRSC VIC MODEL
Uttarakhand,Dehradun,2022-09-15,2022,09,12.7610345402,NRSC VIC MODEL
Uttarakhand,Dehradun,2022-10-05,2022,10,0.4481427691,NRSC VIC MODEL
Uttarakhand,Dehradun,2022-10-12,2022,10,9.4122087387,NRSC VIC MODEL
Uttarakhand,Dehradun,2022-10-15,2022,10,4.98117e-05,NRSC VIC MODEL
Uttarakhand,Dehradun,2022-10-23,2022,10,0,NRSC VIC MODEL
Uttarakhand,Dehradun,2022-10-26,2022,10,0,NRSC VIC MODEL
Uttarakhand,Dehradun,2022-11-06,2022,11,0,NRSC VIC MODEL
Uttarakhand,Dehradun,2022-11-09,2022,11,0.2912484139,NRSC VIC MODEL
Uttarakhand,Dehradun,2022-11-12,2022,11,0,NRSC VIC MODEL
Uttarakhand,Dehradun,2022-11-14,2022,11,0.0778432689,NRSC VIC MODEL
Uttarakhand,Dehradun,2022-11-18,2022,11,0,NRSC VIC MODEL
Uttarakhand,Dehradun,2022-11-20,2022,11,0,NRSC VIC MODEL
Uttarakhand,Dehradun,2022-11-28,2022,11,0,NRSC VIC MODEL
Uttarakhand,Dehradun,2022-12-01,2022,12,0,NRSC VIC MODEL
Uttarakhand,Dehradun,2022-12-02,2022,12,0.0848802507,NRSC VIC MODEL
Uttarakhand,Dehradun,2022-12-07,2022,12,0,NRSC VIC MODEL
Uttarakhand,Dehradun,2022-12-15,2022,12,0,NRSC VIC MODEL
Uttarakhand,Dehradun,2022-12-16,2022,12,0,NRSC VIC MODEL
Uttarakhand,Haridwar,2022-01-06,2022,01,23.83683645,NRSC VIC MODEL
Uttarakhand,Haridwar,2022-01-09,2022,01,35.48914885,NRSC VIC MODEL
Uttarakhand,Haridwar,2022-01-18,2022,01,0.00261845,NRSC VIC MODEL
Uttarakhand,Haridwar,2022-01-23,2022,01,26.00543898,NRSC VIC MODEL
Uttarakhand,Haridwar,2022-01-24,2022,01,14.14230629,NRSC VIC MODEL
Uttarakhand,Haridwar,2022-01-25,2022,01,0.511158824,NRSC VIC MODEL
Uttarakhand,Haridwar,2022-01-28,2022,01,0,NRSC VIC MODEL
Uttarakhand,Haridwar,2022-01-29,2022,01,0,NRSC VIC MODEL
Uttarakhand,Haridwar,2022-02-01,2022,02,0,NRSC VIC MODEL
Uttarakhand,Haridwar,2022-02-02,2022,02,0,NRSC VIC MODEL
Uttarakhand,Haridwar,2022-02-06,2022,02,0,NRSC VIC MODEL
Uttarakhand,Haridwar,2022-02-07,2022,02,0,NRSC VIC MODEL
Uttarakhand,Haridwar,2022-02-10,2022,02,1.603975898,NRSC VIC MODEL
Uttarakhand,Haridwar,2022-02-16,2022,02,0,NRSC VIC MODEL
Uttarakhand,Almora,2022-01-25,2022,01,3.257212922,NRSC VIC MODEL
Uttarakhand,Almora,2022-01-27,2022,01,1.291127952,NRSC VIC MODEL
Uttarakhand,Almora,2022-02-01,2022,02,0,NRSC VIC MODEL
Uttarakhand,Almora,2022-02-05,2022,02,5.702932305,NRSC VIC MODEL
Uttarakhand,Almora,2022-02-11,2022,02,0.000153488,NRSC VIC MODEL
Uttarakhand,Almora,2022-02-24,2022,02,1.010209944,NRSC VIC MODEL
Uttarakhand,Almora,2022-02-27,2022,02,11.08276285,NRSC VIC MODEL
Uttarakhand,Almora,2022-03-05,2022,03,0.012910086,NRSC VIC MODEL
Uttarakhand,Almora,2022-03-07,2022,03,0.039054288,NRSC VIC MODEL
Uttarakhand,Almora,2022-03-13,2022,03,0,NRSC VIC MODEL
Uttarakhand,Almora,2022-03-16,2022,03,0.035302348,NRSC VIC MODEL
Uttarakhand,Almora,2022-04-01,2022,04,0,NRSC VIC MODEL
Uttarakhand,Almora,2022-04-03,2022,04,0.002670929,NRSC VIC MODEL
Uttarakhand,Almora,2022-04-06,2022,04,0.000138564,NRSC VIC MODEL
Uttarakhand,Almora,2022-04-09,2022,04,0.00201231,NRSC VIC MODEL
Uttarakhand,Almora,2022-04-14,2022,04,0.136511896,NRSC VIC MODEL
Uttarakhand,Almora,2022-04-18,2022,04,0.000160739,NRSC VIC MODEL
Uttarakhand,Almora,2022-04-21,2022,04,2.22e-05,NRSC VIC MODEL
Uttarakhand,Almora,2022-04-23,2022,04,0.072611747,NRSC VIC MODEL
Uttarakhand,Almora,2022-04-25,2022,04,0,NRSC VIC MODEL
Uttarakhand,Almora,2022-04-26,2022,04,0,NRSC VIC MODEL
Uttarakhand,Almora,2022-04-28,2022,04,0,NRSC VIC MODEL
Uttarakhand,Almora,2022-04-30,2022,04,1.600394064,NRSC VIC MODEL
Uttarakhand,Almora,2022-05-01,2022,05,0.014168843,NRSC VIC MODEL
Uttarakhand,Almora,2022-05-07,2022,05,0.067051942,NRSC VIC MODEL
Uttarakhand,Almora,2022-05-10,2022,05,0.566641723,NRSC VIC MODEL
Uttarakhand,Almora,2022-05-17,2022,05,18.84080734,NRSC VIC MODEL
Uttarakhand,Almora,2022-05-18,2022,05,1.328874957,NRSC VIC MODEL
Uttarakhand,Almora,2022-05-23,2022,05,7.626958486,NRSC VIC MODEL
Uttarakhand,Almora,2022-06-05,2022,06,0,NRSC VIC MODEL
Uttarakhand,Almora,2022-06-06,2022,06,0,NRSC VIC MODEL
Uttarakhand,Almora,2022-06-12,2022,06,7.005474744,NRSC VIC MODEL
Uttarakhand,Almora,2022-06-13,2022,06,0.060038863,NRSC VIC MODEL
Uttarakhand,Almora,2022-06-17,2022,06,0.745403274,NRSC VIC MODEL
Uttarakhand,Almora,2022-06-18,2022,06,6.00842088,NRSC VIC MODEL
Uttarakhand,Almora,2022-06-21,2022,06,1.961724474,NRSC VIC MODEL
Uttarakhand,Nainital,2022-01-11,2022,01,6.001915265,NRSC VIC MODEL
Uttarakhand,Nainital,2022-01-16,2022,01,0.049511057,NRSC VIC MODEL
Uttarakhand,Nainital,2022-01-23,2022,01,5.758245848,NRSC VIC MODEL
Uttarakhand,Nainital,2022-01-27,2022,01,0.112035716,NRSC VIC MODEL
Uttarakhand,Nainital,2022-01-28,2022,01,0.000101194,NRSC VIC MODEL
Uttarakhand,Nainital,2022-02-11,2022,02,0,NRSC VIC MODEL
Uttarakhand,Nainital,2022-02-15,2022,02,0.005073214,NRSC VIC MODEL
Uttarakhand,Nainital,2022-02-20,2022,02,0,NRSC VIC MODEL
Uttarakhand,Nainital,2022-02-24,2022,02,0.031842511,NRSC VIC MODEL
Uttarakhand,Nainital,2022-02-26,2022,02,8.506072385,NRSC VIC MODEL
Uttarakhand,Nainital,2022-03-05,2022,03,0.000809555,NRSC VIC MODEL
Uttarakhand,Nainital,2022-03-08,2022,03,0,NRSC VIC MODEL
Uttarakhand,Nainital,2022-03-09,2022,03,0,NRSC VIC MODEL
Uttarakhand,Nainital,2022-03-10,2022,03,0,NRSC VIC MODEL
Uttarakhand,Nainital,2022-03-11,2022,03,0.451583473,NRSC VIC MODEL
Uttarakhand,Nainital,2022-03-12,2022,03,0,NRSC VIC MODEL
Uttarakhand,Nainital,2022-03-24,2022,03,0,NRSC VIC MODEL
Uttarakhand,Nainital,2022-03-27,2022,03,0,NRSC VIC MODEL
Uttarakhand,Nainital,2022-03-30,2022,03,0,NRSC VIC MODEL
Uttarakhand,Nainital,2022-04-21,2022,04,0,NRSC VIC MODEL
Uttarakhand,Nainital,2022-04-25,2022,04,0,NRSC VIC MODEL
Uttarakhand,Nainital,2022-04-28,2022,04,0.0154481,NRSC VIC MODEL
Uttarakhand,Nainital,2022-05-06,2022,05,0.005858167,NRSC VIC MODEL
Uttarakhand,Nainital,2022-05-15,2022,05,0.028885979,NRSC VIC MODEL
Uttarakhand,Nainital,2022-05-19,2022,05,0.620710695,NRSC VIC MODEL
Uttarakhand,Nainital,2022-05-21,2022,05,3.210974392,NRSC VIC MODEL
Uttarakhand,Nainital,2022-05-27,2022,05,0,NRSC VIC MODEL
Uttarakhand,Nainital,2022-05-28,2022,05,0.173233736,NRSC VIC MODEL
Uttarakhand,Nainital,2022-06-02,2022,06,0,NRSC VIC MODEL
Uttarakhand,Nainital,2022-06-05,2022,06,0,NRSC VIC MODEL
Uttarakhand,Nainital,2022-06-09,2022,06,0.005502963,NRSC VIC MODEL
Uttarakhand,Nainital,2022-06-14,2022,06,2.17e-06,NRSC VIC MODEL
Uttarakhand,Nainital,2022-06-23,2022,06,0,NRSC VIC MODEL
Uttarakhand,Nainital,2022-06-24,2022,06,0.023318605,NRSC VIC MODEL
Uttarakhand,Nainital,2022-06-25,2022,06,0.307060995,NRSC VIC MODEL
Uttarakhand,Nainital,2022-07-07,2022,07,8.355433629,NRSC VIC MODEL
Uttarakhand,Nainital,2022-07-16,2022,07,0,NRSC VIC MODEL
Uttarakhand,Nainital,2022-07-18,2022,07,0.654945325,NRSC VIC MODEL
Uttarakhand,Nainital,2022-07-20,2022,07,37.85460035,NRSC VIC MODEL
Uttarakhand,Nainital,2022-07-21,2022,07,5.810492479,NRSC VIC MODEL
Uttarakhand,Nainital,2022-07-23,2022,07,1.827752042,NRSC VIC MODEL
Uttarakhand,Nainital,2022-07-27,2022,07,8.698625538,NRSC VIC MODEL
Uttarakhand,Nainital,2022-08-04,2022,08,5.0427670793,NRSC VIC MODEL
Uttarakhand,Nainital,2022-08-08,2022,08,0.0367605109,NRSC VIC MODEL
Uttarakhand,Nainital,2022-08-11,2022,08,22.991129331,NRSC VIC MODEL
Uttarakhand,Nainital,2022-08-17,2022,08,0.3503661765,NRSC VIC MODEL
Uttarakhand,Nainital,2022-09-10,2022,09,7.2433777327,NRSC VIC MODEL
Uttarakhand,Nainital,2022-09-23,2022,09,5.5732843404,NRSC VIC MODEL
Uttarakhand,Nainital,2022-09-27,2022,09,0.0015934149,NRSC VIC MODEL
Uttarakhand,Nainital,2022-10-07,2022,10,29.4135737642,NRSC VIC MODEL
Uttarakhand,Nainital,2022-10-08,2022,10,22.1792854874,NRSC VIC MODEL
Uttarakhand,Nainital,2022-10-09,2022,10,114.6214098637,NRSC VIC MODEL
Uttarakhand,Nainital,2022-10-11,2022,10,18.6166770704,NRSC VIC MODEL
Uttarakhand,Nainital,2022-10-21,2022,10,0.1043964327,NRSC VIC MODEL
Uttarakhand,Nainital,2022-10-23,2022,10,0.0395937994,NRSC VIC MODEL
Uttarakhand,Nainital,2022-10-24,2022,10,0.0907688667,NRSC VIC MODEL
Uttarakhand,Nainital,2022-10-26,2022,10,0.1961166838,NRSC VIC MODEL
Uttarakhand,Nainital,2022-11-02,2022,11,0.000459101,NRSC VIC MODEL
Uttarakhand,Nainital,2022-11-04,2022,11,0,NRSC VIC MODEL
Uttarakhand,Nainital,2022-11-11,2022,11,0.0324625021,NRSC VIC MODEL
Uttarakhand,Nainital,2022-11-12,2022,11,0,NRSC VIC MODEL
Uttarakhand,Nainital,2022-11-23,2022,11,0.0137589299,NRSC VIC MODEL
Uttarakhand,Nainital,2022-11-30,2022,11,0.0034690622,NRSC VIC MODEL
Uttarakhand,Nainital,2022-12-03,2022,12,0.0250743022,NRSC VIC MODEL
Uttarakhand,Nainital,2022-12-15,2022,12,0,NRSC VIC MODEL
Uttarakhand,Nainital,2022-12-19,2022,12,0,NRSC VIC MODEL
Uttarakhand,Nainital,2022-12-24,2022,12,0.000334043,NRSC VIC MODEL
Uttarakhand,Nainital,2022-12-28,2022,12,0,NRSC VIC MODEL
Uttarakhand,Nainital,2022-12-29,2022,12,0,NRSC VIC MODEL
Uttarakhand,Pauri Garhwal,2022-01-04,2022,01,0,NRSC VIC MODEL
Uttarakhand,Pauri Garhwal,2022-01-05,2022,01,2.151205128,NRSC VIC MODEL
Uttarakhand,Pauri Garhwal,2022-01-06,2022,01,24.17561952,NRSC VIC MODEL
Uttarakhand,Pauri Garhwal,2022-01-07,2022,01,0.000299124,NRSC VIC MODEL
Uttarakhand,Pauri Garhwal,2022-01-11,2022,01,0.363435082,NRSC VIC MODEL
Uttarakhand,Pauri Garhwal,2022-01-12,2022,01,4.172717394,NRSC VIC MODEL
Uttarakhand,Pauri Garhwal,2022-01-17,2022,01,0,NRSC VIC MODEL
Uttarakhand,Pauri Garhwal,2022-01-18,2022,01,0.039327139,NRSC VIC MODEL
Uttarakhand,Pauri Garhwal,2022-01-19,2022,01,0.000953139,NRSC VIC MODEL
Uttarakhand,Pauri Garhwal,2022-01-22,2022,01,13.03144308,NRSC VIC MODEL
Uttarakhand,Pauri Garhwal,2022-02-02,2022,02,0,NRSC VIC MODEL
Uttarakhand,Pauri Garhwal,2022-02-07,2022,02,0.100054284,NRSC VIC MODEL
Uttarakhand,Pauri Garhwal,2022-02-12,2022,02,0,NRSC VIC MODEL
Uttarakhand,Pauri Garhwal,2022-02-19,2022,02,0,NRSC VIC MODEL
Uttarakhand,Pauri Garhwal,2022-02-21,2022,02,0.314931442,NRSC VIC MODEL
Uttarakhand,Pauri Garhwal,2022-02-23,2022,02,0.286448799,NRSC VIC MODEL
Uttarakhand,Pauri Garhwal,2022-02-24,2022,02,0.619946179,NRSC VIC MODEL
Uttarakhand,Pauri Garhwal,2022-03-01,2022,03,0,NRSC VIC MODEL
Uttarakhand,Pauri Garhwal,2022-03-02,2022,03,0.059687818,NRSC VIC MODEL
Uttarakhand,Pauri Garhwal,2022-03-05,2022,03,0.048655737,NRSC VIC MODEL
Uttarakhand,Pauri Garhwal,2022-03-08,2022,03,0,NRSC VIC MODEL
Uttarakhand,Pauri Garhwal,2022-03-11,2022,03,0.088875176,NRSC VIC MODEL
Uttarakhand,Pauri Garhwal,2022-03-17,2022,03,0,NRSC VIC MODEL
Uttarakhand,Pauri Garhwal,2022-03-19,2022,03,0,NRSC VIC MODEL
Uttarakhand,Pauri Garhwal,2022-03-21,2022,03,0,NRSC VIC MODEL
Uttarakhand,Pauri Garhwal,2022-04-10,2022,04,0.000862777,NRSC VIC MODEL
Uttarakhand,Pauri Garhwal,2022-04-24,2022,04,0.00390194,NRSC VIC MODEL
Uttarakhand,Pauri Garhwal,2022-04-26,2022,04,0.000547548,NRSC VIC MODEL
Uttarakhand,Pauri Garhwal,2022-04-27,2022,04,0,NRSC VIC MODEL
Uttarakhand,Pauri Garhwal,2022-05-01,2022,05,0.217850746,NRSC VIC MODEL
Uttarakhand,Pauri Garhwal,2022-05-04,2022,05,0.463329525,NRSC VIC MODEL
Uttarakhand,Pauri Garhwal,2022-05-06,2022,05,0.003093332,NRSC VIC MODEL
Uttarakhand,Pauri Garhwal,2022-05-11,2022,05,2.740404803,NRSC VIC MODEL
Uttarakhand,Pauri Garhwal,2022-05-13,2022,05,4.456776305,NRSC VIC MODEL
Uttarakhand,Pauri Garhwal,2022-05-14,2022,05,0.039775291,NRSC VIC MODEL
Uttarakhand,Pauri Garhwal,2022-05-17,2022,05,8.972896464,NRSC VIC MODEL
Uttarakhand,Pauri Garhwal,2022-05-19,2022,05,4.203129483,NRSC VIC MODEL
Uttarakhand,Pauri Garhwal,2022-05-20,2022,05,0.008551304,NRSC VIC MODEL
Uttarakhand,Pauri Garhwal,2022-05-27,2022,05,0.003019984,NRSC VIC MODEL
Uttarakhand,Pauri Garhwal,2022-06-07,2022,06,0,NRSC VIC MODEL
Uttarakhand,Pauri Garhwal,2022-06-08,2022,06,0.001400393,NRSC VIC MODEL
Uttarakhand,Pauri Garhwal,2022-06-17,2022,06,2.309841123,NRSC VIC MODEL
Uttarakhand,Pauri Garhwal,2022-06-18,2022,06,5.296277318,NRSC VIC MODEL
Uttarakhand,Pauri Garhwal,2022-06-26,2022,06,3.258609502,NRSC VIC MODEL
Uttarakhand,Pauri Garhwal,2022-07-03,2022,07,19.07805096,NRSC VIC MODEL
Uttarakhand,Pauri Garhwal,2022-07-07,2022,07,10.6873231,NRSC VIC MODEL
Uttarakhand,Pauri Garhwal,2022-07-12,2022,07,17.44267534,NRSC VIC MODEL
Uttarakhand,Pauri Garhwal,2022-07-16,2022,07,2.367461539,NRSC VIC MODEL
Uttarakhand,Pauri Garhwal,2022-07-20,2022,07,33.34408674,NRSC VIC MODEL
Uttarakhand,Pauri Garhwal,2022-07-23,2022,07,8.131628676,NRSC VIC MODEL
Uttarakhand,Pauri Garhwal,2022-07-24,2022,07,9.608205911,NRSC VIC MODEL
Uttarakhand,Pauri Garhwal,2022-07-29,2022,07,12.79480513,NRSC VIC MODEL
Uttarakhand,Pauri Garhwal,2022-07-31,2022,07,18.93891768,NRSC VIC MODEL
Uttarakhand,Pauri Garhwal,2022-08-01,2022,08,12.9579782988,NRSC VIC MODEL
Uttarakhand,Pauri Garhwal,2022-08-03,2022,08,14.0848716093,NRSC VIC MODEL
Uttarakhand,Pauri Garhwal,2022-08-04,2022,08,12.0939120627,NRSC VIC MODEL
Uttarakhand,Pauri Garhwal,2022-08-07,2022,08,6.8756990633,NRSC VIC MODEL
Uttarakhand,Pauri Garhwal,2022-08-13,2022,08,0,NRSC VIC MODEL
Uttarakhand,Pauri Garhwal,2022-08-15,2022,08,18.5171271859,NRSC VIC MODEL
Uttarakhand,Pauri Garhwal,2022-08-18,2022,08,0.3065383889,NRSC VIC MODEL
Uttarakhand,Pauri Garhwal,2022-08-20,2022,08,11.5734236855,NRSC VIC MODEL
Uttarakhand,Pauri Garhwal,2022-09-01,2022,09,0.1285554772,NRSC VIC MODEL
Uttarakhand,Pauri Garhwal,2022-09-05,2022,09,0.295422964,NRSC VIC MODEL
Uttarakhand,Pauri Garhwal,2022-09-13,2022,09,9.9244269847,NRSC VIC MODEL
Uttarakhand,Pauri Garhwal,2022-09-17,2022,09,14.9228156035,NRSC VIC MODEL
Uttarakhand,Pauri Garhwal,2022-09-18,2022,09,6.3169070772,NRSC VIC MODEL
Uttarakhand,Pauri Garhwal,2022-09-19,2022,09,1.2307037773,NRSC VIC MODEL
Uttarakhand,Pauri Garhwal,2022-09-21,2022,09,2.6534176188,NRSC VIC MODEL
Uttarakhand,Pauri Garhwal,2022-10-01,2022,10,0.0215429877,NRSC VIC MODEL
Uttarakhand,Pauri Garhwal,2022-10-02,2022,10,0.2556224358,NRSC VIC MODEL
Uttarakhand,Pauri Garhwal,2022-08-23,2022,08,1.442806086,NRSC VIC MODEL
Uttarakhand,Pauri Garhwal,2022-10-06,2022,10,4.6546853606,NRSC VIC MODEL
Uttarakhand,Pauri Garhwal,2022-10-09,2022,10,47.1494281774,NRSC VIC MODEL
Uttarakhand,Pauri Garhwal,2022-10-16,2022,10,0.0008047944,NRSC VIC MODEL
Uttarakhand,Pauri Garhwal,2022-10-28,2022,10,0.2600919251,NRSC VIC MODEL
Uttarakhand,Pauri Garhwal,2022-11-02,2022,11,0.0179769601,NRSC VIC MODEL
Uttarakhand,Pauri Garhwal,2022-11-03,2022,11,0.011623347,NRSC VIC MODEL
Uttarakhand,Pauri Garhwal,2022-11-10,2022,11,0.0002643887,NRSC VIC MODEL
Uttarakhand,Pauri Garhwal,2022-11-13,2022,11,0,NRSC VIC MODEL
Uttarakhand,Pauri Garhwal,2022-11-15,2022,11,0.4696803367,NRSC VIC MODEL
Uttarakhand,Pauri Garhwal,2022-11-22,2022,11,0.0070005838,NRSC VIC MODEL
Uttarakhand,Pauri Garhwal,2022-11-28,2022,11,0.0068921903,NRSC VIC MODEL
Uttarakhand,Pauri Garhwal,2022-12-02,2022,12,5.40045e-05,NRSC VIC MODEL
Uttarakhand,Pauri Garhwal,2022-12-03,2022,12,0.0147536787,NRSC VIC MODEL
Uttarakhand,Pauri Garhwal,2022-12-09,2022,12,0,NRSC VIC MODEL
Uttarakhand,Pauri Garhwal,2022-12-15,2022,12,0,NRSC VIC MODEL
Uttarakhand,Pauri Garhwal,2022-12-18,2022,12,0,NRSC VIC MODEL
Uttarakhand,Pauri Garhwal,2022-12-27,2022,12,0,NRSC VIC MODEL
Uttarakhand,Pithoragarh,2022-01-03,2022,01,0,NRSC VIC MODEL
Uttarakhand,Pithoragarh,2022-01-14,2022,01,0.62447462,NRSC VIC MODEL
Uttarakhand,Pithoragarh,2022-01-20,2022,01,1.050723786,NRSC VIC MODEL
Uttarakhand,Pithoragarh,2022-01-24,2022,01,7.859509787,NRSC VIC MODEL
Uttarakhand,Pithoragarh,2022-01-26,2022,01,1.843736387,NRSC VIC MODEL
Uttarakhand,Pithoragarh,2022-02-05,2022,02,3.972555963,NRSC VIC MODEL
Uttarakhand,Pithoragarh,2022-02-07,2022,02,0.863156131,NRSC VIC MODEL
Uttarakhand,Pithoragarh,2022-02-19,2022,02,2.516732426,NRSC VIC MODEL
Uttarakhand,Pithoragarh,2022-02-20,2022,02,2.604044392,NRSC VIC MODEL
Uttarakhand,Pithoragarh,2022-02-21,2022,02,1.393930014,NRSC VIC MODEL
Uttarakhand,Pithoragarh,2022-02-23,2022,02,2.11229371,NRSC VIC MODEL
Uttarakhand,Pithoragarh,2022-02-26,2022,02,0.094967412,NRSC VIC MODEL
Uttarakhand,Pithoragarh,2022-02-28,2022,02,0.094092187,NRSC VIC MODEL
Uttarakhand,Pithoragarh,2022-03-04,2022,03,0.315549869,NRSC VIC MODEL
Uttarakhand,Pithoragarh,2022-03-07,2022,03,0.000487467,NRSC VIC MODEL
Uttarakhand,Pithoragarh,2022-03-11,2022,03,0.02199879,NRSC VIC MODEL
Uttarakhand,Pithoragarh,2022-03-15,2022,03,0.190433369,NRSC VIC MODEL
Uttarakhand,Pithoragarh,2022-03-17,2022,03,0.014239942,NRSC VIC MODEL
Uttarakhand,Pithoragarh,2022-03-20,2022,03,0.030418672,NRSC VIC MODEL
Uttarakhand,Pithoragarh,2022-03-23,2022,03,0.096599649,NRSC VIC MODEL
Uttarakhand,Pithoragarh,2022-03-26,2022,03,0,NRSC VIC MODEL
Uttarakhand,Pithoragarh,2022-03-28,2022,03,0,NRSC VIC MODEL
Uttarakhand,Pithoragarh,2022-04-05,2022,04,0.017120615,NRSC VIC MODEL
Uttarakhand,Pithoragarh,2022-04-07,2022,04,0.037999834,NRSC VIC MODEL
Uttarakhand,Pithoragarh,2022-04-09,2022,04,0.713577114,NRSC VIC MODEL
Uttarakhand,Pithoragarh,2022-04-17,2022,04,0.029521937,NRSC VIC MODEL
Uttarakhand,Pithoragarh,2022-04-19,2022,04,0.012763119,NRSC VIC MODEL
Uttarakhand,Pithoragarh,2022-04-20,2022,04,0.139886136,NRSC VIC MODEL
Uttarakhand,Pithoragarh,2022-04-27,2022,04,0.016176809,NRSC VIC MODEL
Uttarakhand,Pithoragarh,2022-04-28,2022,04,0.004244978,NRSC VIC MODEL
Uttarakhand,Pithoragarh,2022-04-30,2022,04,1.329723214,NRSC VIC MODEL
Uttarakhand,Pithoragarh,2022-05-09,2022,05,1.18481659,NRSC VIC MODEL
Uttarakhand,Pithoragarh,2022-05-18,2022,05,0.727071148,NRSC VIC MODEL
Uttarakhand,Pithoragarh,2022-05-25,2022,05,1.525409713,NRSC VIC MODEL
Uttarakhand,Pithoragarh,2022-05-31,2022,05,0.905553939,NRSC VIC MODEL
Uttarakhand,Pithoragarh,2022-06-05,2022,06,0,NRSC VIC MODEL
Uttarakhand,Pithoragarh,2022-06-07,2022,06,0.032158435,NRSC VIC MODEL
Uttarakhand,Pithoragarh,2022-06-12,2022,06,4.538138799,NRSC VIC MODEL
Uttarakhand,Pithoragarh,2022-06-16,2022,06,4.353374411,NRSC VIC MODEL
Uttarakhand,Pithoragarh,2022-06-19,2022,06,1.502200603,NRSC VIC MODEL
Uttarakhand,Pithoragarh,2022-06-20,2022,06,6.605696219,NRSC VIC MODEL
Uttarakhand,Pithoragarh,2022-06-23,2022,06,0.200093412,NRSC VIC MODEL
Uttarakhand,Pithoragarh,2022-06-25,2022,06,3.077879258,NRSC VIC MODEL
Uttarakhand,Pithoragarh,2022-07-02,2022,07,6.576452136,NRSC VIC MODEL
Uttarakhand,Pithoragarh,2022-07-11,2022,07,1.169467363,NRSC VIC MODEL
Uttarakhand,Pithoragarh,2022-07-20,2022,07,32.4770822,NRSC VIC MODEL
Uttarakhand,Pithoragarh,2022-08-09,2022,08,7.847183538,NRSC VIC MODEL
Uttarakhand,Pithoragarh,2022-08-11,2022,08,23.4698293864,NRSC VIC MODEL
Uttarakhand,Pithoragarh,2022-08-25,2022,08,2.7302967846,NRSC VIC MODEL
Uttarakhand,Pithoragarh,2022-08-27,2022,08,11.9096828882,NRSC VIC MODEL
Uttarakhand,Pithoragarh,2022-08-31,2022,08,4.0989537844,NRSC VIC MODEL
Uttarakhand,Pithoragarh,2022-09-01,2022,09,10.1431915596,NRSC VIC MODEL
Uttarakhand,Pithoragarh,2022-09-09,2022,09,0.5211312706,NRSC VIC MODEL
Uttarakhand,Pithoragarh,2022-09-10,2022,09,3.058067378,NRSC VIC MODEL
Uttarakhand,Pithoragarh,2022-09-22,2022,09,3.0915730393,NRSC VIC MODEL
Uttarakhand,Pithoragarh,2022-10-07,2022,10,7.5862666545,NRSC VIC MODEL
Uttarakhand,Pithoragarh,2022-10-27,2022,10,0.0016307481,NRSC VIC MODEL
Uttarakhand,Pithoragarh,2022-10-28,2022,10,0.0018592791,NRSC VIC MODEL
Uttarakhand,Pithoragarh,2022-11-03,2022,11,7.54189e-05,NRSC VIC MODEL
Uttarakhand,Pithoragarh,2022-11-08,2022,11,0,NRSC VIC MODEL
Uttarakhand,Pithoragarh,2022-11-13,2022,11,0,NRSC VIC MODEL
Uttarakhand,Pithoragarh,2022-11-20,2022,11,0.0850620692,NRSC VIC MODEL
Uttarakhand,Pithoragarh,2022-11-26,2022,11,0.0005670587,NRSC VIC MODEL
Uttarakhand,Pithoragarh,2022-11-28,2022,11,0.0079259629,NRSC VIC MODEL
Uttarakhand,Pithoragarh,2022-11-29,2022,11,0,NRSC VIC MODEL
Uttarakhand,Pithoragarh,2022-12-03,2022,12,0.2090576425,NRSC VIC MODEL
Uttarakhand,Pithoragarh,2022-12-05,2022,12,0.0090124171,NRSC VIC MODEL
Uttarakhand,Pithoragarh,2022-12-13,2022,12,0,NRSC VIC MODEL
Uttarakhand,Pithoragarh,2022-12-14,2022,12,0.0004018216,NRSC VIC MODEL
Uttarakhand,Pithoragarh,2022-12-18,2022,12,0,NRSC VIC MODEL
Uttarakhand,Pithoragarh,2022-12-19,2022,12,0,NRSC VIC MODEL
Uttarakhand,Pithoragarh,2022-12-28,2022,12,0,NRSC VIC MODEL
Uttarakhand,Pithoragarh,2022-12-29,2022,12,0,NRSC VIC MODEL
Uttarakhand,Rudra Prayag,2022-02-06,2022,02,0.94793829,NRSC VIC MODEL
Uttarakhand,Rudra Prayag,2022-02-11,2022,02,0.15516146,NRSC VIC MODEL
Uttarakhand,Rudra Prayag,2022-02-22,2022,02,3.193269418,NRSC VIC MODEL
Uttarakhand,Rudra Prayag,2022-03-01,2022,03,0.315569021,NRSC VIC MODEL
Uttarakhand,Rudra Prayag,2022-03-03,2022,03,4.01e-05,NRSC VIC MODEL
Uttarakhand,Rudra Prayag,2022-03-05,2022,03,0.047937584,NRSC VIC MODEL
Uttarakhand,Rudra Prayag,2022-03-18,2022,03,1.34e-05,NRSC VIC MODEL
Uttarakhand,Rudra Prayag,2022-03-27,2022,03,2.77e-06,NRSC VIC MODEL
Uttarakhand,Rudra Prayag,2022-04-05,2022,04,0,NRSC VIC MODEL
Uttarakhand,Rudra Prayag,2022-04-07,2022,04,0,NRSC VIC MODEL
Uttarakhand,Rudra Prayag,2022-04-11,2022,04,0.006536166,NRSC VIC MODEL
Uttarakhand,Rudra Prayag,2022-04-14,2022,04,0.64183645,NRSC VIC MODEL
Uttarakhand,Rudra Prayag,2022-04-20,2022,04,1.127873673,NRSC VIC MODEL
Uttarakhand,Rudra Prayag,2022-04-25,2022,04,2.77e-06,NRSC VIC MODEL
Uttarakhand,Rudra Prayag,2022-05-04,2022,05,3.352830596,NRSC VIC MODEL
Uttarakhand,Rudra Prayag,2022-05-14,2022,05,0.836744741,NRSC VIC MODEL
Uttarakhand,Rudra Prayag,2022-05-19,2022,05,1.369415973,NRSC VIC MODEL
Uttarakhand,Rudra Prayag,2022-05-20,2022,05,0.070238807,NRSC VIC MODEL
Uttarakhand,Rudra Prayag,2022-05-23,2022,05,6.668426921,NRSC VIC MODEL
Uttarakhand,Rudra Prayag,2022-05-24,2022,05,7.400152909,NRSC VIC MODEL
Uttarakhand,Rudra Prayag,2022-05-30,2022,05,1.794502782,NRSC VIC MODEL
Uttarakhand,Rudra Prayag,2022-05-31,2022,05,0.842432811,NRSC VIC MODEL
Uttarakhand,Rudra Prayag,2022-06-01,2022,06,0,NRSC VIC MODEL
Uttarakhand,Rudra Prayag,2022-06-05,2022,06,0,NRSC VIC MODEL
Uttarakhand,Rudra Prayag,2022-06-08,2022,06,0.00762274,NRSC VIC MODEL
Uttarakhand,Rudra Prayag,2022-06-19,2022,06,5.878252571,NRSC VIC MODEL
Uttarakhand,Rudra Prayag,2022-06-24,2022,06,0.132552258,NRSC VIC MODEL
Uttarakhand,Rudra Prayag,2022-06-25,2022,06,0.183086734,NRSC VIC MODEL
Uttarakhand,Rudra Prayag,2022-06-29,2022,06,2.975805239,NRSC VIC MODEL
Uttarakhand,Rudra Prayag,2022-06-30,2022,06,36.08438707,NRSC VIC MODEL
Uttarakhand,Rudra Prayag,2022-07-01,2022,07,7.630287839,NRSC VIC MODEL
Uttarakhand,Rudra Prayag,2022-07-08,2022,07,0.539814434,NRSC VIC MODEL
Uttarakhand,Rudra Prayag,2022-07-15,2022,07,4.171122616,NRSC VIC MODEL
Uttarakhand,Rudra Prayag,2022-07-19,2022,07,12.01796667,NRSC VIC MODEL
Uttarakhand,Rudra Prayag,2022-07-20,2022,07,19.26866373,NRSC VIC MODEL
Uttarakhand,Rudra Prayag,2022-07-21,2022,07,5.822512568,NRSC VIC MODEL
Uttarakhand,Rudra Prayag,2022-07-24,2022,07,21.80838056,NRSC VIC MODEL
Uttarakhand,Rudra Prayag,2022-07-25,2022,07,10.15298241,NRSC VIC MODEL
Uttarakhand,Rudra Prayag,2022-07-27,2022,07,19.61914634,NRSC VIC MODEL
Uttarakhand,Rudra Prayag,2022-07-31,2022,07,11.4136067,NRSC VIC MODEL
Uttarakhand,Rudra Prayag,2022-08-04,2022,08,21.1305817002,NRSC VIC MODEL
Uttarakhand,Rudra Prayag,2022-08-13,2022,08,0.4505410434,NRSC VIC MODEL
Uttarakhand,Rudra Prayag,2022-04-04,2022,04,0,NRSC VIC MODEL
Uttarakhand,Rudra Prayag,2022-04-12,2022,04,0,NRSC VIC MODEL
Uttarakhand,Rudra Prayag,2022-04-18,2022,04,0.073668901,NRSC VIC MODEL
Uttarakhand,Rudra Prayag,2022-05-05,2022,05,0.092250591,NRSC VIC MODEL
Uttarakhand,Rudra Prayag,2022-08-18,2022,08,2.1762593444,NRSC VIC MODEL
Uttarakhand,Rudra Prayag,2022-08-20,2022,08,13.5100315183,NRSC VIC MODEL
Uttarakhand,Rudra Prayag,2022-08-29,2022,08,10.4860684824,NRSC VIC MODEL
Uttarakhand,Rudra Prayag,2022-09-03,2022,09,1.9754068839,NRSC VIC MODEL
Uttarakhand,Rudra Prayag,2022-09-09,2022,09,0.0001134741,NRSC VIC MODEL
Uttarakhand,Rudra Prayag,2022-09-10,2022,09,35.4517803743,NRSC VIC MODEL
Uttarakhand,Rudra Prayag,2022-09-11,2022,09,8.8609246187,NRSC VIC MODEL
Uttarakhand,Rudra Prayag,2022-09-12,2022,09,10.7663755287,NRSC VIC MODEL
Uttarakhand,Rudra Prayag,2022-09-13,2022,09,0.1954715266,NRSC VIC MODEL
Uttarakhand,Rudra Prayag,2022-09-16,2022,09,29.1074197053,NRSC VIC MODEL
Uttarakhand,Rudra Prayag,2022-09-19,2022,09,3.6969029652,NRSC VIC MODEL
Uttarakhand,Rudra Prayag,2022-09-20,2022,09,7.7335716502,NRSC VIC MODEL
Uttarakhand,Rudra Prayag,2022-09-21,2022,09,0.5829492059,NRSC VIC MODEL
Uttarakhand,Rudra Prayag,2022-09-23,2022,09,3.1083570067,NRSC VIC MODEL
Uttarakhand,Rudra Prayag,2022-09-24,2022,09,3.5634190347,NRSC VIC MODEL
Uttarakhand,Rudra Prayag,2022-10-05,2022,10,0.6118940012,NRSC VIC MODEL
Uttarakhand,Rudra Prayag,2022-10-07,2022,10,2.1503338368,NRSC VIC MODEL
Uttarakhand,Rudra Prayag,2022-10-18,2022,10,1.7626143731,NRSC VIC MODEL
Uttarakhand,Rudra Prayag,2022-10-21,2022,10,0.765949608,NRSC VIC MODEL
Uttarakhand,Rudra Prayag,2022-11-02,2022,11,13.1430699429,NRSC VIC MODEL
Uttarakhand,Rudra Prayag,2022-11-04,2022,11,0.6167904129,NRSC VIC MODEL
Uttarakhand,Rudra Prayag,2022-11-05,2022,11,0,NRSC VIC MODEL
Uttarakhand,Rudra Prayag,2022-11-09,2022,11,1.0169538535,NRSC VIC MODEL
Uttarakhand,Rudra Prayag,2022-11-13,2022,11,0,NRSC VIC MODEL
Uttarakhand,Rudra Prayag,2022-11-14,2022,11,0.3204879703,NRSC VIC MODEL
Uttarakhand,Rudra Prayag,2022-11-20,2022,11,0.0170759834,NRSC VIC MODEL
Uttarakhand,Rudra Prayag,2022-11-26,2022,11,5.67371e-05,NRSC VIC MODEL
Uttarakhand,Rudra Prayag,2022-11-29,2022,11,0.0007871175,NRSC VIC MODEL
Uttarakhand,Rudra Prayag,2022-11-30,2022,11,0.0014918317,NRSC VIC MODEL
Uttarakhand,Rudra Prayag,2022-12-10,2022,12,0.1005338355,NRSC VIC MODEL
Uttarakhand,Rudra Prayag,2022-12-17,2022,12,0,NRSC VIC MODEL
Uttarakhand,Rudra Prayag,2022-12-19,2022,12,0,NRSC VIC MODEL
Uttarakhand,Rudra Prayag,2022-12-24,2022,12,0,NRSC VIC MODEL
Uttarakhand,Tehri Garhwal,2022-01-04,2022,01,0,NRSC VIC MODEL
Uttarakhand,Tehri Garhwal,2022-01-10,2022,01,18.1113497,NRSC VIC MODEL
Uttarakhand,Tehri Garhwal,2022-01-16,2022,01,0.470083262,NRSC VIC MODEL
Uttarakhand,Tehri Garhwal,2022-01-21,2022,01,1.68650134,NRSC VIC MODEL
Uttarakhand,Tehri Garhwal,2022-01-30,2022,01,0,NRSC VIC MODEL
Uttarakhand,Tehri Garhwal,2022-01-31,2022,01,0,NRSC VIC MODEL
Uttarakhand,Tehri Garhwal,2022-02-01,2022,02,0,NRSC VIC MODEL
Uttarakhand,Tehri Garhwal,2022-02-10,2022,02,2.226657137,NRSC VIC MODEL
Uttarakhand,Tehri Garhwal,2022-02-14,2022,02,0.002410893,NRSC VIC MODEL
Uttarakhand,Tehri Garhwal,2022-02-17,2022,02,0.115498117,NRSC VIC MODEL
Uttarakhand,Tehri Garhwal,2022-02-19,2022,02,0.069466407,NRSC VIC MODEL
Uttarakhand,Tehri Garhwal,2022-02-23,2022,02,4.422551551,NRSC VIC MODEL
Uttarakhand,Tehri Garhwal,2022-02-24,2022,02,7.033432833,NRSC VIC MODEL
Uttarakhand,Tehri Garhwal,2022-03-02,2022,03,2.720951484,NRSC VIC MODEL
Uttarakhand,Tehri Garhwal,2022-03-04,2022,03,1.36e-05,NRSC VIC MODEL
Uttarakhand,Tehri Garhwal,2022-03-05,2022,03,0.517586025,NRSC VIC MODEL
Uttarakhand,Tehri Garhwal,2022-03-11,2022,03,0.000708285,NRSC VIC MODEL
Uttarakhand,Tehri Garhwal,2022-03-12,2022,03,0,NRSC VIC MODEL
Uttarakhand,Tehri Garhwal,2022-03-17,2022,03,0.006204304,NRSC VIC MODEL
Uttarakhand,Tehri Garhwal,2022-03-21,2022,03,0.027234918,NRSC VIC MODEL
Uttarakhand,Tehri Garhwal,2022-04-01,2022,04,0.0496087,NRSC VIC MODEL
Uttarakhand,Tehri Garhwal,2022-04-06,2022,04,0,NRSC VIC MODEL
Uttarakhand,Tehri Garhwal,2022-04-08,2022,04,0,NRSC VIC MODEL
Uttarakhand,Tehri Garhwal,2022-04-20,2022,04,0.16447436,NRSC VIC MODEL
Uttarakhand,Tehri Garhwal,2022-04-27,2022,04,0,NRSC VIC MODEL
Uttarakhand,Tehri Garhwal,2022-04-29,2022,04,0.027610737,NRSC VIC MODEL
Uttarakhand,Tehri Garhwal,2022-05-04,2022,05,4.050869669,NRSC VIC MODEL
Uttarakhand,Tehri Garhwal,2022-05-14,2022,05,0.133193491,NRSC VIC MODEL
Uttarakhand,Tehri Garhwal,2022-05-19,2022,05,3.096195594,NRSC VIC MODEL
Uttarakhand,Tehri Garhwal,2022-05-24,2022,05,6.889625425,NRSC VIC MODEL
Uttarakhand,Tehri Garhwal,2022-06-06,2022,06,0,NRSC VIC MODEL
Uttarakhand,Tehri Garhwal,2022-06-15,2022,06,1.671031709,NRSC VIC MODEL
Uttarakhand,Tehri Garhwal,2022-06-17,2022,06,1.17141679,NRSC VIC MODEL
Uttarakhand,Tehri Garhwal,2022-06-18,2022,06,6.804798926,NRSC VIC MODEL
Uttarakhand,Tehri Garhwal,2022-06-20,2022,06,4.232378399,NRSC VIC MODEL
Uttarakhand,Tehri Garhwal,2022-06-21,2022,06,1.988497369,NRSC VIC MODEL
Uttarakhand,Tehri Garhwal,2022-06-28,2022,06,9.474722935,NRSC VIC MODEL
Uttarakhand,Tehri Garhwal,2022-07-04,2022,07,19.08555516,NRSC VIC MODEL
Uttarakhand,Tehri Garhwal,2022-07-14,2022,07,6.703285183,NRSC VIC MODEL
Uttarakhand,Tehri Garhwal,2022-07-17,2022,07,11.1199372,NRSC VIC MODEL
Uttarakhand,Tehri Garhwal,2022-07-18,2022,07,2.197527748,NRSC VIC MODEL
Uttarakhand,Tehri Garhwal,2022-07-21,2022,07,9.403471179,NRSC VIC MODEL
Uttarakhand,Tehri Garhwal,2022-07-29,2022,07,12.84115358,NRSC VIC MODEL
Uttarakhand,Tehri Garhwal,2022-08-04,2022,08,19.3906172973,NRSC VIC MODEL
Uttarakhand,Tehri Garhwal,2022-08-08,2022,08,2.0567289006,NRSC VIC MODEL
Uttarakhand,Tehri Garhwal,2022-08-11,2022,08,45.6396538976,NRSC VIC MODEL
Uttarakhand,Tehri Garhwal,2022-08-13,2022,08,0.0269270158,NRSC VIC MODEL
Uttarakhand,Tehri Garhwal,2022-08-14,2022,08,0.5790287058,NRSC VIC MODEL
Uttarakhand,Tehri Garhwal,2022-08-21,2022,08,4.3546576346,NRSC VIC MODEL
Uttarakhand,Tehri Garhwal,2022-08-25,2022,08,8.7347790679,NRSC VIC MODEL
Uttarakhand,Tehri Garhwal,2022-08-26,2022,08,0.0546029918,NRSC VIC MODEL
Uttarakhand,Tehri Garhwal,2022-08-30,2022,08,4.1882153204,NRSC VIC MODEL
Uttarakhand,Tehri Garhwal,2022-09-01,2022,09,1.3753753746,NRSC VIC MODEL
Uttarakhand,Tehri Garhwal,2022-09-02,2022,09,6.7653104327,NRSC VIC MODEL
Uttarakhand,Tehri Garhwal,2022-09-20,2022,09,4.8235895397,NRSC VIC MODEL
Uttarakhand,Tehri Garhwal,2022-10-08,2022,10,2.0851369311,NRSC VIC MODEL
Uttarakhand,Tehri Garhwal,2022-10-13,2022,10,2.7688771347,NRSC VIC MODEL
Uttarakhand,Tehri Garhwal,2022-10-16,2022,10,0.1872181833,NRSC VIC MODEL
Uttarakhand,Tehri Garhwal,2022-10-18,2022,10,3.04479e-05,NRSC VIC MODEL
Uttarakhand,Tehri Garhwal,2022-10-20,2022,10,0.0456222663,NRSC VIC MODEL
Uttarakhand,Tehri Garhwal,2022-10-23,2022,10,0.1749247867,NRSC VIC MODEL
Uttarakhand,Tehri Garhwal,2022-10-31,2022,10,0.0015749543,NRSC VIC MODEL
Uttarakhand,Tehri Garhwal,2022-11-01,2022,11,0.0071485787,NRSC VIC MODEL
Uttarakhand,Tehri Garhwal,2022-11-05,2022,11,0,NRSC VIC MODEL
Uttarakhand,Tehri Garhwal,2022-11-12,2022,11,0.004704919,NRSC VIC MODEL
Uttarakhand,Tehri Garhwal,2022-11-14,2022,11,0.0956409958,NRSC VIC MODEL
Uttarakhand,Tehri Garhwal,2022-11-18,2022,11,0,NRSC VIC MODEL
Uttarakhand,Tehri Garhwal,2022-11-23,2022,11,0.0309676993,NRSC VIC MODEL
Uttarakhand,Tehri Garhwal,2022-12-03,2022,12,0.2853445469,NRSC VIC MODEL
Uttarakhand,Tehri Garhwal,2022-12-08,2022,12,0,NRSC VIC MODEL
Uttarakhand,Tehri Garhwal,2022-12-11,2022,12,0,NRSC VIC MODEL
Uttarakhand,Tehri Garhwal,2022-12-14,2022,12,0,NRSC VIC MODEL
Uttarakhand,Tehri Garhwal,2022-12-17,2022,12,0,NRSC VIC MODEL
Uttarakhand,Tehri Garhwal,2022-12-18,2022,12,0,NRSC VIC MODEL
Uttarakhand,Tehri Garhwal,2022-12-23,2022,12,0,NRSC VIC MODEL
Uttarakhand,Almora,2022-01-07,2022,01,0.115065189,NRSC VIC MODEL
Uttarakhand,Almora,2022-01-09,2022,01,29.6353917,NRSC VIC MODEL
Uttarakhand,Almora,2022-01-10,2022,01,20.83219696,NRSC VIC MODEL
Uttarakhand,Almora,2022-01-12,2022,01,2.747869963,NRSC VIC MODEL
Uttarakhand,Almora,2022-01-13,2022,01,0.059877557,NRSC VIC MODEL
Uttarakhand,Almora,2022-01-15,2022,01,0,NRSC VIC MODEL
Uttarakhand,Almora,2022-01-17,2022,01,0,NRSC VIC MODEL
Uttarakhand,Almora,2022-01-19,2022,01,6.82e-05,NRSC VIC MODEL
Uttarakhand,Almora,2022-01-22,2022,01,13.12957423,NRSC VIC MODEL
Uttarakhand,Almora,2022-01-28,2022,01,0.009089928,NRSC VIC MODEL
Uttarakhand,Almora,2022-02-03,2022,02,2.160998272,NRSC VIC MODEL
Uttarakhand,Almora,2022-02-08,2022,02,0,NRSC VIC MODEL
Uttarakhand,Almora,2022-02-17,2022,02,0.00241318,NRSC VIC MODEL
Uttarakhand,Almora,2022-02-19,2022,02,0,NRSC VIC MODEL
Uttarakhand,Almora,2022-02-21,2022,02,0.623649233,NRSC VIC MODEL
Uttarakhand,Almora,2022-03-08,2022,03,0.000324031,NRSC VIC MODEL
Uttarakhand,Almora,2022-03-25,2022,03,0.000310454,NRSC VIC MODEL
Uttarakhand,Almora,2022-03-27,2022,03,0,NRSC VIC MODEL
Uttarakhand,Almora,2022-04-07,2022,04,0,NRSC VIC MODEL
Uttarakhand,Almora,2022-04-08,2022,04,0,NRSC VIC MODEL
Uttarakhand,Almora,2022-04-10,2022,04,0.005197806,NRSC VIC MODEL
Uttarakhand,Almora,2022-04-12,2022,04,0.000177402,NRSC VIC MODEL
Uttarakhand,Almora,2022-04-15,2022,04,1.241348555,NRSC VIC MODEL
Uttarakhand,Almora,2022-04-19,2022,04,8.87e-05,NRSC VIC MODEL
Uttarakhand,Almora,2022-04-22,2022,04,0.012692109,NRSC VIC MODEL
Uttarakhand,Almora,2022-05-03,2022,05,0.029977373,NRSC VIC MODEL
Uttarakhand,Almora,2022-05-11,2022,05,5.165811478,NRSC VIC MODEL
Uttarakhand,Almora,2022-05-12,2022,05,1.370654005,NRSC VIC MODEL
Uttarakhand,Almora,2022-05-15,2022,05,0.074730706,NRSC VIC MODEL
Uttarakhand,Almora,2022-05-19,2022,05,1.442823684,NRSC VIC MODEL
Uttarakhand,Almora,2022-05-22,2022,05,1.413390507,NRSC VIC MODEL
Uttarakhand,Almora,2022-05-24,2022,05,10.60320653,NRSC VIC MODEL
Uttarakhand,Almora,2022-05-28,2022,05,0.512015396,NRSC VIC MODEL
Uttarakhand,Almora,2022-06-01,2022,06,0,NRSC VIC MODEL
Uttarakhand,Almora,2022-06-15,2022,06,0.0861253,NRSC VIC MODEL
Uttarakhand,Almora,2022-06-19,2022,06,1.386270186,NRSC VIC MODEL
Uttarakhand,Almora,2022-06-27,2022,06,15.60160164,NRSC VIC MODEL
Uttarakhand,Almora,2022-07-06,2022,07,4.227707803,NRSC VIC MODEL
Uttarakhand,Almora,2022-07-07,2022,07,9.810799799,NRSC VIC MODEL
Uttarakhand,Almora,2022-07-09,2022,07,16.59248343,NRSC VIC MODEL
Uttarakhand,Almora,2022-07-12,2022,07,11.22959045,NRSC VIC MODEL
Uttarakhand,Almora,2022-07-14,2022,07,8.37696846,NRSC VIC MODEL
Uttarakhand,Almora,2022-07-15,2022,07,29.58924994,NRSC VIC MODEL
Uttarakhand,Almora,2022-07-18,2022,07,0.766978563,NRSC VIC MODEL
Uttarakhand,Almora,2022-07-19,2022,07,10.73464403,NRSC VIC MODEL
Uttarakhand,Almora,2022-07-20,2022,07,12.12836749,NRSC VIC MODEL
Uttarakhand,Almora,2022-07-25,2022,07,13.10088254,NRSC VIC MODEL
Uttarakhand,Almora,2022-08-01,2022,08,12.0129169757,NRSC VIC MODEL
Uttarakhand,Almora,2022-08-04,2022,08,0.7574740416,NRSC VIC MODEL
Uttarakhand,Almora,2022-08-05,2022,08,5.1404744645,NRSC VIC MODEL
Uttarakhand,Almora,2022-08-27,2022,08,0.0610662464,NRSC VIC MODEL
Uttarakhand,Almora,2022-09-01,2022,09,1.1040681062,NRSC VIC MODEL
Uttarakhand,Almora,2022-09-02,2022,09,11.4030975632,NRSC VIC MODEL
Uttarakhand,Almora,2022-09-03,2022,09,0.273751,NRSC VIC MODEL
Uttarakhand,Almora,2022-09-04,2022,09,0.8243110071,NRSC VIC MODEL
Uttarakhand,Almora,2022-09-06,2022,09,7.6086126216,NRSC VIC MODEL
Uttarakhand,Almora,2022-09-08,2022,09,0.0799244208,NRSC VIC MODEL
Uttarakhand,Almora,2022-09-11,2022,09,2.0738096335,NRSC VIC MODEL
Uttarakhand,Almora,2022-09-18,2022,09,7.6732095534,NRSC VIC MODEL
Uttarakhand,Almora,2022-09-25,2022,09,30.0384647827,NRSC VIC MODEL
Uttarakhand,Almora,2022-09-28,2022,09,0.0003549063,NRSC VIC MODEL
Uttarakhand,Almora,2022-09-29,2022,09,0.4667879759,NRSC VIC MODEL
Uttarakhand,Almora,2022-10-02,2022,10,2.137526355,NRSC VIC MODEL
Uttarakhand,Almora,2022-10-11,2022,10,31.5271524744,NRSC VIC MODEL
Uttarakhand,Almora,2022-10-28,2022,10,0.8243319384,NRSC VIC MODEL
Uttarakhand,Almora,2022-11-02,2022,11,0.0294080642,NRSC VIC MODEL
Uttarakhand,Almora,2022-11-14,2022,11,4.43633e-05,NRSC VIC MODEL
Uttarakhand,Almora,2022-11-19,2022,11,0,NRSC VIC MODEL
Uttarakhand,Almora,2022-11-28,2022,11,0.0019242298,NRSC VIC MODEL
Uttarakhand,Almora,2022-12-01,2022,12,0.0474497816,NRSC VIC MODEL
Uttarakhand,Almora,2022-12-02,2022,12,0,NRSC VIC MODEL
Uttarakhand,Almora,2022-12-14,2022,12,0,NRSC VIC MODEL
Uttarakhand,Almora,2022-12-27,2022,12,0,NRSC VIC MODEL
Uttarakhand,Almora,2022-12-28,2022,12,0,NRSC VIC MODEL
Uttarakhand,Almora,2022-12-30,2022,12,0.0744235217,NRSC VIC MODEL
Uttarakhand,Bageshwar,2022-01-01,2022,01,0,NRSC VIC MODEL
Uttarakhand,Bageshwar,2022-01-03,2022,01,0,NRSC VIC MODEL
Uttarakhand,Bageshwar,2022-01-04,2022,01,0,NRSC VIC MODEL
Uttarakhand,Bageshwar,2022-01-05,2022,01,4.818013742,NRSC VIC MODEL
Uttarakhand,Bageshwar,2022-01-11,2022,01,12.26211654,NRSC VIC MODEL
Uttarakhand,Bageshwar,2022-01-12,2022,01,0.224535184,NRSC VIC MODEL
Uttarakhand,Bageshwar,2022-01-16,2022,01,1.129686288,NRSC VIC MODEL
Uttarakhand,Bageshwar,2022-01-18,2022,01,0.151033976,NRSC VIC MODEL
Uttarakhand,Bageshwar,2022-01-19,2022,01,0.134177986,NRSC VIC MODEL
Uttarakhand,Bageshwar,2022-01-24,2022,01,4.816841359,NRSC VIC MODEL
Uttarakhand,Bageshwar,2022-01-29,2022,01,0,NRSC VIC MODEL
Uttarakhand,Bageshwar,2022-02-13,2022,02,0,NRSC VIC MODEL
Uttarakhand,Bageshwar,2022-02-17,2022,02,0.26846364,NRSC VIC MODEL
Uttarakhand,Bageshwar,2022-02-25,2022,02,0.85936837,NRSC VIC MODEL
Uttarakhand,Bageshwar,2022-03-04,2022,03,0.012393758,NRSC VIC MODEL
Uttarakhand,Bageshwar,2022-03-10,2022,03,0,NRSC VIC MODEL
Uttarakhand,Bageshwar,2022-03-15,2022,03,1.153576573,NRSC VIC MODEL
Uttarakhand,Bageshwar,2022-03-16,2022,03,2.626304387,NRSC VIC MODEL
Uttarakhand,Bageshwar,2022-03-18,2022,03,0.655146508,NRSC VIC MODEL
Uttarakhand,Bageshwar,2022-03-31,2022,03,0,NRSC VIC MODEL
Uttarakhand,Bageshwar,2022-04-04,2022,04,0,NRSC VIC MODEL
Uttarakhand,Bageshwar,2022-04-11,2022,04,0.898304265,NRSC VIC MODEL
Uttarakhand,Bageshwar,2022-04-23,2022,04,0.461334184,NRSC VIC MODEL
Uttarakhand,Champawat,2022-07-12,2022,07,7.880563257,NRSC VIC MODEL
Uttarakhand,Champawat,2022-07-14,2022,07,2.526621301,NRSC VIC MODEL
Uttarakhand,Champawat,2022-07-20,2022,07,14.58117452,NRSC VIC MODEL
Uttarakhand,Champawat,2022-07-23,2022,07,2.992618192,NRSC VIC MODEL
Uttarakhand,Champawat,2022-08-04,2022,08,4.7664830892,NRSC VIC MODEL
Uttarakhand,Champawat,2022-08-05,2022,08,3.3874857098,NRSC VIC MODEL
Uttarakhand,Champawat,2022-08-07,2022,08,2.9312746098,NRSC VIC MODEL
Uttarakhand,Champawat,2022-08-13,2022,08,0,NRSC VIC MODEL
Uttarakhand,Champawat,2022-08-22,2022,08,13.6406917464,NRSC VIC MODEL
Uttarakhand,Champawat,2022-08-30,2022,08,1.1040852463,NRSC VIC MODEL
Uttarakhand,Champawat,2022-09-09,2022,09,1.1064135933,NRSC VIC MODEL
Uttarakhand,Champawat,2022-09-10,2022,09,3.4507269029,NRSC VIC MODEL
Uttarakhand,Champawat,2022-09-16,2022,09,10.1117008426,NRSC VIC MODEL
Uttarakhand,Champawat,2022-09-20,2022,09,0.2432521915,NRSC VIC MODEL
Uttarakhand,Champawat,2022-09-25,2022,09,49.6844435401,NRSC VIC MODEL
Uttarakhand,Champawat,2022-09-30,2022,09,0,NRSC VIC MODEL
Uttarakhand,Champawat,2022-10-01,2022,10,0.6505845155,NRSC VIC MODEL
Uttarakhand,Champawat,2022-10-18,2022,10,0,NRSC VIC MODEL
Uttarakhand,Champawat,2022-10-20,2022,10,0,NRSC VIC MODEL
Uttarakhand,Champawat,2022-10-28,2022,10,0,NRSC VIC MODEL
Uttarakhand,Champawat,2022-10-29,2022,10,0,NRSC VIC MODEL
Uttarakhand,Champawat,2022-11-01,2022,11,0,NRSC VIC MODEL
Uttarakhand,Champawat,2022-11-02,2022,11,0.0042379898,NRSC VIC MODEL
Uttarakhand,Champawat,2022-11-05,2022,11,0,NRSC VIC MODEL
Uttarakhand,Champawat,2022-11-11,2022,11,0.3798325961,NRSC VIC MODEL
Uttarakhand,Champawat,2022-11-19,2022,11,0,NRSC VIC MODEL
Uttarakhand,Champawat,2022-11-22,2022,11,0,NRSC VIC MODEL
Uttarakhand,Champawat,2022-11-27,2022,11,0.0001165057,NRSC VIC MODEL
Uttarakhand,Champawat,2022-11-28,2022,11,0,NRSC VIC MODEL
Uttarakhand,Champawat,2022-11-29,2022,11,0,NRSC VIC MODEL
Uttarakhand,Champawat,2022-12-05,2022,12,0.0003495171,NRSC VIC MODEL
Uttarakhand,Champawat,2022-12-09,2022,12,0,NRSC VIC MODEL
Uttarakhand,Champawat,2022-12-10,2022,12,0.0005825285,NRSC VIC MODEL
Uttarakhand,Champawat,2022-12-17,2022,12,0,NRSC VIC MODEL
Uttarakhand,Champawat,2022-12-23,2022,12,0,NRSC VIC MODEL
Uttarakhand,Champawat,2022-12-25,2022,12,0,NRSC VIC MODEL
Uttarakhand,Champawat,2022-12-26,2022,12,0,NRSC VIC MODEL
Uttarakhand,Champawat,2022-12-29,2022,12,0,NRSC VIC MODEL
Uttarakhand,Champawat,2022-12-31,2022,12,0,NRSC VIC MODEL
Uttarakhand,Dehradun,2022-01-14,2022,01,0.011161981,NRSC VIC MODEL
Uttarakhand,Dehradun,2022-01-17,2022,01,0,NRSC VIC MODEL
Uttarakhand,Dehradun,2022-01-19,2022,01,0.00455924,NRSC VIC MODEL
Uttarakhand,Dehradun,2022-01-23,2022,01,20.3757932,NRSC VIC MODEL
Uttarakhand,Dehradun,2022-01-25,2022,01,1.09612373,NRSC VIC MODEL
Uttarakhand,Dehradun,2022-02-28,2022,02,0.002884943,NRSC VIC MODEL
Uttarakhand,Dehradun,2022-03-06,2022,03,0,NRSC VIC MODEL
Uttarakhand,Dehradun,2022-03-11,2022,03,0,NRSC VIC MODEL
Uttarakhand,Dehradun,2022-03-29,2022,03,0,NRSC VIC MODEL
Uttarakhand,Dehradun,2022-04-07,2022,04,0,NRSC VIC MODEL
Uttarakhand,Dehradun,2022-04-09,2022,04,0,NRSC VIC MODEL
Uttarakhand,Dehradun,2022-04-12,2022,04,0,NRSC VIC MODEL
Uttarakhand,Dehradun,2022-04-13,2022,04,0,NRSC VIC MODEL
Uttarakhand,Dehradun,2022-04-21,2022,04,0,NRSC VIC MODEL
Uttarakhand,Dehradun,2022-04-23,2022,04,0.445118089,NRSC VIC MODEL
Uttarakhand,Dehradun,2022-04-26,2022,04,0.130775544,NRSC VIC MODEL
Uttarakhand,Dehradun,2022-05-03,2022,05,0,NRSC VIC MODEL
Uttarakhand,Dehradun,2022-05-05,2022,05,3.451901273,NRSC VIC MODEL
Uttarakhand,Dehradun,2022-05-09,2022,05,0.002497519,NRSC VIC MODEL
Uttarakhand,Dehradun,2022-05-10,2022,05,0.895901975,NRSC VIC MODEL
Uttarakhand,Dehradun,2022-05-11,2022,05,1.735240488,NRSC VIC MODEL
Uttarakhand,Dehradun,2022-05-21,2022,05,2.432858781,NRSC VIC MODEL
Uttarakhand,Dehradun,2022-05-24,2022,05,7.283911958,NRSC VIC MODEL
Uttarakhand,Dehradun,2022-05-29,2022,05,2.777326442,NRSC VIC MODEL
Uttarakhand,Dehradun,2022-06-23,2022,06,0.05329507,NRSC VIC MODEL
Uttarakhand,Dehradun,2022-06-25,2022,06,0.045513817,NRSC VIC MODEL
Uttarakhand,Dehradun,2022-07-14,2022,07,7.707646782,NRSC VIC MODEL
Uttarakhand,Dehradun,2022-07-21,2022,07,9.094885134,NRSC VIC MODEL
Uttarakhand,Dehradun,2022-07-23,2022,07,12.16322029,NRSC VIC MODEL
Uttarakhand,Dehradun,2022-07-25,2022,07,13.02889541,NRSC VIC MODEL
Uttarakhand,Dehradun,2022-07-26,2022,07,15.20526165,NRSC VIC MODEL
Uttarakhand,Dehradun,2022-07-27,2022,07,6.850298294,NRSC VIC MODEL
Uttarakhand,Dehradun,2022-08-08,2022,08,2.7509957624,NRSC VIC MODEL
Uttarakhand,Dehradun,2022-08-10,2022,08,0.5800678354,NRSC VIC MODEL
Uttarakhand,Dehradun,2022-08-13,2022,08,8.7792e-06,NRSC VIC MODEL
Uttarakhand,Dehradun,2022-08-15,2022,08,34.1681235833,NRSC VIC MODEL
Uttarakhand,Dehradun,2022-08-16,2022,08,2.648235726,NRSC VIC MODEL
Uttarakhand,Dehradun,2022-08-19,2022,08,18.0547667672,NRSC VIC MODEL
Uttarakhand,Dehradun,2022-08-20,2022,08,10.885716971,NRSC VIC MODEL
Uttarakhand,Dehradun,2022-08-30,2022,08,3.6337182443,NRSC VIC MODEL
Uttarakhand,Dehradun,2022-09-08,2022,09,3.290183978,NRSC VIC MODEL
Uttarakhand,Dehradun,2022-09-12,2022,09,4.6512059494,NRSC VIC MODEL
Uttarakhand,Dehradun,2022-09-16,2022,09,18.7473555,NRSC VIC MODEL
Uttarakhand,Dehradun,2022-09-17,2022,09,6.8165162286,NRSC VIC MODEL
Uttarakhand,Dehradun,2022-09-27,2022,09,0.0783369117,NRSC VIC MODEL
Uttarakhand,Dehradun,2022-09-30,2022,09,0,NRSC VIC MODEL
Uttarakhand,Dehradun,2022-10-04,2022,10,0,NRSC VIC MODEL
Uttarakhand,Dehradun,2022-10-07,2022,10,11.2704488789,NRSC VIC MODEL
Uttarakhand,Dehradun,2022-10-13,2022,10,4.258330416,NRSC VIC MODEL
Uttarakhand,Dehradun,2022-10-16,2022,10,0,NRSC VIC MODEL
Uttarakhand,Dehradun,2022-10-19,2022,10,0.0073554728,NRSC VIC MODEL
Uttarakhand,Dehradun,2022-10-27,2022,10,0,NRSC VIC MODEL
Uttarakhand,Dehradun,2022-10-29,2022,10,0,NRSC VIC MODEL
Uttarakhand,Dehradun,2022-10-30,2022,10,0,NRSC VIC MODEL
Uttarakhand,Dehradun,2022-10-31,2022,10,0,NRSC VIC MODEL
Uttarakhand,Dehradun,2022-11-02,2022,11,0,NRSC VIC MODEL
Uttarakhand,Dehradun,2022-11-05,2022,11,0,NRSC VIC MODEL
Uttarakhand,Dehradun,2022-11-10,2022,11,0.8328319555,NRSC VIC MODEL
Uttarakhand,Dehradun,2022-11-15,2022,11,1.6546463182,NRSC VIC MODEL
Uttarakhand,Dehradun,2022-11-23,2022,11,0,NRSC VIC MODEL
Uttarakhand,Dehradun,2022-12-08,2022,12,0,NRSC VIC MODEL
Uttarakhand,Dehradun,2022-12-11,2022,12,0,NRSC VIC MODEL
Uttarakhand,Dehradun,2022-12-12,2022,12,0,NRSC VIC MODEL
Uttarakhand,Dehradun,2022-12-14,2022,12,0,NRSC VIC MODEL
Uttarakhand,Dehradun,2022-12-28,2022,12,0,NRSC VIC MODEL
Uttarakhand,Dehradun,2022-12-29,2022,12,0.0032366167,NRSC VIC MODEL
Uttarakhand,Haridwar,2022-01-11,2022,01,9.35e-05,NRSC VIC MODEL
Uttarakhand,Haridwar,2022-01-19,2022,01,0,NRSC VIC MODEL
Uttarakhand,Haridwar,2022-01-26,2022,01,0.272131756,NRSC VIC MODEL
Uttarakhand,Haridwar,2022-01-31,2022,01,0.027774272,NRSC VIC MODEL
Uttarakhand,Haridwar,2022-02-12,2022,02,0,NRSC VIC MODEL
Uttarakhand,Haridwar,2022-02-14,2022,02,0,NRSC VIC MODEL
Uttarakhand,Haridwar,2022-02-17,2022,02,0,NRSC VIC MODEL
Uttarakhand,Haridwar,2022-02-18,2022,02,0,NRSC VIC MODEL
Uttarakhand,Haridwar,2022-02-19,2022,02,0,NRSC VIC MODEL
Uttarakhand,Haridwar,2022-02-25,2022,02,2.822478567,NRSC VIC MODEL
Uttarakhand,Haridwar,2022-02-27,2022,02,5.89307864,NRSC VIC MODEL
Uttarakhand,Haridwar,2022-03-04,2022,03,0.084935968,NRSC VIC MODEL
Uttarakhand,Haridwar,2022-03-05,2022,03,0,NRSC VIC MODEL
Uttarakhand,Haridwar,2022-03-07,2022,03,0.002992514,NRSC VIC MODEL
Uttarakhand,Haridwar,2022-04-01,2022,04,0.00258651,NRSC VIC MODEL
Uttarakhand,Haridwar,2022-04-08,2022,04,0,NRSC VIC MODEL
Uttarakhand,Haridwar,2022-04-15,2022,04,1.634221093,NRSC VIC MODEL
Uttarakhand,Haridwar,2022-04-20,2022,04,0,NRSC VIC MODEL
Uttarakhand,Haridwar,2022-04-24,2022,04,0,NRSC VIC MODEL
Uttarakhand,Haridwar,2022-05-04,2022,05,0.004798663,NRSC VIC MODEL
Uttarakhand,Haridwar,2022-05-06,2022,05,0,NRSC VIC MODEL
Uttarakhand,Haridwar,2022-05-24,2022,05,8.516495555,NRSC VIC MODEL
Uttarakhand,Haridwar,2022-05-25,2022,05,1.707673562,NRSC VIC MODEL
Uttarakhand,Haridwar,2022-05-27,2022,05,0.070934886,NRSC VIC MODEL
Uttarakhand,Haridwar,2022-06-10,2022,06,0.010922199,NRSC VIC MODEL
Uttarakhand,Haridwar,2022-06-15,2022,06,0.22890165,NRSC VIC MODEL
Uttarakhand,Haridwar,2022-06-17,2022,06,1.17809718,NRSC VIC MODEL
Uttarakhand,Haridwar,2022-06-23,2022,06,0.00017574,NRSC VIC MODEL
Uttarakhand,Haridwar,2022-06-27,2022,06,0.179872363,NRSC VIC MODEL
Uttarakhand,Haridwar,2022-06-28,2022,06,14.53995254,NRSC VIC MODEL
Uttarakhand,Haridwar,2022-07-06,2022,07,6.782987895,NRSC VIC MODEL
Uttarakhand,Haridwar,2022-07-19,2022,07,0.929653062,NRSC VIC MODEL
Uttarakhand,Haridwar,2022-07-24,2022,07,3.95874724,NRSC VIC MODEL
Uttarakhand,Haridwar,2022-07-25,2022,07,8.84683971,NRSC VIC MODEL
Uttarakhand,Haridwar,2022-07-26,2022,07,2.793424387,NRSC VIC MODEL
Uttarakhand,Haridwar,2022-07-30,2022,07,20.40123873,NRSC VIC MODEL
Uttarakhand,Haridwar,2022-08-02,2022,08,2.4735474636,NRSC VIC MODEL
Uttarakhand,Haridwar,2022-08-05,2022,08,4.6947721026,NRSC VIC MODEL
Uttarakhand,Haridwar,2022-08-07,2022,08,33.4278984724,NRSC VIC MODEL
Uttarakhand,Haridwar,2022-08-15,2022,08,9.9765390868,NRSC VIC MODEL
Uttarakhand,Haridwar,2022-08-19,2022,08,12.6320140998,NRSC VIC MODEL
Uttarakhand,Haridwar,2022-08-21,2022,08,2.6431318897,NRSC VIC MODEL
Uttarakhand,Haridwar,2022-08-22,2022,08,4.0528680037,NRSC VIC MODEL
Uttarakhand,Haridwar,2022-08-28,2022,08,0.0017002983,NRSC VIC MODEL
Uttarakhand,Haridwar,2022-08-31,2022,08,0.0196567933,NRSC VIC MODEL
Uttarakhand,Haridwar,2022-09-05,2022,09,4.7622235325,NRSC VIC MODEL
Uttarakhand,Haridwar,2022-09-17,2022,09,18.1757950174,NRSC VIC MODEL
Uttarakhand,Haridwar,2022-09-18,2022,09,0.6734297275,NRSC VIC MODEL
Uttarakhand,Haridwar,2022-09-23,2022,09,35.9126574447,NRSC VIC MODEL
Uttarakhand,Haridwar,2022-09-30,2022,09,0,NRSC VIC MODEL
Uttarakhand,Haridwar,2022-08-24,2022,08,3.147056394,NRSC VIC MODEL
Uttarakhand,Haridwar,2022-10-10,2022,10,14.2403823443,NRSC VIC MODEL
Uttarakhand,Haridwar,2022-10-18,2022,10,0,NRSC VIC MODEL
Uttarakhand,Haridwar,2022-10-25,2022,10,0,NRSC VIC MODEL
Uttarakhand,Haridwar,2022-10-28,2022,10,0,NRSC VIC MODEL
Uttarakhand,Haridwar,2022-11-01,2022,11,0,NRSC VIC MODEL
Uttarakhand,Haridwar,2022-11-05,2022,11,0,NRSC VIC MODEL
Uttarakhand,Haridwar,2022-11-16,2022,11,0,NRSC VIC MODEL
Uttarakhand,Haridwar,2022-11-20,2022,11,0,NRSC VIC MODEL
Uttarakhand,Haridwar,2022-11-30,2022,11,0,NRSC VIC MODEL
Uttarakhand,Haridwar,2022-12-04,2022,12,0,NRSC VIC MODEL
Uttarakhand,Haridwar,2022-12-05,2022,12,0,NRSC VIC MODEL
Uttarakhand,Haridwar,2022-12-06,2022,12,0,NRSC VIC MODEL
Uttarakhand,Haridwar,2022-12-07,2022,12,0,NRSC VIC MODEL
Uttarakhand,Haridwar,2022-12-10,2022,12,0,NRSC VIC MODEL
Uttarakhand,Haridwar,2022-12-18,2022,12,0,NRSC VIC MODEL
Uttarakhand,Haridwar,2022-12-21,2022,12,0,NRSC VIC MODEL
Uttarakhand,Haridwar,2022-12-23,2022,12,0,NRSC VIC MODEL
Uttarakhand,Haridwar,2022-12-24,2022,12,0,NRSC VIC MODEL
Uttarakhand,Haridwar,2022-12-25,2022,12,0,NRSC VIC MODEL
Uttarakhand,Haridwar,2022-12-26,2022,12,0,NRSC VIC MODEL
Uttarakhand,Tehri Garhwal,2022-12-30,2022,12,0.5320524836,NRSC VIC MODEL
Uttarakhand,Udam Singh Nagar,2022-01-11,2022,01,4.897599033,NRSC VIC MODEL
Uttarakhand,Udam Singh Nagar,2022-01-24,2022,01,15.16898372,NRSC VIC MODEL
Uttarakhand,Udam Singh Nagar,2022-02-03,2022,02,4.884199558,NRSC VIC MODEL
Uttarakhand,Udam Singh Nagar,2022-02-04,2022,02,37.04942691,NRSC VIC MODEL
Uttarakhand,Udam Singh Nagar,2022-02-05,2022,02,2.428417359,NRSC VIC MODEL
Uttarakhand,Udam Singh Nagar,2022-02-08,2022,02,0.015137567,NRSC VIC MODEL
Uttarakhand,Udam Singh Nagar,2022-02-13,2022,02,0,NRSC VIC MODEL
Uttarakhand,Udam Singh Nagar,2022-02-19,2022,02,0,NRSC VIC MODEL
Uttarakhand,Udam Singh Nagar,2022-02-23,2022,02,0.044179868,NRSC VIC MODEL
Uttarakhand,Udam Singh Nagar,2022-02-27,2022,02,12.11548995,NRSC VIC MODEL
Uttarakhand,Udam Singh Nagar,2022-03-01,2022,03,0.192705872,NRSC VIC MODEL
Uttarakhand,Udam Singh Nagar,2022-03-12,2022,03,0,NRSC VIC MODEL
Uttarakhand,Udam Singh Nagar,2022-03-14,2022,03,0.003263975,NRSC VIC MODEL
Uttarakhand,Udam Singh Nagar,2022-03-17,2022,03,0.019947635,NRSC VIC MODEL
Uttarakhand,Udam Singh Nagar,2022-03-28,2022,03,0,NRSC VIC MODEL
Uttarakhand,Udam Singh Nagar,2022-04-04,2022,04,0,NRSC VIC MODEL
Uttarakhand,Udam Singh Nagar,2022-04-08,2022,04,0,NRSC VIC MODEL
Uttarakhand,Udam Singh Nagar,2022-04-12,2022,04,0,NRSC VIC MODEL
Uttarakhand,Udam Singh Nagar,2022-04-15,2022,04,0.429331903,NRSC VIC MODEL
Uttarakhand,Udam Singh Nagar,2022-04-22,2022,04,0.024526218,NRSC VIC MODEL
Uttarakhand,Udam Singh Nagar,2022-04-29,2022,04,2.23e-06,NRSC VIC MODEL
Uttarakhand,Udam Singh Nagar,2022-05-21,2022,05,0.826784377,NRSC VIC MODEL
Uttarakhand,Udam Singh Nagar,2022-05-22,2022,05,0.904233513,NRSC VIC MODEL
Uttarakhand,Udam Singh Nagar,2022-05-26,2022,05,5.57e-07,NRSC VIC MODEL
Uttarakhand,Udam Singh Nagar,2022-06-03,2022,06,0,NRSC VIC MODEL
Uttarakhand,Udam Singh Nagar,2022-06-05,2022,06,0,NRSC VIC MODEL
Uttarakhand,Udam Singh Nagar,2022-06-14,2022,06,0,NRSC VIC MODEL
Uttarakhand,Udam Singh Nagar,2022-06-18,2022,06,2.515564753,NRSC VIC MODEL
Uttarakhand,Udam Singh Nagar,2022-06-21,2022,06,0.262671019,NRSC VIC MODEL
Uttarakhand,Udam Singh Nagar,2022-06-22,2022,06,0.465019822,NRSC VIC MODEL
Uttarakhand,Udam Singh Nagar,2022-06-29,2022,06,13.44795361,NRSC VIC MODEL
Uttarakhand,Udam Singh Nagar,2022-07-06,2022,07,4.24846688,NRSC VIC MODEL
Uttarakhand,Udam Singh Nagar,2022-07-12,2022,07,13.34501778,NRSC VIC MODEL
Uttarakhand,Udam Singh Nagar,2022-07-17,2022,07,2.205224173,NRSC VIC MODEL
Uttarakhand,Udam Singh Nagar,2022-07-19,2022,07,19.62499341,NRSC VIC MODEL
Uttarakhand,Udam Singh Nagar,2022-07-21,2022,07,15.29724585,NRSC VIC MODEL
Uttarakhand,Udam Singh Nagar,2022-07-23,2022,07,1.136657431,NRSC VIC MODEL
Uttarakhand,Udam Singh Nagar,2022-07-26,2022,07,9.742438103,NRSC VIC MODEL
Uttarakhand,Udam Singh Nagar,2022-08-04,2022,08,12.1847869968,NRSC VIC MODEL
Uttarakhand,Udam Singh Nagar,2022-08-08,2022,08,0.030405525,NRSC VIC MODEL
Uttarakhand,Udam Singh Nagar,2022-08-10,2022,08,0.0527613323,NRSC VIC MODEL
Uttarakhand,Udam Singh Nagar,2022-05-09,2022,05,0.04452222,NRSC VIC MODEL
Uttarakhand,Udam Singh Nagar,2022-08-20,2022,08,1.3996617968,NRSC VIC MODEL
Uttarakhand,Udam Singh Nagar,2022-08-25,2022,08,0.2704994477,NRSC VIC MODEL
Uttarakhand,Udam Singh Nagar,2022-08-28,2022,08,0.0011592472,NRSC VIC MODEL
Uttarakhand,Udam Singh Nagar,2022-09-01,2022,09,0.3525093534,NRSC VIC MODEL
Uttarakhand,Udam Singh Nagar,2022-09-04,2022,09,1.669e-06,NRSC VIC MODEL
Uttarakhand,Udam Singh Nagar,2022-09-08,2022,09,2.170351119,NRSC VIC MODEL
Uttarakhand,Udam Singh Nagar,2022-10-02,2022,10,0.0087523037,NRSC VIC MODEL
Uttarakhand,Udam Singh Nagar,2022-10-05,2022,10,0.0320283389,NRSC VIC MODEL
Uttarakhand,Udam Singh Nagar,2022-10-18,2022,10,1.1127e-06,NRSC VIC MODEL
Uttarakhand,Udam Singh Nagar,2022-10-21,2022,10,2.7817e-06,NRSC VIC MODEL
Uttarakhand,Udam Singh Nagar,2022-10-22,2022,10,0,NRSC VIC MODEL
Uttarakhand,Udam Singh Nagar,2022-10-26,2022,10,0.000402299,NRSC VIC MODEL
Uttarakhand,Udam Singh Nagar,2022-10-27,2022,10,0,NRSC VIC MODEL
Uttarakhand,Udam Singh Nagar,2022-11-02,2022,11,0,NRSC VIC MODEL
Uttarakhand,Udam Singh Nagar,2022-11-03,2022,11,0,NRSC VIC MODEL
Uttarakhand,Udam Singh Nagar,2022-11-18,2022,11,0,NRSC VIC MODEL
Uttarakhand,Udam Singh Nagar,2022-11-22,2022,11,0,NRSC VIC MODEL
Uttarakhand,Udam Singh Nagar,2022-11-27,2022,11,0.0006628999,NRSC VIC MODEL
Uttarakhand,Udam Singh Nagar,2022-11-28,2022,11,0.0022796944,NRSC VIC MODEL
Uttarakhand,Udam Singh Nagar,2022-12-04,2022,12,0,NRSC VIC MODEL
Uttarakhand,Udam Singh Nagar,2022-12-07,2022,12,0,NRSC VIC MODEL
Uttarakhand,Udam Singh Nagar,2022-12-10,2022,12,5.5634e-06,NRSC VIC MODEL
Uttarakhand,Udam Singh Nagar,2022-12-13,2022,12,0,NRSC VIC MODEL
Uttarakhand,Udam Singh Nagar,2022-12-14,2022,12,0,NRSC VIC MODEL
Uttarakhand,Uttar Kashi,2022-01-07,2022,01,5.176718052,NRSC VIC MODEL
Uttarakhand,Uttar Kashi,2022-01-11,2022,01,2.749655877,NRSC VIC MODEL
Uttarakhand,Uttar Kashi,2022-01-17,2022,01,0,NRSC VIC MODEL
Uttarakhand,Uttar Kashi,2022-01-21,2022,01,1.895166685,NRSC VIC MODEL
Uttarakhand,Uttar Kashi,2022-01-22,2022,01,11.74220246,NRSC VIC MODEL
Uttarakhand,Uttar Kashi,2022-01-24,2022,01,9.891839716,NRSC VIC MODEL
Uttarakhand,Uttar Kashi,2022-02-03,2022,02,5.073274579,NRSC VIC MODEL
Uttarakhand,Uttar Kashi,2022-02-04,2022,02,6.845042173,NRSC VIC MODEL
Uttarakhand,Uttar Kashi,2022-02-09,2022,02,5.264438515,NRSC VIC MODEL
Uttarakhand,Uttar Kashi,2022-02-10,2022,02,4.997406081,NRSC VIC MODEL
Uttarakhand,Uttar Kashi,2022-02-13,2022,02,0.060261586,NRSC VIC MODEL
Uttarakhand,Uttar Kashi,2022-02-17,2022,02,1.774421267,NRSC VIC MODEL
Uttarakhand,Uttar Kashi,2022-02-18,2022,02,3.325715112,NRSC VIC MODEL
Uttarakhand,Uttar Kashi,2022-02-27,2022,02,10.86626827,NRSC VIC MODEL
Uttarakhand,Uttar Kashi,2022-03-08,2022,03,0,NRSC VIC MODEL
Uttarakhand,Uttar Kashi,2022-03-11,2022,03,0,NRSC VIC MODEL
Uttarakhand,Uttar Kashi,2022-03-14,2022,03,0.624896761,NRSC VIC MODEL
Uttarakhand,Uttar Kashi,2022-04-05,2022,04,0.155611966,NRSC VIC MODEL
Uttarakhand,Uttar Kashi,2022-04-08,2022,04,0.000135887,NRSC VIC MODEL
Uttarakhand,Uttar Kashi,2022-04-09,2022,04,0.012630239,NRSC VIC MODEL
Uttarakhand,Uttar Kashi,2022-04-10,2022,04,0.171246875,NRSC VIC MODEL
Uttarakhand,Uttar Kashi,2022-04-11,2022,04,0.001219282,NRSC VIC MODEL
Uttarakhand,Uttar Kashi,2022-04-12,2022,04,0.00052482,NRSC VIC MODEL
Uttarakhand,Uttar Kashi,2022-04-14,2022,04,2.55735131,NRSC VIC MODEL
Uttarakhand,Uttar Kashi,2022-04-15,2022,04,2.625804411,NRSC VIC MODEL
Uttarakhand,Uttar Kashi,2022-04-16,2022,04,0.631995996,NRSC VIC MODEL
Uttarakhand,Uttar Kashi,2022-04-17,2022,04,2.189999185,NRSC VIC MODEL
Uttarakhand,Uttar Kashi,2022-04-20,2022,04,0.287071274,NRSC VIC MODEL
Uttarakhand,Uttar Kashi,2022-04-23,2022,04,0.460058285,NRSC VIC MODEL
Uttarakhand,Uttar Kashi,2022-04-25,2022,04,0.038587429,NRSC VIC MODEL
Uttarakhand,Uttar Kashi,2022-04-30,2022,04,0.061113399,NRSC VIC MODEL
Uttarakhand,Uttar Kashi,2022-05-01,2022,05,2.910051162,NRSC VIC MODEL
Uttarakhand,Uttar Kashi,2022-05-06,2022,05,2.308377446,NRSC VIC MODEL
Uttarakhand,Uttar Kashi,2022-05-07,2022,05,1.80634135,NRSC VIC MODEL
Uttarakhand,Uttar Kashi,2022-05-09,2022,05,1.217259092,NRSC VIC MODEL
Uttarakhand,Uttar Kashi,2022-05-19,2022,05,0.520022192,NRSC VIC MODEL
Uttarakhand,Uttar Kashi,2022-05-30,2022,05,0.52068415,NRSC VIC MODEL
Uttarakhand,Uttar Kashi,2022-05-31,2022,05,0.796988768,NRSC VIC MODEL
Uttarakhand,Uttar Kashi,2022-06-15,2022,06,1.571335118,NRSC VIC MODEL
Uttarakhand,Uttar Kashi,2022-06-18,2022,06,11.67908917,NRSC VIC MODEL
Uttarakhand,Uttar Kashi,2022-06-29,2022,06,0.518231387,NRSC VIC MODEL
Uttarakhand,Uttar Kashi,2022-07-05,2022,07,4.873640633,NRSC VIC MODEL
Uttarakhand,Uttar Kashi,2022-07-09,2022,07,23.67431839,NRSC VIC MODEL
Uttarakhand,Uttar Kashi,2022-07-11,2022,07,0.820462825,NRSC VIC MODEL
Uttarakhand,Uttar Kashi,2022-07-14,2022,07,1.262246488,NRSC VIC MODEL
Uttarakhand,Uttar Kashi,2022-07-22,2022,07,2.830170759,NRSC VIC MODEL
Uttarakhand,Uttar Kashi,2022-07-25,2022,07,8.164893452,NRSC VIC MODEL
Uttarakhand,Uttar Kashi,2022-08-01,2022,08,5.7930122043,NRSC VIC MODEL
Uttarakhand,Uttar Kashi,2022-08-03,2022,08,0.8128097786,NRSC VIC MODEL
Uttarakhand,Uttar Kashi,2022-08-06,2022,08,13.1745066526,NRSC VIC MODEL
Uttarakhand,Uttar Kashi,2022-08-10,2022,08,2.5206780975,NRSC VIC MODEL
Uttarakhand,Uttar Kashi,2022-08-11,2022,08,45.292459788,NRSC VIC MODEL
Uttarakhand,Uttar Kashi,2022-08-13,2022,08,0.1258122034,NRSC VIC MODEL
Uttarakhand,Uttar Kashi,2022-08-14,2022,08,2.0281397499,NRSC VIC MODEL
Uttarakhand,Uttar Kashi,2022-09-04,2022,09,0.202755753,NRSC VIC MODEL
Uttarakhand,Uttar Kashi,2022-09-19,2022,09,0.8232984964,NRSC VIC MODEL
Uttarakhand,Uttar Kashi,2022-09-24,2022,09,3.4125204683,NRSC VIC MODEL
Uttarakhand,Uttar Kashi,2022-09-26,2022,09,9.0725326302,NRSC VIC MODEL
Uttarakhand,Uttar Kashi,2022-09-30,2022,09,0.0976113104,NRSC VIC MODEL
Uttarakhand,Uttar Kashi,2022-10-01,2022,10,1.0324989434,NRSC VIC MODEL
Uttarakhand,Uttar Kashi,2022-10-03,2022,10,0,NRSC VIC MODEL
Uttarakhand,Uttar Kashi,2022-08-24,2022,08,6.364982642,NRSC VIC MODEL
Uttarakhand,Uttar Kashi,2022-10-07,2022,10,0.3373016607,NRSC VIC MODEL
Uttarakhand,Uttar Kashi,2022-10-09,2022,10,16.3816173191,NRSC VIC MODEL
Uttarakhand,Uttar Kashi,2022-10-25,2022,10,0.4109619997,NRSC VIC MODEL
Uttarakhand,Uttar Kashi,2022-10-28,2022,10,0.0246022492,NRSC VIC MODEL
Uttarakhand,Uttar Kashi,2022-10-29,2022,10,0.0060815285,NRSC VIC MODEL
Uttarakhand,Uttar Kashi,2022-11-05,2022,11,0.0121997107,NRSC VIC MODEL
Uttarakhand,Uttar Kashi,2022-11-09,2022,11,2.002216123,NRSC VIC MODEL
Uttarakhand,Uttar Kashi,2022-11-24,2022,11,0.0025823155,NRSC VIC MODEL
Uttarakhand,Uttar Kashi,2022-12-05,2022,12,0.3864999166,NRSC VIC MODEL
Uttarakhand,Uttar Kashi,2022-12-09,2022,12,0,NRSC VIC MODEL
Uttarakhand,Uttar Kashi,2022-12-11,2022,12,0,NRSC VIC MODEL
Uttarakhand,Uttar Kashi,2022-12-29,2022,12,0.0105085411,NRSC VIC MODEL
Uttarakhand,Uttar Kashi,2022-12-30,2022,12,0.0627438991,NRSC VIC MODEL
Uttarakhand,Bageshwar,2022-04-25,2022,04,0,NRSC VIC MODEL
Uttarakhand,Bageshwar,2022-04-28,2022,04,0,NRSC VIC MODEL
Uttarakhand,Bageshwar,2022-05-09,2022,05,0.849750603,NRSC VIC MODEL
Uttarakhand,Bageshwar,2022-05-19,2022,05,0.645947458,NRSC VIC MODEL
Uttarakhand,Bageshwar,2022-05-24,2022,05,8.291613985,NRSC VIC MODEL
Uttarakhand,Bageshwar,2022-05-25,2022,05,4.337403538,NRSC VIC MODEL
Uttarakhand,Bageshwar,2022-06-05,2022,06,0,NRSC VIC MODEL
Uttarakhand,Bageshwar,2022-06-08,2022,06,0.032304447,NRSC VIC MODEL
Uttarakhand,Bageshwar,2022-06-09,2022,06,0.659269246,NRSC VIC MODEL
Uttarakhand,Bageshwar,2022-06-11,2022,06,0.597825096,NRSC VIC MODEL
Uttarakhand,Bageshwar,2022-06-15,2022,06,1.37897002,NRSC VIC MODEL
Uttarakhand,Bageshwar,2022-07-07,2022,07,23.36939758,NRSC VIC MODEL
Uttarakhand,Bageshwar,2022-07-08,2022,07,15.5954195,NRSC VIC MODEL
Uttarakhand,Bageshwar,2022-07-09,2022,07,81.68586475,NRSC VIC MODEL
Uttarakhand,Bageshwar,2022-07-15,2022,07,3.461232528,NRSC VIC MODEL
Uttarakhand,Bageshwar,2022-07-24,2022,07,12.04716161,NRSC VIC MODEL
Uttarakhand,Bageshwar,2022-07-28,2022,07,68.57114017,NRSC VIC MODEL
Uttarakhand,Bageshwar,2022-08-13,2022,08,0,NRSC VIC MODEL
Uttarakhand,Bageshwar,2022-08-18,2022,08,0.2591913955,NRSC VIC MODEL
Uttarakhand,Bageshwar,2022-08-22,2022,08,9.5779206098,NRSC VIC MODEL
Uttarakhand,Bageshwar,2022-09-03,2022,09,2.8563759266,NRSC VIC MODEL
Uttarakhand,Bageshwar,2022-09-12,2022,09,7.7966309978,NRSC VIC MODEL
Uttarakhand,Bageshwar,2022-09-17,2022,09,19.7306052051,NRSC VIC MODEL
Uttarakhand,Bageshwar,2022-09-18,2022,09,5.3917451773,NRSC VIC MODEL
Uttarakhand,Bageshwar,2022-09-20,2022,09,7.7191769993,NRSC VIC MODEL
Uttarakhand,Bageshwar,2022-10-09,2022,10,59.6094972209,NRSC VIC MODEL
Uttarakhand,Bageshwar,2022-10-17,2022,10,0,NRSC VIC MODEL
Uttarakhand,Bageshwar,2022-10-25,2022,10,0.0818972026,NRSC VIC MODEL
Uttarakhand,Bageshwar,2022-11-01,2022,11,0.0787855249,NRSC VIC MODEL
Uttarakhand,Bageshwar,2022-11-02,2022,11,5.9582630882,NRSC VIC MODEL
Uttarakhand,Bageshwar,2022-11-05,2022,11,0.0385516354,NRSC VIC MODEL
Uttarakhand,Bageshwar,2022-11-08,2022,11,0,NRSC VIC MODEL
Uttarakhand,Bageshwar,2022-11-14,2022,11,0.0412201047,NRSC VIC MODEL
Uttarakhand,Bageshwar,2022-11-21,2022,11,0.0065830925,NRSC VIC MODEL
Uttarakhand,Bageshwar,2022-11-24,2022,11,0.0129965269,NRSC VIC MODEL
Uttarakhand,Bageshwar,2022-11-26,2022,11,7.1269e-05,NRSC VIC MODEL
Uttarakhand,Bageshwar,2022-12-03,2022,12,0.6508112362,NRSC VIC MODEL
Uttarakhand,Bageshwar,2022-12-15,2022,12,0,NRSC VIC MODEL
Uttarakhand,Bageshwar,2022-12-31,2022,12,0,NRSC VIC MODEL
Uttarakhand,Chamoli,2022-01-08,2022,01,1.932607423,NRSC VIC MODEL
Uttarakhand,Chamoli,2022-01-14,2022,01,2.067028941,NRSC VIC MODEL
Uttarakhand,Chamoli,2022-01-25,2022,01,3.131814199,NRSC VIC MODEL
Uttarakhand,Chamoli,2022-01-30,2022,01,0.437842044,NRSC VIC MODEL
Uttarakhand,Chamoli,2022-02-01,2022,02,0.068957664,NRSC VIC MODEL
Uttarakhand,Chamoli,2022-02-06,2022,02,0.147944297,NRSC VIC MODEL
Uttarakhand,Chamoli,2022-02-15,2022,02,0.918626988,NRSC VIC MODEL
Uttarakhand,Chamoli,2022-02-17,2022,02,1.035028341,NRSC VIC MODEL
Uttarakhand,Chamoli,2022-02-25,2022,02,7.732715807,NRSC VIC MODEL
Uttarakhand,Chamoli,2022-03-18,2022,03,0.48368001,NRSC VIC MODEL
Uttarakhand,Chamoli,2022-03-19,2022,03,0.308635725,NRSC VIC MODEL
Uttarakhand,Chamoli,2022-03-26,2022,03,0,NRSC VIC MODEL
Uttarakhand,Chamoli,2022-03-27,2022,03,0,NRSC VIC MODEL
Uttarakhand,Chamoli,2022-03-29,2022,03,0,NRSC VIC MODEL
Uttarakhand,Chamoli,2022-04-05,2022,04,0.031515728,NRSC VIC MODEL
Uttarakhand,Chamoli,2022-04-09,2022,04,0.663692322,NRSC VIC MODEL
Uttarakhand,Chamoli,2022-04-10,2022,04,1.642022355,NRSC VIC MODEL
Uttarakhand,Chamoli,2022-04-13,2022,04,0,NRSC VIC MODEL
Uttarakhand,Chamoli,2022-04-24,2022,04,0.811262764,NRSC VIC MODEL
Uttarakhand,Chamoli,2022-04-26,2022,04,0.042820238,NRSC VIC MODEL
Uttarakhand,Chamoli,2022-05-10,2022,05,1.840075474,NRSC VIC MODEL
Uttarakhand,Chamoli,2022-05-13,2022,05,4.234766282,NRSC VIC MODEL
Uttarakhand,Chamoli,2022-05-27,2022,05,0.324598992,NRSC VIC MODEL
Uttarakhand,Chamoli,2022-06-04,2022,06,0,NRSC VIC MODEL
Uttarakhand,Chamoli,2022-06-05,2022,06,0,NRSC VIC MODEL
Uttarakhand,Chamoli,2022-06-13,2022,06,0.994260409,NRSC VIC MODEL
Uttarakhand,Chamoli,2022-06-22,2022,06,0.688730687,NRSC VIC MODEL
Uttarakhand,Chamoli,2022-06-23,2022,06,0.092760193,NRSC VIC MODEL
Uttarakhand,Chamoli,2022-06-29,2022,06,1.935305762,NRSC VIC MODEL
Uttarakhand,Chamoli,2022-07-05,2022,07,3.372862971,NRSC VIC MODEL
Uttarakhand,Chamoli,2022-07-06,2022,07,11.01465527,NRSC VIC MODEL
Uttarakhand,Chamoli,2022-07-11,2022,07,1.670152301,NRSC VIC MODEL
Uttarakhand,Chamoli,2022-07-21,2022,07,1.860638813,NRSC VIC MODEL
Uttarakhand,Chamoli,2022-07-29,2022,07,2.082997077,NRSC VIC MODEL
Uttarakhand,Chamoli,2022-08-04,2022,08,5.8981049247,NRSC VIC MODEL
Uttarakhand,Chamoli,2022-08-20,2022,08,7.0733966476,NRSC VIC MODEL
Uttarakhand,Chamoli,2022-08-21,2022,08,4.8378114076,NRSC VIC MODEL
Uttarakhand,Chamoli,2022-08-30,2022,08,4.3596522669,NRSC VIC MODEL
Uttarakhand,Chamoli,2022-09-02,2022,09,2.6208714881,NRSC VIC MODEL
Uttarakhand,Chamoli,2022-09-10,2022,09,1.4732966621,NRSC VIC MODEL
Uttarakhand,Chamoli,2022-09-13,2022,09,0.5869397912,NRSC VIC MODEL
Uttarakhand,Chamoli,2022-09-22,2022,09,8.2207975243,NRSC VIC MODEL
Uttarakhand,Chamoli,2022-09-27,2022,09,0.8779393655,NRSC VIC MODEL
Uttarakhand,Chamoli,2022-09-29,2022,09,0.4532275208,NRSC VIC MODEL
Uttarakhand,Chamoli,2022-10-05,2022,10,0.4384158731,NRSC VIC MODEL
Uttarakhand,Chamoli,2022-10-07,2022,10,6.9956629713,NRSC VIC MODEL
Uttarakhand,Chamoli,2022-10-22,2022,10,0.0271170834,NRSC VIC MODEL
Uttarakhand,Chamoli,2022-11-01,2022,11,0.1001565801,NRSC VIC MODEL
Uttarakhand,Chamoli,2022-11-07,2022,11,0,NRSC VIC MODEL
Uttarakhand,Chamoli,2022-11-09,2022,11,0.1629793948,NRSC VIC MODEL
Uttarakhand,Chamoli,2022-11-22,2022,11,0.3004642545,NRSC VIC MODEL
Uttarakhand,Chamoli,2022-11-24,2022,11,0.0029629091,NRSC VIC MODEL
Uttarakhand,Chamoli,2022-11-27,2022,11,0.1004147107,NRSC VIC MODEL
Uttarakhand,Chamoli,2022-11-29,2022,11,0.0901947859,NRSC VIC MODEL
Uttarakhand,Chamoli,2022-12-05,2022,12,0.037422611,NRSC VIC MODEL
Uttarakhand,Chamoli,2022-12-06,2022,12,0.0797861638,NRSC VIC MODEL
Uttarakhand,Chamoli,2022-12-09,2022,12,0,NRSC VIC MODEL
Uttarakhand,Chamoli,2022-12-13,2022,12,0,NRSC VIC MODEL
Uttarakhand,Chamoli,2022-12-14,2022,12,0,NRSC VIC MODEL
Uttarakhand,Chamoli,2022-12-15,2022,12,0,NRSC VIC MODEL
Uttarakhand,Chamoli,2022-12-17,2022,12,0,NRSC VIC MODEL
Uttarakhand,Chamoli,2022-12-18,2022,12,0,NRSC VIC MODEL
Uttarakhand,Chamoli,2022-12-24,2022,12,0,NRSC VIC MODEL
Uttarakhand,Chamoli,2022-12-25,2022,12,0,NRSC VIC MODEL
Uttarakhand,Champawat,2022-01-09,2022,01,45.63603305,NRSC VIC MODEL
Uttarakhand,Champawat,2022-01-11,2022,01,8.59821586,NRSC VIC MODEL
Uttarakhand,Champawat,2022-01-16,2022,01,0.000319711,NRSC VIC MODEL
Uttarakhand,Champawat,2022-01-18,2022,01,0.000121795,NRSC VIC MODEL
Uttarakhand,Champawat,2022-01-25,2022,01,2.274439165,NRSC VIC MODEL
Uttarakhand,Champawat,2022-01-31,2022,01,0,NRSC VIC MODEL
Uttarakhand,Champawat,2022-02-12,2022,02,0,NRSC VIC MODEL
Uttarakhand,Champawat,2022-02-14,2022,02,0,NRSC VIC MODEL
Uttarakhand,Champawat,2022-02-17,2022,02,0.001431087,NRSC VIC MODEL
Uttarakhand,Champawat,2022-02-24,2022,02,0.128067086,NRSC VIC MODEL
Uttarakhand,Champawat,2022-03-02,2022,03,0.526518318,NRSC VIC MODEL
Uttarakhand,Champawat,2022-03-04,2022,03,0.071478241,NRSC VIC MODEL
Uttarakhand,Champawat,2022-03-07,2022,03,0.04139496,NRSC VIC MODEL
Uttarakhand,Champawat,2022-03-12,2022,03,0,NRSC VIC MODEL
Uttarakhand,Champawat,2022-03-14,2022,03,0.001278844,NRSC VIC MODEL
Uttarakhand,Champawat,2022-03-16,2022,03,0.011600941,NRSC VIC MODEL
Uttarakhand,Champawat,2022-03-21,2022,03,0,NRSC VIC MODEL
Uttarakhand,Champawat,2022-03-31,2022,03,0,NRSC VIC MODEL
Uttarakhand,Champawat,2022-04-01,2022,04,0,NRSC VIC MODEL
Uttarakhand,Champawat,2022-04-04,2022,04,0,NRSC VIC MODEL
Uttarakhand,Champawat,2022-04-08,2022,04,0,NRSC VIC MODEL
Uttarakhand,Champawat,2022-04-09,2022,04,0.009598909,NRSC VIC MODEL
Uttarakhand,Champawat,2022-04-11,2022,04,0,NRSC VIC MODEL
Uttarakhand,Champawat,2022-04-19,2022,04,0.002884286,NRSC VIC MODEL
Uttarakhand,Champawat,2022-04-22,2022,04,0.079256746,NRSC VIC MODEL
Uttarakhand,Champawat,2022-04-24,2022,04,0,NRSC VIC MODEL
Uttarakhand,Champawat,2022-04-27,2022,04,0,NRSC VIC MODEL
Uttarakhand,Champawat,2022-05-15,2022,05,0.023815364,NRSC VIC MODEL
Uttarakhand,Champawat,2022-05-17,2022,05,18.45686441,NRSC VIC MODEL
Uttarakhand,Champawat,2022-05-24,2022,05,12.30806454,NRSC VIC MODEL
Uttarakhand,Champawat,2022-05-27,2022,05,0,NRSC VIC MODEL
Uttarakhand,Champawat,2022-05-29,2022,05,12.37233743,NRSC VIC MODEL
Uttarakhand,Champawat,2022-06-10,2022,06,0.003909162,NRSC VIC MODEL
Uttarakhand,Champawat,2022-06-15,2022,06,3.179322443,NRSC VIC MODEL
Uttarakhand,Champawat,2022-06-22,2022,06,0.168752829,NRSC VIC MODEL
Uttarakhand,Champawat,2022-06-23,2022,06,0.232168112,NRSC VIC MODEL
Uttarakhand,Champawat,2022-06-24,2022,06,0.791740969,NRSC VIC MODEL
Uttarakhand,Tehri Garhwal,2022-12-25,2022,12,0,NRSC VIC MODEL
Uttarakhand,Tehri Garhwal,2022-12-29,2022,12,0,NRSC VIC MODEL
Uttarakhand,Tehri Garhwal,2022-12-31,2022,12,0,NRSC VIC MODEL
Uttarakhand,Udam Singh Nagar,2022-01-04,2022,01,0,NRSC VIC MODEL
Uttarakhand,Udam Singh Nagar,2022-01-15,2022,01,0,NRSC VIC MODEL
Uttarakhand,Udam Singh Nagar,2022-01-23,2022,01,6.212445247,NRSC VIC MODEL
Uttarakhand,Udam Singh Nagar,2022-01-30,2022,01,0,NRSC VIC MODEL
Uttarakhand,Udam Singh Nagar,2022-02-10,2022,02,24.54404862,NRSC VIC MODEL
Uttarakhand,Udam Singh Nagar,2022-02-16,2022,02,8.08e-05,NRSC VIC MODEL
Uttarakhand,Udam Singh Nagar,2022-02-22,2022,02,0,NRSC VIC MODEL
Uttarakhand,Udam Singh Nagar,2022-02-24,2022,02,0.00984245,NRSC VIC MODEL
Uttarakhand,Udam Singh Nagar,2022-03-04,2022,03,0.000101052,NRSC VIC MODEL
Uttarakhand,Udam Singh Nagar,2022-03-15,2022,03,0,NRSC VIC MODEL
Uttarakhand,Udam Singh Nagar,2022-03-19,2022,03,0,NRSC VIC MODEL
Uttarakhand,Udam Singh Nagar,2022-03-27,2022,03,0,NRSC VIC MODEL
Uttarakhand,Udam Singh Nagar,2022-03-30,2022,03,0,NRSC VIC MODEL
Uttarakhand,Udam Singh Nagar,2022-04-06,2022,04,0,NRSC VIC MODEL
Uttarakhand,Udam Singh Nagar,2022-04-09,2022,04,0.024260378,NRSC VIC MODEL
Uttarakhand,Udam Singh Nagar,2022-04-11,2022,04,0,NRSC VIC MODEL
Uttarakhand,Udam Singh Nagar,2022-04-14,2022,04,1.090048038,NRSC VIC MODEL
Uttarakhand,Udam Singh Nagar,2022-04-16,2022,04,0,NRSC VIC MODEL
Uttarakhand,Udam Singh Nagar,2022-04-20,2022,04,3.9e-06,NRSC VIC MODEL
Uttarakhand,Udam Singh Nagar,2022-05-01,2022,05,0.00090956,NRSC VIC MODEL
Uttarakhand,Udam Singh Nagar,2022-05-05,2022,05,8.116321694,NRSC VIC MODEL
Uttarakhand,Udam Singh Nagar,2022-05-06,2022,05,0,NRSC VIC MODEL
Uttarakhand,Udam Singh Nagar,2022-05-07,2022,05,0.002450836,NRSC VIC MODEL
Uttarakhand,Udam Singh Nagar,2022-05-10,2022,05,2.925179738,NRSC VIC MODEL
Uttarakhand,Udam Singh Nagar,2022-05-17,2022,05,8.637529887,NRSC VIC MODEL
Uttarakhand,Udam Singh Nagar,2022-05-18,2022,05,0.000782952,NRSC VIC MODEL
Uttarakhand,Udam Singh Nagar,2022-05-27,2022,05,0,NRSC VIC MODEL
Uttarakhand,Udam Singh Nagar,2022-05-28,2022,05,0.113336287,NRSC VIC MODEL
Uttarakhand,Udam Singh Nagar,2022-06-06,2022,06,0,NRSC VIC MODEL
Uttarakhand,Udam Singh Nagar,2022-06-07,2022,06,0,NRSC VIC MODEL
Uttarakhand,Udam Singh Nagar,2022-06-08,2022,06,0,NRSC VIC MODEL
Uttarakhand,Udam Singh Nagar,2022-06-10,2022,06,0.061177207,NRSC VIC MODEL
Uttarakhand,Udam Singh Nagar,2022-06-11,2022,06,0.000387926,NRSC VIC MODEL
Uttarakhand,Udam Singh Nagar,2022-06-13,2022,06,5.57e-07,NRSC VIC MODEL
Uttarakhand,Udam Singh Nagar,2022-06-17,2022,06,5.003456439,NRSC VIC MODEL
Uttarakhand,Udam Singh Nagar,2022-06-24,2022,06,5.56e-07,NRSC VIC MODEL
Uttarakhand,Udam Singh Nagar,2022-06-27,2022,06,3.500640096,NRSC VIC MODEL
Uttarakhand,Udam Singh Nagar,2022-07-04,2022,07,0.119210725,NRSC VIC MODEL
Uttarakhand,Udam Singh Nagar,2022-07-07,2022,07,4.016848176,NRSC VIC MODEL
Uttarakhand,Udam Singh Nagar,2022-07-13,2022,07,1.249599543,NRSC VIC MODEL
Uttarakhand,Udam Singh Nagar,2022-07-20,2022,07,30.25321053,NRSC VIC MODEL
Uttarakhand,Udam Singh Nagar,2022-07-28,2022,07,20.55472529,NRSC VIC MODEL
Uttarakhand,Udam Singh Nagar,2022-07-29,2022,07,3.87109034,NRSC VIC MODEL
Uttarakhand,Udam Singh Nagar,2022-07-31,2022,07,29.86101013,NRSC VIC MODEL
Uttarakhand,Udam Singh Nagar,2022-08-09,2022,08,0.0977112845,NRSC VIC MODEL
Uttarakhand,Udam Singh Nagar,2022-08-11,2022,08,29.1039901568,NRSC VIC MODEL
Uttarakhand,Udam Singh Nagar,2022-08-15,2022,08,27.4196668778,NRSC VIC MODEL
Uttarakhand,Udam Singh Nagar,2022-08-21,2022,08,2.9027032509,NRSC VIC MODEL
Uttarakhand,Udam Singh Nagar,2022-08-22,2022,08,6.0711736697,NRSC VIC MODEL
Uttarakhand,Udam Singh Nagar,2022-09-02,2022,09,24.3961203429,NRSC VIC MODEL
Uttarakhand,Udam Singh Nagar,2022-09-05,2022,09,0.6997949717,NRSC VIC MODEL
Uttarakhand,Udam Singh Nagar,2022-09-06,2022,09,0.0009457562,NRSC VIC MODEL
Uttarakhand,Udam Singh Nagar,2022-09-09,2022,09,3.5616959563,NRSC VIC MODEL
Uttarakhand,Udam Singh Nagar,2022-09-12,2022,09,0.0004311528,NRSC VIC MODEL
Uttarakhand,Udam Singh Nagar,2022-09-21,2022,09,0.213075585,NRSC VIC MODEL
Uttarakhand,Udam Singh Nagar,2022-09-24,2022,09,12.3837917081,NRSC VIC MODEL
Uttarakhand,Udam Singh Nagar,2022-09-27,2022,09,5.563e-07,NRSC VIC MODEL
Uttarakhand,Udam Singh Nagar,2022-10-01,2022,10,0,NRSC VIC MODEL
Uttarakhand,Udam Singh Nagar,2022-08-24,2022,08,22.5295966,NRSC VIC MODEL
Uttarakhand,Udam Singh Nagar,2022-10-06,2022,10,0.1998097363,NRSC VIC MODEL
Uttarakhand,Udam Singh Nagar,2022-10-10,2022,10,71.3542283872,NRSC VIC MODEL
Uttarakhand,Udam Singh Nagar,2022-10-14,2022,10,1.669e-06,NRSC VIC MODEL
Uttarakhand,Udam Singh Nagar,2022-10-28,2022,10,0.0006704983,NRSC VIC MODEL
Uttarakhand,Udam Singh Nagar,2022-11-09,2022,11,0.0400958009,NRSC VIC MODEL
Uttarakhand,Udam Singh Nagar,2022-11-15,2022,11,0.047581215,NRSC VIC MODEL
Uttarakhand,Udam Singh Nagar,2022-11-19,2022,11,0,NRSC VIC MODEL
Uttarakhand,Udam Singh Nagar,2022-11-29,2022,11,0.0009386977,NRSC VIC MODEL
Uttarakhand,Udam Singh Nagar,2022-12-01,2022,12,5.563e-07,NRSC VIC MODEL
Uttarakhand,Udam Singh Nagar,2022-12-03,2022,12,0.00254845,NRSC VIC MODEL
Uttarakhand,Udam Singh Nagar,2022-12-05,2022,12,0,NRSC VIC MODEL
Uttarakhand,Udam Singh Nagar,2022-12-15,2022,12,0,NRSC VIC MODEL
Uttarakhand,Udam Singh Nagar,2022-12-16,2022,12,0,NRSC VIC MODEL
Uttarakhand,Udam Singh Nagar,2022-12-19,2022,12,0,NRSC VIC MODEL
Uttarakhand,Udam Singh Nagar,2022-12-21,2022,12,0,NRSC VIC MODEL
Uttarakhand,Udam Singh Nagar,2022-12-23,2022,12,0.042578136,NRSC VIC MODEL
Uttarakhand,Udam Singh Nagar,2022-12-24,2022,12,0.0028015141,NRSC VIC MODEL
Uttarakhand,Uttar Kashi,2022-01-23,2022,01,7.929627995,NRSC VIC MODEL
Uttarakhand,Uttar Kashi,2022-01-25,2022,01,4.522819967,NRSC VIC MODEL
Uttarakhand,Uttar Kashi,2022-02-05,2022,02,2.542921518,NRSC VIC MODEL
Uttarakhand,Uttar Kashi,2022-02-07,2022,02,1.760734951,NRSC VIC MODEL
Uttarakhand,Uttar Kashi,2022-02-11,2022,02,1.354155829,NRSC VIC MODEL
Uttarakhand,Uttar Kashi,2022-02-15,2022,02,1.019812992,NRSC VIC MODEL
Uttarakhand,Uttar Kashi,2022-02-22,2022,02,4.389701801,NRSC VIC MODEL
Uttarakhand,Uttar Kashi,2022-02-23,2022,02,3.306675012,NRSC VIC MODEL
Uttarakhand,Uttar Kashi,2022-03-01,2022,03,0.666466542,NRSC VIC MODEL
Uttarakhand,Uttar Kashi,2022-03-04,2022,03,0.050011776,NRSC VIC MODEL
Uttarakhand,Uttar Kashi,2022-03-05,2022,03,0.298196501,NRSC VIC MODEL
Uttarakhand,Uttar Kashi,2022-03-13,2022,03,0,NRSC VIC MODEL
Uttarakhand,Uttar Kashi,2022-03-15,2022,03,0.414778969,NRSC VIC MODEL
Uttarakhand,Uttar Kashi,2022-03-28,2022,03,0.000659424,NRSC VIC MODEL
Uttarakhand,Uttar Kashi,2022-03-29,2022,03,0,NRSC VIC MODEL
Uttarakhand,Uttar Kashi,2022-04-01,2022,04,0.03428131,NRSC VIC MODEL
Uttarakhand,Uttar Kashi,2022-04-19,2022,04,0.736636928,NRSC VIC MODEL
Uttarakhand,Uttar Kashi,2022-04-22,2022,04,0.422120633,NRSC VIC MODEL
Uttarakhand,Uttar Kashi,2022-04-24,2022,04,0.241273111,NRSC VIC MODEL
Uttarakhand,Uttar Kashi,2022-04-26,2022,04,0.043444246,NRSC VIC MODEL
Uttarakhand,Uttar Kashi,2022-05-04,2022,05,2.39571595,NRSC VIC MODEL
Uttarakhand,Uttar Kashi,2022-05-11,2022,05,2.880967751,NRSC VIC MODEL
Uttarakhand,Uttar Kashi,2022-05-13,2022,05,0.670207395,NRSC VIC MODEL
Uttarakhand,Uttar Kashi,2022-05-15,2022,05,0.397221474,NRSC VIC MODEL
Uttarakhand,Uttar Kashi,2022-05-17,2022,05,11.54872433,NRSC VIC MODEL
Uttarakhand,Uttar Kashi,2022-05-20,2022,05,0.022666659,NRSC VIC MODEL
Uttarakhand,Uttar Kashi,2022-05-26,2022,05,0.531884898,NRSC VIC MODEL
Uttarakhand,Uttar Kashi,2022-06-02,2022,06,0,NRSC VIC MODEL
Uttarakhand,Uttar Kashi,2022-06-03,2022,06,0,NRSC VIC MODEL
Uttarakhand,Uttar Kashi,2022-06-04,2022,06,0,NRSC VIC MODEL
Uttarakhand,Uttar Kashi,2022-06-07,2022,06,0.029934938,NRSC VIC MODEL
Uttarakhand,Uttar Kashi,2022-06-08,2022,06,0.014574511,NRSC VIC MODEL
Uttarakhand,Uttar Kashi,2022-06-13,2022,06,0.463527879,NRSC VIC MODEL
Uttarakhand,Uttar Kashi,2022-06-20,2022,06,0.388120188,NRSC VIC MODEL
Uttarakhand,Uttar Kashi,2022-06-26,2022,06,0.319520069,NRSC VIC MODEL
Uttarakhand,Uttar Kashi,2022-07-06,2022,07,25.14503515,NRSC VIC MODEL
Uttarakhand,Uttar Kashi,2022-07-12,2022,07,5.703787145,NRSC VIC MODEL
Uttarakhand,Uttar Kashi,2022-07-13,2022,07,11.48864424,NRSC VIC MODEL
Uttarakhand,Uttar Kashi,2022-07-24,2022,07,25.1613595,NRSC VIC MODEL
Uttarakhand,Uttar Kashi,2022-07-28,2022,07,11.20547807,NRSC VIC MODEL
Uttarakhand,Uttar Kashi,2022-07-31,2022,07,5.218450988,NRSC VIC MODEL
Uttarakhand,Uttar Kashi,2022-08-02,2022,08,0.1818248494,NRSC VIC MODEL
Uttarakhand,Uttar Kashi,2022-08-04,2022,08,11.7649903885,NRSC VIC MODEL
Uttarakhand,Uttar Kashi,2022-08-09,2022,08,3.9205813705,NRSC VIC MODEL
Uttarakhand,Uttar Kashi,2022-08-17,2022,08,4.4163928993,NRSC VIC MODEL
Uttarakhand,Uttar Kashi,2022-08-20,2022,08,10.9084656143,NRSC VIC MODEL
Uttarakhand,Uttar Kashi,2022-08-22,2022,08,6.3490377641,NRSC VIC MODEL
Uttarakhand,Uttar Kashi,2022-08-25,2022,08,8.117665861,NRSC VIC MODEL
Uttarakhand,Uttar Kashi,2022-08-30,2022,08,3.5155325445,NRSC VIC MODEL
Uttarakhand,Uttar Kashi,2022-09-02,2022,09,0.9989958285,NRSC VIC MODEL
Uttarakhand,Uttar Kashi,2022-09-03,2022,09,0.0138267714,NRSC VIC MODEL
Uttarakhand,Uttar Kashi,2022-09-05,2022,09,1.2982044675,NRSC VIC MODEL
Uttarakhand,Uttar Kashi,2022-09-11,2022,09,2.7530270418,NRSC VIC MODEL
Uttarakhand,Uttar Kashi,2022-09-21,2022,09,3.338022102,NRSC VIC MODEL
Uttarakhand,Uttar Kashi,2022-10-04,2022,10,5.1468e-06,NRSC VIC MODEL
Uttarakhand,Uttar Kashi,2022-10-10,2022,10,1.2320378716,NRSC VIC MODEL
Uttarakhand,Uttar Kashi,2022-10-12,2022,10,5.5713659495,NRSC VIC MODEL
Uttarakhand,Uttar Kashi,2022-10-14,2022,10,3.4275762839,NRSC VIC MODEL
Uttarakhand,Uttar Kashi,2022-10-22,2022,10,0.3432743277,NRSC VIC MODEL
Uttarakhand,Uttar Kashi,2022-10-23,2022,10,0.0084289617,NRSC VIC MODEL
Uttarakhand,Uttar Kashi,2022-10-31,2022,10,0.0046493583,NRSC VIC MODEL
Uttarakhand,Uttar Kashi,2022-11-07,2022,11,0,NRSC VIC MODEL
Uttarakhand,Uttar Kashi,2022-11-08,2022,11,0,NRSC VIC MODEL
Uttarakhand,Uttar Kashi,2022-11-13,2022,11,0.0175142255,NRSC VIC MODEL
Uttarakhand,Uttar Kashi,2022-11-14,2022,11,0.813449438,NRSC VIC MODEL
Uttarakhand,Uttar Kashi,2022-11-18,2022,11,0,NRSC VIC MODEL
Uttarakhand,Uttar Kashi,2022-12-01,2022,12,0.0844465256,NRSC VIC MODEL
Uttarakhand,Uttar Kashi,2022-12-04,2022,12,0,NRSC VIC MODEL
Uttarakhand,Uttar Kashi,2022-12-07,2022,12,0,NRSC VIC MODEL
Uttarakhand,Uttar Kashi,2022-12-10,2022,12,0.0922002149,NRSC VIC MODEL
Uttarakhand,Uttar Kashi,2022-12-12,2022,12,2.0587e-06,NRSC VIC MODEL
Uttarakhand,Uttar Kashi,2022-12-14,2022,12,0.0027858805,NRSC VIC MODEL
Uttarakhand,Pithoragarh,2022-07-03,2022,07,7.811732469,NRSC VIC MODEL
Uttarakhand,Pithoragarh,2022-07-07,2022,07,11.83207562,NRSC VIC MODEL
Uttarakhand,Pithoragarh,2022-07-08,2022,07,1.568862805,NRSC VIC MODEL
Uttarakhand,Pithoragarh,2022-07-10,2022,07,5.205920587,NRSC VIC MODEL
Uttarakhand,Pithoragarh,2022-07-17,2022,07,11.49262603,NRSC VIC MODEL
Uttarakhand,Pithoragarh,2022-07-23,2022,07,6.106928967,NRSC VIC MODEL
Uttarakhand,Pithoragarh,2022-07-25,2022,07,8.909803853,NRSC VIC MODEL
Uttarakhand,Pithoragarh,2022-07-28,2022,07,21.8644295,NRSC VIC MODEL
Uttarakhand,Pithoragarh,2022-08-02,2022,08,11.6217026694,NRSC VIC MODEL
Uttarakhand,Pithoragarh,2022-08-04,2022,08,10.5585320616,NRSC VIC MODEL
Uttarakhand,Pithoragarh,2022-08-06,2022,08,10.5440151108,NRSC VIC MODEL
Uttarakhand,Pithoragarh,2022-08-10,2022,08,0.1604325666,NRSC VIC MODEL
Uttarakhand,Pithoragarh,2022-08-13,2022,08,0.0015488144,NRSC VIC MODEL
Uttarakhand,Pithoragarh,2022-08-16,2022,08,1.5034465613,NRSC VIC MODEL
Uttarakhand,Pithoragarh,2022-08-17,2022,08,0.7519935425,NRSC VIC MODEL
Uttarakhand,Pithoragarh,2022-08-22,2022,08,5.9973955373,NRSC VIC MODEL
Uttarakhand,Pithoragarh,2022-08-30,2022,08,2.2771078915,NRSC VIC MODEL
Uttarakhand,Pithoragarh,2022-09-04,2022,09,5.0779060384,NRSC VIC MODEL
Uttarakhand,Pithoragarh,2022-09-12,2022,09,2.012437051,NRSC VIC MODEL
Uttarakhand,Pithoragarh,2022-09-13,2022,09,0.5210880823,NRSC VIC MODEL
Uttarakhand,Pithoragarh,2022-09-18,2022,09,7.0150350762,NRSC VIC MODEL
Uttarakhand,Pithoragarh,2022-10-03,2022,10,0.0004092055,NRSC VIC MODEL
Uttarakhand,Pithoragarh,2022-08-24,2022,08,4.840192932,NRSC VIC MODEL
Uttarakhand,Pithoragarh,2022-10-17,2022,10,0.064818416,NRSC VIC MODEL
Uttarakhand,Pithoragarh,2022-10-18,2022,10,0.037134473,NRSC VIC MODEL
Uttarakhand,Pithoragarh,2022-10-22,2022,10,0.5199721352,NRSC VIC MODEL
Uttarakhand,Pithoragarh,2022-10-24,2022,10,0.1129097797,NRSC VIC MODEL
Uttarakhand,Pithoragarh,2022-11-01,2022,11,0,NRSC VIC MODEL
Uttarakhand,Pithoragarh,2022-11-07,2022,11,0.0008264666,NRSC VIC MODEL
Uttarakhand,Pithoragarh,2022-11-11,2022,11,1.7049170617,NRSC VIC MODEL
Uttarakhand,Pithoragarh,2022-11-19,2022,11,0.0123563783,NRSC VIC MODEL
Uttarakhand,Pithoragarh,2022-11-22,2022,11,0.2055549153,NRSC VIC MODEL
Uttarakhand,Pithoragarh,2022-11-23,2022,11,7.08593e-05,NRSC VIC MODEL
Uttarakhand,Pithoragarh,2022-11-24,2022,11,0.0001235935,NRSC VIC MODEL
Uttarakhand,Pithoragarh,2022-12-06,2022,12,0.0288597429,NRSC VIC MODEL
Uttarakhand,Pithoragarh,2022-12-08,2022,12,0,NRSC VIC MODEL
Uttarakhand,Pithoragarh,2022-12-10,2022,12,0.0188054449,NRSC VIC MODEL
Uttarakhand,Pithoragarh,2022-12-16,2022,12,0,NRSC VIC MODEL
Uttarakhand,Pithoragarh,2022-12-27,2022,12,0,NRSC VIC MODEL
Uttarakhand,Pithoragarh,2022-12-30,2022,12,0.0008418737,NRSC VIC MODEL
Uttarakhand,Rudra Prayag,2022-01-03,2022,01,0,NRSC VIC MODEL
Uttarakhand,Rudra Prayag,2022-01-05,2022,01,6.137362433,NRSC VIC MODEL
Uttarakhand,Rudra Prayag,2022-01-14,2022,01,0.210111689,NRSC VIC MODEL
Uttarakhand,Rudra Prayag,2022-01-17,2022,01,0,NRSC VIC MODEL
Uttarakhand,Rudra Prayag,2022-01-21,2022,01,1.549660694,NRSC VIC MODEL
Uttarakhand,Rudra Prayag,2022-01-25,2022,01,3.72793006,NRSC VIC MODEL
Uttarakhand,Rudra Prayag,2022-02-03,2022,02,2.507341743,NRSC VIC MODEL
Uttarakhand,Rudra Prayag,2022-02-07,2022,02,1.343604027,NRSC VIC MODEL
Uttarakhand,Rudra Prayag,2022-02-15,2022,02,0.766787218,NRSC VIC MODEL
Uttarakhand,Rudra Prayag,2022-02-26,2022,02,0.719759672,NRSC VIC MODEL
Uttarakhand,Rudra Prayag,2022-02-28,2022,02,0.055030526,NRSC VIC MODEL
Uttarakhand,Rudra Prayag,2022-03-02,2022,03,1.001523462,NRSC VIC MODEL
Uttarakhand,Rudra Prayag,2022-03-04,2022,03,0,NRSC VIC MODEL
Uttarakhand,Rudra Prayag,2022-03-09,2022,03,0,NRSC VIC MODEL
Uttarakhand,Rudra Prayag,2022-03-14,2022,03,0,NRSC VIC MODEL
Uttarakhand,Rudra Prayag,2022-03-15,2022,03,0.674926923,NRSC VIC MODEL
Uttarakhand,Rudra Prayag,2022-03-22,2022,03,1.505871114,NRSC VIC MODEL
Uttarakhand,Rudra Prayag,2022-04-15,2022,04,0.580463144,NRSC VIC MODEL
Uttarakhand,Rudra Prayag,2022-04-28,2022,04,0,NRSC VIC MODEL
Uttarakhand,Rudra Prayag,2022-04-30,2022,04,5.20838637,NRSC VIC MODEL
Uttarakhand,Rudra Prayag,2022-05-09,2022,05,1.134411171,NRSC VIC MODEL
Uttarakhand,Rudra Prayag,2022-05-16,2022,05,1.509918018,NRSC VIC MODEL
Uttarakhand,Rudra Prayag,2022-05-22,2022,05,0.00113308,NRSC VIC MODEL
Uttarakhand,Rudra Prayag,2022-05-26,2022,05,0.529796643,NRSC VIC MODEL
Uttarakhand,Rudra Prayag,2022-06-02,2022,06,0,NRSC VIC MODEL
Uttarakhand,Rudra Prayag,2022-06-04,2022,06,0,NRSC VIC MODEL
Uttarakhand,Rudra Prayag,2022-06-12,2022,06,10.18824289,NRSC VIC MODEL
Uttarakhand,Rudra Prayag,2022-06-13,2022,06,8.452036492,NRSC VIC MODEL
Uttarakhand,Rudra Prayag,2022-06-16,2022,06,5.363792104,NRSC VIC MODEL
Uttarakhand,Rudra Prayag,2022-06-21,2022,06,3.007932058,NRSC VIC MODEL
Uttarakhand,Rudra Prayag,2022-06-23,2022,06,1.137832836,NRSC VIC MODEL
Uttarakhand,Rudra Prayag,2022-06-27,2022,06,26.03136516,NRSC VIC MODEL
Uttarakhand,Rudra Prayag,2022-07-07,2022,07,12.2332256,NRSC VIC MODEL
Uttarakhand,Rudra Prayag,2022-07-10,2022,07,15.86637284,NRSC VIC MODEL
Uttarakhand,Rudra Prayag,2022-07-11,2022,07,1.100022104,NRSC VIC MODEL
Uttarakhand,Rudra Prayag,2022-07-14,2022,07,8.733076732,NRSC VIC MODEL
Uttarakhand,Rudra Prayag,2022-08-06,2022,08,19.4872383528,NRSC VIC MODEL
Uttarakhand,Rudra Prayag,2022-08-08,2022,08,0.2584301773,NRSC VIC MODEL
Uttarakhand,Rudra Prayag,2022-03-25,2022,03,0.003103728,NRSC VIC MODEL
Uttarakhand,Rudra Prayag,2022-04-19,2022,04,3.061358614,NRSC VIC MODEL
Uttarakhand,Rudra Prayag,2022-05-17,2022,05,7.110129924,NRSC VIC MODEL
Uttarakhand,Rudra Prayag,2022-06-03,2022,06,0,NRSC VIC MODEL
Uttarakhand,Rudra Prayag,2022-08-16,2022,08,3.8489005281,NRSC VIC MODEL
Uttarakhand,Rudra Prayag,2022-08-19,2022,08,14.7875609114,NRSC VIC MODEL
Uttarakhand,Rudra Prayag,2022-08-25,2022,08,17.7112818872,NRSC VIC MODEL
Uttarakhand,Rudra Prayag,2022-08-27,2022,08,0.233380708,NRSC VIC MODEL
Uttarakhand,Rudra Prayag,2022-08-28,2022,08,1.578184442,NRSC VIC MODEL
Uttarakhand,Rudra Prayag,2022-09-06,2022,09,10.1860912899,NRSC VIC MODEL
Uttarakhand,Rudra Prayag,2022-09-07,2022,09,0.0479961495,NRSC VIC MODEL
Uttarakhand,Rudra Prayag,2022-09-28,2022,09,0,NRSC VIC MODEL
Uttarakhand,Rudra Prayag,2022-09-29,2022,09,0.9668198577,NRSC VIC MODEL
Uttarakhand,Rudra Prayag,2022-09-30,2022,09,0.105122527,NRSC VIC MODEL
Uttarakhand,Rudra Prayag,2022-10-03,2022,10,0.0004299667,NRSC VIC MODEL
Uttarakhand,Rudra Prayag,2022-10-11,2022,10,2.5757008545,NRSC VIC MODEL
Uttarakhand,Rudra Prayag,2022-10-13,2022,10,0.6080067203,NRSC VIC MODEL
Uttarakhand,Rudra Prayag,2022-10-17,2022,10,0.0503724476,NRSC VIC MODEL
Uttarakhand,Rudra Prayag,2022-10-20,2022,10,0.3249950898,NRSC VIC MODEL
Uttarakhand,Rudra Prayag,2022-10-25,2022,10,0.1631645196,NRSC VIC MODEL
Uttarakhand,Rudra Prayag,2022-10-27,2022,10,0.0186154602,NRSC VIC MODEL
Uttarakhand,Rudra Prayag,2022-10-28,2022,10,0.0088307182,NRSC VIC MODEL
Uttarakhand,Rudra Prayag,2022-10-29,2022,10,0.0065004287,NRSC VIC MODEL
Uttarakhand,Rudra Prayag,2022-11-10,2022,11,5.7426783583,NRSC VIC MODEL
Uttarakhand,Rudra Prayag,2022-11-15,2022,11,2.6721200468,NRSC VIC MODEL
Uttarakhand,Rudra Prayag,2022-11-18,2022,11,0,NRSC VIC MODEL
Uttarakhand,Rudra Prayag,2022-11-25,2022,11,0.001004022,NRSC VIC MODEL
Uttarakhand,Rudra Prayag,2022-11-27,2022,11,0.0690558081,NRSC VIC MODEL
Uttarakhand,Rudra Prayag,2022-11-28,2022,11,0,NRSC VIC MODEL
Uttarakhand,Rudra Prayag,2022-12-02,2022,12,0.0269098213,NRSC VIC MODEL
Uttarakhand,Rudra Prayag,2022-12-04,2022,12,0.0005600921,NRSC VIC MODEL
Uttarakhand,Rudra Prayag,2022-12-09,2022,12,0,NRSC VIC MODEL
Uttarakhand,Rudra Prayag,2022-12-13,2022,12,0,NRSC VIC MODEL
Uttarakhand,Rudra Prayag,2022-12-27,2022,12,0,NRSC VIC MODEL
Uttarakhand,Tehri Garhwal,2022-01-19,2022,01,0.027841046,NRSC VIC MODEL
Uttarakhand,Tehri Garhwal,2022-01-24,2022,01,11.67950276,NRSC VIC MODEL
Uttarakhand,Tehri Garhwal,2022-01-27,2022,01,3.389763153,NRSC VIC MODEL
Uttarakhand,Tehri Garhwal,2022-02-05,2022,02,4.808546409,NRSC VIC MODEL
Uttarakhand,Tehri Garhwal,2022-02-12,2022,02,0,NRSC VIC MODEL
Uttarakhand,Tehri Garhwal,2022-02-20,2022,02,0.045514117,NRSC VIC MODEL
Uttarakhand,Tehri Garhwal,2022-02-21,2022,02,2.068845805,NRSC VIC MODEL
Uttarakhand,Tehri Garhwal,2022-02-22,2022,02,0.662253223,NRSC VIC MODEL
Uttarakhand,Tehri Garhwal,2022-02-27,2022,02,14.46229978,NRSC VIC MODEL
Uttarakhand,Tehri Garhwal,2022-02-28,2022,02,0.00204313,NRSC VIC MODEL
Uttarakhand,Tehri Garhwal,2022-03-01,2022,03,0.026601548,NRSC VIC MODEL
Uttarakhand,Tehri Garhwal,2022-03-10,2022,03,0,NRSC VIC MODEL
Uttarakhand,Tehri Garhwal,2022-03-18,2022,03,0.000217934,NRSC VIC MODEL
Uttarakhand,Tehri Garhwal,2022-03-27,2022,03,0.000572432,NRSC VIC MODEL
Uttarakhand,Tehri Garhwal,2022-03-29,2022,03,0,NRSC VIC MODEL
Uttarakhand,Tehri Garhwal,2022-04-05,2022,04,0.000106939,NRSC VIC MODEL
Uttarakhand,Tehri Garhwal,2022-04-09,2022,04,0.025326216,NRSC VIC MODEL
Uttarakhand,Tehri Garhwal,2022-04-17,2022,04,1.207517655,NRSC VIC MODEL
Uttarakhand,Tehri Garhwal,2022-04-23,2022,04,0.351978358,NRSC VIC MODEL
Uttarakhand,Tehri Garhwal,2022-04-26,2022,04,0.089040138,NRSC VIC MODEL
Uttarakhand,Tehri Garhwal,2022-05-01,2022,05,3.603737002,NRSC VIC MODEL
Uttarakhand,Tehri Garhwal,2022-05-05,2022,05,1.643402294,NRSC VIC MODEL
Uttarakhand,Tehri Garhwal,2022-05-12,2022,05,0.761042843,NRSC VIC MODEL
Uttarakhand,Tehri Garhwal,2022-05-17,2022,05,10.66510425,NRSC VIC MODEL
Uttarakhand,Tehri Garhwal,2022-05-22,2022,05,0.001262122,NRSC VIC MODEL
Uttarakhand,Tehri Garhwal,2022-05-25,2022,05,10.15062845,NRSC VIC MODEL
Uttarakhand,Tehri Garhwal,2022-05-27,2022,05,0.036411178,NRSC VIC MODEL
Uttarakhand,Tehri Garhwal,2022-06-02,2022,06,0,NRSC VIC MODEL
Uttarakhand,Tehri Garhwal,2022-06-04,2022,06,0,NRSC VIC MODEL
Uttarakhand,Tehri Garhwal,2022-06-14,2022,06,0.031667705,NRSC VIC MODEL
Uttarakhand,Tehri Garhwal,2022-06-24,2022,06,0.035842941,NRSC VIC MODEL
Uttarakhand,Tehri Garhwal,2022-07-03,2022,07,26.33725099,NRSC VIC MODEL
Uttarakhand,Tehri Garhwal,2022-07-05,2022,07,2.589236424,NRSC VIC MODEL
Uttarakhand,Tehri Garhwal,2022-07-06,2022,07,23.45515145,NRSC VIC MODEL
Uttarakhand,Tehri Garhwal,2022-07-07,2022,07,14.77058347,NRSC VIC MODEL
Uttarakhand,Tehri Garhwal,2022-07-08,2022,07,3.859945159,NRSC VIC MODEL
Uttarakhand,Tehri Garhwal,2022-07-10,2022,07,19.08738293,NRSC VIC MODEL
Uttarakhand,Tehri Garhwal,2022-07-16,2022,07,2.703395119,NRSC VIC MODEL
Uttarakhand,Tehri Garhwal,2022-07-19,2022,07,0.600118682,NRSC VIC MODEL
Uttarakhand,Tehri Garhwal,2022-07-20,2022,07,17.3647811,NRSC VIC MODEL
Uttarakhand,Tehri Garhwal,2022-07-23,2022,07,21.54465315,NRSC VIC MODEL
Uttarakhand,Tehri Garhwal,2022-07-24,2022,07,33.54698311,NRSC VIC MODEL
Uttarakhand,Tehri Garhwal,2022-07-25,2022,07,16.67091322,NRSC VIC MODEL
Uttarakhand,Tehri Garhwal,2022-07-26,2022,07,5.131653575,NRSC VIC MODEL
Uttarakhand,Tehri Garhwal,2022-07-30,2022,07,26.2911543,NRSC VIC MODEL
Uttarakhand,Tehri Garhwal,2022-08-09,2022,08,8.3132375483,NRSC VIC MODEL
Uttarakhand,Tehri Garhwal,2022-08-31,2022,08,2.2099032851,NRSC VIC MODEL
Uttarakhand,Tehri Garhwal,2022-09-10,2022,09,17.2442215395,NRSC VIC MODEL
Uttarakhand,Tehri Garhwal,2022-09-12,2022,09,4.6004173602,NRSC VIC MODEL
Uttarakhand,Tehri Garhwal,2022-09-18,2022,09,8.6273128707,NRSC VIC MODEL
Uttarakhand,Tehri Garhwal,2022-09-21,2022,09,2.234824572,NRSC VIC MODEL
Uttarakhand,Tehri Garhwal,2022-09-25,2022,09,21.6925724245,NRSC VIC MODEL
Uttarakhand,Tehri Garhwal,2022-09-27,2022,09,1.2282770271,NRSC VIC MODEL
Uttarakhand,Tehri Garhwal,2022-10-03,2022,10,4.045e-06,NRSC VIC MODEL
Uttarakhand,Tehri Garhwal,2022-10-05,2022,10,0.3823360492,NRSC VIC MODEL
Uttarakhand,Tehri Garhwal,2022-10-06,2022,10,3.623094179,NRSC VIC MODEL
Uttarakhand,Tehri Garhwal,2022-10-12,2022,10,3.3614192729,NRSC VIC MODEL
Uttarakhand,Tehri Garhwal,2022-10-24,2022,10,0.0146952191,NRSC VIC MODEL
Uttarakhand,Tehri Garhwal,2022-10-25,2022,10,0.0094098381,NRSC VIC MODEL
Uttarakhand,Tehri Garhwal,2022-10-26,2022,10,0.0041040649,NRSC VIC MODEL
Uttarakhand,Tehri Garhwal,2022-10-29,2022,10,0.0151346393,NRSC VIC MODEL
Uttarakhand,Tehri Garhwal,2022-11-16,2022,11,0.0288244498,NRSC VIC MODEL
Uttarakhand,Tehri Garhwal,2022-11-30,2022,11,0.0074196882,NRSC VIC MODEL
Uttarakhand,Tehri Garhwal,2022-12-06,2022,12,0.0030664878,NRSC VIC MODEL
Uttarakhand,Tehri Garhwal,2022-12-07,2022,12,0,NRSC VIC MODEL
Uttarakhand,Tehri Garhwal,2022-12-10,2022,12,0.0197495391,NRSC VIC MODEL
Uttarakhand,Tehri Garhwal,2022-12-21,2022,12,0,NRSC VIC MODEL
Uttarakhand,Bageshwar,2022-01-20,2022,01,0.72699681,NRSC VIC MODEL
Uttarakhand,Bageshwar,2022-01-21,2022,01,0.176048791,NRSC VIC MODEL
Uttarakhand,Bageshwar,2022-01-25,2022,01,2.43434469,NRSC VIC MODEL
Uttarakhand,Bageshwar,2022-01-26,2022,01,1.975464591,NRSC VIC MODEL
Uttarakhand,Bageshwar,2022-01-27,2022,01,2.732237524,NRSC VIC MODEL
Uttarakhand,Bageshwar,2022-01-30,2022,01,0,NRSC VIC MODEL
Uttarakhand,Bageshwar,2022-01-31,2022,01,0,NRSC VIC MODEL
Uttarakhand,Bageshwar,2022-02-07,2022,02,1.172777328,NRSC VIC MODEL
Uttarakhand,Bageshwar,2022-02-08,2022,02,0,NRSC VIC MODEL
Uttarakhand,Bageshwar,2022-02-09,2022,02,0.623755367,NRSC VIC MODEL
Uttarakhand,Bageshwar,2022-02-11,2022,02,0.001961946,NRSC VIC MODEL
Uttarakhand,Bageshwar,2022-02-12,2022,02,0,NRSC VIC MODEL
Uttarakhand,Bageshwar,2022-02-26,2022,02,0.828288269,NRSC VIC MODEL
Uttarakhand,Bageshwar,2022-02-27,2022,02,17.5853793,NRSC VIC MODEL
Uttarakhand,Bageshwar,2022-03-08,2022,03,0.011376896,NRSC VIC MODEL
Uttarakhand,Bageshwar,2022-03-11,2022,03,0.001686795,NRSC VIC MODEL
Uttarakhand,Bageshwar,2022-03-21,2022,03,0,NRSC VIC MODEL
Uttarakhand,Bageshwar,2022-03-22,2022,03,0.189286783,NRSC VIC MODEL
Uttarakhand,Bageshwar,2022-03-23,2022,03,0.771135226,NRSC VIC MODEL
Uttarakhand,Bageshwar,2022-03-27,2022,03,0,NRSC VIC MODEL
Uttarakhand,Bageshwar,2022-04-01,2022,04,0,NRSC VIC MODEL
Uttarakhand,Bageshwar,2022-04-03,2022,04,0.00917234,NRSC VIC MODEL
Uttarakhand,Bageshwar,2022-04-09,2022,04,0.748771529,NRSC VIC MODEL
Uttarakhand,Bageshwar,2022-04-18,2022,04,0.005949723,NRSC VIC MODEL
Uttarakhand,Bageshwar,2022-04-20,2022,04,1.306995415,NRSC VIC MODEL
Uttarakhand,Bageshwar,2022-04-22,2022,04,0.777105084,NRSC VIC MODEL
Uttarakhand,Bageshwar,2022-05-06,2022,05,1.043128715,NRSC VIC MODEL
Uttarakhand,Bageshwar,2022-05-16,2022,05,0.810811054,NRSC VIC MODEL
Uttarakhand,Bageshwar,2022-05-22,2022,05,0.504606427,NRSC VIC MODEL
Uttarakhand,Bageshwar,2022-05-23,2022,05,6.327676474,NRSC VIC MODEL
Uttarakhand,Bageshwar,2022-05-28,2022,05,2.73530204,NRSC VIC MODEL
Uttarakhand,Bageshwar,2022-06-04,2022,06,0,NRSC VIC MODEL
Uttarakhand,Bageshwar,2022-06-07,2022,06,0.000352589,NRSC VIC MODEL
Uttarakhand,Bageshwar,2022-06-10,2022,06,0.133032928,NRSC VIC MODEL
Uttarakhand,Bageshwar,2022-06-13,2022,06,1.081035015,NRSC VIC MODEL
Uttarakhand,Bageshwar,2022-06-17,2022,06,0.467420089,NRSC VIC MODEL
Uttarakhand,Bageshwar,2022-06-21,2022,06,2.176462563,NRSC VIC MODEL
Uttarakhand,Bageshwar,2022-06-24,2022,06,1.385529711,NRSC VIC MODEL
Uttarakhand,Bageshwar,2022-06-26,2022,06,16.8302211,NRSC VIC MODEL
Uttarakhand,Bageshwar,2022-07-02,2022,07,6.040190508,NRSC VIC MODEL
Uttarakhand,Bageshwar,2022-07-03,2022,07,12.50642824,NRSC VIC MODEL
Uttarakhand,Bageshwar,2022-07-04,2022,07,8.505739515,NRSC VIC MODEL
Uttarakhand,Bageshwar,2022-07-06,2022,07,29.43241636,NRSC VIC MODEL
Uttarakhand,Bageshwar,2022-07-11,2022,07,4.909172427,NRSC VIC MODEL
Uttarakhand,Bageshwar,2022-07-13,2022,07,35.18765249,NRSC VIC MODEL
Uttarakhand,Bageshwar,2022-07-14,2022,07,12.48096088,NRSC VIC MODEL
Uttarakhand,Bageshwar,2022-07-20,2022,07,30.63640495,NRSC VIC MODEL
Uttarakhand,Bageshwar,2022-07-23,2022,07,5.093346291,NRSC VIC MODEL
Uttarakhand,Bageshwar,2022-07-26,2022,07,7.550962351,NRSC VIC MODEL
Uttarakhand,Bageshwar,2022-07-30,2022,07,13.89934172,NRSC VIC MODEL
Uttarakhand,Bageshwar,2022-08-01,2022,08,8.5025460597,NRSC VIC MODEL
Uttarakhand,Bageshwar,2022-08-02,2022,08,2.5303638365,NRSC VIC MODEL
Uttarakhand,Bageshwar,2022-08-06,2022,08,65.552186797,NRSC VIC MODEL
Uttarakhand,Bageshwar,2022-08-11,2022,08,61.1724585715,NRSC VIC MODEL
Uttarakhand,Bageshwar,2022-08-12,2022,08,0.2390871142,NRSC VIC MODEL
Uttarakhand,Bageshwar,2022-08-14,2022,08,0.2899625709,NRSC VIC MODEL
Uttarakhand,Bageshwar,2022-08-16,2022,08,7.5221661988,NRSC VIC MODEL
Uttarakhand,Bageshwar,2022-08-19,2022,08,20.3264477299,NRSC VIC MODEL
Uttarakhand,Bageshwar,2022-08-21,2022,08,7.9730182569,NRSC VIC MODEL
Uttarakhand,Bageshwar,2022-09-06,2022,09,3.1010796396,NRSC VIC MODEL
Uttarakhand,Bageshwar,2022-09-09,2022,09,4.8980702292,NRSC VIC MODEL
Uttarakhand,Bageshwar,2022-09-14,2022,09,9.1594830052,NRSC VIC MODEL
Uttarakhand,Bageshwar,2022-09-21,2022,09,2.4953573343,NRSC VIC MODEL
Uttarakhand,Bageshwar,2022-09-23,2022,09,4.1146099047,NRSC VIC MODEL
Uttarakhand,Bageshwar,2022-09-25,2022,09,24.2003791521,NRSC VIC MODEL
Uttarakhand,Bageshwar,2022-09-26,2022,09,6.1545729347,NRSC VIC MODEL
Uttarakhand,Bageshwar,2022-09-28,2022,09,0.0324067925,NRSC VIC MODEL
Uttarakhand,Bageshwar,2022-09-29,2022,09,0.8815901438,NRSC VIC MODEL
Uttarakhand,Bageshwar,2022-10-01,2022,10,0.1563565595,NRSC VIC MODEL
Uttarakhand,Bageshwar,2022-10-02,2022,10,0.6620300638,NRSC VIC MODEL
Uttarakhand,Bageshwar,2022-10-04,2022,10,0.0973495124,NRSC VIC MODEL
Uttarakhand,Bageshwar,2022-08-23,2022,08,7.473503802,NRSC VIC MODEL
Uttarakhand,Bageshwar,2022-10-05,2022,10,7.52e-08,NRSC VIC MODEL
Uttarakhand,Bageshwar,2022-10-06,2022,10,0.4621559618,NRSC VIC MODEL
Uttarakhand,Bageshwar,2022-10-12,2022,10,8.1200128812,NRSC VIC MODEL
Uttarakhand,Bageshwar,2022-10-14,2022,10,0.1719384085,NRSC VIC MODEL
Uttarakhand,Bageshwar,2022-10-16,2022,10,7.52e-08,NRSC VIC MODEL
Uttarakhand,Bageshwar,2022-10-19,2022,10,0.7784193899,NRSC VIC MODEL
Uttarakhand,Bageshwar,2022-10-20,2022,10,0,NRSC VIC MODEL
Uttarakhand,Bageshwar,2022-10-31,2022,10,0.0236577615,NRSC VIC MODEL
Uttarakhand,Bageshwar,2022-11-09,2022,11,0.0079854827,NRSC VIC MODEL
Uttarakhand,Bageshwar,2022-11-15,2022,11,0.63306994,NRSC VIC MODEL
Uttarakhand,Bageshwar,2022-11-19,2022,11,0.0037358624,NRSC VIC MODEL
Uttarakhand,Bageshwar,2022-11-22,2022,11,0.2269181236,NRSC VIC MODEL
Uttarakhand,Bageshwar,2022-11-25,2022,11,0,NRSC VIC MODEL
Uttarakhand,Bageshwar,2022-11-30,2022,11,0.0623476386,NRSC VIC MODEL
Uttarakhand,Bageshwar,2022-12-06,2022,12,0.0044490852,NRSC VIC MODEL
Uttarakhand,Bageshwar,2022-12-11,2022,12,0,NRSC VIC MODEL
Uttarakhand,Bageshwar,2022-12-18,2022,12,0,NRSC VIC MODEL
Uttarakhand,Bageshwar,2022-12-23,2022,12,0,NRSC VIC MODEL
Uttarakhand,Bageshwar,2022-12-27,2022,12,0,NRSC VIC MODEL
Uttarakhand,Bageshwar,2022-12-28,2022,12,0,NRSC VIC MODEL
Uttarakhand,Chamoli,2022-01-06,2022,01,29.66144687,NRSC VIC MODEL
Uttarakhand,Chamoli,2022-01-07,2022,01,3.355792229,NRSC VIC MODEL
Uttarakhand,Chamoli,2022-01-09,2022,01,15.80110949,NRSC VIC MODEL
Uttarakhand,Chamoli,2022-01-12,2022,01,1.558694951,NRSC VIC MODEL
Uttarakhand,Chamoli,2022-01-22,2022,01,9.145888654,NRSC VIC MODEL
Uttarakhand,Chamoli,2022-01-24,2022,01,6.983087826,NRSC VIC MODEL
Uttarakhand,Chamoli,2022-01-26,2022,01,7.694086588,NRSC VIC MODEL
Uttarakhand,Chamoli,2022-01-27,2022,01,1.946460191,NRSC VIC MODEL
Uttarakhand,Chamoli,2022-01-28,2022,01,1.074766599,NRSC VIC MODEL
Uttarakhand,Chamoli,2022-01-29,2022,01,0.002524252,NRSC VIC MODEL
Uttarakhand,Chamoli,2022-02-04,2022,02,26.4618861,NRSC VIC MODEL
Uttarakhand,Chamoli,2022-02-10,2022,02,5.140006298,NRSC VIC MODEL
Uttarakhand,Chamoli,2022-02-11,2022,02,0.699853951,NRSC VIC MODEL
Uttarakhand,Chamoli,2022-02-22,2022,02,2.133853578,NRSC VIC MODEL
Uttarakhand,Chamoli,2022-02-28,2022,02,0.184440489,NRSC VIC MODEL
Uttarakhand,Chamoli,2022-03-08,2022,03,0.000408235,NRSC VIC MODEL
Uttarakhand,Chamoli,2022-03-11,2022,03,0,NRSC VIC MODEL
Uttarakhand,Chamoli,2022-03-12,2022,03,0,NRSC VIC MODEL
Uttarakhand,Chamoli,2022-03-24,2022,03,0.008105741,NRSC VIC MODEL
Uttarakhand,Chamoli,2022-04-08,2022,04,0.047438078,NRSC VIC MODEL
Uttarakhand,Chamoli,2022-04-11,2022,04,0.072058305,NRSC VIC MODEL
Uttarakhand,Chamoli,2022-04-17,2022,04,0.000713127,NRSC VIC MODEL
Uttarakhand,Chamoli,2022-04-20,2022,04,2.037535703,NRSC VIC MODEL
Uttarakhand,Chamoli,2022-04-21,2022,04,0.008477726,NRSC VIC MODEL
Uttarakhand,Chamoli,2022-05-03,2022,05,2.356379129,NRSC VIC MODEL
Uttarakhand,Chamoli,2022-05-07,2022,05,0.263775467,NRSC VIC MODEL
Uttarakhand,Chamoli,2022-05-12,2022,05,0.610919354,NRSC VIC MODEL
Uttarakhand,Chamoli,2022-05-20,2022,05,1.15509838,NRSC VIC MODEL
Uttarakhand,Chamoli,2022-05-24,2022,05,5.313427737,NRSC VIC MODEL
Uttarakhand,Chamoli,2022-05-30,2022,05,0.88626978,NRSC VIC MODEL
Uttarakhand,Chamoli,2022-05-31,2022,05,2.007720653,NRSC VIC MODEL
Uttarakhand,Chamoli,2022-06-02,2022,06,0,NRSC VIC MODEL
Uttarakhand,Chamoli,2022-06-06,2022,06,0,NRSC VIC MODEL
Uttarakhand,Chamoli,2022-06-07,2022,06,0.004941241,NRSC VIC MODEL
Uttarakhand,Chamoli,2022-06-19,2022,06,3.282569859,NRSC VIC MODEL
Uttarakhand,Chamoli,2022-06-26,2022,06,15.63295361,NRSC VIC MODEL
Uttarakhand,Chamoli,2022-06-30,2022,06,8.714666995,NRSC VIC MODEL
Uttarakhand,Chamoli,2022-07-20,2022,07,28.31262185,NRSC VIC MODEL
Uttarakhand,Chamoli,2022-07-26,2022,07,3.324488447,NRSC VIC MODEL
Uttarakhand,Chamoli,2022-07-30,2022,07,8.83002934,NRSC VIC MODEL
Uttarakhand,Chamoli,2022-08-05,2022,08,1.2665637005,NRSC VIC MODEL
Uttarakhand,Chamoli,2022-08-10,2022,08,1.2842571262,NRSC VIC MODEL
Uttarakhand,Chamoli,2022-08-12,2022,08,0.4118893738,NRSC VIC MODEL
Uttarakhand,Chamoli,2022-08-13,2022,08,0.1358436935,NRSC VIC MODEL
Uttarakhand,Chamoli,2022-08-14,2022,08,0.4236185157,NRSC VIC MODEL
Uttarakhand,Chamoli,2022-09-03,2022,09,0.491689184,NRSC VIC MODEL
Uttarakhand,Chamoli,2022-09-04,2022,09,1.4650903173,NRSC VIC MODEL
Uttarakhand,Chamoli,2022-09-16,2022,09,15.4205976957,NRSC VIC MODEL
Uttarakhand,Chamoli,2022-09-18,2022,09,5.848010364,NRSC VIC MODEL
Uttarakhand,Chamoli,2022-09-19,2022,09,1.3550840512,NRSC VIC MODEL
Uttarakhand,Chamoli,2022-09-24,2022,09,3.5164224864,NRSC VIC MODEL
Uttarakhand,Chamoli,2022-09-25,2022,09,12.9912124512,NRSC VIC MODEL
Uttarakhand,Chamoli,2022-09-26,2022,09,3.1388468931,NRSC VIC MODEL
Uttarakhand,Chamoli,2022-09-30,2022,09,0.2293637458,NRSC VIC MODEL
Uttarakhand,Chamoli,2022-10-01,2022,10,0.2150342427,NRSC VIC MODEL
Uttarakhand,Chamoli,2022-10-03,2022,10,8.15277e-05,NRSC VIC MODEL
Uttarakhand,Chamoli,2022-10-11,2022,10,12.2294253032,NRSC VIC MODEL
Uttarakhand,Chamoli,2022-10-14,2022,10,2.5334086037,NRSC VIC MODEL
Uttarakhand,Chamoli,2022-10-25,2022,10,0.1960663221,NRSC VIC MODEL
Uttarakhand,Chamoli,2022-10-27,2022,10,0.0498259849,NRSC VIC MODEL
Uttarakhand,Chamoli,2022-11-02,2022,11,14.3144767227,NRSC VIC MODEL
Uttarakhand,Chamoli,2022-11-06,2022,11,0,NRSC VIC MODEL
Uttarakhand,Chamoli,2022-11-11,2022,11,1.8487828721,NRSC VIC MODEL
Uttarakhand,Chamoli,2022-11-26,2022,11,0.0052374449,NRSC VIC MODEL
Uttarakhand,Chamoli,2022-12-01,2022,12,0.2828501923,NRSC VIC MODEL
Uttarakhand,Chamoli,2022-12-03,2022,12,0.7869837808,NRSC VIC MODEL
Uttarakhand,Chamoli,2022-12-07,2022,12,0,NRSC VIC MODEL
Uttarakhand,Chamoli,2022-12-11,2022,12,0,NRSC VIC MODEL
Uttarakhand,Chamoli,2022-12-21,2022,12,0,NRSC VIC MODEL
Uttarakhand,Chamoli,2022-12-22,2022,12,0,NRSC VIC MODEL
Uttarakhand,Chamoli,2022-12-27,2022,12,0,NRSC VIC MODEL
Uttarakhand,Chamoli,2022-12-28,2022,12,0,NRSC VIC MODEL
Uttarakhand,Chamoli,2022-12-31,2022,12,0,NRSC VIC MODEL
Uttarakhand,Champawat,2022-01-03,2022,01,0,NRSC VIC MODEL
Uttarakhand,Champawat,2022-01-10,2022,01,12.52154159,NRSC VIC MODEL
Uttarakhand,Champawat,2022-01-22,2022,01,8.052149499,NRSC VIC MODEL
Uttarakhand,Champawat,2022-01-24,2022,01,5.867351204,NRSC VIC MODEL
Uttarakhand,Champawat,2022-01-27,2022,01,0.186833009,NRSC VIC MODEL
Uttarakhand,Champawat,2022-02-03,2022,02,1.126174329,NRSC VIC MODEL
Uttarakhand,Champawat,2022-02-05,2022,02,7.955155277,NRSC VIC MODEL
Uttarakhand,Champawat,2022-02-08,2022,02,0,NRSC VIC MODEL
Uttarakhand,Champawat,2022-02-15,2022,02,0.000304487,NRSC VIC MODEL
Uttarakhand,Champawat,2022-02-20,2022,02,0,NRSC VIC MODEL
Uttarakhand,Champawat,2022-02-25,2022,02,0.178855459,NRSC VIC MODEL
Uttarakhand,Champawat,2022-03-06,2022,03,0.034604908,NRSC VIC MODEL
Uttarakhand,Champawat,2022-03-08,2022,03,0.000152243,NRSC VIC MODEL
Uttarakhand,Champawat,2022-03-27,2022,03,0,NRSC VIC MODEL
Uttarakhand,Champawat,2022-03-30,2022,03,0,NRSC VIC MODEL
Uttarakhand,Champawat,2022-04-02,2022,04,0.003272022,NRSC VIC MODEL
Uttarakhand,Champawat,2022-04-05,2022,04,0.000349893,NRSC VIC MODEL
Uttarakhand,Champawat,2022-04-10,2022,04,6.49e-05,NRSC VIC MODEL
Uttarakhand,Champawat,2022-04-13,2022,04,0,NRSC VIC MODEL
Uttarakhand,Champawat,2022-04-15,2022,04,1.149512164,NRSC VIC MODEL
Uttarakhand,Champawat,2022-04-17,2022,04,6.49e-05,NRSC VIC MODEL
Uttarakhand,Champawat,2022-04-23,2022,04,0.135261088,NRSC VIC MODEL
Uttarakhand,Champawat,2022-04-25,2022,04,0,NRSC VIC MODEL
Uttarakhand,Champawat,2022-04-28,2022,04,0,NRSC VIC MODEL
Uttarakhand,Champawat,2022-05-03,2022,05,0.000116631,NRSC VIC MODEL
Uttarakhand,Champawat,2022-05-07,2022,05,0.95554995,NRSC VIC MODEL
Uttarakhand,Champawat,2022-05-09,2022,05,0.550374787,NRSC VIC MODEL
Uttarakhand,Champawat,2022-05-10,2022,05,6.394189976,NRSC VIC MODEL
Uttarakhand,Champawat,2022-05-12,2022,05,1.453915451,NRSC VIC MODEL
Uttarakhand,Champawat,2022-05-13,2022,05,34.41955258,NRSC VIC MODEL
Uttarakhand,Champawat,2022-05-16,2022,05,0.001071593,NRSC VIC MODEL
Uttarakhand,Champawat,2022-05-19,2022,05,1.432024498,NRSC VIC MODEL
Uttarakhand,Champawat,2022-06-03,2022,06,0,NRSC VIC MODEL
Uttarakhand,Champawat,2022-06-17,2022,06,4.523776817,NRSC VIC MODEL
Uttarakhand,Champawat,2022-06-18,2022,06,3.09494013,NRSC VIC MODEL
Uttarakhand,Champawat,2022-06-20,2022,06,2.951456691,NRSC VIC MODEL
Uttarakhand,Champawat,2022-07-08,2022,07,0.776782426,NRSC VIC MODEL
Uttarakhand,Champawat,2022-07-09,2022,07,24.43917285,NRSC VIC MODEL
Uttarakhand,Almora,2022-01-03,2022,01,0,NRSC VIC MODEL
Uttarakhand,Almora,2022-01-05,2022,01,2.077500545,NRSC VIC MODEL
Uttarakhand,Almora,2022-01-06,2022,01,20.13820737,NRSC VIC MODEL
Uttarakhand,Almora,2022-01-16,2022,01,0.004280623,NRSC VIC MODEL
Uttarakhand,Almora,2022-01-21,2022,01,1.020254912,NRSC VIC MODEL
Uttarakhand,Almora,2022-01-31,2022,01,0,NRSC VIC MODEL
Uttarakhand,Almora,2022-02-04,2022,02,38.04213425,NRSC VIC MODEL
Uttarakhand,Almora,2022-02-07,2022,02,0.029120174,NRSC VIC MODEL
Uttarakhand,Almora,2022-02-09,2022,02,0.545208098,NRSC VIC MODEL
Uttarakhand,Almora,2022-02-10,2022,02,4.644271168,NRSC VIC MODEL
Uttarakhand,Almora,2022-02-18,2022,02,0,NRSC VIC MODEL
Uttarakhand,Almora,2022-02-20,2022,02,0.003137986,NRSC VIC MODEL
Uttarakhand,Almora,2022-02-23,2022,02,0.875498231,NRSC VIC MODEL
Uttarakhand,Almora,2022-02-28,2022,02,0,NRSC VIC MODEL
Uttarakhand,Almora,2022-03-02,2022,03,0.09906828,NRSC VIC MODEL
Uttarakhand,Almora,2022-03-04,2022,03,0.160881498,NRSC VIC MODEL
Uttarakhand,Almora,2022-03-09,2022,03,0,NRSC VIC MODEL
Uttarakhand,Almora,2022-03-11,2022,03,0.029708546,NRSC VIC MODEL
Uttarakhand,Almora,2022-03-12,2022,03,0,NRSC VIC MODEL
Uttarakhand,Almora,2022-03-15,2022,03,0.001125582,NRSC VIC MODEL
Uttarakhand,Almora,2022-03-19,2022,03,0.001057365,NRSC VIC MODEL
Uttarakhand,Almora,2022-03-20,2022,03,0,NRSC VIC MODEL
Uttarakhand,Almora,2022-03-29,2022,03,0,NRSC VIC MODEL
Uttarakhand,Almora,2022-04-04,2022,04,0,NRSC VIC MODEL
Uttarakhand,Almora,2022-04-11,2022,04,0.000687433,NRSC VIC MODEL
Uttarakhand,Almora,2022-04-13,2022,04,0,NRSC VIC MODEL
Uttarakhand,Almora,2022-04-27,2022,04,0,NRSC VIC MODEL
Uttarakhand,Almora,2022-05-02,2022,05,0.442110267,NRSC VIC MODEL
Uttarakhand,Almora,2022-05-06,2022,05,0.319810233,NRSC VIC MODEL
Uttarakhand,Almora,2022-05-14,2022,05,0.138854414,NRSC VIC MODEL
Uttarakhand,Almora,2022-05-16,2022,05,0.009476536,NRSC VIC MODEL
Uttarakhand,Almora,2022-05-21,2022,05,9.656828815,NRSC VIC MODEL
Uttarakhand,Almora,2022-05-25,2022,05,3.266954963,NRSC VIC MODEL
Uttarakhand,Almora,2022-06-07,2022,06,0,NRSC VIC MODEL
Uttarakhand,Almora,2022-06-08,2022,06,0.002603787,NRSC VIC MODEL
Uttarakhand,Almora,2022-06-09,2022,06,0.045074204,NRSC VIC MODEL
Uttarakhand,Almora,2022-06-10,2022,06,0.005473484,NRSC VIC MODEL
Uttarakhand,Almora,2022-06-29,2022,06,3.939749462,NRSC VIC MODEL
Uttarakhand,Almora,2022-06-30,2022,06,37.91720786,NRSC VIC MODEL
Uttarakhand,Almora,2022-07-05,2022,07,2.501771968,NRSC VIC MODEL
Uttarakhand,Almora,2022-07-17,2022,07,7.438779756,NRSC VIC MODEL
Uttarakhand,Almora,2022-07-21,2022,07,5.661563719,NRSC VIC MODEL
Uttarakhand,Almora,2022-08-03,2022,08,4.8674731991,NRSC VIC MODEL
Uttarakhand,Almora,2022-08-06,2022,08,29.092308949,NRSC VIC MODEL
Uttarakhand,Almora,2022-08-12,2022,08,0.5097957817,NRSC VIC MODEL
Uttarakhand,Almora,2022-08-13,2022,08,0,NRSC VIC MODEL
Uttarakhand,Almora,2022-08-14,2022,08,0.0059302505,NRSC VIC MODEL
Uttarakhand,Almora,2022-08-20,2022,08,6.6033800354,NRSC VIC MODEL
Uttarakhand,Almora,2022-08-22,2022,08,12.2165107166,NRSC VIC MODEL
Uttarakhand,Almora,2022-08-25,2022,08,3.9428786741,NRSC VIC MODEL
Uttarakhand,Almora,2022-08-26,2022,08,1.8296046,NRSC VIC MODEL
Uttarakhand,Almora,2022-08-29,2022,08,28.2806057409,NRSC VIC MODEL
Uttarakhand,Almora,2022-09-14,2022,09,5.3789807863,NRSC VIC MODEL
Uttarakhand,Almora,2022-09-19,2022,09,3.8788868835,NRSC VIC MODEL
Uttarakhand,Almora,2022-10-01,2022,10,0.8275693003,NRSC VIC MODEL
Uttarakhand,Almora,2022-10-03,2022,10,0.2044935588,NRSC VIC MODEL
Uttarakhand,Almora,2022-10-05,2022,10,0.1034588097,NRSC VIC MODEL
Uttarakhand,Almora,2022-10-07,2022,10,24.4934272281,NRSC VIC MODEL
Uttarakhand,Almora,2022-10-10,2022,10,155.360767731,NRSC VIC MODEL
Uttarakhand,Almora,2022-10-12,2022,10,1.0258808286,NRSC VIC MODEL
Uttarakhand,Almora,2022-10-15,2022,10,0.532196333,NRSC VIC MODEL
Uttarakhand,Almora,2022-10-17,2022,10,0,NRSC VIC MODEL
Uttarakhand,Almora,2022-10-23,2022,10,0.1993959468,NRSC VIC MODEL
Uttarakhand,Almora,2022-11-16,2022,11,0.030216428,NRSC VIC MODEL
Uttarakhand,Almora,2022-11-18,2022,11,0,NRSC VIC MODEL
Uttarakhand,Almora,2022-12-07,2022,12,0,NRSC VIC MODEL
Uttarakhand,Almora,2022-12-08,2022,12,0,NRSC VIC MODEL
Uttarakhand,Almora,2022-12-09,2022,12,0,NRSC VIC MODEL
Uttarakhand,Almora,2022-12-10,2022,12,0.1915110471,NRSC VIC MODEL
Uttarakhand,Almora,2022-12-16,2022,12,0,NRSC VIC MODEL
Uttarakhand,Almora,2022-12-19,2022,12,0,NRSC VIC MODEL
Uttarakhand,Almora,2022-12-24,2022,12,0,NRSC VIC MODEL
Uttarakhand,Bageshwar,2022-01-06,2022,01,28.20095633,NRSC VIC MODEL
Uttarakhand,Bageshwar,2022-01-08,2022,01,0.085583926,NRSC VIC MODEL
Uttarakhand,Nainital,2022-01-06,2022,01,37.69776168,NRSC VIC MODEL
Uttarakhand,Nainital,2022-01-13,2022,01,0.071834546,NRSC VIC MODEL
Uttarakhand,Nainital,2022-01-22,2022,01,9.854649944,NRSC VIC MODEL
Uttarakhand,Nainital,2022-01-31,2022,01,2.7e-05,NRSC VIC MODEL
Uttarakhand,Nainital,2022-02-04,2022,02,36.83619913,NRSC VIC MODEL
Uttarakhand,Nainital,2022-02-06,2022,02,0.00114687,NRSC VIC MODEL
Uttarakhand,Nainital,2022-02-08,2022,02,2.7e-05,NRSC VIC MODEL
Uttarakhand,Nainital,2022-02-10,2022,02,10.51244066,NRSC VIC MODEL
Uttarakhand,Nainital,2022-02-12,2022,02,0,NRSC VIC MODEL
Uttarakhand,Nainital,2022-02-14,2022,02,0,NRSC VIC MODEL
Uttarakhand,Nainital,2022-02-16,2022,02,0.032847709,NRSC VIC MODEL
Uttarakhand,Nainital,2022-02-18,2022,02,0,NRSC VIC MODEL
Uttarakhand,Nainital,2022-02-23,2022,02,0.366256338,NRSC VIC MODEL
Uttarakhand,Nainital,2022-02-27,2022,02,9.696354886,NRSC VIC MODEL
Uttarakhand,Nainital,2022-03-02,2022,03,0.04999679,NRSC VIC MODEL
Uttarakhand,Nainital,2022-03-16,2022,03,0.007400685,NRSC VIC MODEL
Uttarakhand,Nainital,2022-03-20,2022,03,0,NRSC VIC MODEL
Uttarakhand,Nainital,2022-03-21,2022,03,0,NRSC VIC MODEL
Uttarakhand,Nainital,2022-03-25,2022,03,0,NRSC VIC MODEL
Uttarakhand,Nainital,2022-03-29,2022,03,0,NRSC VIC MODEL
Uttarakhand,Nainital,2022-04-03,2022,04,0.049547758,NRSC VIC MODEL
Uttarakhand,Nainital,2022-04-09,2022,04,0.001835085,NRSC VIC MODEL
Uttarakhand,Nainital,2022-04-12,2022,04,0,NRSC VIC MODEL
Uttarakhand,Nainital,2022-04-13,2022,04,0,NRSC VIC MODEL
Uttarakhand,Nainital,2022-04-14,2022,04,0.80137707,NRSC VIC MODEL
Uttarakhand,Nainital,2022-04-16,2022,04,0.000550466,NRSC VIC MODEL
Uttarakhand,Nainital,2022-04-24,2022,04,0.011124077,NRSC VIC MODEL
Uttarakhand,Nainital,2022-04-30,2022,04,0.331252984,NRSC VIC MODEL
Uttarakhand,Nainital,2022-05-01,2022,05,0.002910362,NRSC VIC MODEL
Uttarakhand,Nainital,2022-05-05,2022,05,5.542232626,NRSC VIC MODEL
Uttarakhand,Nainital,2022-05-14,2022,05,0.001108034,NRSC VIC MODEL
Uttarakhand,Nainital,2022-06-04,2022,06,0,NRSC VIC MODEL
Uttarakhand,Nainital,2022-06-20,2022,06,9.203928079,NRSC VIC MODEL
Uttarakhand,Nainital,2022-06-21,2022,06,1.135211609,NRSC VIC MODEL
Uttarakhand,Nainital,2022-06-28,2022,06,24.33824121,NRSC VIC MODEL
Uttarakhand,Nainital,2022-06-29,2022,06,14.35099217,NRSC VIC MODEL
Uttarakhand,Nainital,2022-07-02,2022,07,1.189609832,NRSC VIC MODEL
Uttarakhand,Nainital,2022-07-08,2022,07,1.863614126,NRSC VIC MODEL
Uttarakhand,Nainital,2022-07-09,2022,07,54.0133183,NRSC VIC MODEL
Uttarakhand,Nainital,2022-07-11,2022,07,0.342445137,NRSC VIC MODEL
Uttarakhand,Nainital,2022-07-13,2022,07,1.12993525,NRSC VIC MODEL
Uttarakhand,Nainital,2022-07-24,2022,07,2.297324817,NRSC VIC MODEL
Uttarakhand,Nainital,2022-08-01,2022,08,13.1869382121,NRSC VIC MODEL
Uttarakhand,Nainital,2022-08-15,2022,08,39.5918702792,NRSC VIC MODEL
Uttarakhand,Nainital,2022-08-16,2022,08,2.3859809563,NRSC VIC MODEL
Uttarakhand,Nainital,2022-08-21,2022,08,4.7951585761,NRSC VIC MODEL
Uttarakhand,Nainital,2022-08-26,2022,08,1.0523404955,NRSC VIC MODEL
Uttarakhand,Nainital,2022-08-29,2022,08,86.8160954848,NRSC VIC MODEL
Uttarakhand,Nainital,2022-09-01,2022,09,8.6484331721,NRSC VIC MODEL
Uttarakhand,Nainital,2022-09-02,2022,09,34.4118639682,NRSC VIC MODEL
Uttarakhand,Nainital,2022-09-05,2022,09,5.0206733803,NRSC VIC MODEL
Uttarakhand,Nainital,2022-09-20,2022,09,1.4412211404,NRSC VIC MODEL
Uttarakhand,Nainital,2022-09-22,2022,09,6.3144968596,NRSC VIC MODEL
Uttarakhand,Nainital,2022-10-14,2022,10,0.0032559022,NRSC VIC MODEL
Uttarakhand,Nainital,2022-10-29,2022,10,0.0526668218,NRSC VIC MODEL
Uttarakhand,Nainital,2022-11-06,2022,11,0,NRSC VIC MODEL
Uttarakhand,Nainital,2022-11-10,2022,11,0.0001229705,NRSC VIC MODEL
Uttarakhand,Nainital,2022-11-21,2022,11,0.0012434612,NRSC VIC MODEL
Uttarakhand,Nainital,2022-11-24,2022,11,0,NRSC VIC MODEL
Uttarakhand,Nainital,2022-11-25,2022,11,0.0127116746,NRSC VIC MODEL
Uttarakhand,Nainital,2022-11-27,2022,11,0.043379751,NRSC VIC MODEL
Uttarakhand,Nainital,2022-12-12,2022,12,0,NRSC VIC MODEL
Uttarakhand,Nainital,2022-12-16,2022,12,0,NRSC VIC MODEL
Uttarakhand,Nainital,2022-12-17,2022,12,0,NRSC VIC MODEL
Uttarakhand,Nainital,2022-12-23,2022,12,0,NRSC VIC MODEL
Uttarakhand,Nainital,2022-12-25,2022,12,0,NRSC VIC MODEL
Uttarakhand,Nainital,2022-12-30,2022,12,0.0450800815,NRSC VIC MODEL
Uttarakhand,Nainital,2022-12-31,2022,12,0,NRSC VIC MODEL
Uttarakhand,Pauri Garhwal,2022-01-01,2022,01,0,NRSC VIC MODEL
Uttarakhand,Pauri Garhwal,2022-01-08,2022,01,12.67642909,NRSC VIC MODEL
Uttarakhand,Pauri Garhwal,2022-01-14,2022,01,0.007097846,NRSC VIC MODEL
Uttarakhand,Pauri Garhwal,2022-01-20,2022,01,0.493269901,NRSC VIC MODEL
Uttarakhand,Pauri Garhwal,2022-01-21,2022,01,0.899981566,NRSC VIC MODEL
Uttarakhand,Pauri Garhwal,2022-01-24,2022,01,10.54991939,NRSC VIC MODEL
Uttarakhand,Pauri Garhwal,2022-01-26,2022,01,1.116273224,NRSC VIC MODEL
Uttarakhand,Pauri Garhwal,2022-01-30,2022,01,0,NRSC VIC MODEL
Uttarakhand,Pauri Garhwal,2022-02-03,2022,02,2.306348839,NRSC VIC MODEL
Uttarakhand,Pauri Garhwal,2022-02-04,2022,02,17.49251048,NRSC VIC MODEL
Uttarakhand,Pauri Garhwal,2022-02-08,2022,02,0.003503294,NRSC VIC MODEL
Uttarakhand,Pauri Garhwal,2022-02-13,2022,02,0,NRSC VIC MODEL
Uttarakhand,Pauri Garhwal,2022-02-17,2022,02,0,NRSC VIC MODEL
Uttarakhand,Pauri Garhwal,2022-02-20,2022,02,0,NRSC VIC MODEL
Uttarakhand,Pauri Garhwal,2022-03-03,2022,03,0.003746649,NRSC VIC MODEL
Uttarakhand,Pauri Garhwal,2022-03-07,2022,03,0.263314889,NRSC VIC MODEL
Uttarakhand,Pauri Garhwal,2022-03-20,2022,03,1.52e-05,NRSC VIC MODEL
Uttarakhand,Pauri Garhwal,2022-03-22,2022,03,0,NRSC VIC MODEL
Uttarakhand,Pauri Garhwal,2022-03-24,2022,03,0.000124322,NRSC VIC MODEL
Uttarakhand,Pauri Garhwal,2022-03-26,2022,03,0,NRSC VIC MODEL
Uttarakhand,Pauri Garhwal,2022-03-28,2022,03,0,NRSC VIC MODEL
Uttarakhand,Pauri Garhwal,2022-03-29,2022,03,0,NRSC VIC MODEL
Uttarakhand,Pauri Garhwal,2022-03-30,2022,03,0,NRSC VIC MODEL
Uttarakhand,Pauri Garhwal,2022-03-31,2022,03,0.009548483,NRSC VIC MODEL
Uttarakhand,Pauri Garhwal,2022-04-06,2022,04,0,NRSC VIC MODEL
Uttarakhand,Pauri Garhwal,2022-04-08,2022,04,0,NRSC VIC MODEL
Uttarakhand,Pauri Garhwal,2022-04-13,2022,04,0,NRSC VIC MODEL
Uttarakhand,Pauri Garhwal,2022-04-14,2022,04,0.060468742,NRSC VIC MODEL
Uttarakhand,Pauri Garhwal,2022-05-02,2022,05,0.703895979,NRSC VIC MODEL
Uttarakhand,Pauri Garhwal,2022-05-07,2022,05,0.233640469,NRSC VIC MODEL
Uttarakhand,Pauri Garhwal,2022-05-10,2022,05,2.718348189,NRSC VIC MODEL
Uttarakhand,Pauri Garhwal,2022-05-12,2022,05,0.266890509,NRSC VIC MODEL
Uttarakhand,Pauri Garhwal,2022-05-21,2022,05,7.231277057,NRSC VIC MODEL
Uttarakhand,Pauri Garhwal,2022-05-22,2022,05,0.726473872,NRSC VIC MODEL
Uttarakhand,Pauri Garhwal,2022-05-25,2022,05,3.427110004,NRSC VIC MODEL
Uttarakhand,Pauri Garhwal,2022-05-26,2022,05,0.069451043,NRSC VIC MODEL
Uttarakhand,Pauri Garhwal,2022-05-30,2022,05,0.04353538,NRSC VIC MODEL
Uttarakhand,Pauri Garhwal,2022-06-06,2022,06,0,NRSC VIC MODEL
Uttarakhand,Pauri Garhwal,2022-06-09,2022,06,0,NRSC VIC MODEL
Uttarakhand,Pauri Garhwal,2022-06-12,2022,06,1.603888783,NRSC VIC MODEL
Uttarakhand,Pauri Garhwal,2022-06-19,2022,06,4.215956898,NRSC VIC MODEL
Uttarakhand,Pauri Garhwal,2022-07-04,2022,07,6.112287893,NRSC VIC MODEL
Uttarakhand,Pauri Garhwal,2022-07-13,2022,07,3.314215225,NRSC VIC MODEL
Uttarakhand,Pauri Garhwal,2022-07-21,2022,07,6.064067499,NRSC VIC MODEL
Uttarakhand,Pauri Garhwal,2022-07-30,2022,07,19.71065991,NRSC VIC MODEL
Uttarakhand,Pauri Garhwal,2022-08-02,2022,08,2.345924162,NRSC VIC MODEL
Uttarakhand,Pauri Garhwal,2022-08-09,2022,08,0.6755491749,NRSC VIC MODEL
Uttarakhand,Pauri Garhwal,2022-08-10,2022,08,0.1245191693,NRSC VIC MODEL
Uttarakhand,Pauri Garhwal,2022-08-11,2022,08,21.3611871822,NRSC VIC MODEL
Uttarakhand,Pauri Garhwal,2022-08-19,2022,08,22.0336022502,NRSC VIC MODEL
Uttarakhand,Pauri Garhwal,2022-08-22,2022,08,9.5301929655,NRSC VIC MODEL
Uttarakhand,Pauri Garhwal,2022-08-29,2022,08,13.7949479927,NRSC VIC MODEL
Uttarakhand,Pauri Garhwal,2022-09-09,2022,09,0.0500499324,NRSC VIC MODEL
Uttarakhand,Pauri Garhwal,2022-09-22,2022,09,13.7336286481,NRSC VIC MODEL
Uttarakhand,Pauri Garhwal,2022-09-27,2022,09,0.2793144197,NRSC VIC MODEL
Uttarakhand,Pauri Garhwal,2022-09-30,2022,09,0,NRSC VIC MODEL
Uttarakhand,Pauri Garhwal,2022-10-04,2022,10,0.0140748703,NRSC VIC MODEL
Uttarakhand,Pauri Garhwal,2022-10-05,2022,10,0.1437690825,NRSC VIC MODEL
Uttarakhand,Pauri Garhwal,2022-10-17,2022,10,0,NRSC VIC MODEL
Uttarakhand,Pauri Garhwal,2022-10-18,2022,10,0.0034398698,NRSC VIC MODEL
Uttarakhand,Pauri Garhwal,2022-10-19,2022,10,0.0920144177,NRSC VIC MODEL
Uttarakhand,Pauri Garhwal,2022-10-25,2022,10,0,NRSC VIC MODEL
Uttarakhand,Pauri Garhwal,2022-10-29,2022,10,0.0082255152,NRSC VIC MODEL
Uttarakhand,Pauri Garhwal,2022-10-31,2022,10,0,NRSC VIC MODEL
Uttarakhand,Pauri Garhwal,2022-11-04,2022,11,0,NRSC VIC MODEL
Uttarakhand,Pauri Garhwal,2022-11-09,2022,11,0.6077503314,NRSC VIC MODEL
Uttarakhand,Pauri Garhwal,2022-11-12,2022,11,0,NRSC VIC MODEL
Uttarakhand,Pauri Garhwal,2022-11-20,2022,11,0,NRSC VIC MODEL
Uttarakhand,Pauri Garhwal,2022-11-21,2022,11,0.009760639,NRSC VIC MODEL
Uttarakhand,Pauri Garhwal,2022-11-23,2022,11,0.0369557887,NRSC VIC MODEL
Uttarakhand,Pauri Garhwal,2022-11-26,2022,11,0.0150781297,NRSC VIC MODEL
Uttarakhand,Pauri Garhwal,2022-11-30,2022,11,0.0141607045,NRSC VIC MODEL
Uttarakhand,Pauri Garhwal,2022-12-07,2022,12,0,NRSC VIC MODEL
Uttarakhand,Pauri Garhwal,2022-12-10,2022,12,0.0566408605,NRSC VIC MODEL
Uttarakhand,Pauri Garhwal,2022-12-13,2022,12,0,NRSC VIC MODEL
Uttarakhand,Pauri Garhwal,2022-12-17,2022,12,0,NRSC VIC MODEL
Uttarakhand,Pauri Garhwal,2022-12-22,2022,12,0,NRSC VIC MODEL
Uttarakhand,Pauri Garhwal,2022-12-24,2022,12,0,NRSC VIC MODEL
Uttarakhand,Pauri Garhwal,2022-12-29,2022,12,0.0106567488,NRSC VIC MODEL
Uttarakhand,Pauri Garhwal,2022-12-31,2022,12,0,NRSC VIC MODEL
Uttarakhand,Pithoragarh,2022-01-01,2022,01,0,NRSC VIC MODEL
Uttarakhand,Pithoragarh,2022-01-04,2022,01,0,NRSC VIC MODEL
Uttarakhand,Pithoragarh,2022-01-06,2022,01,17.8925827,NRSC VIC MODEL
Uttarakhand,Pithoragarh,2022-01-07,2022,01,1.06494157,NRSC VIC MODEL
Uttarakhand,Pithoragarh,2022-01-10,2022,01,8.285954678,NRSC VIC MODEL
Uttarakhand,Pithoragarh,2022-01-12,2022,01,0.207413465,NRSC VIC MODEL
Uttarakhand,Pithoragarh,2022-01-18,2022,01,0.001879702,NRSC VIC MODEL
Uttarakhand,Pithoragarh,2022-02-02,2022,02,0.006846694,NRSC VIC MODEL
Uttarakhand,Pithoragarh,2022-02-03,2022,02,1.174222782,NRSC VIC MODEL
Uttarakhand,Pithoragarh,2022-02-11,2022,02,0.088434617,NRSC VIC MODEL
Uttarakhand,Pithoragarh,2022-02-14,2022,02,0.008021046,NRSC VIC MODEL
Uttarakhand,Pithoragarh,2022-03-18,2022,03,0.007337854,NRSC VIC MODEL
Uttarakhand,Pithoragarh,2022-03-25,2022,03,0.197599869,NRSC VIC MODEL
Uttarakhand,Pithoragarh,2022-03-27,2022,03,0,NRSC VIC MODEL
Uttarakhand,Pithoragarh,2022-04-03,2022,04,0.004041948,NRSC VIC MODEL
Uttarakhand,Pithoragarh,2022-04-06,2022,04,0.000439041,NRSC VIC MODEL
Uttarakhand,Pithoragarh,2022-04-18,2022,04,0.042338584,NRSC VIC MODEL
Uttarakhand,Pithoragarh,2022-04-22,2022,04,0.55862754,NRSC VIC MODEL
Uttarakhand,Pithoragarh,2022-04-26,2022,04,0,NRSC VIC MODEL
Uttarakhand,Pithoragarh,2022-05-10,2022,05,4.000689921,NRSC VIC MODEL
Uttarakhand,Pithoragarh,2022-05-15,2022,05,3.742859173,NRSC VIC MODEL
Uttarakhand,Pithoragarh,2022-05-16,2022,05,2.56178374,NRSC VIC MODEL
Uttarakhand,Pithoragarh,2022-05-20,2022,05,0.088939421,NRSC VIC MODEL
Uttarakhand,Pithoragarh,2022-05-21,2022,05,1.641599943,NRSC VIC MODEL
Uttarakhand,Pithoragarh,2022-06-22,2022,06,0.599348868,NRSC VIC MODEL
Uttarakhand,Pithoragarh,2022-06-28,2022,06,8.342530847,NRSC VIC MODEL
Uttarakhand,Pithoragarh,2022-06-29,2022,06,13.22821248,NRSC VIC MODEL
Uttarakhand,Champawat,2022-07-17,2022,07,0.582182913,NRSC VIC MODEL
Uttarakhand,Champawat,2022-07-26,2022,07,34.72222531,NRSC VIC MODEL
Uttarakhand,Champawat,2022-07-27,2022,07,8.398999578,NRSC VIC MODEL
Uttarakhand,Champawat,2022-07-28,2022,07,4.863759982,NRSC VIC MODEL
Uttarakhand,Champawat,2022-08-01,2022,08,1.223649361,NRSC VIC MODEL
Uttarakhand,Champawat,2022-08-10,2022,08,0.0774989737,NRSC VIC MODEL
Uttarakhand,Champawat,2022-08-12,2022,08,2.2995659789,NRSC VIC MODEL
Uttarakhand,Champawat,2022-08-18,2022,08,0.0091466063,NRSC VIC MODEL
Uttarakhand,Champawat,2022-08-21,2022,08,6.553820621,NRSC VIC MODEL
Uttarakhand,Champawat,2022-08-29,2022,08,42.0459453967,NRSC VIC MODEL
Uttarakhand,Champawat,2022-09-05,2022,09,6.6351711123,NRSC VIC MODEL
Uttarakhand,Champawat,2022-09-08,2022,09,0.195915754,NRSC VIC MODEL
Uttarakhand,Champawat,2022-09-14,2022,09,6.1580998705,NRSC VIC MODEL
Uttarakhand,Champawat,2022-09-15,2022,09,8.9228367997,NRSC VIC MODEL
Uttarakhand,Champawat,2022-10-03,2022,10,0.0063194496,NRSC VIC MODEL
Uttarakhand,Champawat,2022-08-23,2022,08,0.022369096,NRSC VIC MODEL
Uttarakhand,Champawat,2022-10-05,2022,10,0.0190929864,NRSC VIC MODEL
Uttarakhand,Champawat,2022-10-09,2022,10,81.5943194581,NRSC VIC MODEL
Uttarakhand,Champawat,2022-10-10,2022,10,74.4615988376,NRSC VIC MODEL
Uttarakhand,Champawat,2022-10-11,2022,10,6.7613565788,NRSC VIC MODEL
Uttarakhand,Champawat,2022-10-13,2022,10,0.0006990342,NRSC VIC MODEL
Uttarakhand,Champawat,2022-10-16,2022,10,0.0002594782,NRSC VIC MODEL
Uttarakhand,Champawat,2022-11-07,2022,11,0.0003495171,NRSC VIC MODEL
Uttarakhand,Champawat,2022-11-08,2022,11,0,NRSC VIC MODEL
Uttarakhand,Champawat,2022-11-09,2022,11,0.0001165057,NRSC VIC MODEL
Uttarakhand,Champawat,2022-11-10,2022,11,0.0015364664,NRSC VIC MODEL
Uttarakhand,Champawat,2022-11-13,2022,11,0,NRSC VIC MODEL
Uttarakhand,Champawat,2022-11-16,2022,11,0.0012815628,NRSC VIC MODEL
Uttarakhand,Champawat,2022-11-18,2022,11,0,NRSC VIC MODEL
Uttarakhand,Champawat,2022-11-24,2022,11,0.0001165057,NRSC VIC MODEL
Uttarakhand,Champawat,2022-11-26,2022,11,0,NRSC VIC MODEL
Uttarakhand,Champawat,2022-12-07,2022,12,0,NRSC VIC MODEL
Uttarakhand,Champawat,2022-12-14,2022,12,0,NRSC VIC MODEL
Uttarakhand,Champawat,2022-12-16,2022,12,0,NRSC VIC MODEL
Uttarakhand,Champawat,2022-12-24,2022,12,0.0035630317,NRSC VIC MODEL
Uttarakhand,Champawat,2022-12-27,2022,12,0,NRSC VIC MODEL
Uttarakhand,Champawat,2022-12-28,2022,12,0,NRSC VIC MODEL
Uttarakhand,Champawat,2022-12-30,2022,12,0.3728110616,NRSC VIC MODEL
Uttarakhand,Dehradun,2022-01-05,2022,01,4.6114781,NRSC VIC MODEL
Uttarakhand,Dehradun,2022-01-06,2022,01,26.29797124,NRSC VIC MODEL
Uttarakhand,Dehradun,2022-01-08,2022,01,14.91368627,NRSC VIC MODEL
Uttarakhand,Dehradun,2022-01-11,2022,01,0.060154493,NRSC VIC MODEL
Uttarakhand,Dehradun,2022-01-13,2022,01,0.322194881,NRSC VIC MODEL
Uttarakhand,Dehradun,2022-01-27,2022,01,2.908666346,NRSC VIC MODEL
Uttarakhand,Dehradun,2022-01-30,2022,01,0,NRSC VIC MODEL
Uttarakhand,Dehradun,2022-01-31,2022,01,0.004610757,NRSC VIC MODEL
Uttarakhand,Dehradun,2022-02-01,2022,02,0,NRSC VIC MODEL
Uttarakhand,Dehradun,2022-02-05,2022,02,13.12375954,NRSC VIC MODEL
Uttarakhand,Dehradun,2022-02-11,2022,02,0.003709212,NRSC VIC MODEL
Uttarakhand,Dehradun,2022-02-17,2022,02,0,NRSC VIC MODEL
Uttarakhand,Dehradun,2022-02-25,2022,02,6.701833843,NRSC VIC MODEL
Uttarakhand,Dehradun,2022-03-02,2022,03,0.090961561,NRSC VIC MODEL
Uttarakhand,Dehradun,2022-03-09,2022,03,0.000206067,NRSC VIC MODEL
Uttarakhand,Dehradun,2022-03-10,2022,03,0,NRSC VIC MODEL
Uttarakhand,Dehradun,2022-04-04,2022,04,0.035307107,NRSC VIC MODEL
Uttarakhand,Dehradun,2022-04-05,2022,04,0.010339729,NRSC VIC MODEL
Uttarakhand,Dehradun,2022-04-08,2022,04,0,NRSC VIC MODEL
Uttarakhand,Dehradun,2022-04-17,2022,04,0.501879442,NRSC VIC MODEL
Uttarakhand,Dehradun,2022-04-24,2022,04,0,NRSC VIC MODEL
Uttarakhand,Dehradun,2022-04-25,2022,04,0.000749256,NRSC VIC MODEL
Uttarakhand,Dehradun,2022-05-30,2022,05,0.100744251,NRSC VIC MODEL
Uttarakhand,Dehradun,2022-06-04,2022,06,0,NRSC VIC MODEL
Uttarakhand,Dehradun,2022-06-13,2022,06,0.288972002,NRSC VIC MODEL
Uttarakhand,Dehradun,2022-06-15,2022,06,0.027120043,NRSC VIC MODEL
Uttarakhand,Dehradun,2022-06-26,2022,06,0.000594799,NRSC VIC MODEL
Uttarakhand,Dehradun,2022-06-27,2022,06,7.790661984,NRSC VIC MODEL
Uttarakhand,Dehradun,2022-07-05,2022,07,6.587207956,NRSC VIC MODEL
Uttarakhand,Dehradun,2022-07-06,2022,07,35.037276,NRSC VIC MODEL
Uttarakhand,Dehradun,2022-07-09,2022,07,28.70701462,NRSC VIC MODEL
Uttarakhand,Dehradun,2022-07-12,2022,07,7.307451423,NRSC VIC MODEL
Uttarakhand,Dehradun,2022-07-13,2022,07,3.844070766,NRSC VIC MODEL
Uttarakhand,Dehradun,2022-07-15,2022,07,5.389234685,NRSC VIC MODEL
Uttarakhand,Dehradun,2022-07-31,2022,07,24.92804892,NRSC VIC MODEL
Uttarakhand,Dehradun,2022-08-05,2022,08,2.5097345425,NRSC VIC MODEL
Uttarakhand,Dehradun,2022-08-17,2022,08,2.885792596,NRSC VIC MODEL
Uttarakhand,Dehradun,2022-08-18,2022,08,0.0366864572,NRSC VIC MODEL
Uttarakhand,Dehradun,2022-08-22,2022,08,10.0015841888,NRSC VIC MODEL
Uttarakhand,Dehradun,2022-08-26,2022,08,2.0643696818,NRSC VIC MODEL
Uttarakhand,Dehradun,2022-09-11,2022,09,2.1312897123,NRSC VIC MODEL
Uttarakhand,Dehradun,2022-09-18,2022,09,3.3885156837,NRSC VIC MODEL
Uttarakhand,Dehradun,2022-09-22,2022,09,32.7511702425,NRSC VIC MODEL
Uttarakhand,Dehradun,2022-09-24,2022,09,12.2820146188,NRSC VIC MODEL
Uttarakhand,Dehradun,2022-09-29,2022,09,0,NRSC VIC MODEL
Uttarakhand,Dehradun,2022-10-02,2022,10,5.687952395,NRSC VIC MODEL
Uttarakhand,Dehradun,2022-08-24,2022,08,14.2129458,NRSC VIC MODEL
Uttarakhand,Dehradun,2022-10-06,2022,10,15.1728380255,NRSC VIC MODEL
Uttarakhand,Dehradun,2022-10-11,2022,10,6.3852956385,NRSC VIC MODEL
Uttarakhand,Dehradun,2022-10-14,2022,10,0.0070897232,NRSC VIC MODEL
Uttarakhand,Dehradun,2022-10-17,2022,10,0,NRSC VIC MODEL
Uttarakhand,Dehradun,2022-10-20,2022,10,0,NRSC VIC MODEL
Uttarakhand,Dehradun,2022-10-24,2022,10,0,NRSC VIC MODEL
Uttarakhand,Dehradun,2022-10-28,2022,10,0,NRSC VIC MODEL
Uttarakhand,Dehradun,2022-11-03,2022,11,0,NRSC VIC MODEL
Uttarakhand,Dehradun,2022-11-07,2022,11,0,NRSC VIC MODEL
Uttarakhand,Dehradun,2022-11-08,2022,11,0,NRSC VIC MODEL
Uttarakhand,Dehradun,2022-11-16,2022,11,6.13518e-05,NRSC VIC MODEL
Uttarakhand,Dehradun,2022-11-26,2022,11,0,NRSC VIC MODEL
Uttarakhand,Dehradun,2022-11-27,2022,11,0.0659574639,NRSC VIC MODEL
Uttarakhand,Dehradun,2022-11-29,2022,11,0,NRSC VIC MODEL
Uttarakhand,Dehradun,2022-11-30,2022,11,0,NRSC VIC MODEL
Uttarakhand,Dehradun,2022-12-13,2022,12,0,NRSC VIC MODEL
Uttarakhand,Dehradun,2022-12-18,2022,12,0,NRSC VIC MODEL
Uttarakhand,Dehradun,2022-12-22,2022,12,0,NRSC VIC MODEL
Uttarakhand,Dehradun,2022-12-23,2022,12,0,NRSC VIC MODEL
Uttarakhand,Dehradun,2022-12-25,2022,12,0,NRSC VIC MODEL
Uttarakhand,Dehradun,2022-12-26,2022,12,0,NRSC VIC MODEL
Uttarakhand,Haridwar,2022-01-03,2022,01,0,NRSC VIC MODEL
Uttarakhand,Haridwar,2022-01-05,2022,01,1.257919691,NRSC VIC MODEL
Uttarakhand,Haridwar,2022-01-10,2022,01,20.268275,NRSC VIC MODEL
Uttarakhand,Haridwar,2022-01-15,2022,01,0,NRSC VIC MODEL
Uttarakhand,Haridwar,2022-01-21,2022,01,0.016505586,NRSC VIC MODEL
Uttarakhand,Haridwar,2022-01-27,2022,01,0.450466897,NRSC VIC MODEL
Uttarakhand,Haridwar,2022-02-04,2022,02,34.45331813,NRSC VIC MODEL
Uttarakhand,Haridwar,2022-02-11,2022,02,0,NRSC VIC MODEL
Uttarakhand,Haridwar,2022-02-13,2022,02,0,NRSC VIC MODEL
Uttarakhand,Haridwar,2022-02-21,2022,02,0.98472419,NRSC VIC MODEL
Uttarakhand,Haridwar,2022-02-23,2022,02,0.634588344,NRSC VIC MODEL
Uttarakhand,Haridwar,2022-02-26,2022,02,4.055955496,NRSC VIC MODEL
Uttarakhand,Haridwar,2022-03-06,2022,03,0.002875619,NRSC VIC MODEL
Uttarakhand,Haridwar,2022-03-08,2022,03,0,NRSC VIC MODEL
Uttarakhand,Haridwar,2022-03-10,2022,03,0,NRSC VIC MODEL
Uttarakhand,Haridwar,2022-03-22,2022,03,0,NRSC VIC MODEL
Uttarakhand,Haridwar,2022-03-26,2022,03,0,NRSC VIC MODEL
Uttarakhand,Haridwar,2022-03-27,2022,03,0,NRSC VIC MODEL
Uttarakhand,Haridwar,2022-03-30,2022,03,0,NRSC VIC MODEL
Uttarakhand,Haridwar,2022-04-04,2022,04,0.004520488,NRSC VIC MODEL
Uttarakhand,Haridwar,2022-04-06,2022,04,0,NRSC VIC MODEL
Uttarakhand,Haridwar,2022-04-13,2022,04,0,NRSC VIC MODEL
Uttarakhand,Haridwar,2022-04-30,2022,04,1.832145725,NRSC VIC MODEL
Uttarakhand,Haridwar,2022-05-02,2022,05,0.025057224,NRSC VIC MODEL
Uttarakhand,Haridwar,2022-05-05,2022,05,4.127757951,NRSC VIC MODEL
Uttarakhand,Haridwar,2022-05-07,2022,05,0.000879322,NRSC VIC MODEL
Uttarakhand,Haridwar,2022-05-10,2022,05,0.01072773,NRSC VIC MODEL
Uttarakhand,Haridwar,2022-05-11,2022,05,0.609364256,NRSC VIC MODEL
Uttarakhand,Haridwar,2022-05-20,2022,05,0,NRSC VIC MODEL
Uttarakhand,Haridwar,2022-05-23,2022,05,13.79131034,NRSC VIC MODEL
Uttarakhand,Haridwar,2022-05-26,2022,05,0.008337861,NRSC VIC MODEL
Uttarakhand,Haridwar,2022-06-01,2022,06,0,NRSC VIC MODEL
Uttarakhand,Haridwar,2022-06-02,2022,06,0,NRSC VIC MODEL
Uttarakhand,Haridwar,2022-06-03,2022,06,0,NRSC VIC MODEL
Uttarakhand,Haridwar,2022-06-14,2022,06,5.24e-05,NRSC VIC MODEL
Uttarakhand,Haridwar,2022-06-22,2022,06,1.57864494,NRSC VIC MODEL
Uttarakhand,Haridwar,2022-06-24,2022,06,0,NRSC VIC MODEL
Uttarakhand,Haridwar,2022-06-25,2022,06,0.343352475,NRSC VIC MODEL
Uttarakhand,Haridwar,2022-07-02,2022,07,0.069817842,NRSC VIC MODEL
Uttarakhand,Haridwar,2022-07-03,2022,07,15.36378805,NRSC VIC MODEL
Uttarakhand,Haridwar,2022-07-05,2022,07,4.18352573,NRSC VIC MODEL
Uttarakhand,Haridwar,2022-07-07,2022,07,12.41875666,NRSC VIC MODEL
Uttarakhand,Haridwar,2022-07-13,2022,07,6.129267726,NRSC VIC MODEL
Uttarakhand,Haridwar,2022-07-18,2022,07,2.564442353,NRSC VIC MODEL
Uttarakhand,Haridwar,2022-07-21,2022,07,21.31531959,NRSC VIC MODEL
Uttarakhand,Haridwar,2022-07-28,2022,07,4.452760532,NRSC VIC MODEL
Uttarakhand,Haridwar,2022-08-04,2022,08,12.0195046829,NRSC VIC MODEL
Uttarakhand,Haridwar,2022-08-13,2022,08,0.0025018323,NRSC VIC MODEL
Uttarakhand,Haridwar,2022-08-14,2022,08,0,NRSC VIC MODEL
Uttarakhand,Haridwar,2022-08-16,2022,08,0.9821990553,NRSC VIC MODEL
Uttarakhand,Haridwar,2022-09-08,2022,09,1.3741737012,NRSC VIC MODEL
Uttarakhand,Haridwar,2022-09-16,2022,09,28.9361717736,NRSC VIC MODEL
Uttarakhand,Haridwar,2022-09-26,2022,09,6.450055838,NRSC VIC MODEL
Uttarakhand,Haridwar,2022-09-28,2022,09,0,NRSC VIC MODEL
Uttarakhand,Haridwar,2022-10-03,2022,10,0,NRSC VIC MODEL
Uttarakhand,Haridwar,2022-10-12,2022,10,0.1828415289,NRSC VIC MODEL
Uttarakhand,Haridwar,2022-10-13,2022,10,0.0565010155,NRSC VIC MODEL
Uttarakhand,Haridwar,2022-10-15,2022,10,0,NRSC VIC MODEL
Uttarakhand,Haridwar,2022-10-27,2022,10,0,NRSC VIC MODEL
Uttarakhand,Haridwar,2022-10-29,2022,10,0,NRSC VIC MODEL
Uttarakhand,Haridwar,2022-11-29,2022,11,0,NRSC VIC MODEL
Uttarakhand,Haridwar,2022-12-08,2022,12,0,NRSC VIC MODEL
Uttarakhand,Haridwar,2022-12-11,2022,12,0,NRSC VIC MODEL
Uttarakhand,Haridwar,2022-12-15,2022,12,0,NRSC VIC MODEL
Uttarakhand,Haridwar,2022-12-27,2022,12,0,NRSC VIC MODEL
Uttarakhand,Haridwar,2022-12-28,2022,12,0,NRSC VIC MODEL
Uttarakhand,Haridwar,2022-12-29,2022,12,0.1798033835,NRSC VIC MODEL
