State,District,Date,Year,Month,Avg_rainfall,Agency_name
Uttarakhand,Rudra Prayag,2023-05-08,2023,05,1.2408649776,NRSC VIC MODEL
Uttarakhand,Rudra Prayag,2023-05-09,2023,05,1.158678384,NRSC VIC MODEL
Uttarakhand,Rudra Prayag,2023-05-13,2023,05,2.0104177426,NRSC VIC MODEL
Uttarakhand,Rudra Prayag,2023-05-22,2023,05,4.4728920681,NRSC VIC MODEL
Uttarakhand,Rudra Prayag,2023-05-30,2023,05,3.5665253939,NRSC VIC MODEL
Uttarakhand,Rudra Prayag,2023-06-01,2023,06,16.4824803441,NRSC VIC MODEL
Uttarakhand,Rudra Prayag,2023-06-02,2023,06,2.6990793724,NRSC VIC MODEL
Uttarakhand,Rudra Prayag,2023-06-03,2023,06,0.0084578995,NRSC VIC MODEL
Uttarakhand,Rudra Prayag,2023-06-23,2023,06,0.9624465964,NRSC VIC MODEL
Uttarakhand,Rudra Prayag,2023-07-02,2023,07,8.1001590402,NRSC VIC MODEL
Uttarakhand,Rudra Prayag,2023-07-07,2023,07,5.1160175837,NRSC VIC MODEL
Uttarakhand,Rudra Prayag,2023-07-11,2023,07,56.0879558052,NRSC VIC MODEL
Uttarakhand,Rudra Prayag,2023-07-15,2023,07,3.6311695527,NRSC VIC MODEL
Uttarakhand,Rudra Prayag,2023-07-22,2023,07,30.5249242878,NRSC VIC MODEL
Uttarakhand,Rudra Prayag,2023-07-25,2023,07,11.6149408134,NRSC VIC MODEL
Uttarakhand,Rudra Prayag,2023-08-01,2023,08,4.3844472939,NRSC VIC MODEL
Uttarakhand,Rudra Prayag,2023-08-05,2023,08,11.8887512732,NRSC VIC MODEL
Uttarakhand,Rudra Prayag,2023-08-08,2023,08,9.2569397889,NRSC VIC MODEL
Uttarakhand,Rudra Prayag,2023-08-13,2023,08,1.1738646104,NRSC VIC MODEL
Uttarakhand,Rudra Prayag,2023-08-18,2023,08,34.2215213429,NRSC VIC MODEL
Uttarakhand,Rudra Prayag,2023-08-31,2023,08,0.3510248184,NRSC VIC MODEL
Uttarakhand,Rudra Prayag,2023-09-02,2023,09,4.91202e-05,NRSC VIC MODEL
Uttarakhand,Rudra Prayag,2023-09-04,2023,09,5.7145555449,NRSC VIC MODEL
Uttarakhand,Rudra Prayag,2023-09-06,2023,09,6.7824742561,NRSC VIC MODEL
Uttarakhand,Rudra Prayag,2023-09-08,2023,09,4.6064369378,NRSC VIC MODEL
Uttarakhand,Rudra Prayag,2023-09-14,2023,09,0.0006141974,NRSC VIC MODEL
Uttarakhand,Rudra Prayag,2023-09-23,2023,09,2.3906686159,NRSC VIC MODEL
Uttarakhand,Rudra Prayag,2023-09-28,2023,09,0,NRSC VIC MODEL
Uttarakhand,Rudra Prayag,2023-09-30,2023,09,0.0643262259,NRSC VIC MODEL
Uttarakhand,Rudra Prayag,2023-10-01,2023,10,0.3977521219,NRSC VIC MODEL
Uttarakhand,Rudra Prayag,2023-10-13,2023,10,0,NRSC VIC MODEL
Uttarakhand,Rudra Prayag,2023-10-17,2023,10,7.82281741,NRSC VIC MODEL
Uttarakhand,Rudra Prayag,2023-10-26,2023,10,0.1803130961,NRSC VIC MODEL
Uttarakhand,Rudra Prayag,2023-10-27,2023,10,0.0043347602,NRSC VIC MODEL
Uttarakhand,Rudra Prayag,2023-10-29,2023,10,0,NRSC VIC MODEL
Uttarakhand,Rudra Prayag,2023-11-02,2023,11,0,NRSC VIC MODEL
Uttarakhand,Rudra Prayag,2023-11-07,2023,11,0,NRSC VIC MODEL
Uttarakhand,Rudra Prayag,2023-11-10,2023,11,0,NRSC VIC MODEL
Uttarakhand,Rudra Prayag,2023-11-16,2023,11,0,NRSC VIC MODEL
Uttarakhand,Rudra Prayag,2023-11-18,2023,11,0,NRSC VIC MODEL
Uttarakhand,Rudra Prayag,2023-11-27,2023,11,0,NRSC VIC MODEL
Uttarakhand,Rudra Prayag,2023-11-30,2023,11,0,NRSC VIC MODEL
Uttarakhand,Rudra Prayag,2023-12-13,2023,12,0.046362049,NRSC VIC MODEL
Uttarakhand,Rudra Prayag,2023-12-18,2023,12,0,NRSC VIC MODEL
Uttarakhand,Rudra Prayag,2023-12-19,2023,12,0,NRSC VIC MODEL
Uttarakhand,Rudra Prayag,2023-12-30,2023,12,0,NRSC VIC MODEL
Uttarakhand,Tehri Garhwal,2023-01-07,2023,01,0,NRSC VIC MODEL
Uttarakhand,Tehri Garhwal,2023-01-13,2023,01,0.6976430182,NRSC VIC MODEL
Uttarakhand,Tehri Garhwal,2023-01-28,2023,01,0,NRSC VIC MODEL
Uttarakhand,Tehri Garhwal,2023-01-31,2023,01,10.8420954711,NRSC VIC MODEL
Uttarakhand,Tehri Garhwal,2023-02-08,2023,02,0,NRSC VIC MODEL
Uttarakhand,Tehri Garhwal,2023-02-17,2023,02,0.0211475747,NRSC VIC MODEL
Uttarakhand,Tehri Garhwal,2023-02-21,2023,02,0,NRSC VIC MODEL
Uttarakhand,Tehri Garhwal,2023-03-05,2023,03,0,NRSC VIC MODEL
Uttarakhand,Tehri Garhwal,2023-03-15,2023,03,1.9168554327,NRSC VIC MODEL
Uttarakhand,Tehri Garhwal,2023-03-21,2023,03,16.5632998793,NRSC VIC MODEL
Uttarakhand,Tehri Garhwal,2023-03-30,2023,03,0,NRSC VIC MODEL
Uttarakhand,Tehri Garhwal,2023-04-09,2023,04,0.1317912477,NRSC VIC MODEL
Uttarakhand,Tehri Garhwal,2023-04-11,2023,04,0.1025028832,NRSC VIC MODEL
Uttarakhand,Tehri Garhwal,2023-04-12,2023,04,0.0278569901,NRSC VIC MODEL
Uttarakhand,Tehri Garhwal,2023-04-20,2023,04,31.4582809535,NRSC VIC MODEL
Uttarakhand,Tehri Garhwal,2023-04-22,2023,04,0.1018144104,NRSC VIC MODEL
Uttarakhand,Tehri Garhwal,2023-04-27,2023,04,0.3140006845,NRSC VIC MODEL
Uttarakhand,Tehri Garhwal,2023-05-02,2023,05,11.6245622284,NRSC VIC MODEL
Uttarakhand,Tehri Garhwal,2023-05-05,2023,05,2.0456121563,NRSC VIC MODEL
Uttarakhand,Tehri Garhwal,2023-05-09,2023,05,1.7495568939,NRSC VIC MODEL
Uttarakhand,Tehri Garhwal,2023-05-13,2023,05,0.5942877944,NRSC VIC MODEL
Uttarakhand,Tehri Garhwal,2023-05-15,2023,05,0.7164837496,NRSC VIC MODEL
Uttarakhand,Tehri Garhwal,2023-05-23,2023,05,1.7014693392,NRSC VIC MODEL
Uttarakhand,Tehri Garhwal,2023-05-29,2023,05,0.0089665971,NRSC VIC MODEL
Uttarakhand,Tehri Garhwal,2023-06-02,2023,06,6.3882273301,NRSC VIC MODEL
Uttarakhand,Tehri Garhwal,2023-06-07,2023,06,1.1221291724,NRSC VIC MODEL
Uttarakhand,Tehri Garhwal,2023-06-10,2023,06,0.2789707889,NRSC VIC MODEL
Uttarakhand,Tehri Garhwal,2023-06-15,2023,06,1.5894168719,NRSC VIC MODEL
Uttarakhand,Tehri Garhwal,2023-06-17,2023,06,0.2425422609,NRSC VIC MODEL
Uttarakhand,Tehri Garhwal,2023-06-25,2023,06,21.1231128668,NRSC VIC MODEL
Uttarakhand,Tehri Garhwal,2023-06-27,2023,06,14.7338497347,NRSC VIC MODEL
Uttarakhand,Tehri Garhwal,2023-07-03,2023,07,4.8852615097,NRSC VIC MODEL
Uttarakhand,Tehri Garhwal,2023-07-04,2023,07,12.618547164,NRSC VIC MODEL
Uttarakhand,Tehri Garhwal,2023-07-19,2023,07,20.8309870804,NRSC VIC MODEL
Uttarakhand,Tehri Garhwal,2023-07-22,2023,07,32.7321235772,NRSC VIC MODEL
Uttarakhand,Tehri Garhwal,2023-07-30,2023,07,1.9131551138,NRSC VIC MODEL
Uttarakhand,Tehri Garhwal,2023-08-04,2023,08,22.7143496287,NRSC VIC MODEL
Uttarakhand,Tehri Garhwal,2023-08-19,2023,08,14.6003534273,NRSC VIC MODEL
Uttarakhand,Tehri Garhwal,2023-09-03,2023,09,0.0051773915,NRSC VIC MODEL
Uttarakhand,Tehri Garhwal,2023-09-17,2023,09,2.677793968,NRSC VIC MODEL
Uttarakhand,Tehri Garhwal,2023-09-21,2023,09,1.826348384,NRSC VIC MODEL
Uttarakhand,Tehri Garhwal,2023-09-23,2023,09,2.3470121717,NRSC VIC MODEL
Uttarakhand,Tehri Garhwal,2023-09-24,2023,09,0.4820831145,NRSC VIC MODEL
Uttarakhand,Tehri Garhwal,2023-09-25,2023,09,0.001669471,NRSC VIC MODEL
Uttarakhand,Tehri Garhwal,2023-09-28,2023,09,0.0001316874,NRSC VIC MODEL
Uttarakhand,Tehri Garhwal,2023-10-07,2023,10,0,NRSC VIC MODEL
Uttarakhand,Tehri Garhwal,2023-10-23,2023,10,0,NRSC VIC MODEL
Uttarakhand,Tehri Garhwal,2023-10-25,2023,10,0,NRSC VIC MODEL
Uttarakhand,Tehri Garhwal,2023-11-01,2023,11,0.0260790746,NRSC VIC MODEL
Uttarakhand,Tehri Garhwal,2023-11-06,2023,11,0.0033488171,NRSC VIC MODEL
Uttarakhand,Tehri Garhwal,2023-11-09,2023,11,0,NRSC VIC MODEL
Uttarakhand,Tehri Garhwal,2023-11-10,2023,11,0,NRSC VIC MODEL
Uttarakhand,Tehri Garhwal,2023-11-14,2023,11,0.0019125857,NRSC VIC MODEL
Uttarakhand,Tehri Garhwal,2023-11-15,2023,11,0,NRSC VIC MODEL
Uttarakhand,Tehri Garhwal,2023-11-24,2023,11,0,NRSC VIC MODEL
Uttarakhand,Tehri Garhwal,2023-11-29,2023,11,0,NRSC VIC MODEL
Uttarakhand,Tehri Garhwal,2023-12-03,2023,12,0,NRSC VIC MODEL
Uttarakhand,Tehri Garhwal,2023-12-06,2023,12,0.0001135743,NRSC VIC MODEL
Uttarakhand,Tehri Garhwal,2023-12-07,2023,12,0,NRSC VIC MODEL
Uttarakhand,Tehri Garhwal,2023-12-17,2023,12,0,NRSC VIC MODEL
Uttarakhand,Tehri Garhwal,2023-12-19,2023,12,0,NRSC VIC MODEL
Uttarakhand,Tehri Garhwal,2023-12-23,2023,12,0,NRSC VIC MODEL
Uttarakhand,Tehri Garhwal,2023-12-24,2023,12,0,NRSC VIC MODEL
Uttarakhand,Tehri Garhwal,2023-12-25,2023,12,0.0063326541,NRSC VIC MODEL
Uttarakhand,Tehri Garhwal,2023-12-30,2023,12,0,NRSC VIC MODEL
Uttarakhand,Tehri Garhwal,2023-12-31,2023,12,0,NRSC VIC MODEL
Uttarakhand,Udam Singh Nagar,2023-01-02,2023,01,0,NRSC VIC MODEL
Uttarakhand,Udam Singh Nagar,2023-01-04,2023,01,0,NRSC VIC MODEL
Uttarakhand,Udam Singh Nagar,2023-01-05,2023,01,0.0025495627,NRSC VIC MODEL
Uttarakhand,Udam Singh Nagar,2023-01-06,2023,01,0,NRSC VIC MODEL
Uttarakhand,Udam Singh Nagar,2023-01-09,2023,01,0.1705975884,NRSC VIC MODEL
Uttarakhand,Udam Singh Nagar,2023-01-15,2023,01,0,NRSC VIC MODEL
Uttarakhand,Udam Singh Nagar,2023-01-18,2023,01,0,NRSC VIC MODEL
Uttarakhand,Udam Singh Nagar,2023-01-19,2023,01,0.2458175248,NRSC VIC MODEL
Uttarakhand,Udam Singh Nagar,2023-01-21,2023,01,0,NRSC VIC MODEL
Uttarakhand,Udam Singh Nagar,2023-01-23,2023,01,0,NRSC VIC MODEL
Uttarakhand,Udam Singh Nagar,2023-01-30,2023,01,0.1706501261,NRSC VIC MODEL
Uttarakhand,Udam Singh Nagar,2023-02-02,2023,02,0,NRSC VIC MODEL
Uttarakhand,Udam Singh Nagar,2023-02-04,2023,02,0,NRSC VIC MODEL
Uttarakhand,Udam Singh Nagar,2023-02-06,2023,02,0,NRSC VIC MODEL
Uttarakhand,Udam Singh Nagar,2023-02-08,2023,02,0,NRSC VIC MODEL
Uttarakhand,Udam Singh Nagar,2023-02-09,2023,02,0.0010573336,NRSC VIC MODEL
Uttarakhand,Udam Singh Nagar,2023-02-11,2023,02,0.0002307036,NRSC VIC MODEL
Uttarakhand,Udam Singh Nagar,2023-02-16,2023,02,0,NRSC VIC MODEL
Uttarakhand,Udam Singh Nagar,2023-02-21,2023,02,0,NRSC VIC MODEL
Uttarakhand,Udam Singh Nagar,2023-02-24,2023,02,0,NRSC VIC MODEL
Uttarakhand,Udam Singh Nagar,2023-02-26,2023,02,0.0030842924,NRSC VIC MODEL
Uttarakhand,Udam Singh Nagar,2023-02-28,2023,02,0,NRSC VIC MODEL
Uttarakhand,Udam Singh Nagar,2023-03-01,2023,03,0.0746559574,NRSC VIC MODEL
Uttarakhand,Udam Singh Nagar,2023-03-04,2023,03,0,NRSC VIC MODEL
Uttarakhand,Udam Singh Nagar,2023-03-08,2023,03,0,NRSC VIC MODEL
Uttarakhand,Udam Singh Nagar,2023-03-11,2023,03,0,NRSC VIC MODEL
Uttarakhand,Udam Singh Nagar,2023-03-13,2023,03,0.0002953887,NRSC VIC MODEL
Uttarakhand,Udam Singh Nagar,2023-03-16,2023,03,5.007e-06,NRSC VIC MODEL
Uttarakhand,Udam Singh Nagar,2023-03-18,2023,03,0.0146828914,NRSC VIC MODEL
Uttarakhand,Udam Singh Nagar,2023-03-24,2023,03,0,NRSC VIC MODEL
Uttarakhand,Udam Singh Nagar,2023-03-25,2023,03,1.2034702504,NRSC VIC MODEL
Uttarakhand,Udam Singh Nagar,2023-03-31,2023,03,4.3492161034,NRSC VIC MODEL
Uttarakhand,Udam Singh Nagar,2023-04-04,2023,04,0.0214946927,NRSC VIC MODEL
Uttarakhand,Udam Singh Nagar,2023-04-21,2023,04,2.526806146,NRSC VIC MODEL
Uttarakhand,Udam Singh Nagar,2023-04-22,2023,04,0.5132651782,NRSC VIC MODEL
Uttarakhand,Udam Singh Nagar,2023-04-24,2023,04,0.1541413943,NRSC VIC MODEL
Uttarakhand,Udam Singh Nagar,2023-04-26,2023,04,9.73591e-05,NRSC VIC MODEL
Uttarakhand,Udam Singh Nagar,2023-05-11,2023,05,0,NRSC VIC MODEL
Uttarakhand,Udam Singh Nagar,2023-05-12,2023,05,0.0139129747,NRSC VIC MODEL
Uttarakhand,Udam Singh Nagar,2023-05-16,2023,05,0.0155291404,NRSC VIC MODEL
Uttarakhand,Udam Singh Nagar,2023-05-19,2023,05,1.669e-06,NRSC VIC MODEL
Uttarakhand,Udam Singh Nagar,2023-05-21,2023,05,0.3155180422,NRSC VIC MODEL
Uttarakhand,Udam Singh Nagar,2023-05-24,2023,05,19.6838660624,NRSC VIC MODEL
Uttarakhand,Udam Singh Nagar,2023-05-26,2023,05,8.5765680811,NRSC VIC MODEL
Uttarakhand,Udam Singh Nagar,2023-06-02,2023,06,0.0002718772,NRSC VIC MODEL
Uttarakhand,Udam Singh Nagar,2023-06-08,2023,06,0,NRSC VIC MODEL
Uttarakhand,Udam Singh Nagar,2023-06-14,2023,06,0.00065201,NRSC VIC MODEL
Uttarakhand,Udam Singh Nagar,2023-06-16,2023,06,0,NRSC VIC MODEL
Uttarakhand,Udam Singh Nagar,2023-06-24,2023,06,2.4197638293,NRSC VIC MODEL
Uttarakhand,Udam Singh Nagar,2023-07-01,2023,07,20.7773724955,NRSC VIC MODEL
Uttarakhand,Udam Singh Nagar,2023-07-02,2023,07,21.2111666421,NRSC VIC MODEL
Uttarakhand,Udam Singh Nagar,2023-07-05,2023,07,1.441284459,NRSC VIC MODEL
Uttarakhand,Udam Singh Nagar,2023-07-06,2023,07,34.4589309188,NRSC VIC MODEL
Uttarakhand,Udam Singh Nagar,2023-07-09,2023,07,57.4620552197,NRSC VIC MODEL
Uttarakhand,Udam Singh Nagar,2023-07-12,2023,07,10.3575800015,NRSC VIC MODEL
Uttarakhand,Udam Singh Nagar,2023-07-13,2023,07,16.2924266964,NRSC VIC MODEL
Uttarakhand,Udam Singh Nagar,2023-07-16,2023,07,0.7373891655,NRSC VIC MODEL
Uttarakhand,Udam Singh Nagar,2023-07-29,2023,07,5.1475684142,NRSC VIC MODEL
Uttarakhand,Udam Singh Nagar,2023-07-31,2023,07,2.367433197,NRSC VIC MODEL
Uttarakhand,Udam Singh Nagar,2023-08-04,2023,08,18.2127317184,NRSC VIC MODEL
Uttarakhand,Dehradun,2023-10-31,2023,10,0,NRSC VIC MODEL
Uttarakhand,Dehradun,2023-11-01,2023,11,0,NRSC VIC MODEL
Uttarakhand,Dehradun,2023-11-02,2023,11,0,NRSC VIC MODEL
Uttarakhand,Dehradun,2023-11-03,2023,11,0,NRSC VIC MODEL
Uttarakhand,Dehradun,2023-11-05,2023,11,0,NRSC VIC MODEL
Uttarakhand,Dehradun,2023-11-06,2023,11,0,NRSC VIC MODEL
Uttarakhand,Dehradun,2023-11-07,2023,11,0,NRSC VIC MODEL
Uttarakhand,Dehradun,2023-11-13,2023,11,0,NRSC VIC MODEL
Uttarakhand,Dehradun,2023-11-19,2023,11,0,NRSC VIC MODEL
Uttarakhand,Dehradun,2023-11-20,2023,11,0,NRSC VIC MODEL
Uttarakhand,Dehradun,2023-12-03,2023,12,0,NRSC VIC MODEL
Uttarakhand,Dehradun,2023-12-05,2023,12,4.3887044484,NRSC VIC MODEL
Uttarakhand,Dehradun,2023-12-06,2023,12,0,NRSC VIC MODEL
Uttarakhand,Dehradun,2023-12-08,2023,12,0,NRSC VIC MODEL
Uttarakhand,Dehradun,2023-12-10,2023,12,0,NRSC VIC MODEL
Uttarakhand,Dehradun,2023-12-14,2023,12,0,NRSC VIC MODEL
Uttarakhand,Dehradun,2023-12-21,2023,12,0,NRSC VIC MODEL
Uttarakhand,Haridwar,2023-01-03,2023,01,0,NRSC VIC MODEL
Uttarakhand,Haridwar,2023-01-04,2023,01,0,NRSC VIC MODEL
Uttarakhand,Haridwar,2023-01-07,2023,01,0,NRSC VIC MODEL
Uttarakhand,Haridwar,2023-01-11,2023,01,0,NRSC VIC MODEL
Uttarakhand,Haridwar,2023-01-14,2023,01,-0.0046776327,NRSC VIC MODEL
Uttarakhand,Haridwar,2023-01-21,2023,01,0,NRSC VIC MODEL
Uttarakhand,Haridwar,2023-02-07,2023,02,0,NRSC VIC MODEL
Uttarakhand,Haridwar,2023-02-14,2023,02,0,NRSC VIC MODEL
Uttarakhand,Haridwar,2023-02-16,2023,02,0,NRSC VIC MODEL
Uttarakhand,Haridwar,2023-02-26,2023,02,0,NRSC VIC MODEL
Uttarakhand,Haridwar,2023-03-02,2023,03,0.0015462166,NRSC VIC MODEL
Uttarakhand,Haridwar,2023-03-03,2023,03,0,NRSC VIC MODEL
Uttarakhand,Haridwar,2023-03-24,2023,03,0,NRSC VIC MODEL
Uttarakhand,Haridwar,2023-03-28,2023,03,0,NRSC VIC MODEL
Uttarakhand,Haridwar,2023-04-14,2023,04,0,NRSC VIC MODEL
Uttarakhand,Haridwar,2023-04-20,2023,04,1.1407021614,NRSC VIC MODEL
Uttarakhand,Haridwar,2023-04-23,2023,04,0.0399916304,NRSC VIC MODEL
Uttarakhand,Haridwar,2023-04-25,2023,04,0.0005616274,NRSC VIC MODEL
Uttarakhand,Haridwar,2023-04-28,2023,04,0.6413346575,NRSC VIC MODEL
Uttarakhand,Haridwar,2023-05-09,2023,05,0.0001757403,NRSC VIC MODEL
Uttarakhand,Haridwar,2023-05-13,2023,05,0,NRSC VIC MODEL
Uttarakhand,Haridwar,2023-06-09,2023,06,0.0001757403,NRSC VIC MODEL
Uttarakhand,Haridwar,2023-06-11,2023,06,0.0004302508,NRSC VIC MODEL
Uttarakhand,Haridwar,2023-06-13,2023,06,0.0012416508,NRSC VIC MODEL
Uttarakhand,Haridwar,2023-07-05,2023,07,10.7838721617,NRSC VIC MODEL
Uttarakhand,Haridwar,2023-07-08,2023,07,31.8454593726,NRSC VIC MODEL
Uttarakhand,Haridwar,2023-07-12,2023,07,23.9434722341,NRSC VIC MODEL
Uttarakhand,Haridwar,2023-07-14,2023,07,16.6091020132,NRSC VIC MODEL
Uttarakhand,Haridwar,2023-07-17,2023,07,2.42070758,NRSC VIC MODEL
Uttarakhand,Haridwar,2023-07-18,2023,07,65.506824785,NRSC VIC MODEL
Uttarakhand,Haridwar,2023-07-19,2023,07,12.3945594818,NRSC VIC MODEL
Uttarakhand,Haridwar,2023-07-22,2023,07,9.5779819179,NRSC VIC MODEL
Uttarakhand,Haridwar,2023-07-23,2023,07,5.7840057762,NRSC VIC MODEL
Uttarakhand,Haridwar,2023-07-25,2023,07,2.6860013616,NRSC VIC MODEL
Uttarakhand,Haridwar,2023-07-28,2023,07,21.5216137972,NRSC VIC MODEL
Uttarakhand,Haridwar,2023-07-30,2023,07,0.4750706432,NRSC VIC MODEL
Uttarakhand,Haridwar,2023-07-31,2023,07,5.1926900355,NRSC VIC MODEL
Uttarakhand,Haridwar,2023-08-06,2023,08,14.9224705702,NRSC VIC MODEL
Uttarakhand,Haridwar,2023-08-10,2023,08,16.8213270969,NRSC VIC MODEL
Uttarakhand,Haridwar,2023-08-16,2023,08,1.8735121818,NRSC VIC MODEL
Uttarakhand,Haridwar,2023-08-17,2023,08,0.207905331,NRSC VIC MODEL
Uttarakhand,Haridwar,2023-08-19,2023,08,4.4382993459,NRSC VIC MODEL
Uttarakhand,Haridwar,2023-08-31,2023,08,0,NRSC VIC MODEL
Uttarakhand,Haridwar,2023-09-10,2023,09,22.47987195,NRSC VIC MODEL
Uttarakhand,Haridwar,2023-09-15,2023,09,32.967579713,NRSC VIC MODEL
Uttarakhand,Haridwar,2023-09-20,2023,09,0.0010659105,NRSC VIC MODEL
Uttarakhand,Haridwar,2023-09-24,2023,09,0.6259775569,NRSC VIC MODEL
Uttarakhand,Haridwar,2023-09-27,2023,09,0,NRSC VIC MODEL
Uttarakhand,Haridwar,2023-09-28,2023,09,0,NRSC VIC MODEL
Uttarakhand,Haridwar,2023-10-12,2023,10,0,NRSC VIC MODEL
Uttarakhand,Haridwar,2023-10-14,2023,10,0,NRSC VIC MODEL
Uttarakhand,Haridwar,2023-10-16,2023,10,0.118173615,NRSC VIC MODEL
Uttarakhand,Haridwar,2023-10-24,2023,10,0,NRSC VIC MODEL
Uttarakhand,Haridwar,2023-10-26,2023,10,0,NRSC VIC MODEL
Uttarakhand,Haridwar,2023-10-27,2023,10,0,NRSC VIC MODEL
Uttarakhand,Haridwar,2023-11-02,2023,11,0,NRSC VIC MODEL
Uttarakhand,Haridwar,2023-11-05,2023,11,0,NRSC VIC MODEL
Uttarakhand,Haridwar,2023-11-10,2023,11,0.0065417324,NRSC VIC MODEL
Uttarakhand,Haridwar,2023-11-12,2023,11,0.0001872091,NRSC VIC MODEL
Uttarakhand,Haridwar,2023-11-18,2023,11,0,NRSC VIC MODEL
Uttarakhand,Haridwar,2023-11-22,2023,11,0,NRSC VIC MODEL
Uttarakhand,Haridwar,2023-11-23,2023,11,0,NRSC VIC MODEL
Uttarakhand,Haridwar,2023-11-25,2023,11,0,NRSC VIC MODEL
Uttarakhand,Haridwar,2023-11-28,2023,11,0.3625135103,NRSC VIC MODEL
Uttarakhand,Haridwar,2023-11-30,2023,11,1.813798751,NRSC VIC MODEL
Uttarakhand,Haridwar,2023-12-10,2023,12,0,NRSC VIC MODEL
Uttarakhand,Haridwar,2023-12-11,2023,12,0,NRSC VIC MODEL
Uttarakhand,Haridwar,2023-12-13,2023,12,0,NRSC VIC MODEL
Uttarakhand,Haridwar,2023-12-21,2023,12,0,NRSC VIC MODEL
Uttarakhand,Haridwar,2023-12-22,2023,12,0,NRSC VIC MODEL
Uttarakhand,Haridwar,2023-12-29,2023,12,0,NRSC VIC MODEL
Uttarakhand,Haridwar,2023-12-30,2023,12,0,NRSC VIC MODEL
Uttarakhand,Nainital,2023-01-07,2023,01,0,NRSC VIC MODEL
Uttarakhand,Nainital,2023-01-15,2023,01,0.0137024608,NRSC VIC MODEL
Uttarakhand,Nainital,2023-01-17,2023,01,0,NRSC VIC MODEL
Uttarakhand,Nainital,2023-01-20,2023,01,0.0193952494,NRSC VIC MODEL
Uttarakhand,Nainital,2023-01-26,2023,01,0.2430231057,NRSC VIC MODEL
Uttarakhand,Nainital,2023-01-30,2023,01,0.1838237444,NRSC VIC MODEL
Uttarakhand,Nainital,2023-02-10,2023,02,0.0005070227,NRSC VIC MODEL
Uttarakhand,Nainital,2023-02-11,2023,02,0.0181478701,NRSC VIC MODEL
Uttarakhand,Nainital,2023-02-14,2023,02,0.0007789019,NRSC VIC MODEL
Uttarakhand,Nainital,2023-02-27,2023,02,5.19172e-05,NRSC VIC MODEL
Uttarakhand,Nainital,2023-02-28,2023,02,0,NRSC VIC MODEL
Uttarakhand,Nainital,2023-03-19,2023,03,5.0016008281,NRSC VIC MODEL
Uttarakhand,Nainital,2023-03-21,2023,03,22.437513482,NRSC VIC MODEL
Uttarakhand,Nainital,2023-03-27,2023,03,0.1956810272,NRSC VIC MODEL
Uttarakhand,Nainital,2023-04-06,2023,04,0,NRSC VIC MODEL
Uttarakhand,Nainital,2023-04-07,2023,04,0,NRSC VIC MODEL
Uttarakhand,Nainital,2023-04-12,2023,04,1.4461e-06,NRSC VIC MODEL
Uttarakhand,Nainital,2023-05-02,2023,05,12.14583545,NRSC VIC MODEL
Uttarakhand,Nainital,2023-05-03,2023,05,13.5295564063,NRSC VIC MODEL
Uttarakhand,Nainital,2023-05-07,2023,05,0,NRSC VIC MODEL
Uttarakhand,Nainital,2023-05-16,2023,05,0.7714889059,NRSC VIC MODEL
Uttarakhand,Nainital,2023-05-23,2023,05,0.0372733752,NRSC VIC MODEL
Uttarakhand,Nainital,2023-05-24,2023,05,15.8995180169,NRSC VIC MODEL
Uttarakhand,Nainital,2023-06-13,2023,06,0.1010444293,NRSC VIC MODEL
Uttarakhand,Nainital,2023-06-20,2023,06,7.1558166936,NRSC VIC MODEL
Uttarakhand,Nainital,2023-06-30,2023,06,24.6924649734,NRSC VIC MODEL
Uttarakhand,Nainital,2023-07-09,2023,07,40.3572316749,NRSC VIC MODEL
Uttarakhand,Nainital,2023-07-10,2023,07,5.3372147149,NRSC VIC MODEL
Uttarakhand,Nainital,2023-07-11,2023,07,14.4086190234,NRSC VIC MODEL
Uttarakhand,Nainital,2023-07-16,2023,07,5.5702677771,NRSC VIC MODEL
Uttarakhand,Nainital,2023-07-20,2023,07,0.9361280424,NRSC VIC MODEL
Uttarakhand,Nainital,2023-07-25,2023,07,2.2481825341,NRSC VIC MODEL
Uttarakhand,Nainital,2023-07-29,2023,07,14.4468019991,NRSC VIC MODEL
Uttarakhand,Nainital,2023-08-03,2023,08,16.0335537373,NRSC VIC MODEL
Uttarakhand,Nainital,2023-08-12,2023,08,5.8704765216,NRSC VIC MODEL
Uttarakhand,Nainital,2023-08-19,2023,08,0.2929959626,NRSC VIC MODEL
Uttarakhand,Nainital,2023-08-26,2023,08,0.6341535132,NRSC VIC MODEL
Uttarakhand,Nainital,2023-08-28,2023,08,0.0018283912,NRSC VIC MODEL
Uttarakhand,Nainital,2023-09-15,2023,09,8.8353131895,NRSC VIC MODEL
Uttarakhand,Nainital,2023-09-29,2023,09,0,NRSC VIC MODEL
Uttarakhand,Nainital,2023-10-24,2023,10,0.0036822221,NRSC VIC MODEL
Uttarakhand,Nainital,2023-10-27,2023,10,0,NRSC VIC MODEL
Uttarakhand,Nainital,2023-10-29,2023,10,0,NRSC VIC MODEL
Uttarakhand,Nainital,2023-10-31,2023,10,0,NRSC VIC MODEL
Uttarakhand,Nainital,2023-11-06,2023,11,0.0011540976,NRSC VIC MODEL
Uttarakhand,Nainital,2023-11-09,2023,11,0,NRSC VIC MODEL
Uttarakhand,Nainital,2023-11-12,2023,11,0.1183171848,NRSC VIC MODEL
Uttarakhand,Nainital,2023-11-14,2023,11,0,NRSC VIC MODEL
Uttarakhand,Nainital,2023-11-18,2023,11,0,NRSC VIC MODEL
Uttarakhand,Nainital,2023-11-19,2023,11,0,NRSC VIC MODEL
Uttarakhand,Nainital,2023-11-26,2023,11,0,NRSC VIC MODEL
Uttarakhand,Nainital,2023-11-28,2023,11,3.8068179393,NRSC VIC MODEL
Uttarakhand,Nainital,2023-11-30,2023,11,0,NRSC VIC MODEL
Uttarakhand,Nainital,2023-12-10,2023,12,0,NRSC VIC MODEL
Uttarakhand,Nainital,2023-12-14,2023,12,0,NRSC VIC MODEL
Uttarakhand,Pauri Garhwal,2023-01-07,2023,01,0,NRSC VIC MODEL
Uttarakhand,Pauri Garhwal,2023-01-15,2023,01,0.0964303804,NRSC VIC MODEL
Uttarakhand,Pauri Garhwal,2023-01-19,2023,01,0.0751566035,NRSC VIC MODEL
Uttarakhand,Pauri Garhwal,2023-01-29,2023,01,0.0469149803,NRSC VIC MODEL
Uttarakhand,Pauri Garhwal,2023-02-07,2023,02,0.0715842795,NRSC VIC MODEL
Uttarakhand,Pauri Garhwal,2023-02-09,2023,02,0.0372424274,NRSC VIC MODEL
Uttarakhand,Pauri Garhwal,2023-02-22,2023,02,1.3192339578,NRSC VIC MODEL
Uttarakhand,Pauri Garhwal,2023-02-24,2023,02,0,NRSC VIC MODEL
Uttarakhand,Pauri Garhwal,2023-03-11,2023,03,0,NRSC VIC MODEL
Uttarakhand,Pauri Garhwal,2023-03-16,2023,03,0.1914073559,NRSC VIC MODEL
Uttarakhand,Pauri Garhwal,2023-03-19,2023,03,7.4044158824,NRSC VIC MODEL
Uttarakhand,Pauri Garhwal,2023-04-07,2023,04,0.000547986,NRSC VIC MODEL
Uttarakhand,Pauri Garhwal,2023-04-10,2023,04,0.2884300587,NRSC VIC MODEL
Uttarakhand,Pauri Garhwal,2023-04-11,2023,04,0.0022214748,NRSC VIC MODEL
Uttarakhand,Pauri Garhwal,2023-04-12,2023,04,0.0009397385,NRSC VIC MODEL
Uttarakhand,Pauri Garhwal,2023-04-13,2023,04,0.0081923598,NRSC VIC MODEL
Uttarakhand,Pauri Garhwal,2023-04-17,2023,04,0.0007565673,NRSC VIC MODEL
Uttarakhand,Pauri Garhwal,2023-04-20,2023,04,5.96884098,NRSC VIC MODEL
Uttarakhand,Pauri Garhwal,2023-04-23,2023,04,0.0035522683,NRSC VIC MODEL
Uttarakhand,Pauri Garhwal,2023-04-26,2023,04,0.6391657351,NRSC VIC MODEL
Uttarakhand,Pauri Garhwal,2023-04-28,2023,04,2.9732613657,NRSC VIC MODEL
Uttarakhand,Pauri Garhwal,2023-05-01,2023,05,6.122783667,NRSC VIC MODEL
Uttarakhand,Pauri Garhwal,2023-05-05,2023,05,0.2853069117,NRSC VIC MODEL
Uttarakhand,Pauri Garhwal,2023-05-10,2023,05,0.1696308125,NRSC VIC MODEL
Uttarakhand,Pauri Garhwal,2023-05-31,2023,05,0.8102792481,NRSC VIC MODEL
Uttarakhand,Pauri Garhwal,2023-06-01,2023,06,4.3556947819,NRSC VIC MODEL
Uttarakhand,Pauri Garhwal,2023-06-05,2023,06,0.0057249294,NRSC VIC MODEL
Uttarakhand,Pauri Garhwal,2023-06-07,2023,06,0.0607531328,NRSC VIC MODEL
Uttarakhand,Pauri Garhwal,2023-06-09,2023,06,0.0382695704,NRSC VIC MODEL
Uttarakhand,Pauri Garhwal,2023-06-20,2023,06,1.0650024582,NRSC VIC MODEL
Uttarakhand,Pauri Garhwal,2023-06-22,2023,06,0.4584740669,NRSC VIC MODEL
Uttarakhand,Pauri Garhwal,2023-06-25,2023,06,21.5187917186,NRSC VIC MODEL
Uttarakhand,Pauri Garhwal,2023-06-30,2023,06,8.7130573409,NRSC VIC MODEL
Uttarakhand,Pauri Garhwal,2023-07-01,2023,07,14.0134031528,NRSC VIC MODEL
Uttarakhand,Pauri Garhwal,2023-07-02,2023,07,14.0543425021,NRSC VIC MODEL
Uttarakhand,Pauri Garhwal,2023-07-08,2023,07,11.4473625127,NRSC VIC MODEL
Uttarakhand,Pauri Garhwal,2023-07-09,2023,07,20.8184054651,NRSC VIC MODEL
Uttarakhand,Pauri Garhwal,2023-07-15,2023,07,4.8739012735,NRSC VIC MODEL
Uttarakhand,Pauri Garhwal,2023-07-22,2023,07,14.0573178876,NRSC VIC MODEL
Uttarakhand,Pauri Garhwal,2023-08-13,2023,08,9.4654168441,NRSC VIC MODEL
Uttarakhand,Pauri Garhwal,2023-08-18,2023,08,16.8825062024,NRSC VIC MODEL
Uttarakhand,Pauri Garhwal,2023-08-28,2023,08,0.8150359111,NRSC VIC MODEL
Uttarakhand,Pauri Garhwal,2023-08-30,2023,08,0.773543294,NRSC VIC MODEL
Uttarakhand,Pauri Garhwal,2023-09-04,2023,09,0.1240459515,NRSC VIC MODEL
Uttarakhand,Pauri Garhwal,2023-09-06,2023,09,1.1052365101,NRSC VIC MODEL
Uttarakhand,Pauri Garhwal,2023-09-10,2023,09,18.0391253545,NRSC VIC MODEL
Uttarakhand,Pauri Garhwal,2023-09-23,2023,09,2.712209838,NRSC VIC MODEL
Uttarakhand,Pauri Garhwal,2023-09-26,2023,09,0,NRSC VIC MODEL
Uttarakhand,Pauri Garhwal,2023-10-10,2023,10,1.0984401812,NRSC VIC MODEL
Uttarakhand,Pauri Garhwal,2023-10-26,2023,10,0.2557729008,NRSC VIC MODEL
Uttarakhand,Pauri Garhwal,2023-10-27,2023,10,0.0013694373,NRSC VIC MODEL
Uttarakhand,Pauri Garhwal,2023-11-04,2023,11,0,NRSC VIC MODEL
Uttarakhand,Pauri Garhwal,2023-11-06,2023,11,0.0002936562,NRSC VIC MODEL
Uttarakhand,Pauri Garhwal,2023-11-11,2023,11,0.6072791498,NRSC VIC MODEL
Uttarakhand,Pauri Garhwal,2023-11-23,2023,11,0,NRSC VIC MODEL
Uttarakhand,Pauri Garhwal,2023-11-28,2023,11,2.6205528635,NRSC VIC MODEL
Uttarakhand,Pauri Garhwal,2023-11-29,2023,11,0.0028417922,NRSC VIC MODEL
Uttarakhand,Pauri Garhwal,2023-12-06,2023,12,0.0087510718,NRSC VIC MODEL
Uttarakhand,Pauri Garhwal,2023-12-14,2023,12,0,NRSC VIC MODEL
Uttarakhand,Pauri Garhwal,2023-12-17,2023,12,0,NRSC VIC MODEL
Uttarakhand,Pauri Garhwal,2023-12-20,2023,12,0,NRSC VIC MODEL
Uttarakhand,Pauri Garhwal,2023-12-26,2023,12,0,NRSC VIC MODEL
Uttarakhand,Pauri Garhwal,2023-12-30,2023,12,0,NRSC VIC MODEL
Uttarakhand,Pithoragarh,2023-01-01,2023,01,0,NRSC VIC MODEL
Uttarakhand,Pithoragarh,2023-01-17,2023,01,0,NRSC VIC MODEL
Uttarakhand,Pithoragarh,2023-01-18,2023,01,0,NRSC VIC MODEL
Uttarakhand,Pithoragarh,2023-01-21,2023,01,0.2169134419,NRSC VIC MODEL
Uttarakhand,Pithoragarh,2023-01-24,2023,01,4.9956624517,NRSC VIC MODEL
Uttarakhand,Pithoragarh,2023-01-30,2023,01,3.2979972833,NRSC VIC MODEL
Uttarakhand,Pithoragarh,2023-02-04,2023,02,0,NRSC VIC MODEL
Uttarakhand,Pithoragarh,2023-02-05,2023,02,0,NRSC VIC MODEL
Uttarakhand,Pithoragarh,2023-02-06,2023,02,0,NRSC VIC MODEL
Uttarakhand,Pithoragarh,2023-02-07,2023,02,0.1832664662,NRSC VIC MODEL
Uttarakhand,Pithoragarh,2023-02-10,2023,02,1.6237115104,NRSC VIC MODEL
Uttarakhand,Pithoragarh,2023-02-11,2023,02,18.6617224177,NRSC VIC MODEL
Uttarakhand,Pithoragarh,2023-02-27,2023,02,1.4737545789,NRSC VIC MODEL
Uttarakhand,Pithoragarh,2023-02-28,2023,02,0.8398663622,NRSC VIC MODEL
Uttarakhand,Pithoragarh,2023-03-04,2023,03,0,NRSC VIC MODEL
Uttarakhand,Pithoragarh,2023-04-03,2023,04,0.2735615452,NRSC VIC MODEL
Uttarakhand,Pithoragarh,2023-04-28,2023,04,5.3837394093,NRSC VIC MODEL
Uttarakhand,Pithoragarh,2023-05-14,2023,05,1.2612597871,NRSC VIC MODEL
Uttarakhand,Pithoragarh,2023-05-15,2023,05,2.7012871848,NRSC VIC MODEL
Uttarakhand,Pithoragarh,2023-05-20,2023,05,0.3111168924,NRSC VIC MODEL
Uttarakhand,Pithoragarh,2023-05-22,2023,05,2.1045324383,NRSC VIC MODEL
Uttarakhand,Pithoragarh,2023-05-30,2023,05,3.8735035843,NRSC VIC MODEL
Uttarakhand,Pithoragarh,2023-06-02,2023,06,1.1818032971,NRSC VIC MODEL
Uttarakhand,Pithoragarh,2023-06-05,2023,06,2.1099654606,NRSC VIC MODEL
Uttarakhand,Pithoragarh,2023-06-11,2023,06,0.1833261534,NRSC VIC MODEL
Uttarakhand,Pithoragarh,2023-06-16,2023,06,0.133358572,NRSC VIC MODEL
Uttarakhand,Pithoragarh,2023-06-19,2023,06,0.6485747475,NRSC VIC MODEL
Uttarakhand,Pithoragarh,2023-06-25,2023,06,10.2425862534,NRSC VIC MODEL
Uttarakhand,Pithoragarh,2023-06-30,2023,06,13.654010021,NRSC VIC MODEL
Uttarakhand,Pithoragarh,2023-07-13,2023,07,12.866202173,NRSC VIC MODEL
Uttarakhand,Pithoragarh,2023-07-14,2023,07,6.8993549322,NRSC VIC MODEL
Uttarakhand,Pithoragarh,2023-07-17,2023,07,4.0209568414,NRSC VIC MODEL
Uttarakhand,Pithoragarh,2023-07-19,2023,07,5.4952657121,NRSC VIC MODEL
Uttarakhand,Pithoragarh,2023-07-22,2023,07,27.2073009653,NRSC VIC MODEL
Uttarakhand,Pithoragarh,2023-07-26,2023,07,13.4801089424,NRSC VIC MODEL
Uttarakhand,Pithoragarh,2023-08-01,2023,08,3.8416796109,NRSC VIC MODEL
Uttarakhand,Pithoragarh,2023-08-05,2023,08,5.1492578426,NRSC VIC MODEL
Uttarakhand,Pithoragarh,2023-08-06,2023,08,29.713865151,NRSC VIC MODEL
Uttarakhand,Pithoragarh,2023-09-04,2023,09,0.7157709337,NRSC VIC MODEL
Uttarakhand,Pithoragarh,2023-09-10,2023,09,8.9848446905,NRSC VIC MODEL
Uttarakhand,Pithoragarh,2023-09-24,2023,09,1.0739687279,NRSC VIC MODEL
Uttarakhand,Pithoragarh,2023-09-27,2023,09,0.0487444223,NRSC VIC MODEL
Uttarakhand,Pithoragarh,2023-10-09,2023,10,0.1832254298,NRSC VIC MODEL
Uttarakhand,Pithoragarh,2023-10-14,2023,10,0,NRSC VIC MODEL
Uttarakhand,Pithoragarh,2023-10-15,2023,10,4.7116110502,NRSC VIC MODEL
Uttarakhand,Pithoragarh,2023-10-24,2023,10,0,NRSC VIC MODEL
Uttarakhand,Pithoragarh,2023-10-29,2023,10,0.0261259233,NRSC VIC MODEL
Uttarakhand,Pithoragarh,2023-11-01,2023,11,0.0746059321,NRSC VIC MODEL
Uttarakhand,Pithoragarh,2023-11-05,2023,11,0.0376124412,NRSC VIC MODEL
Uttarakhand,Pithoragarh,2023-11-06,2023,11,0.0822064129,NRSC VIC MODEL
Uttarakhand,Pithoragarh,2023-11-14,2023,11,0.0035015883,NRSC VIC MODEL
Uttarakhand,Pithoragarh,2023-11-15,2023,11,0,NRSC VIC MODEL
Uttarakhand,Pithoragarh,2023-11-24,2023,11,0.0188856155,NRSC VIC MODEL
Uttarakhand,Pithoragarh,2023-11-27,2023,11,0,NRSC VIC MODEL
Uttarakhand,Pithoragarh,2023-12-02,2023,12,0,NRSC VIC MODEL
Uttarakhand,Pithoragarh,2023-12-03,2023,12,0,NRSC VIC MODEL
Uttarakhand,Pithoragarh,2023-12-21,2023,12,0,NRSC VIC MODEL
Uttarakhand,Pithoragarh,2023-12-29,2023,12,0,NRSC VIC MODEL
Uttarakhand,Rudra Prayag,2023-01-03,2023,01,0,NRSC VIC MODEL
Uttarakhand,Rudra Prayag,2023-01-06,2023,01,0,NRSC VIC MODEL
Uttarakhand,Rudra Prayag,2023-01-09,2023,01,0,NRSC VIC MODEL
Uttarakhand,Rudra Prayag,2023-01-17,2023,01,0,NRSC VIC MODEL
Uttarakhand,Rudra Prayag,2023-01-19,2023,01,0.0021820532,NRSC VIC MODEL
Uttarakhand,Rudra Prayag,2023-01-25,2023,01,3.5385564716,NRSC VIC MODEL
Uttarakhand,Rudra Prayag,2023-02-03,2023,02,0,NRSC VIC MODEL
Uttarakhand,Rudra Prayag,2023-02-07,2023,02,0.0058318011,NRSC VIC MODEL
Uttarakhand,Rudra Prayag,2023-02-15,2023,02,0.0150268654,NRSC VIC MODEL
Uttarakhand,Rudra Prayag,2023-02-19,2023,02,0,NRSC VIC MODEL
Uttarakhand,Rudra Prayag,2023-02-23,2023,02,0.0819977298,NRSC VIC MODEL
Uttarakhand,Rudra Prayag,2023-03-02,2023,03,0.0002149834,NRSC VIC MODEL
Uttarakhand,Rudra Prayag,2023-03-09,2023,03,3.0594520854,NRSC VIC MODEL
Uttarakhand,Rudra Prayag,2023-03-11,2023,03,0.0068303934,NRSC VIC MODEL
Uttarakhand,Rudra Prayag,2023-03-12,2023,03,0.0046712671,NRSC VIC MODEL
Uttarakhand,Rudra Prayag,2023-03-17,2023,03,1.5079523073,NRSC VIC MODEL
Uttarakhand,Rudra Prayag,2023-03-22,2023,03,2.6658722205,NRSC VIC MODEL
Uttarakhand,Rudra Prayag,2023-03-30,2023,03,0.1559037285,NRSC VIC MODEL
Uttarakhand,Rudra Prayag,2023-04-04,2023,04,1.3649754217,NRSC VIC MODEL
Uttarakhand,Rudra Prayag,2023-04-05,2023,04,1.4462394661,NRSC VIC MODEL
Uttarakhand,Rudra Prayag,2023-04-09,2023,04,1.4015106897,NRSC VIC MODEL
Uttarakhand,Rudra Prayag,2023-04-11,2023,04,0.7171314977,NRSC VIC MODEL
Uttarakhand,Rudra Prayag,2023-04-16,2023,04,1.4731634856,NRSC VIC MODEL
Uttarakhand,Rudra Prayag,2023-04-20,2023,04,33.4950423142,NRSC VIC MODEL
Uttarakhand,Rudra Prayag,2023-04-26,2023,04,2.7693953709,NRSC VIC MODEL
Uttarakhand,Rudra Prayag,2023-05-04,2023,05,7.9601700852,NRSC VIC MODEL
Uttarakhand,Udam Singh Nagar,2023-08-06,2023,08,16.0539556191,NRSC VIC MODEL
Uttarakhand,Udam Singh Nagar,2023-08-16,2023,08,6.28662e-05,NRSC VIC MODEL
Uttarakhand,Udam Singh Nagar,2023-08-24,2023,08,5.3022023935,NRSC VIC MODEL
Uttarakhand,Udam Singh Nagar,2023-09-07,2023,09,0.1113776403,NRSC VIC MODEL
Uttarakhand,Udam Singh Nagar,2023-09-16,2023,09,1.7490968519,NRSC VIC MODEL
Uttarakhand,Udam Singh Nagar,2023-09-25,2023,09,1.4547899255,NRSC VIC MODEL
Uttarakhand,Udam Singh Nagar,2023-10-08,2023,10,0,NRSC VIC MODEL
Uttarakhand,Udam Singh Nagar,2023-10-13,2023,10,0,NRSC VIC MODEL
Uttarakhand,Udam Singh Nagar,2023-10-16,2023,10,0.0002681993,NRSC VIC MODEL
Uttarakhand,Udam Singh Nagar,2023-10-25,2023,10,0,NRSC VIC MODEL
Uttarakhand,Udam Singh Nagar,2023-11-03,2023,11,0,NRSC VIC MODEL
Uttarakhand,Udam Singh Nagar,2023-11-06,2023,11,5.563e-07,NRSC VIC MODEL
Uttarakhand,Udam Singh Nagar,2023-11-10,2023,11,0.1089089919,NRSC VIC MODEL
Uttarakhand,Udam Singh Nagar,2023-11-13,2023,11,0,NRSC VIC MODEL
Uttarakhand,Udam Singh Nagar,2023-11-14,2023,11,0,NRSC VIC MODEL
Uttarakhand,Udam Singh Nagar,2023-11-15,2023,11,0,NRSC VIC MODEL
Uttarakhand,Udam Singh Nagar,2023-11-18,2023,11,0,NRSC VIC MODEL
Uttarakhand,Udam Singh Nagar,2023-11-23,2023,11,0,NRSC VIC MODEL
Uttarakhand,Udam Singh Nagar,2023-12-06,2023,12,0,NRSC VIC MODEL
Uttarakhand,Udam Singh Nagar,2023-12-14,2023,12,0,NRSC VIC MODEL
Uttarakhand,Udam Singh Nagar,2023-12-20,2023,12,0,NRSC VIC MODEL
Uttarakhand,Udam Singh Nagar,2023-12-21,2023,12,0,NRSC VIC MODEL
Uttarakhand,Udam Singh Nagar,2023-12-27,2023,12,0,NRSC VIC MODEL
Uttarakhand,Udam Singh Nagar,2023-12-30,2023,12,0,NRSC VIC MODEL
Uttarakhand,Uttar Kashi,2023-01-05,2023,01,0.1772265232,NRSC VIC MODEL
Uttarakhand,Uttar Kashi,2023-01-07,2023,01,1.18586e-05,NRSC VIC MODEL
Uttarakhand,Uttar Kashi,2023-01-11,2023,01,0,NRSC VIC MODEL
Uttarakhand,Uttar Kashi,2023-01-13,2023,01,0.4905785437,NRSC VIC MODEL
Uttarakhand,Uttar Kashi,2023-01-15,2023,01,0.4141275611,NRSC VIC MODEL
Uttarakhand,Uttar Kashi,2023-01-18,2023,01,0,NRSC VIC MODEL
Uttarakhand,Uttar Kashi,2023-01-19,2023,01,0.2864669132,NRSC VIC MODEL
Uttarakhand,Uttar Kashi,2023-01-23,2023,01,0.4122678708,NRSC VIC MODEL
Uttarakhand,Uttar Kashi,2023-01-28,2023,01,0.05959757,NRSC VIC MODEL
Uttarakhand,Uttar Kashi,2023-02-02,2023,02,0.031428793,NRSC VIC MODEL
Uttarakhand,Uttar Kashi,2023-02-03,2023,02,0,NRSC VIC MODEL
Uttarakhand,Uttar Kashi,2023-02-04,2023,02,0,NRSC VIC MODEL
Uttarakhand,Uttar Kashi,2023-02-13,2023,02,0.0020617389,NRSC VIC MODEL
Uttarakhand,Uttar Kashi,2023-02-15,2023,02,0.0028107952,NRSC VIC MODEL
Uttarakhand,Uttar Kashi,2023-03-01,2023,03,0.3253706326,NRSC VIC MODEL
Uttarakhand,Uttar Kashi,2023-03-06,2023,03,0.0095046076,NRSC VIC MODEL
Uttarakhand,Uttar Kashi,2023-03-11,2023,03,0.1295708799,NRSC VIC MODEL
Uttarakhand,Uttar Kashi,2023-03-14,2023,03,3.4762949276,NRSC VIC MODEL
Uttarakhand,Uttar Kashi,2023-03-21,2023,03,5.7895932333,NRSC VIC MODEL
Uttarakhand,Uttar Kashi,2023-03-28,2023,03,0.8637324084,NRSC VIC MODEL
Uttarakhand,Uttar Kashi,2023-03-30,2023,03,0.0310489435,NRSC VIC MODEL
Uttarakhand,Uttar Kashi,2023-04-07,2023,04,0,NRSC VIC MODEL
Uttarakhand,Uttar Kashi,2023-04-08,2023,04,0.4764420897,NRSC VIC MODEL
Uttarakhand,Uttar Kashi,2023-04-14,2023,04,0.9732063149,NRSC VIC MODEL
Uttarakhand,Uttar Kashi,2023-04-19,2023,04,7.3146991383,NRSC VIC MODEL
Uttarakhand,Uttar Kashi,2023-04-21,2023,04,9.3772019065,NRSC VIC MODEL
Uttarakhand,Uttar Kashi,2023-04-25,2023,04,0.0260958541,NRSC VIC MODEL
Uttarakhand,Uttar Kashi,2023-05-03,2023,05,2.0791731347,NRSC VIC MODEL
Uttarakhand,Uttar Kashi,2023-05-05,2023,05,3.7430041601,NRSC VIC MODEL
Uttarakhand,Uttar Kashi,2023-05-13,2023,05,0.9096803151,NRSC VIC MODEL
Uttarakhand,Uttar Kashi,2023-05-15,2023,05,2.1587922218,NRSC VIC MODEL
Uttarakhand,Uttar Kashi,2023-05-18,2023,05,2.6720617219,NRSC VIC MODEL
Uttarakhand,Uttar Kashi,2023-05-22,2023,05,2.2812125493,NRSC VIC MODEL
Uttarakhand,Uttar Kashi,2023-06-08,2023,06,1.0225396069,NRSC VIC MODEL
Uttarakhand,Uttar Kashi,2023-06-13,2023,06,2.8202108622,NRSC VIC MODEL
Uttarakhand,Uttar Kashi,2023-06-16,2023,06,1.3543706017,NRSC VIC MODEL
Uttarakhand,Uttar Kashi,2023-06-18,2023,06,2.4807078007,NRSC VIC MODEL
Uttarakhand,Uttar Kashi,2023-06-21,2023,06,4.7099958982,NRSC VIC MODEL
Uttarakhand,Uttar Kashi,2023-06-22,2023,06,1.3252452506,NRSC VIC MODEL
Uttarakhand,Uttar Kashi,2023-06-26,2023,06,13.1517264825,NRSC VIC MODEL
Uttarakhand,Uttar Kashi,2023-07-03,2023,07,1.5791140812,NRSC VIC MODEL
Uttarakhand,Uttar Kashi,2023-07-04,2023,07,3.6837831561,NRSC VIC MODEL
Uttarakhand,Uttar Kashi,2023-07-07,2023,07,1.9165461374,NRSC VIC MODEL
Uttarakhand,Uttar Kashi,2023-07-11,2023,07,52.8558279215,NRSC VIC MODEL
Uttarakhand,Uttar Kashi,2023-07-25,2023,07,6.9214556603,NRSC VIC MODEL
Uttarakhand,Uttar Kashi,2023-08-02,2023,08,1.5310778807,NRSC VIC MODEL
Uttarakhand,Uttar Kashi,2023-08-06,2023,08,5.2502997337,NRSC VIC MODEL
Uttarakhand,Uttar Kashi,2023-08-12,2023,08,0.8492631165,NRSC VIC MODEL
Uttarakhand,Uttar Kashi,2023-08-13,2023,08,0.4288817529,NRSC VIC MODEL
Uttarakhand,Uttar Kashi,2023-08-14,2023,08,14.917705793,NRSC VIC MODEL
Uttarakhand,Uttar Kashi,2023-08-16,2023,08,0.3117370959,NRSC VIC MODEL
Uttarakhand,Uttar Kashi,2023-08-30,2023,08,0.1892976919,NRSC VIC MODEL
Uttarakhand,Uttar Kashi,2023-09-05,2023,09,3.0351239242,NRSC VIC MODEL
Uttarakhand,Uttar Kashi,2023-09-15,2023,09,20.0099230718,NRSC VIC MODEL
Uttarakhand,Uttar Kashi,2023-09-17,2023,09,0.4022108359,NRSC VIC MODEL
Uttarakhand,Uttar Kashi,2023-09-22,2023,09,0.1724656873,NRSC VIC MODEL
Uttarakhand,Uttar Kashi,2023-09-23,2023,09,0.3289100177,NRSC VIC MODEL
Uttarakhand,Uttar Kashi,2023-09-30,2023,09,1.4005401324,NRSC VIC MODEL
Uttarakhand,Uttar Kashi,2023-10-13,2023,10,0.0006374676,NRSC VIC MODEL
Uttarakhand,Uttar Kashi,2023-10-15,2023,10,0.0045230015,NRSC VIC MODEL
Uttarakhand,Uttar Kashi,2023-10-17,2023,10,6.1501169687,NRSC VIC MODEL
Uttarakhand,Uttar Kashi,2023-10-28,2023,10,0,NRSC VIC MODEL
Uttarakhand,Uttar Kashi,2023-11-03,2023,11,0.1264303884,NRSC VIC MODEL
Uttarakhand,Uttar Kashi,2023-11-04,2023,11,0.4845794102,NRSC VIC MODEL
Uttarakhand,Uttar Kashi,2023-11-10,2023,11,0.0003904011,NRSC VIC MODEL
Uttarakhand,Uttar Kashi,2023-11-13,2023,11,0.0148038516,NRSC VIC MODEL
Uttarakhand,Uttar Kashi,2023-11-16,2023,11,0,NRSC VIC MODEL
Uttarakhand,Uttar Kashi,2023-11-19,2023,11,0,NRSC VIC MODEL
Uttarakhand,Uttar Kashi,2023-12-10,2023,12,0,NRSC VIC MODEL
Uttarakhand,Uttar Kashi,2023-12-15,2023,12,0.0041325333,NRSC VIC MODEL
Uttarakhand,Uttar Kashi,2023-12-22,2023,12,0.0108251355,NRSC VIC MODEL
Uttarakhand,Uttar Kashi,2023-12-23,2023,12,0.0010347556,NRSC VIC MODEL
Uttarakhand,Uttar Kashi,2023-12-24,2023,12,0,NRSC VIC MODEL
Uttarakhand,Chamoli,2023-11-20,2023,11,0,NRSC VIC MODEL
Uttarakhand,Chamoli,2023-11-24,2023,11,0,NRSC VIC MODEL
Uttarakhand,Chamoli,2023-12-06,2023,12,0,NRSC VIC MODEL
Uttarakhand,Chamoli,2023-12-14,2023,12,0.0001444837,NRSC VIC MODEL
Uttarakhand,Chamoli,2023-12-18,2023,12,0,NRSC VIC MODEL
Uttarakhand,Chamoli,2023-12-25,2023,12,0.4148514684,NRSC VIC MODEL
Uttarakhand,Chamoli,2023-12-28,2023,12,0,NRSC VIC MODEL
Uttarakhand,Chamoli,2023-12-29,2023,12,0,NRSC VIC MODEL
Uttarakhand,Champawat,2023-01-03,2023,01,0,NRSC VIC MODEL
Uttarakhand,Champawat,2023-01-08,2023,01,0,NRSC VIC MODEL
Uttarakhand,Champawat,2023-01-11,2023,01,0,NRSC VIC MODEL
Uttarakhand,Champawat,2023-01-13,2023,01,0.7430022928,NRSC VIC MODEL
Uttarakhand,Champawat,2023-01-20,2023,01,0.0017643493,NRSC VIC MODEL
Uttarakhand,Champawat,2023-01-21,2023,01,0,NRSC VIC MODEL
Uttarakhand,Champawat,2023-02-01,2023,02,0,NRSC VIC MODEL
Uttarakhand,Champawat,2023-02-02,2023,02,0,NRSC VIC MODEL
Uttarakhand,Champawat,2023-02-05,2023,02,0,NRSC VIC MODEL
Uttarakhand,Champawat,2023-02-08,2023,02,0,NRSC VIC MODEL
Uttarakhand,Champawat,2023-02-09,2023,02,0.0002330114,NRSC VIC MODEL
Uttarakhand,Champawat,2023-02-18,2023,02,0,NRSC VIC MODEL
Uttarakhand,Champawat,2023-02-28,2023,02,0.0031786078,NRSC VIC MODEL
Uttarakhand,Champawat,2023-03-02,2023,03,0.0010485514,NRSC VIC MODEL
Uttarakhand,Champawat,2023-03-07,2023,03,0,NRSC VIC MODEL
Uttarakhand,Champawat,2023-03-08,2023,03,0,NRSC VIC MODEL
Uttarakhand,Champawat,2023-03-11,2023,03,0,NRSC VIC MODEL
Uttarakhand,Champawat,2023-03-16,2023,03,0.1650150603,NRSC VIC MODEL
Uttarakhand,Champawat,2023-03-17,2023,03,0.3568399442,NRSC VIC MODEL
Uttarakhand,Champawat,2023-03-19,2023,03,1.090310328,NRSC VIC MODEL
Uttarakhand,Champawat,2023-03-20,2023,03,3.1256402864,NRSC VIC MODEL
Uttarakhand,Champawat,2023-03-31,2023,03,5.8086024786,NRSC VIC MODEL
Uttarakhand,Champawat,2023-04-03,2023,04,0.0117149214,NRSC VIC MODEL
Uttarakhand,Champawat,2023-04-04,2023,04,0.9027746546,NRSC VIC MODEL
Uttarakhand,Champawat,2023-04-07,2023,04,0,NRSC VIC MODEL
Uttarakhand,Champawat,2023-04-15,2023,04,0,NRSC VIC MODEL
Uttarakhand,Champawat,2023-04-17,2023,04,0,NRSC VIC MODEL
Uttarakhand,Champawat,2023-04-23,2023,04,0.0078645142,NRSC VIC MODEL
Uttarakhand,Champawat,2023-04-30,2023,04,2.1442683054,NRSC VIC MODEL
Uttarakhand,Champawat,2023-05-03,2023,05,10.7502662628,NRSC VIC MODEL
Uttarakhand,Champawat,2023-05-11,2023,05,0,NRSC VIC MODEL
Uttarakhand,Champawat,2023-05-13,2023,05,0,NRSC VIC MODEL
Uttarakhand,Champawat,2023-05-17,2023,05,0.0003495171,NRSC VIC MODEL
Uttarakhand,Champawat,2023-05-29,2023,05,0,NRSC VIC MODEL
Uttarakhand,Champawat,2023-05-30,2023,05,0.0699145061,NRSC VIC MODEL
Uttarakhand,Champawat,2023-06-01,2023,06,0.0689710779,NRSC VIC MODEL
Uttarakhand,Champawat,2023-06-03,2023,06,13.8183215904,NRSC VIC MODEL
Uttarakhand,Champawat,2023-06-07,2023,06,0.4214661626,NRSC VIC MODEL
Uttarakhand,Champawat,2023-06-23,2023,06,7.323421191,NRSC VIC MODEL
Uttarakhand,Champawat,2023-06-28,2023,06,10.8362299581,NRSC VIC MODEL
Uttarakhand,Champawat,2023-07-07,2023,07,17.7430176754,NRSC VIC MODEL
Uttarakhand,Champawat,2023-07-15,2023,07,4.7415257681,NRSC VIC MODEL
Uttarakhand,Champawat,2023-08-04,2023,08,16.8291580003,NRSC VIC MODEL
Uttarakhand,Champawat,2023-08-09,2023,08,76.3380028705,NRSC VIC MODEL
Uttarakhand,Champawat,2023-08-12,2023,08,1.9375406396,NRSC VIC MODEL
Uttarakhand,Champawat,2023-08-15,2023,08,0.8279934021,NRSC VIC MODEL
Uttarakhand,Champawat,2023-08-25,2023,08,3.905130259,NRSC VIC MODEL
Uttarakhand,Champawat,2023-08-29,2023,08,1.2343450542,NRSC VIC MODEL
Uttarakhand,Champawat,2023-09-07,2023,09,0.1763798993,NRSC VIC MODEL
Uttarakhand,Champawat,2023-09-10,2023,09,36.3022707336,NRSC VIC MODEL
Uttarakhand,Champawat,2023-09-14,2023,09,0.016173159,NRSC VIC MODEL
Uttarakhand,Champawat,2023-09-16,2023,09,3.2758751771,NRSC VIC MODEL
Uttarakhand,Champawat,2023-09-21,2023,09,5.6649422709,NRSC VIC MODEL
Uttarakhand,Champawat,2023-09-22,2023,09,3.5154211636,NRSC VIC MODEL
Uttarakhand,Champawat,2023-10-11,2023,10,0.0002330114,NRSC VIC MODEL
Uttarakhand,Champawat,2023-10-12,2023,10,0.0006044207,NRSC VIC MODEL
Uttarakhand,Champawat,2023-10-16,2023,10,0.0025341886,NRSC VIC MODEL
Uttarakhand,Champawat,2023-10-21,2023,10,0.0003714093,NRSC VIC MODEL
Uttarakhand,Champawat,2023-11-08,2023,11,0,NRSC VIC MODEL
Uttarakhand,Champawat,2023-11-09,2023,11,6.48695e-05,NRSC VIC MODEL
Uttarakhand,Champawat,2023-11-20,2023,11,0,NRSC VIC MODEL
Uttarakhand,Champawat,2023-11-21,2023,11,0,NRSC VIC MODEL
Uttarakhand,Champawat,2023-11-23,2023,11,0,NRSC VIC MODEL
Uttarakhand,Champawat,2023-11-25,2023,11,0,NRSC VIC MODEL
Uttarakhand,Champawat,2023-12-01,2023,12,0.0039103649,NRSC VIC MODEL
Uttarakhand,Champawat,2023-12-04,2023,12,2.918534555,NRSC VIC MODEL
Uttarakhand,Champawat,2023-12-05,2023,12,0.037871893,NRSC VIC MODEL
Uttarakhand,Champawat,2023-12-07,2023,12,0,NRSC VIC MODEL
Uttarakhand,Champawat,2023-12-09,2023,12,0.0002549036,NRSC VIC MODEL
Uttarakhand,Champawat,2023-12-11,2023,12,0,NRSC VIC MODEL
Uttarakhand,Champawat,2023-12-12,2023,12,0,NRSC VIC MODEL
Uttarakhand,Champawat,2023-12-18,2023,12,0,NRSC VIC MODEL
Uttarakhand,Champawat,2023-12-20,2023,12,0,NRSC VIC MODEL
Uttarakhand,Champawat,2023-12-21,2023,12,0,NRSC VIC MODEL
Uttarakhand,Champawat,2023-12-29,2023,12,0,NRSC VIC MODEL
Uttarakhand,Dehradun,2023-01-03,2023,01,0,NRSC VIC MODEL
Uttarakhand,Dehradun,2023-01-04,2023,01,0,NRSC VIC MODEL
Uttarakhand,Dehradun,2023-01-08,2023,01,0,NRSC VIC MODEL
Uttarakhand,Dehradun,2023-01-22,2023,01,0,NRSC VIC MODEL
Uttarakhand,Dehradun,2023-02-03,2023,02,0,NRSC VIC MODEL
Uttarakhand,Dehradun,2023-02-15,2023,02,0,NRSC VIC MODEL
Uttarakhand,Dehradun,2023-02-17,2023,02,0,NRSC VIC MODEL
Uttarakhand,Dehradun,2023-02-19,2023,02,0.0001484546,NRSC VIC MODEL
Uttarakhand,Dehradun,2023-03-02,2023,03,0.2196837081,NRSC VIC MODEL
Uttarakhand,Dehradun,2023-03-05,2023,03,0,NRSC VIC MODEL
Uttarakhand,Dehradun,2023-03-07,2023,03,0.0004092614,NRSC VIC MODEL
Uttarakhand,Dehradun,2023-03-09,2023,03,0.7768582254,NRSC VIC MODEL
Uttarakhand,Dehradun,2023-03-18,2023,03,12.3189591551,NRSC VIC MODEL
Uttarakhand,Dehradun,2023-03-20,2023,03,3.6466217057,NRSC VIC MODEL
Uttarakhand,Dehradun,2023-03-28,2023,03,6.13518e-05,NRSC VIC MODEL
Uttarakhand,Dehradun,2023-03-30,2023,03,0.0001227036,NRSC VIC MODEL
Uttarakhand,Dehradun,2023-04-13,2023,04,0,NRSC VIC MODEL
Uttarakhand,Dehradun,2023-04-23,2023,04,0.0003681109,NRSC VIC MODEL
Uttarakhand,Dehradun,2023-04-24,2023,04,0.0935375129,NRSC VIC MODEL
Uttarakhand,Dehradun,2023-04-26,2023,04,3.2604796049,NRSC VIC MODEL
Uttarakhand,Dehradun,2023-05-02,2023,05,13.4474551071,NRSC VIC MODEL
Uttarakhand,Dehradun,2023-05-16,2023,05,0.0016585913,NRSC VIC MODEL
Uttarakhand,Dehradun,2023-05-20,2023,05,0.0162098223,NRSC VIC MODEL
Uttarakhand,Dehradun,2023-05-29,2023,05,0.0003397211,NRSC VIC MODEL
Uttarakhand,Dehradun,2023-06-03,2023,06,0.1269983194,NRSC VIC MODEL
Uttarakhand,Dehradun,2023-06-04,2023,06,0.1366159915,NRSC VIC MODEL
Uttarakhand,Dehradun,2023-06-05,2023,06,0.0016215212,NRSC VIC MODEL
Uttarakhand,Dehradun,2023-06-08,2023,06,0.0694941293,NRSC VIC MODEL
Uttarakhand,Dehradun,2023-06-12,2023,06,0.0317055892,NRSC VIC MODEL
Uttarakhand,Dehradun,2023-06-14,2023,06,0.3151142761,NRSC VIC MODEL
Uttarakhand,Dehradun,2023-06-15,2023,06,0.2295605326,NRSC VIC MODEL
Uttarakhand,Dehradun,2023-06-27,2023,06,11.7154334821,NRSC VIC MODEL
Uttarakhand,Dehradun,2023-06-29,2023,06,1.8010305328,NRSC VIC MODEL
Uttarakhand,Dehradun,2023-07-03,2023,07,7.1420431587,NRSC VIC MODEL
Uttarakhand,Dehradun,2023-07-09,2023,07,56.6470759185,NRSC VIC MODEL
Uttarakhand,Dehradun,2023-07-11,2023,07,96.4629027751,NRSC VIC MODEL
Uttarakhand,Dehradun,2023-07-12,2023,07,35.7771882768,NRSC VIC MODEL
Uttarakhand,Dehradun,2023-07-20,2023,07,17.0901663676,NRSC VIC MODEL
Uttarakhand,Dehradun,2023-07-24,2023,07,0.8416211757,NRSC VIC MODEL
Uttarakhand,Dehradun,2023-08-06,2023,08,23.034521304,NRSC VIC MODEL
Uttarakhand,Dehradun,2023-08-10,2023,08,56.4638820744,NRSC VIC MODEL
Uttarakhand,Dehradun,2023-08-15,2023,08,8.1221140143,NRSC VIC MODEL
Uttarakhand,Dehradun,2023-08-23,2023,08,22.195115197,NRSC VIC MODEL
Uttarakhand,Dehradun,2023-08-31,2023,08,0,NRSC VIC MODEL
Uttarakhand,Dehradun,2023-09-02,2023,09,0.0002454073,NRSC VIC MODEL
Uttarakhand,Dehradun,2023-09-08,2023,09,9.3528981384,NRSC VIC MODEL
Uttarakhand,Dehradun,2023-09-12,2023,09,9.287756072,NRSC VIC MODEL
Uttarakhand,Dehradun,2023-09-14,2023,09,12.1858557617,NRSC VIC MODEL
Uttarakhand,Dehradun,2023-09-21,2023,09,3.4425395901,NRSC VIC MODEL
Uttarakhand,Dehradun,2023-09-23,2023,09,7.6141688663,NRSC VIC MODEL
Uttarakhand,Dehradun,2023-09-28,2023,09,0,NRSC VIC MODEL
Uttarakhand,Dehradun,2023-09-29,2023,09,0,NRSC VIC MODEL
Uttarakhand,Dehradun,2023-10-15,2023,10,0.0058560495,NRSC VIC MODEL
Uttarakhand,Dehradun,2023-10-18,2023,10,0.3228260651,NRSC VIC MODEL
Uttarakhand,Dehradun,2023-10-23,2023,10,8.2231e-06,NRSC VIC MODEL
Uttarakhand,Bageshwar,2023-02-26,2023,02,0.6754454656,NRSC VIC MODEL
Uttarakhand,Bageshwar,2023-03-01,2023,03,0,NRSC VIC MODEL
Uttarakhand,Bageshwar,2023-03-02,2023,03,0.0001906237,NRSC VIC MODEL
Uttarakhand,Bageshwar,2023-03-03,2023,03,0,NRSC VIC MODEL
Uttarakhand,Bageshwar,2023-03-23,2023,03,0.7463848475,NRSC VIC MODEL
Uttarakhand,Bageshwar,2023-03-28,2023,03,1.033018407,NRSC VIC MODEL
Uttarakhand,Bageshwar,2023-03-30,2023,03,0,NRSC VIC MODEL
Uttarakhand,Bageshwar,2023-03-31,2023,03,4.0563096053,NRSC VIC MODEL
Uttarakhand,Bageshwar,2023-04-05,2023,04,3.0662168234,NRSC VIC MODEL
Uttarakhand,Bageshwar,2023-04-09,2023,04,1.7162430137,NRSC VIC MODEL
Uttarakhand,Bageshwar,2023-04-27,2023,04,0.8841098823,NRSC VIC MODEL
Uttarakhand,Bageshwar,2023-05-01,2023,05,6.8233537811,NRSC VIC MODEL
Uttarakhand,Bageshwar,2023-05-04,2023,05,16.6043469548,NRSC VIC MODEL
Uttarakhand,Bageshwar,2023-05-08,2023,05,0.1136430299,NRSC VIC MODEL
Uttarakhand,Bageshwar,2023-05-11,2023,05,1.749997013,NRSC VIC MODEL
Uttarakhand,Bageshwar,2023-05-14,2023,05,0.8154466007,NRSC VIC MODEL
Uttarakhand,Bageshwar,2023-05-20,2023,05,2.8535449224,NRSC VIC MODEL
Uttarakhand,Bageshwar,2023-05-24,2023,05,9.3600063712,NRSC VIC MODEL
Uttarakhand,Bageshwar,2023-05-27,2023,05,3.2837258642,NRSC VIC MODEL
Uttarakhand,Bageshwar,2023-06-03,2023,06,0.0909716017,NRSC VIC MODEL
Uttarakhand,Bageshwar,2023-06-05,2023,06,0.9857887396,NRSC VIC MODEL
Uttarakhand,Bageshwar,2023-06-08,2023,06,2.4969307521,NRSC VIC MODEL
Uttarakhand,Bageshwar,2023-06-13,2023,06,5.6975375848,NRSC VIC MODEL
Uttarakhand,Bageshwar,2023-06-19,2023,06,4.443816445,NRSC VIC MODEL
Uttarakhand,Bageshwar,2023-06-23,2023,06,2.8733567205,NRSC VIC MODEL
Uttarakhand,Bageshwar,2023-07-11,2023,07,12.3231199857,NRSC VIC MODEL
Uttarakhand,Bageshwar,2023-07-18,2023,07,48.4090151271,NRSC VIC MODEL
Uttarakhand,Bageshwar,2023-07-23,2023,07,11.2930661286,NRSC VIC MODEL
Uttarakhand,Bageshwar,2023-07-25,2023,07,18.7572690915,NRSC VIC MODEL
Uttarakhand,Bageshwar,2023-07-28,2023,07,12.5912727119,NRSC VIC MODEL
Uttarakhand,Bageshwar,2023-08-02,2023,08,46.2151335915,NRSC VIC MODEL
Uttarakhand,Bageshwar,2023-08-17,2023,08,0.9224784943,NRSC VIC MODEL
Uttarakhand,Bageshwar,2023-08-19,2023,08,7.4282597996,NRSC VIC MODEL
Uttarakhand,Bageshwar,2023-08-30,2023,08,0.0544126022,NRSC VIC MODEL
Uttarakhand,Bageshwar,2023-09-07,2023,09,0.0019044948,NRSC VIC MODEL
Uttarakhand,Bageshwar,2023-09-10,2023,09,15.960097269,NRSC VIC MODEL
Uttarakhand,Bageshwar,2023-09-11,2023,09,38.3629002092,NRSC VIC MODEL
Uttarakhand,Bageshwar,2023-09-15,2023,09,15.9525225841,NRSC VIC MODEL
Uttarakhand,Bageshwar,2023-09-19,2023,09,8.7790734013,NRSC VIC MODEL
Uttarakhand,Bageshwar,2023-09-28,2023,09,0.0078568093,NRSC VIC MODEL
Uttarakhand,Bageshwar,2023-10-01,2023,10,0.2361787695,NRSC VIC MODEL
Uttarakhand,Bageshwar,2023-10-13,2023,10,0,NRSC VIC MODEL
Uttarakhand,Bageshwar,2023-10-17,2023,10,9.498533172,NRSC VIC MODEL
Uttarakhand,Bageshwar,2023-10-18,2023,10,0.0091585425,NRSC VIC MODEL
Uttarakhand,Bageshwar,2023-10-21,2023,10,0.0071191323,NRSC VIC MODEL
Uttarakhand,Bageshwar,2023-10-25,2023,10,4.513e-07,NRSC VIC MODEL
Uttarakhand,Bageshwar,2023-11-01,2023,11,0.3612638794,NRSC VIC MODEL
Uttarakhand,Bageshwar,2023-11-10,2023,11,0.0699964719,NRSC VIC MODEL
Uttarakhand,Bageshwar,2023-11-15,2023,11,0,NRSC VIC MODEL
Uttarakhand,Bageshwar,2023-11-19,2023,11,0.0006385421,NRSC VIC MODEL
Uttarakhand,Bageshwar,2023-11-24,2023,11,0,NRSC VIC MODEL
Uttarakhand,Bageshwar,2023-12-02,2023,12,0,NRSC VIC MODEL
Uttarakhand,Bageshwar,2023-12-07,2023,12,0,NRSC VIC MODEL
Uttarakhand,Bageshwar,2023-12-08,2023,12,0,NRSC VIC MODEL
Uttarakhand,Bageshwar,2023-12-09,2023,12,0.0005935784,NRSC VIC MODEL
Uttarakhand,Bageshwar,2023-12-19,2023,12,0,NRSC VIC MODEL
Uttarakhand,Bageshwar,2023-12-21,2023,12,0,NRSC VIC MODEL
Uttarakhand,Bageshwar,2023-12-28,2023,12,0,NRSC VIC MODEL
Uttarakhand,Chamoli,2023-01-08,2023,01,0,NRSC VIC MODEL
Uttarakhand,Chamoli,2023-01-09,2023,01,0,NRSC VIC MODEL
Uttarakhand,Chamoli,2023-01-10,2023,01,0,NRSC VIC MODEL
Uttarakhand,Chamoli,2023-01-13,2023,01,2.2078013824,NRSC VIC MODEL
Uttarakhand,Chamoli,2023-01-14,2023,01,0.523200289,NRSC VIC MODEL
Uttarakhand,Chamoli,2023-01-18,2023,01,0,NRSC VIC MODEL
Uttarakhand,Chamoli,2023-01-25,2023,01,8.0036972133,NRSC VIC MODEL
Uttarakhand,Chamoli,2023-01-27,2023,01,0.42984387,NRSC VIC MODEL
Uttarakhand,Chamoli,2023-01-28,2023,01,0.340107572,NRSC VIC MODEL
Uttarakhand,Chamoli,2023-02-06,2023,02,0,NRSC VIC MODEL
Uttarakhand,Chamoli,2023-02-10,2023,02,2.5104681045,NRSC VIC MODEL
Uttarakhand,Chamoli,2023-02-11,2023,02,26.8186880512,NRSC VIC MODEL
Uttarakhand,Chamoli,2023-02-12,2023,02,33.695295603,NRSC VIC MODEL
Uttarakhand,Chamoli,2023-02-15,2023,02,0.0041756579,NRSC VIC MODEL
Uttarakhand,Chamoli,2023-02-17,2023,02,0,NRSC VIC MODEL
Uttarakhand,Chamoli,2023-02-22,2023,02,6.0517061289,NRSC VIC MODEL
Uttarakhand,Chamoli,2023-03-01,2023,03,0,NRSC VIC MODEL
Uttarakhand,Chamoli,2023-03-06,2023,03,0.0756790236,NRSC VIC MODEL
Uttarakhand,Chamoli,2023-03-19,2023,03,1.5673458006,NRSC VIC MODEL
Uttarakhand,Chamoli,2023-03-31,2023,03,3.0528639457,NRSC VIC MODEL
Uttarakhand,Chamoli,2023-04-01,2023,04,13.3246811634,NRSC VIC MODEL
Uttarakhand,Chamoli,2023-04-02,2023,04,1.4237211657,NRSC VIC MODEL
Uttarakhand,Chamoli,2023-04-12,2023,04,0.4067421066,NRSC VIC MODEL
Uttarakhand,Almora,2023-01-08,2023,01,0,NRSC VIC MODEL
Uttarakhand,Almora,2023-01-11,2023,01,0,NRSC VIC MODEL
Uttarakhand,Almora,2023-01-25,2023,01,3.3730179911,NRSC VIC MODEL
Uttarakhand,Almora,2023-01-29,2023,01,0,NRSC VIC MODEL
Uttarakhand,Almora,2023-01-30,2023,01,0.1166018871,NRSC VIC MODEL
Uttarakhand,Almora,2023-02-20,2023,02,0,NRSC VIC MODEL
Uttarakhand,Almora,2023-02-26,2023,02,2.49661e-05,NRSC VIC MODEL
Uttarakhand,Almora,2023-03-21,2023,03,10.8198878872,NRSC VIC MODEL
Uttarakhand,Almora,2023-03-24,2023,03,0,NRSC VIC MODEL
Uttarakhand,Almora,2023-03-25,2023,03,5.7861937519,NRSC VIC MODEL
Uttarakhand,Almora,2023-03-28,2023,03,0.0478040879,NRSC VIC MODEL
Uttarakhand,Almora,2023-04-06,2023,04,0,NRSC VIC MODEL
Uttarakhand,Almora,2023-04-26,2023,04,0.1935667137,NRSC VIC MODEL
Uttarakhand,Almora,2023-04-30,2023,04,0.7192905004,NRSC VIC MODEL
Uttarakhand,Almora,2023-05-11,2023,05,2.21816e-05,NRSC VIC MODEL
Uttarakhand,Almora,2023-05-18,2023,05,2.4676334314,NRSC VIC MODEL
Uttarakhand,Almora,2023-05-21,2023,05,2.3529671548,NRSC VIC MODEL
Uttarakhand,Almora,2023-05-22,2023,05,6.77488e-05,NRSC VIC MODEL
Uttarakhand,Almora,2023-05-28,2023,05,1.9411875122,NRSC VIC MODEL
Uttarakhand,Almora,2023-06-03,2023,06,0.5029648254,NRSC VIC MODEL
Uttarakhand,Almora,2023-06-04,2023,06,0.0938960451,NRSC VIC MODEL
Uttarakhand,Almora,2023-06-08,2023,06,0.0002319851,NRSC VIC MODEL
Uttarakhand,Almora,2023-06-09,2023,06,0.3000598989,NRSC VIC MODEL
Uttarakhand,Almora,2023-06-12,2023,06,1.0062961947,NRSC VIC MODEL
Uttarakhand,Almora,2023-06-13,2023,06,3.5743316265,NRSC VIC MODEL
Uttarakhand,Almora,2023-06-22,2023,06,0.3358103544,NRSC VIC MODEL
Uttarakhand,Almora,2023-06-25,2023,06,5.659196078,NRSC VIC MODEL
Uttarakhand,Almora,2023-07-03,2023,07,1.3956214242,NRSC VIC MODEL
Uttarakhand,Almora,2023-07-16,2023,07,7.64180202,NRSC VIC MODEL
Uttarakhand,Almora,2023-07-17,2023,07,0.1266620423,NRSC VIC MODEL
Uttarakhand,Almora,2023-07-18,2023,07,7.9930300204,NRSC VIC MODEL
Uttarakhand,Almora,2023-07-24,2023,07,1.7028819194,NRSC VIC MODEL
Uttarakhand,Almora,2023-07-30,2023,07,6.1779971798,NRSC VIC MODEL
Uttarakhand,Almora,2023-08-07,2023,08,3.4131402617,NRSC VIC MODEL
Uttarakhand,Almora,2023-08-10,2023,08,11.9758992815,NRSC VIC MODEL
Uttarakhand,Almora,2023-08-11,2023,08,6.509557285,NRSC VIC MODEL
Uttarakhand,Almora,2023-08-21,2023,08,0.0969278983,NRSC VIC MODEL
Uttarakhand,Almora,2023-09-14,2023,09,0.0134519856,NRSC VIC MODEL
Uttarakhand,Almora,2023-09-20,2023,09,1.0656380969,NRSC VIC MODEL
Uttarakhand,Almora,2023-09-27,2023,09,0,NRSC VIC MODEL
Uttarakhand,Almora,2023-10-01,2023,10,0.0582590043,NRSC VIC MODEL
Uttarakhand,Almora,2023-10-12,2023,10,0.8698590246,NRSC VIC MODEL
Uttarakhand,Almora,2023-10-15,2023,10,0,NRSC VIC MODEL
Uttarakhand,Almora,2023-10-16,2023,10,0.0114389875,NRSC VIC MODEL
Uttarakhand,Almora,2023-10-17,2023,10,15.0998784881,NRSC VIC MODEL
Uttarakhand,Almora,2023-10-18,2023,10,0.0003123562,NRSC VIC MODEL
Uttarakhand,Almora,2023-10-21,2023,10,0.0034756888,NRSC VIC MODEL
Uttarakhand,Almora,2023-10-29,2023,10,0,NRSC VIC MODEL
Uttarakhand,Almora,2023-11-05,2023,11,0,NRSC VIC MODEL
Uttarakhand,Almora,2023-11-09,2023,11,0,NRSC VIC MODEL
Uttarakhand,Almora,2023-11-17,2023,11,0,NRSC VIC MODEL
Uttarakhand,Almora,2023-11-21,2023,11,0,NRSC VIC MODEL
Uttarakhand,Almora,2023-11-22,2023,11,0,NRSC VIC MODEL
Uttarakhand,Almora,2023-12-07,2023,12,0,NRSC VIC MODEL
Uttarakhand,Almora,2023-12-14,2023,12,0,NRSC VIC MODEL
Uttarakhand,Almora,2023-12-15,2023,12,0,NRSC VIC MODEL
Uttarakhand,Almora,2023-12-17,2023,12,0,NRSC VIC MODEL
Uttarakhand,Almora,2023-12-18,2023,12,0,NRSC VIC MODEL
Uttarakhand,Almora,2023-12-20,2023,12,0,NRSC VIC MODEL
Uttarakhand,Almora,2023-12-28,2023,12,0,NRSC VIC MODEL
Uttarakhand,Almora,2023-12-29,2023,12,0,NRSC VIC MODEL
Uttarakhand,Almora,2023-12-30,2023,12,0,NRSC VIC MODEL
Uttarakhand,Bageshwar,2023-01-01,2023,01,0,NRSC VIC MODEL
Uttarakhand,Bageshwar,2023-01-03,2023,01,0,NRSC VIC MODEL
Uttarakhand,Bageshwar,2023-01-05,2023,01,0.200345707,NRSC VIC MODEL
Uttarakhand,Bageshwar,2023-01-10,2023,01,0,NRSC VIC MODEL
Uttarakhand,Bageshwar,2023-01-14,2023,01,0.3027466542,NRSC VIC MODEL
Uttarakhand,Bageshwar,2023-01-22,2023,01,0.2911080147,NRSC VIC MODEL
Uttarakhand,Bageshwar,2023-01-23,2023,01,0.002083288,NRSC VIC MODEL
Uttarakhand,Bageshwar,2023-01-25,2023,01,2.1421500379,NRSC VIC MODEL
Uttarakhand,Bageshwar,2023-01-31,2023,01,6.621731145,NRSC VIC MODEL
Uttarakhand,Bageshwar,2023-02-04,2023,02,0,NRSC VIC MODEL
Uttarakhand,Bageshwar,2023-02-09,2023,02,0.6955098478,NRSC VIC MODEL
Uttarakhand,Bageshwar,2023-02-10,2023,02,0.0935284628,NRSC VIC MODEL
Uttarakhand,Bageshwar,2023-02-13,2023,02,0.0260610292,NRSC VIC MODEL
Uttarakhand,Bageshwar,2023-02-21,2023,02,0,NRSC VIC MODEL
Uttarakhand,Bageshwar,2023-02-22,2023,02,5.7826891333,NRSC VIC MODEL
Uttarakhand,Chamoli,2023-04-17,2023,04,0.2161683411,NRSC VIC MODEL
Uttarakhand,Chamoli,2023-04-21,2023,04,13.3105480869,NRSC VIC MODEL
Uttarakhand,Chamoli,2023-04-22,2023,04,0.3636113522,NRSC VIC MODEL
Uttarakhand,Chamoli,2023-04-26,2023,04,0.5216414587,NRSC VIC MODEL
Uttarakhand,Chamoli,2023-04-27,2023,04,0.6061656146,NRSC VIC MODEL
Uttarakhand,Chamoli,2023-04-28,2023,04,9.2630594514,NRSC VIC MODEL
Uttarakhand,Chamoli,2023-05-01,2023,05,2.7897663456,NRSC VIC MODEL
Uttarakhand,Chamoli,2023-05-05,2023,05,1.8570457356,NRSC VIC MODEL
Uttarakhand,Chamoli,2023-05-07,2023,05,0.2510941733,NRSC VIC MODEL
Uttarakhand,Chamoli,2023-05-20,2023,05,2.7533924778,NRSC VIC MODEL
Uttarakhand,Chamoli,2023-05-29,2023,05,0.0140857784,NRSC VIC MODEL
Uttarakhand,Chamoli,2023-05-30,2023,05,1.0359709963,NRSC VIC MODEL
Uttarakhand,Chamoli,2023-06-01,2023,06,8.0350883001,NRSC VIC MODEL
Uttarakhand,Chamoli,2023-06-05,2023,06,2.0020073323,NRSC VIC MODEL
Uttarakhand,Chamoli,2023-06-07,2023,06,3.2628445973,NRSC VIC MODEL
Uttarakhand,Chamoli,2023-06-10,2023,06,3.0697130994,NRSC VIC MODEL
Uttarakhand,Chamoli,2023-06-13,2023,06,2.9175442785,NRSC VIC MODEL
Uttarakhand,Chamoli,2023-06-14,2023,06,4.1796250302,NRSC VIC MODEL
Uttarakhand,Chamoli,2023-06-19,2023,06,3.8182452477,NRSC VIC MODEL
Uttarakhand,Chamoli,2023-06-21,2023,06,0.3272821439,NRSC VIC MODEL
Uttarakhand,Chamoli,2023-06-25,2023,06,2.0927811757,NRSC VIC MODEL
Uttarakhand,Chamoli,2023-07-06,2023,07,6.278013532,NRSC VIC MODEL
Uttarakhand,Chamoli,2023-07-11,2023,07,18.4915748016,NRSC VIC MODEL
Uttarakhand,Chamoli,2023-07-18,2023,07,11.1212206701,NRSC VIC MODEL
Uttarakhand,Chamoli,2023-07-21,2023,07,2.7978709349,NRSC VIC MODEL
Uttarakhand,Chamoli,2023-07-24,2023,07,5.5810684667,NRSC VIC MODEL
Uttarakhand,Chamoli,2023-07-30,2023,07,2.9828393442,NRSC VIC MODEL
Uttarakhand,Chamoli,2023-08-03,2023,08,6.3025524739,NRSC VIC MODEL
Uttarakhand,Chamoli,2023-08-06,2023,08,14.0107298018,NRSC VIC MODEL
Uttarakhand,Chamoli,2023-08-09,2023,08,7.122225875,NRSC VIC MODEL
Uttarakhand,Chamoli,2023-08-13,2023,08,1.9048732768,NRSC VIC MODEL
Uttarakhand,Chamoli,2023-08-16,2023,08,0.3070048335,NRSC VIC MODEL
Uttarakhand,Chamoli,2023-08-19,2023,08,2.6124753181,NRSC VIC MODEL
Uttarakhand,Chamoli,2023-08-23,2023,08,24.8122131017,NRSC VIC MODEL
Uttarakhand,Chamoli,2023-08-24,2023,08,20.2021617588,NRSC VIC MODEL
Uttarakhand,Chamoli,2023-09-07,2023,09,3.12356e-05,NRSC VIC MODEL
Uttarakhand,Chamoli,2023-09-19,2023,09,0.3912069286,NRSC VIC MODEL
Uttarakhand,Chamoli,2023-09-24,2023,09,0.3095740035,NRSC VIC MODEL
Uttarakhand,Chamoli,2023-09-27,2023,09,0.4459615924,NRSC VIC MODEL
Uttarakhand,Chamoli,2023-09-28,2023,09,0.584889548,NRSC VIC MODEL
Uttarakhand,Chamoli,2023-09-29,2023,09,0.2884673582,NRSC VIC MODEL
Uttarakhand,Chamoli,2023-10-09,2023,10,5.09726e-05,NRSC VIC MODEL
Uttarakhand,Chamoli,2023-10-15,2023,10,0.0628254867,NRSC VIC MODEL
Uttarakhand,Chamoli,2023-10-26,2023,10,0.0899570711,NRSC VIC MODEL
Uttarakhand,Chamoli,2023-10-28,2023,10,0.0208572971,NRSC VIC MODEL
Uttarakhand,Champawat,2023-09-23,2023,09,0.0031456541,NRSC VIC MODEL
Uttarakhand,Champawat,2023-10-07,2023,10,0,NRSC VIC MODEL
Uttarakhand,Champawat,2023-10-13,2023,10,0,NRSC VIC MODEL
Uttarakhand,Champawat,2023-10-23,2023,10,0,NRSC VIC MODEL
Uttarakhand,Champawat,2023-10-26,2023,10,0.0005664485,NRSC VIC MODEL
Uttarakhand,Champawat,2023-10-28,2023,10,0,NRSC VIC MODEL
Uttarakhand,Champawat,2023-10-30,2023,10,0,NRSC VIC MODEL
Uttarakhand,Champawat,2023-10-31,2023,10,0,NRSC VIC MODEL
Uttarakhand,Champawat,2023-11-01,2023,11,0,NRSC VIC MODEL
Uttarakhand,Champawat,2023-11-06,2023,11,0.0008155399,NRSC VIC MODEL
Uttarakhand,Champawat,2023-11-07,2023,11,0,NRSC VIC MODEL
Uttarakhand,Champawat,2023-11-10,2023,11,0.0001888162,NRSC VIC MODEL
Uttarakhand,Champawat,2023-11-11,2023,11,0.3712762522,NRSC VIC MODEL
Uttarakhand,Champawat,2023-11-13,2023,11,0.0009539378,NRSC VIC MODEL
Uttarakhand,Champawat,2023-11-18,2023,11,0,NRSC VIC MODEL
Uttarakhand,Champawat,2023-11-19,2023,11,0.0001165057,NRSC VIC MODEL
Uttarakhand,Champawat,2023-11-22,2023,11,0,NRSC VIC MODEL
Uttarakhand,Champawat,2023-11-29,2023,11,0.0002330114,NRSC VIC MODEL
Uttarakhand,Champawat,2023-11-30,2023,11,0,NRSC VIC MODEL
Uttarakhand,Champawat,2023-12-02,2023,12,0,NRSC VIC MODEL
Uttarakhand,Champawat,2023-12-03,2023,12,0,NRSC VIC MODEL
Uttarakhand,Champawat,2023-12-19,2023,12,0,NRSC VIC MODEL
Uttarakhand,Champawat,2023-12-22,2023,12,0,NRSC VIC MODEL
Uttarakhand,Champawat,2023-12-24,2023,12,0,NRSC VIC MODEL
Uttarakhand,Champawat,2023-12-26,2023,12,0,NRSC VIC MODEL
Uttarakhand,Dehradun,2023-01-07,2023,01,3.06759e-05,NRSC VIC MODEL
Uttarakhand,Dehradun,2023-01-14,2023,01,0.2085071998,NRSC VIC MODEL
Uttarakhand,Dehradun,2023-01-15,2023,01,0,NRSC VIC MODEL
Uttarakhand,Dehradun,2023-01-19,2023,01,0.0433024205,NRSC VIC MODEL
Uttarakhand,Dehradun,2023-01-21,2023,01,0.0002490584,NRSC VIC MODEL
Uttarakhand,Dehradun,2023-01-23,2023,01,0,NRSC VIC MODEL
Uttarakhand,Dehradun,2023-01-25,2023,01,4.4841248767,NRSC VIC MODEL
Uttarakhand,Dehradun,2023-01-29,2023,01,0.0513493982,NRSC VIC MODEL
Uttarakhand,Dehradun,2023-02-04,2023,02,0,NRSC VIC MODEL
Uttarakhand,Dehradun,2023-02-08,2023,02,0,NRSC VIC MODEL
Uttarakhand,Dehradun,2023-02-10,2023,02,0.1228106229,NRSC VIC MODEL
Uttarakhand,Dehradun,2023-02-11,2023,02,0.516674252,NRSC VIC MODEL
Uttarakhand,Dehradun,2023-02-21,2023,02,3.06759e-05,NRSC VIC MODEL
Uttarakhand,Dehradun,2023-03-16,2023,03,0.5677489988,NRSC VIC MODEL
Uttarakhand,Dehradun,2023-03-17,2023,03,2.8223827955,NRSC VIC MODEL
Uttarakhand,Dehradun,2023-03-21,2023,03,20.744608941,NRSC VIC MODEL
Uttarakhand,Dehradun,2023-04-08,2023,04,0.0253002918,NRSC VIC MODEL
Uttarakhand,Dehradun,2023-04-11,2023,04,0.0871496848,NRSC VIC MODEL
Uttarakhand,Dehradun,2023-04-30,2023,04,0.2545411779,NRSC VIC MODEL
Uttarakhand,Dehradun,2023-05-01,2023,05,11.8339400052,NRSC VIC MODEL
Uttarakhand,Dehradun,2023-05-10,2023,05,0.8876865094,NRSC VIC MODEL
Uttarakhand,Dehradun,2023-05-12,2023,05,0,NRSC VIC MODEL
Uttarakhand,Dehradun,2023-05-22,2023,05,0,NRSC VIC MODEL
Uttarakhand,Dehradun,2023-05-23,2023,05,0.0008840063,NRSC VIC MODEL
Uttarakhand,Dehradun,2023-05-24,2023,05,9.6662266419,NRSC VIC MODEL
Uttarakhand,Dehradun,2023-05-25,2023,05,18.1662269147,NRSC VIC MODEL
Uttarakhand,Dehradun,2023-05-26,2023,05,22.0591640684,NRSC VIC MODEL
Uttarakhand,Dehradun,2023-05-30,2023,05,5.5200573381,NRSC VIC MODEL
Uttarakhand,Dehradun,2023-06-06,2023,06,3.1580209798,NRSC VIC MODEL
Uttarakhand,Dehradun,2023-06-21,2023,06,13.7663868764,NRSC VIC MODEL
Uttarakhand,Dehradun,2023-06-22,2023,06,7.2536354755,NRSC VIC MODEL
Uttarakhand,Dehradun,2023-06-30,2023,06,16.0629395669,NRSC VIC MODEL
Uttarakhand,Dehradun,2023-07-05,2023,07,17.5366294911,NRSC VIC MODEL
Uttarakhand,Dehradun,2023-07-10,2023,07,67.0803220602,NRSC VIC MODEL
Uttarakhand,Dehradun,2023-07-13,2023,07,59.4354730181,NRSC VIC MODEL
Uttarakhand,Dehradun,2023-07-15,2023,07,14.071841011,NRSC VIC MODEL
Uttarakhand,Dehradun,2023-07-16,2023,07,10.4609462999,NRSC VIC MODEL
Uttarakhand,Dehradun,2023-07-19,2023,07,19.4699549359,NRSC VIC MODEL
Uttarakhand,Dehradun,2023-07-22,2023,07,52.6856784153,NRSC VIC MODEL
Uttarakhand,Dehradun,2023-07-27,2023,07,1.6962178304,NRSC VIC MODEL
Uttarakhand,Dehradun,2023-08-01,2023,08,4.7829715748,NRSC VIC MODEL
Uttarakhand,Dehradun,2023-08-04,2023,08,28.4872267177,NRSC VIC MODEL
Uttarakhand,Dehradun,2023-08-05,2023,08,14.704857494,NRSC VIC MODEL
Uttarakhand,Dehradun,2023-08-09,2023,08,28.7790768914,NRSC VIC MODEL
Uttarakhand,Dehradun,2023-08-14,2023,08,92.0600257872,NRSC VIC MODEL
Uttarakhand,Dehradun,2023-08-16,2023,08,9.7508907975,NRSC VIC MODEL
Uttarakhand,Dehradun,2023-08-21,2023,08,18.4123902922,NRSC VIC MODEL
Uttarakhand,Dehradun,2023-08-24,2023,08,21.9567273599,NRSC VIC MODEL
Uttarakhand,Dehradun,2023-08-25,2023,08,7.4960187181,NRSC VIC MODEL
Uttarakhand,Dehradun,2023-08-30,2023,08,0.1413519968,NRSC VIC MODEL
Uttarakhand,Dehradun,2023-09-06,2023,09,0.1732687432,NRSC VIC MODEL
Uttarakhand,Dehradun,2023-09-24,2023,09,0.6512427958,NRSC VIC MODEL
Uttarakhand,Dehradun,2023-09-25,2023,09,0.0009028508,NRSC VIC MODEL
Uttarakhand,Dehradun,2023-09-26,2023,09,0,NRSC VIC MODEL
Uttarakhand,Dehradun,2023-10-17,2023,10,17.5491330832,NRSC VIC MODEL
Uttarakhand,Dehradun,2023-10-29,2023,10,0,NRSC VIC MODEL
Uttarakhand,Dehradun,2023-11-04,2023,11,0,NRSC VIC MODEL
Uttarakhand,Dehradun,2023-11-09,2023,11,0,NRSC VIC MODEL
Uttarakhand,Dehradun,2023-11-12,2023,11,0,NRSC VIC MODEL
Uttarakhand,Dehradun,2023-11-17,2023,11,0,NRSC VIC MODEL
Uttarakhand,Dehradun,2023-11-23,2023,11,0,NRSC VIC MODEL
Uttarakhand,Dehradun,2023-11-25,2023,11,0,NRSC VIC MODEL
Uttarakhand,Dehradun,2023-11-28,2023,11,0.2982382507,NRSC VIC MODEL
Uttarakhand,Dehradun,2023-11-29,2023,11,0.0004970492,NRSC VIC MODEL
Uttarakhand,Dehradun,2023-11-30,2023,11,0.0759864225,NRSC VIC MODEL
Uttarakhand,Dehradun,2023-12-16,2023,12,0,NRSC VIC MODEL
Uttarakhand,Dehradun,2023-12-17,2023,12,0,NRSC VIC MODEL
Uttarakhand,Dehradun,2023-12-18,2023,12,0,NRSC VIC MODEL
Uttarakhand,Dehradun,2023-12-23,2023,12,0,NRSC VIC MODEL
Uttarakhand,Dehradun,2023-12-25,2023,12,0,NRSC VIC MODEL
Uttarakhand,Dehradun,2023-12-28,2023,12,0,NRSC VIC MODEL
Uttarakhand,Dehradun,2023-12-29,2023,12,0,NRSC VIC MODEL
Uttarakhand,Haridwar,2023-01-08,2023,01,0,NRSC VIC MODEL
Uttarakhand,Haridwar,2023-01-18,2023,01,0,NRSC VIC MODEL
Uttarakhand,Haridwar,2023-01-22,2023,01,0,NRSC VIC MODEL
Uttarakhand,Haridwar,2023-01-27,2023,01,0.4031601901,NRSC VIC MODEL
Uttarakhand,Haridwar,2023-02-01,2023,02,0,NRSC VIC MODEL
Uttarakhand,Haridwar,2023-02-08,2023,02,0,NRSC VIC MODEL
Uttarakhand,Haridwar,2023-02-09,2023,02,0.0002058896,NRSC VIC MODEL
Uttarakhand,Haridwar,2023-02-12,2023,02,0.0018606226,NRSC VIC MODEL
Uttarakhand,Haridwar,2023-02-18,2023,02,0,NRSC VIC MODEL
Uttarakhand,Haridwar,2023-02-20,2023,02,0,NRSC VIC MODEL
Uttarakhand,Haridwar,2023-02-22,2023,02,0.3971259626,NRSC VIC MODEL
Uttarakhand,Haridwar,2023-02-27,2023,02,0,NRSC VIC MODEL
Uttarakhand,Haridwar,2023-03-06,2023,03,0,NRSC VIC MODEL
Uttarakhand,Haridwar,2023-03-07,2023,03,0,NRSC VIC MODEL
Uttarakhand,Haridwar,2023-03-08,2023,03,0,NRSC VIC MODEL
Uttarakhand,Haridwar,2023-03-13,2023,03,0.0001757403,NRSC VIC MODEL
Uttarakhand,Haridwar,2023-03-15,2023,03,0.0128600436,NRSC VIC MODEL
Uttarakhand,Haridwar,2023-03-27,2023,03,0,NRSC VIC MODEL
Uttarakhand,Haridwar,2023-04-02,2023,04,4.3431457002,NRSC VIC MODEL
Uttarakhand,Haridwar,2023-04-04,2023,04,0.0136793835,NRSC VIC MODEL
Uttarakhand,Haridwar,2023-04-08,2023,04,0,NRSC VIC MODEL
Uttarakhand,Haridwar,2023-04-10,2023,04,0,NRSC VIC MODEL
Uttarakhand,Haridwar,2023-04-12,2023,04,0,NRSC VIC MODEL
Uttarakhand,Haridwar,2023-04-17,2023,04,0,NRSC VIC MODEL
Uttarakhand,Haridwar,2023-04-19,2023,04,0.0947865523,NRSC VIC MODEL
Uttarakhand,Haridwar,2023-04-24,2023,04,0.0010544417,NRSC VIC MODEL
Uttarakhand,Haridwar,2023-04-26,2023,04,0.0010659105,NRSC VIC MODEL
Uttarakhand,Haridwar,2023-04-27,2023,04,0.4031601901,NRSC VIC MODEL
Uttarakhand,Haridwar,2023-04-29,2023,04,0.4031601901,NRSC VIC MODEL
Uttarakhand,Haridwar,2023-05-03,2023,05,9.8174243522,NRSC VIC MODEL
Uttarakhand,Haridwar,2023-05-04,2023,05,29.1413976806,NRSC VIC MODEL
Uttarakhand,Haridwar,2023-05-12,2023,05,0,NRSC VIC MODEL
Uttarakhand,Haridwar,2023-05-14,2023,05,0.0015069987,NRSC VIC MODEL
Uttarakhand,Haridwar,2023-05-18,2023,05,3.0335284889,NRSC VIC MODEL
Uttarakhand,Haridwar,2023-05-19,2023,05,0,NRSC VIC MODEL
Uttarakhand,Haridwar,2023-05-21,2023,05,0.000699678,NRSC VIC MODEL
Uttarakhand,Haridwar,2023-05-24,2023,05,11.3998804675,NRSC VIC MODEL
Uttarakhand,Haridwar,2023-05-28,2023,05,0.1203003618,NRSC VIC MODEL
Uttarakhand,Haridwar,2023-05-30,2023,05,0.9274266153,NRSC VIC MODEL
Uttarakhand,Haridwar,2023-06-04,2023,06,0,NRSC VIC MODEL
Uttarakhand,Haridwar,2023-06-06,2023,06,0.6713839718,NRSC VIC MODEL
Uttarakhand,Haridwar,2023-06-10,2023,06,0,NRSC VIC MODEL
Uttarakhand,Haridwar,2023-06-12,2023,06,0,NRSC VIC MODEL
Uttarakhand,Haridwar,2023-06-15,2023,06,0.076308925,NRSC VIC MODEL
Uttarakhand,Haridwar,2023-06-16,2023,06,0,NRSC VIC MODEL
Uttarakhand,Haridwar,2023-06-17,2023,06,0.0052356658,NRSC VIC MODEL
Uttarakhand,Haridwar,2023-06-21,2023,06,3.396851769,NRSC VIC MODEL
Uttarakhand,Haridwar,2023-06-23,2023,06,21.0712525949,NRSC VIC MODEL
Uttarakhand,Haridwar,2023-06-24,2023,06,17.9452292157,NRSC VIC MODEL
Uttarakhand,Haridwar,2023-06-27,2023,06,5.0685772071,NRSC VIC MODEL
Uttarakhand,Haridwar,2023-06-28,2023,06,27.7066631889,NRSC VIC MODEL
Uttarakhand,Haridwar,2023-07-03,2023,07,0.8573664423,NRSC VIC MODEL
Uttarakhand,Haridwar,2023-07-15,2023,07,10.2179935891,NRSC VIC MODEL
Uttarakhand,Haridwar,2023-07-20,2023,07,1.2744521846,NRSC VIC MODEL
Uttarakhand,Haridwar,2023-07-29,2023,07,15.2629490261,NRSC VIC MODEL
Uttarakhand,Haridwar,2023-08-09,2023,08,7.0532737078,NRSC VIC MODEL
Uttarakhand,Haridwar,2023-08-24,2023,08,21.4996905634,NRSC VIC MODEL
Uttarakhand,Haridwar,2023-08-25,2023,08,2.2206444309,NRSC VIC MODEL
Uttarakhand,Haridwar,2023-08-26,2023,08,0.7440808605,NRSC VIC MODEL
Uttarakhand,Haridwar,2023-08-29,2023,08,0.0064191176,NRSC VIC MODEL
Uttarakhand,Haridwar,2023-08-30,2023,08,0,NRSC VIC MODEL
Uttarakhand,Haridwar,2023-09-04,2023,09,0,NRSC VIC MODEL
Uttarakhand,Haridwar,2023-09-05,2023,09,0.0245621129,NRSC VIC MODEL
Uttarakhand,Haridwar,2023-09-09,2023,09,10.1916947621,NRSC VIC MODEL
Uttarakhand,Haridwar,2023-09-16,2023,09,3.2051780288,NRSC VIC MODEL
Uttarakhand,Haridwar,2023-09-17,2023,09,8.7651132663,NRSC VIC MODEL
Uttarakhand,Haridwar,2023-09-30,2023,09,0,NRSC VIC MODEL
Uttarakhand,Haridwar,2023-10-07,2023,10,0,NRSC VIC MODEL
Uttarakhand,Haridwar,2023-10-13,2023,10,0,NRSC VIC MODEL
Uttarakhand,Haridwar,2023-11-06,2023,11,0,NRSC VIC MODEL
Uttarakhand,Haridwar,2023-11-27,2023,11,0.0006362763,NRSC VIC MODEL
Uttarakhand,Haridwar,2023-12-01,2023,12,1.0064802255,NRSC VIC MODEL
Uttarakhand,Haridwar,2023-12-07,2023,12,0,NRSC VIC MODEL
Uttarakhand,Haridwar,2023-12-17,2023,12,0,NRSC VIC MODEL
Uttarakhand,Haridwar,2023-12-18,2023,12,0,NRSC VIC MODEL
Uttarakhand,Haridwar,2023-12-20,2023,12,0,NRSC VIC MODEL
Uttarakhand,Haridwar,2023-12-23,2023,12,0.0034042801,NRSC VIC MODEL
Uttarakhand,Haridwar,2023-12-25,2023,12,0.0003182664,NRSC VIC MODEL
Uttarakhand,Haridwar,2023-12-26,2023,12,0,NRSC VIC MODEL
Uttarakhand,Haridwar,2023-12-27,2023,12,0,NRSC VIC MODEL
Uttarakhand,Nainital,2023-01-13,2023,01,0.5225234662,NRSC VIC MODEL
Uttarakhand,Nainital,2023-01-18,2023,01,0,NRSC VIC MODEL
Uttarakhand,Nainital,2023-01-24,2023,01,4.125458619,NRSC VIC MODEL
Uttarakhand,Nainital,2023-01-27,2023,01,0,NRSC VIC MODEL
Uttarakhand,Nainital,2023-01-28,2023,01,0,NRSC VIC MODEL
Uttarakhand,Nainital,2023-02-03,2023,02,0,NRSC VIC MODEL
Uttarakhand,Nainital,2023-02-05,2023,02,0,NRSC VIC MODEL
Uttarakhand,Nainital,2023-02-17,2023,02,0,NRSC VIC MODEL
Uttarakhand,Nainital,2023-02-21,2023,02,0,NRSC VIC MODEL
Uttarakhand,Nainital,2023-03-01,2023,03,0.0480136108,NRSC VIC MODEL
Uttarakhand,Nainital,2023-03-09,2023,03,0.0904513527,NRSC VIC MODEL
Uttarakhand,Nainital,2023-03-13,2023,03,0.0295313044,NRSC VIC MODEL
Uttarakhand,Nainital,2023-03-14,2023,03,0.0001038344,NRSC VIC MODEL
Uttarakhand,Nainital,2023-03-15,2023,03,11.6525540778,NRSC VIC MODEL
Uttarakhand,Nainital,2023-03-18,2023,03,1.7055219104,NRSC VIC MODEL
Uttarakhand,Pithoragarh,2023-03-31,2023,03,3.4037411602,NRSC VIC MODEL
Uttarakhand,Pithoragarh,2023-04-04,2023,04,1.2490987482,NRSC VIC MODEL
Uttarakhand,Pithoragarh,2023-04-05,2023,04,0.7564442887,NRSC VIC MODEL
Uttarakhand,Pithoragarh,2023-04-10,2023,04,0.1722002036,NRSC VIC MODEL
Uttarakhand,Pithoragarh,2023-04-11,2023,04,1.3901826795,NRSC VIC MODEL
Uttarakhand,Pithoragarh,2023-04-19,2023,04,5.983484399,NRSC VIC MODEL
Uttarakhand,Pithoragarh,2023-04-25,2023,04,0.142116318,NRSC VIC MODEL
Uttarakhand,Pithoragarh,2023-04-27,2023,04,0.1394514158,NRSC VIC MODEL
Uttarakhand,Pithoragarh,2023-05-07,2023,05,0.9416340477,NRSC VIC MODEL
Uttarakhand,Pithoragarh,2023-05-24,2023,05,5.4025599191,NRSC VIC MODEL
Uttarakhand,Pithoragarh,2023-05-29,2023,05,0.1306506117,NRSC VIC MODEL
Uttarakhand,Pithoragarh,2023-06-01,2023,06,0.8981115829,NRSC VIC MODEL
Uttarakhand,Pithoragarh,2023-06-03,2023,06,0.0263954304,NRSC VIC MODEL
Uttarakhand,Pithoragarh,2023-06-07,2023,06,1.7949685457,NRSC VIC MODEL
Uttarakhand,Pithoragarh,2023-06-08,2023,06,2.772344074,NRSC VIC MODEL
Uttarakhand,Pithoragarh,2023-06-10,2023,06,0.9006518908,NRSC VIC MODEL
Uttarakhand,Pithoragarh,2023-06-17,2023,06,2.783404319,NRSC VIC MODEL
Uttarakhand,Pithoragarh,2023-06-20,2023,06,4.2814372074,NRSC VIC MODEL
Uttarakhand,Pithoragarh,2023-06-21,2023,06,0.3763686157,NRSC VIC MODEL
Uttarakhand,Pithoragarh,2023-06-28,2023,06,4.093924408,NRSC VIC MODEL
Uttarakhand,Pithoragarh,2023-07-04,2023,07,10.2284718971,NRSC VIC MODEL
Uttarakhand,Pithoragarh,2023-07-08,2023,07,4.6978707599,NRSC VIC MODEL
Uttarakhand,Pithoragarh,2023-07-11,2023,07,12.3869580386,NRSC VIC MODEL
Uttarakhand,Pithoragarh,2023-07-15,2023,07,14.0441779496,NRSC VIC MODEL
Uttarakhand,Pithoragarh,2023-07-18,2023,07,12.5397795533,NRSC VIC MODEL
Uttarakhand,Pithoragarh,2023-07-20,2023,07,4.2858006273,NRSC VIC MODEL
Uttarakhand,Pithoragarh,2023-07-21,2023,07,1.6396646729,NRSC VIC MODEL
Uttarakhand,Pithoragarh,2023-07-27,2023,07,1.6670576529,NRSC VIC MODEL
Uttarakhand,Pithoragarh,2023-08-07,2023,08,7.5930416631,NRSC VIC MODEL
Uttarakhand,Pithoragarh,2023-08-09,2023,08,15.005635254,NRSC VIC MODEL
Uttarakhand,Pithoragarh,2023-08-10,2023,08,3.1840340989,NRSC VIC MODEL
Uttarakhand,Pithoragarh,2023-08-17,2023,08,2.9458480771,NRSC VIC MODEL
Uttarakhand,Pithoragarh,2023-08-25,2023,08,19.4136352288,NRSC VIC MODEL
Uttarakhand,Pithoragarh,2023-08-27,2023,08,2.1386103307,NRSC VIC MODEL
Uttarakhand,Pithoragarh,2023-08-29,2023,08,2.4585826504,NRSC VIC MODEL
Uttarakhand,Pithoragarh,2023-09-02,2023,09,0.0343055056,NRSC VIC MODEL
Uttarakhand,Pithoragarh,2023-09-07,2023,09,0.0160663277,NRSC VIC MODEL
Uttarakhand,Pithoragarh,2023-09-08,2023,09,4.7509152508,NRSC VIC MODEL
Uttarakhand,Pithoragarh,2023-09-11,2023,09,23.8003903435,NRSC VIC MODEL
Uttarakhand,Pithoragarh,2023-09-18,2023,09,0.4377717132,NRSC VIC MODEL
Uttarakhand,Pithoragarh,2023-09-19,2023,09,1.4923585778,NRSC VIC MODEL
Uttarakhand,Pithoragarh,2023-09-21,2023,09,12.0799870475,NRSC VIC MODEL
Uttarakhand,Pithoragarh,2023-09-23,2023,09,1.62996877,NRSC VIC MODEL
Uttarakhand,Pithoragarh,2023-10-07,2023,10,0,NRSC VIC MODEL
Uttarakhand,Pithoragarh,2023-10-11,2023,10,1.8035598266,NRSC VIC MODEL
Uttarakhand,Pithoragarh,2023-10-12,2023,10,0.3901400222,NRSC VIC MODEL
Uttarakhand,Pithoragarh,2023-10-21,2023,10,0.046349943,NRSC VIC MODEL
Uttarakhand,Pithoragarh,2023-10-23,2023,10,0,NRSC VIC MODEL
Uttarakhand,Pithoragarh,2023-10-26,2023,10,0.0132377926,NRSC VIC MODEL
Uttarakhand,Pithoragarh,2023-11-07,2023,11,0,NRSC VIC MODEL
Uttarakhand,Pithoragarh,2023-11-11,2023,11,0.1416243367,NRSC VIC MODEL
Uttarakhand,Pithoragarh,2023-11-13,2023,11,0.0161477252,NRSC VIC MODEL
Uttarakhand,Pithoragarh,2023-11-28,2023,11,0.3211558208,NRSC VIC MODEL
Uttarakhand,Pithoragarh,2023-12-07,2023,12,0.0666254225,NRSC VIC MODEL
Uttarakhand,Pithoragarh,2023-12-11,2023,12,0.0503290119,NRSC VIC MODEL
Uttarakhand,Pithoragarh,2023-12-12,2023,12,0.2499470694,NRSC VIC MODEL
Uttarakhand,Pithoragarh,2023-12-17,2023,12,0.0028127512,NRSC VIC MODEL
Uttarakhand,Pithoragarh,2023-12-26,2023,12,0.0155562364,NRSC VIC MODEL
Uttarakhand,Rudra Prayag,2023-01-01,2023,01,0,NRSC VIC MODEL
Uttarakhand,Rudra Prayag,2023-01-04,2023,01,0,NRSC VIC MODEL
Uttarakhand,Rudra Prayag,2023-01-15,2023,01,0.1116911618,NRSC VIC MODEL
Uttarakhand,Rudra Prayag,2023-01-18,2023,01,0,NRSC VIC MODEL
Uttarakhand,Rudra Prayag,2023-01-21,2023,01,0.0017075983,NRSC VIC MODEL
Uttarakhand,Rudra Prayag,2023-01-24,2023,01,2.9071549779,NRSC VIC MODEL
Uttarakhand,Rudra Prayag,2023-01-27,2023,01,0,NRSC VIC MODEL
Uttarakhand,Rudra Prayag,2023-01-28,2023,01,0,NRSC VIC MODEL
Uttarakhand,Rudra Prayag,2023-01-30,2023,01,6.4124421893,NRSC VIC MODEL
Uttarakhand,Rudra Prayag,2023-02-12,2023,02,16.3532280794,NRSC VIC MODEL
Uttarakhand,Rudra Prayag,2023-02-14,2023,02,0.002807229,NRSC VIC MODEL
Uttarakhand,Rudra Prayag,2023-02-18,2023,02,0,NRSC VIC MODEL
Uttarakhand,Rudra Prayag,2023-02-28,2023,02,0.9569274904,NRSC VIC MODEL
Uttarakhand,Rudra Prayag,2023-03-01,2023,03,0.0050658924,NRSC VIC MODEL
Uttarakhand,Rudra Prayag,2023-03-13,2023,03,1.4552875759,NRSC VIC MODEL
Uttarakhand,Rudra Prayag,2023-03-15,2023,03,1.5276196645,NRSC VIC MODEL
Uttarakhand,Rudra Prayag,2023-03-20,2023,03,1.0645818232,NRSC VIC MODEL
Uttarakhand,Rudra Prayag,2023-03-21,2023,03,9.0400428857,NRSC VIC MODEL
Uttarakhand,Rudra Prayag,2023-03-28,2023,03,1.4036644986,NRSC VIC MODEL
Uttarakhand,Rudra Prayag,2023-03-31,2023,03,2.6150968654,NRSC VIC MODEL
Uttarakhand,Rudra Prayag,2023-04-07,2023,04,0,NRSC VIC MODEL
Uttarakhand,Rudra Prayag,2023-04-15,2023,04,0.9861054057,NRSC VIC MODEL
Uttarakhand,Rudra Prayag,2023-04-23,2023,04,0,NRSC VIC MODEL
Uttarakhand,Rudra Prayag,2023-04-24,2023,04,0.2131354534,NRSC VIC MODEL
Uttarakhand,Rudra Prayag,2023-04-27,2023,04,1.1166162218,NRSC VIC MODEL
Uttarakhand,Rudra Prayag,2023-05-02,2023,05,7.1464461603,NRSC VIC MODEL
Uttarakhand,Rudra Prayag,2023-05-03,2023,05,6.0424827889,NRSC VIC MODEL
Uttarakhand,Rudra Prayag,2023-05-06,2023,05,0.6159589792,NRSC VIC MODEL
Uttarakhand,Rudra Prayag,2023-05-10,2023,05,0.798194294,NRSC VIC MODEL
Uttarakhand,Rudra Prayag,2023-05-23,2023,05,8.9304452969,NRSC VIC MODEL
Uttarakhand,Rudra Prayag,2023-05-28,2023,05,3.3767364377,NRSC VIC MODEL
Uttarakhand,Rudra Prayag,2023-05-31,2023,05,3.8385899427,NRSC VIC MODEL
Uttarakhand,Rudra Prayag,2023-06-04,2023,06,0.2658913134,NRSC VIC MODEL
Uttarakhand,Rudra Prayag,2023-06-05,2023,06,3.7238378607,NRSC VIC MODEL
Uttarakhand,Rudra Prayag,2023-06-06,2023,06,2.2571758076,NRSC VIC MODEL
Uttarakhand,Rudra Prayag,2023-06-08,2023,06,4.4738026504,NRSC VIC MODEL
Uttarakhand,Rudra Prayag,2023-06-15,2023,06,3.223881382,NRSC VIC MODEL
Uttarakhand,Rudra Prayag,2023-06-17,2023,06,4.4502951254,NRSC VIC MODEL
Uttarakhand,Rudra Prayag,2023-06-18,2023,06,6.078100141,NRSC VIC MODEL
Uttarakhand,Rudra Prayag,2023-06-29,2023,06,11.4953480975,NRSC VIC MODEL
Uttarakhand,Rudra Prayag,2023-07-28,2023,07,0.6722010862,NRSC VIC MODEL
Uttarakhand,Rudra Prayag,2023-07-31,2023,07,1.5530527378,NRSC VIC MODEL
Uttarakhand,Rudra Prayag,2023-08-07,2023,08,4.9434406085,NRSC VIC MODEL
Uttarakhand,Rudra Prayag,2023-08-11,2023,08,4.6317174078,NRSC VIC MODEL
Uttarakhand,Rudra Prayag,2023-08-15,2023,08,5.1720782884,NRSC VIC MODEL
Uttarakhand,Rudra Prayag,2023-08-23,2023,08,21.9441216585,NRSC VIC MODEL
Uttarakhand,Rudra Prayag,2023-09-09,2023,09,4.5458489076,NRSC VIC MODEL
Uttarakhand,Rudra Prayag,2023-09-13,2023,09,3.0341949832,NRSC VIC MODEL
Uttarakhand,Rudra Prayag,2023-09-16,2023,09,1.0489586299,NRSC VIC MODEL
Uttarakhand,Rudra Prayag,2023-09-20,2023,09,0.3038970838,NRSC VIC MODEL
Uttarakhand,Rudra Prayag,2023-09-29,2023,09,0.2654472533,NRSC VIC MODEL
Uttarakhand,Rudra Prayag,2023-10-09,2023,10,0,NRSC VIC MODEL
Uttarakhand,Rudra Prayag,2023-10-14,2023,10,0,NRSC VIC MODEL
Uttarakhand,Rudra Prayag,2023-10-24,2023,10,0.0254266237,NRSC VIC MODEL
Uttarakhand,Rudra Prayag,2023-10-31,2023,10,0,NRSC VIC MODEL
Uttarakhand,Rudra Prayag,2023-11-11,2023,11,0.2116135164,NRSC VIC MODEL
Uttarakhand,Rudra Prayag,2023-11-15,2023,11,0,NRSC VIC MODEL
Uttarakhand,Rudra Prayag,2023-12-01,2023,12,0.3168964937,NRSC VIC MODEL
Uttarakhand,Rudra Prayag,2023-12-03,2023,12,0,NRSC VIC MODEL
Uttarakhand,Rudra Prayag,2023-12-06,2023,12,0,NRSC VIC MODEL
Uttarakhand,Rudra Prayag,2023-12-08,2023,12,0,NRSC VIC MODEL
Uttarakhand,Rudra Prayag,2023-12-11,2023,12,0,NRSC VIC MODEL
Uttarakhand,Rudra Prayag,2023-12-26,2023,12,0,NRSC VIC MODEL
Uttarakhand,Rudra Prayag,2023-12-27,2023,12,0,NRSC VIC MODEL
Uttarakhand,Rudra Prayag,2023-12-31,2023,12,0,NRSC VIC MODEL
Uttarakhand,Tehri Garhwal,2023-01-04,2023,01,0,NRSC VIC MODEL
Uttarakhand,Tehri Garhwal,2023-01-19,2023,01,0.0017639104,NRSC VIC MODEL
Uttarakhand,Tehri Garhwal,2023-01-27,2023,01,0.0003919845,NRSC VIC MODEL
Uttarakhand,Tehri Garhwal,2023-02-01,2023,02,0,NRSC VIC MODEL
Uttarakhand,Tehri Garhwal,2023-02-03,2023,02,0,NRSC VIC MODEL
Uttarakhand,Tehri Garhwal,2023-02-06,2023,02,0,NRSC VIC MODEL
Uttarakhand,Tehri Garhwal,2023-02-09,2023,02,0.1343014237,NRSC VIC MODEL
Uttarakhand,Tehri Garhwal,2023-02-11,2023,02,1.8656538379,NRSC VIC MODEL
Uttarakhand,Tehri Garhwal,2023-02-27,2023,02,1.6171583001,NRSC VIC MODEL
Uttarakhand,Tehri Garhwal,2023-03-04,2023,03,0,NRSC VIC MODEL
Uttarakhand,Tehri Garhwal,2023-03-08,2023,03,0,NRSC VIC MODEL
Uttarakhand,Tehri Garhwal,2023-03-17,2023,03,2.615794227,NRSC VIC MODEL
Uttarakhand,Tehri Garhwal,2023-03-22,2023,03,10.0741051184,NRSC VIC MODEL
Uttarakhand,Tehri Garhwal,2023-03-23,2023,03,0.1382402388,NRSC VIC MODEL
Uttarakhand,Tehri Garhwal,2023-03-25,2023,03,8.7236088373,NRSC VIC MODEL
Uttarakhand,Tehri Garhwal,2023-04-03,2023,04,3.052392706,NRSC VIC MODEL
Uttarakhand,Tehri Garhwal,2023-04-29,2023,04,2.1029939585,NRSC VIC MODEL
Uttarakhand,Tehri Garhwal,2023-05-03,2023,05,6.6017084905,NRSC VIC MODEL
Uttarakhand,Tehri Garhwal,2023-05-06,2023,05,0.394312873,NRSC VIC MODEL
Uttarakhand,Tehri Garhwal,2023-05-12,2023,05,0.0478743983,NRSC VIC MODEL
Uttarakhand,Tehri Garhwal,2023-05-14,2023,05,0.702640049,NRSC VIC MODEL
Uttarakhand,Tehri Garhwal,2023-05-18,2023,05,1.8074365372,NRSC VIC MODEL
Uttarakhand,Tehri Garhwal,2023-05-22,2023,05,0.5969980764,NRSC VIC MODEL
Uttarakhand,Tehri Garhwal,2023-05-25,2023,05,19.0687534534,NRSC VIC MODEL
Uttarakhand,Tehri Garhwal,2023-05-26,2023,05,18.8183388575,NRSC VIC MODEL
Uttarakhand,Tehri Garhwal,2023-05-27,2023,05,1.6347066597,NRSC VIC MODEL
Uttarakhand,Tehri Garhwal,2023-05-28,2023,05,3.6637409449,NRSC VIC MODEL
Uttarakhand,Tehri Garhwal,2023-06-09,2023,06,2.7875533607,NRSC VIC MODEL
Uttarakhand,Tehri Garhwal,2023-06-12,2023,06,0.1434440465,NRSC VIC MODEL
Uttarakhand,Tehri Garhwal,2023-06-13,2023,06,6.639499149,NRSC VIC MODEL
Uttarakhand,Tehri Garhwal,2023-06-23,2023,06,7.8643694489,NRSC VIC MODEL
Uttarakhand,Tehri Garhwal,2023-07-12,2023,07,32.1473467663,NRSC VIC MODEL
Uttarakhand,Tehri Garhwal,2023-07-14,2023,07,17.8895231399,NRSC VIC MODEL
Uttarakhand,Tehri Garhwal,2023-07-18,2023,07,22.753807984,NRSC VIC MODEL
Uttarakhand,Tehri Garhwal,2023-07-20,2023,07,20.2135914605,NRSC VIC MODEL
Uttarakhand,Tehri Garhwal,2023-07-21,2023,07,5.4703641624,NRSC VIC MODEL
Uttarakhand,Tehri Garhwal,2023-07-29,2023,07,23.607712026,NRSC VIC MODEL
Uttarakhand,Tehri Garhwal,2023-08-01,2023,08,1.129776906,NRSC VIC MODEL
Uttarakhand,Tehri Garhwal,2023-08-02,2023,08,4.4806043566,NRSC VIC MODEL
Uttarakhand,Tehri Garhwal,2023-08-07,2023,08,11.0860136534,NRSC VIC MODEL
Uttarakhand,Tehri Garhwal,2023-08-13,2023,08,5.7444094031,NRSC VIC MODEL
Uttarakhand,Tehri Garhwal,2023-08-15,2023,08,6.6454999227,NRSC VIC MODEL
Uttarakhand,Tehri Garhwal,2023-08-23,2023,08,14.7702213919,NRSC VIC MODEL
Uttarakhand,Tehri Garhwal,2023-08-25,2023,08,6.0798366363,NRSC VIC MODEL
Uttarakhand,Tehri Garhwal,2023-08-30,2023,08,0.0710509894,NRSC VIC MODEL
Uttarakhand,Tehri Garhwal,2023-09-26,2023,09,0.0962626436,NRSC VIC MODEL
Uttarakhand,Almora,2023-01-03,2023,01,0,NRSC VIC MODEL
Uttarakhand,Almora,2023-01-10,2023,01,0,NRSC VIC MODEL
Uttarakhand,Almora,2023-01-14,2023,01,0,NRSC VIC MODEL
Uttarakhand,Almora,2023-01-19,2023,01,0.0338807518,NRSC VIC MODEL
Uttarakhand,Almora,2023-01-21,2023,01,0,NRSC VIC MODEL
Uttarakhand,Almora,2023-01-27,2023,01,0,NRSC VIC MODEL
Uttarakhand,Almora,2023-02-01,2023,02,0,NRSC VIC MODEL
Uttarakhand,Almora,2023-02-04,2023,02,0,NRSC VIC MODEL
Uttarakhand,Almora,2023-02-05,2023,02,0,NRSC VIC MODEL
Uttarakhand,Almora,2023-02-07,2023,02,0.0218608032,NRSC VIC MODEL
Uttarakhand,Almora,2023-02-08,2023,02,0,NRSC VIC MODEL
Uttarakhand,Almora,2023-02-15,2023,02,0,NRSC VIC MODEL
Uttarakhand,Almora,2023-02-22,2023,02,2.6824638724,NRSC VIC MODEL
Uttarakhand,Almora,2023-03-03,2023,03,0,NRSC VIC MODEL
Uttarakhand,Almora,2023-03-05,2023,03,0,NRSC VIC MODEL
Uttarakhand,Almora,2023-03-13,2023,03,0.8769542084,NRSC VIC MODEL
Uttarakhand,Almora,2023-03-17,2023,03,6.0321822275,NRSC VIC MODEL
Uttarakhand,Almora,2023-03-26,2023,03,4.5119274623,NRSC VIC MODEL
Uttarakhand,Almora,2023-03-30,2023,03,0.0003763025,NRSC VIC MODEL
Uttarakhand,Almora,2023-03-31,2023,03,3.4849763628,NRSC VIC MODEL
Uttarakhand,Almora,2023-04-02,2023,04,6.638739328,NRSC VIC MODEL
Uttarakhand,Almora,2023-04-04,2023,04,1.3865185609,NRSC VIC MODEL
Uttarakhand,Almora,2023-04-09,2023,04,0.0034101413,NRSC VIC MODEL
Uttarakhand,Almora,2023-04-11,2023,04,0,NRSC VIC MODEL
Uttarakhand,Almora,2023-04-12,2023,04,0.0008079858,NRSC VIC MODEL
Uttarakhand,Almora,2023-04-14,2023,04,3.56763e-05,NRSC VIC MODEL
Uttarakhand,Almora,2023-04-29,2023,04,1.78382e-05,NRSC VIC MODEL
Uttarakhand,Almora,2023-05-03,2023,05,12.4789794595,NRSC VIC MODEL
Uttarakhand,Almora,2023-05-05,2023,05,1.2369709891,NRSC VIC MODEL
Uttarakhand,Almora,2023-05-08,2023,05,0.2424003155,NRSC VIC MODEL
Uttarakhand,Almora,2023-05-09,2023,05,0.0840004448,NRSC VIC MODEL
Uttarakhand,Almora,2023-05-14,2023,05,1.78382e-05,NRSC VIC MODEL
Uttarakhand,Almora,2023-05-20,2023,05,0.3452110896,NRSC VIC MODEL
Uttarakhand,Almora,2023-05-25,2023,05,4.257230239,NRSC VIC MODEL
Uttarakhand,Almora,2023-05-26,2023,05,18.1994122021,NRSC VIC MODEL
Uttarakhand,Almora,2023-05-31,2023,05,0.8413455382,NRSC VIC MODEL
Uttarakhand,Almora,2023-06-14,2023,06,1.6431993126,NRSC VIC MODEL
Uttarakhand,Almora,2023-06-26,2023,06,9.7467040469,NRSC VIC MODEL
Uttarakhand,Almora,2023-06-27,2023,06,0.6062960438,NRSC VIC MODEL
Uttarakhand,Almora,2023-06-28,2023,06,2.7965003873,NRSC VIC MODEL
Uttarakhand,Almora,2023-07-01,2023,07,8.7193672729,NRSC VIC MODEL
Uttarakhand,Almora,2023-07-05,2023,07,5.405748152,NRSC VIC MODEL
Uttarakhand,Almora,2023-07-06,2023,07,21.3139510547,NRSC VIC MODEL
Uttarakhand,Almora,2023-07-11,2023,07,7.0655833641,NRSC VIC MODEL
Uttarakhand,Almora,2023-07-12,2023,07,27.1043592092,NRSC VIC MODEL
Uttarakhand,Almora,2023-07-14,2023,07,20.8231780017,NRSC VIC MODEL
Uttarakhand,Almora,2023-07-19,2023,07,7.7406941304,NRSC VIC MODEL
Uttarakhand,Almora,2023-07-20,2023,07,0.905673512,NRSC VIC MODEL
Uttarakhand,Almora,2023-08-05,2023,08,1.3401690171,NRSC VIC MODEL
Uttarakhand,Almora,2023-08-08,2023,08,3.0505087907,NRSC VIC MODEL
Uttarakhand,Almora,2023-08-18,2023,08,7.6665732318,NRSC VIC MODEL
Uttarakhand,Almora,2023-08-20,2023,08,0.3085934338,NRSC VIC MODEL
Uttarakhand,Almora,2023-08-23,2023,08,8.4297231567,NRSC VIC MODEL
Uttarakhand,Almora,2023-08-26,2023,08,1.108733712,NRSC VIC MODEL
Uttarakhand,Almora,2023-08-28,2023,08,0.0327598212,NRSC VIC MODEL
Uttarakhand,Almora,2023-09-01,2023,09,0.0164821404,NRSC VIC MODEL
Uttarakhand,Almora,2023-09-05,2023,09,13.1392436969,NRSC VIC MODEL
Uttarakhand,Almora,2023-09-15,2023,09,10.1610920334,NRSC VIC MODEL
Uttarakhand,Almora,2023-09-16,2023,09,8.6190173652,NRSC VIC MODEL
Uttarakhand,Almora,2023-09-19,2023,09,7.0831981416,NRSC VIC MODEL
Uttarakhand,Almora,2023-09-29,2023,09,0,NRSC VIC MODEL
Uttarakhand,Almora,2023-10-28,2023,10,0,NRSC VIC MODEL
Uttarakhand,Nainital,2023-04-10,2023,04,0.0217607506,NRSC VIC MODEL
Uttarakhand,Nainital,2023-04-13,2023,04,0.0003552666,NRSC VIC MODEL
Uttarakhand,Nainital,2023-04-14,2023,04,0,NRSC VIC MODEL
Uttarakhand,Nainital,2023-04-17,2023,04,0,NRSC VIC MODEL
Uttarakhand,Nainital,2023-04-23,2023,04,0.0004892132,NRSC VIC MODEL
Uttarakhand,Nainital,2023-04-25,2023,04,1.1345003612,NRSC VIC MODEL
Uttarakhand,Nainital,2023-05-01,2023,05,21.4141937212,NRSC VIC MODEL
Uttarakhand,Nainital,2023-05-06,2023,05,2.0681938759,NRSC VIC MODEL
Uttarakhand,Nainital,2023-05-13,2023,05,0.0002584831,NRSC VIC MODEL
Uttarakhand,Nainital,2023-05-20,2023,05,0.0429536579,NRSC VIC MODEL
Uttarakhand,Nainital,2023-05-25,2023,05,0.6955719252,NRSC VIC MODEL
Uttarakhand,Nainital,2023-05-26,2023,05,12.9656279615,NRSC VIC MODEL
Uttarakhand,Nainital,2023-05-30,2023,05,0.2028381079,NRSC VIC MODEL
Uttarakhand,Nainital,2023-06-01,2023,06,0.1282231246,NRSC VIC MODEL
Uttarakhand,Nainital,2023-06-02,2023,06,1.2818262591,NRSC VIC MODEL
Uttarakhand,Nainital,2023-06-15,2023,06,0.0024070363,NRSC VIC MODEL
Uttarakhand,Nainital,2023-06-23,2023,06,1.0252532862,NRSC VIC MODEL
Uttarakhand,Nainital,2023-06-24,2023,06,1.74736712,NRSC VIC MODEL
Uttarakhand,Nainital,2023-06-25,2023,06,10.6513031762,NRSC VIC MODEL
Uttarakhand,Nainital,2023-06-29,2023,06,7.32817115,NRSC VIC MODEL
Uttarakhand,Nainital,2023-07-01,2023,07,10.7101238238,NRSC VIC MODEL
Uttarakhand,Nainital,2023-07-03,2023,07,5.3302918334,NRSC VIC MODEL
Uttarakhand,Nainital,2023-07-06,2023,07,27.847100485,NRSC VIC MODEL
Uttarakhand,Nainital,2023-07-07,2023,07,29.400718619,NRSC VIC MODEL
Uttarakhand,Nainital,2023-07-22,2023,07,25.066907641,NRSC VIC MODEL
Uttarakhand,Nainital,2023-07-24,2023,07,3.0542153517,NRSC VIC MODEL
Uttarakhand,Nainital,2023-07-26,2023,07,1.7188467047,NRSC VIC MODEL
Uttarakhand,Nainital,2023-08-01,2023,08,3.2144791918,NRSC VIC MODEL
Uttarakhand,Nainital,2023-08-11,2023,08,11.3126802645,NRSC VIC MODEL
Uttarakhand,Nainital,2023-08-17,2023,08,0.0182700754,NRSC VIC MODEL
Uttarakhand,Nainital,2023-08-18,2023,08,15.5518237289,NRSC VIC MODEL
Uttarakhand,Nainital,2023-09-01,2023,09,0.9414718728,NRSC VIC MODEL
Uttarakhand,Nainital,2023-09-03,2023,09,0,NRSC VIC MODEL
Uttarakhand,Nainital,2023-09-04,2023,09,0.0746629341,NRSC VIC MODEL
Uttarakhand,Nainital,2023-09-07,2023,09,0.2052103661,NRSC VIC MODEL
Uttarakhand,Nainital,2023-09-08,2023,09,7.3633533808,NRSC VIC MODEL
Uttarakhand,Nainital,2023-09-11,2023,09,71.0287861408,NRSC VIC MODEL
Uttarakhand,Nainital,2023-09-26,2023,09,0.0168931049,NRSC VIC MODEL
Uttarakhand,Nainital,2023-09-30,2023,09,2.1692e-06,NRSC VIC MODEL
Uttarakhand,Nainital,2023-10-15,2023,10,0,NRSC VIC MODEL
Uttarakhand,Nainital,2023-10-28,2023,10,0,NRSC VIC MODEL
Uttarakhand,Nainital,2023-11-07,2023,11,0,NRSC VIC MODEL
Uttarakhand,Nainital,2023-11-08,2023,11,0,NRSC VIC MODEL
Uttarakhand,Nainital,2023-11-10,2023,11,0.1754010169,NRSC VIC MODEL
Uttarakhand,Nainital,2023-11-20,2023,11,0,NRSC VIC MODEL
Uttarakhand,Nainital,2023-11-22,2023,11,0,NRSC VIC MODEL
Uttarakhand,Nainital,2023-11-24,2023,11,0,NRSC VIC MODEL
Uttarakhand,Nainital,2023-12-01,2023,12,0.0108915644,NRSC VIC MODEL
Uttarakhand,Nainital,2023-12-02,2023,12,0,NRSC VIC MODEL
Uttarakhand,Nainital,2023-12-08,2023,12,0,NRSC VIC MODEL
Uttarakhand,Nainital,2023-12-12,2023,12,0.0007546605,NRSC VIC MODEL
Uttarakhand,Nainital,2023-12-20,2023,12,0,NRSC VIC MODEL
Uttarakhand,Nainital,2023-12-31,2023,12,0,NRSC VIC MODEL
Uttarakhand,Pauri Garhwal,2023-01-02,2023,01,0,NRSC VIC MODEL
Uttarakhand,Pauri Garhwal,2023-01-03,2023,01,0,NRSC VIC MODEL
Uttarakhand,Pauri Garhwal,2023-01-08,2023,01,0,NRSC VIC MODEL
Uttarakhand,Pauri Garhwal,2023-01-09,2023,01,0,NRSC VIC MODEL
Uttarakhand,Pauri Garhwal,2023-01-17,2023,01,0,NRSC VIC MODEL
Uttarakhand,Pauri Garhwal,2023-01-18,2023,01,0,NRSC VIC MODEL
Uttarakhand,Pauri Garhwal,2023-01-26,2023,01,0.5780086584,NRSC VIC MODEL
Uttarakhand,Pauri Garhwal,2023-01-31,2023,01,5.2742046153,NRSC VIC MODEL
Uttarakhand,Pauri Garhwal,2023-02-13,2023,02,0.1190234968,NRSC VIC MODEL
Uttarakhand,Pauri Garhwal,2023-02-14,2023,02,0.0596524362,NRSC VIC MODEL
Uttarakhand,Pauri Garhwal,2023-02-19,2023,02,0,NRSC VIC MODEL
Uttarakhand,Pauri Garhwal,2023-02-21,2023,02,0,NRSC VIC MODEL
Uttarakhand,Pauri Garhwal,2023-03-07,2023,03,0,NRSC VIC MODEL
Uttarakhand,Pauri Garhwal,2023-03-12,2023,03,0.002664011,NRSC VIC MODEL
Uttarakhand,Pauri Garhwal,2023-03-13,2023,03,0.4037254764,NRSC VIC MODEL
Uttarakhand,Pauri Garhwal,2023-03-17,2023,03,0.5879987011,NRSC VIC MODEL
Uttarakhand,Pauri Garhwal,2023-03-28,2023,03,0.0864893961,NRSC VIC MODEL
Uttarakhand,Pauri Garhwal,2023-03-30,2023,03,2.53914e-05,NRSC VIC MODEL
Uttarakhand,Pauri Garhwal,2023-04-01,2023,04,20.2152107573,NRSC VIC MODEL
Uttarakhand,Pauri Garhwal,2023-04-05,2023,04,0.5671981461,NRSC VIC MODEL
Uttarakhand,Pauri Garhwal,2023-04-08,2023,04,0.0010973489,NRSC VIC MODEL
Uttarakhand,Pauri Garhwal,2023-04-14,2023,04,0,NRSC VIC MODEL
Uttarakhand,Pauri Garhwal,2023-04-18,2023,04,0,NRSC VIC MODEL
Uttarakhand,Pauri Garhwal,2023-04-21,2023,04,2.5450387461,NRSC VIC MODEL
Uttarakhand,Pauri Garhwal,2023-05-02,2023,05,9.4592516803,NRSC VIC MODEL
Uttarakhand,Pauri Garhwal,2023-05-07,2023,05,0.0021689751,NRSC VIC MODEL
Uttarakhand,Pauri Garhwal,2023-05-14,2023,05,0.0108186212,NRSC VIC MODEL
Uttarakhand,Pauri Garhwal,2023-05-18,2023,05,12.199284931,NRSC VIC MODEL
Uttarakhand,Pauri Garhwal,2023-05-21,2023,05,0.5977399171,NRSC VIC MODEL
Uttarakhand,Pauri Garhwal,2023-05-25,2023,05,4.0872668241,NRSC VIC MODEL
Uttarakhand,Pauri Garhwal,2023-05-26,2023,05,19.5395209868,NRSC VIC MODEL
Uttarakhand,Pauri Garhwal,2023-06-12,2023,06,0.0511363503,NRSC VIC MODEL
Uttarakhand,Pauri Garhwal,2023-06-13,2023,06,0.4438490042,NRSC VIC MODEL
Uttarakhand,Pauri Garhwal,2023-06-18,2023,06,1.3442413372,NRSC VIC MODEL
Uttarakhand,Pauri Garhwal,2023-06-19,2023,06,1.1927056294,NRSC VIC MODEL
Uttarakhand,Pauri Garhwal,2023-06-26,2023,06,36.9006988913,NRSC VIC MODEL
Uttarakhand,Pauri Garhwal,2023-06-28,2023,06,8.286885066,NRSC VIC MODEL
Uttarakhand,Pauri Garhwal,2023-07-03,2023,07,1.8349221001,NRSC VIC MODEL
Uttarakhand,Pauri Garhwal,2023-07-10,2023,07,12.8702016733,NRSC VIC MODEL
Uttarakhand,Pauri Garhwal,2023-07-21,2023,07,8.5938107591,NRSC VIC MODEL
Uttarakhand,Pauri Garhwal,2023-07-29,2023,07,23.0472694021,NRSC VIC MODEL
Uttarakhand,Pauri Garhwal,2023-08-04,2023,08,20.5939562221,NRSC VIC MODEL
Uttarakhand,Pauri Garhwal,2023-08-08,2023,08,19.4731403715,NRSC VIC MODEL
Uttarakhand,Pauri Garhwal,2023-08-10,2023,08,27.2159729109,NRSC VIC MODEL
Uttarakhand,Pauri Garhwal,2023-08-12,2023,08,5.9087892161,NRSC VIC MODEL
Uttarakhand,Pauri Garhwal,2023-08-15,2023,08,1.3837487932,NRSC VIC MODEL
Uttarakhand,Pauri Garhwal,2023-08-22,2023,08,13.7041107189,NRSC VIC MODEL
Uttarakhand,Pauri Garhwal,2023-08-23,2023,08,33.8191207974,NRSC VIC MODEL
Uttarakhand,Pauri Garhwal,2023-08-31,2023,08,0.0005183898,NRSC VIC MODEL
Uttarakhand,Pauri Garhwal,2023-09-05,2023,09,2.7708464747,NRSC VIC MODEL
Uttarakhand,Pauri Garhwal,2023-09-08,2023,09,2.4005177394,NRSC VIC MODEL
Uttarakhand,Pauri Garhwal,2023-09-13,2023,09,0.1260158725,NRSC VIC MODEL
Uttarakhand,Pauri Garhwal,2023-09-15,2023,09,19.5476990807,NRSC VIC MODEL
Uttarakhand,Pauri Garhwal,2023-09-18,2023,09,0.6231768424,NRSC VIC MODEL
Uttarakhand,Pauri Garhwal,2023-09-19,2023,09,2.292624575,NRSC VIC MODEL
Uttarakhand,Pauri Garhwal,2023-09-20,2023,09,0.0027510695,NRSC VIC MODEL
Uttarakhand,Pauri Garhwal,2023-09-22,2023,09,0.0057288537,NRSC VIC MODEL
Uttarakhand,Pauri Garhwal,2023-10-17,2023,10,9.9307686885,NRSC VIC MODEL
Uttarakhand,Pauri Garhwal,2023-11-07,2023,11,0,NRSC VIC MODEL
Uttarakhand,Pauri Garhwal,2023-11-09,2023,11,0,NRSC VIC MODEL
Uttarakhand,Pauri Garhwal,2023-11-15,2023,11,0,NRSC VIC MODEL
Uttarakhand,Pauri Garhwal,2023-11-20,2023,11,0,NRSC VIC MODEL
Uttarakhand,Pauri Garhwal,2023-11-21,2023,11,0,NRSC VIC MODEL
Uttarakhand,Pauri Garhwal,2023-12-04,2023,12,1.1419874543,NRSC VIC MODEL
Uttarakhand,Pauri Garhwal,2023-12-08,2023,12,0,NRSC VIC MODEL
Uttarakhand,Pauri Garhwal,2023-12-09,2023,12,0.0069502455,NRSC VIC MODEL
Uttarakhand,Pauri Garhwal,2023-12-16,2023,12,0,NRSC VIC MODEL
Uttarakhand,Pauri Garhwal,2023-12-24,2023,12,0,NRSC VIC MODEL
Uttarakhand,Pauri Garhwal,2023-12-27,2023,12,0,NRSC VIC MODEL
Uttarakhand,Pithoragarh,2023-01-05,2023,01,0.0532431535,NRSC VIC MODEL
Uttarakhand,Pithoragarh,2023-01-07,2023,01,0,NRSC VIC MODEL
Uttarakhand,Pithoragarh,2023-01-12,2023,01,12.4113284299,NRSC VIC MODEL
Uttarakhand,Pithoragarh,2023-01-13,2023,01,0.1753762299,NRSC VIC MODEL
Uttarakhand,Pithoragarh,2023-01-15,2023,01,7.5680800923,NRSC VIC MODEL
Uttarakhand,Pithoragarh,2023-01-20,2023,01,0.00169678,NRSC VIC MODEL
Uttarakhand,Pithoragarh,2023-01-22,2023,01,0,NRSC VIC MODEL
Uttarakhand,Pithoragarh,2023-01-23,2023,01,0.1615182629,NRSC VIC MODEL
Uttarakhand,Pithoragarh,2023-01-26,2023,01,4.2674441789,NRSC VIC MODEL
Uttarakhand,Pithoragarh,2023-01-27,2023,01,1.3581601231,NRSC VIC MODEL
Uttarakhand,Pithoragarh,2023-02-02,2023,02,1.0651919416,NRSC VIC MODEL
Uttarakhand,Pithoragarh,2023-02-03,2023,02,0.0521914932,NRSC VIC MODEL
Uttarakhand,Pithoragarh,2023-02-08,2023,02,0,NRSC VIC MODEL
Uttarakhand,Pithoragarh,2023-02-16,2023,02,0,NRSC VIC MODEL
Uttarakhand,Pithoragarh,2023-02-19,2023,02,0.0139687302,NRSC VIC MODEL
Uttarakhand,Pithoragarh,2023-02-22,2023,02,7.6125564098,NRSC VIC MODEL
Uttarakhand,Pithoragarh,2023-03-14,2023,03,4.8523454561,NRSC VIC MODEL
Uttarakhand,Pithoragarh,2023-03-16,2023,03,0.3119494904,NRSC VIC MODEL
Uttarakhand,Pithoragarh,2023-03-19,2023,03,1.4427998464,NRSC VIC MODEL
Uttarakhand,Pithoragarh,2023-03-20,2023,03,1.2353032453,NRSC VIC MODEL
Uttarakhand,Pithoragarh,2023-03-22,2023,03,8.7731619012,NRSC VIC MODEL
Uttarakhand,Pithoragarh,2023-03-24,2023,03,0,NRSC VIC MODEL
Uttarakhand,Pithoragarh,2023-03-25,2023,03,8.2281049094,NRSC VIC MODEL
Uttarakhand,Bageshwar,2023-03-04,2023,03,0,NRSC VIC MODEL
Uttarakhand,Bageshwar,2023-03-07,2023,03,0,NRSC VIC MODEL
Uttarakhand,Bageshwar,2023-03-13,2023,03,4.431122109,NRSC VIC MODEL
Uttarakhand,Bageshwar,2023-03-16,2023,03,1.3675240588,NRSC VIC MODEL
Uttarakhand,Bageshwar,2023-03-19,2023,03,4.6371008169,NRSC VIC MODEL
Uttarakhand,Bageshwar,2023-04-03,2023,04,0.627709556,NRSC VIC MODEL
Uttarakhand,Bageshwar,2023-04-15,2023,04,0,NRSC VIC MODEL
Uttarakhand,Bageshwar,2023-04-20,2023,04,19.9963774762,NRSC VIC MODEL
Uttarakhand,Bageshwar,2023-04-24,2023,04,0.0036931186,NRSC VIC MODEL
Uttarakhand,Bageshwar,2023-04-30,2023,04,2.6327363045,NRSC VIC MODEL
Uttarakhand,Bageshwar,2023-05-02,2023,05,11.8212191086,NRSC VIC MODEL
Uttarakhand,Bageshwar,2023-05-03,2023,05,5.5248169452,NRSC VIC MODEL
Uttarakhand,Bageshwar,2023-05-05,2023,05,2.5919076236,NRSC VIC MODEL
Uttarakhand,Bageshwar,2023-05-13,2023,05,2.5882091644,NRSC VIC MODEL
Uttarakhand,Bageshwar,2023-05-19,2023,05,0.1781504143,NRSC VIC MODEL
Uttarakhand,Bageshwar,2023-05-21,2023,05,1.6971536786,NRSC VIC MODEL
Uttarakhand,Bageshwar,2023-05-26,2023,05,13.0827673958,NRSC VIC MODEL
Uttarakhand,Bageshwar,2023-05-29,2023,05,0.0038660891,NRSC VIC MODEL
Uttarakhand,Bageshwar,2023-05-31,2023,05,0.8910331617,NRSC VIC MODEL
Uttarakhand,Bageshwar,2023-06-07,2023,06,1.705183317,NRSC VIC MODEL
Uttarakhand,Bageshwar,2023-06-10,2023,06,1.2063301643,NRSC VIC MODEL
Uttarakhand,Bageshwar,2023-06-18,2023,06,5.4834782865,NRSC VIC MODEL
Uttarakhand,Bageshwar,2023-06-20,2023,06,3.9039950288,NRSC VIC MODEL
Uttarakhand,Bageshwar,2023-06-21,2023,06,0.0369600548,NRSC VIC MODEL
Uttarakhand,Bageshwar,2023-06-28,2023,06,1.7646518376,NRSC VIC MODEL
Uttarakhand,Bageshwar,2023-06-29,2023,06,10.7264017168,NRSC VIC MODEL
Uttarakhand,Bageshwar,2023-07-07,2023,07,8.8662333227,NRSC VIC MODEL
Uttarakhand,Bageshwar,2023-07-10,2023,07,6.7236376886,NRSC VIC MODEL
Uttarakhand,Bageshwar,2023-07-12,2023,07,11.8537135339,NRSC VIC MODEL
Uttarakhand,Bageshwar,2023-07-13,2023,07,19.1581977077,NRSC VIC MODEL
Uttarakhand,Bageshwar,2023-07-20,2023,07,1.9128368161,NRSC VIC MODEL
Uttarakhand,Bageshwar,2023-07-29,2023,07,27.7174399596,NRSC VIC MODEL
Uttarakhand,Bageshwar,2023-07-30,2023,07,2.2359272727,NRSC VIC MODEL
Uttarakhand,Bageshwar,2023-08-01,2023,08,7.0143056097,NRSC VIC MODEL
Uttarakhand,Bageshwar,2023-08-04,2023,08,41.8603708279,NRSC VIC MODEL
Uttarakhand,Bageshwar,2023-08-06,2023,08,22.7076472487,NRSC VIC MODEL
Uttarakhand,Bageshwar,2023-08-07,2023,08,4.9578200596,NRSC VIC MODEL
Uttarakhand,Bageshwar,2023-08-08,2023,08,20.3884378319,NRSC VIC MODEL
Uttarakhand,Bageshwar,2023-08-14,2023,08,47.8988839544,NRSC VIC MODEL
Uttarakhand,Bageshwar,2023-08-18,2023,08,22.6133165687,NRSC VIC MODEL
Uttarakhand,Bageshwar,2023-08-21,2023,08,3.5962147299,NRSC VIC MODEL
Uttarakhand,Bageshwar,2023-08-23,2023,08,45.2814147642,NRSC VIC MODEL
Uttarakhand,Bageshwar,2023-08-24,2023,08,26.3423524845,NRSC VIC MODEL
Uttarakhand,Bageshwar,2023-08-29,2023,08,3.4716085836,NRSC VIC MODEL
Uttarakhand,Bageshwar,2023-09-04,2023,09,1.9420029847,NRSC VIC MODEL
Uttarakhand,Bageshwar,2023-09-05,2023,09,22.4896258431,NRSC VIC MODEL
Uttarakhand,Bageshwar,2023-09-09,2023,09,4.1057836004,NRSC VIC MODEL
Uttarakhand,Bageshwar,2023-09-13,2023,09,0.3527035466,NRSC VIC MODEL
Uttarakhand,Bageshwar,2023-09-21,2023,09,2.6266499143,NRSC VIC MODEL
Uttarakhand,Bageshwar,2023-09-26,2023,09,1.0531e-06,NRSC VIC MODEL
Uttarakhand,Bageshwar,2023-09-27,2023,09,0.1106326125,NRSC VIC MODEL
Uttarakhand,Bageshwar,2023-10-10,2023,10,0.3955395317,NRSC VIC MODEL
Uttarakhand,Bageshwar,2023-10-16,2023,10,0.3719431382,NRSC VIC MODEL
Uttarakhand,Bageshwar,2023-10-24,2023,10,0.1661768513,NRSC VIC MODEL
Uttarakhand,Bageshwar,2023-10-29,2023,10,0.1741328357,NRSC VIC MODEL
Uttarakhand,Bageshwar,2023-11-14,2023,11,0.2496076904,NRSC VIC MODEL
Uttarakhand,Bageshwar,2023-11-17,2023,11,0,NRSC VIC MODEL
Uttarakhand,Bageshwar,2023-11-18,2023,11,0,NRSC VIC MODEL
Uttarakhand,Bageshwar,2023-11-21,2023,11,0,NRSC VIC MODEL
Uttarakhand,Bageshwar,2023-11-22,2023,11,0,NRSC VIC MODEL
Uttarakhand,Bageshwar,2023-11-23,2023,11,0,NRSC VIC MODEL
Uttarakhand,Bageshwar,2023-11-26,2023,11,0,NRSC VIC MODEL
Uttarakhand,Bageshwar,2023-12-04,2023,12,1.1359107837,NRSC VIC MODEL
Uttarakhand,Bageshwar,2023-12-06,2023,12,0,NRSC VIC MODEL
Uttarakhand,Bageshwar,2023-12-10,2023,12,0.0007734331,NRSC VIC MODEL
Uttarakhand,Bageshwar,2023-12-20,2023,12,0,NRSC VIC MODEL
Uttarakhand,Bageshwar,2023-12-25,2023,12,0.2618173165,NRSC VIC MODEL
Uttarakhand,Chamoli,2023-01-03,2023,01,0,NRSC VIC MODEL
Uttarakhand,Chamoli,2023-01-04,2023,01,0,NRSC VIC MODEL
Uttarakhand,Chamoli,2023-01-07,2023,01,0,NRSC VIC MODEL
Uttarakhand,Chamoli,2023-01-20,2023,01,3.5811653474,NRSC VIC MODEL
Uttarakhand,Chamoli,2023-02-05,2023,02,0,NRSC VIC MODEL
Uttarakhand,Chamoli,2023-02-14,2023,02,0.2093167594,NRSC VIC MODEL
Uttarakhand,Chamoli,2023-02-19,2023,02,0.0004801588,NRSC VIC MODEL
Uttarakhand,Chamoli,2023-02-20,2023,02,0,NRSC VIC MODEL
Uttarakhand,Chamoli,2023-02-26,2023,02,0.029323965,NRSC VIC MODEL
Uttarakhand,Chamoli,2023-03-02,2023,03,0.0309165302,NRSC VIC MODEL
Uttarakhand,Chamoli,2023-03-07,2023,03,0.0895342818,NRSC VIC MODEL
Uttarakhand,Chamoli,2023-03-08,2023,03,0.0214781318,NRSC VIC MODEL
Uttarakhand,Chamoli,2023-03-15,2023,03,0.7701694303,NRSC VIC MODEL
Uttarakhand,Chamoli,2023-03-17,2023,03,0.8589375798,NRSC VIC MODEL
Uttarakhand,Chamoli,2023-03-18,2023,03,3.2540855779,NRSC VIC MODEL
Uttarakhand,Chamoli,2023-03-20,2023,03,0.4962760905,NRSC VIC MODEL
Uttarakhand,Chamoli,2023-03-22,2023,03,4.7473908173,NRSC VIC MODEL
Uttarakhand,Chamoli,2023-04-04,2023,04,0.3522228808,NRSC VIC MODEL
Uttarakhand,Chamoli,2023-04-08,2023,04,1.1558417514,NRSC VIC MODEL
Uttarakhand,Chamoli,2023-04-10,2023,04,2.7074179942,NRSC VIC MODEL
Uttarakhand,Chamoli,2023-04-20,2023,04,42.7480628435,NRSC VIC MODEL
Uttarakhand,Chamoli,2023-05-02,2023,05,4.563176698,NRSC VIC MODEL
Uttarakhand,Chamoli,2023-05-10,2023,05,0.0941373682,NRSC VIC MODEL
Uttarakhand,Chamoli,2023-05-11,2023,05,1.1400287359,NRSC VIC MODEL
Uttarakhand,Chamoli,2023-05-13,2023,05,1.9817082497,NRSC VIC MODEL
Uttarakhand,Chamoli,2023-05-17,2023,05,0.1198496196,NRSC VIC MODEL
Uttarakhand,Chamoli,2023-05-22,2023,05,2.5589207978,NRSC VIC MODEL
Uttarakhand,Chamoli,2023-05-25,2023,05,8.0701887498,NRSC VIC MODEL
Uttarakhand,Chamoli,2023-05-26,2023,05,8.4393576187,NRSC VIC MODEL
Uttarakhand,Chamoli,2023-05-27,2023,05,3.238102066,NRSC VIC MODEL
Uttarakhand,Chamoli,2023-05-31,2023,05,1.5300877538,NRSC VIC MODEL
Uttarakhand,Chamoli,2023-06-08,2023,06,2.2804475306,NRSC VIC MODEL
Uttarakhand,Chamoli,2023-06-09,2023,06,2.7843545002,NRSC VIC MODEL
Uttarakhand,Chamoli,2023-06-22,2023,06,1.5279358558,NRSC VIC MODEL
Uttarakhand,Chamoli,2023-06-23,2023,06,1.5716304646,NRSC VIC MODEL
Uttarakhand,Chamoli,2023-06-24,2023,06,4.3039486599,NRSC VIC MODEL
Uttarakhand,Chamoli,2023-06-26,2023,06,4.9926299051,NRSC VIC MODEL
Uttarakhand,Chamoli,2023-06-27,2023,06,1.9851060041,NRSC VIC MODEL
Uttarakhand,Chamoli,2023-06-28,2023,06,0.7155013261,NRSC VIC MODEL
Uttarakhand,Chamoli,2023-07-02,2023,07,12.3910995182,NRSC VIC MODEL
Uttarakhand,Chamoli,2023-07-05,2023,07,4.8125844111,NRSC VIC MODEL
Uttarakhand,Chamoli,2023-07-07,2023,07,5.0955050621,NRSC VIC MODEL
Uttarakhand,Chamoli,2023-07-08,2023,07,4.3983871984,NRSC VIC MODEL
Uttarakhand,Chamoli,2023-07-16,2023,07,28.6113522192,NRSC VIC MODEL
Uttarakhand,Chamoli,2023-07-22,2023,07,20.2313671689,NRSC VIC MODEL
Uttarakhand,Chamoli,2023-07-23,2023,07,2.3830033669,NRSC VIC MODEL
Uttarakhand,Chamoli,2023-08-01,2023,08,3.0035584443,NRSC VIC MODEL
Uttarakhand,Chamoli,2023-08-07,2023,08,0.6675933212,NRSC VIC MODEL
Uttarakhand,Chamoli,2023-08-18,2023,08,13.6183510797,NRSC VIC MODEL
Uttarakhand,Chamoli,2023-08-21,2023,08,0.5050042498,NRSC VIC MODEL
Uttarakhand,Chamoli,2023-08-22,2023,08,9.0665459103,NRSC VIC MODEL
Uttarakhand,Chamoli,2023-08-25,2023,08,0.8918868967,NRSC VIC MODEL
Uttarakhand,Chamoli,2023-08-28,2023,08,0.5439804621,NRSC VIC MODEL
Uttarakhand,Chamoli,2023-08-30,2023,08,1.9525544669,NRSC VIC MODEL
Uttarakhand,Chamoli,2023-08-31,2023,08,0.4795066631,NRSC VIC MODEL
Uttarakhand,Chamoli,2023-09-05,2023,09,4.5107480489,NRSC VIC MODEL
Uttarakhand,Chamoli,2023-09-11,2023,09,13.7534061053,NRSC VIC MODEL
Uttarakhand,Chamoli,2023-09-12,2023,09,0.599935836,NRSC VIC MODEL
Uttarakhand,Chamoli,2023-09-17,2023,09,1.6611442066,NRSC VIC MODEL
Uttarakhand,Chamoli,2023-09-20,2023,09,1.1585959705,NRSC VIC MODEL
Uttarakhand,Chamoli,2023-09-22,2023,09,0.6569326927,NRSC VIC MODEL
Uttarakhand,Chamoli,2023-09-25,2023,09,0.067982841,NRSC VIC MODEL
Uttarakhand,Chamoli,2023-09-30,2023,09,0.4181581078,NRSC VIC MODEL
Uttarakhand,Chamoli,2023-10-01,2023,10,1.3368369105,NRSC VIC MODEL
Uttarakhand,Chamoli,2023-10-17,2023,10,9.1718211608,NRSC VIC MODEL
Uttarakhand,Chamoli,2023-10-27,2023,10,0.0280718835,NRSC VIC MODEL
Uttarakhand,Chamoli,2023-10-31,2023,10,0.3080418075,NRSC VIC MODEL
Uttarakhand,Chamoli,2023-11-03,2023,11,3.2159e-06,NRSC VIC MODEL
Uttarakhand,Chamoli,2023-11-04,2023,11,0.3539643319,NRSC VIC MODEL
Uttarakhand,Tehri Garhwal,2023-09-29,2023,09,0.0746386848,NRSC VIC MODEL
Uttarakhand,Tehri Garhwal,2023-09-30,2023,09,0.1219156765,NRSC VIC MODEL
Uttarakhand,Tehri Garhwal,2023-10-01,2023,10,0.5195754352,NRSC VIC MODEL
Uttarakhand,Tehri Garhwal,2023-10-08,2023,10,0.0128078965,NRSC VIC MODEL
Uttarakhand,Tehri Garhwal,2023-10-15,2023,10,0,NRSC VIC MODEL
Uttarakhand,Tehri Garhwal,2023-10-17,2023,10,12.6023062446,NRSC VIC MODEL
Uttarakhand,Tehri Garhwal,2023-10-21,2023,10,0.0276415235,NRSC VIC MODEL
Uttarakhand,Tehri Garhwal,2023-10-24,2023,10,0.7018029801,NRSC VIC MODEL
Uttarakhand,Tehri Garhwal,2023-10-29,2023,10,9.9193e-06,NRSC VIC MODEL
Uttarakhand,Tehri Garhwal,2023-11-02,2023,11,0,NRSC VIC MODEL
Uttarakhand,Tehri Garhwal,2023-11-08,2023,11,0,NRSC VIC MODEL
Uttarakhand,Tehri Garhwal,2023-11-13,2023,11,0.0024402714,NRSC VIC MODEL
Uttarakhand,Tehri Garhwal,2023-11-19,2023,11,0,NRSC VIC MODEL
Uttarakhand,Tehri Garhwal,2023-11-23,2023,11,0,NRSC VIC MODEL
Uttarakhand,Tehri Garhwal,2023-11-25,2023,11,0,NRSC VIC MODEL
Uttarakhand,Tehri Garhwal,2023-11-27,2023,11,0,NRSC VIC MODEL
Uttarakhand,Tehri Garhwal,2023-12-08,2023,12,0,NRSC VIC MODEL
Uttarakhand,Tehri Garhwal,2023-12-12,2023,12,0.115931435,NRSC VIC MODEL
Uttarakhand,Tehri Garhwal,2023-12-27,2023,12,0,NRSC VIC MODEL
Uttarakhand,Udam Singh Nagar,2023-01-03,2023,01,0,NRSC VIC MODEL
Uttarakhand,Udam Singh Nagar,2023-01-12,2023,01,0.3447810226,NRSC VIC MODEL
Uttarakhand,Udam Singh Nagar,2023-01-22,2023,01,0,NRSC VIC MODEL
Uttarakhand,Udam Singh Nagar,2023-01-24,2023,01,6.1784928787,NRSC VIC MODEL
Uttarakhand,Udam Singh Nagar,2023-01-31,2023,01,4.0184507561,NRSC VIC MODEL
Uttarakhand,Udam Singh Nagar,2023-02-01,2023,02,0,NRSC VIC MODEL
Uttarakhand,Udam Singh Nagar,2023-02-05,2023,02,0,NRSC VIC MODEL
Uttarakhand,Udam Singh Nagar,2023-02-10,2023,02,0,NRSC VIC MODEL
Uttarakhand,Udam Singh Nagar,2023-02-13,2023,02,1.1127e-06,NRSC VIC MODEL
Uttarakhand,Udam Singh Nagar,2023-02-18,2023,02,0,NRSC VIC MODEL
Uttarakhand,Udam Singh Nagar,2023-02-19,2023,02,0,NRSC VIC MODEL
Uttarakhand,Udam Singh Nagar,2023-03-03,2023,03,0,NRSC VIC MODEL
Uttarakhand,Udam Singh Nagar,2023-03-12,2023,03,0,NRSC VIC MODEL
Uttarakhand,Udam Singh Nagar,2023-03-14,2023,03,0,NRSC VIC MODEL
Uttarakhand,Udam Singh Nagar,2023-03-27,2023,03,0.0024025014,NRSC VIC MODEL
Uttarakhand,Udam Singh Nagar,2023-03-28,2023,03,3.8944e-06,NRSC VIC MODEL
Uttarakhand,Udam Singh Nagar,2023-04-06,2023,04,0,NRSC VIC MODEL
Uttarakhand,Udam Singh Nagar,2023-04-13,2023,04,0,NRSC VIC MODEL
Uttarakhand,Udam Singh Nagar,2023-04-14,2023,04,0,NRSC VIC MODEL
Uttarakhand,Udam Singh Nagar,2023-05-07,2023,05,0,NRSC VIC MODEL
Uttarakhand,Udam Singh Nagar,2023-05-13,2023,05,0.023338046,NRSC VIC MODEL
Uttarakhand,Udam Singh Nagar,2023-05-15,2023,05,0.0570839342,NRSC VIC MODEL
Uttarakhand,Udam Singh Nagar,2023-05-23,2023,05,0.0002307036,NRSC VIC MODEL
Uttarakhand,Udam Singh Nagar,2023-05-30,2023,05,0.013683453,NRSC VIC MODEL
Uttarakhand,Udam Singh Nagar,2023-06-04,2023,06,5.007e-06,NRSC VIC MODEL
Uttarakhand,Udam Singh Nagar,2023-06-07,2023,06,5.28521e-05,NRSC VIC MODEL
Uttarakhand,Udam Singh Nagar,2023-06-11,2023,06,1.1127e-06,NRSC VIC MODEL
Uttarakhand,Udam Singh Nagar,2023-06-13,2023,06,0.0199981269,NRSC VIC MODEL
Uttarakhand,Udam Singh Nagar,2023-06-15,2023,06,0.0002874684,NRSC VIC MODEL
Uttarakhand,Udam Singh Nagar,2023-06-18,2023,06,2.4846198023,NRSC VIC MODEL
Uttarakhand,Udam Singh Nagar,2023-06-21,2023,06,2.9776524174,NRSC VIC MODEL
Uttarakhand,Udam Singh Nagar,2023-06-27,2023,06,3.6430788569,NRSC VIC MODEL
Uttarakhand,Udam Singh Nagar,2023-06-29,2023,06,8.2203091631,NRSC VIC MODEL
Uttarakhand,Udam Singh Nagar,2023-07-07,2023,07,33.869978143,NRSC VIC MODEL
Uttarakhand,Udam Singh Nagar,2023-07-24,2023,07,6.3143206271,NRSC VIC MODEL
Uttarakhand,Udam Singh Nagar,2023-07-25,2023,07,7.523631133,NRSC VIC MODEL
Uttarakhand,Udam Singh Nagar,2023-07-27,2023,07,9.4108311488,NRSC VIC MODEL
Uttarakhand,Udam Singh Nagar,2023-08-15,2023,08,0.2652458728,NRSC VIC MODEL
Uttarakhand,Udam Singh Nagar,2023-08-17,2023,08,0.0835610524,NRSC VIC MODEL
Uttarakhand,Udam Singh Nagar,2023-08-27,2023,08,0.000125176,NRSC VIC MODEL
Uttarakhand,Udam Singh Nagar,2023-08-29,2023,08,0.0004464581,NRSC VIC MODEL
Uttarakhand,Udam Singh Nagar,2023-09-05,2023,09,3.6263190182,NRSC VIC MODEL
Uttarakhand,Udam Singh Nagar,2023-09-08,2023,09,10.2739709985,NRSC VIC MODEL
Uttarakhand,Udam Singh Nagar,2023-09-09,2023,09,5.8553526247,NRSC VIC MODEL
Uttarakhand,Udam Singh Nagar,2023-09-12,2023,09,0.5901648663,NRSC VIC MODEL
Uttarakhand,Udam Singh Nagar,2023-09-15,2023,09,8.2785522159,NRSC VIC MODEL
Uttarakhand,Udam Singh Nagar,2023-09-28,2023,09,0,NRSC VIC MODEL
Uttarakhand,Udam Singh Nagar,2023-10-01,2023,10,5.563e-07,NRSC VIC MODEL
Uttarakhand,Udam Singh Nagar,2023-10-10,2023,10,0.0001340997,NRSC VIC MODEL
Uttarakhand,Udam Singh Nagar,2023-10-12,2023,10,0.001609196,NRSC VIC MODEL
Uttarakhand,Udam Singh Nagar,2023-10-14,2023,10,0,NRSC VIC MODEL
Uttarakhand,Udam Singh Nagar,2023-10-15,2023,10,0,NRSC VIC MODEL
Uttarakhand,Udam Singh Nagar,2023-10-18,2023,10,0.061244275,NRSC VIC MODEL
Uttarakhand,Udam Singh Nagar,2023-10-28,2023,10,0,NRSC VIC MODEL
Uttarakhand,Udam Singh Nagar,2023-12-03,2023,12,0,NRSC VIC MODEL
Uttarakhand,Udam Singh Nagar,2023-12-17,2023,12,0,NRSC VIC MODEL
Uttarakhand,Uttar Kashi,2023-01-09,2023,01,0,NRSC VIC MODEL
Uttarakhand,Uttar Kashi,2023-01-10,2023,01,0,NRSC VIC MODEL
Uttarakhand,Uttar Kashi,2023-01-14,2023,01,0.6582935384,NRSC VIC MODEL
Uttarakhand,Uttar Kashi,2023-01-17,2023,01,0,NRSC VIC MODEL
Uttarakhand,Uttar Kashi,2023-01-21,2023,01,0.0139326398,NRSC VIC MODEL
Uttarakhand,Uttar Kashi,2023-01-22,2023,01,0,NRSC VIC MODEL
Uttarakhand,Uttar Kashi,2023-01-24,2023,01,8.3247834627,NRSC VIC MODEL
Uttarakhand,Uttar Kashi,2023-01-25,2023,01,1.4186339167,NRSC VIC MODEL
Uttarakhand,Uttar Kashi,2023-02-12,2023,02,5.5191183787,NRSC VIC MODEL
Uttarakhand,Uttar Kashi,2023-02-18,2023,02,0.0025298027,NRSC VIC MODEL
Uttarakhand,Uttar Kashi,2023-02-23,2023,02,0.0237227402,NRSC VIC MODEL
Uttarakhand,Uttar Kashi,2023-02-26,2023,02,0,NRSC VIC MODEL
Uttarakhand,Uttar Kashi,2023-03-04,2023,03,0,NRSC VIC MODEL
Uttarakhand,Uttar Kashi,2023-03-05,2023,03,0,NRSC VIC MODEL
Uttarakhand,Uttar Kashi,2023-03-17,2023,03,1.2607598695,NRSC VIC MODEL
Uttarakhand,Uttar Kashi,2023-03-19,2023,03,2.273614484,NRSC VIC MODEL
Uttarakhand,Uttar Kashi,2023-03-31,2023,03,1.4489261766,NRSC VIC MODEL
Uttarakhand,Uttar Kashi,2023-04-05,2023,04,6.5414519954,NRSC VIC MODEL
Uttarakhand,Uttar Kashi,2023-04-16,2023,04,1.666994801,NRSC VIC MODEL
Uttarakhand,Uttar Kashi,2023-04-20,2023,04,36.0001824966,NRSC VIC MODEL
Uttarakhand,Uttar Kashi,2023-04-24,2023,04,1.2408799018,NRSC VIC MODEL
Uttarakhand,Uttar Kashi,2023-04-27,2023,04,0.9043450511,NRSC VIC MODEL
Uttarakhand,Uttar Kashi,2023-04-28,2023,04,1.5239878898,NRSC VIC MODEL
Uttarakhand,Uttar Kashi,2023-05-09,2023,05,2.3385912159,NRSC VIC MODEL
Uttarakhand,Uttar Kashi,2023-05-14,2023,05,1.0981539402,NRSC VIC MODEL
Uttarakhand,Uttar Kashi,2023-05-16,2023,05,0.3548927291,NRSC VIC MODEL
Uttarakhand,Uttar Kashi,2023-05-31,2023,05,6.4667442225,NRSC VIC MODEL
Uttarakhand,Uttar Kashi,2023-06-03,2023,06,0.1482105797,NRSC VIC MODEL
Uttarakhand,Uttar Kashi,2023-06-07,2023,06,1.7677633688,NRSC VIC MODEL
Uttarakhand,Uttar Kashi,2023-06-25,2023,06,13.0152691156,NRSC VIC MODEL
Uttarakhand,Uttar Kashi,2023-07-05,2023,07,5.0298411517,NRSC VIC MODEL
Uttarakhand,Uttar Kashi,2023-07-08,2023,07,1.435968833,NRSC VIC MODEL
Uttarakhand,Uttar Kashi,2023-07-09,2023,07,33.8756421115,NRSC VIC MODEL
Uttarakhand,Uttar Kashi,2023-07-13,2023,07,19.104057448,NRSC VIC MODEL
Uttarakhand,Uttar Kashi,2023-07-14,2023,07,5.1902792033,NRSC VIC MODEL
Uttarakhand,Uttar Kashi,2023-07-16,2023,07,19.4006411826,NRSC VIC MODEL
Uttarakhand,Uttar Kashi,2023-07-19,2023,07,10.9429595004,NRSC VIC MODEL
Uttarakhand,Uttar Kashi,2023-07-21,2023,07,4.1715976858,NRSC VIC MODEL
Uttarakhand,Uttar Kashi,2023-07-26,2023,07,19.4882937195,NRSC VIC MODEL
Uttarakhand,Uttar Kashi,2023-07-31,2023,07,0.3340998512,NRSC VIC MODEL
Uttarakhand,Uttar Kashi,2023-08-03,2023,08,3.7018421931,NRSC VIC MODEL
Uttarakhand,Uttar Kashi,2023-08-05,2023,08,8.2377164548,NRSC VIC MODEL
Uttarakhand,Uttar Kashi,2023-08-19,2023,08,6.1799555554,NRSC VIC MODEL
Uttarakhand,Uttar Kashi,2023-08-21,2023,08,0.6332553761,NRSC VIC MODEL
Uttarakhand,Uttar Kashi,2023-08-22,2023,08,1.6431726822,NRSC VIC MODEL
Uttarakhand,Uttar Kashi,2023-08-24,2023,08,14.048261266,NRSC VIC MODEL
Uttarakhand,Uttar Kashi,2023-08-26,2023,08,3.7815769319,NRSC VIC MODEL
Uttarakhand,Uttar Kashi,2023-08-27,2023,08,0.2631958222,NRSC VIC MODEL
Uttarakhand,Uttar Kashi,2023-09-02,2023,09,0.1403512617,NRSC VIC MODEL
Uttarakhand,Uttar Kashi,2023-09-06,2023,09,0.9788950949,NRSC VIC MODEL
Uttarakhand,Uttar Kashi,2023-09-07,2023,09,0.2050676494,NRSC VIC MODEL
Uttarakhand,Uttar Kashi,2023-09-16,2023,09,2.596045231,NRSC VIC MODEL
Uttarakhand,Uttar Kashi,2023-09-19,2023,09,3.0281072944,NRSC VIC MODEL
Uttarakhand,Chamoli,2023-11-09,2023,11,0,NRSC VIC MODEL
Uttarakhand,Chamoli,2023-11-10,2023,11,0,NRSC VIC MODEL
Uttarakhand,Chamoli,2023-11-14,2023,11,0.2592691816,NRSC VIC MODEL
Uttarakhand,Chamoli,2023-11-19,2023,11,0,NRSC VIC MODEL
Uttarakhand,Chamoli,2023-11-26,2023,11,0,NRSC VIC MODEL
Uttarakhand,Chamoli,2023-11-29,2023,11,0,NRSC VIC MODEL
Uttarakhand,Chamoli,2023-11-30,2023,11,0,NRSC VIC MODEL
Uttarakhand,Chamoli,2023-12-01,2023,12,0.631318958,NRSC VIC MODEL
Uttarakhand,Chamoli,2023-12-07,2023,12,0,NRSC VIC MODEL
Uttarakhand,Chamoli,2023-12-08,2023,12,0,NRSC VIC MODEL
Uttarakhand,Chamoli,2023-12-12,2023,12,0.4364715124,NRSC VIC MODEL
Uttarakhand,Chamoli,2023-12-13,2023,12,0.8334867604,NRSC VIC MODEL
Uttarakhand,Chamoli,2023-12-24,2023,12,0,NRSC VIC MODEL
Uttarakhand,Champawat,2023-01-01,2023,01,0,NRSC VIC MODEL
Uttarakhand,Champawat,2023-01-04,2023,01,0,NRSC VIC MODEL
Uttarakhand,Champawat,2023-01-06,2023,01,0,NRSC VIC MODEL
Uttarakhand,Champawat,2023-01-07,2023,01,0,NRSC VIC MODEL
Uttarakhand,Champawat,2023-01-28,2023,01,0,NRSC VIC MODEL
Uttarakhand,Champawat,2023-01-30,2023,01,0.0010684882,NRSC VIC MODEL
Uttarakhand,Champawat,2023-02-03,2023,02,0,NRSC VIC MODEL
Uttarakhand,Champawat,2023-02-07,2023,02,0,NRSC VIC MODEL
Uttarakhand,Champawat,2023-02-10,2023,02,0.0049737637,NRSC VIC MODEL
Uttarakhand,Champawat,2023-02-12,2023,02,0.1169221641,NRSC VIC MODEL
Uttarakhand,Champawat,2023-02-14,2023,02,0.0003475618,NRSC VIC MODEL
Uttarakhand,Champawat,2023-02-15,2023,02,0,NRSC VIC MODEL
Uttarakhand,Champawat,2023-02-20,2023,02,0,NRSC VIC MODEL
Uttarakhand,Champawat,2023-02-22,2023,02,16.1419651807,NRSC VIC MODEL
Uttarakhand,Champawat,2023-02-26,2023,02,0,NRSC VIC MODEL
Uttarakhand,Champawat,2023-03-09,2023,03,0.0112423098,NRSC VIC MODEL
Uttarakhand,Champawat,2023-03-25,2023,03,2.597003405,NRSC VIC MODEL
Uttarakhand,Champawat,2023-04-02,2023,04,1.1369246835,NRSC VIC MODEL
Uttarakhand,Champawat,2023-04-12,2023,04,0,NRSC VIC MODEL
Uttarakhand,Champawat,2023-04-26,2023,04,0,NRSC VIC MODEL
Uttarakhand,Champawat,2023-04-27,2023,04,0.0012756967,NRSC VIC MODEL
Uttarakhand,Champawat,2023-04-29,2023,04,0,NRSC VIC MODEL
Uttarakhand,Champawat,2023-05-09,2023,05,0.2290258308,NRSC VIC MODEL
Uttarakhand,Champawat,2023-05-14,2023,05,0.001297391,NRSC VIC MODEL
Uttarakhand,Champawat,2023-05-16,2023,05,1.2152697742,NRSC VIC MODEL
Uttarakhand,Champawat,2023-05-18,2023,05,1.2313021682,NRSC VIC MODEL
Uttarakhand,Champawat,2023-06-05,2023,06,0.0011075548,NRSC VIC MODEL
Uttarakhand,Champawat,2023-06-08,2023,06,0.0003495171,NRSC VIC MODEL
Uttarakhand,Champawat,2023-06-13,2023,06,2.9909026902,NRSC VIC MODEL
Uttarakhand,Champawat,2023-06-15,2023,06,0.0365667879,NRSC VIC MODEL
Uttarakhand,Champawat,2023-06-17,2023,06,0.0061626071,NRSC VIC MODEL
Uttarakhand,Champawat,2023-06-21,2023,06,0.3261453078,NRSC VIC MODEL
Uttarakhand,Champawat,2023-06-22,2023,06,0.8784088803,NRSC VIC MODEL
Uttarakhand,Champawat,2023-07-01,2023,07,30.3287267977,NRSC VIC MODEL
Uttarakhand,Champawat,2023-07-06,2023,07,8.6332851434,NRSC VIC MODEL
Uttarakhand,Champawat,2023-07-11,2023,07,18.0754809838,NRSC VIC MODEL
Uttarakhand,Champawat,2023-07-13,2023,07,10.424485352,NRSC VIC MODEL
Uttarakhand,Champawat,2023-07-14,2023,07,14.0755407622,NRSC VIC MODEL
Uttarakhand,Champawat,2023-07-19,2023,07,10.1735317656,NRSC VIC MODEL
Uttarakhand,Champawat,2023-07-22,2023,07,16.6101118368,NRSC VIC MODEL
Uttarakhand,Champawat,2023-07-25,2023,07,3.2773512358,NRSC VIC MODEL
Uttarakhand,Champawat,2023-07-29,2023,07,2.2595850251,NRSC VIC MODEL
Uttarakhand,Champawat,2023-08-02,2023,08,27.9647418075,NRSC VIC MODEL
Uttarakhand,Champawat,2023-08-10,2023,08,13.7509455171,NRSC VIC MODEL
Uttarakhand,Champawat,2023-08-17,2023,08,0.0034224499,NRSC VIC MODEL
Uttarakhand,Champawat,2023-08-27,2023,08,0.0065243195,NRSC VIC MODEL
Uttarakhand,Champawat,2023-08-30,2023,08,0.1096252855,NRSC VIC MODEL
Uttarakhand,Champawat,2023-09-05,2023,09,0.5855347969,NRSC VIC MODEL
Uttarakhand,Almora,2023-11-18,2023,11,0,NRSC VIC MODEL
Uttarakhand,Almora,2023-12-02,2023,12,0,NRSC VIC MODEL
Uttarakhand,Almora,2023-12-06,2023,12,0,NRSC VIC MODEL
Uttarakhand,Almora,2023-12-12,2023,12,0.21163759,NRSC VIC MODEL
Uttarakhand,Almora,2023-12-13,2023,12,0.0439853239,NRSC VIC MODEL
Uttarakhand,Almora,2023-12-22,2023,12,0,NRSC VIC MODEL
Uttarakhand,Almora,2023-12-25,2023,12,0.0009116296,NRSC VIC MODEL
Uttarakhand,Almora,2023-12-27,2023,12,0,NRSC VIC MODEL
Uttarakhand,Bageshwar,2023-01-08,2023,01,0,NRSC VIC MODEL
Uttarakhand,Bageshwar,2023-01-11,2023,01,0,NRSC VIC MODEL
Uttarakhand,Bageshwar,2023-01-13,2023,01,1.0053421362,NRSC VIC MODEL
Uttarakhand,Bageshwar,2023-01-28,2023,01,0,NRSC VIC MODEL
Uttarakhand,Bageshwar,2023-02-06,2023,02,0,NRSC VIC MODEL
Uttarakhand,Bageshwar,2023-02-08,2023,02,0,NRSC VIC MODEL
Uttarakhand,Bageshwar,2023-02-11,2023,02,3.6990919735,NRSC VIC MODEL
Uttarakhand,Bageshwar,2023-02-12,2023,02,11.5485845271,NRSC VIC MODEL
Uttarakhand,Bageshwar,2023-02-16,2023,02,0,NRSC VIC MODEL
Uttarakhand,Bageshwar,2023-02-17,2023,02,0,NRSC VIC MODEL
Uttarakhand,Uttar Kashi,2023-09-21,2023,09,0.4239629543,NRSC VIC MODEL
Uttarakhand,Uttar Kashi,2023-09-24,2023,09,0.7269683831,NRSC VIC MODEL
Uttarakhand,Uttar Kashi,2023-09-26,2023,09,0.372395243,NRSC VIC MODEL
Uttarakhand,Uttar Kashi,2023-10-01,2023,10,0.1652763254,NRSC VIC MODEL
Uttarakhand,Uttar Kashi,2023-10-09,2023,10,0,NRSC VIC MODEL
Uttarakhand,Uttar Kashi,2023-10-12,2023,10,0.0275042322,NRSC VIC MODEL
Uttarakhand,Uttar Kashi,2023-10-29,2023,10,0.1623810464,NRSC VIC MODEL
Uttarakhand,Uttar Kashi,2023-11-02,2023,11,0.113225201,NRSC VIC MODEL
Uttarakhand,Uttar Kashi,2023-11-06,2023,11,0.0008421495,NRSC VIC MODEL
Uttarakhand,Uttar Kashi,2023-11-11,2023,11,0.7627026408,NRSC VIC MODEL
Uttarakhand,Uttar Kashi,2023-11-12,2023,11,0,NRSC VIC MODEL
Uttarakhand,Uttar Kashi,2023-11-18,2023,11,0,NRSC VIC MODEL
Uttarakhand,Uttar Kashi,2023-11-22,2023,11,0.1622914818,NRSC VIC MODEL
Uttarakhand,Uttar Kashi,2023-11-24,2023,11,0,NRSC VIC MODEL
Uttarakhand,Uttar Kashi,2023-11-27,2023,11,0,NRSC VIC MODEL
Uttarakhand,Uttar Kashi,2023-12-01,2023,12,0.5052842014,NRSC VIC MODEL
Uttarakhand,Uttar Kashi,2023-12-04,2023,12,1.18586e-05,NRSC VIC MODEL
Uttarakhand,Uttar Kashi,2023-12-05,2023,12,1.7709971245,NRSC VIC MODEL
Uttarakhand,Uttar Kashi,2023-12-08,2023,12,0,NRSC VIC MODEL
Uttarakhand,Uttar Kashi,2023-12-12,2023,12,0.3120852176,NRSC VIC MODEL
Uttarakhand,Uttar Kashi,2023-12-28,2023,12,0.0028241296,NRSC VIC MODEL
Uttarakhand,Uttar Kashi,2023-12-29,2023,12,0.0029241972,NRSC VIC MODEL
Uttarakhand,Uttar Kashi,2023-12-31,2023,12,0,NRSC VIC MODEL
Uttarakhand,Chamoli,2023-11-08,2023,11,0,NRSC VIC MODEL
Uttarakhand,Chamoli,2023-11-12,2023,11,0,NRSC VIC MODEL
Uttarakhand,Chamoli,2023-11-15,2023,11,0,NRSC VIC MODEL
Uttarakhand,Chamoli,2023-11-17,2023,11,0,NRSC VIC MODEL
Uttarakhand,Chamoli,2023-11-21,2023,11,0.3460150622,NRSC VIC MODEL
Uttarakhand,Chamoli,2023-12-03,2023,12,0,NRSC VIC MODEL
Uttarakhand,Chamoli,2023-12-15,2023,12,0.3720942448,NRSC VIC MODEL
Uttarakhand,Chamoli,2023-12-19,2023,12,0,NRSC VIC MODEL
Uttarakhand,Chamoli,2023-12-27,2023,12,0,NRSC VIC MODEL
Uttarakhand,Chamoli,2023-12-31,2023,12,0,NRSC VIC MODEL
Uttarakhand,Champawat,2023-01-14,2023,01,0,NRSC VIC MODEL
Uttarakhand,Champawat,2023-01-23,2023,01,0,NRSC VIC MODEL
Uttarakhand,Champawat,2023-01-24,2023,01,4.8509301344,NRSC VIC MODEL
Uttarakhand,Champawat,2023-01-26,2023,01,0.5461169253,NRSC VIC MODEL
Uttarakhand,Champawat,2023-02-04,2023,02,0,NRSC VIC MODEL
Uttarakhand,Champawat,2023-02-17,2023,02,0,NRSC VIC MODEL
Uttarakhand,Champawat,2023-02-19,2023,02,0,NRSC VIC MODEL
Uttarakhand,Champawat,2023-02-21,2023,02,0,NRSC VIC MODEL
Uttarakhand,Champawat,2023-02-23,2023,02,0,NRSC VIC MODEL
Uttarakhand,Champawat,2023-02-27,2023,02,0.0050420168,NRSC VIC MODEL
Uttarakhand,Champawat,2023-03-01,2023,03,0,NRSC VIC MODEL
Uttarakhand,Champawat,2023-03-05,2023,03,0,NRSC VIC MODEL
Uttarakhand,Champawat,2023-03-06,2023,03,0.0062193449,NRSC VIC MODEL
Uttarakhand,Champawat,2023-03-13,2023,03,0.9520326336,NRSC VIC MODEL
Uttarakhand,Champawat,2023-03-14,2023,03,0.0101356697,NRSC VIC MODEL
Uttarakhand,Champawat,2023-03-15,2023,03,5.7765725885,NRSC VIC MODEL
Uttarakhand,Champawat,2023-03-22,2023,03,15.9988064489,NRSC VIC MODEL
Uttarakhand,Champawat,2023-03-28,2023,03,0.011883582,NRSC VIC MODEL
Uttarakhand,Champawat,2023-03-29,2023,03,0.0236123221,NRSC VIC MODEL
Uttarakhand,Champawat,2023-03-30,2023,03,0,NRSC VIC MODEL
Uttarakhand,Champawat,2023-04-08,2023,04,0,NRSC VIC MODEL
Uttarakhand,Champawat,2023-04-10,2023,04,0.0410212189,NRSC VIC MODEL
Uttarakhand,Champawat,2023-04-14,2023,04,0,NRSC VIC MODEL
Uttarakhand,Champawat,2023-04-16,2023,04,0.0043668789,NRSC VIC MODEL
Uttarakhand,Champawat,2023-04-22,2023,04,3.0421292011,NRSC VIC MODEL
Uttarakhand,Champawat,2023-04-24,2023,04,0.0387021127,NRSC VIC MODEL
Uttarakhand,Champawat,2023-04-28,2023,04,1.5000366898,NRSC VIC MODEL
Uttarakhand,Champawat,2023-05-02,2023,05,25.6564429399,NRSC VIC MODEL
Uttarakhand,Champawat,2023-05-08,2023,05,0.1091906703,NRSC VIC MODEL
Uttarakhand,Champawat,2023-05-15,2023,05,1.4991453529,NRSC VIC MODEL
Uttarakhand,Champawat,2023-05-24,2023,05,19.9971291892,NRSC VIC MODEL
Uttarakhand,Champawat,2023-05-27,2023,05,1.2112315131,NRSC VIC MODEL
Uttarakhand,Champawat,2023-05-28,2023,05,0.3466509543,NRSC VIC MODEL
Uttarakhand,Champawat,2023-06-02,2023,06,0.0075157857,NRSC VIC MODEL
Uttarakhand,Champawat,2023-06-12,2023,06,0.0302608166,NRSC VIC MODEL
Uttarakhand,Champawat,2023-06-19,2023,06,0.037230709,NRSC VIC MODEL
Uttarakhand,Champawat,2023-06-20,2023,06,2.2118089813,NRSC VIC MODEL
Uttarakhand,Champawat,2023-06-25,2023,06,13.7761159955,NRSC VIC MODEL
Uttarakhand,Champawat,2023-06-30,2023,06,27.5901647222,NRSC VIC MODEL
Uttarakhand,Champawat,2023-07-05,2023,07,8.946530537,NRSC VIC MODEL
Uttarakhand,Champawat,2023-07-09,2023,07,39.0887365141,NRSC VIC MODEL
Uttarakhand,Champawat,2023-07-12,2023,07,17.6459420533,NRSC VIC MODEL
Uttarakhand,Champawat,2023-07-18,2023,07,3.9881230797,NRSC VIC MODEL
Uttarakhand,Champawat,2023-07-24,2023,07,1.8097050226,NRSC VIC MODEL
Uttarakhand,Champawat,2023-07-28,2023,07,0.1362542044,NRSC VIC MODEL
Uttarakhand,Champawat,2023-07-30,2023,07,7.4113388449,NRSC VIC MODEL
Uttarakhand,Champawat,2023-07-31,2023,07,1.0475058015,NRSC VIC MODEL
Uttarakhand,Champawat,2023-08-01,2023,08,4.0734632474,NRSC VIC MODEL
Uttarakhand,Champawat,2023-08-05,2023,08,1.323828197,NRSC VIC MODEL
Uttarakhand,Champawat,2023-08-06,2023,08,2.2540732431,NRSC VIC MODEL
Uttarakhand,Champawat,2023-08-16,2023,08,0.0006486955,NRSC VIC MODEL
Uttarakhand,Champawat,2023-08-18,2023,08,3.670287287,NRSC VIC MODEL
Uttarakhand,Champawat,2023-08-23,2023,08,6.4762353342,NRSC VIC MODEL
Uttarakhand,Champawat,2023-08-24,2023,08,3.992689844,NRSC VIC MODEL
Uttarakhand,Champawat,2023-08-26,2023,08,3.3110155503,NRSC VIC MODEL
Uttarakhand,Champawat,2023-08-31,2023,08,0.3399948106,NRSC VIC MODEL
Uttarakhand,Champawat,2023-09-01,2023,09,0.0298899123,NRSC VIC MODEL
Uttarakhand,Champawat,2023-09-03,2023,09,0.003943809,NRSC VIC MODEL
Uttarakhand,Champawat,2023-09-04,2023,09,0.0519061474,NRSC VIC MODEL
Uttarakhand,Champawat,2023-09-06,2023,09,0.2094087364,NRSC VIC MODEL
Uttarakhand,Champawat,2023-09-08,2023,09,5.9848379079,NRSC VIC MODEL
Uttarakhand,Champawat,2023-09-09,2023,09,3.5449848079,NRSC VIC MODEL
Uttarakhand,Champawat,2023-09-13,2023,09,0.0060731442,NRSC VIC MODEL
Uttarakhand,Champawat,2023-09-15,2023,09,3.3645833391,NRSC VIC MODEL
Uttarakhand,Champawat,2023-09-17,2023,09,1.3696250632,NRSC VIC MODEL
Uttarakhand,Champawat,2023-09-18,2023,09,3.9414065167,NRSC VIC MODEL
Uttarakhand,Champawat,2023-09-19,2023,09,0.3697489182,NRSC VIC MODEL
Uttarakhand,Champawat,2023-09-25,2023,09,1.0992142623,NRSC VIC MODEL
Uttarakhand,Champawat,2023-10-17,2023,10,10.0604637621,NRSC VIC MODEL
Uttarakhand,Champawat,2023-10-18,2023,10,0,NRSC VIC MODEL
Uttarakhand,Champawat,2023-10-24,2023,10,0,NRSC VIC MODEL
Uttarakhand,Champawat,2023-10-25,2023,10,0.0062923461,NRSC VIC MODEL
Uttarakhand,Champawat,2023-10-27,2023,10,0,NRSC VIC MODEL
Uttarakhand,Champawat,2023-11-03,2023,11,0,NRSC VIC MODEL
Uttarakhand,Champawat,2023-11-15,2023,11,0,NRSC VIC MODEL
Uttarakhand,Champawat,2023-11-24,2023,11,0,NRSC VIC MODEL
Uttarakhand,Champawat,2023-11-26,2023,11,0,NRSC VIC MODEL
Uttarakhand,Champawat,2023-12-15,2023,12,0,NRSC VIC MODEL
Uttarakhand,Champawat,2023-12-23,2023,12,0,NRSC VIC MODEL
Uttarakhand,Dehradun,2023-01-01,2023,01,0,NRSC VIC MODEL
Uttarakhand,Dehradun,2023-01-05,2023,01,9.96234e-05,NRSC VIC MODEL
Uttarakhand,Dehradun,2023-01-11,2023,01,0,NRSC VIC MODEL
Uttarakhand,Dehradun,2023-01-12,2023,01,0.1365477301,NRSC VIC MODEL
Uttarakhand,Dehradun,2023-01-17,2023,01,0,NRSC VIC MODEL
Uttarakhand,Dehradun,2023-01-18,2023,01,0,NRSC VIC MODEL
Uttarakhand,Dehradun,2023-01-26,2023,01,6.6977779614,NRSC VIC MODEL
Uttarakhand,Dehradun,2023-02-07,2023,02,0.6145866328,NRSC VIC MODEL
Uttarakhand,Dehradun,2023-02-09,2023,02,0.0014379862,NRSC VIC MODEL
Uttarakhand,Dehradun,2023-02-18,2023,02,0,NRSC VIC MODEL
Uttarakhand,Dehradun,2023-02-22,2023,02,5.8160726959,NRSC VIC MODEL
Uttarakhand,Dehradun,2023-02-26,2023,02,0,NRSC VIC MODEL
Uttarakhand,Dehradun,2023-02-27,2023,02,0.0011628487,NRSC VIC MODEL
Uttarakhand,Dehradun,2023-02-28,2023,02,0.0005576849,NRSC VIC MODEL
Uttarakhand,Dehradun,2023-03-06,2023,03,0.0001484546,NRSC VIC MODEL
Uttarakhand,Dehradun,2023-03-13,2023,03,1.1362728063,NRSC VIC MODEL
Uttarakhand,Dehradun,2023-03-14,2023,03,1.2205248127,NRSC VIC MODEL
Uttarakhand,Dehradun,2023-03-15,2023,03,0.5910277601,NRSC VIC MODEL
Uttarakhand,Dehradun,2023-03-23,2023,03,0.0125888136,NRSC VIC MODEL
Uttarakhand,Dehradun,2023-04-01,2023,04,18.7440439627,NRSC VIC MODEL
Uttarakhand,Dehradun,2023-04-05,2023,04,0.9706774801,NRSC VIC MODEL
Uttarakhand,Dehradun,2023-04-10,2023,04,0.000207624,NRSC VIC MODEL
Uttarakhand,Dehradun,2023-04-14,2023,04,0,NRSC VIC MODEL
Uttarakhand,Dehradun,2023-04-15,2023,04,0.0176386261,NRSC VIC MODEL
Uttarakhand,Dehradun,2023-04-25,2023,04,0,NRSC VIC MODEL
Uttarakhand,Dehradun,2023-05-06,2023,05,1.7898319087,NRSC VIC MODEL
Uttarakhand,Dehradun,2023-05-08,2023,05,0.8649356435,NRSC VIC MODEL
Uttarakhand,Dehradun,2023-05-09,2023,05,1.3112403245,NRSC VIC MODEL
Uttarakhand,Dehradun,2023-05-18,2023,05,4.460496151,NRSC VIC MODEL
Uttarakhand,Dehradun,2023-05-21,2023,05,0.0047956659,NRSC VIC MODEL
Uttarakhand,Dehradun,2023-06-02,2023,06,0.785030051,NRSC VIC MODEL
Uttarakhand,Dehradun,2023-06-07,2023,06,0.912012329,NRSC VIC MODEL
Uttarakhand,Dehradun,2023-06-10,2023,06,0.004168848,NRSC VIC MODEL
Uttarakhand,Dehradun,2023-06-11,2023,06,0.0518106344,NRSC VIC MODEL
Uttarakhand,Dehradun,2023-06-16,2023,06,0.0655587403,NRSC VIC MODEL
Uttarakhand,Dehradun,2023-06-17,2023,06,0.0001386447,NRSC VIC MODEL
Uttarakhand,Dehradun,2023-06-18,2023,06,1.4824375655,NRSC VIC MODEL
Uttarakhand,Dehradun,2023-06-19,2023,06,0.7308616008,NRSC VIC MODEL
Uttarakhand,Dehradun,2023-06-24,2023,06,12.1970037434,NRSC VIC MODEL
Uttarakhand,Dehradun,2023-07-14,2023,07,15.5223944497,NRSC VIC MODEL
Uttarakhand,Dehradun,2023-07-18,2023,07,50.6190661592,NRSC VIC MODEL
Uttarakhand,Dehradun,2023-07-21,2023,07,2.2571250108,NRSC VIC MODEL
Uttarakhand,Dehradun,2023-07-23,2023,07,9.8433855563,NRSC VIC MODEL
Uttarakhand,Dehradun,2023-07-25,2023,07,1.8604053808,NRSC VIC MODEL
Uttarakhand,Dehradun,2023-07-26,2023,07,51.751813106,NRSC VIC MODEL
Uttarakhand,Dehradun,2023-07-30,2023,07,2.5742138832,NRSC VIC MODEL
Uttarakhand,Dehradun,2023-08-03,2023,08,9.0153383637,NRSC VIC MODEL
Uttarakhand,Dehradun,2023-08-08,2023,08,14.2240090088,NRSC VIC MODEL
Uttarakhand,Dehradun,2023-08-13,2023,08,10.1496550808,NRSC VIC MODEL
Uttarakhand,Dehradun,2023-08-18,2023,08,57.3419754826,NRSC VIC MODEL
Uttarakhand,Dehradun,2023-08-19,2023,08,6.3905722068,NRSC VIC MODEL
Uttarakhand,Dehradun,2023-08-26,2023,08,6.1783919899,NRSC VIC MODEL
Uttarakhand,Dehradun,2023-08-29,2023,08,0.0480689101,NRSC VIC MODEL
Uttarakhand,Dehradun,2023-09-01,2023,09,0,NRSC VIC MODEL
Uttarakhand,Dehradun,2023-09-07,2023,09,0.1512196971,NRSC VIC MODEL
Uttarakhand,Dehradun,2023-09-11,2023,09,1.3979496657,NRSC VIC MODEL
Uttarakhand,Dehradun,2023-09-15,2023,09,35.1263935056,NRSC VIC MODEL
Uttarakhand,Dehradun,2023-09-16,2023,09,3.3328531273,NRSC VIC MODEL
Uttarakhand,Dehradun,2023-09-18,2023,09,2.9415611967,NRSC VIC MODEL
Uttarakhand,Dehradun,2023-09-19,2023,09,5.1466776525,NRSC VIC MODEL
Uttarakhand,Dehradun,2023-10-14,2023,10,0,NRSC VIC MODEL
Uttarakhand,Dehradun,2023-10-16,2023,10,2.1533258153,NRSC VIC MODEL
Uttarakhand,Dehradun,2023-10-21,2023,10,0,NRSC VIC MODEL
Uttarakhand,Dehradun,2023-10-24,2023,10,0.0136577539,NRSC VIC MODEL
Uttarakhand,Dehradun,2023-10-26,2023,10,0.020997215,NRSC VIC MODEL
Uttarakhand,Dehradun,2023-10-27,2023,10,0,NRSC VIC MODEL
Uttarakhand,Dehradun,2023-10-30,2023,10,0,NRSC VIC MODEL
Uttarakhand,Almora,2023-01-02,2023,01,0,NRSC VIC MODEL
Uttarakhand,Almora,2023-01-05,2023,01,0.0327734835,NRSC VIC MODEL
Uttarakhand,Almora,2023-01-09,2023,01,0,NRSC VIC MODEL
Uttarakhand,Almora,2023-01-12,2023,01,0.065687789,NRSC VIC MODEL
Uttarakhand,Almora,2023-02-02,2023,02,0,NRSC VIC MODEL
Uttarakhand,Almora,2023-02-03,2023,02,0,NRSC VIC MODEL
Uttarakhand,Almora,2023-02-09,2023,02,0.548809213,NRSC VIC MODEL
Uttarakhand,Almora,2023-02-10,2023,02,0.0235876613,NRSC VIC MODEL
Uttarakhand,Almora,2023-02-11,2023,02,0.0107369845,NRSC VIC MODEL
Uttarakhand,Almora,2023-02-16,2023,02,0,NRSC VIC MODEL
Uttarakhand,Almora,2023-02-18,2023,02,0,NRSC VIC MODEL
Uttarakhand,Almora,2023-02-19,2023,02,0,NRSC VIC MODEL
Uttarakhand,Almora,2023-02-23,2023,02,0,NRSC VIC MODEL
Uttarakhand,Almora,2023-02-27,2023,02,0.0002765578,NRSC VIC MODEL
Uttarakhand,Almora,2023-02-28,2023,02,0,NRSC VIC MODEL
Uttarakhand,Almora,2023-03-01,2023,03,0.0020940928,NRSC VIC MODEL
Uttarakhand,Almora,2023-03-02,2023,03,0.1010526017,NRSC VIC MODEL
Uttarakhand,Almora,2023-03-09,2023,03,0.4408185012,NRSC VIC MODEL
Uttarakhand,Almora,2023-03-12,2023,03,0.0002765578,NRSC VIC MODEL
Uttarakhand,Almora,2023-03-15,2023,03,6.7136709643,NRSC VIC MODEL
Uttarakhand,Almora,2023-03-16,2023,03,0.9981912397,NRSC VIC MODEL
Uttarakhand,Almora,2023-03-18,2023,03,4.2547915681,NRSC VIC MODEL
Uttarakhand,Almora,2023-03-19,2023,03,5.150142882,NRSC VIC MODEL
Uttarakhand,Almora,2023-03-23,2023,03,0.1102961014,NRSC VIC MODEL
Uttarakhand,Almora,2023-03-29,2023,03,0.0552134931,NRSC VIC MODEL
Uttarakhand,Almora,2023-04-01,2023,04,31.0143266788,NRSC VIC MODEL
Uttarakhand,Almora,2023-04-03,2023,04,0.0002920573,NRSC VIC MODEL
Uttarakhand,Almora,2023-04-08,2023,04,0.00756961,NRSC VIC MODEL
Uttarakhand,Almora,2023-04-13,2023,04,0.0070479018,NRSC VIC MODEL
Uttarakhand,Almora,2023-04-16,2023,04,0.0052806312,NRSC VIC MODEL
Uttarakhand,Almora,2023-04-22,2023,04,0.8033409779,NRSC VIC MODEL
Uttarakhand,Almora,2023-04-27,2023,04,0.0002573897,NRSC VIC MODEL
Uttarakhand,Almora,2023-04-28,2023,04,7.591173436,NRSC VIC MODEL
Uttarakhand,Almora,2023-05-01,2023,05,14.1272538604,NRSC VIC MODEL
Uttarakhand,Almora,2023-05-07,2023,05,0,NRSC VIC MODEL
Uttarakhand,Almora,2023-05-16,2023,05,0.4790092162,NRSC VIC MODEL
Uttarakhand,Almora,2023-05-17,2023,05,0.1948981543,NRSC VIC MODEL
Uttarakhand,Almora,2023-05-29,2023,05,0,NRSC VIC MODEL
Uttarakhand,Almora,2023-06-01,2023,06,1.3390044315,NRSC VIC MODEL
Uttarakhand,Almora,2023-06-05,2023,06,0.0047098554,NRSC VIC MODEL
Uttarakhand,Almora,2023-06-06,2023,06,3.0025046549,NRSC VIC MODEL
Uttarakhand,Almora,2023-06-11,2023,06,0.0015696331,NRSC VIC MODEL
Uttarakhand,Almora,2023-06-15,2023,06,0.0642666138,NRSC VIC MODEL
Uttarakhand,Almora,2023-06-17,2023,06,0.0020649235,NRSC VIC MODEL
Uttarakhand,Almora,2023-06-29,2023,06,6.3660647384,NRSC VIC MODEL
Uttarakhand,Almora,2023-07-02,2023,07,27.3669449022,NRSC VIC MODEL
Uttarakhand,Almora,2023-07-10,2023,07,6.1719909674,NRSC VIC MODEL
Uttarakhand,Almora,2023-07-23,2023,07,13.5158137824,NRSC VIC MODEL
Uttarakhand,Almora,2023-07-27,2023,07,9.8817842172,NRSC VIC MODEL
Uttarakhand,Almora,2023-07-28,2023,07,2.9085845983,NRSC VIC MODEL
Uttarakhand,Almora,2023-07-29,2023,07,11.5823121176,NRSC VIC MODEL
Uttarakhand,Almora,2023-07-31,2023,07,0.6432156972,NRSC VIC MODEL
Uttarakhand,Almora,2023-08-01,2023,08,0.664005604,NRSC VIC MODEL
Uttarakhand,Almora,2023-08-06,2023,08,14.9525375656,NRSC VIC MODEL
Uttarakhand,Almora,2023-08-13,2023,08,4.2763676805,NRSC VIC MODEL
Uttarakhand,Almora,2023-08-16,2023,08,0.090916243,NRSC VIC MODEL
Uttarakhand,Almora,2023-08-19,2023,08,3.6179515899,NRSC VIC MODEL
Uttarakhand,Almora,2023-08-25,2023,08,2.2841368226,NRSC VIC MODEL
Uttarakhand,Almora,2023-08-29,2023,08,2.0299048733,NRSC VIC MODEL
Uttarakhand,Almora,2023-08-31,2023,08,1.8683938634,NRSC VIC MODEL
Uttarakhand,Almora,2023-09-02,2023,09,6.77488e-05,NRSC VIC MODEL
Uttarakhand,Almora,2023-09-03,2023,09,4.99107e-05,NRSC VIC MODEL
Uttarakhand,Almora,2023-09-10,2023,09,27.6231695978,NRSC VIC MODEL
Uttarakhand,Almora,2023-09-11,2023,09,53.3211045063,NRSC VIC MODEL
Uttarakhand,Almora,2023-09-12,2023,09,0.0130327378,NRSC VIC MODEL
Uttarakhand,Almora,2023-09-13,2023,09,0.0034847804,NRSC VIC MODEL
Uttarakhand,Almora,2023-09-22,2023,09,0.0120505761,NRSC VIC MODEL
Uttarakhand,Almora,2023-09-26,2023,09,0,NRSC VIC MODEL
Uttarakhand,Almora,2023-10-08,2023,10,0.0099196845,NRSC VIC MODEL
Uttarakhand,Almora,2023-10-23,2023,10,0,NRSC VIC MODEL
Uttarakhand,Almora,2023-10-26,2023,10,0.2563626274,NRSC VIC MODEL
Uttarakhand,Almora,2023-10-27,2023,10,0,NRSC VIC MODEL
Uttarakhand,Almora,2023-11-04,2023,11,9.64874e-05,NRSC VIC MODEL
Uttarakhand,Almora,2023-11-07,2023,11,0,NRSC VIC MODEL
Uttarakhand,Almora,2023-11-08,2023,11,0,NRSC VIC MODEL
Uttarakhand,Almora,2023-11-12,2023,11,0.2032134372,NRSC VIC MODEL
Uttarakhand,Almora,2023-11-15,2023,11,0,NRSC VIC MODEL
Uttarakhand,Almora,2023-11-26,2023,11,0,NRSC VIC MODEL
Uttarakhand,Almora,2023-11-28,2023,11,5.5490737745,NRSC VIC MODEL
Uttarakhand,Almora,2023-11-29,2023,11,9.98213e-05,NRSC VIC MODEL
Uttarakhand,Almora,2023-11-30,2023,11,0,NRSC VIC MODEL
Uttarakhand,Almora,2023-12-01,2023,12,0.0068064439,NRSC VIC MODEL
Uttarakhand,Almora,2023-12-08,2023,12,0,NRSC VIC MODEL
Uttarakhand,Almora,2023-12-09,2023,12,0.0857464662,NRSC VIC MODEL
Uttarakhand,Almora,2023-12-31,2023,12,0,NRSC VIC MODEL
Uttarakhand,Bageshwar,2023-01-02,2023,01,0,NRSC VIC MODEL
Uttarakhand,Bageshwar,2023-01-04,2023,01,0,NRSC VIC MODEL
Uttarakhand,Bageshwar,2023-01-17,2023,01,0,NRSC VIC MODEL
Uttarakhand,Bageshwar,2023-01-18,2023,01,0,NRSC VIC MODEL
Uttarakhand,Bageshwar,2023-01-27,2023,01,0,NRSC VIC MODEL
Uttarakhand,Bageshwar,2023-01-29,2023,01,0,NRSC VIC MODEL
Uttarakhand,Bageshwar,2023-01-30,2023,01,0.0002976008,NRSC VIC MODEL
Uttarakhand,Bageshwar,2023-02-02,2023,02,0,NRSC VIC MODEL
Uttarakhand,Bageshwar,2023-02-05,2023,02,0,NRSC VIC MODEL
Uttarakhand,Bageshwar,2023-02-14,2023,02,0.2229396608,NRSC VIC MODEL
Uttarakhand,Bageshwar,2023-03-09,2023,03,1.0526465634,NRSC VIC MODEL
Uttarakhand,Bageshwar,2023-03-12,2023,03,0.0319487214,NRSC VIC MODEL
Uttarakhand,Bageshwar,2023-03-15,2023,03,2.5578650336,NRSC VIC MODEL
Uttarakhand,Bageshwar,2023-03-18,2023,03,2.9082039257,NRSC VIC MODEL
Uttarakhand,Bageshwar,2023-03-24,2023,03,0,NRSC VIC MODEL
Uttarakhand,Bageshwar,2023-04-02,2023,04,1.5021173079,NRSC VIC MODEL
Uttarakhand,Bageshwar,2023-04-06,2023,04,0,NRSC VIC MODEL
Uttarakhand,Bageshwar,2023-04-13,2023,04,0.108617476,NRSC VIC MODEL
Uttarakhand,Bageshwar,2023-04-18,2023,04,0.8773514459,NRSC VIC MODEL
Uttarakhand,Bageshwar,2023-04-19,2023,04,4.7689521328,NRSC VIC MODEL
Uttarakhand,Bageshwar,2023-04-21,2023,04,7.5592087966,NRSC VIC MODEL
Uttarakhand,Bageshwar,2023-04-22,2023,04,0.1806115886,NRSC VIC MODEL
Uttarakhand,Bageshwar,2023-04-23,2023,04,0.1812628081,NRSC VIC MODEL
Uttarakhand,Bageshwar,2023-04-28,2023,04,16.4263585294,NRSC VIC MODEL
Uttarakhand,Bageshwar,2023-05-07,2023,05,0.2854194144,NRSC VIC MODEL
Uttarakhand,Bageshwar,2023-05-10,2023,05,0.8619836146,NRSC VIC MODEL
Uttarakhand,Bageshwar,2023-05-17,2023,05,0.0256655219,NRSC VIC MODEL
Uttarakhand,Bageshwar,2023-06-01,2023,06,4.2456147311,NRSC VIC MODEL
Uttarakhand,Bageshwar,2023-06-02,2023,06,0.6107116632,NRSC VIC MODEL
Uttarakhand,Bageshwar,2023-06-04,2023,06,0.0391647359,NRSC VIC MODEL
Uttarakhand,Bageshwar,2023-06-11,2023,06,0.071259585,NRSC VIC MODEL
Uttarakhand,Bageshwar,2023-06-15,2023,06,0.5956113442,NRSC VIC MODEL
Uttarakhand,Bageshwar,2023-06-16,2023,06,0.5221406942,NRSC VIC MODEL
Uttarakhand,Bageshwar,2023-06-17,2023,06,0.2768511106,NRSC VIC MODEL
Uttarakhand,Bageshwar,2023-06-22,2023,06,25.6700267746,NRSC VIC MODEL
Uttarakhand,Bageshwar,2023-06-25,2023,06,5.4516848001,NRSC VIC MODEL
Uttarakhand,Bageshwar,2023-07-02,2023,07,17.4299376411,NRSC VIC MODEL
Uttarakhand,Bageshwar,2023-07-06,2023,07,13.2949445285,NRSC VIC MODEL
Uttarakhand,Bageshwar,2023-07-08,2023,07,10.7721851357,NRSC VIC MODEL
Uttarakhand,Bageshwar,2023-07-09,2023,07,33.9117266583,NRSC VIC MODEL
Uttarakhand,Bageshwar,2023-07-14,2023,07,14.2909202342,NRSC VIC MODEL
Uttarakhand,Bageshwar,2023-07-16,2023,07,26.4692528068,NRSC VIC MODEL
Uttarakhand,Bageshwar,2023-07-17,2023,07,16.8243644359,NRSC VIC MODEL
Uttarakhand,Bageshwar,2023-07-19,2023,07,12.3307265184,NRSC VIC MODEL
Uttarakhand,Bageshwar,2023-07-21,2023,07,7.7035557352,NRSC VIC MODEL
Uttarakhand,Bageshwar,2023-07-26,2023,07,31.3065783131,NRSC VIC MODEL
Uttarakhand,Bageshwar,2023-08-05,2023,08,3.4366059339,NRSC VIC MODEL
Uttarakhand,Bageshwar,2023-08-09,2023,08,39.3459187465,NRSC VIC MODEL
Uttarakhand,Bageshwar,2023-08-10,2023,08,5.0516880224,NRSC VIC MODEL
Uttarakhand,Bageshwar,2023-08-12,2023,08,10.9842169546,NRSC VIC MODEL
Uttarakhand,Bageshwar,2023-08-15,2023,08,7.173535612,NRSC VIC MODEL
Uttarakhand,Bageshwar,2023-09-02,2023,09,1.6395300214,NRSC VIC MODEL
Uttarakhand,Bageshwar,2023-09-03,2023,09,0.2010705142,NRSC VIC MODEL
Uttarakhand,Bageshwar,2023-09-17,2023,09,3.8379427734,NRSC VIC MODEL
Uttarakhand,Bageshwar,2023-09-20,2023,09,1.6002094344,NRSC VIC MODEL
Uttarakhand,Bageshwar,2023-09-29,2023,09,0,NRSC VIC MODEL
Uttarakhand,Bageshwar,2023-09-30,2023,09,0.0118157337,NRSC VIC MODEL
Uttarakhand,Bageshwar,2023-10-07,2023,10,0,NRSC VIC MODEL
Uttarakhand,Bageshwar,2023-10-09,2023,10,0.0214212836,NRSC VIC MODEL
Uttarakhand,Bageshwar,2023-10-11,2023,10,0.5048275012,NRSC VIC MODEL
Uttarakhand,Bageshwar,2023-10-15,2023,10,0.5490210589,NRSC VIC MODEL
Uttarakhand,Bageshwar,2023-10-27,2023,10,0.0001851464,NRSC VIC MODEL
Uttarakhand,Bageshwar,2023-10-28,2023,10,0,NRSC VIC MODEL
Uttarakhand,Bageshwar,2023-10-31,2023,10,0,NRSC VIC MODEL
Uttarakhand,Bageshwar,2023-11-03,2023,11,0,NRSC VIC MODEL
Uttarakhand,Bageshwar,2023-11-04,2023,11,0.0069289069,NRSC VIC MODEL
Uttarakhand,Bageshwar,2023-11-05,2023,11,0,NRSC VIC MODEL
Uttarakhand,Bageshwar,2023-11-06,2023,11,0.0500080897,NRSC VIC MODEL
Uttarakhand,Bageshwar,2023-11-07,2023,11,0,NRSC VIC MODEL
Uttarakhand,Bageshwar,2023-11-20,2023,11,0,NRSC VIC MODEL
Uttarakhand,Bageshwar,2023-11-25,2023,11,0,NRSC VIC MODEL
Uttarakhand,Bageshwar,2023-12-03,2023,12,0,NRSC VIC MODEL
Uttarakhand,Bageshwar,2023-12-05,2023,12,0.4064684265,NRSC VIC MODEL
Uttarakhand,Bageshwar,2023-12-17,2023,12,0,NRSC VIC MODEL
Uttarakhand,Bageshwar,2023-12-26,2023,12,0,NRSC VIC MODEL
Uttarakhand,Bageshwar,2023-12-27,2023,12,0,NRSC VIC MODEL
Uttarakhand,Chamoli,2023-01-02,2023,01,0,NRSC VIC MODEL
Uttarakhand,Chamoli,2023-01-19,2023,01,0.0389413765,NRSC VIC MODEL
Uttarakhand,Chamoli,2023-01-30,2023,01,4.8396744685,NRSC VIC MODEL
Uttarakhand,Chamoli,2023-01-31,2023,01,7.1157101384,NRSC VIC MODEL
Uttarakhand,Chamoli,2023-02-02,2023,02,0.4103556594,NRSC VIC MODEL
Uttarakhand,Chamoli,2023-02-07,2023,02,0.1359581577,NRSC VIC MODEL
Uttarakhand,Chamoli,2023-02-21,2023,02,0,NRSC VIC MODEL
Uttarakhand,Chamoli,2023-03-13,2023,03,4.9243833892,NRSC VIC MODEL
Uttarakhand,Chamoli,2023-03-14,2023,03,1.0324041252,NRSC VIC MODEL
Uttarakhand,Chamoli,2023-03-21,2023,03,3.0402272151,NRSC VIC MODEL
Uttarakhand,Chamoli,2023-03-25,2023,03,8.4077530024,NRSC VIC MODEL
Uttarakhand,Chamoli,2023-03-28,2023,03,1.4759250083,NRSC VIC MODEL
Uttarakhand,Chamoli,2023-04-03,2023,04,0.2173530885,NRSC VIC MODEL
Uttarakhand,Chamoli,2023-04-13,2023,04,0.2502045939,NRSC VIC MODEL
Uttarakhand,Chamoli,2023-04-19,2023,04,2.2591900995,NRSC VIC MODEL
Uttarakhand,Chamoli,2023-04-25,2023,04,0.0920212205,NRSC VIC MODEL
Uttarakhand,Chamoli,2023-05-09,2023,05,0.5590270062,NRSC VIC MODEL
Uttarakhand,Chamoli,2023-05-18,2023,05,1.4374702148,NRSC VIC MODEL
Uttarakhand,Chamoli,2023-05-23,2023,05,0.9494453873,NRSC VIC MODEL
Uttarakhand,Chamoli,2023-06-04,2023,06,0.3847483617,NRSC VIC MODEL
Uttarakhand,Chamoli,2023-06-12,2023,06,0.5390105106,NRSC VIC MODEL
Uttarakhand,Chamoli,2023-06-18,2023,06,11.3024889874,NRSC VIC MODEL
Uttarakhand,Chamoli,2023-07-09,2023,07,19.9607827991,NRSC VIC MODEL
Uttarakhand,Chamoli,2023-07-14,2023,07,17.4444640076,NRSC VIC MODEL
Uttarakhand,Chamoli,2023-08-14,2023,08,32.7721716424,NRSC VIC MODEL
Uttarakhand,Chamoli,2023-08-26,2023,08,1.0523649677,NRSC VIC MODEL
Uttarakhand,Chamoli,2023-09-02,2023,09,0.2135541452,NRSC VIC MODEL
Uttarakhand,Chamoli,2023-09-03,2023,09,0.3672602768,NRSC VIC MODEL
Uttarakhand,Chamoli,2023-09-04,2023,09,3.199040352,NRSC VIC MODEL
Uttarakhand,Chamoli,2023-09-06,2023,09,3.9184819125,NRSC VIC MODEL
Uttarakhand,Chamoli,2023-09-08,2023,09,1.2261409666,NRSC VIC MODEL
Uttarakhand,Chamoli,2023-09-09,2023,09,2.2346675306,NRSC VIC MODEL
Uttarakhand,Chamoli,2023-09-13,2023,09,1.3269238262,NRSC VIC MODEL
Uttarakhand,Chamoli,2023-09-14,2023,09,0.4007322152,NRSC VIC MODEL
Uttarakhand,Chamoli,2023-09-16,2023,09,1.802962717,NRSC VIC MODEL
Uttarakhand,Chamoli,2023-09-18,2023,09,0.5570049818,NRSC VIC MODEL
Uttarakhand,Chamoli,2023-10-13,2023,10,0,NRSC VIC MODEL
Uttarakhand,Chamoli,2023-10-29,2023,10,0.0532761152,NRSC VIC MODEL
Uttarakhand,Chamoli,2023-11-01,2023,11,0.3012389197,NRSC VIC MODEL
Uttarakhand,Chamoli,2023-11-02,2023,11,5.59189e-05,NRSC VIC MODEL
Uttarakhand,Rudra Prayag,2023-05-07,2023,05,0.0437869542,NRSC VIC MODEL
Uttarakhand,Rudra Prayag,2023-05-16,2023,05,1.6047789208,NRSC VIC MODEL
Uttarakhand,Rudra Prayag,2023-05-24,2023,05,10.2542584522,NRSC VIC MODEL
Uttarakhand,Rudra Prayag,2023-05-26,2023,05,13.0047141701,NRSC VIC MODEL
Uttarakhand,Rudra Prayag,2023-05-29,2023,05,0.0059455325,NRSC VIC MODEL
Uttarakhand,Rudra Prayag,2023-06-07,2023,06,3.3543986772,NRSC VIC MODEL
Uttarakhand,Rudra Prayag,2023-06-12,2023,06,0.0071259725,NRSC VIC MODEL
Uttarakhand,Rudra Prayag,2023-06-13,2023,06,3.7586159301,NRSC VIC MODEL
Uttarakhand,Rudra Prayag,2023-06-16,2023,06,0.0253940424,NRSC VIC MODEL
Uttarakhand,Rudra Prayag,2023-06-20,2023,06,2.8538147025,NRSC VIC MODEL
Uttarakhand,Rudra Prayag,2023-06-24,2023,06,7.6631218773,NRSC VIC MODEL
Uttarakhand,Rudra Prayag,2023-06-26,2023,06,14.3995597013,NRSC VIC MODEL
Uttarakhand,Rudra Prayag,2023-07-01,2023,07,2.6944460757,NRSC VIC MODEL
Uttarakhand,Rudra Prayag,2023-07-03,2023,07,3.0480446966,NRSC VIC MODEL
Uttarakhand,Rudra Prayag,2023-07-04,2023,07,11.2000571174,NRSC VIC MODEL
Uttarakhand,Rudra Prayag,2023-07-05,2023,07,17.9330256452,NRSC VIC MODEL
Uttarakhand,Rudra Prayag,2023-07-08,2023,07,7.1788460775,NRSC VIC MODEL
Uttarakhand,Rudra Prayag,2023-07-09,2023,07,23.5394302438,NRSC VIC MODEL
Uttarakhand,Rudra Prayag,2023-07-18,2023,07,17.6133717081,NRSC VIC MODEL
Uttarakhand,Rudra Prayag,2023-07-19,2023,07,15.2007432444,NRSC VIC MODEL
Uttarakhand,Rudra Prayag,2023-07-21,2023,07,12.3262226352,NRSC VIC MODEL
Uttarakhand,Rudra Prayag,2023-07-26,2023,07,15.2660775552,NRSC VIC MODEL
Uttarakhand,Rudra Prayag,2023-08-06,2023,08,18.5093256314,NRSC VIC MODEL
Uttarakhand,Rudra Prayag,2023-08-10,2023,08,3.8436799789,NRSC VIC MODEL
Uttarakhand,Rudra Prayag,2023-08-19,2023,08,8.7579552397,NRSC VIC MODEL
Uttarakhand,Rudra Prayag,2023-08-26,2023,08,0.9051515705,NRSC VIC MODEL
Uttarakhand,Rudra Prayag,2023-09-07,2023,09,0.0002149834,NRSC VIC MODEL
Uttarakhand,Rudra Prayag,2023-09-19,2023,09,1.1210793938,NRSC VIC MODEL
Uttarakhand,Rudra Prayag,2023-10-10,2023,10,1.2757051891,NRSC VIC MODEL
Uttarakhand,Rudra Prayag,2023-10-11,2023,10,0.7551382322,NRSC VIC MODEL
Uttarakhand,Rudra Prayag,2023-10-15,2023,10,0,NRSC VIC MODEL
Uttarakhand,Rudra Prayag,2023-10-16,2023,10,0.0669208615,NRSC VIC MODEL
Uttarakhand,Rudra Prayag,2023-10-23,2023,10,0,NRSC VIC MODEL
Uttarakhand,Rudra Prayag,2023-10-28,2023,10,0,NRSC VIC MODEL
Uttarakhand,Rudra Prayag,2023-10-30,2023,10,0,NRSC VIC MODEL
Uttarakhand,Rudra Prayag,2023-11-01,2023,11,0.0190884261,NRSC VIC MODEL
Uttarakhand,Rudra Prayag,2023-11-03,2023,11,0,NRSC VIC MODEL
Uttarakhand,Rudra Prayag,2023-11-06,2023,11,0.0017126304,NRSC VIC MODEL
Uttarakhand,Rudra Prayag,2023-11-08,2023,11,0,NRSC VIC MODEL
Uttarakhand,Rudra Prayag,2023-11-19,2023,11,0,NRSC VIC MODEL
Uttarakhand,Rudra Prayag,2023-11-21,2023,11,1.0533446305,NRSC VIC MODEL
Uttarakhand,Rudra Prayag,2023-11-26,2023,11,0,NRSC VIC MODEL
Uttarakhand,Rudra Prayag,2023-12-04,2023,12,0.0038089065,NRSC VIC MODEL
Uttarakhand,Rudra Prayag,2023-12-09,2023,12,0.0001291333,NRSC VIC MODEL
Uttarakhand,Rudra Prayag,2023-12-14,2023,12,0.1575912677,NRSC VIC MODEL
Uttarakhand,Rudra Prayag,2023-12-15,2023,12,0.0291684208,NRSC VIC MODEL
Uttarakhand,Rudra Prayag,2023-12-16,2023,12,0,NRSC VIC MODEL
Uttarakhand,Rudra Prayag,2023-12-17,2023,12,0,NRSC VIC MODEL
Uttarakhand,Rudra Prayag,2023-12-23,2023,12,0,NRSC VIC MODEL
Uttarakhand,Rudra Prayag,2023-12-25,2023,12,0.0048268749,NRSC VIC MODEL
Uttarakhand,Rudra Prayag,2023-12-29,2023,12,0,NRSC VIC MODEL
Uttarakhand,Tehri Garhwal,2023-01-02,2023,01,0,NRSC VIC MODEL
Uttarakhand,Tehri Garhwal,2023-01-14,2023,01,0.168596851,NRSC VIC MODEL
Uttarakhand,Tehri Garhwal,2023-01-18,2023,01,0,NRSC VIC MODEL
Uttarakhand,Tehri Garhwal,2023-01-20,2023,01,9.6020845116,NRSC VIC MODEL
Uttarakhand,Tehri Garhwal,2023-01-22,2023,01,0,NRSC VIC MODEL
Uttarakhand,Tehri Garhwal,2023-02-04,2023,02,0,NRSC VIC MODEL
Uttarakhand,Tehri Garhwal,2023-02-13,2023,02,0.0159996255,NRSC VIC MODEL
Uttarakhand,Tehri Garhwal,2023-02-20,2023,02,0,NRSC VIC MODEL
Uttarakhand,Tehri Garhwal,2023-02-22,2023,02,8.1299022489,NRSC VIC MODEL
Uttarakhand,Tehri Garhwal,2023-02-23,2023,02,0.0049550439,NRSC VIC MODEL
Uttarakhand,Tehri Garhwal,2023-02-28,2023,02,0.7823358903,NRSC VIC MODEL
Uttarakhand,Tehri Garhwal,2023-03-01,2023,03,0.1683521682,NRSC VIC MODEL
Uttarakhand,Tehri Garhwal,2023-03-07,2023,03,0.0154321345,NRSC VIC MODEL
Uttarakhand,Tehri Garhwal,2023-03-11,2023,03,0,NRSC VIC MODEL
Uttarakhand,Tehri Garhwal,2023-03-12,2023,03,0.1119608768,NRSC VIC MODEL
Uttarakhand,Tehri Garhwal,2023-03-18,2023,03,8.4191975686,NRSC VIC MODEL
Uttarakhand,Tehri Garhwal,2023-03-19,2023,03,7.5498228637,NRSC VIC MODEL
Uttarakhand,Tehri Garhwal,2023-03-20,2023,03,2.2888975265,NRSC VIC MODEL
Uttarakhand,Tehri Garhwal,2023-03-26,2023,03,12.8090039798,NRSC VIC MODEL
Uttarakhand,Tehri Garhwal,2023-03-27,2023,03,0.6108245848,NRSC VIC MODEL
Uttarakhand,Tehri Garhwal,2023-03-29,2023,03,0.5534964025,NRSC VIC MODEL
Uttarakhand,Tehri Garhwal,2023-03-31,2023,03,5.7988744067,NRSC VIC MODEL
Uttarakhand,Tehri Garhwal,2023-04-13,2023,04,0.0129889035,NRSC VIC MODEL
Uttarakhand,Tehri Garhwal,2023-04-15,2023,04,0.3024453073,NRSC VIC MODEL
Uttarakhand,Tehri Garhwal,2023-04-21,2023,04,14.6131920093,NRSC VIC MODEL
Uttarakhand,Tehri Garhwal,2023-04-28,2023,04,5.0778567056,NRSC VIC MODEL
Uttarakhand,Tehri Garhwal,2023-05-04,2023,05,13.548488366,NRSC VIC MODEL
Uttarakhand,Tehri Garhwal,2023-05-08,2023,05,0.2762395635,NRSC VIC MODEL
Uttarakhand,Tehri Garhwal,2023-05-17,2023,05,0.0621862232,NRSC VIC MODEL
Uttarakhand,Tehri Garhwal,2023-05-19,2023,05,1.1542872298,NRSC VIC MODEL
Uttarakhand,Tehri Garhwal,2023-05-30,2023,05,17.812592699,NRSC VIC MODEL
Uttarakhand,Tehri Garhwal,2023-06-03,2023,06,0.0199833504,NRSC VIC MODEL
Uttarakhand,Tehri Garhwal,2023-06-04,2023,06,0.6217653959,NRSC VIC MODEL
Uttarakhand,Tehri Garhwal,2023-06-05,2023,06,0.4597609815,NRSC VIC MODEL
Uttarakhand,Tehri Garhwal,2023-06-14,2023,06,2.1143334303,NRSC VIC MODEL
Uttarakhand,Tehri Garhwal,2023-06-18,2023,06,6.2862956656,NRSC VIC MODEL
Uttarakhand,Tehri Garhwal,2023-06-20,2023,06,3.4099320602,NRSC VIC MODEL
Uttarakhand,Tehri Garhwal,2023-06-21,2023,06,10.466844901,NRSC VIC MODEL
Uttarakhand,Tehri Garhwal,2023-06-26,2023,06,35.4960855075,NRSC VIC MODEL
Uttarakhand,Tehri Garhwal,2023-06-28,2023,06,3.4948295228,NRSC VIC MODEL
Uttarakhand,Tehri Garhwal,2023-07-01,2023,07,10.1044004884,NRSC VIC MODEL
Uttarakhand,Tehri Garhwal,2023-07-08,2023,07,7.8244990182,NRSC VIC MODEL
Uttarakhand,Tehri Garhwal,2023-07-09,2023,07,33.3676051872,NRSC VIC MODEL
Uttarakhand,Tehri Garhwal,2023-07-11,2023,07,55.5317109179,NRSC VIC MODEL
Uttarakhand,Tehri Garhwal,2023-07-16,2023,07,16.4409475758,NRSC VIC MODEL
Uttarakhand,Tehri Garhwal,2023-07-24,2023,07,0.9274048598,NRSC VIC MODEL
Uttarakhand,Tehri Garhwal,2023-08-08,2023,08,13.5947286079,NRSC VIC MODEL
Uttarakhand,Tehri Garhwal,2023-08-09,2023,08,14.7882107283,NRSC VIC MODEL
Uttarakhand,Tehri Garhwal,2023-08-10,2023,08,30.6415463204,NRSC VIC MODEL
Uttarakhand,Tehri Garhwal,2023-08-14,2023,08,51.1263259532,NRSC VIC MODEL
Uttarakhand,Tehri Garhwal,2023-08-16,2023,08,1.6358515509,NRSC VIC MODEL
Uttarakhand,Tehri Garhwal,2023-08-17,2023,08,2.8181613465,NRSC VIC MODEL
Uttarakhand,Tehri Garhwal,2023-08-18,2023,08,18.9758156793,NRSC VIC MODEL
Uttarakhand,Tehri Garhwal,2023-08-20,2023,08,4.533921106,NRSC VIC MODEL
Uttarakhand,Tehri Garhwal,2023-08-22,2023,08,9.6565512297,NRSC VIC MODEL
Uttarakhand,Tehri Garhwal,2023-08-24,2023,08,20.4995588738,NRSC VIC MODEL
Uttarakhand,Tehri Garhwal,2023-08-27,2023,08,1.7815681273,NRSC VIC MODEL
Uttarakhand,Tehri Garhwal,2023-08-28,2023,08,0.760911267,NRSC VIC MODEL
Uttarakhand,Tehri Garhwal,2023-09-04,2023,09,0.2362671397,NRSC VIC MODEL
Uttarakhand,Tehri Garhwal,2023-09-11,2023,09,4.5978354525,NRSC VIC MODEL
Uttarakhand,Tehri Garhwal,2023-09-13,2023,09,3.0994184585,NRSC VIC MODEL
Uttarakhand,Tehri Garhwal,2023-09-18,2023,09,0.2138487287,NRSC VIC MODEL
Uttarakhand,Tehri Garhwal,2023-09-20,2023,09,0.5589959078,NRSC VIC MODEL
Uttarakhand,Tehri Garhwal,2023-09-27,2023,09,0,NRSC VIC MODEL
Uttarakhand,Tehri Garhwal,2023-10-13,2023,10,0,NRSC VIC MODEL
Uttarakhand,Tehri Garhwal,2023-10-26,2023,10,0.1066732478,NRSC VIC MODEL
Uttarakhand,Tehri Garhwal,2023-10-30,2023,10,0,NRSC VIC MODEL
Uttarakhand,Tehri Garhwal,2023-10-31,2023,10,0,NRSC VIC MODEL
Uttarakhand,Tehri Garhwal,2023-11-04,2023,11,0,NRSC VIC MODEL
Uttarakhand,Tehri Garhwal,2023-11-12,2023,11,0,NRSC VIC MODEL
Uttarakhand,Tehri Garhwal,2023-11-20,2023,11,0,NRSC VIC MODEL
Uttarakhand,Tehri Garhwal,2023-11-30,2023,11,0.0018292608,NRSC VIC MODEL
Uttarakhand,Tehri Garhwal,2023-12-04,2023,12,0.0045877461,NRSC VIC MODEL
Uttarakhand,Tehri Garhwal,2023-12-10,2023,12,0,NRSC VIC MODEL
Uttarakhand,Tehri Garhwal,2023-12-13,2023,12,1.1577267241,NRSC VIC MODEL
Uttarakhand,Tehri Garhwal,2023-12-14,2023,12,0.0443862452,NRSC VIC MODEL
Uttarakhand,Tehri Garhwal,2023-12-16,2023,12,0,NRSC VIC MODEL
Uttarakhand,Tehri Garhwal,2023-12-21,2023,12,0,NRSC VIC MODEL
Uttarakhand,Tehri Garhwal,2023-12-26,2023,12,0,NRSC VIC MODEL
Uttarakhand,Udam Singh Nagar,2023-01-13,2023,01,0.6430632576,NRSC VIC MODEL
Uttarakhand,Udam Singh Nagar,2023-01-14,2023,01,0,NRSC VIC MODEL
Uttarakhand,Udam Singh Nagar,2023-01-17,2023,01,0,NRSC VIC MODEL
Uttarakhand,Udam Singh Nagar,2023-01-28,2023,01,0,NRSC VIC MODEL
Uttarakhand,Udam Singh Nagar,2023-01-29,2023,01,0,NRSC VIC MODEL
Uttarakhand,Udam Singh Nagar,2023-02-03,2023,02,0.0945532632,NRSC VIC MODEL
Uttarakhand,Udam Singh Nagar,2023-02-07,2023,02,0.001476209,NRSC VIC MODEL
Uttarakhand,Udam Singh Nagar,2023-02-15,2023,02,0,NRSC VIC MODEL
Uttarakhand,Udam Singh Nagar,2023-03-07,2023,03,0,NRSC VIC MODEL
Uttarakhand,Udam Singh Nagar,2023-03-22,2023,03,11.9304915723,NRSC VIC MODEL
Uttarakhand,Udam Singh Nagar,2023-03-30,2023,03,0.021964837,NRSC VIC MODEL
Uttarakhand,Udam Singh Nagar,2023-04-02,2023,04,4.5388670347,NRSC VIC MODEL
Uttarakhand,Udam Singh Nagar,2023-04-09,2023,04,0,NRSC VIC MODEL
Uttarakhand,Udam Singh Nagar,2023-04-10,2023,04,2.2254e-06,NRSC VIC MODEL
Uttarakhand,Udam Singh Nagar,2023-04-12,2023,04,0,NRSC VIC MODEL
Uttarakhand,Udam Singh Nagar,2023-04-18,2023,04,0.0051811538,NRSC VIC MODEL
Uttarakhand,Udam Singh Nagar,2023-04-23,2023,04,0.0001597396,NRSC VIC MODEL
Uttarakhand,Udam Singh Nagar,2023-04-25,2023,04,1.2898956341,NRSC VIC MODEL
Uttarakhand,Udam Singh Nagar,2023-04-30,2023,04,2.7479929476,NRSC VIC MODEL
Uttarakhand,Udam Singh Nagar,2023-05-01,2023,05,19.7776548027,NRSC VIC MODEL
Uttarakhand,Udam Singh Nagar,2023-05-03,2023,05,10.4545198081,NRSC VIC MODEL
Uttarakhand,Udam Singh Nagar,2023-05-04,2023,05,11.7477232586,NRSC VIC MODEL
Uttarakhand,Udam Singh Nagar,2023-05-18,2023,05,1.4651421307,NRSC VIC MODEL
Uttarakhand,Udam Singh Nagar,2023-05-22,2023,05,0,NRSC VIC MODEL
Uttarakhand,Udam Singh Nagar,2023-05-25,2023,05,1.3122192151,NRSC VIC MODEL
Uttarakhand,Udam Singh Nagar,2023-05-29,2023,05,0.0008247833,NRSC VIC MODEL
Uttarakhand,Udam Singh Nagar,2023-06-10,2023,06,5.563e-07,NRSC VIC MODEL
Uttarakhand,Udam Singh Nagar,2023-06-19,2023,06,0.042380614,NRSC VIC MODEL
Uttarakhand,Udam Singh Nagar,2023-06-23,2023,06,9.6868940075,NRSC VIC MODEL
Uttarakhand,Udam Singh Nagar,2023-06-28,2023,06,11.8127488691,NRSC VIC MODEL
Uttarakhand,Udam Singh Nagar,2023-07-17,2023,07,1.6236789729,NRSC VIC MODEL
Uttarakhand,Udam Singh Nagar,2023-07-20,2023,07,0.0053327612,NRSC VIC MODEL
Uttarakhand,Udam Singh Nagar,2023-07-21,2023,07,0.0471480328,NRSC VIC MODEL
Uttarakhand,Dehradun,2023-11-10,2023,11,0.0010597515,NRSC VIC MODEL
Uttarakhand,Dehradun,2023-11-14,2023,11,0,NRSC VIC MODEL
Uttarakhand,Dehradun,2023-11-18,2023,11,0,NRSC VIC MODEL
Uttarakhand,Dehradun,2023-11-26,2023,11,0,NRSC VIC MODEL
Uttarakhand,Dehradun,2023-12-01,2023,12,0.336790924,NRSC VIC MODEL
Uttarakhand,Dehradun,2023-12-07,2023,12,0,NRSC VIC MODEL
Uttarakhand,Dehradun,2023-12-11,2023,12,0,NRSC VIC MODEL
Uttarakhand,Dehradun,2023-12-22,2023,12,0,NRSC VIC MODEL
Uttarakhand,Dehradun,2023-12-27,2023,12,0,NRSC VIC MODEL
Uttarakhand,Dehradun,2023-12-30,2023,12,0,NRSC VIC MODEL
Uttarakhand,Dehradun,2023-12-31,2023,12,0,NRSC VIC MODEL
Uttarakhand,Haridwar,2023-01-01,2023,01,0,NRSC VIC MODEL
Uttarakhand,Haridwar,2023-01-02,2023,01,0,NRSC VIC MODEL
Uttarakhand,Haridwar,2023-01-10,2023,01,0,NRSC VIC MODEL
Uttarakhand,Haridwar,2023-01-19,2023,01,0.1046499102,NRSC VIC MODEL
Uttarakhand,Haridwar,2023-01-24,2023,01,0.0075094855,NRSC VIC MODEL
Uttarakhand,Haridwar,2023-01-26,2023,01,4.4278848071,NRSC VIC MODEL
Uttarakhand,Haridwar,2023-01-29,2023,01,0.0436843878,NRSC VIC MODEL
Uttarakhand,Haridwar,2023-03-09,2023,03,0.2012992813,NRSC VIC MODEL
Uttarakhand,Haridwar,2023-03-12,2023,03,0.0009687849,NRSC VIC MODEL
Uttarakhand,Haridwar,2023-03-16,2023,03,0.0010544417,NRSC VIC MODEL
Uttarakhand,Haridwar,2023-03-17,2023,03,0.0189355551,NRSC VIC MODEL
Uttarakhand,Haridwar,2023-03-18,2023,03,20.8173998064,NRSC VIC MODEL
Uttarakhand,Haridwar,2023-03-23,2023,03,0,NRSC VIC MODEL
Uttarakhand,Haridwar,2023-03-26,2023,03,0.9236085884,NRSC VIC MODEL
Uttarakhand,Haridwar,2023-03-30,2023,03,0,NRSC VIC MODEL
Uttarakhand,Haridwar,2023-03-31,2023,03,7.1087045762,NRSC VIC MODEL
Uttarakhand,Haridwar,2023-04-05,2023,04,0.0159056398,NRSC VIC MODEL
Uttarakhand,Haridwar,2023-04-07,2023,04,0,NRSC VIC MODEL
Uttarakhand,Haridwar,2023-04-11,2023,04,0,NRSC VIC MODEL
Uttarakhand,Haridwar,2023-04-16,2023,04,0,NRSC VIC MODEL
Uttarakhand,Haridwar,2023-04-21,2023,04,0.3442960106,NRSC VIC MODEL
Uttarakhand,Haridwar,2023-04-22,2023,04,0.0140606027,NRSC VIC MODEL
Uttarakhand,Haridwar,2023-05-01,2023,05,9.517190454,NRSC VIC MODEL
Uttarakhand,Haridwar,2023-05-05,2023,05,0.0005386897,NRSC VIC MODEL
Uttarakhand,Haridwar,2023-05-08,2023,05,0.3465849054,NRSC VIC MODEL
Uttarakhand,Haridwar,2023-05-11,2023,05,0,NRSC VIC MODEL
Uttarakhand,Haridwar,2023-06-03,2023,06,0.0008230253,NRSC VIC MODEL
Uttarakhand,Haridwar,2023-06-07,2023,06,0.0127485177,NRSC VIC MODEL
Uttarakhand,Haridwar,2023-06-08,2023,06,0,NRSC VIC MODEL
Uttarakhand,Haridwar,2023-06-18,2023,06,2.3316608346,NRSC VIC MODEL
Uttarakhand,Haridwar,2023-06-19,2023,06,1.7306982431,NRSC VIC MODEL
Uttarakhand,Haridwar,2023-06-25,2023,06,48.7618726323,NRSC VIC MODEL
Uttarakhand,Haridwar,2023-07-06,2023,07,61.1258819377,NRSC VIC MODEL
Uttarakhand,Haridwar,2023-07-26,2023,07,23.9733434426,NRSC VIC MODEL
Uttarakhand,Haridwar,2023-08-07,2023,08,22.9528627991,NRSC VIC MODEL
Uttarakhand,Haridwar,2023-08-11,2023,08,19.0790225256,NRSC VIC MODEL
Uttarakhand,Haridwar,2023-08-13,2023,08,2.587827535,NRSC VIC MODEL
Uttarakhand,Haridwar,2023-08-23,2023,08,33.5502199105,NRSC VIC MODEL
Uttarakhand,Haridwar,2023-08-28,2023,08,0.2644803029,NRSC VIC MODEL
Uttarakhand,Haridwar,2023-09-03,2023,09,0,NRSC VIC MODEL
Uttarakhand,Haridwar,2023-09-08,2023,09,11.5633181003,NRSC VIC MODEL
Uttarakhand,Haridwar,2023-09-13,2023,09,1.8041432099,NRSC VIC MODEL
Uttarakhand,Haridwar,2023-09-21,2023,09,0.7023084541,NRSC VIC MODEL
Uttarakhand,Haridwar,2023-09-25,2023,09,0.0260214004,NRSC VIC MODEL
Uttarakhand,Haridwar,2023-10-11,2023,10,0,NRSC VIC MODEL
Uttarakhand,Haridwar,2023-10-17,2023,10,14.2675470898,NRSC VIC MODEL
Uttarakhand,Haridwar,2023-10-18,2023,10,0.0023514291,NRSC VIC MODEL
Uttarakhand,Haridwar,2023-10-21,2023,10,0,NRSC VIC MODEL
Uttarakhand,Haridwar,2023-10-25,2023,10,0,NRSC VIC MODEL
Uttarakhand,Haridwar,2023-10-29,2023,10,0,NRSC VIC MODEL
Uttarakhand,Haridwar,2023-10-31,2023,10,0,NRSC VIC MODEL
Uttarakhand,Haridwar,2023-11-01,2023,11,0,NRSC VIC MODEL
Uttarakhand,Haridwar,2023-11-03,2023,11,0,NRSC VIC MODEL
Uttarakhand,Haridwar,2023-11-13,2023,11,0,NRSC VIC MODEL
Uttarakhand,Haridwar,2023-11-14,2023,11,0,NRSC VIC MODEL
Uttarakhand,Haridwar,2023-11-16,2023,11,0,NRSC VIC MODEL
Uttarakhand,Haridwar,2023-11-17,2023,11,0,NRSC VIC MODEL
Uttarakhand,Haridwar,2023-11-19,2023,11,0,NRSC VIC MODEL
Uttarakhand,Haridwar,2023-11-20,2023,11,0,NRSC VIC MODEL
Uttarakhand,Haridwar,2023-12-02,2023,12,0,NRSC VIC MODEL
Uttarakhand,Haridwar,2023-12-04,2023,12,0.1364354937,NRSC VIC MODEL
Uttarakhand,Haridwar,2023-12-05,2023,12,0.1649537415,NRSC VIC MODEL
Uttarakhand,Haridwar,2023-12-06,2023,12,0,NRSC VIC MODEL
Uttarakhand,Haridwar,2023-12-14,2023,12,0,NRSC VIC MODEL
Uttarakhand,Haridwar,2023-12-15,2023,12,0,NRSC VIC MODEL
Uttarakhand,Haridwar,2023-12-16,2023,12,0,NRSC VIC MODEL
Uttarakhand,Nainital,2023-01-02,2023,01,0,NRSC VIC MODEL
Uttarakhand,Nainital,2023-01-03,2023,01,0,NRSC VIC MODEL
Uttarakhand,Nainital,2023-01-04,2023,01,0,NRSC VIC MODEL
Uttarakhand,Nainital,2023-01-06,2023,01,0,NRSC VIC MODEL
Uttarakhand,Nainital,2023-01-10,2023,01,0,NRSC VIC MODEL
Uttarakhand,Nainital,2023-01-21,2023,01,0,NRSC VIC MODEL
Uttarakhand,Nainital,2023-01-29,2023,01,0,NRSC VIC MODEL
Uttarakhand,Nainital,2023-01-31,2023,01,8.3917085521,NRSC VIC MODEL
Uttarakhand,Nainital,2023-02-01,2023,02,0,NRSC VIC MODEL
Uttarakhand,Nainital,2023-02-04,2023,02,0,NRSC VIC MODEL
Uttarakhand,Nainital,2023-02-06,2023,02,0,NRSC VIC MODEL
Uttarakhand,Nainital,2023-02-15,2023,02,0,NRSC VIC MODEL
Uttarakhand,Nainital,2023-02-24,2023,02,0.1012770822,NRSC VIC MODEL
Uttarakhand,Nainital,2023-03-02,2023,03,0.046490692,NRSC VIC MODEL
Uttarakhand,Nainital,2023-03-04,2023,03,0,NRSC VIC MODEL
Uttarakhand,Nainital,2023-03-05,2023,03,0,NRSC VIC MODEL
Uttarakhand,Nainital,2023-03-17,2023,03,0.570311171,NRSC VIC MODEL
Uttarakhand,Nainital,2023-03-22,2023,03,10.4691498942,NRSC VIC MODEL
Uttarakhand,Nainital,2023-03-23,2023,03,0.0009426504,NRSC VIC MODEL
Uttarakhand,Nainital,2023-04-05,2023,04,0.2656530294,NRSC VIC MODEL
Uttarakhand,Nainital,2023-04-08,2023,04,0,NRSC VIC MODEL
Uttarakhand,Nainital,2023-04-09,2023,04,5.77016e-05,NRSC VIC MODEL
Uttarakhand,Nainital,2023-04-16,2023,04,0.00268169,NRSC VIC MODEL
Uttarakhand,Nainital,2023-04-18,2023,04,0,NRSC VIC MODEL
Uttarakhand,Nainital,2023-04-19,2023,04,0.0234079028,NRSC VIC MODEL
Uttarakhand,Nainital,2023-04-20,2023,04,2.1044035488,NRSC VIC MODEL
Uttarakhand,Nainital,2023-04-21,2023,04,1.0589709856,NRSC VIC MODEL
Uttarakhand,Nainital,2023-04-22,2023,04,0.9854218561,NRSC VIC MODEL
Uttarakhand,Nainital,2023-04-26,2023,04,0.19980404,NRSC VIC MODEL
Uttarakhand,Nainital,2023-04-27,2023,04,0.0002369525,NRSC VIC MODEL
Uttarakhand,Nainital,2023-04-28,2023,04,3.763080063,NRSC VIC MODEL
Uttarakhand,Nainital,2023-05-11,2023,05,0,NRSC VIC MODEL
Uttarakhand,Nainital,2023-05-15,2023,05,0.0026438166,NRSC VIC MODEL
Uttarakhand,Nainital,2023-05-18,2023,05,3.398165049,NRSC VIC MODEL
Uttarakhand,Nainital,2023-05-19,2023,05,0.0122127254,NRSC VIC MODEL
Uttarakhand,Nainital,2023-05-22,2023,05,0,NRSC VIC MODEL
Uttarakhand,Nainital,2023-05-27,2023,05,0.9925833808,NRSC VIC MODEL
Uttarakhand,Nainital,2023-05-29,2023,05,0,NRSC VIC MODEL
Uttarakhand,Nainital,2023-06-06,2023,06,2.382982149,NRSC VIC MODEL
Uttarakhand,Nainital,2023-06-09,2023,06,0.0622788538,NRSC VIC MODEL
Uttarakhand,Nainital,2023-06-11,2023,06,0.0018232657,NRSC VIC MODEL
Uttarakhand,Nainital,2023-06-12,2023,06,0.0649478105,NRSC VIC MODEL
Uttarakhand,Nainital,2023-06-17,2023,06,0.0031115391,NRSC VIC MODEL
Uttarakhand,Nainital,2023-07-08,2023,07,36.7904655926,NRSC VIC MODEL
Uttarakhand,Nainital,2023-07-12,2023,07,24.5973413264,NRSC VIC MODEL
Uttarakhand,Nainital,2023-07-13,2023,07,18.2294705727,NRSC VIC MODEL
Uttarakhand,Nainital,2023-07-17,2023,07,1.5996768698,NRSC VIC MODEL
Uttarakhand,Nainital,2023-07-18,2023,07,5.2871169578,NRSC VIC MODEL
Uttarakhand,Nainital,2023-07-21,2023,07,0.1567750331,NRSC VIC MODEL
Uttarakhand,Nainital,2023-07-23,2023,07,2.4306816364,NRSC VIC MODEL
Uttarakhand,Nainital,2023-07-31,2023,07,1.0088690365,NRSC VIC MODEL
Uttarakhand,Nainital,2023-08-04,2023,08,24.5136844495,NRSC VIC MODEL
Uttarakhand,Nainital,2023-08-07,2023,08,28.1851980765,NRSC VIC MODEL
Uttarakhand,Nainital,2023-08-08,2023,08,37.6045210972,NRSC VIC MODEL
Uttarakhand,Nainital,2023-08-10,2023,08,26.2388716191,NRSC VIC MODEL
Uttarakhand,Nainital,2023-08-14,2023,08,34.8278164634,NRSC VIC MODEL
Uttarakhand,Nainital,2023-08-31,2023,08,0.8668284572,NRSC VIC MODEL
Uttarakhand,Nainital,2023-09-10,2023,09,31.5930689303,NRSC VIC MODEL
Uttarakhand,Nainital,2023-09-12,2023,09,0.0731786452,NRSC VIC MODEL
Uttarakhand,Nainital,2023-09-22,2023,09,1.3735724261,NRSC VIC MODEL
Uttarakhand,Nainital,2023-09-25,2023,09,0.6373243966,NRSC VIC MODEL
Uttarakhand,Nainital,2023-10-08,2023,10,0.0002978582,NRSC VIC MODEL
Uttarakhand,Nainital,2023-10-17,2023,10,20.1985655713,NRSC VIC MODEL
Uttarakhand,Nainital,2023-10-25,2023,10,0,NRSC VIC MODEL
Uttarakhand,Nainital,2023-10-26,2023,10,0.2842164386,NRSC VIC MODEL
Uttarakhand,Nainital,2023-11-02,2023,11,0,NRSC VIC MODEL
Uttarakhand,Nainital,2023-11-04,2023,11,7.10533e-05,NRSC VIC MODEL
Uttarakhand,Nainital,2023-11-05,2023,11,0,NRSC VIC MODEL
Uttarakhand,Nainital,2023-11-21,2023,11,0,NRSC VIC MODEL
Uttarakhand,Nainital,2023-12-03,2023,12,0,NRSC VIC MODEL
Uttarakhand,Nainital,2023-12-04,2023,12,3.7725416902,NRSC VIC MODEL
Uttarakhand,Nainital,2023-12-07,2023,12,0,NRSC VIC MODEL
Uttarakhand,Nainital,2023-12-11,2023,12,0,NRSC VIC MODEL
Uttarakhand,Nainital,2023-12-15,2023,12,0,NRSC VIC MODEL
Uttarakhand,Nainital,2023-12-16,2023,12,0,NRSC VIC MODEL
Uttarakhand,Nainital,2023-12-21,2023,12,0,NRSC VIC MODEL
Uttarakhand,Nainital,2023-12-24,2023,12,0,NRSC VIC MODEL
Uttarakhand,Nainital,2023-12-27,2023,12,0,NRSC VIC MODEL
Uttarakhand,Nainital,2023-12-30,2023,12,0,NRSC VIC MODEL
Uttarakhand,Pauri Garhwal,2023-01-23,2023,01,0.0015915864,NRSC VIC MODEL
Uttarakhand,Pauri Garhwal,2023-01-25,2023,01,2.894855938,NRSC VIC MODEL
Uttarakhand,Pauri Garhwal,2023-01-30,2023,01,2.535260381,NRSC VIC MODEL
Uttarakhand,Pauri Garhwal,2023-02-04,2023,02,0,NRSC VIC MODEL
Uttarakhand,Pauri Garhwal,2023-02-05,2023,02,0,NRSC VIC MODEL
Uttarakhand,Pauri Garhwal,2023-02-08,2023,02,0,NRSC VIC MODEL
Uttarakhand,Pauri Garhwal,2023-02-11,2023,02,0.1242643854,NRSC VIC MODEL
Uttarakhand,Pauri Garhwal,2023-02-15,2023,02,0,NRSC VIC MODEL
Uttarakhand,Pauri Garhwal,2023-02-16,2023,02,0,NRSC VIC MODEL
Uttarakhand,Pauri Garhwal,2023-02-20,2023,02,0,NRSC VIC MODEL
Uttarakhand,Pauri Garhwal,2023-02-23,2023,02,0,NRSC VIC MODEL
Uttarakhand,Pauri Garhwal,2023-02-27,2023,02,0.2939874507,NRSC VIC MODEL
Uttarakhand,Pauri Garhwal,2023-02-28,2023,02,0.0343042769,NRSC VIC MODEL
Uttarakhand,Pauri Garhwal,2023-03-01,2023,03,0.0140293945,NRSC VIC MODEL
Uttarakhand,Pauri Garhwal,2023-03-02,2023,03,0.0417722154,NRSC VIC MODEL
Uttarakhand,Pauri Garhwal,2023-03-03,2023,03,0,NRSC VIC MODEL
Uttarakhand,Pauri Garhwal,2023-03-04,2023,03,0,NRSC VIC MODEL
Uttarakhand,Pauri Garhwal,2023-03-08,2023,03,0,NRSC VIC MODEL
Uttarakhand,Pauri Garhwal,2023-03-22,2023,03,4.600609941,NRSC VIC MODEL
Uttarakhand,Pauri Garhwal,2023-03-24,2023,03,0,NRSC VIC MODEL
Uttarakhand,Pauri Garhwal,2023-03-27,2023,03,0.0640991476,NRSC VIC MODEL
Uttarakhand,Pauri Garhwal,2023-03-31,2023,03,2.5305753191,NRSC VIC MODEL
Uttarakhand,Pauri Garhwal,2023-04-04,2023,04,0.1312182856,NRSC VIC MODEL
Uttarakhand,Pauri Garhwal,2023-04-06,2023,04,2.0898e-05,NRSC VIC MODEL
Uttarakhand,Pauri Garhwal,2023-04-24,2023,04,0.0252375417,NRSC VIC MODEL
Uttarakhand,Pauri Garhwal,2023-04-25,2023,04,0.0929632957,NRSC VIC MODEL
Uttarakhand,Pauri Garhwal,2023-04-30,2023,04,0.6882685827,NRSC VIC MODEL
Uttarakhand,Pauri Garhwal,2023-05-04,2023,05,12.002754478,NRSC VIC MODEL
Uttarakhand,Pauri Garhwal,2023-05-06,2023,05,0.0382345206,NRSC VIC MODEL
Uttarakhand,Pauri Garhwal,2023-05-08,2023,05,0.0684379785,NRSC VIC MODEL
Uttarakhand,Pauri Garhwal,2023-05-09,2023,05,0.0174667957,NRSC VIC MODEL
Uttarakhand,Pauri Garhwal,2023-05-12,2023,05,0.0048033884,NRSC VIC MODEL
Uttarakhand,Pauri Garhwal,2023-05-17,2023,05,0.0235961978,NRSC VIC MODEL
Uttarakhand,Pauri Garhwal,2023-05-19,2023,05,0.0344629345,NRSC VIC MODEL
Uttarakhand,Pauri Garhwal,2023-05-24,2023,05,5.8357163332,NRSC VIC MODEL
Uttarakhand,Pauri Garhwal,2023-05-27,2023,05,1.0980749064,NRSC VIC MODEL
Uttarakhand,Pauri Garhwal,2023-05-28,2023,05,0.3576402651,NRSC VIC MODEL
Uttarakhand,Pauri Garhwal,2023-06-08,2023,06,0.0117032565,NRSC VIC MODEL
Uttarakhand,Pauri Garhwal,2023-06-16,2023,06,0.0020007132,NRSC VIC MODEL
Uttarakhand,Pauri Garhwal,2023-06-24,2023,06,2.6901996572,NRSC VIC MODEL
Uttarakhand,Pauri Garhwal,2023-06-29,2023,06,1.4145243682,NRSC VIC MODEL
Uttarakhand,Pauri Garhwal,2023-07-05,2023,07,3.515955866,NRSC VIC MODEL
Uttarakhand,Pauri Garhwal,2023-07-06,2023,07,26.154570428,NRSC VIC MODEL
Uttarakhand,Pauri Garhwal,2023-07-11,2023,07,35.3873456431,NRSC VIC MODEL
Uttarakhand,Pauri Garhwal,2023-07-12,2023,07,39.2381346782,NRSC VIC MODEL
Uttarakhand,Pauri Garhwal,2023-07-13,2023,07,27.7570535636,NRSC VIC MODEL
Uttarakhand,Pauri Garhwal,2023-07-14,2023,07,31.6898367108,NRSC VIC MODEL
Uttarakhand,Pauri Garhwal,2023-07-16,2023,07,7.9923972194,NRSC VIC MODEL
Uttarakhand,Pauri Garhwal,2023-07-17,2023,07,0.7670051159,NRSC VIC MODEL
Uttarakhand,Pauri Garhwal,2023-07-18,2023,07,16.4742459397,NRSC VIC MODEL
Uttarakhand,Pauri Garhwal,2023-07-20,2023,07,2.3846434028,NRSC VIC MODEL
Uttarakhand,Pauri Garhwal,2023-07-28,2023,07,7.2990430267,NRSC VIC MODEL
Uttarakhand,Pauri Garhwal,2023-07-31,2023,07,9.0648130832,NRSC VIC MODEL
Uttarakhand,Pauri Garhwal,2023-08-07,2023,08,11.9673195179,NRSC VIC MODEL
Uttarakhand,Pauri Garhwal,2023-08-09,2023,08,49.439740955,NRSC VIC MODEL
Uttarakhand,Pauri Garhwal,2023-08-16,2023,08,0.0605702447,NRSC VIC MODEL
Uttarakhand,Pauri Garhwal,2023-08-17,2023,08,1.8214735773,NRSC VIC MODEL
Uttarakhand,Pauri Garhwal,2023-08-21,2023,08,0.6815442934,NRSC VIC MODEL
Uttarakhand,Pauri Garhwal,2023-09-12,2023,09,1.577652979,NRSC VIC MODEL
Uttarakhand,Pauri Garhwal,2023-09-16,2023,09,2.8990356353,NRSC VIC MODEL
Uttarakhand,Pauri Garhwal,2023-09-17,2023,09,4.5941579009,NRSC VIC MODEL
Uttarakhand,Pauri Garhwal,2023-09-21,2023,09,1.2634950416,NRSC VIC MODEL
Uttarakhand,Pauri Garhwal,2023-09-29,2023,09,0,NRSC VIC MODEL
Uttarakhand,Pauri Garhwal,2023-10-01,2023,10,0.1314130813,NRSC VIC MODEL
Uttarakhand,Pauri Garhwal,2023-10-11,2023,10,0.0105797321,NRSC VIC MODEL
Uttarakhand,Pauri Garhwal,2023-10-14,2023,10,0,NRSC VIC MODEL
Uttarakhand,Pauri Garhwal,2023-10-15,2023,10,0,NRSC VIC MODEL
Uttarakhand,Pauri Garhwal,2023-10-25,2023,10,0,NRSC VIC MODEL
Uttarakhand,Pauri Garhwal,2023-10-28,2023,10,0,NRSC VIC MODEL
Uttarakhand,Pauri Garhwal,2023-10-30,2023,10,0,NRSC VIC MODEL
Uttarakhand,Pauri Garhwal,2023-10-31,2023,10,0,NRSC VIC MODEL
Uttarakhand,Pauri Garhwal,2023-11-01,2023,11,0.0026968803,NRSC VIC MODEL
Uttarakhand,Pauri Garhwal,2023-11-03,2023,11,0,NRSC VIC MODEL
Uttarakhand,Pauri Garhwal,2023-11-12,2023,11,2.0898e-05,NRSC VIC MODEL
Uttarakhand,Pauri Garhwal,2023-11-17,2023,11,0,NRSC VIC MODEL
Uttarakhand,Pauri Garhwal,2023-11-22,2023,11,0,NRSC VIC MODEL
Uttarakhand,Pauri Garhwal,2023-11-24,2023,11,0,NRSC VIC MODEL
Uttarakhand,Pauri Garhwal,2023-12-05,2023,12,1.4071199017,NRSC VIC MODEL
Uttarakhand,Pauri Garhwal,2023-12-12,2023,12,0.0265783525,NRSC VIC MODEL
Uttarakhand,Pauri Garhwal,2023-12-18,2023,12,0,NRSC VIC MODEL
Uttarakhand,Pauri Garhwal,2023-12-21,2023,12,0,NRSC VIC MODEL
Uttarakhand,Pauri Garhwal,2023-12-28,2023,12,0,NRSC VIC MODEL
Uttarakhand,Pauri Garhwal,2023-12-31,2023,12,0,NRSC VIC MODEL
Uttarakhand,Pithoragarh,2023-01-10,2023,01,0,NRSC VIC MODEL
Uttarakhand,Pithoragarh,2023-01-14,2023,01,0.6630905721,NRSC VIC MODEL
Uttarakhand,Pithoragarh,2023-01-19,2023,01,0.0009509184,NRSC VIC MODEL
Uttarakhand,Pithoragarh,2023-01-28,2023,01,1.1533222754,NRSC VIC MODEL
Uttarakhand,Pithoragarh,2023-02-09,2023,02,0.8451147599,NRSC VIC MODEL
Uttarakhand,Pithoragarh,2023-02-12,2023,02,19.0056268116,NRSC VIC MODEL
Uttarakhand,Pithoragarh,2023-02-17,2023,02,0,NRSC VIC MODEL
Uttarakhand,Pithoragarh,2023-02-18,2023,02,0.0418657919,NRSC VIC MODEL
Uttarakhand,Pithoragarh,2023-02-23,2023,02,0.0690066337,NRSC VIC MODEL
Uttarakhand,Pithoragarh,2023-02-24,2023,02,0.7667869116,NRSC VIC MODEL
Uttarakhand,Pithoragarh,2023-03-03,2023,03,0.0033867821,NRSC VIC MODEL
Uttarakhand,Pithoragarh,2023-03-08,2023,03,0.0519982027,NRSC VIC MODEL
Uttarakhand,Pithoragarh,2023-03-09,2023,03,0.9292157061,NRSC VIC MODEL
Uttarakhand,Pithoragarh,2023-03-17,2023,03,1.77161044,NRSC VIC MODEL
Uttarakhand,Pithoragarh,2023-03-23,2023,03,0.6453801384,NRSC VIC MODEL
Uttarakhand,Pithoragarh,2023-03-26,2023,03,0.7069475839,NRSC VIC MODEL
Uttarakhand,Pithoragarh,2023-03-29,2023,03,0.2134956656,NRSC VIC MODEL
Uttarakhand,Pithoragarh,2023-04-06,2023,04,0.0002870154,NRSC VIC MODEL
Uttarakhand,Pithoragarh,2023-04-09,2023,04,0.1830269541,NRSC VIC MODEL
Uttarakhand,Pithoragarh,2023-04-13,2023,04,0.7015266481,NRSC VIC MODEL
Uttarakhand,Pithoragarh,2023-04-15,2023,04,0.0009493055,NRSC VIC MODEL
Uttarakhand,Pithoragarh,2023-04-16,2023,04,0.1810947635,NRSC VIC MODEL
Uttarakhand,Pithoragarh,2023-04-17,2023,04,0.0097101894,NRSC VIC MODEL
Uttarakhand,Pithoragarh,2023-04-20,2023,04,9.4701418359,NRSC VIC MODEL
Uttarakhand,Pithoragarh,2023-05-03,2023,05,5.6478842864,NRSC VIC MODEL
Uttarakhand,Pithoragarh,2023-05-06,2023,05,0.130525061,NRSC VIC MODEL
Uttarakhand,Pithoragarh,2023-05-19,2023,05,0.3348726284,NRSC VIC MODEL
Uttarakhand,Pithoragarh,2023-05-23,2023,05,0.3093391346,NRSC VIC MODEL
Uttarakhand,Pithoragarh,2023-05-25,2023,05,5.4266260442,NRSC VIC MODEL
Uttarakhand,Pithoragarh,2023-05-27,2023,05,3.1207634612,NRSC VIC MODEL
Uttarakhand,Pithoragarh,2023-05-31,2023,05,0.415042097,NRSC VIC MODEL
Uttarakhand,Pithoragarh,2023-06-14,2023,06,3.8890912666,NRSC VIC MODEL
Uttarakhand,Pithoragarh,2023-06-23,2023,06,11.9283909058,NRSC VIC MODEL
Uttarakhand,Pithoragarh,2023-06-24,2023,06,6.2042595977,NRSC VIC MODEL
Uttarakhand,Pithoragarh,2023-06-27,2023,06,0.5736589546,NRSC VIC MODEL
Uttarakhand,Pithoragarh,2023-07-02,2023,07,6.3532335731,NRSC VIC MODEL
Uttarakhand,Pithoragarh,2023-07-06,2023,07,7.3997252403,NRSC VIC MODEL
Uttarakhand,Pithoragarh,2023-07-07,2023,07,3.1687202093,NRSC VIC MODEL
Uttarakhand,Pithoragarh,2023-07-23,2023,07,6.2398179456,NRSC VIC MODEL
Uttarakhand,Pithoragarh,2023-07-24,2023,07,1.3678819244,NRSC VIC MODEL
Uttarakhand,Pithoragarh,2023-07-28,2023,07,3.6628884642,NRSC VIC MODEL
Uttarakhand,Pithoragarh,2023-08-02,2023,08,17.5527627523,NRSC VIC MODEL
Uttarakhand,Pithoragarh,2023-08-08,2023,08,8.4617125324,NRSC VIC MODEL
Uttarakhand,Pithoragarh,2023-08-14,2023,08,24.0183676899,NRSC VIC MODEL
Uttarakhand,Pithoragarh,2023-08-19,2023,08,3.2596112129,NRSC VIC MODEL
Uttarakhand,Pithoragarh,2023-08-20,2023,08,4.0332591943,NRSC VIC MODEL
Uttarakhand,Pithoragarh,2023-08-21,2023,08,3.8932102523,NRSC VIC MODEL
Uttarakhand,Pithoragarh,2023-08-23,2023,08,16.5032518654,NRSC VIC MODEL
Uttarakhand,Pithoragarh,2023-08-26,2023,08,3.5729908018,NRSC VIC MODEL
Uttarakhand,Pithoragarh,2023-09-01,2023,09,0.593078455,NRSC VIC MODEL
Uttarakhand,Pithoragarh,2023-09-13,2023,09,1.8553495573,NRSC VIC MODEL
Uttarakhand,Pithoragarh,2023-09-22,2023,09,4.325041678,NRSC VIC MODEL
Uttarakhand,Pithoragarh,2023-09-25,2023,09,0.5622632745,NRSC VIC MODEL
Uttarakhand,Pithoragarh,2023-09-28,2023,09,0.2878290177,NRSC VIC MODEL
Uttarakhand,Pithoragarh,2023-10-08,2023,10,2.7417259853,NRSC VIC MODEL
Uttarakhand,Pithoragarh,2023-10-16,2023,10,1.4493838013,NRSC VIC MODEL
Uttarakhand,Pithoragarh,2023-10-27,2023,10,0.056097151,NRSC VIC MODEL
Uttarakhand,Pithoragarh,2023-10-31,2023,10,0.011308408,NRSC VIC MODEL
Uttarakhand,Pithoragarh,2023-11-17,2023,11,0,NRSC VIC MODEL
Uttarakhand,Pithoragarh,2023-11-26,2023,11,0.0027553482,NRSC VIC MODEL
Uttarakhand,Pithoragarh,2023-12-01,2023,12,1.1574989818,NRSC VIC MODEL
Uttarakhand,Pithoragarh,2023-12-08,2023,12,0.0585246825,NRSC VIC MODEL
Uttarakhand,Pithoragarh,2023-12-13,2023,12,1.1592143206,NRSC VIC MODEL
Uttarakhand,Pithoragarh,2023-12-14,2023,12,0.4068697575,NRSC VIC MODEL
Uttarakhand,Pithoragarh,2023-12-20,2023,12,0,NRSC VIC MODEL
Uttarakhand,Pithoragarh,2023-12-23,2023,12,0,NRSC VIC MODEL
Uttarakhand,Pithoragarh,2023-12-25,2023,12,0.1358598449,NRSC VIC MODEL
Uttarakhand,Pithoragarh,2023-12-30,2023,12,0,NRSC VIC MODEL
Uttarakhand,Rudra Prayag,2023-01-07,2023,01,0,NRSC VIC MODEL
Uttarakhand,Rudra Prayag,2023-01-08,2023,01,0,NRSC VIC MODEL
Uttarakhand,Rudra Prayag,2023-01-26,2023,01,2.3100655363,NRSC VIC MODEL
Uttarakhand,Rudra Prayag,2023-01-31,2023,01,10.2973846596,NRSC VIC MODEL
Uttarakhand,Rudra Prayag,2023-02-02,2023,02,0,NRSC VIC MODEL
Uttarakhand,Rudra Prayag,2023-02-05,2023,02,0,NRSC VIC MODEL
Uttarakhand,Rudra Prayag,2023-02-08,2023,02,0,NRSC VIC MODEL
Uttarakhand,Rudra Prayag,2023-02-09,2023,02,1.107345879,NRSC VIC MODEL
Uttarakhand,Rudra Prayag,2023-02-11,2023,02,11.6442038872,NRSC VIC MODEL
Uttarakhand,Rudra Prayag,2023-02-24,2023,02,0.0141444156,NRSC VIC MODEL
Uttarakhand,Rudra Prayag,2023-02-27,2023,02,1.6782557514,NRSC VIC MODEL
Uttarakhand,Rudra Prayag,2023-03-07,2023,03,0.3792503804,NRSC VIC MODEL
Uttarakhand,Rudra Prayag,2023-03-08,2023,03,0,NRSC VIC MODEL
Uttarakhand,Rudra Prayag,2023-03-16,2023,03,1.1742776239,NRSC VIC MODEL
Uttarakhand,Rudra Prayag,2023-03-18,2023,03,4.7699087947,NRSC VIC MODEL
Uttarakhand,Rudra Prayag,2023-03-19,2023,03,4.1766263079,NRSC VIC MODEL
Uttarakhand,Rudra Prayag,2023-03-29,2023,03,0.9491731831,NRSC VIC MODEL
Uttarakhand,Rudra Prayag,2023-04-02,2023,04,0.5103431496,NRSC VIC MODEL
Uttarakhand,Rudra Prayag,2023-04-29,2023,04,1.5823605559,NRSC VIC MODEL
Uttarakhand,Rudra Prayag,2023-05-01,2023,05,3.9983860294,NRSC VIC MODEL
Uttarakhand,Rudra Prayag,2023-05-05,2023,05,4.4977844695,NRSC VIC MODEL
Uttarakhand,Udam Singh Nagar,2023-08-11,2023,08,16.4828089503,NRSC VIC MODEL
Uttarakhand,Udam Singh Nagar,2023-08-12,2023,08,4.5863224909,NRSC VIC MODEL
Uttarakhand,Udam Singh Nagar,2023-08-20,2023,08,0.0033596431,NRSC VIC MODEL
Uttarakhand,Udam Singh Nagar,2023-08-21,2023,08,1.333672093,NRSC VIC MODEL
Uttarakhand,Udam Singh Nagar,2023-09-04,2023,09,1.669e-06,NRSC VIC MODEL
Uttarakhand,Udam Singh Nagar,2023-09-10,2023,09,26.3762901426,NRSC VIC MODEL
Uttarakhand,Udam Singh Nagar,2023-09-13,2023,09,0.0013135318,NRSC VIC MODEL
Uttarakhand,Udam Singh Nagar,2023-09-19,2023,09,0.0035706882,NRSC VIC MODEL
Uttarakhand,Udam Singh Nagar,2023-09-21,2023,09,4.8508089976,NRSC VIC MODEL
Uttarakhand,Udam Singh Nagar,2023-09-30,2023,09,0,NRSC VIC MODEL
Uttarakhand,Udam Singh Nagar,2023-10-07,2023,10,0,NRSC VIC MODEL
Uttarakhand,Udam Singh Nagar,2023-10-09,2023,10,0,NRSC VIC MODEL
Uttarakhand,Udam Singh Nagar,2023-10-21,2023,10,0,NRSC VIC MODEL
Uttarakhand,Udam Singh Nagar,2023-11-08,2023,11,0,NRSC VIC MODEL
Uttarakhand,Udam Singh Nagar,2023-11-09,2023,11,0,NRSC VIC MODEL
Uttarakhand,Udam Singh Nagar,2023-11-11,2023,11,0.3882639981,NRSC VIC MODEL
Uttarakhand,Udam Singh Nagar,2023-11-17,2023,11,0,NRSC VIC MODEL
Uttarakhand,Udam Singh Nagar,2023-11-27,2023,11,0,NRSC VIC MODEL
Uttarakhand,Udam Singh Nagar,2023-12-02,2023,12,0,NRSC VIC MODEL
Uttarakhand,Udam Singh Nagar,2023-12-08,2023,12,0,NRSC VIC MODEL
Uttarakhand,Udam Singh Nagar,2023-12-10,2023,12,0,NRSC VIC MODEL
Uttarakhand,Udam Singh Nagar,2023-12-11,2023,12,0,NRSC VIC MODEL
Uttarakhand,Udam Singh Nagar,2023-12-12,2023,12,0,NRSC VIC MODEL
Uttarakhand,Udam Singh Nagar,2023-12-15,2023,12,0,NRSC VIC MODEL
Uttarakhand,Udam Singh Nagar,2023-12-22,2023,12,0,NRSC VIC MODEL
Uttarakhand,Udam Singh Nagar,2023-12-25,2023,12,5.6579e-05,NRSC VIC MODEL
Uttarakhand,Udam Singh Nagar,2023-12-26,2023,12,0,NRSC VIC MODEL
Uttarakhand,Uttar Kashi,2023-01-04,2023,01,0,NRSC VIC MODEL
Uttarakhand,Uttar Kashi,2023-01-26,2023,01,1.3729472725,NRSC VIC MODEL
Uttarakhand,Uttar Kashi,2023-01-29,2023,01,0.2537324201,NRSC VIC MODEL
Uttarakhand,Uttar Kashi,2023-01-30,2023,01,10.6282882596,NRSC VIC MODEL
Uttarakhand,Uttar Kashi,2023-02-01,2023,02,0.1366378985,NRSC VIC MODEL
Uttarakhand,Uttar Kashi,2023-02-06,2023,02,4.74344e-05,NRSC VIC MODEL
Uttarakhand,Uttar Kashi,2023-02-17,2023,02,0.3283918989,NRSC VIC MODEL
Uttarakhand,Uttar Kashi,2023-02-21,2023,02,1.18586e-05,NRSC VIC MODEL
Uttarakhand,Uttar Kashi,2023-02-24,2023,02,0,NRSC VIC MODEL
Uttarakhand,Uttar Kashi,2023-03-02,2023,03,0.1077124965,NRSC VIC MODEL
Uttarakhand,Uttar Kashi,2023-03-22,2023,03,5.582310858,NRSC VIC MODEL
Uttarakhand,Uttar Kashi,2023-03-26,2023,03,9.0750723861,NRSC VIC MODEL
Uttarakhand,Uttar Kashi,2023-03-29,2023,03,0.5526347817,NRSC VIC MODEL
Uttarakhand,Uttar Kashi,2023-04-02,2023,04,3.8034563021,NRSC VIC MODEL
Uttarakhand,Uttar Kashi,2023-04-03,2023,04,0.2423764778,NRSC VIC MODEL
Uttarakhand,Uttar Kashi,2023-04-11,2023,04,0.3178916793,NRSC VIC MODEL
Uttarakhand,Uttar Kashi,2023-04-13,2023,04,0.0256737305,NRSC VIC MODEL
Uttarakhand,Uttar Kashi,2023-04-17,2023,04,0.0207021741,NRSC VIC MODEL
Uttarakhand,Uttar Kashi,2023-04-22,2023,04,0.2795673615,NRSC VIC MODEL
Uttarakhand,Uttar Kashi,2023-04-26,2023,04,1.6654631711,NRSC VIC MODEL
Uttarakhand,Uttar Kashi,2023-05-07,2023,05,0.2423006249,NRSC VIC MODEL
Uttarakhand,Uttar Kashi,2023-05-08,2023,05,0.4688242329,NRSC VIC MODEL
Uttarakhand,Uttar Kashi,2023-05-11,2023,05,0.0135764175,NRSC VIC MODEL
Uttarakhand,Uttar Kashi,2023-05-12,2023,05,0.1108103427,NRSC VIC MODEL
Uttarakhand,Uttar Kashi,2023-05-20,2023,05,1.0111426816,NRSC VIC MODEL
Uttarakhand,Uttar Kashi,2023-05-21,2023,05,0.701710719,NRSC VIC MODEL
Uttarakhand,Uttar Kashi,2023-06-04,2023,06,0.4345359747,NRSC VIC MODEL
Uttarakhand,Uttar Kashi,2023-06-05,2023,06,1.7026911169,NRSC VIC MODEL
Uttarakhand,Uttar Kashi,2023-06-19,2023,06,1.389815036,NRSC VIC MODEL
Uttarakhand,Uttar Kashi,2023-06-30,2023,06,1.1953147173,NRSC VIC MODEL
Uttarakhand,Uttar Kashi,2023-07-12,2023,07,19.1406473389,NRSC VIC MODEL
Uttarakhand,Uttar Kashi,2023-07-29,2023,07,7.351792367,NRSC VIC MODEL
Uttarakhand,Uttar Kashi,2023-08-04,2023,08,2.6692698113,NRSC VIC MODEL
Uttarakhand,Uttar Kashi,2023-08-07,2023,08,0.3010584719,NRSC VIC MODEL
Uttarakhand,Uttar Kashi,2023-08-08,2023,08,0.9728694283,NRSC VIC MODEL
Uttarakhand,Uttar Kashi,2023-08-09,2023,08,2.172160237,NRSC VIC MODEL
Uttarakhand,Uttar Kashi,2023-08-11,2023,08,3.5928013413,NRSC VIC MODEL
Uttarakhand,Uttar Kashi,2023-08-17,2023,08,0.9956344423,NRSC VIC MODEL
Uttarakhand,Uttar Kashi,2023-08-18,2023,08,18.414766904,NRSC VIC MODEL
Uttarakhand,Uttar Kashi,2023-08-25,2023,08,0.3949001479,NRSC VIC MODEL
Uttarakhand,Uttar Kashi,2023-08-29,2023,08,1.0475676551,NRSC VIC MODEL
Uttarakhand,Uttar Kashi,2023-08-31,2023,08,0.271537053,NRSC VIC MODEL
Uttarakhand,Uttar Kashi,2023-09-11,2023,09,1.1247054461,NRSC VIC MODEL
Uttarakhand,Uttar Kashi,2023-09-13,2023,09,1.2747449542,NRSC VIC MODEL
Uttarakhand,Uttar Kashi,2023-09-14,2023,09,0.0167765984,NRSC VIC MODEL
Uttarakhand,Uttar Kashi,2023-09-25,2023,09,0.0680853441,NRSC VIC MODEL
Uttarakhand,Uttar Kashi,2023-09-28,2023,09,0.6546695292,NRSC VIC MODEL
Uttarakhand,Uttar Kashi,2023-09-29,2023,09,0.3932096832,NRSC VIC MODEL
Uttarakhand,Uttar Kashi,2023-10-16,2023,10,1.3056101082,NRSC VIC MODEL
Uttarakhand,Uttar Kashi,2023-10-23,2023,10,0,NRSC VIC MODEL
Uttarakhand,Uttar Kashi,2023-10-24,2023,10,0.3752238612,NRSC VIC MODEL
Uttarakhand,Uttar Kashi,2023-10-25,2023,10,0,NRSC VIC MODEL
Uttarakhand,Uttar Kashi,2023-11-01,2023,11,0.0775462243,NRSC VIC MODEL
Uttarakhand,Uttar Kashi,2023-11-07,2023,11,5.35381e-05,NRSC VIC MODEL
Uttarakhand,Uttar Kashi,2023-11-09,2023,11,0,NRSC VIC MODEL
Uttarakhand,Uttar Kashi,2023-11-17,2023,11,0,NRSC VIC MODEL
Uttarakhand,Uttar Kashi,2023-11-26,2023,11,0.0008902404,NRSC VIC MODEL
Uttarakhand,Uttar Kashi,2023-11-28,2023,11,4.0841883881,NRSC VIC MODEL
Uttarakhand,Uttar Kashi,2023-11-29,2023,11,0,NRSC VIC MODEL
Uttarakhand,Uttar Kashi,2023-11-30,2023,11,0.0315485728,NRSC VIC MODEL
Uttarakhand,Uttar Kashi,2023-12-02,2023,12,0,NRSC VIC MODEL
Uttarakhand,Uttar Kashi,2023-12-03,2023,12,0,NRSC VIC MODEL
Uttarakhand,Uttar Kashi,2023-12-06,2023,12,0,NRSC VIC MODEL
Uttarakhand,Uttar Kashi,2023-12-11,2023,12,0,NRSC VIC MODEL
Uttarakhand,Uttar Kashi,2023-12-13,2023,12,0.6094766843,NRSC VIC MODEL
Uttarakhand,Uttar Kashi,2023-12-14,2023,12,0.0160897077,NRSC VIC MODEL
Uttarakhand,Uttar Kashi,2023-12-17,2023,12,0,NRSC VIC MODEL
Uttarakhand,Uttar Kashi,2023-12-27,2023,12,0.0013787089,NRSC VIC MODEL
Uttarakhand,Bageshwar,2023-02-27,2023,02,0.2833757188,NRSC VIC MODEL
Uttarakhand,Bageshwar,2023-02-28,2023,02,0.0916880587,NRSC VIC MODEL
Uttarakhand,Bageshwar,2023-03-06,2023,03,0.2710483381,NRSC VIC MODEL
Uttarakhand,Bageshwar,2023-03-11,2023,03,0,NRSC VIC MODEL
Uttarakhand,Bageshwar,2023-03-14,2023,03,1.7125819331,NRSC VIC MODEL
Uttarakhand,Bageshwar,2023-03-17,2023,03,6.4002604453,NRSC VIC MODEL
Uttarakhand,Bageshwar,2023-03-20,2023,03,3.1360330519,NRSC VIC MODEL
Uttarakhand,Bageshwar,2023-03-25,2023,03,7.478336283,NRSC VIC MODEL
Uttarakhand,Bageshwar,2023-03-26,2023,03,1.2747661349,NRSC VIC MODEL
Uttarakhand,Bageshwar,2023-03-27,2023,03,4.7430663785,NRSC VIC MODEL
Uttarakhand,Bageshwar,2023-04-04,2023,04,0.4073107398,NRSC VIC MODEL
Uttarakhand,Bageshwar,2023-04-07,2023,04,0,NRSC VIC MODEL
Uttarakhand,Bageshwar,2023-04-10,2023,04,1.8884481211,NRSC VIC MODEL
Uttarakhand,Bageshwar,2023-04-11,2023,04,0.6543894485,NRSC VIC MODEL
Uttarakhand,Bageshwar,2023-04-12,2023,04,0.2694218251,NRSC VIC MODEL
Uttarakhand,Bageshwar,2023-04-14,2023,04,0.7538901629,NRSC VIC MODEL
Uttarakhand,Bageshwar,2023-04-17,2023,04,0.3156238134,NRSC VIC MODEL
Uttarakhand,Bageshwar,2023-04-25,2023,04,1.1139905662,NRSC VIC MODEL
Uttarakhand,Bageshwar,2023-04-29,2023,04,0.2315428776,NRSC VIC MODEL
Uttarakhand,Bageshwar,2023-05-09,2023,05,0.7369943184,NRSC VIC MODEL
Uttarakhand,Bageshwar,2023-05-16,2023,05,0.847453721,NRSC VIC MODEL
Uttarakhand,Bageshwar,2023-05-22,2023,05,2.9816468255,NRSC VIC MODEL
Uttarakhand,Bageshwar,2023-05-23,2023,05,0.6428110236,NRSC VIC MODEL
Uttarakhand,Bageshwar,2023-05-28,2023,05,0.3446571788,NRSC VIC MODEL
Uttarakhand,Bageshwar,2023-06-06,2023,06,1.1368549232,NRSC VIC MODEL
Uttarakhand,Bageshwar,2023-06-14,2023,06,1.0066110933,NRSC VIC MODEL
Uttarakhand,Bageshwar,2023-06-26,2023,06,4.7549350681,NRSC VIC MODEL
Uttarakhand,Bageshwar,2023-06-27,2023,06,0.745655975,NRSC VIC MODEL
Uttarakhand,Bageshwar,2023-06-30,2023,06,18.6891507653,NRSC VIC MODEL
Uttarakhand,Bageshwar,2023-07-31,2023,07,5.3665472141,NRSC VIC MODEL
Uttarakhand,Bageshwar,2023-08-11,2023,08,8.6506292565,NRSC VIC MODEL
Uttarakhand,Bageshwar,2023-08-13,2023,08,6.0309874803,NRSC VIC MODEL
Uttarakhand,Bageshwar,2023-08-20,2023,08,4.486998241,NRSC VIC MODEL
Uttarakhand,Bageshwar,2023-08-26,2023,08,5.7759637542,NRSC VIC MODEL
Uttarakhand,Bageshwar,2023-08-31,2023,08,0.8264301424,NRSC VIC MODEL
Uttarakhand,Bageshwar,2023-09-01,2023,09,4.1774660016,NRSC VIC MODEL
Uttarakhand,Bageshwar,2023-09-06,2023,09,5.1936451693,NRSC VIC MODEL
Uttarakhand,Bageshwar,2023-09-08,2023,09,7.3811046165,NRSC VIC MODEL
Uttarakhand,Bageshwar,2023-09-14,2023,09,9.3028818266,NRSC VIC MODEL
Uttarakhand,Bageshwar,2023-09-22,2023,09,5.3357813931,NRSC VIC MODEL
Uttarakhand,Bageshwar,2023-09-23,2023,09,8.2967026103,NRSC VIC MODEL
Uttarakhand,Bageshwar,2023-10-08,2023,10,0.3514013537,NRSC VIC MODEL
Uttarakhand,Bageshwar,2023-10-12,2023,10,0.3796256943,NRSC VIC MODEL
Uttarakhand,Bageshwar,2023-10-14,2023,10,0,NRSC VIC MODEL
Uttarakhand,Bageshwar,2023-10-23,2023,10,0,NRSC VIC MODEL
Uttarakhand,Bageshwar,2023-10-30,2023,10,0,NRSC VIC MODEL
Uttarakhand,Bageshwar,2023-11-02,2023,11,0,NRSC VIC MODEL
Uttarakhand,Bageshwar,2023-11-08,2023,11,0,NRSC VIC MODEL
Uttarakhand,Bageshwar,2023-11-12,2023,11,0.0154702726,NRSC VIC MODEL
Uttarakhand,Bageshwar,2023-11-13,2023,11,0.1056008952,NRSC VIC MODEL
Uttarakhand,Bageshwar,2023-11-16,2023,11,0,NRSC VIC MODEL
Uttarakhand,Bageshwar,2023-11-28,2023,11,0.7573153504,NRSC VIC MODEL
Uttarakhand,Bageshwar,2023-11-29,2023,11,0,NRSC VIC MODEL
Uttarakhand,Bageshwar,2023-11-30,2023,11,0,NRSC VIC MODEL
Uttarakhand,Bageshwar,2023-12-11,2023,12,0,NRSC VIC MODEL
Uttarakhand,Bageshwar,2023-12-14,2023,12,0,NRSC VIC MODEL
Uttarakhand,Bageshwar,2023-12-15,2023,12,0,NRSC VIC MODEL
Uttarakhand,Bageshwar,2023-12-16,2023,12,0,NRSC VIC MODEL
Uttarakhand,Bageshwar,2023-12-18,2023,12,0,NRSC VIC MODEL
Uttarakhand,Bageshwar,2023-12-22,2023,12,0,NRSC VIC MODEL
Uttarakhand,Bageshwar,2023-12-24,2023,12,0,NRSC VIC MODEL
Uttarakhand,Bageshwar,2023-12-29,2023,12,0,NRSC VIC MODEL
Uttarakhand,Bageshwar,2023-12-31,2023,12,0,NRSC VIC MODEL
Uttarakhand,Chamoli,2023-01-01,2023,01,0,NRSC VIC MODEL
Uttarakhand,Chamoli,2023-01-05,2023,01,0.3947219146,NRSC VIC MODEL
Uttarakhand,Chamoli,2023-01-12,2023,01,8.2017983358,NRSC VIC MODEL
Uttarakhand,Chamoli,2023-01-17,2023,01,0,NRSC VIC MODEL
Uttarakhand,Chamoli,2023-01-23,2023,01,0.4901742789,NRSC VIC MODEL
Uttarakhand,Chamoli,2023-01-26,2023,01,1.4440210695,NRSC VIC MODEL
Uttarakhand,Chamoli,2023-01-29,2023,01,0.4968881778,NRSC VIC MODEL
Uttarakhand,Chamoli,2023-02-03,2023,02,0.0233010769,NRSC VIC MODEL
Uttarakhand,Chamoli,2023-02-08,2023,02,0,NRSC VIC MODEL
Uttarakhand,Chamoli,2023-02-09,2023,02,1.3010787575,NRSC VIC MODEL
Uttarakhand,Chamoli,2023-02-13,2023,02,0.2696719629,NRSC VIC MODEL
Uttarakhand,Chamoli,2023-02-23,2023,02,0.0383463844,NRSC VIC MODEL
Uttarakhand,Chamoli,2023-02-24,2023,02,0.4480670459,NRSC VIC MODEL
Uttarakhand,Chamoli,2023-02-27,2023,02,0.0164383111,NRSC VIC MODEL
Uttarakhand,Chamoli,2023-02-28,2023,02,0.0549720698,NRSC VIC MODEL
Uttarakhand,Chamoli,2023-03-04,2023,03,0,NRSC VIC MODEL
Uttarakhand,Chamoli,2023-03-05,2023,03,2.54863e-05,NRSC VIC MODEL
Uttarakhand,Chamoli,2023-03-12,2023,03,0.0044404225,NRSC VIC MODEL
Uttarakhand,Chamoli,2023-03-23,2023,03,0.3927563412,NRSC VIC MODEL
Uttarakhand,Chamoli,2023-03-24,2023,03,0,NRSC VIC MODEL
Uttarakhand,Chamoli,2023-03-26,2023,03,3.1043088162,NRSC VIC MODEL
Uttarakhand,Chamoli,2023-03-27,2023,03,2.8241921807,NRSC VIC MODEL
Uttarakhand,Chamoli,2023-04-07,2023,04,0,NRSC VIC MODEL
Uttarakhand,Chamoli,2023-04-14,2023,04,1.2834870786,NRSC VIC MODEL
Uttarakhand,Chamoli,2023-04-15,2023,04,0.1013607913,NRSC VIC MODEL
Uttarakhand,Chamoli,2023-04-24,2023,04,0.1156362338,NRSC VIC MODEL
Uttarakhand,Chamoli,2023-04-29,2023,04,0.4710304977,NRSC VIC MODEL
Uttarakhand,Chamoli,2023-05-03,2023,05,2.6675197025,NRSC VIC MODEL
Uttarakhand,Chamoli,2023-05-16,2023,05,2.4703308711,NRSC VIC MODEL
Uttarakhand,Chamoli,2023-05-19,2023,05,0.4769516508,NRSC VIC MODEL
Uttarakhand,Chamoli,2023-05-28,2023,05,0.5938130524,NRSC VIC MODEL
Uttarakhand,Chamoli,2023-06-02,2023,06,3.0487411594,NRSC VIC MODEL
Uttarakhand,Chamoli,2023-06-06,2023,06,1.7662596904,NRSC VIC MODEL
Uttarakhand,Chamoli,2023-06-11,2023,06,0.2180936595,NRSC VIC MODEL
Uttarakhand,Chamoli,2023-06-15,2023,06,2.3343775526,NRSC VIC MODEL
Uttarakhand,Chamoli,2023-07-03,2023,07,4.7230969549,NRSC VIC MODEL
Uttarakhand,Chamoli,2023-07-13,2023,07,19.5811778025,NRSC VIC MODEL
Uttarakhand,Chamoli,2023-07-15,2023,07,4.1118112592,NRSC VIC MODEL
Uttarakhand,Chamoli,2023-07-20,2023,07,6.0829370063,NRSC VIC MODEL
Uttarakhand,Chamoli,2023-07-26,2023,07,13.6454857041,NRSC VIC MODEL
Uttarakhand,Chamoli,2023-07-31,2023,07,1.819625876,NRSC VIC MODEL
Uttarakhand,Chamoli,2023-08-27,2023,08,1.7050301274,NRSC VIC MODEL
Uttarakhand,Chamoli,2023-08-29,2023,08,1.359227575,NRSC VIC MODEL
Uttarakhand,Chamoli,2023-09-01,2023,09,0.4774258326,NRSC VIC MODEL
Uttarakhand,Chamoli,2023-09-10,2023,09,15.5755447934,NRSC VIC MODEL
Uttarakhand,Chamoli,2023-09-15,2023,09,9.3478573539,NRSC VIC MODEL
Uttarakhand,Chamoli,2023-10-10,2023,10,0.5142392311,NRSC VIC MODEL
Uttarakhand,Chamoli,2023-10-11,2023,10,0.2107798117,NRSC VIC MODEL
Uttarakhand,Chamoli,2023-10-12,2023,10,0.3883354256,NRSC VIC MODEL
Uttarakhand,Chamoli,2023-10-24,2023,10,0.2805307422,NRSC VIC MODEL
Uttarakhand,Chamoli,2023-10-25,2023,10,0,NRSC VIC MODEL
Uttarakhand,Almora,2023-11-19,2023,11,4.99107e-05,NRSC VIC MODEL
Uttarakhand,Almora,2023-11-24,2023,11,0,NRSC VIC MODEL
Uttarakhand,Almora,2023-11-25,2023,11,0,NRSC VIC MODEL
Uttarakhand,Almora,2023-11-27,2023,11,0,NRSC VIC MODEL
Uttarakhand,Almora,2023-12-03,2023,12,0,NRSC VIC MODEL
Uttarakhand,Almora,2023-12-04,2023,12,3.396004059,NRSC VIC MODEL
Uttarakhand,Almora,2023-12-16,2023,12,0,NRSC VIC MODEL
Uttarakhand,Almora,2023-12-21,2023,12,0,NRSC VIC MODEL
Uttarakhand,Almora,2023-12-26,2023,12,0,NRSC VIC MODEL
Uttarakhand,Bageshwar,2023-01-06,2023,01,0,NRSC VIC MODEL
Uttarakhand,Bageshwar,2023-01-19,2023,01,0.0360932142,NRSC VIC MODEL
Uttarakhand,Bageshwar,2023-01-21,2023,01,0.0851137319,NRSC VIC MODEL
Uttarakhand,Bageshwar,2023-01-24,2023,01,1.0167492339,NRSC VIC MODEL
Uttarakhand,Bageshwar,2023-02-03,2023,02,0,NRSC VIC MODEL
Uttarakhand,Bageshwar,2023-02-07,2023,02,0.0873591456,NRSC VIC MODEL
Uttarakhand,Bageshwar,2023-02-15,2023,02,0,NRSC VIC MODEL
Uttarakhand,Bageshwar,2023-02-19,2023,02,0,NRSC VIC MODEL
Uttarakhand,Bageshwar,2023-02-20,2023,02,0,NRSC VIC MODEL
Uttarakhand,Bageshwar,2023-02-23,2023,02,0,NRSC VIC MODEL
Uttarakhand,Bageshwar,2023-02-24,2023,02,0.2140976604,NRSC VIC MODEL
Uttarakhand,Almora,2023-01-01,2023,01,0,NRSC VIC MODEL
Uttarakhand,Almora,2023-01-06,2023,01,0,NRSC VIC MODEL
Uttarakhand,Almora,2023-01-20,2023,01,0.0845638566,NRSC VIC MODEL
Uttarakhand,Almora,2023-01-23,2023,01,0.0065592923,NRSC VIC MODEL
Uttarakhand,Almora,2023-01-26,2023,01,0.231588754,NRSC VIC MODEL
Uttarakhand,Almora,2023-01-28,2023,01,0,NRSC VIC MODEL
Uttarakhand,Almora,2023-02-14,2023,02,0.3342944781,NRSC VIC MODEL
Uttarakhand,Almora,2023-02-17,2023,02,0,NRSC VIC MODEL
Uttarakhand,Almora,2023-02-21,2023,02,0,NRSC VIC MODEL
Uttarakhand,Almora,2023-02-24,2023,02,1.1366181755,NRSC VIC MODEL
Uttarakhand,Almora,2023-03-06,2023,03,0.0051975886,NRSC VIC MODEL
Uttarakhand,Almora,2023-03-07,2023,03,0,NRSC VIC MODEL
Uttarakhand,Almora,2023-03-14,2023,03,0.0006030263,NRSC VIC MODEL
Uttarakhand,Almora,2023-03-20,2023,03,2.0543669446,NRSC VIC MODEL
Uttarakhand,Almora,2023-03-22,2023,03,8.3976340508,NRSC VIC MODEL
Uttarakhand,Almora,2023-04-07,2023,04,0,NRSC VIC MODEL
Uttarakhand,Almora,2023-04-21,2023,04,1.2183139367,NRSC VIC MODEL
Uttarakhand,Almora,2023-04-23,2023,04,0.0119414105,NRSC VIC MODEL
Uttarakhand,Almora,2023-04-25,2023,04,0.0224168331,NRSC VIC MODEL
Uttarakhand,Almora,2023-05-04,2023,05,17.7702203218,NRSC VIC MODEL
Uttarakhand,Almora,2023-05-06,2023,05,1.2332785919,NRSC VIC MODEL
Uttarakhand,Almora,2023-05-15,2023,05,0.020449206,NRSC VIC MODEL
Uttarakhand,Almora,2023-05-19,2023,05,0.035200581,NRSC VIC MODEL
Uttarakhand,Almora,2023-05-27,2023,05,1.772368231,NRSC VIC MODEL
Uttarakhand,Almora,2023-06-02,2023,06,1.3300425811,NRSC VIC MODEL
Uttarakhand,Almora,2023-06-18,2023,06,3.1700840634,NRSC VIC MODEL
Uttarakhand,Almora,2023-06-20,2023,06,4.0266539884,NRSC VIC MODEL
Uttarakhand,Almora,2023-06-23,2023,06,0.728864532,NRSC VIC MODEL
Uttarakhand,Almora,2023-06-30,2023,06,14.751171142,NRSC VIC MODEL
Uttarakhand,Almora,2023-07-04,2023,07,6.7126433378,NRSC VIC MODEL
Uttarakhand,Almora,2023-07-08,2023,07,16.5154251906,NRSC VIC MODEL
Uttarakhand,Almora,2023-07-13,2023,07,22.5347615117,NRSC VIC MODEL
Uttarakhand,Almora,2023-07-26,2023,07,1.4850695432,NRSC VIC MODEL
Uttarakhand,Almora,2023-08-02,2023,08,32.9238180935,NRSC VIC MODEL
Uttarakhand,Almora,2023-08-09,2023,08,23.6822894346,NRSC VIC MODEL
Uttarakhand,Almora,2023-08-22,2023,08,1.3420700285,NRSC VIC MODEL
Uttarakhand,Almora,2023-08-27,2023,08,0.1838730123,NRSC VIC MODEL
Uttarakhand,Almora,2023-08-30,2023,08,0.4072247942,NRSC VIC MODEL
Uttarakhand,Almora,2023-09-09,2023,09,3.3268983765,NRSC VIC MODEL
Uttarakhand,Almora,2023-09-17,2023,09,6.5537365799,NRSC VIC MODEL
Uttarakhand,Almora,2023-09-21,2023,09,3.7830101012,NRSC VIC MODEL
Uttarakhand,Almora,2023-09-28,2023,09,0.0046306781,NRSC VIC MODEL
Uttarakhand,Almora,2023-09-30,2023,09,0.0012262086,NRSC VIC MODEL
Uttarakhand,Almora,2023-10-09,2023,10,0,NRSC VIC MODEL
Uttarakhand,Almora,2023-10-14,2023,10,0,NRSC VIC MODEL
Uttarakhand,Almora,2023-10-30,2023,10,0,NRSC VIC MODEL
Uttarakhand,Almora,2023-10-31,2023,10,0,NRSC VIC MODEL
Uttarakhand,Almora,2023-11-10,2023,11,0.1135406618,NRSC VIC MODEL
Uttarakhand,Almora,2023-11-13,2023,11,0.30824555,NRSC VIC MODEL
Uttarakhand,Almora,2023-11-14,2023,11,1.78382e-05,NRSC VIC MODEL
Uttarakhand,Pithoragarh,2023-12-19,2023,12,0,NRSC VIC MODEL
Uttarakhand,Pithoragarh,2023-12-24,2023,12,0,NRSC VIC MODEL
Uttarakhand,Pithoragarh,2023-12-27,2023,12,0.0005740309,NRSC VIC MODEL
Uttarakhand,Pithoragarh,2023-12-31,2023,12,0,NRSC VIC MODEL
Uttarakhand,Rudra Prayag,2023-01-02,2023,01,0,NRSC VIC MODEL
Uttarakhand,Rudra Prayag,2023-01-10,2023,01,0,NRSC VIC MODEL
Uttarakhand,Rudra Prayag,2023-01-11,2023,01,0,NRSC VIC MODEL
Uttarakhand,Rudra Prayag,2023-01-13,2023,01,0.6471084456,NRSC VIC MODEL
Uttarakhand,Rudra Prayag,2023-01-14,2023,01,0.259925552,NRSC VIC MODEL
Uttarakhand,Rudra Prayag,2023-01-20,2023,01,5.0648148591,NRSC VIC MODEL
Uttarakhand,Rudra Prayag,2023-01-23,2023,01,0.3187720348,NRSC VIC MODEL
Uttarakhand,Rudra Prayag,2023-02-04,2023,02,0,NRSC VIC MODEL
Uttarakhand,Rudra Prayag,2023-02-13,2023,02,0.0499999546,NRSC VIC MODEL
Uttarakhand,Rudra Prayag,2023-02-16,2023,02,0,NRSC VIC MODEL
Uttarakhand,Rudra Prayag,2023-02-20,2023,02,0,NRSC VIC MODEL
Uttarakhand,Rudra Prayag,2023-02-22,2023,02,13.8089280071,NRSC VIC MODEL
Uttarakhand,Rudra Prayag,2023-03-05,2023,03,0,NRSC VIC MODEL
Uttarakhand,Rudra Prayag,2023-03-06,2023,03,0.005368658,NRSC VIC MODEL
Uttarakhand,Rudra Prayag,2023-03-14,2023,03,1.4937377488,NRSC VIC MODEL
Uttarakhand,Rudra Prayag,2023-03-23,2023,03,0.0902988712,NRSC VIC MODEL
Uttarakhand,Rudra Prayag,2023-03-24,2023,03,0,NRSC VIC MODEL
Uttarakhand,Rudra Prayag,2023-04-01,2023,04,14.2418778931,NRSC VIC MODEL
Uttarakhand,Rudra Prayag,2023-04-03,2023,04,1.8526663685,NRSC VIC MODEL
Uttarakhand,Rudra Prayag,2023-04-08,2023,04,0.2940438242,NRSC VIC MODEL
Uttarakhand,Rudra Prayag,2023-04-10,2023,04,4.5201484161,NRSC VIC MODEL
Uttarakhand,Rudra Prayag,2023-04-14,2023,04,1.4823244038,NRSC VIC MODEL
Uttarakhand,Rudra Prayag,2023-04-22,2023,04,0.4135049406,NRSC VIC MODEL
Uttarakhand,Rudra Prayag,2023-05-14,2023,05,4.7639693939,NRSC VIC MODEL
Uttarakhand,Rudra Prayag,2023-05-15,2023,05,5.2318359155,NRSC VIC MODEL
Uttarakhand,Rudra Prayag,2023-05-17,2023,05,0.2342068879,NRSC VIC MODEL
Uttarakhand,Rudra Prayag,2023-06-14,2023,06,13.1608534058,NRSC VIC MODEL
Uttarakhand,Rudra Prayag,2023-06-25,2023,06,2.0828852571,NRSC VIC MODEL
Uttarakhand,Rudra Prayag,2023-07-10,2023,07,13.8707640026,NRSC VIC MODEL
Uttarakhand,Rudra Prayag,2023-07-14,2023,07,18.7436729465,NRSC VIC MODEL
Uttarakhand,Rudra Prayag,2023-07-16,2023,07,22.8797143578,NRSC VIC MODEL
Uttarakhand,Rudra Prayag,2023-07-17,2023,07,2.7285088675,NRSC VIC MODEL
Uttarakhand,Rudra Prayag,2023-07-24,2023,07,4.3964876498,NRSC VIC MODEL
Uttarakhand,Rudra Prayag,2023-07-29,2023,07,20.476918577,NRSC VIC MODEL
Uttarakhand,Rudra Prayag,2023-07-30,2023,07,3.1477030333,NRSC VIC MODEL
Uttarakhand,Rudra Prayag,2023-08-12,2023,08,9.0757978808,NRSC VIC MODEL
Uttarakhand,Rudra Prayag,2023-08-17,2023,08,1.4406701054,NRSC VIC MODEL
Uttarakhand,Rudra Prayag,2023-08-20,2023,08,4.5651562553,NRSC VIC MODEL
Uttarakhand,Rudra Prayag,2023-08-21,2023,08,1.8998581467,NRSC VIC MODEL
Uttarakhand,Rudra Prayag,2023-08-22,2023,08,5.506151297,NRSC VIC MODEL
Uttarakhand,Rudra Prayag,2023-08-25,2023,08,2.1724982747,NRSC VIC MODEL
Uttarakhand,Rudra Prayag,2023-08-27,2023,08,2.6856692202,NRSC VIC MODEL
Uttarakhand,Rudra Prayag,2023-09-01,2023,09,0.6905145445,NRSC VIC MODEL
Uttarakhand,Rudra Prayag,2023-09-03,2023,09,0.0003635726,NRSC VIC MODEL
Uttarakhand,Rudra Prayag,2023-09-05,2023,09,3.5554598515,NRSC VIC MODEL
Uttarakhand,Rudra Prayag,2023-09-10,2023,09,28.8891621001,NRSC VIC MODEL
Uttarakhand,Rudra Prayag,2023-09-11,2023,09,7.1037377963,NRSC VIC MODEL
Uttarakhand,Rudra Prayag,2023-09-12,2023,09,0.2808309921,NRSC VIC MODEL
Uttarakhand,Rudra Prayag,2023-09-17,2023,09,3.543341092,NRSC VIC MODEL
Uttarakhand,Rudra Prayag,2023-09-18,2023,09,0.2355560853,NRSC VIC MODEL
Uttarakhand,Rudra Prayag,2023-09-24,2023,09,1.4363233091,NRSC VIC MODEL
Uttarakhand,Rudra Prayag,2023-10-07,2023,10,0,NRSC VIC MODEL
Uttarakhand,Rudra Prayag,2023-10-08,2023,10,0.0030884486,NRSC VIC MODEL
Uttarakhand,Rudra Prayag,2023-10-12,2023,10,0.2248272291,NRSC VIC MODEL
Uttarakhand,Rudra Prayag,2023-11-04,2023,11,0,NRSC VIC MODEL
Uttarakhand,Rudra Prayag,2023-11-09,2023,11,0,NRSC VIC MODEL
Uttarakhand,Rudra Prayag,2023-11-13,2023,11,0.0015605846,NRSC VIC MODEL
Uttarakhand,Rudra Prayag,2023-11-17,2023,11,0,NRSC VIC MODEL
Uttarakhand,Rudra Prayag,2023-11-20,2023,11,0,NRSC VIC MODEL
Uttarakhand,Rudra Prayag,2023-11-22,2023,11,0.8691787797,NRSC VIC MODEL
Uttarakhand,Rudra Prayag,2023-11-25,2023,11,0,NRSC VIC MODEL
Uttarakhand,Rudra Prayag,2023-11-29,2023,11,0,NRSC VIC MODEL
Uttarakhand,Rudra Prayag,2023-12-05,2023,12,5.4203595103,NRSC VIC MODEL
Uttarakhand,Rudra Prayag,2023-12-22,2023,12,0,NRSC VIC MODEL
Uttarakhand,Tehri Garhwal,2023-01-01,2023,01,0,NRSC VIC MODEL
Uttarakhand,Tehri Garhwal,2023-01-06,2023,01,0,NRSC VIC MODEL
Uttarakhand,Tehri Garhwal,2023-01-08,2023,01,0,NRSC VIC MODEL
Uttarakhand,Tehri Garhwal,2023-01-09,2023,01,0,NRSC VIC MODEL
Uttarakhand,Tehri Garhwal,2023-01-11,2023,01,0,NRSC VIC MODEL
Uttarakhand,Tehri Garhwal,2023-01-12,2023,01,0.4865643305,NRSC VIC MODEL
Uttarakhand,Tehri Garhwal,2023-01-15,2023,01,0.0088069592,NRSC VIC MODEL
Uttarakhand,Tehri Garhwal,2023-01-17,2023,01,0,NRSC VIC MODEL
Uttarakhand,Tehri Garhwal,2023-01-21,2023,01,0,NRSC VIC MODEL
Uttarakhand,Tehri Garhwal,2023-01-23,2023,01,0.0010396339,NRSC VIC MODEL
Uttarakhand,Tehri Garhwal,2023-01-24,2023,01,0.3668389913,NRSC VIC MODEL
Uttarakhand,Tehri Garhwal,2023-01-29,2023,01,3.7202e-06,NRSC VIC MODEL
Uttarakhand,Tehri Garhwal,2023-02-02,2023,02,0,NRSC VIC MODEL
Uttarakhand,Tehri Garhwal,2023-02-05,2023,02,0,NRSC VIC MODEL
Uttarakhand,Tehri Garhwal,2023-02-07,2023,02,0.1285746218,NRSC VIC MODEL
Uttarakhand,Tehri Garhwal,2023-02-15,2023,02,0,NRSC VIC MODEL
Uttarakhand,Tehri Garhwal,2023-02-16,2023,02,0,NRSC VIC MODEL
Uttarakhand,Tehri Garhwal,2023-02-19,2023,02,0,NRSC VIC MODEL
Uttarakhand,Tehri Garhwal,2023-02-24,2023,02,0.0608285024,NRSC VIC MODEL
Uttarakhand,Tehri Garhwal,2023-03-03,2023,03,0,NRSC VIC MODEL
Uttarakhand,Tehri Garhwal,2023-03-13,2023,03,2.0789767726,NRSC VIC MODEL
Uttarakhand,Tehri Garhwal,2023-03-14,2023,03,1.0490355831,NRSC VIC MODEL
Uttarakhand,Tehri Garhwal,2023-03-16,2023,03,3.2510605089,NRSC VIC MODEL
Uttarakhand,Tehri Garhwal,2023-03-24,2023,03,0,NRSC VIC MODEL
Uttarakhand,Tehri Garhwal,2023-04-04,2023,04,1.0581298263,NRSC VIC MODEL
Uttarakhand,Tehri Garhwal,2023-04-06,2023,04,1.98385e-05,NRSC VIC MODEL
Uttarakhand,Tehri Garhwal,2023-04-10,2023,04,0.1950745691,NRSC VIC MODEL
Uttarakhand,Tehri Garhwal,2023-04-17,2023,04,0.0286826426,NRSC VIC MODEL
Uttarakhand,Tehri Garhwal,2023-04-18,2023,04,0.3321220716,NRSC VIC MODEL
Uttarakhand,Tehri Garhwal,2023-04-25,2023,04,0.0018789232,NRSC VIC MODEL
Uttarakhand,Tehri Garhwal,2023-04-26,2023,04,3.5687754295,NRSC VIC MODEL
Uttarakhand,Tehri Garhwal,2023-05-10,2023,05,0.4099327244,NRSC VIC MODEL
Uttarakhand,Tehri Garhwal,2023-05-11,2023,05,0,NRSC VIC MODEL
Uttarakhand,Tehri Garhwal,2023-05-16,2023,05,0.6351077292,NRSC VIC MODEL
Uttarakhand,Tehri Garhwal,2023-05-20,2023,05,3.0230951583,NRSC VIC MODEL
Uttarakhand,Tehri Garhwal,2023-05-21,2023,05,3.0255281247,NRSC VIC MODEL
Uttarakhand,Tehri Garhwal,2023-06-01,2023,06,25.8431154711,NRSC VIC MODEL
Uttarakhand,Tehri Garhwal,2023-06-16,2023,06,0.0502715658,NRSC VIC MODEL
Uttarakhand,Tehri Garhwal,2023-06-19,2023,06,1.1657839884,NRSC VIC MODEL
Uttarakhand,Haridwar,2023-12-19,2023,12,0,NRSC VIC MODEL
Uttarakhand,Haridwar,2023-12-24,2023,12,0,NRSC VIC MODEL
Uttarakhand,Haridwar,2023-12-28,2023,12,0,NRSC VIC MODEL
Uttarakhand,Haridwar,2023-12-31,2023,12,0,NRSC VIC MODEL
Uttarakhand,Nainital,2023-01-01,2023,01,0,NRSC VIC MODEL
Uttarakhand,Nainital,2023-01-05,2023,01,0.0259226624,NRSC VIC MODEL
Uttarakhand,Nainital,2023-01-08,2023,01,0,NRSC VIC MODEL
Uttarakhand,Nainital,2023-01-09,2023,01,0.0442480308,NRSC VIC MODEL
Uttarakhand,Nainital,2023-01-14,2023,01,0,NRSC VIC MODEL
Uttarakhand,Nainital,2023-02-09,2023,02,0.0034482405,NRSC VIC MODEL
Uttarakhand,Nainital,2023-02-22,2023,02,19.5258342752,NRSC VIC MODEL
Uttarakhand,Nainital,2023-03-03,2023,03,0,NRSC VIC MODEL
Uttarakhand,Nainital,2023-03-07,2023,03,0,NRSC VIC MODEL
Uttarakhand,Nainital,2023-03-08,2023,03,0,NRSC VIC MODEL
Uttarakhand,Nainital,2023-03-16,2023,03,0.0150122988,NRSC VIC MODEL
Uttarakhand,Nainital,2023-03-20,2023,03,4.5362672509,NRSC VIC MODEL
Uttarakhand,Nainital,2023-03-28,2023,03,0.0076681585,NRSC VIC MODEL
Uttarakhand,Nainital,2023-03-31,2023,03,5.6750008487,NRSC VIC MODEL
Uttarakhand,Nainital,2023-04-02,2023,04,9.0303801728,NRSC VIC MODEL
Uttarakhand,Nainital,2023-04-03,2023,04,0,NRSC VIC MODEL
Uttarakhand,Nainital,2023-04-04,2023,04,0.0690766083,NRSC VIC MODEL
Uttarakhand,Nainital,2023-04-11,2023,04,5.12628e-05,NRSC VIC MODEL
Uttarakhand,Nainital,2023-04-15,2023,04,0,NRSC VIC MODEL
Uttarakhand,Nainital,2023-04-30,2023,04,1.9167834917,NRSC VIC MODEL
Uttarakhand,Nainital,2023-05-04,2023,05,11.647131287,NRSC VIC MODEL
Uttarakhand,Nainital,2023-05-12,2023,05,0.0103534752,NRSC VIC MODEL
Uttarakhand,Nainital,2023-05-14,2023,05,0.0002563139,NRSC VIC MODEL
Uttarakhand,Nainital,2023-05-31,2023,05,0.0222278585,NRSC VIC MODEL
Uttarakhand,Nainital,2023-06-05,2023,06,2.37925e-05,NRSC VIC MODEL
Uttarakhand,Nainital,2023-06-10,2023,06,0.007520433,NRSC VIC MODEL
Uttarakhand,Nainital,2023-06-16,2023,06,2.1692e-06,NRSC VIC MODEL
Uttarakhand,Nainital,2023-06-18,2023,06,1.4580387699,NRSC VIC MODEL
Uttarakhand,Nainital,2023-06-22,2023,06,0.3319924303,NRSC VIC MODEL
Uttarakhand,Nainital,2023-07-02,2023,07,24.8849853319,NRSC VIC MODEL
Uttarakhand,Nainital,2023-07-04,2023,07,8.9762202163,NRSC VIC MODEL
Uttarakhand,Nainital,2023-07-27,2023,07,10.6963912576,NRSC VIC MODEL
Uttarakhand,Nainital,2023-08-02,2023,08,42.3725665904,NRSC VIC MODEL
Uttarakhand,Nainital,2023-08-05,2023,08,0.5286817159,NRSC VIC MODEL
Uttarakhand,Nainital,2023-08-06,2023,08,15.2764154933,NRSC VIC MODEL
Uttarakhand,Nainital,2023-08-09,2023,08,135.5083479262,NRSC VIC MODEL
Uttarakhand,Nainital,2023-08-13,2023,08,11.8443256814,NRSC VIC MODEL
Uttarakhand,Nainital,2023-08-15,2023,08,0.6802172084,NRSC VIC MODEL
Uttarakhand,Nainital,2023-08-16,2023,08,0.1349319301,NRSC VIC MODEL
Uttarakhand,Nainital,2023-08-22,2023,08,8.4185033996,NRSC VIC MODEL
Uttarakhand,Nainital,2023-08-24,2023,08,4.1025139169,NRSC VIC MODEL
Uttarakhand,Nainital,2023-08-27,2023,08,0.2697008064,NRSC VIC MODEL
Uttarakhand,Nainital,2023-09-02,2023,09,7.9308e-06,NRSC VIC MODEL
Uttarakhand,Nainital,2023-09-06,2023,09,1.208685759,NRSC VIC MODEL
Uttarakhand,Nainital,2023-09-13,2023,09,0.0003115031,NRSC VIC MODEL
Uttarakhand,Nainital,2023-09-14,2023,09,0.0553072903,NRSC VIC MODEL
Uttarakhand,Nainital,2023-09-19,2023,09,2.0129002601,NRSC VIC MODEL
Uttarakhand,Nainital,2023-09-21,2023,09,42.0029055639,NRSC VIC MODEL
Uttarakhand,Nainital,2023-09-27,2023,09,0,NRSC VIC MODEL
Uttarakhand,Nainital,2023-10-09,2023,10,0,NRSC VIC MODEL
Uttarakhand,Nainital,2023-10-13,2023,10,0,NRSC VIC MODEL
Uttarakhand,Nainital,2023-10-14,2023,10,0,NRSC VIC MODEL
Uttarakhand,Nainital,2023-11-03,2023,11,0,NRSC VIC MODEL
Uttarakhand,Nainital,2023-11-15,2023,11,0,NRSC VIC MODEL
Uttarakhand,Nainital,2023-11-23,2023,11,0,NRSC VIC MODEL
Uttarakhand,Nainital,2023-11-25,2023,11,0,NRSC VIC MODEL
Uttarakhand,Nainital,2023-11-29,2023,11,7.62047e-05,NRSC VIC MODEL
Uttarakhand,Nainital,2023-12-09,2023,12,0.0003173851,NRSC VIC MODEL
Uttarakhand,Nainital,2023-12-13,2023,12,0.0040569897,NRSC VIC MODEL
Uttarakhand,Nainital,2023-12-17,2023,12,0,NRSC VIC MODEL
Uttarakhand,Nainital,2023-12-18,2023,12,0,NRSC VIC MODEL
Uttarakhand,Nainital,2023-12-19,2023,12,0,NRSC VIC MODEL
Uttarakhand,Nainital,2023-12-25,2023,12,0.0009431941,NRSC VIC MODEL
Uttarakhand,Nainital,2023-12-26,2023,12,0,NRSC VIC MODEL
Uttarakhand,Nainital,2023-12-28,2023,12,0,NRSC VIC MODEL
Uttarakhand,Nainital,2023-12-29,2023,12,0,NRSC VIC MODEL
Uttarakhand,Pauri Garhwal,2023-01-13,2023,01,0.1322977882,NRSC VIC MODEL
Uttarakhand,Pauri Garhwal,2023-01-14,2023,01,-0.0039227949,NRSC VIC MODEL
Uttarakhand,Pauri Garhwal,2023-01-20,2023,01,2.0509131831,NRSC VIC MODEL
Uttarakhand,Pauri Garhwal,2023-01-24,2023,01,0.0546457389,NRSC VIC MODEL
Uttarakhand,Pauri Garhwal,2023-01-27,2023,01,0.0543181116,NRSC VIC MODEL
Uttarakhand,Pauri Garhwal,2023-02-02,2023,02,0,NRSC VIC MODEL
Uttarakhand,Pauri Garhwal,2023-02-03,2023,02,0,NRSC VIC MODEL
Uttarakhand,Pauri Garhwal,2023-02-06,2023,02,0,NRSC VIC MODEL
Uttarakhand,Pauri Garhwal,2023-02-18,2023,02,0,NRSC VIC MODEL
Uttarakhand,Pauri Garhwal,2023-02-26,2023,02,0.1354765088,NRSC VIC MODEL
Uttarakhand,Pauri Garhwal,2023-03-05,2023,03,0,NRSC VIC MODEL
Uttarakhand,Pauri Garhwal,2023-03-15,2023,03,2.1420108248,NRSC VIC MODEL
Uttarakhand,Pauri Garhwal,2023-03-21,2023,03,7.6813381515,NRSC VIC MODEL
Uttarakhand,Pauri Garhwal,2023-03-26,2023,03,4.8549132364,NRSC VIC MODEL
Uttarakhand,Pauri Garhwal,2023-03-29,2023,03,0.0064389476,NRSC VIC MODEL
Uttarakhand,Pauri Garhwal,2023-04-02,2023,04,6.5412504719,NRSC VIC MODEL
Uttarakhand,Pauri Garhwal,2023-04-09,2023,04,0.0133656871,NRSC VIC MODEL
Uttarakhand,Pauri Garhwal,2023-04-22,2023,04,0.0072372388,NRSC VIC MODEL
Uttarakhand,Pauri Garhwal,2023-04-29,2023,04,0.1259326484,NRSC VIC MODEL
Uttarakhand,Pauri Garhwal,2023-05-11,2023,05,0,NRSC VIC MODEL
Uttarakhand,Pauri Garhwal,2023-05-13,2023,05,0.0005387269,NRSC VIC MODEL
Uttarakhand,Pauri Garhwal,2023-05-29,2023,05,0.0010452332,NRSC VIC MODEL
Uttarakhand,Pauri Garhwal,2023-06-06,2023,06,1.0576034982,NRSC VIC MODEL
Uttarakhand,Pauri Garhwal,2023-06-10,2023,06,0.0005823408,NRSC VIC MODEL
Uttarakhand,Pauri Garhwal,2023-06-14,2023,06,1.455208157,NRSC VIC MODEL
Uttarakhand,Pauri Garhwal,2023-06-17,2023,06,0.0126147416,NRSC VIC MODEL
Uttarakhand,Pauri Garhwal,2023-06-27,2023,06,5.8848388822,NRSC VIC MODEL
Uttarakhand,Pauri Garhwal,2023-07-04,2023,07,10.8665824236,NRSC VIC MODEL
Uttarakhand,Pauri Garhwal,2023-07-19,2023,07,14.6732935527,NRSC VIC MODEL
Uttarakhand,Pauri Garhwal,2023-07-26,2023,07,6.1574807298,NRSC VIC MODEL
Uttarakhand,Pauri Garhwal,2023-07-27,2023,07,7.2019640986,NRSC VIC MODEL
Uttarakhand,Pauri Garhwal,2023-08-02,2023,08,11.3721920661,NRSC VIC MODEL
Uttarakhand,Pauri Garhwal,2023-08-05,2023,08,10.589551239,NRSC VIC MODEL
Uttarakhand,Pauri Garhwal,2023-08-06,2023,08,21.6419584685,NRSC VIC MODEL
Uttarakhand,Pauri Garhwal,2023-08-19,2023,08,6.160718194,NRSC VIC MODEL
Uttarakhand,Pauri Garhwal,2023-08-20,2023,08,6.0356714936,NRSC VIC MODEL
Uttarakhand,Pauri Garhwal,2023-08-25,2023,08,2.442851804,NRSC VIC MODEL
Uttarakhand,Pauri Garhwal,2023-08-26,2023,08,1.0482444012,NRSC VIC MODEL
Uttarakhand,Pauri Garhwal,2023-08-27,2023,08,0.0586907989,NRSC VIC MODEL
Uttarakhand,Pauri Garhwal,2023-09-01,2023,09,0.0050110177,NRSC VIC MODEL
Uttarakhand,Pauri Garhwal,2023-09-02,2023,09,0,NRSC VIC MODEL
Uttarakhand,Pauri Garhwal,2023-09-07,2023,09,1.9072648799,NRSC VIC MODEL
Uttarakhand,Pauri Garhwal,2023-09-11,2023,09,19.3295885196,NRSC VIC MODEL
Uttarakhand,Pauri Garhwal,2023-09-24,2023,09,0.1731341623,NRSC VIC MODEL
Uttarakhand,Pauri Garhwal,2023-10-07,2023,10,0,NRSC VIC MODEL
Uttarakhand,Pauri Garhwal,2023-10-09,2023,10,0,NRSC VIC MODEL
Uttarakhand,Pauri Garhwal,2023-10-12,2023,10,0.0565526694,NRSC VIC MODEL
Uttarakhand,Pauri Garhwal,2023-10-24,2023,10,0.0014669181,NRSC VIC MODEL
Uttarakhand,Pauri Garhwal,2023-10-29,2023,10,0,NRSC VIC MODEL
Uttarakhand,Pauri Garhwal,2023-11-02,2023,11,0,NRSC VIC MODEL
Uttarakhand,Pauri Garhwal,2023-11-13,2023,11,0.046755968,NRSC VIC MODEL
Uttarakhand,Pauri Garhwal,2023-11-16,2023,11,0,NRSC VIC MODEL
Uttarakhand,Pauri Garhwal,2023-11-25,2023,11,0,NRSC VIC MODEL
Uttarakhand,Pauri Garhwal,2023-11-27,2023,11,0,NRSC VIC MODEL
Uttarakhand,Pauri Garhwal,2023-11-30,2023,11,0.2445610563,NRSC VIC MODEL
Uttarakhand,Pauri Garhwal,2023-12-01,2023,12,0.1364659883,NRSC VIC MODEL
Uttarakhand,Pauri Garhwal,2023-12-02,2023,12,0,NRSC VIC MODEL
Uttarakhand,Pauri Garhwal,2023-12-07,2023,12,0,NRSC VIC MODEL
Uttarakhand,Pauri Garhwal,2023-12-10,2023,12,0,NRSC VIC MODEL
Uttarakhand,Pauri Garhwal,2023-12-13,2023,12,0.0031036363,NRSC VIC MODEL
Uttarakhand,Pauri Garhwal,2023-12-15,2023,12,0,NRSC VIC MODEL
Uttarakhand,Pauri Garhwal,2023-12-19,2023,12,0,NRSC VIC MODEL
Uttarakhand,Pauri Garhwal,2023-12-23,2023,12,0.0002925159,NRSC VIC MODEL
Uttarakhand,Pauri Garhwal,2023-12-25,2023,12,0.0002891628,NRSC VIC MODEL
Uttarakhand,Pauri Garhwal,2023-12-29,2023,12,0,NRSC VIC MODEL
Uttarakhand,Pithoragarh,2023-01-02,2023,01,0,NRSC VIC MODEL
Uttarakhand,Pithoragarh,2023-01-03,2023,01,0,NRSC VIC MODEL
Uttarakhand,Pithoragarh,2023-01-06,2023,01,0,NRSC VIC MODEL
Uttarakhand,Pithoragarh,2023-01-09,2023,01,0,NRSC VIC MODEL
Uttarakhand,Pithoragarh,2023-01-11,2023,01,0,NRSC VIC MODEL
Uttarakhand,Pithoragarh,2023-01-29,2023,01,1.1809529381,NRSC VIC MODEL
Uttarakhand,Pithoragarh,2023-02-01,2023,02,1.3737512706,NRSC VIC MODEL
Uttarakhand,Pithoragarh,2023-02-13,2023,02,0.0128750756,NRSC VIC MODEL
Uttarakhand,Pithoragarh,2023-02-14,2023,02,0.1308788147,NRSC VIC MODEL
Uttarakhand,Pithoragarh,2023-02-20,2023,02,0,NRSC VIC MODEL
Uttarakhand,Pithoragarh,2023-02-21,2023,02,0,NRSC VIC MODEL
Uttarakhand,Pithoragarh,2023-02-26,2023,02,0.7770589441,NRSC VIC MODEL
Uttarakhand,Pithoragarh,2023-03-01,2023,03,0,NRSC VIC MODEL
Uttarakhand,Pithoragarh,2023-03-06,2023,03,0.6789266941,NRSC VIC MODEL
Uttarakhand,Pithoragarh,2023-03-07,2023,03,0.0025257358,NRSC VIC MODEL
Uttarakhand,Pithoragarh,2023-03-11,2023,03,0,NRSC VIC MODEL
Uttarakhand,Pithoragarh,2023-03-13,2023,03,0.8340327164,NRSC VIC MODEL
Uttarakhand,Pithoragarh,2023-03-15,2023,03,0.9978749572,NRSC VIC MODEL
Uttarakhand,Uttar Kashi,2023-09-27,2023,09,0.0032257435,NRSC VIC MODEL
Uttarakhand,Uttar Kashi,2023-10-08,2023,10,0.0105354863,NRSC VIC MODEL
Uttarakhand,Uttar Kashi,2023-10-26,2023,10,0.0884604309,NRSC VIC MODEL
Uttarakhand,Uttar Kashi,2023-10-27,2023,10,0.0056329785,NRSC VIC MODEL
Uttarakhand,Uttar Kashi,2023-10-31,2023,10,0,NRSC VIC MODEL
Uttarakhand,Uttar Kashi,2023-11-08,2023,11,0,NRSC VIC MODEL
Uttarakhand,Uttar Kashi,2023-11-15,2023,11,0,NRSC VIC MODEL
Uttarakhand,Uttar Kashi,2023-11-20,2023,11,0,NRSC VIC MODEL
Uttarakhand,Uttar Kashi,2023-12-09,2023,12,0.0182957396,NRSC VIC MODEL
Uttarakhand,Uttar Kashi,2023-12-16,2023,12,0,NRSC VIC MODEL
Uttarakhand,Uttar Kashi,2023-12-20,2023,12,0,NRSC VIC MODEL
Uttarakhand,Uttar Kashi,2023-12-25,2023,12,0.0244283811,NRSC VIC MODEL
Uttarakhand,Uttar Kashi,2023-12-26,2023,12,0,NRSC VIC MODEL
Uttarakhand,Uttar Kashi,2023-12-30,2023,12,0.0021384813,NRSC VIC MODEL
Uttarakhand,Chamoli,2023-11-11,2023,11,0.5294643221,NRSC VIC MODEL
Uttarakhand,Chamoli,2023-11-22,2023,11,0.2929418013,NRSC VIC MODEL
Uttarakhand,Chamoli,2023-11-23,2023,11,0.0315623341,NRSC VIC MODEL
Uttarakhand,Chamoli,2023-11-25,2023,11,0,NRSC VIC MODEL
Uttarakhand,Chamoli,2023-12-02,2023,12,0,NRSC VIC MODEL
Uttarakhand,Chamoli,2023-12-05,2023,12,0.876848087,NRSC VIC MODEL
Uttarakhand,Chamoli,2023-12-09,2023,12,0.0056537459,NRSC VIC MODEL
Uttarakhand,Chamoli,2023-12-17,2023,12,0,NRSC VIC MODEL
Uttarakhand,Chamoli,2023-12-20,2023,12,0,NRSC VIC MODEL
Uttarakhand,Chamoli,2023-12-23,2023,12,0,NRSC VIC MODEL
Uttarakhand,Chamoli,2023-12-26,2023,12,0,NRSC VIC MODEL
Uttarakhand,Chamoli,2023-12-30,2023,12,0,NRSC VIC MODEL
Uttarakhand,Champawat,2023-01-10,2023,01,0,NRSC VIC MODEL
Uttarakhand,Champawat,2023-01-15,2023,01,0,NRSC VIC MODEL
Uttarakhand,Champawat,2023-01-17,2023,01,0,NRSC VIC MODEL
Uttarakhand,Champawat,2023-01-22,2023,01,0,NRSC VIC MODEL
Uttarakhand,Champawat,2023-01-27,2023,01,0,NRSC VIC MODEL
Uttarakhand,Champawat,2023-01-29,2023,01,0,NRSC VIC MODEL
Uttarakhand,Champawat,2023-01-31,2023,01,3.8558629872,NRSC VIC MODEL
Uttarakhand,Champawat,2023-02-16,2023,02,0,NRSC VIC MODEL
Uttarakhand,Champawat,2023-03-03,2023,03,0,NRSC VIC MODEL
Uttarakhand,Champawat,2023-03-04,2023,03,0,NRSC VIC MODEL
Uttarakhand,Champawat,2023-03-12,2023,03,0.0004362789,NRSC VIC MODEL
Uttarakhand,Champawat,2023-03-21,2023,03,21.6587605265,NRSC VIC MODEL
Uttarakhand,Champawat,2023-04-06,2023,04,0,NRSC VIC MODEL
Uttarakhand,Champawat,2023-04-20,2023,04,2.3913908895,NRSC VIC MODEL
Uttarakhand,Champawat,2023-05-01,2023,05,11.5331809308,NRSC VIC MODEL
Uttarakhand,Champawat,2023-05-06,2023,05,0.84973519,NRSC VIC MODEL
Uttarakhand,Champawat,2023-05-10,2023,05,0.5222315895,NRSC VIC MODEL
Uttarakhand,Champawat,2023-05-25,2023,05,2.8616866761,NRSC VIC MODEL
Uttarakhand,Champawat,2023-05-26,2023,05,11.1502492812,NRSC VIC MODEL
Uttarakhand,Tehri Garhwal,2023-06-30,2023,06,10.7577885568,NRSC VIC MODEL
Uttarakhand,Tehri Garhwal,2023-07-07,2023,07,8.0708016655,NRSC VIC MODEL
Uttarakhand,Tehri Garhwal,2023-07-10,2023,07,25.5163572849,NRSC VIC MODEL
Uttarakhand,Tehri Garhwal,2023-07-17,2023,07,7.5172536158,NRSC VIC MODEL
Uttarakhand,Tehri Garhwal,2023-07-23,2023,07,18.8300763149,NRSC VIC MODEL
Uttarakhand,Tehri Garhwal,2023-07-25,2023,07,13.7758864685,NRSC VIC MODEL
Uttarakhand,Tehri Garhwal,2023-07-26,2023,07,25.6312575125,NRSC VIC MODEL
Uttarakhand,Tehri Garhwal,2023-07-28,2023,07,1.2391846146,NRSC VIC MODEL
Uttarakhand,Tehri Garhwal,2023-08-05,2023,08,14.9652700368,NRSC VIC MODEL
Uttarakhand,Tehri Garhwal,2023-08-11,2023,08,23.3393768438,NRSC VIC MODEL
Uttarakhand,Tehri Garhwal,2023-08-12,2023,08,8.6414116718,NRSC VIC MODEL
Uttarakhand,Tehri Garhwal,2023-08-26,2023,08,11.1378450936,NRSC VIC MODEL
Uttarakhand,Tehri Garhwal,2023-09-08,2023,09,10.4702709844,NRSC VIC MODEL
Uttarakhand,Tehri Garhwal,2023-09-12,2023,09,0.8085830386,NRSC VIC MODEL
Uttarakhand,Tehri Garhwal,2023-09-14,2023,09,2.3092061455,NRSC VIC MODEL
Uttarakhand,Tehri Garhwal,2023-09-15,2023,09,29.9335690268,NRSC VIC MODEL
Uttarakhand,Tehri Garhwal,2023-10-10,2023,10,0.1974200903,NRSC VIC MODEL
Uttarakhand,Tehri Garhwal,2023-10-12,2023,10,0.113067164,NRSC VIC MODEL
Uttarakhand,Tehri Garhwal,2023-10-14,2023,10,0,NRSC VIC MODEL
Uttarakhand,Tehri Garhwal,2023-10-18,2023,10,6.0716132998,NRSC VIC MODEL
Uttarakhand,Tehri Garhwal,2023-10-27,2023,10,0.0107077672,NRSC VIC MODEL
Uttarakhand,Tehri Garhwal,2023-11-05,2023,11,0.0356426765,NRSC VIC MODEL
Uttarakhand,Tehri Garhwal,2023-11-07,2023,11,0,NRSC VIC MODEL
Uttarakhand,Tehri Garhwal,2023-11-16,2023,11,0,NRSC VIC MODEL
Uttarakhand,Tehri Garhwal,2023-11-17,2023,11,0,NRSC VIC MODEL
Uttarakhand,Tehri Garhwal,2023-11-18,2023,11,0,NRSC VIC MODEL
Uttarakhand,Tehri Garhwal,2023-12-01,2023,12,0.2446464717,NRSC VIC MODEL
Uttarakhand,Tehri Garhwal,2023-12-05,2023,12,7.6918771861,NRSC VIC MODEL
Uttarakhand,Tehri Garhwal,2023-12-11,2023,12,0,NRSC VIC MODEL
Uttarakhand,Tehri Garhwal,2023-12-15,2023,12,0.0043285255,NRSC VIC MODEL
Uttarakhand,Tehri Garhwal,2023-12-18,2023,12,0,NRSC VIC MODEL
Uttarakhand,Tehri Garhwal,2023-12-20,2023,12,0,NRSC VIC MODEL
Uttarakhand,Tehri Garhwal,2023-12-22,2023,12,0,NRSC VIC MODEL
Uttarakhand,Tehri Garhwal,2023-12-28,2023,12,0,NRSC VIC MODEL
Uttarakhand,Udam Singh Nagar,2023-01-01,2023,01,0,NRSC VIC MODEL
Uttarakhand,Udam Singh Nagar,2023-01-08,2023,01,0,NRSC VIC MODEL
Uttarakhand,Udam Singh Nagar,2023-01-10,2023,01,0.0010524932,NRSC VIC MODEL
Uttarakhand,Udam Singh Nagar,2023-01-20,2023,01,0.0649849651,NRSC VIC MODEL
Uttarakhand,Udam Singh Nagar,2023-02-12,2023,02,0.0002130996,NRSC VIC MODEL
Uttarakhand,Udam Singh Nagar,2023-02-14,2023,02,0,NRSC VIC MODEL
Uttarakhand,Udam Singh Nagar,2023-02-17,2023,02,0,NRSC VIC MODEL
Uttarakhand,Udam Singh Nagar,2023-02-22,2023,02,6.7044740892,NRSC VIC MODEL
Uttarakhand,Udam Singh Nagar,2023-03-02,2023,03,0.0824154248,NRSC VIC MODEL
Uttarakhand,Udam Singh Nagar,2023-03-06,2023,03,0.0416218803,NRSC VIC MODEL
Uttarakhand,Udam Singh Nagar,2023-03-17,2023,03,0.0001051478,NRSC VIC MODEL
Uttarakhand,Udam Singh Nagar,2023-03-19,2023,03,0.6409229155,NRSC VIC MODEL
Uttarakhand,Udam Singh Nagar,2023-03-20,2023,03,3.1351316908,NRSC VIC MODEL
Uttarakhand,Udam Singh Nagar,2023-03-23,2023,03,0.0004966155,NRSC VIC MODEL
Uttarakhand,Udam Singh Nagar,2023-04-01,2023,04,31.6447053275,NRSC VIC MODEL
Uttarakhand,Udam Singh Nagar,2023-04-05,2023,04,0.2506333426,NRSC VIC MODEL
Uttarakhand,Udam Singh Nagar,2023-04-17,2023,04,0,NRSC VIC MODEL
Uttarakhand,Udam Singh Nagar,2023-04-19,2023,04,0.0079456906,NRSC VIC MODEL
Uttarakhand,Udam Singh Nagar,2023-04-20,2023,04,2.0845335295,NRSC VIC MODEL
Uttarakhand,Udam Singh Nagar,2023-04-27,2023,04,0,NRSC VIC MODEL
Uttarakhand,Udam Singh Nagar,2023-04-29,2023,04,0.0001369554,NRSC VIC MODEL
Uttarakhand,Udam Singh Nagar,2023-05-08,2023,05,0.1222695705,NRSC VIC MODEL
Uttarakhand,Udam Singh Nagar,2023-05-09,2023,05,0.0187037756,NRSC VIC MODEL
Uttarakhand,Udam Singh Nagar,2023-05-10,2023,05,0.0002052708,NRSC VIC MODEL
Uttarakhand,Udam Singh Nagar,2023-05-27,2023,05,1.1012678877,NRSC VIC MODEL
Uttarakhand,Udam Singh Nagar,2023-05-28,2023,05,1.0216170604,NRSC VIC MODEL
Uttarakhand,Udam Singh Nagar,2023-05-31,2023,05,0.000134656,NRSC VIC MODEL
Uttarakhand,Udam Singh Nagar,2023-06-01,2023,06,0.391673998,NRSC VIC MODEL
Uttarakhand,Udam Singh Nagar,2023-06-12,2023,06,0.0001357687,NRSC VIC MODEL
Uttarakhand,Udam Singh Nagar,2023-06-17,2023,06,1.669e-06,NRSC VIC MODEL
Uttarakhand,Udam Singh Nagar,2023-06-20,2023,06,4.2949567771,NRSC VIC MODEL
Uttarakhand,Udam Singh Nagar,2023-06-25,2023,06,13.5082602695,NRSC VIC MODEL
Uttarakhand,Udam Singh Nagar,2023-06-26,2023,06,13.2308810661,NRSC VIC MODEL
Uttarakhand,Udam Singh Nagar,2023-06-30,2023,06,22.8899304314,NRSC VIC MODEL
Uttarakhand,Udam Singh Nagar,2023-07-04,2023,07,14.0876444041,NRSC VIC MODEL
Uttarakhand,Udam Singh Nagar,2023-07-08,2023,07,30.2320056335,NRSC VIC MODEL
Uttarakhand,Udam Singh Nagar,2023-07-19,2023,07,18.3540604763,NRSC VIC MODEL
Uttarakhand,Udam Singh Nagar,2023-07-22,2023,07,8.901699339,NRSC VIC MODEL
Uttarakhand,Udam Singh Nagar,2023-07-23,2023,07,0.2186158746,NRSC VIC MODEL
Uttarakhand,Udam Singh Nagar,2023-07-26,2023,07,4.7952535535,NRSC VIC MODEL
Uttarakhand,Udam Singh Nagar,2023-07-28,2023,07,20.6125664583,NRSC VIC MODEL
Uttarakhand,Udam Singh Nagar,2023-08-03,2023,08,13.3747622081,NRSC VIC MODEL
Uttarakhand,Udam Singh Nagar,2023-08-05,2023,08,1.8707665935,NRSC VIC MODEL
Uttarakhand,Udam Singh Nagar,2023-08-07,2023,08,20.5274847836,NRSC VIC MODEL
Uttarakhand,Udam Singh Nagar,2023-08-10,2023,08,46.0197417555,NRSC VIC MODEL
Uttarakhand,Udam Singh Nagar,2023-08-13,2023,08,1.6271026401,NRSC VIC MODEL
Uttarakhand,Udam Singh Nagar,2023-08-14,2023,08,25.5256323848,NRSC VIC MODEL
Uttarakhand,Udam Singh Nagar,2023-08-18,2023,08,12.9008870922,NRSC VIC MODEL
Uttarakhand,Udam Singh Nagar,2023-08-22,2023,08,27.5886302425,NRSC VIC MODEL
Uttarakhand,Udam Singh Nagar,2023-08-23,2023,08,31.6817496701,NRSC VIC MODEL
Uttarakhand,Udam Singh Nagar,2023-08-28,2023,08,0.0002934688,NRSC VIC MODEL
Uttarakhand,Udam Singh Nagar,2023-08-31,2023,08,0.0001079295,NRSC VIC MODEL
Uttarakhand,Udam Singh Nagar,2023-09-01,2023,09,0.0031967161,NRSC VIC MODEL
Uttarakhand,Udam Singh Nagar,2023-09-02,2023,09,0.0018179429,NRSC VIC MODEL
Uttarakhand,Udam Singh Nagar,2023-09-14,2023,09,0.006308396,NRSC VIC MODEL
Uttarakhand,Udam Singh Nagar,2023-09-18,2023,09,9.09531346,NRSC VIC MODEL
Uttarakhand,Udam Singh Nagar,2023-09-22,2023,09,5.2263974971,NRSC VIC MODEL
Uttarakhand,Udam Singh Nagar,2023-09-23,2023,09,7.8259084483,NRSC VIC MODEL
Uttarakhand,Udam Singh Nagar,2023-09-24,2023,09,11.0276320484,NRSC VIC MODEL
Uttarakhand,Udam Singh Nagar,2023-10-23,2023,10,0,NRSC VIC MODEL
Uttarakhand,Udam Singh Nagar,2023-10-24,2023,10,1.669e-06,NRSC VIC MODEL
Uttarakhand,Udam Singh Nagar,2023-10-30,2023,10,0,NRSC VIC MODEL
Uttarakhand,Udam Singh Nagar,2023-11-01,2023,11,0,NRSC VIC MODEL
Uttarakhand,Udam Singh Nagar,2023-11-05,2023,11,0,NRSC VIC MODEL
Uttarakhand,Udam Singh Nagar,2023-11-16,2023,11,0,NRSC VIC MODEL
Uttarakhand,Udam Singh Nagar,2023-11-20,2023,11,0,NRSC VIC MODEL
Uttarakhand,Udam Singh Nagar,2023-11-21,2023,11,0,NRSC VIC MODEL
Uttarakhand,Udam Singh Nagar,2023-11-22,2023,11,0,NRSC VIC MODEL
Uttarakhand,Udam Singh Nagar,2023-11-30,2023,11,0,NRSC VIC MODEL
Uttarakhand,Udam Singh Nagar,2023-12-05,2023,12,0.2733104806,NRSC VIC MODEL
Uttarakhand,Udam Singh Nagar,2023-12-09,2023,12,0,NRSC VIC MODEL
Uttarakhand,Udam Singh Nagar,2023-12-16,2023,12,0,NRSC VIC MODEL
Uttarakhand,Udam Singh Nagar,2023-12-18,2023,12,0,NRSC VIC MODEL
Uttarakhand,Udam Singh Nagar,2023-12-23,2023,12,0.0002287675,NRSC VIC MODEL
Uttarakhand,Udam Singh Nagar,2023-12-24,2023,12,0.0001322785,NRSC VIC MODEL
Uttarakhand,Udam Singh Nagar,2023-12-29,2023,12,0,NRSC VIC MODEL
Uttarakhand,Uttar Kashi,2023-01-12,2023,01,2.9958653852,NRSC VIC MODEL
Uttarakhand,Uttar Kashi,2023-01-20,2023,01,3.6072395045,NRSC VIC MODEL
Uttarakhand,Uttar Kashi,2023-01-27,2023,01,0.0860071362,NRSC VIC MODEL
Uttarakhand,Uttar Kashi,2023-02-07,2023,02,0.3815275008,NRSC VIC MODEL
Uttarakhand,Uttar Kashi,2023-02-08,2023,02,0,NRSC VIC MODEL
Uttarakhand,Uttar Kashi,2023-02-09,2023,02,0.6418617452,NRSC VIC MODEL
Uttarakhand,Uttar Kashi,2023-02-10,2023,02,6.8450173506,NRSC VIC MODEL
Uttarakhand,Uttar Kashi,2023-02-14,2023,02,0.0115080192,NRSC VIC MODEL
Uttarakhand,Uttar Kashi,2023-02-16,2023,02,0.0015123351,NRSC VIC MODEL
Uttarakhand,Uttar Kashi,2023-02-22,2023,02,15.5400234072,NRSC VIC MODEL
Uttarakhand,Uttar Kashi,2023-02-27,2023,02,0.0017515305,NRSC VIC MODEL
Uttarakhand,Uttar Kashi,2023-02-28,2023,02,0.007349414,NRSC VIC MODEL
Uttarakhand,Uttar Kashi,2023-03-03,2023,03,0,NRSC VIC MODEL
Uttarakhand,Uttar Kashi,2023-03-13,2023,03,2.2482324859,NRSC VIC MODEL
Uttarakhand,Uttar Kashi,2023-03-15,2023,03,0.1610791438,NRSC VIC MODEL
Uttarakhand,Uttar Kashi,2023-03-16,2023,03,0.9851717328,NRSC VIC MODEL
Uttarakhand,Uttar Kashi,2023-03-24,2023,03,0,NRSC VIC MODEL
Uttarakhand,Uttar Kashi,2023-03-25,2023,03,8.1263579422,NRSC VIC MODEL
Uttarakhand,Uttar Kashi,2023-04-01,2023,04,11.1245050133,NRSC VIC MODEL
Uttarakhand,Uttar Kashi,2023-04-06,2023,04,0.0764749546,NRSC VIC MODEL
Uttarakhand,Uttar Kashi,2023-04-10,2023,04,0.3028831662,NRSC VIC MODEL
Uttarakhand,Uttar Kashi,2023-04-15,2023,04,0.9374885244,NRSC VIC MODEL
Uttarakhand,Uttar Kashi,2023-04-18,2023,04,0.2131557504,NRSC VIC MODEL
Uttarakhand,Uttar Kashi,2023-04-23,2023,04,0.1292425475,NRSC VIC MODEL
Uttarakhand,Uttar Kashi,2023-05-02,2023,05,5.411574284,NRSC VIC MODEL
Uttarakhand,Uttar Kashi,2023-05-04,2023,05,4.4378917769,NRSC VIC MODEL
Uttarakhand,Uttar Kashi,2023-05-19,2023,05,0.5033864693,NRSC VIC MODEL
Uttarakhand,Uttar Kashi,2023-05-28,2023,05,2.2966950418,NRSC VIC MODEL
Uttarakhand,Uttar Kashi,2023-06-01,2023,06,14.4532999198,NRSC VIC MODEL
Uttarakhand,Uttar Kashi,2023-06-02,2023,06,4.2916095122,NRSC VIC MODEL
Uttarakhand,Uttar Kashi,2023-06-06,2023,06,3.9988979445,NRSC VIC MODEL
Uttarakhand,Uttar Kashi,2023-06-12,2023,06,0.6078846751,NRSC VIC MODEL
Uttarakhand,Uttar Kashi,2023-06-14,2023,06,1.1353850198,NRSC VIC MODEL
Uttarakhand,Uttar Kashi,2023-06-17,2023,06,0.1490555918,NRSC VIC MODEL
Uttarakhand,Uttar Kashi,2023-06-28,2023,06,0.9713376545,NRSC VIC MODEL
Uttarakhand,Uttar Kashi,2023-06-29,2023,06,0.5720955218,NRSC VIC MODEL
Uttarakhand,Uttar Kashi,2023-07-20,2023,07,10.1749273466,NRSC VIC MODEL
Uttarakhand,Uttar Kashi,2023-07-22,2023,07,15.5274207123,NRSC VIC MODEL
Uttarakhand,Uttar Kashi,2023-07-23,2023,07,5.6906515527,NRSC VIC MODEL
Uttarakhand,Uttar Kashi,2023-07-24,2023,07,0.4991574345,NRSC VIC MODEL
Uttarakhand,Uttar Kashi,2023-07-27,2023,07,8.5556191956,NRSC VIC MODEL
Uttarakhand,Uttar Kashi,2023-07-28,2023,07,0.6726917623,NRSC VIC MODEL
Uttarakhand,Uttar Kashi,2023-08-01,2023,08,1.2923212245,NRSC VIC MODEL
Uttarakhand,Uttar Kashi,2023-08-10,2023,08,1.5842687047,NRSC VIC MODEL
Uttarakhand,Uttar Kashi,2023-08-15,2023,08,2.4513899914,NRSC VIC MODEL
Uttarakhand,Uttar Kashi,2023-08-20,2023,08,3.4676253466,NRSC VIC MODEL
Uttarakhand,Uttar Kashi,2023-08-23,2023,08,7.1035457123,NRSC VIC MODEL
Uttarakhand,Uttar Kashi,2023-08-28,2023,08,0.638981614,NRSC VIC MODEL
Uttarakhand,Uttar Kashi,2023-09-01,2023,09,0.1320373354,NRSC VIC MODEL
Uttarakhand,Uttar Kashi,2023-09-03,2023,09,0.1682862357,NRSC VIC MODEL
Uttarakhand,Uttar Kashi,2023-09-09,2023,09,0.798556873,NRSC VIC MODEL
Uttarakhand,Champawat,2023-06-06,2023,06,3.6671644903,NRSC VIC MODEL
Uttarakhand,Champawat,2023-06-11,2023,06,0.0012796074,NRSC VIC MODEL
Uttarakhand,Champawat,2023-06-14,2023,06,0.7394417638,NRSC VIC MODEL
Uttarakhand,Champawat,2023-06-16,2023,06,0,NRSC VIC MODEL
Uttarakhand,Champawat,2023-06-26,2023,06,12.3313042215,NRSC VIC MODEL
Uttarakhand,Champawat,2023-06-29,2023,06,7.2196657047,NRSC VIC MODEL
Uttarakhand,Champawat,2023-07-04,2023,07,5.3086624866,NRSC VIC MODEL
Uttarakhand,Champawat,2023-07-08,2023,07,26.4084386834,NRSC VIC MODEL
Uttarakhand,Champawat,2023-07-20,2023,07,1.0394479671,NRSC VIC MODEL
Uttarakhand,Champawat,2023-07-23,2023,07,3.0062379011,NRSC VIC MODEL
Uttarakhand,Champawat,2023-07-27,2023,07,4.2929405742,NRSC VIC MODEL
Uttarakhand,Champawat,2023-08-03,2023,08,10.5004662535,NRSC VIC MODEL
Uttarakhand,Champawat,2023-08-07,2023,08,2.5269127453,NRSC VIC MODEL
Uttarakhand,Champawat,2023-08-13,2023,08,0.7442091976,NRSC VIC MODEL
Uttarakhand,Champawat,2023-08-21,2023,08,0.0261385417,NRSC VIC MODEL
Uttarakhand,Champawat,2023-08-22,2023,08,6.0822654861,NRSC VIC MODEL
Uttarakhand,Champawat,2023-09-02,2023,09,0.0004640675,NRSC VIC MODEL
Uttarakhand,Champawat,2023-09-12,2023,09,0.2700241803,NRSC VIC MODEL
Uttarakhand,Champawat,2023-09-27,2023,09,0,NRSC VIC MODEL
Uttarakhand,Champawat,2023-09-28,2023,09,0.000656766,NRSC VIC MODEL
Uttarakhand,Champawat,2023-09-29,2023,09,0,NRSC VIC MODEL
Uttarakhand,Champawat,2023-10-01,2023,10,0.0010630821,NRSC VIC MODEL
Uttarakhand,Champawat,2023-10-08,2023,10,0.0061239733,NRSC VIC MODEL
Uttarakhand,Champawat,2023-10-10,2023,10,0.0001165057,NRSC VIC MODEL
Uttarakhand,Champawat,2023-10-14,2023,10,0,NRSC VIC MODEL
Uttarakhand,Champawat,2023-11-04,2023,11,0.0001165057,NRSC VIC MODEL
Uttarakhand,Champawat,2023-11-17,2023,11,0,NRSC VIC MODEL
Uttarakhand,Champawat,2023-11-28,2023,11,0.4409289869,NRSC VIC MODEL
Uttarakhand,Champawat,2023-12-06,2023,12,0,NRSC VIC MODEL
Uttarakhand,Champawat,2023-12-08,2023,12,0,NRSC VIC MODEL
Uttarakhand,Champawat,2023-12-13,2023,12,0,NRSC VIC MODEL
Uttarakhand,Champawat,2023-12-14,2023,12,0,NRSC VIC MODEL
Uttarakhand,Champawat,2023-12-17,2023,12,0,NRSC VIC MODEL
Uttarakhand,Champawat,2023-12-25,2023,12,0.0009320456,NRSC VIC MODEL
Uttarakhand,Champawat,2023-12-27,2023,12,0,NRSC VIC MODEL
Uttarakhand,Champawat,2023-12-31,2023,12,0,NRSC VIC MODEL
Uttarakhand,Dehradun,2023-01-06,2023,01,0,NRSC VIC MODEL
Uttarakhand,Dehradun,2023-01-27,2023,01,0.0004092165,NRSC VIC MODEL
Uttarakhand,Dehradun,2023-01-28,2023,01,0,NRSC VIC MODEL
Uttarakhand,Dehradun,2023-01-30,2023,01,21.8179291969,NRSC VIC MODEL
Uttarakhand,Dehradun,2023-02-05,2023,02,0,NRSC VIC MODEL
Uttarakhand,Dehradun,2023-02-14,2023,02,0,NRSC VIC MODEL
Uttarakhand,Dehradun,2023-02-16,2023,02,0,NRSC VIC MODEL
Uttarakhand,Dehradun,2023-02-20,2023,02,0,NRSC VIC MODEL
Uttarakhand,Dehradun,2023-02-23,2023,02,0,NRSC VIC MODEL
Uttarakhand,Dehradun,2023-03-08,2023,03,0.0003987868,NRSC VIC MODEL
Uttarakhand,Dehradun,2023-03-19,2023,03,5.2556302718,NRSC VIC MODEL
Uttarakhand,Dehradun,2023-03-22,2023,03,7.3786929422,NRSC VIC MODEL
Uttarakhand,Dehradun,2023-03-24,2023,03,0.0001484546,NRSC VIC MODEL
Uttarakhand,Dehradun,2023-03-25,2023,03,6.8938034291,NRSC VIC MODEL
Uttarakhand,Dehradun,2023-03-26,2023,03,7.3550655088,NRSC VIC MODEL
Uttarakhand,Dehradun,2023-03-27,2023,03,0.0042685843,NRSC VIC MODEL
Uttarakhand,Dehradun,2023-03-31,2023,03,11.4132457415,NRSC VIC MODEL
Uttarakhand,Dehradun,2023-04-03,2023,04,0.1261079118,NRSC VIC MODEL
Uttarakhand,Dehradun,2023-04-04,2023,04,0.5185922682,NRSC VIC MODEL
Uttarakhand,Dehradun,2023-04-06,2023,04,0.0008503398,NRSC VIC MODEL
Uttarakhand,Dehradun,2023-04-09,2023,04,0.0048930775,NRSC VIC MODEL
Uttarakhand,Dehradun,2023-04-18,2023,04,3.06759e-05,NRSC VIC MODEL
Uttarakhand,Dehradun,2023-04-20,2023,04,17.6780958932,NRSC VIC MODEL
Uttarakhand,Dehradun,2023-04-21,2023,04,11.613581372,NRSC VIC MODEL
Uttarakhand,Dehradun,2023-04-22,2023,04,0.0892672436,NRSC VIC MODEL
Uttarakhand,Dehradun,2023-04-27,2023,04,0.2041522382,NRSC VIC MODEL
Uttarakhand,Dehradun,2023-04-29,2023,04,0.4668282586,NRSC VIC MODEL
Uttarakhand,Dehradun,2023-05-03,2023,05,6.4786335198,NRSC VIC MODEL
Uttarakhand,Dehradun,2023-05-04,2023,05,13.3020924496,NRSC VIC MODEL
Uttarakhand,Dehradun,2023-05-05,2023,05,3.7735915373,NRSC VIC MODEL
Uttarakhand,Dehradun,2023-05-14,2023,05,0.2210656163,NRSC VIC MODEL
Uttarakhand,Dehradun,2023-05-17,2023,05,0,NRSC VIC MODEL
Uttarakhand,Dehradun,2023-05-19,2023,05,0.0025302966,NRSC VIC MODEL
Uttarakhand,Dehradun,2023-05-31,2023,05,7.608353968,NRSC VIC MODEL
Uttarakhand,Dehradun,2023-06-01,2023,06,41.2843915846,NRSC VIC MODEL
Uttarakhand,Dehradun,2023-06-09,2023,06,0.9693278371,NRSC VIC MODEL
Uttarakhand,Dehradun,2023-06-13,2023,06,0.3373884358,NRSC VIC MODEL
Uttarakhand,Dehradun,2023-06-28,2023,06,7.9374398683,NRSC VIC MODEL
Uttarakhand,Dehradun,2023-07-04,2023,07,18.0786814048,NRSC VIC MODEL
Uttarakhand,Dehradun,2023-07-06,2023,07,41.8228749376,NRSC VIC MODEL
Uttarakhand,Dehradun,2023-07-07,2023,07,3.7953841555,NRSC VIC MODEL
Uttarakhand,Dehradun,2023-07-17,2023,07,8.3622591803,NRSC VIC MODEL
Uttarakhand,Dehradun,2023-07-28,2023,07,3.8854071359,NRSC VIC MODEL
Uttarakhand,Dehradun,2023-07-29,2023,07,23.2410141051,NRSC VIC MODEL
Uttarakhand,Dehradun,2023-08-02,2023,08,7.1601572938,NRSC VIC MODEL
Uttarakhand,Dehradun,2023-08-07,2023,08,23.9331527484,NRSC VIC MODEL
Uttarakhand,Dehradun,2023-08-11,2023,08,43.2573878595,NRSC VIC MODEL
Uttarakhand,Dehradun,2023-09-03,2023,09,0.0053925423,NRSC VIC MODEL
Uttarakhand,Dehradun,2023-09-05,2023,09,2.6846789791,NRSC VIC MODEL
Uttarakhand,Dehradun,2023-09-13,2023,09,10.0379206203,NRSC VIC MODEL
Uttarakhand,Dehradun,2023-09-17,2023,09,2.6476293343,NRSC VIC MODEL
Uttarakhand,Dehradun,2023-09-22,2023,09,0,NRSC VIC MODEL
Uttarakhand,Dehradun,2023-10-07,2023,10,0,NRSC VIC MODEL
Uttarakhand,Dehradun,2023-10-09,2023,10,0,NRSC VIC MODEL
Uttarakhand,Dehradun,2023-10-28,2023,10,0,NRSC VIC MODEL
Uttarakhand,Dehradun,2023-11-08,2023,11,0,NRSC VIC MODEL
Uttarakhand,Dehradun,2023-11-11,2023,11,1.8590437388,NRSC VIC MODEL
Uttarakhand,Dehradun,2023-11-15,2023,11,0,NRSC VIC MODEL
Uttarakhand,Dehradun,2023-11-21,2023,11,0,NRSC VIC MODEL
Uttarakhand,Dehradun,2023-11-22,2023,11,0,NRSC VIC MODEL
Uttarakhand,Dehradun,2023-12-04,2023,12,0.0008690373,NRSC VIC MODEL
Uttarakhand,Dehradun,2023-12-09,2023,12,0,NRSC VIC MODEL
Uttarakhand,Dehradun,2023-12-19,2023,12,0,NRSC VIC MODEL
Uttarakhand,Dehradun,2023-12-20,2023,12,0,NRSC VIC MODEL
Uttarakhand,Haridwar,2023-01-05,2023,01,0,NRSC VIC MODEL
Uttarakhand,Haridwar,2023-01-06,2023,01,0,NRSC VIC MODEL
Uttarakhand,Haridwar,2023-01-12,2023,01,0.0203142984,NRSC VIC MODEL
Uttarakhand,Haridwar,2023-01-13,2023,01,0.0209903386,NRSC VIC MODEL
Uttarakhand,Haridwar,2023-01-17,2023,01,0,NRSC VIC MODEL
Uttarakhand,Haridwar,2023-01-20,2023,01,3.6007914778,NRSC VIC MODEL
Uttarakhand,Haridwar,2023-01-25,2023,01,1.6506539353,NRSC VIC MODEL
Uttarakhand,Haridwar,2023-01-28,2023,01,0,NRSC VIC MODEL
Uttarakhand,Haridwar,2023-01-30,2023,01,7.3879661108,NRSC VIC MODEL
Uttarakhand,Haridwar,2023-02-04,2023,02,0,NRSC VIC MODEL
Uttarakhand,Haridwar,2023-02-10,2023,02,0.0001757403,NRSC VIC MODEL
Uttarakhand,Haridwar,2023-02-13,2023,02,0,NRSC VIC MODEL
Uttarakhand,Haridwar,2023-02-17,2023,02,0,NRSC VIC MODEL
Uttarakhand,Haridwar,2023-02-23,2023,02,0,NRSC VIC MODEL
Uttarakhand,Haridwar,2023-02-24,2023,02,0,NRSC VIC MODEL
Uttarakhand,Haridwar,2023-03-01,2023,03,0.0011223442,NRSC VIC MODEL
Uttarakhand,Haridwar,2023-03-05,2023,03,0,NRSC VIC MODEL
Uttarakhand,Haridwar,2023-03-19,2023,03,0.9096949523,NRSC VIC MODEL
Uttarakhand,Haridwar,2023-03-20,2023,03,0.2160634169,NRSC VIC MODEL
Uttarakhand,Haridwar,2023-03-21,2023,03,17.1692577823,NRSC VIC MODEL
Uttarakhand,Haridwar,2023-03-22,2023,03,0.8449465669,NRSC VIC MODEL
Uttarakhand,Haridwar,2023-03-25,2023,03,2.6933816067,NRSC VIC MODEL
Uttarakhand,Haridwar,2023-03-29,2023,03,0,NRSC VIC MODEL
Uttarakhand,Haridwar,2023-04-06,2023,04,0.0016450013,NRSC VIC MODEL
Uttarakhand,Haridwar,2023-04-18,2023,04,0,NRSC VIC MODEL
Uttarakhand,Haridwar,2023-04-30,2023,04,0.2252842113,NRSC VIC MODEL
Uttarakhand,Haridwar,2023-05-06,2023,05,0.0007029611,NRSC VIC MODEL
Uttarakhand,Haridwar,2023-05-07,2023,05,0.0033944477,NRSC VIC MODEL
Uttarakhand,Haridwar,2023-05-10,2023,05,0.000913108,NRSC VIC MODEL
Uttarakhand,Haridwar,2023-05-17,2023,05,0,NRSC VIC MODEL
Uttarakhand,Haridwar,2023-05-20,2023,05,0,NRSC VIC MODEL
Uttarakhand,Haridwar,2023-05-22,2023,05,0,NRSC VIC MODEL
Uttarakhand,Haridwar,2023-05-23,2023,05,0,NRSC VIC MODEL
Uttarakhand,Haridwar,2023-05-27,2023,05,1.0353250933,NRSC VIC MODEL
Uttarakhand,Haridwar,2023-05-31,2023,05,1.9305795537,NRSC VIC MODEL
Uttarakhand,Haridwar,2023-06-01,2023,06,0.8612103199,NRSC VIC MODEL
Uttarakhand,Haridwar,2023-06-30,2023,06,19.4943915268,NRSC VIC MODEL
Uttarakhand,Haridwar,2023-07-01,2023,07,16.2609595976,NRSC VIC MODEL
Uttarakhand,Haridwar,2023-07-02,2023,07,1.5775451231,NRSC VIC MODEL
Uttarakhand,Haridwar,2023-07-04,2023,07,10.2516523718,NRSC VIC MODEL
Uttarakhand,Haridwar,2023-07-10,2023,07,54.5154941723,NRSC VIC MODEL
Uttarakhand,Haridwar,2023-08-01,2023,08,2.02786115,NRSC VIC MODEL
Uttarakhand,Haridwar,2023-08-02,2023,08,2.1704938376,NRSC VIC MODEL
Uttarakhand,Haridwar,2023-08-03,2023,08,15.7456324896,NRSC VIC MODEL
Uttarakhand,Haridwar,2023-08-04,2023,08,39.1593573655,NRSC VIC MODEL
Uttarakhand,Haridwar,2023-08-05,2023,08,20.8674597334,NRSC VIC MODEL
Uttarakhand,Haridwar,2023-08-15,2023,08,0.6683389436,NRSC VIC MODEL
Uttarakhand,Haridwar,2023-08-20,2023,08,6.9323670764,NRSC VIC MODEL
Uttarakhand,Haridwar,2023-09-07,2023,09,13.7052847195,NRSC VIC MODEL
Uttarakhand,Haridwar,2023-09-11,2023,09,16.3817447686,NRSC VIC MODEL
Uttarakhand,Haridwar,2023-09-29,2023,09,0,NRSC VIC MODEL
Uttarakhand,Haridwar,2023-10-08,2023,10,0,NRSC VIC MODEL
Uttarakhand,Haridwar,2023-10-09,2023,10,0,NRSC VIC MODEL
Uttarakhand,Haridwar,2023-10-10,2023,10,0.427950989,NRSC VIC MODEL
Uttarakhand,Haridwar,2023-10-23,2023,10,0.0004442863,NRSC VIC MODEL
Uttarakhand,Haridwar,2023-10-28,2023,10,0,NRSC VIC MODEL
Uttarakhand,Haridwar,2023-11-08,2023,11,0,NRSC VIC MODEL
Uttarakhand,Haridwar,2023-11-09,2023,11,0,NRSC VIC MODEL
Uttarakhand,Haridwar,2023-11-21,2023,11,0,NRSC VIC MODEL
Uttarakhand,Haridwar,2023-11-26,2023,11,0,NRSC VIC MODEL
Uttarakhand,Haridwar,2023-12-03,2023,12,0,NRSC VIC MODEL
Uttarakhand,Haridwar,2023-12-09,2023,12,0,NRSC VIC MODEL
Uttarakhand,Haridwar,2023-12-12,2023,12,0,NRSC VIC MODEL
Uttarakhand,Pithoragarh,2023-03-30,2023,03,0.0104473617,NRSC VIC MODEL
Uttarakhand,Pithoragarh,2023-04-07,2023,04,0,NRSC VIC MODEL
Uttarakhand,Pithoragarh,2023-04-08,2023,04,2.0382149265,NRSC VIC MODEL
Uttarakhand,Pithoragarh,2023-04-12,2023,04,0.1957515546,NRSC VIC MODEL
Uttarakhand,Pithoragarh,2023-04-14,2023,04,0.0105956415,NRSC VIC MODEL
Uttarakhand,Pithoragarh,2023-04-18,2023,04,0.1752885832,NRSC VIC MODEL
Uttarakhand,Pithoragarh,2023-04-23,2023,04,0.0244000873,NRSC VIC MODEL
Uttarakhand,Pithoragarh,2023-05-04,2023,05,3.0578803799,NRSC VIC MODEL
Uttarakhand,Pithoragarh,2023-05-10,2023,05,0.6880159587,NRSC VIC MODEL
Uttarakhand,Pithoragarh,2023-05-11,2023,05,0.0810777974,NRSC VIC MODEL
Uttarakhand,Pithoragarh,2023-05-12,2023,05,0.2809716767,NRSC VIC MODEL
Uttarakhand,Pithoragarh,2023-05-13,2023,05,0.3240403848,NRSC VIC MODEL
Uttarakhand,Pithoragarh,2023-05-16,2023,05,0.2569427361,NRSC VIC MODEL
Uttarakhand,Pithoragarh,2023-05-17,2023,05,0.0415781743,NRSC VIC MODEL
Uttarakhand,Pithoragarh,2023-05-18,2023,05,3.2208395746,NRSC VIC MODEL
Uttarakhand,Pithoragarh,2023-05-21,2023,05,4.0659778865,NRSC VIC MODEL
Uttarakhand,Pithoragarh,2023-05-26,2023,05,7.8003185374,NRSC VIC MODEL
Uttarakhand,Pithoragarh,2023-06-04,2023,06,0.0104643389,NRSC VIC MODEL
Uttarakhand,Pithoragarh,2023-06-06,2023,06,1.8209627745,NRSC VIC MODEL
Uttarakhand,Pithoragarh,2023-06-09,2023,06,1.6103584399,NRSC VIC MODEL
Uttarakhand,Pithoragarh,2023-06-13,2023,06,3.6403037115,NRSC VIC MODEL
Uttarakhand,Pithoragarh,2023-06-15,2023,06,1.438553173,NRSC VIC MODEL
Uttarakhand,Pithoragarh,2023-06-18,2023,06,0.3395302006,NRSC VIC MODEL
Uttarakhand,Pithoragarh,2023-06-22,2023,06,8.3034582085,NRSC VIC MODEL
Uttarakhand,Pithoragarh,2023-06-26,2023,06,7.6160611895,NRSC VIC MODEL
Uttarakhand,Pithoragarh,2023-07-01,2023,07,15.7091957998,NRSC VIC MODEL
Uttarakhand,Pithoragarh,2023-07-10,2023,07,5.7489821514,NRSC VIC MODEL
Uttarakhand,Pithoragarh,2023-08-18,2023,08,6.7684248695,NRSC VIC MODEL
Uttarakhand,Pithoragarh,2023-08-24,2023,08,16.5485698145,NRSC VIC MODEL
Uttarakhand,Pithoragarh,2023-08-28,2023,08,2.0493622203,NRSC VIC MODEL
Uttarakhand,Pithoragarh,2023-09-03,2023,09,0.5765946167,NRSC VIC MODEL
Uttarakhand,Pithoragarh,2023-09-09,2023,09,1.0147175243,NRSC VIC MODEL
Uttarakhand,Pithoragarh,2023-09-12,2023,09,0.3640922355,NRSC VIC MODEL
Uttarakhand,Pithoragarh,2023-09-14,2023,09,4.2513969207,NRSC VIC MODEL
Uttarakhand,Pithoragarh,2023-09-15,2023,09,2.9076350041,NRSC VIC MODEL
Uttarakhand,Pithoragarh,2023-09-17,2023,09,2.6026748027,NRSC VIC MODEL
Uttarakhand,Pithoragarh,2023-09-20,2023,09,3.4532250683,NRSC VIC MODEL
Uttarakhand,Pithoragarh,2023-09-29,2023,09,0.3571358835,NRSC VIC MODEL
Uttarakhand,Pithoragarh,2023-10-01,2023,10,0.8611518807,NRSC VIC MODEL
Uttarakhand,Pithoragarh,2023-10-17,2023,10,6.2784448686,NRSC VIC MODEL
Uttarakhand,Pithoragarh,2023-10-18,2023,10,0.0977621871,NRSC VIC MODEL
Uttarakhand,Pithoragarh,2023-10-25,2023,10,0.1098475492,NRSC VIC MODEL
Uttarakhand,Pithoragarh,2023-11-02,2023,11,0.1169480664,NRSC VIC MODEL
Uttarakhand,Pithoragarh,2023-11-03,2023,11,0.0067256398,NRSC VIC MODEL
Uttarakhand,Pithoragarh,2023-11-08,2023,11,0,NRSC VIC MODEL
Uttarakhand,Pithoragarh,2023-11-23,2023,11,0,NRSC VIC MODEL
Uttarakhand,Pithoragarh,2023-11-25,2023,11,0.002009108,NRSC VIC MODEL
Uttarakhand,Pithoragarh,2023-11-29,2023,11,1.84651e-05,NRSC VIC MODEL
Uttarakhand,Pithoragarh,2023-11-30,2023,11,0.0092418969,NRSC VIC MODEL
Uttarakhand,Pithoragarh,2023-12-04,2023,12,1.0333099813,NRSC VIC MODEL
Uttarakhand,Pithoragarh,2023-12-05,2023,12,0.1484019813,NRSC VIC MODEL
Uttarakhand,Pithoragarh,2023-12-06,2023,12,0.0687138946,NRSC VIC MODEL
Uttarakhand,Almora,2023-01-04,2023,01,0,NRSC VIC MODEL
Uttarakhand,Almora,2023-01-07,2023,01,0,NRSC VIC MODEL
Uttarakhand,Almora,2023-01-13,2023,01,0.5405007298,NRSC VIC MODEL
Uttarakhand,Almora,2023-01-15,2023,01,0.3706299353,NRSC VIC MODEL
Uttarakhand,Almora,2023-01-17,2023,01,0,NRSC VIC MODEL
Uttarakhand,Almora,2023-01-18,2023,01,0,NRSC VIC MODEL
Uttarakhand,Almora,2023-01-22,2023,01,1.78382e-05,NRSC VIC MODEL
Uttarakhand,Almora,2023-01-24,2023,01,0.1483092585,NRSC VIC MODEL
Uttarakhand,Almora,2023-01-31,2023,01,12.5515652806,NRSC VIC MODEL
Uttarakhand,Almora,2023-02-06,2023,02,0,NRSC VIC MODEL
Uttarakhand,Almora,2023-02-12,2023,02,0.9105721121,NRSC VIC MODEL
Uttarakhand,Almora,2023-02-13,2023,02,0.1041142002,NRSC VIC MODEL
Uttarakhand,Almora,2023-03-04,2023,03,0,NRSC VIC MODEL
Uttarakhand,Almora,2023-03-08,2023,03,0,NRSC VIC MODEL
Uttarakhand,Almora,2023-03-11,2023,03,0,NRSC VIC MODEL
Uttarakhand,Almora,2023-03-27,2023,03,0.7405209208,NRSC VIC MODEL
Uttarakhand,Almora,2023-04-05,2023,04,3.6105316683,NRSC VIC MODEL
Uttarakhand,Almora,2023-04-10,2023,04,0.2850196852,NRSC VIC MODEL
Uttarakhand,Almora,2023-04-15,2023,04,0,NRSC VIC MODEL
Uttarakhand,Almora,2023-04-17,2023,04,2.21816e-05,NRSC VIC MODEL
Uttarakhand,Almora,2023-04-18,2023,04,1.78382e-05,NRSC VIC MODEL
Uttarakhand,Almora,2023-04-19,2023,04,0.0106331054,NRSC VIC MODEL
Uttarakhand,Almora,2023-04-20,2023,04,3.1268817379,NRSC VIC MODEL
Uttarakhand,Almora,2023-04-24,2023,04,0.0464534772,NRSC VIC MODEL
Uttarakhand,Almora,2023-05-02,2023,05,19.8700120446,NRSC VIC MODEL
Uttarakhand,Almora,2023-05-10,2023,05,0.2510797546,NRSC VIC MODEL
Uttarakhand,Almora,2023-05-12,2023,05,0.0032063538,NRSC VIC MODEL
Uttarakhand,Almora,2023-05-13,2023,05,0.0011762979,NRSC VIC MODEL
Uttarakhand,Almora,2023-05-23,2023,05,1.4050660521,NRSC VIC MODEL
Uttarakhand,Almora,2023-05-24,2023,05,5.905532356,NRSC VIC MODEL
Uttarakhand,Almora,2023-05-30,2023,05,3.0602103883,NRSC VIC MODEL
Uttarakhand,Almora,2023-06-07,2023,06,1.6044275655,NRSC VIC MODEL
Uttarakhand,Almora,2023-06-10,2023,06,0.0785554208,NRSC VIC MODEL
Uttarakhand,Almora,2023-06-16,2023,06,0.0012119787,NRSC VIC MODEL
Uttarakhand,Almora,2023-06-19,2023,06,2.9196568427,NRSC VIC MODEL
Uttarakhand,Almora,2023-06-21,2023,06,0.6856041605,NRSC VIC MODEL
Uttarakhand,Almora,2023-06-24,2023,06,1.3872525416,NRSC VIC MODEL
Uttarakhand,Almora,2023-07-07,2023,07,20.3400037054,NRSC VIC MODEL
Uttarakhand,Almora,2023-07-09,2023,07,25.7193974933,NRSC VIC MODEL
Uttarakhand,Almora,2023-07-15,2023,07,1.4700374628,NRSC VIC MODEL
Uttarakhand,Almora,2023-07-21,2023,07,2.1169388899,NRSC VIC MODEL
Uttarakhand,Almora,2023-07-22,2023,07,9.660107446,NRSC VIC MODEL
Uttarakhand,Almora,2023-07-25,2023,07,3.6537149865,NRSC VIC MODEL
Uttarakhand,Almora,2023-08-03,2023,08,10.6425692171,NRSC VIC MODEL
Uttarakhand,Almora,2023-08-04,2023,08,21.4148431274,NRSC VIC MODEL
Uttarakhand,Almora,2023-08-12,2023,08,1.9647869265,NRSC VIC MODEL
Uttarakhand,Almora,2023-08-14,2023,08,17.9937451782,NRSC VIC MODEL
Uttarakhand,Almora,2023-08-15,2023,08,2.8091211675,NRSC VIC MODEL
Uttarakhand,Almora,2023-08-17,2023,08,0.0024564547,NRSC VIC MODEL
Uttarakhand,Almora,2023-08-24,2023,08,12.1891041133,NRSC VIC MODEL
Uttarakhand,Almora,2023-09-04,2023,09,0.2038526866,NRSC VIC MODEL
Uttarakhand,Almora,2023-09-06,2023,09,0.9790169865,NRSC VIC MODEL
Uttarakhand,Almora,2023-09-07,2023,09,0.232199378,NRSC VIC MODEL
Uttarakhand,Almora,2023-09-08,2023,09,11.2324172284,NRSC VIC MODEL
Uttarakhand,Almora,2023-09-18,2023,09,1.0380455503,NRSC VIC MODEL
Uttarakhand,Almora,2023-09-23,2023,09,0.095042663,NRSC VIC MODEL
Uttarakhand,Almora,2023-09-24,2023,09,0.0122675873,NRSC VIC MODEL
Uttarakhand,Almora,2023-09-25,2023,09,0.0019522266,NRSC VIC MODEL
Uttarakhand,Almora,2023-10-07,2023,10,3.90445e-05,NRSC VIC MODEL
Uttarakhand,Almora,2023-10-10,2023,10,0.5883922651,NRSC VIC MODEL
Uttarakhand,Almora,2023-10-11,2023,10,0.0058444177,NRSC VIC MODEL
Uttarakhand,Almora,2023-10-13,2023,10,0,NRSC VIC MODEL
Uttarakhand,Almora,2023-10-24,2023,10,0.038860383,NRSC VIC MODEL
Uttarakhand,Almora,2023-10-25,2023,10,0,NRSC VIC MODEL
Uttarakhand,Almora,2023-11-01,2023,11,0.0003904938,NRSC VIC MODEL
Uttarakhand,Almora,2023-11-02,2023,11,0,NRSC VIC MODEL
Uttarakhand,Almora,2023-11-03,2023,11,0,NRSC VIC MODEL
Uttarakhand,Almora,2023-11-06,2023,11,0.0013430329,NRSC VIC MODEL
Uttarakhand,Almora,2023-11-11,2023,11,1.7623140368,NRSC VIC MODEL
Uttarakhand,Pithoragarh,2023-03-21,2023,03,4.5685177865,NRSC VIC MODEL
Uttarakhand,Pithoragarh,2023-03-27,2023,03,2.0469345517,NRSC VIC MODEL
Uttarakhand,Pithoragarh,2023-03-28,2023,03,0.0424089717,NRSC VIC MODEL
Uttarakhand,Pithoragarh,2023-04-01,2023,04,13.4435570629,NRSC VIC MODEL
Uttarakhand,Pithoragarh,2023-04-02,2023,04,0.5420874605,NRSC VIC MODEL
Uttarakhand,Pithoragarh,2023-04-21,2023,04,15.8198604683,NRSC VIC MODEL
Uttarakhand,Pithoragarh,2023-04-22,2023,04,1.0048337539,NRSC VIC MODEL
Uttarakhand,Pithoragarh,2023-04-24,2023,04,0.0126167157,NRSC VIC MODEL
Uttarakhand,Pithoragarh,2023-04-26,2023,04,0.0065073999,NRSC VIC MODEL
Uttarakhand,Pithoragarh,2023-04-29,2023,04,0.0023967871,NRSC VIC MODEL
Uttarakhand,Pithoragarh,2023-04-30,2023,04,3.9018951832,NRSC VIC MODEL
Uttarakhand,Pithoragarh,2023-05-01,2023,05,2.557736317,NRSC VIC MODEL
Uttarakhand,Pithoragarh,2023-05-02,2023,05,8.2985190873,NRSC VIC MODEL
Uttarakhand,Pithoragarh,2023-05-05,2023,05,2.5857317354,NRSC VIC MODEL
Uttarakhand,Pithoragarh,2023-05-08,2023,05,0.8598931522,NRSC VIC MODEL
Uttarakhand,Pithoragarh,2023-05-09,2023,05,0.5972172009,NRSC VIC MODEL
Uttarakhand,Pithoragarh,2023-05-28,2023,05,1.8298969404,NRSC VIC MODEL
Uttarakhand,Pithoragarh,2023-06-12,2023,06,0.9713753456,NRSC VIC MODEL
Uttarakhand,Pithoragarh,2023-06-29,2023,06,2.1887537792,NRSC VIC MODEL
Uttarakhand,Pithoragarh,2023-07-03,2023,07,3.3884710967,NRSC VIC MODEL
Uttarakhand,Pithoragarh,2023-07-05,2023,07,6.4802973735,NRSC VIC MODEL
Uttarakhand,Pithoragarh,2023-07-09,2023,07,23.873289987,NRSC VIC MODEL
Uttarakhand,Pithoragarh,2023-07-12,2023,07,2.7522546777,NRSC VIC MODEL
Uttarakhand,Pithoragarh,2023-07-16,2023,07,4.4096430562,NRSC VIC MODEL
Uttarakhand,Pithoragarh,2023-07-25,2023,07,3.7291274709,NRSC VIC MODEL
Uttarakhand,Pithoragarh,2023-07-29,2023,07,15.3800271401,NRSC VIC MODEL
Uttarakhand,Pithoragarh,2023-07-30,2023,07,1.288934195,NRSC VIC MODEL
Uttarakhand,Pithoragarh,2023-07-31,2023,07,4.1090726014,NRSC VIC MODEL
Uttarakhand,Pithoragarh,2023-08-03,2023,08,7.66848555,NRSC VIC MODEL
Uttarakhand,Pithoragarh,2023-08-04,2023,08,8.1359295864,NRSC VIC MODEL
Uttarakhand,Pithoragarh,2023-08-11,2023,08,4.1757106606,NRSC VIC MODEL
Uttarakhand,Pithoragarh,2023-08-12,2023,08,12.0756872028,NRSC VIC MODEL
Uttarakhand,Pithoragarh,2023-08-13,2023,08,8.1280473713,NRSC VIC MODEL
Uttarakhand,Pithoragarh,2023-08-15,2023,08,2.8099815703,NRSC VIC MODEL
Uttarakhand,Pithoragarh,2023-08-16,2023,08,0.0176618594,NRSC VIC MODEL
Uttarakhand,Pithoragarh,2023-08-22,2023,08,18.3621739169,NRSC VIC MODEL
Uttarakhand,Pithoragarh,2023-08-30,2023,08,0.2993862014,NRSC VIC MODEL
Uttarakhand,Pithoragarh,2023-08-31,2023,08,0.4522142522,NRSC VIC MODEL
Uttarakhand,Pithoragarh,2023-09-05,2023,09,4.8624297971,NRSC VIC MODEL
Uttarakhand,Pithoragarh,2023-09-06,2023,09,2.4928390335,NRSC VIC MODEL
Uttarakhand,Pithoragarh,2023-09-16,2023,09,2.4304532975,NRSC VIC MODEL
Uttarakhand,Pithoragarh,2023-09-26,2023,09,0.4686240871,NRSC VIC MODEL
Uttarakhand,Pithoragarh,2023-09-30,2023,09,0.1321669353,NRSC VIC MODEL
Uttarakhand,Pithoragarh,2023-10-10,2023,10,0.1545998069,NRSC VIC MODEL
Uttarakhand,Pithoragarh,2023-10-13,2023,10,0,NRSC VIC MODEL
Uttarakhand,Pithoragarh,2023-10-28,2023,10,0.0010197564,NRSC VIC MODEL
Uttarakhand,Pithoragarh,2023-10-30,2023,10,0.0029489988,NRSC VIC MODEL
Uttarakhand,Pithoragarh,2023-11-04,2023,11,0.0001747715,NRSC VIC MODEL
Uttarakhand,Pithoragarh,2023-11-09,2023,11,0.8424396044,NRSC VIC MODEL
Uttarakhand,Pithoragarh,2023-11-10,2023,11,0.0016341665,NRSC VIC MODEL
Uttarakhand,Pithoragarh,2023-11-12,2023,11,0.0178728,NRSC VIC MODEL
Uttarakhand,Pithoragarh,2023-11-16,2023,11,0,NRSC VIC MODEL
Uttarakhand,Pithoragarh,2023-11-18,2023,11,0,NRSC VIC MODEL
Uttarakhand,Pithoragarh,2023-11-19,2023,11,0.0036796528,NRSC VIC MODEL
Uttarakhand,Pithoragarh,2023-11-20,2023,11,0,NRSC VIC MODEL
Uttarakhand,Pithoragarh,2023-11-21,2023,11,0.0092418969,NRSC VIC MODEL
Uttarakhand,Pithoragarh,2023-11-22,2023,11,0.0040182161,NRSC VIC MODEL
Uttarakhand,Pithoragarh,2023-12-09,2023,12,0.0031758013,NRSC VIC MODEL
Uttarakhand,Pithoragarh,2023-12-10,2023,12,0.0047596802,NRSC VIC MODEL
Uttarakhand,Pithoragarh,2023-12-15,2023,12,0.0753120264,NRSC VIC MODEL
Uttarakhand,Pithoragarh,2023-12-16,2023,12,0,NRSC VIC MODEL
Uttarakhand,Pithoragarh,2023-12-18,2023,12,0,NRSC VIC MODEL
Uttarakhand,Pithoragarh,2023-12-22,2023,12,0,NRSC VIC MODEL
Uttarakhand,Pithoragarh,2023-12-28,2023,12,0,NRSC VIC MODEL
Uttarakhand,Rudra Prayag,2023-01-05,2023,01,0.0659113555,NRSC VIC MODEL
Uttarakhand,Rudra Prayag,2023-01-12,2023,01,4.7142639149,NRSC VIC MODEL
Uttarakhand,Rudra Prayag,2023-01-22,2023,01,0,NRSC VIC MODEL
Uttarakhand,Rudra Prayag,2023-01-29,2023,01,0.3287126805,NRSC VIC MODEL
Uttarakhand,Rudra Prayag,2023-02-01,2023,02,0,NRSC VIC MODEL
Uttarakhand,Rudra Prayag,2023-02-06,2023,02,0,NRSC VIC MODEL
Uttarakhand,Rudra Prayag,2023-02-10,2023,02,2.3804212917,NRSC VIC MODEL
Uttarakhand,Rudra Prayag,2023-02-17,2023,02,0.0009352572,NRSC VIC MODEL
Uttarakhand,Rudra Prayag,2023-02-21,2023,02,0,NRSC VIC MODEL
Uttarakhand,Rudra Prayag,2023-02-26,2023,02,0,NRSC VIC MODEL
Uttarakhand,Rudra Prayag,2023-03-03,2023,03,0,NRSC VIC MODEL
Uttarakhand,Rudra Prayag,2023-03-04,2023,03,0,NRSC VIC MODEL
Uttarakhand,Rudra Prayag,2023-03-25,2023,03,9.2475942073,NRSC VIC MODEL
Uttarakhand,Rudra Prayag,2023-03-26,2023,03,8.624702463,NRSC VIC MODEL
Uttarakhand,Rudra Prayag,2023-03-27,2023,03,1.0772117988,NRSC VIC MODEL
Uttarakhand,Rudra Prayag,2023-04-06,2023,04,0,NRSC VIC MODEL
Uttarakhand,Rudra Prayag,2023-04-12,2023,04,0.1271687946,NRSC VIC MODEL
Uttarakhand,Rudra Prayag,2023-04-13,2023,04,0.1093095631,NRSC VIC MODEL
Uttarakhand,Rudra Prayag,2023-04-17,2023,04,0.0059669116,NRSC VIC MODEL
Uttarakhand,Rudra Prayag,2023-04-18,2023,04,1.2271187896,NRSC VIC MODEL
Uttarakhand,Rudra Prayag,2023-04-19,2023,04,5.0224991474,NRSC VIC MODEL
Uttarakhand,Rudra Prayag,2023-04-21,2023,04,10.0522416486,NRSC VIC MODEL
Uttarakhand,Rudra Prayag,2023-04-25,2023,04,5.81219e-05,NRSC VIC MODEL
Uttarakhand,Rudra Prayag,2023-04-28,2023,04,4.6494931794,NRSC VIC MODEL
Uttarakhand,Rudra Prayag,2023-04-30,2023,04,6.4470763517,NRSC VIC MODEL
Uttarakhand,Rudra Prayag,2023-05-11,2023,05,0,NRSC VIC MODEL
Uttarakhand,Rudra Prayag,2023-05-12,2023,05,0.0142604163,NRSC VIC MODEL
Uttarakhand,Rudra Prayag,2023-05-18,2023,05,5.2734130319,NRSC VIC MODEL
Uttarakhand,Rudra Prayag,2023-05-19,2023,05,0.3933792333,NRSC VIC MODEL
Uttarakhand,Rudra Prayag,2023-05-20,2023,05,4.3249152384,NRSC VIC MODEL
Uttarakhand,Rudra Prayag,2023-05-21,2023,05,2.2760012405,NRSC VIC MODEL
Uttarakhand,Rudra Prayag,2023-05-25,2023,05,13.6632696417,NRSC VIC MODEL
Uttarakhand,Rudra Prayag,2023-05-27,2023,05,3.5265632882,NRSC VIC MODEL
Uttarakhand,Rudra Prayag,2023-06-09,2023,06,1.6246826303,NRSC VIC MODEL
Uttarakhand,Rudra Prayag,2023-06-10,2023,06,3.4933742936,NRSC VIC MODEL
Uttarakhand,Rudra Prayag,2023-06-11,2023,06,0.2757996854,NRSC VIC MODEL
Uttarakhand,Rudra Prayag,2023-06-19,2023,06,0.4599840749,NRSC VIC MODEL
Uttarakhand,Rudra Prayag,2023-06-21,2023,06,1.2964712125,NRSC VIC MODEL
Uttarakhand,Rudra Prayag,2023-06-22,2023,06,10.7841587017,NRSC VIC MODEL
Uttarakhand,Rudra Prayag,2023-06-27,2023,06,5.9391677966,NRSC VIC MODEL
Uttarakhand,Rudra Prayag,2023-06-28,2023,06,1.0827298431,NRSC VIC MODEL
Uttarakhand,Rudra Prayag,2023-06-30,2023,06,6.0894862494,NRSC VIC MODEL
Uttarakhand,Rudra Prayag,2023-07-06,2023,07,26.7491044351,NRSC VIC MODEL
Uttarakhand,Rudra Prayag,2023-07-12,2023,07,33.9181398761,NRSC VIC MODEL
Uttarakhand,Rudra Prayag,2023-07-13,2023,07,38.5742302613,NRSC VIC MODEL
Uttarakhand,Rudra Prayag,2023-07-20,2023,07,11.3315995975,NRSC VIC MODEL
Uttarakhand,Rudra Prayag,2023-07-23,2023,07,6.1619629547,NRSC VIC MODEL
Uttarakhand,Rudra Prayag,2023-07-27,2023,07,14.5177514982,NRSC VIC MODEL
Uttarakhand,Rudra Prayag,2023-08-02,2023,08,3.2427690204,NRSC VIC MODEL
Uttarakhand,Rudra Prayag,2023-08-03,2023,08,7.4792706289,NRSC VIC MODEL
Uttarakhand,Rudra Prayag,2023-08-04,2023,08,15.0463332998,NRSC VIC MODEL
Uttarakhand,Rudra Prayag,2023-08-09,2023,08,2.0373540194,NRSC VIC MODEL
Uttarakhand,Rudra Prayag,2023-08-14,2023,08,23.7074598385,NRSC VIC MODEL
Uttarakhand,Rudra Prayag,2023-08-16,2023,08,0.0110314054,NRSC VIC MODEL
Uttarakhand,Rudra Prayag,2023-08-24,2023,08,22.6254073874,NRSC VIC MODEL
Uttarakhand,Rudra Prayag,2023-08-28,2023,08,1.1415963597,NRSC VIC MODEL
Uttarakhand,Rudra Prayag,2023-08-29,2023,08,2.4213183422,NRSC VIC MODEL
Uttarakhand,Rudra Prayag,2023-08-30,2023,08,3.5761201595,NRSC VIC MODEL
Uttarakhand,Rudra Prayag,2023-09-15,2023,09,9.3306180861,NRSC VIC MODEL
Uttarakhand,Rudra Prayag,2023-09-21,2023,09,3.3617723352,NRSC VIC MODEL
Uttarakhand,Rudra Prayag,2023-09-22,2023,09,0.2652231761,NRSC VIC MODEL
Uttarakhand,Rudra Prayag,2023-09-25,2023,09,5.74295e-05,NRSC VIC MODEL
Uttarakhand,Rudra Prayag,2023-09-26,2023,09,0.3439628892,NRSC VIC MODEL
Uttarakhand,Rudra Prayag,2023-09-27,2023,09,0,NRSC VIC MODEL
Uttarakhand,Rudra Prayag,2023-10-18,2023,10,0.4255941867,NRSC VIC MODEL
Uttarakhand,Rudra Prayag,2023-10-21,2023,10,0.0092374746,NRSC VIC MODEL
Uttarakhand,Rudra Prayag,2023-10-25,2023,10,0,NRSC VIC MODEL
Uttarakhand,Rudra Prayag,2023-11-05,2023,11,0.0929064463,NRSC VIC MODEL
Uttarakhand,Rudra Prayag,2023-11-12,2023,11,0,NRSC VIC MODEL
Uttarakhand,Rudra Prayag,2023-11-14,2023,11,0.0006916469,NRSC VIC MODEL
Uttarakhand,Rudra Prayag,2023-11-23,2023,11,0.0857648115,NRSC VIC MODEL
Uttarakhand,Rudra Prayag,2023-11-24,2023,11,0,NRSC VIC MODEL
Uttarakhand,Rudra Prayag,2023-11-28,2023,11,1.6705413244,NRSC VIC MODEL
Uttarakhand,Rudra Prayag,2023-12-02,2023,12,0,NRSC VIC MODEL
Uttarakhand,Rudra Prayag,2023-12-07,2023,12,0,NRSC VIC MODEL
Uttarakhand,Rudra Prayag,2023-12-10,2023,12,0,NRSC VIC MODEL
Uttarakhand,Rudra Prayag,2023-12-12,2023,12,0.7126944522,NRSC VIC MODEL
Uttarakhand,Rudra Prayag,2023-12-20,2023,12,0,NRSC VIC MODEL
Uttarakhand,Rudra Prayag,2023-12-21,2023,12,0,NRSC VIC MODEL
Uttarakhand,Rudra Prayag,2023-12-24,2023,12,0,NRSC VIC MODEL
Uttarakhand,Rudra Prayag,2023-12-28,2023,12,0,NRSC VIC MODEL
Uttarakhand,Tehri Garhwal,2023-01-03,2023,01,0,NRSC VIC MODEL
Uttarakhand,Tehri Garhwal,2023-01-05,2023,01,0.0041005389,NRSC VIC MODEL
Uttarakhand,Tehri Garhwal,2023-01-10,2023,01,0,NRSC VIC MODEL
Uttarakhand,Tehri Garhwal,2023-01-25,2023,01,9.3569888149,NRSC VIC MODEL
Uttarakhand,Tehri Garhwal,2023-01-26,2023,01,2.0654345962,NRSC VIC MODEL
Uttarakhand,Tehri Garhwal,2023-01-30,2023,01,10.717971594,NRSC VIC MODEL
Uttarakhand,Tehri Garhwal,2023-02-10,2023,02,0.9690834954,NRSC VIC MODEL
Uttarakhand,Tehri Garhwal,2023-02-12,2023,02,3.1354326255,NRSC VIC MODEL
Uttarakhand,Tehri Garhwal,2023-02-14,2023,02,0.0067846659,NRSC VIC MODEL
Uttarakhand,Tehri Garhwal,2023-02-18,2023,02,0,NRSC VIC MODEL
Uttarakhand,Tehri Garhwal,2023-02-26,2023,02,0,NRSC VIC MODEL
Uttarakhand,Tehri Garhwal,2023-03-02,2023,03,0.2392709049,NRSC VIC MODEL
Uttarakhand,Tehri Garhwal,2023-03-06,2023,03,0.0264336046,NRSC VIC MODEL
Uttarakhand,Tehri Garhwal,2023-03-09,2023,03,6.651981405,NRSC VIC MODEL
Uttarakhand,Tehri Garhwal,2023-03-28,2023,03,1.2079513922,NRSC VIC MODEL
Uttarakhand,Tehri Garhwal,2023-04-01,2023,04,17.2607249629,NRSC VIC MODEL
Uttarakhand,Tehri Garhwal,2023-04-02,2023,04,6.6261977363,NRSC VIC MODEL
Uttarakhand,Tehri Garhwal,2023-04-05,2023,04,4.0519730857,NRSC VIC MODEL
Uttarakhand,Tehri Garhwal,2023-04-07,2023,04,0,NRSC VIC MODEL
Uttarakhand,Tehri Garhwal,2023-04-08,2023,04,0.0619833925,NRSC VIC MODEL
Uttarakhand,Tehri Garhwal,2023-04-14,2023,04,0.1530609357,NRSC VIC MODEL
Uttarakhand,Tehri Garhwal,2023-04-16,2023,04,1.3849159353,NRSC VIC MODEL
Uttarakhand,Tehri Garhwal,2023-04-19,2023,04,1.3154931529,NRSC VIC MODEL
Uttarakhand,Tehri Garhwal,2023-04-23,2023,04,9.9193e-06,NRSC VIC MODEL
Uttarakhand,Tehri Garhwal,2023-04-24,2023,04,0.4298349396,NRSC VIC MODEL
Uttarakhand,Tehri Garhwal,2023-04-30,2023,04,4.4117987915,NRSC VIC MODEL
Uttarakhand,Tehri Garhwal,2023-05-01,2023,05,10.6116463395,NRSC VIC MODEL
Uttarakhand,Tehri Garhwal,2023-05-07,2023,05,0.3078100334,NRSC VIC MODEL
Uttarakhand,Tehri Garhwal,2023-05-24,2023,05,14.8339853183,NRSC VIC MODEL
Uttarakhand,Tehri Garhwal,2023-05-31,2023,05,9.7899501613,NRSC VIC MODEL
Uttarakhand,Tehri Garhwal,2023-06-06,2023,06,3.9839296646,NRSC VIC MODEL
Uttarakhand,Tehri Garhwal,2023-06-08,2023,06,0.5198337915,NRSC VIC MODEL
Uttarakhand,Tehri Garhwal,2023-06-11,2023,06,0.2400458892,NRSC VIC MODEL
Uttarakhand,Tehri Garhwal,2023-06-22,2023,06,6.175755173,NRSC VIC MODEL
Uttarakhand,Tehri Garhwal,2023-06-24,2023,06,6.8701060764,NRSC VIC MODEL
Uttarakhand,Tehri Garhwal,2023-06-29,2023,06,6.6281657585,NRSC VIC MODEL
Uttarakhand,Tehri Garhwal,2023-07-02,2023,07,18.2542774191,NRSC VIC MODEL
Uttarakhand,Tehri Garhwal,2023-07-05,2023,07,11.0665644964,NRSC VIC MODEL
Uttarakhand,Tehri Garhwal,2023-07-06,2023,07,29.0215033021,NRSC VIC MODEL
Uttarakhand,Tehri Garhwal,2023-07-13,2023,07,44.7181580281,NRSC VIC MODEL
Uttarakhand,Tehri Garhwal,2023-07-15,2023,07,3.7812608827,NRSC VIC MODEL
Uttarakhand,Tehri Garhwal,2023-07-27,2023,07,13.9584623629,NRSC VIC MODEL
Uttarakhand,Tehri Garhwal,2023-07-31,2023,07,0.4745353619,NRSC VIC MODEL
Uttarakhand,Tehri Garhwal,2023-08-03,2023,08,9.1146508306,NRSC VIC MODEL
Uttarakhand,Tehri Garhwal,2023-08-06,2023,08,12.8691165193,NRSC VIC MODEL
Uttarakhand,Tehri Garhwal,2023-08-21,2023,08,3.3982829111,NRSC VIC MODEL
Uttarakhand,Tehri Garhwal,2023-08-29,2023,08,1.5694999505,NRSC VIC MODEL
Uttarakhand,Tehri Garhwal,2023-08-31,2023,08,0.0990086712,NRSC VIC MODEL
Uttarakhand,Tehri Garhwal,2023-09-01,2023,09,0.0010843446,NRSC VIC MODEL
Uttarakhand,Tehri Garhwal,2023-09-02,2023,09,0.0010029204,NRSC VIC MODEL
Uttarakhand,Tehri Garhwal,2023-09-05,2023,09,8.8899483633,NRSC VIC MODEL
Uttarakhand,Tehri Garhwal,2023-09-06,2023,09,3.473508941,NRSC VIC MODEL
Uttarakhand,Tehri Garhwal,2023-09-07,2023,09,0.0169901755,NRSC VIC MODEL
Uttarakhand,Tehri Garhwal,2023-09-09,2023,09,4.176272457,NRSC VIC MODEL
Uttarakhand,Tehri Garhwal,2023-09-10,2023,09,28.822785009,NRSC VIC MODEL
Uttarakhand,Tehri Garhwal,2023-09-16,2023,09,4.3119523138,NRSC VIC MODEL
Uttarakhand,Tehri Garhwal,2023-09-19,2023,09,9.1009365181,NRSC VIC MODEL
Uttarakhand,Tehri Garhwal,2023-09-22,2023,09,0.0108840337,NRSC VIC MODEL
Uttarakhand,Tehri Garhwal,2023-10-09,2023,10,0,NRSC VIC MODEL
Uttarakhand,Tehri Garhwal,2023-10-11,2023,10,0.1389824808,NRSC VIC MODEL
Uttarakhand,Tehri Garhwal,2023-10-16,2023,10,1.1884826413,NRSC VIC MODEL
Uttarakhand,Tehri Garhwal,2023-10-28,2023,10,0,NRSC VIC MODEL
Uttarakhand,Tehri Garhwal,2023-11-03,2023,11,0,NRSC VIC MODEL
Uttarakhand,Tehri Garhwal,2023-11-11,2023,11,1.7219576104,NRSC VIC MODEL
Uttarakhand,Tehri Garhwal,2023-11-21,2023,11,0.0001384012,NRSC VIC MODEL
Uttarakhand,Tehri Garhwal,2023-11-22,2023,11,0.0001384012,NRSC VIC MODEL
Uttarakhand,Tehri Garhwal,2023-11-26,2023,11,0,NRSC VIC MODEL
Uttarakhand,Tehri Garhwal,2023-11-28,2023,11,0.6472417126,NRSC VIC MODEL
Uttarakhand,Tehri Garhwal,2023-12-02,2023,12,0,NRSC VIC MODEL
Uttarakhand,Tehri Garhwal,2023-12-09,2023,12,0.0001433608,NRSC VIC MODEL
Uttarakhand,Tehri Garhwal,2023-12-29,2023,12,0,NRSC VIC MODEL
Uttarakhand,Udam Singh Nagar,2023-01-07,2023,01,0,NRSC VIC MODEL
Uttarakhand,Udam Singh Nagar,2023-01-11,2023,01,0.0177545932,NRSC VIC MODEL
Uttarakhand,Udam Singh Nagar,2023-01-25,2023,01,4.744667549,NRSC VIC MODEL
Uttarakhand,Udam Singh Nagar,2023-01-26,2023,01,0.7820671233,NRSC VIC MODEL
Uttarakhand,Udam Singh Nagar,2023-01-27,2023,01,0,NRSC VIC MODEL
Uttarakhand,Udam Singh Nagar,2023-02-20,2023,02,0,NRSC VIC MODEL
Uttarakhand,Udam Singh Nagar,2023-02-23,2023,02,0,NRSC VIC MODEL
Uttarakhand,Udam Singh Nagar,2023-02-27,2023,02,0,NRSC VIC MODEL
Uttarakhand,Udam Singh Nagar,2023-03-05,2023,03,0,NRSC VIC MODEL
Uttarakhand,Udam Singh Nagar,2023-03-09,2023,03,4.17253e-05,NRSC VIC MODEL
Uttarakhand,Udam Singh Nagar,2023-03-15,2023,03,2.4925044069,NRSC VIC MODEL
Uttarakhand,Udam Singh Nagar,2023-03-21,2023,03,30.8417446992,NRSC VIC MODEL
Uttarakhand,Udam Singh Nagar,2023-03-26,2023,03,1.7726600288,NRSC VIC MODEL
Uttarakhand,Udam Singh Nagar,2023-03-29,2023,03,9.66039e-05,NRSC VIC MODEL
Uttarakhand,Udam Singh Nagar,2023-04-03,2023,04,0,NRSC VIC MODEL
Uttarakhand,Udam Singh Nagar,2023-04-07,2023,04,0,NRSC VIC MODEL
Uttarakhand,Udam Singh Nagar,2023-04-08,2023,04,0,NRSC VIC MODEL
Uttarakhand,Udam Singh Nagar,2023-04-11,2023,04,0.0136266876,NRSC VIC MODEL
Uttarakhand,Udam Singh Nagar,2023-04-15,2023,04,0,NRSC VIC MODEL
Uttarakhand,Udam Singh Nagar,2023-04-16,2023,04,1.1127e-06,NRSC VIC MODEL
Uttarakhand,Udam Singh Nagar,2023-04-28,2023,04,0.426455157,NRSC VIC MODEL
Uttarakhand,Udam Singh Nagar,2023-05-02,2023,05,14.0410448098,NRSC VIC MODEL
Uttarakhand,Udam Singh Nagar,2023-05-05,2023,05,0.2877886166,NRSC VIC MODEL
Uttarakhand,Udam Singh Nagar,2023-05-06,2023,05,0.0010253125,NRSC VIC MODEL
Uttarakhand,Udam Singh Nagar,2023-05-14,2023,05,0.023338046,NRSC VIC MODEL
Uttarakhand,Udam Singh Nagar,2023-05-17,2023,05,0.0021455947,NRSC VIC MODEL
Uttarakhand,Udam Singh Nagar,2023-05-20,2023,05,0.0157432472,NRSC VIC MODEL
Uttarakhand,Udam Singh Nagar,2023-06-03,2023,06,0.162541993,NRSC VIC MODEL
Uttarakhand,Udam Singh Nagar,2023-06-05,2023,06,0.0445924477,NRSC VIC MODEL
Uttarakhand,Udam Singh Nagar,2023-06-06,2023,06,1.1912770631,NRSC VIC MODEL
Uttarakhand,Udam Singh Nagar,2023-06-09,2023,06,1.50211e-05,NRSC VIC MODEL
Uttarakhand,Udam Singh Nagar,2023-06-22,2023,06,0.0859224757,NRSC VIC MODEL
Uttarakhand,Udam Singh Nagar,2023-07-03,2023,07,2.2671675975,NRSC VIC MODEL
Uttarakhand,Udam Singh Nagar,2023-07-10,2023,07,7.3508352898,NRSC VIC MODEL
Uttarakhand,Udam Singh Nagar,2023-07-11,2023,07,11.1793566629,NRSC VIC MODEL
Uttarakhand,Udam Singh Nagar,2023-07-14,2023,07,28.5864050064,NRSC VIC MODEL
Uttarakhand,Udam Singh Nagar,2023-07-15,2023,07,17.7396073003,NRSC VIC MODEL
Uttarakhand,Udam Singh Nagar,2023-07-18,2023,07,20.4843957791,NRSC VIC MODEL
Uttarakhand,Udam Singh Nagar,2023-07-30,2023,07,3.310019325,NRSC VIC MODEL
Uttarakhand,Udam Singh Nagar,2023-08-01,2023,08,2.1122947389,NRSC VIC MODEL
Uttarakhand,Udam Singh Nagar,2023-08-02,2023,08,38.3354663517,NRSC VIC MODEL
Uttarakhand,Udam Singh Nagar,2023-08-08,2023,08,10.7827991702,NRSC VIC MODEL
Uttarakhand,Udam Singh Nagar,2023-08-09,2023,08,113.4278210718,NRSC VIC MODEL
Uttarakhand,Udam Singh Nagar,2023-08-19,2023,08,0.052849507,NRSC VIC MODEL
Uttarakhand,Udam Singh Nagar,2023-08-25,2023,08,8.0494935188,NRSC VIC MODEL
Uttarakhand,Udam Singh Nagar,2023-08-26,2023,08,2.7217501503,NRSC VIC MODEL
Uttarakhand,Udam Singh Nagar,2023-08-30,2023,08,2.94859e-05,NRSC VIC MODEL
Uttarakhand,Udam Singh Nagar,2023-09-03,2023,09,0,NRSC VIC MODEL
Uttarakhand,Udam Singh Nagar,2023-09-06,2023,09,0.2484662975,NRSC VIC MODEL
Uttarakhand,Udam Singh Nagar,2023-09-11,2023,09,58.9408786426,NRSC VIC MODEL
Uttarakhand,Udam Singh Nagar,2023-09-17,2023,09,6.9121361399,NRSC VIC MODEL
Uttarakhand,Udam Singh Nagar,2023-09-20,2023,09,0.0006510248,NRSC VIC MODEL
Uttarakhand,Udam Singh Nagar,2023-09-26,2023,09,0.1615086859,NRSC VIC MODEL
Uttarakhand,Udam Singh Nagar,2023-09-27,2023,09,0,NRSC VIC MODEL
Uttarakhand,Udam Singh Nagar,2023-09-29,2023,09,0,NRSC VIC MODEL
Uttarakhand,Udam Singh Nagar,2023-10-11,2023,10,0,NRSC VIC MODEL
Uttarakhand,Udam Singh Nagar,2023-10-17,2023,10,21.1751561528,NRSC VIC MODEL
Uttarakhand,Udam Singh Nagar,2023-10-26,2023,10,0.0474847034,NRSC VIC MODEL
Uttarakhand,Udam Singh Nagar,2023-10-27,2023,10,0,NRSC VIC MODEL
Uttarakhand,Udam Singh Nagar,2023-10-29,2023,10,0,NRSC VIC MODEL
Uttarakhand,Udam Singh Nagar,2023-10-31,2023,10,0,NRSC VIC MODEL
Uttarakhand,Udam Singh Nagar,2023-11-02,2023,11,0,NRSC VIC MODEL
Uttarakhand,Udam Singh Nagar,2023-11-04,2023,11,0,NRSC VIC MODEL
Uttarakhand,Udam Singh Nagar,2023-11-07,2023,11,0,NRSC VIC MODEL
Uttarakhand,Udam Singh Nagar,2023-11-12,2023,11,2.67042e-05,NRSC VIC MODEL
Uttarakhand,Udam Singh Nagar,2023-11-19,2023,11,0,NRSC VIC MODEL
Uttarakhand,Udam Singh Nagar,2023-11-24,2023,11,0,NRSC VIC MODEL
Uttarakhand,Udam Singh Nagar,2023-11-25,2023,11,0,NRSC VIC MODEL
Uttarakhand,Udam Singh Nagar,2023-11-26,2023,11,0,NRSC VIC MODEL
Uttarakhand,Udam Singh Nagar,2023-11-28,2023,11,4.0423565582,NRSC VIC MODEL
Uttarakhand,Udam Singh Nagar,2023-11-29,2023,11,0.0017077663,NRSC VIC MODEL
Uttarakhand,Udam Singh Nagar,2023-12-01,2023,12,0,NRSC VIC MODEL
Uttarakhand,Udam Singh Nagar,2023-12-04,2023,12,1.6245430362,NRSC VIC MODEL
Uttarakhand,Udam Singh Nagar,2023-12-07,2023,12,0,NRSC VIC MODEL
Uttarakhand,Udam Singh Nagar,2023-12-13,2023,12,2.2254e-06,NRSC VIC MODEL
Uttarakhand,Udam Singh Nagar,2023-12-19,2023,12,0,NRSC VIC MODEL
Uttarakhand,Udam Singh Nagar,2023-12-28,2023,12,0,NRSC VIC MODEL
Uttarakhand,Udam Singh Nagar,2023-12-31,2023,12,0,NRSC VIC MODEL
Uttarakhand,Uttar Kashi,2023-01-01,2023,01,0,NRSC VIC MODEL
Uttarakhand,Uttar Kashi,2023-01-02,2023,01,0,NRSC VIC MODEL
Uttarakhand,Uttar Kashi,2023-01-03,2023,01,0,NRSC VIC MODEL
Uttarakhand,Uttar Kashi,2023-01-06,2023,01,0,NRSC VIC MODEL
Uttarakhand,Uttar Kashi,2023-01-08,2023,01,0,NRSC VIC MODEL
Uttarakhand,Uttar Kashi,2023-01-31,2023,01,13.4452101097,NRSC VIC MODEL
Uttarakhand,Uttar Kashi,2023-02-05,2023,02,0,NRSC VIC MODEL
Uttarakhand,Uttar Kashi,2023-02-11,2023,02,7.249055922,NRSC VIC MODEL
Uttarakhand,Uttar Kashi,2023-02-19,2023,02,1.0294e-06,NRSC VIC MODEL
Uttarakhand,Uttar Kashi,2023-02-20,2023,02,0,NRSC VIC MODEL
Uttarakhand,Uttar Kashi,2023-03-07,2023,03,0.0661594465,NRSC VIC MODEL
Uttarakhand,Uttar Kashi,2023-03-08,2023,03,0.0211819432,NRSC VIC MODEL
Uttarakhand,Uttar Kashi,2023-03-09,2023,03,4.4611940723,NRSC VIC MODEL
Uttarakhand,Uttar Kashi,2023-03-12,2023,03,0.57274205,NRSC VIC MODEL
Uttarakhand,Uttar Kashi,2023-03-18,2023,03,2.0276477548,NRSC VIC MODEL
Uttarakhand,Uttar Kashi,2023-03-20,2023,03,1.4160856389,NRSC VIC MODEL
Uttarakhand,Uttar Kashi,2023-03-23,2023,03,0.5758862403,NRSC VIC MODEL
Uttarakhand,Uttar Kashi,2023-03-27,2023,03,2.576834702,NRSC VIC MODEL
Uttarakhand,Uttar Kashi,2023-04-04,2023,04,0.3319547334,NRSC VIC MODEL
Uttarakhand,Uttar Kashi,2023-04-09,2023,04,0.2249111978,NRSC VIC MODEL
Uttarakhand,Uttar Kashi,2023-04-12,2023,04,0.0322941862,NRSC VIC MODEL
Uttarakhand,Uttar Kashi,2023-04-29,2023,04,0.8300438385,NRSC VIC MODEL
Uttarakhand,Uttar Kashi,2023-04-30,2023,04,1.8105076723,NRSC VIC MODEL
Uttarakhand,Uttar Kashi,2023-05-01,2023,05,3.846149763,NRSC VIC MODEL
Uttarakhand,Uttar Kashi,2023-05-06,2023,05,0.1874530258,NRSC VIC MODEL
Uttarakhand,Uttar Kashi,2023-05-10,2023,05,0.2379451048,NRSC VIC MODEL
Uttarakhand,Uttar Kashi,2023-05-17,2023,05,0.1394758949,NRSC VIC MODEL
Uttarakhand,Uttar Kashi,2023-05-23,2023,05,0.4944953409,NRSC VIC MODEL
Uttarakhand,Uttar Kashi,2023-05-24,2023,05,13.8670853484,NRSC VIC MODEL
Uttarakhand,Uttar Kashi,2023-05-25,2023,05,13.6931813585,NRSC VIC MODEL
Uttarakhand,Uttar Kashi,2023-05-26,2023,05,10.6135055546,NRSC VIC MODEL
Uttarakhand,Uttar Kashi,2023-05-27,2023,05,2.6829664725,NRSC VIC MODEL
Uttarakhand,Uttar Kashi,2023-05-29,2023,05,0.0946236006,NRSC VIC MODEL
Uttarakhand,Uttar Kashi,2023-05-30,2023,05,7.4446089647,NRSC VIC MODEL
Uttarakhand,Uttar Kashi,2023-06-09,2023,06,3.5577763925,NRSC VIC MODEL
Uttarakhand,Uttar Kashi,2023-06-10,2023,06,2.0042226225,NRSC VIC MODEL
Uttarakhand,Uttar Kashi,2023-06-11,2023,06,0.4614487316,NRSC VIC MODEL
Uttarakhand,Uttar Kashi,2023-06-15,2023,06,0.8049607101,NRSC VIC MODEL
Uttarakhand,Uttar Kashi,2023-06-20,2023,06,2.3862641256,NRSC VIC MODEL
Uttarakhand,Uttar Kashi,2023-06-23,2023,06,1.140351482,NRSC VIC MODEL
Uttarakhand,Uttar Kashi,2023-06-24,2023,06,4.4304659883,NRSC VIC MODEL
Uttarakhand,Uttar Kashi,2023-06-27,2023,06,1.5017388981,NRSC VIC MODEL
Uttarakhand,Uttar Kashi,2023-07-01,2023,07,3.3852320863,NRSC VIC MODEL
Uttarakhand,Uttar Kashi,2023-07-02,2023,07,6.3014249398,NRSC VIC MODEL
Uttarakhand,Uttar Kashi,2023-07-06,2023,07,6.5906009333,NRSC VIC MODEL
Uttarakhand,Uttar Kashi,2023-07-10,2023,07,42.9328235366,NRSC VIC MODEL
Uttarakhand,Uttar Kashi,2023-07-15,2023,07,3.7625863027,NRSC VIC MODEL
Uttarakhand,Uttar Kashi,2023-07-17,2023,07,4.8501562397,NRSC VIC MODEL
Uttarakhand,Uttar Kashi,2023-07-18,2023,07,5.2290055828,NRSC VIC MODEL
Uttarakhand,Uttar Kashi,2023-07-30,2023,07,0.5524414258,NRSC VIC MODEL
Uttarakhand,Uttar Kashi,2023-09-04,2023,09,0.1233788965,NRSC VIC MODEL
Uttarakhand,Uttar Kashi,2023-09-08,2023,09,2.3027559879,NRSC VIC MODEL
Uttarakhand,Uttar Kashi,2023-09-10,2023,09,7.1171088206,NRSC VIC MODEL
Uttarakhand,Uttar Kashi,2023-09-12,2023,09,1.2029951484,NRSC VIC MODEL
Uttarakhand,Uttar Kashi,2023-09-18,2023,09,1.1056907218,NRSC VIC MODEL
Uttarakhand,Uttar Kashi,2023-09-20,2023,09,0.8050100141,NRSC VIC MODEL
Uttarakhand,Champawat,2023-05-31,2023,05,0.0088576859,NRSC VIC MODEL
Uttarakhand,Champawat,2023-06-04,2023,06,0.0122733839,NRSC VIC MODEL
Uttarakhand,Champawat,2023-06-09,2023,06,0.0230390631,NRSC VIC MODEL
Uttarakhand,Champawat,2023-06-10,2023,06,0.3407907811,NRSC VIC MODEL
Uttarakhand,Champawat,2023-06-18,2023,06,1.8035387044,NRSC VIC MODEL
Uttarakhand,Champawat,2023-06-24,2023,06,1.1525366991,NRSC VIC MODEL
Uttarakhand,Champawat,2023-06-27,2023,06,0.4207801218,NRSC VIC MODEL
Uttarakhand,Champawat,2023-07-02,2023,07,12.6915309483,NRSC VIC MODEL
Uttarakhand,Champawat,2023-07-03,2023,07,0.3415084707,NRSC VIC MODEL
Uttarakhand,Champawat,2023-07-10,2023,07,1.0858351391,NRSC VIC MODEL
Uttarakhand,Champawat,2023-07-16,2023,07,0.8027164615,NRSC VIC MODEL
Uttarakhand,Champawat,2023-07-17,2023,07,1.0441675346,NRSC VIC MODEL
Uttarakhand,Champawat,2023-07-21,2023,07,0.0698143489,NRSC VIC MODEL
Uttarakhand,Champawat,2023-07-26,2023,07,4.4803347845,NRSC VIC MODEL
Uttarakhand,Champawat,2023-08-08,2023,08,13.9703063461,NRSC VIC MODEL
Uttarakhand,Champawat,2023-08-11,2023,08,4.9506514245,NRSC VIC MODEL
Uttarakhand,Champawat,2023-08-14,2023,08,46.2107620283,NRSC VIC MODEL
Uttarakhand,Champawat,2023-08-19,2023,08,1.1158974648,NRSC VIC MODEL
Uttarakhand,Champawat,2023-08-20,2023,08,0.8940793118,NRSC VIC MODEL
Uttarakhand,Champawat,2023-08-28,2023,08,0.030475182,NRSC VIC MODEL
Uttarakhand,Champawat,2023-09-11,2023,09,59.6616787366,NRSC VIC MODEL
Uttarakhand,Champawat,2023-09-20,2023,09,0.1925633564,NRSC VIC MODEL
Uttarakhand,Champawat,2023-09-24,2023,09,5.3623911492,NRSC VIC MODEL
Uttarakhand,Champawat,2023-09-26,2023,09,0.1505348942,NRSC VIC MODEL
Uttarakhand,Champawat,2023-09-30,2023,09,0.0001165057,NRSC VIC MODEL
Uttarakhand,Champawat,2023-10-09,2023,10,0,NRSC VIC MODEL
Uttarakhand,Champawat,2023-10-15,2023,10,0.0002594782,NRSC VIC MODEL
Uttarakhand,Champawat,2023-10-29,2023,10,0,NRSC VIC MODEL
Uttarakhand,Champawat,2023-11-02,2023,11,0,NRSC VIC MODEL
Uttarakhand,Champawat,2023-11-05,2023,11,0,NRSC VIC MODEL
Uttarakhand,Champawat,2023-11-12,2023,11,0.0314107512,NRSC VIC MODEL
Uttarakhand,Champawat,2023-11-14,2023,11,0,NRSC VIC MODEL
Uttarakhand,Champawat,2023-11-16,2023,11,0,NRSC VIC MODEL
Uttarakhand,Champawat,2023-11-27,2023,11,0,NRSC VIC MODEL
Uttarakhand,Champawat,2023-12-10,2023,12,0.0001165057,NRSC VIC MODEL
Uttarakhand,Champawat,2023-12-16,2023,12,0,NRSC VIC MODEL
Uttarakhand,Champawat,2023-12-28,2023,12,0,NRSC VIC MODEL
Uttarakhand,Champawat,2023-12-30,2023,12,0,NRSC VIC MODEL
Uttarakhand,Dehradun,2023-01-02,2023,01,0,NRSC VIC MODEL
Uttarakhand,Dehradun,2023-01-09,2023,01,0,NRSC VIC MODEL
Uttarakhand,Dehradun,2023-01-10,2023,01,0,NRSC VIC MODEL
Uttarakhand,Dehradun,2023-01-13,2023,01,0.3115000347,NRSC VIC MODEL
Uttarakhand,Dehradun,2023-01-20,2023,01,5.8606399018,NRSC VIC MODEL
Uttarakhand,Dehradun,2023-01-24,2023,01,0.0051527997,NRSC VIC MODEL
Uttarakhand,Dehradun,2023-01-31,2023,01,2.7579316752,NRSC VIC MODEL
Uttarakhand,Dehradun,2023-02-01,2023,02,0,NRSC VIC MODEL
Uttarakhand,Dehradun,2023-02-02,2023,02,0,NRSC VIC MODEL
Uttarakhand,Dehradun,2023-02-06,2023,02,0.0001227036,NRSC VIC MODEL
Uttarakhand,Dehradun,2023-02-12,2023,02,0.6125477803,NRSC VIC MODEL
Uttarakhand,Dehradun,2023-02-13,2023,02,0,NRSC VIC MODEL
Uttarakhand,Dehradun,2023-02-24,2023,02,0,NRSC VIC MODEL
Uttarakhand,Dehradun,2023-03-01,2023,03,0.1775764304,NRSC VIC MODEL
Uttarakhand,Dehradun,2023-03-03,2023,03,0,NRSC VIC MODEL
Uttarakhand,Dehradun,2023-03-04,2023,03,0,NRSC VIC MODEL
Uttarakhand,Dehradun,2023-03-11,2023,03,0,NRSC VIC MODEL
Uttarakhand,Dehradun,2023-03-12,2023,03,0.0295332613,NRSC VIC MODEL
Uttarakhand,Dehradun,2023-03-29,2023,03,0.0040399221,NRSC VIC MODEL
Uttarakhand,Dehradun,2023-04-02,2023,04,13.7131090061,NRSC VIC MODEL
Uttarakhand,Dehradun,2023-04-07,2023,04,0,NRSC VIC MODEL
Uttarakhand,Dehradun,2023-04-12,2023,04,0,NRSC VIC MODEL
Uttarakhand,Dehradun,2023-04-16,2023,04,0.138163732,NRSC VIC MODEL
Uttarakhand,Dehradun,2023-04-17,2023,04,0,NRSC VIC MODEL
Uttarakhand,Dehradun,2023-04-19,2023,04,2.9945381873,NRSC VIC MODEL
Uttarakhand,Dehradun,2023-04-28,2023,04,0.8968531907,NRSC VIC MODEL
Uttarakhand,Dehradun,2023-05-07,2023,05,0.0042567589,NRSC VIC MODEL
Uttarakhand,Dehradun,2023-05-11,2023,05,0,NRSC VIC MODEL
Uttarakhand,Dehradun,2023-05-13,2023,05,0,NRSC VIC MODEL
Uttarakhand,Dehradun,2023-05-15,2023,05,0.630624136,NRSC VIC MODEL
Uttarakhand,Dehradun,2023-05-27,2023,05,1.215901583,NRSC VIC MODEL
Uttarakhand,Dehradun,2023-05-28,2023,05,0.1080421666,NRSC VIC MODEL
Uttarakhand,Dehradun,2023-06-20,2023,06,9.5286772871,NRSC VIC MODEL
Uttarakhand,Dehradun,2023-06-23,2023,06,18.3132748308,NRSC VIC MODEL
Uttarakhand,Dehradun,2023-06-25,2023,06,38.2940608451,NRSC VIC MODEL
Uttarakhand,Dehradun,2023-06-26,2023,06,38.3734811264,NRSC VIC MODEL
Uttarakhand,Dehradun,2023-07-01,2023,07,7.1956140935,NRSC VIC MODEL
Uttarakhand,Dehradun,2023-07-02,2023,07,17.5235645625,NRSC VIC MODEL
Uttarakhand,Dehradun,2023-07-08,2023,07,19.4424150101,NRSC VIC MODEL
Uttarakhand,Dehradun,2023-07-31,2023,07,9.0194301758,NRSC VIC MODEL
Uttarakhand,Dehradun,2023-08-12,2023,08,11.5152094482,NRSC VIC MODEL
Uttarakhand,Dehradun,2023-08-17,2023,08,7.0907672538,NRSC VIC MODEL
Uttarakhand,Dehradun,2023-08-20,2023,08,8.3915172422,NRSC VIC MODEL
Uttarakhand,Dehradun,2023-08-22,2023,08,28.1534774465,NRSC VIC MODEL
Uttarakhand,Dehradun,2023-08-27,2023,08,2.5476675088,NRSC VIC MODEL
Uttarakhand,Dehradun,2023-08-28,2023,08,5.7625821091,NRSC VIC MODEL
Uttarakhand,Dehradun,2023-09-04,2023,09,0.0279454473,NRSC VIC MODEL
Uttarakhand,Dehradun,2023-09-09,2023,09,2.896343011,NRSC VIC MODEL
Uttarakhand,Dehradun,2023-09-10,2023,09,12.1293429148,NRSC VIC MODEL
Uttarakhand,Dehradun,2023-09-20,2023,09,0.8350808074,NRSC VIC MODEL
Uttarakhand,Dehradun,2023-09-27,2023,09,0,NRSC VIC MODEL
Uttarakhand,Dehradun,2023-09-30,2023,09,0.4552127798,NRSC VIC MODEL
Uttarakhand,Dehradun,2023-10-01,2023,10,0.0243684946,NRSC VIC MODEL
Uttarakhand,Dehradun,2023-10-08,2023,10,0,NRSC VIC MODEL
Uttarakhand,Dehradun,2023-10-10,2023,10,0.3396722332,NRSC VIC MODEL
Uttarakhand,Dehradun,2023-10-11,2023,10,0,NRSC VIC MODEL
Uttarakhand,Dehradun,2023-10-12,2023,10,2.37395e-05,NRSC VIC MODEL
Uttarakhand,Dehradun,2023-10-13,2023,10,0,NRSC VIC MODEL
Uttarakhand,Dehradun,2023-10-25,2023,10,0,NRSC VIC MODEL
Uttarakhand,Dehradun,2023-11-16,2023,11,0,NRSC VIC MODEL
Uttarakhand,Dehradun,2023-11-24,2023,11,0,NRSC VIC MODEL
Uttarakhand,Dehradun,2023-11-27,2023,11,0,NRSC VIC MODEL
Uttarakhand,Dehradun,2023-12-02,2023,12,0,NRSC VIC MODEL
Uttarakhand,Dehradun,2023-12-12,2023,12,2.37395e-05,NRSC VIC MODEL
Uttarakhand,Dehradun,2023-12-13,2023,12,0,NRSC VIC MODEL
Uttarakhand,Dehradun,2023-12-15,2023,12,0,NRSC VIC MODEL
Uttarakhand,Dehradun,2023-12-24,2023,12,0,NRSC VIC MODEL
Uttarakhand,Dehradun,2023-12-26,2023,12,0,NRSC VIC MODEL
Uttarakhand,Haridwar,2023-01-09,2023,01,0,NRSC VIC MODEL
Uttarakhand,Haridwar,2023-01-15,2023,01,0,NRSC VIC MODEL
Uttarakhand,Haridwar,2023-01-23,2023,01,0,NRSC VIC MODEL
Uttarakhand,Haridwar,2023-01-31,2023,01,0.2865876655,NRSC VIC MODEL
Uttarakhand,Haridwar,2023-02-02,2023,02,0,NRSC VIC MODEL
Uttarakhand,Haridwar,2023-02-03,2023,02,0,NRSC VIC MODEL
Uttarakhand,Haridwar,2023-02-05,2023,02,0,NRSC VIC MODEL
Uttarakhand,Haridwar,2023-02-06,2023,02,0,NRSC VIC MODEL
Uttarakhand,Haridwar,2023-02-11,2023,02,0,NRSC VIC MODEL
Uttarakhand,Haridwar,2023-02-15,2023,02,0,NRSC VIC MODEL
Uttarakhand,Haridwar,2023-02-19,2023,02,0,NRSC VIC MODEL
Uttarakhand,Haridwar,2023-02-21,2023,02,0,NRSC VIC MODEL
Uttarakhand,Haridwar,2023-02-28,2023,02,0,NRSC VIC MODEL
Uttarakhand,Haridwar,2023-03-04,2023,03,0,NRSC VIC MODEL
Uttarakhand,Haridwar,2023-03-11,2023,03,0,NRSC VIC MODEL
Uttarakhand,Haridwar,2023-03-14,2023,03,0.0003514806,NRSC VIC MODEL
Uttarakhand,Haridwar,2023-04-01,2023,04,2.5461075284,NRSC VIC MODEL
Uttarakhand,Haridwar,2023-04-03,2023,04,0.0003629494,NRSC VIC MODEL
Uttarakhand,Haridwar,2023-04-09,2023,04,0,NRSC VIC MODEL
Uttarakhand,Haridwar,2023-04-13,2023,04,0,NRSC VIC MODEL
Uttarakhand,Haridwar,2023-04-15,2023,04,0,NRSC VIC MODEL
Uttarakhand,Haridwar,2023-05-02,2023,05,11.2937197407,NRSC VIC MODEL
Uttarakhand,Haridwar,2023-05-15,2023,05,0,NRSC VIC MODEL
Uttarakhand,Haridwar,2023-05-16,2023,05,0.0001872091,NRSC VIC MODEL
Uttarakhand,Haridwar,2023-05-25,2023,05,4.3523672365,NRSC VIC MODEL
Uttarakhand,Haridwar,2023-05-26,2023,05,14.9964072799,NRSC VIC MODEL
Uttarakhand,Haridwar,2023-05-29,2023,05,0.0209750105,NRSC VIC MODEL
Uttarakhand,Haridwar,2023-06-02,2023,06,0.0407568127,NRSC VIC MODEL
Uttarakhand,Haridwar,2023-06-05,2023,06,0,NRSC VIC MODEL
Uttarakhand,Haridwar,2023-06-14,2023,06,0.0037057674,NRSC VIC MODEL
Uttarakhand,Haridwar,2023-06-20,2023,06,1.3798642817,NRSC VIC MODEL
Uttarakhand,Haridwar,2023-06-22,2023,06,2.3004330782,NRSC VIC MODEL
Uttarakhand,Haridwar,2023-06-26,2023,06,26.629301743,NRSC VIC MODEL
Uttarakhand,Haridwar,2023-06-29,2023,06,4.92959282,NRSC VIC MODEL
Uttarakhand,Haridwar,2023-07-07,2023,07,5.4962431046,NRSC VIC MODEL
Uttarakhand,Haridwar,2023-07-09,2023,07,41.150653566,NRSC VIC MODEL
Uttarakhand,Haridwar,2023-07-11,2023,07,111.5816128391,NRSC VIC MODEL
Uttarakhand,Haridwar,2023-07-13,2023,07,113.028583559,NRSC VIC MODEL
Uttarakhand,Haridwar,2023-07-16,2023,07,14.5176696575,NRSC VIC MODEL
Uttarakhand,Haridwar,2023-07-21,2023,07,0.8203714253,NRSC VIC MODEL
Uttarakhand,Haridwar,2023-07-24,2023,07,0.6469700793,NRSC VIC MODEL
Uttarakhand,Haridwar,2023-07-27,2023,07,1.9076405387,NRSC VIC MODEL
Uttarakhand,Haridwar,2023-08-08,2023,08,1.8930370178,NRSC VIC MODEL
Uttarakhand,Haridwar,2023-08-12,2023,08,4.0907469243,NRSC VIC MODEL
Uttarakhand,Haridwar,2023-08-14,2023,08,35.1945705384,NRSC VIC MODEL
Uttarakhand,Haridwar,2023-08-18,2023,08,11.4619608883,NRSC VIC MODEL
Uttarakhand,Haridwar,2023-08-21,2023,08,5.7540457143,NRSC VIC MODEL
Uttarakhand,Haridwar,2023-08-22,2023,08,32.4549068701,NRSC VIC MODEL
Uttarakhand,Haridwar,2023-08-27,2023,08,0.013180521,NRSC VIC MODEL
Uttarakhand,Haridwar,2023-09-01,2023,09,0,NRSC VIC MODEL
Uttarakhand,Haridwar,2023-09-02,2023,09,0,NRSC VIC MODEL
Uttarakhand,Haridwar,2023-09-06,2023,09,7.4565949902,NRSC VIC MODEL
Uttarakhand,Haridwar,2023-09-12,2023,09,14.0129278512,NRSC VIC MODEL
Uttarakhand,Haridwar,2023-09-14,2023,09,7.9896669424,NRSC VIC MODEL
Uttarakhand,Haridwar,2023-09-18,2023,09,0.4979839226,NRSC VIC MODEL
Uttarakhand,Haridwar,2023-09-19,2023,09,0.2041444985,NRSC VIC MODEL
Uttarakhand,Haridwar,2023-09-22,2023,09,0,NRSC VIC MODEL
Uttarakhand,Haridwar,2023-09-23,2023,09,6.3918582552,NRSC VIC MODEL
Uttarakhand,Haridwar,2023-09-26,2023,09,0,NRSC VIC MODEL
Uttarakhand,Haridwar,2023-10-01,2023,10,0,NRSC VIC MODEL
Uttarakhand,Haridwar,2023-10-15,2023,10,0,NRSC VIC MODEL
Uttarakhand,Haridwar,2023-10-30,2023,10,0,NRSC VIC MODEL
Uttarakhand,Haridwar,2023-11-04,2023,11,0,NRSC VIC MODEL
Uttarakhand,Haridwar,2023-11-07,2023,11,0,NRSC VIC MODEL
Uttarakhand,Haridwar,2023-11-11,2023,11,0.9152427286,NRSC VIC MODEL
Uttarakhand,Haridwar,2023-11-15,2023,11,0,NRSC VIC MODEL
Uttarakhand,Haridwar,2023-11-24,2023,11,0,NRSC VIC MODEL
Uttarakhand,Haridwar,2023-11-29,2023,11,0.0273496016,NRSC VIC MODEL
Uttarakhand,Haridwar,2023-12-08,2023,12,0,NRSC VIC MODEL
Uttarakhand,Nainital,2023-01-11,2023,01,0.0001025256,NRSC VIC MODEL
Uttarakhand,Nainital,2023-01-12,2023,01,0.1742300385,NRSC VIC MODEL
Uttarakhand,Nainital,2023-01-19,2023,01,0.023180742,NRSC VIC MODEL
Uttarakhand,Nainital,2023-01-22,2023,01,0,NRSC VIC MODEL
Uttarakhand,Nainital,2023-01-23,2023,01,0.0005656464,NRSC VIC MODEL
Uttarakhand,Nainital,2023-01-25,2023,01,3.620861585,NRSC VIC MODEL
Uttarakhand,Nainital,2023-02-02,2023,02,0,NRSC VIC MODEL
Uttarakhand,Nainital,2023-02-07,2023,02,0.003349151,NRSC VIC MODEL
Uttarakhand,Nainital,2023-02-08,2023,02,0,NRSC VIC MODEL
Uttarakhand,Nainital,2023-02-12,2023,02,0.0252895198,NRSC VIC MODEL
Uttarakhand,Nainital,2023-02-13,2023,02,0.0021706015,NRSC VIC MODEL
Uttarakhand,Nainital,2023-02-16,2023,02,0,NRSC VIC MODEL
Uttarakhand,Nainital,2023-02-18,2023,02,0,NRSC VIC MODEL
Uttarakhand,Nainital,2023-02-19,2023,02,0,NRSC VIC MODEL
Uttarakhand,Nainital,2023-02-20,2023,02,0,NRSC VIC MODEL
Uttarakhand,Nainital,2023-02-23,2023,02,0,NRSC VIC MODEL
Uttarakhand,Nainital,2023-02-26,2023,02,0.001179044,NRSC VIC MODEL
Uttarakhand,Nainital,2023-03-06,2023,03,0.0017355968,NRSC VIC MODEL
Uttarakhand,Nainital,2023-03-11,2023,03,0,NRSC VIC MODEL
Uttarakhand,Nainital,2023-03-12,2023,03,5.19172e-05,NRSC VIC MODEL
Uttarakhand,Nainital,2023-03-24,2023,03,0,NRSC VIC MODEL
Uttarakhand,Nainital,2023-03-25,2023,03,2.7031188932,NRSC VIC MODEL
Uttarakhand,Nainital,2023-03-26,2023,03,3.8564291604,NRSC VIC MODEL
Uttarakhand,Nainital,2023-03-29,2023,03,0.0004608109,NRSC VIC MODEL
Uttarakhand,Nainital,2023-03-30,2023,03,0.0009013566,NRSC VIC MODEL
Uttarakhand,Nainital,2023-04-01,2023,04,36.8814679529,NRSC VIC MODEL
Uttarakhand,Nainital,2023-04-24,2023,04,0.1247422374,NRSC VIC MODEL
Uttarakhand,Nainital,2023-04-29,2023,04,0,NRSC VIC MODEL
Uttarakhand,Nainital,2023-05-05,2023,05,0.381893617,NRSC VIC MODEL
Uttarakhand,Nainital,2023-05-08,2023,05,0.3697874901,NRSC VIC MODEL
Uttarakhand,Nainital,2023-05-09,2023,05,0.0071512843,NRSC VIC MODEL
Uttarakhand,Nainital,2023-05-10,2023,05,0.1645351261,NRSC VIC MODEL
Uttarakhand,Nainital,2023-05-17,2023,05,0.0161547395,NRSC VIC MODEL
Uttarakhand,Nainital,2023-05-21,2023,05,0.7879896488,NRSC VIC MODEL
Uttarakhand,Nainital,2023-05-28,2023,05,2.9089219713,NRSC VIC MODEL
Uttarakhand,Nainital,2023-06-03,2023,06,0.5660001159,NRSC VIC MODEL
Uttarakhand,Nainital,2023-06-04,2023,06,0.0367802829,NRSC VIC MODEL
Uttarakhand,Nainital,2023-06-07,2023,06,0.5859690031,NRSC VIC MODEL
Uttarakhand,Nainital,2023-06-08,2023,06,7.10533e-05,NRSC VIC MODEL
Uttarakhand,Nainital,2023-06-14,2023,06,0.986296846,NRSC VIC MODEL
Uttarakhand,Nainital,2023-06-19,2023,06,1.0610193384,NRSC VIC MODEL
Uttarakhand,Nainital,2023-06-21,2023,06,1.6619636015,NRSC VIC MODEL
Uttarakhand,Nainital,2023-06-26,2023,06,9.9122594419,NRSC VIC MODEL
Uttarakhand,Nainital,2023-06-27,2023,06,1.5106358911,NRSC VIC MODEL
Uttarakhand,Nainital,2023-06-28,2023,06,13.4939598034,NRSC VIC MODEL
Uttarakhand,Nainital,2023-07-05,2023,07,5.5722106098,NRSC VIC MODEL
Uttarakhand,Nainital,2023-07-14,2023,07,27.0562928983,NRSC VIC MODEL
Uttarakhand,Nainital,2023-07-15,2023,07,6.8193591024,NRSC VIC MODEL
Uttarakhand,Nainital,2023-07-19,2023,07,18.0106953896,NRSC VIC MODEL
Uttarakhand,Nainital,2023-07-28,2023,07,11.5164954689,NRSC VIC MODEL
Uttarakhand,Nainital,2023-07-30,2023,07,9.3288152771,NRSC VIC MODEL
Uttarakhand,Nainital,2023-08-20,2023,08,0.1854498159,NRSC VIC MODEL
Uttarakhand,Nainital,2023-08-21,2023,08,0.3468643323,NRSC VIC MODEL
Uttarakhand,Nainital,2023-08-23,2023,08,12.228806078,NRSC VIC MODEL
Uttarakhand,Nainital,2023-08-25,2023,08,12.2507288172,NRSC VIC MODEL
Uttarakhand,Nainital,2023-08-29,2023,08,0.8181959359,NRSC VIC MODEL
Uttarakhand,Nainital,2023-08-30,2023,08,0.1800300833,NRSC VIC MODEL
Uttarakhand,Nainital,2023-09-05,2023,09,4.6953794414,NRSC VIC MODEL
Uttarakhand,Nainital,2023-09-09,2023,09,3.5142685989,NRSC VIC MODEL
Uttarakhand,Nainital,2023-09-16,2023,09,15.2655042524,NRSC VIC MODEL
Uttarakhand,Nainital,2023-09-17,2023,09,9.6821105996,NRSC VIC MODEL
Uttarakhand,Nainital,2023-09-18,2023,09,7.0919246156,NRSC VIC MODEL
Uttarakhand,Nainital,2023-09-20,2023,09,0.5178243905,NRSC VIC MODEL
Uttarakhand,Nainital,2023-09-23,2023,09,2.037847054,NRSC VIC MODEL
Uttarakhand,Nainital,2023-09-24,2023,09,1.599218204,NRSC VIC MODEL
Uttarakhand,Nainital,2023-09-28,2023,09,0.0015575156,NRSC VIC MODEL
Uttarakhand,Nainital,2023-10-01,2023,10,0.0014758032,NRSC VIC MODEL
Uttarakhand,Nainital,2023-10-07,2023,10,0.0001309069,NRSC VIC MODEL
Uttarakhand,Nainital,2023-10-10,2023,10,0.0021989391,NRSC VIC MODEL
Uttarakhand,Nainital,2023-10-11,2023,10,0,NRSC VIC MODEL
Uttarakhand,Nainital,2023-10-12,2023,10,0.0162173752,NRSC VIC MODEL
Uttarakhand,Nainital,2023-10-16,2023,10,0.0003101943,NRSC VIC MODEL
Uttarakhand,Nainital,2023-10-18,2023,10,0.0196502541,NRSC VIC MODEL
Uttarakhand,Nainital,2023-10-21,2023,10,0.0009682656,NRSC VIC MODEL
Uttarakhand,Nainital,2023-10-23,2023,10,0,NRSC VIC MODEL
Uttarakhand,Nainital,2023-10-30,2023,10,0,NRSC VIC MODEL
Uttarakhand,Nainital,2023-11-01,2023,11,7.231e-07,NRSC VIC MODEL
Uttarakhand,Nainital,2023-11-11,2023,11,1.2344234224,NRSC VIC MODEL
Uttarakhand,Nainital,2023-11-13,2023,11,0.0012002397,NRSC VIC MODEL
Uttarakhand,Nainital,2023-11-16,2023,11,0,NRSC VIC MODEL
Uttarakhand,Nainital,2023-11-17,2023,11,0,NRSC VIC MODEL
Uttarakhand,Nainital,2023-11-27,2023,11,0,NRSC VIC MODEL
Uttarakhand,Nainital,2023-12-05,2023,12,0.1204204642,NRSC VIC MODEL
Uttarakhand,Nainital,2023-12-06,2023,12,0,NRSC VIC MODEL
Uttarakhand,Nainital,2023-12-22,2023,12,0,NRSC VIC MODEL
Uttarakhand,Nainital,2023-12-23,2023,12,0,NRSC VIC MODEL
Uttarakhand,Pauri Garhwal,2023-01-01,2023,01,0,NRSC VIC MODEL
Uttarakhand,Pauri Garhwal,2023-01-04,2023,01,0,NRSC VIC MODEL
Uttarakhand,Pauri Garhwal,2023-01-05,2023,01,0.015067976,NRSC VIC MODEL
Uttarakhand,Pauri Garhwal,2023-01-06,2023,01,0,NRSC VIC MODEL
Uttarakhand,Pauri Garhwal,2023-01-10,2023,01,0,NRSC VIC MODEL
Uttarakhand,Pauri Garhwal,2023-01-11,2023,01,0,NRSC VIC MODEL
Uttarakhand,Pauri Garhwal,2023-01-12,2023,01,0.2718122781,NRSC VIC MODEL
Uttarakhand,Pauri Garhwal,2023-01-21,2023,01,0,NRSC VIC MODEL
Uttarakhand,Pauri Garhwal,2023-01-22,2023,01,0,NRSC VIC MODEL
Uttarakhand,Pauri Garhwal,2023-01-28,2023,01,0,NRSC VIC MODEL
Uttarakhand,Pauri Garhwal,2023-02-01,2023,02,0,NRSC VIC MODEL
Uttarakhand,Pauri Garhwal,2023-02-10,2023,02,0.1170490009,NRSC VIC MODEL
Uttarakhand,Pauri Garhwal,2023-02-12,2023,02,0.9525892499,NRSC VIC MODEL
Uttarakhand,Pauri Garhwal,2023-02-17,2023,02,7.33459e-05,NRSC VIC MODEL
Uttarakhand,Pauri Garhwal,2023-03-06,2023,03,0.0006832214,NRSC VIC MODEL
Uttarakhand,Pauri Garhwal,2023-03-09,2023,03,0.2730920439,NRSC VIC MODEL
Uttarakhand,Pauri Garhwal,2023-03-14,2023,03,0.0144127052,NRSC VIC MODEL
Uttarakhand,Pauri Garhwal,2023-03-18,2023,03,5.9134398014,NRSC VIC MODEL
Uttarakhand,Pauri Garhwal,2023-03-20,2023,03,1.9647191702,NRSC VIC MODEL
Uttarakhand,Pauri Garhwal,2023-03-23,2023,03,0.0570469468,NRSC VIC MODEL
Uttarakhand,Pauri Garhwal,2023-03-25,2023,03,5.7874990613,NRSC VIC MODEL
Uttarakhand,Pauri Garhwal,2023-04-03,2023,04,0.3954839189,NRSC VIC MODEL
Uttarakhand,Pauri Garhwal,2023-04-15,2023,04,0.0022040682,NRSC VIC MODEL
Uttarakhand,Pauri Garhwal,2023-04-16,2023,04,0.2106528898,NRSC VIC MODEL
Uttarakhand,Pauri Garhwal,2023-04-19,2023,04,0.0202004377,NRSC VIC MODEL
Uttarakhand,Pauri Garhwal,2023-04-27,2023,04,0.0543160821,NRSC VIC MODEL
Uttarakhand,Pauri Garhwal,2023-05-03,2023,05,5.9215834456,NRSC VIC MODEL
Uttarakhand,Pauri Garhwal,2023-05-15,2023,05,0.0022607912,NRSC VIC MODEL
Uttarakhand,Pauri Garhwal,2023-05-16,2023,05,0.1196055094,NRSC VIC MODEL
Uttarakhand,Pauri Garhwal,2023-05-20,2023,05,0.1075312443,NRSC VIC MODEL
Uttarakhand,Pauri Garhwal,2023-05-22,2023,05,0.0005569307,NRSC VIC MODEL
Uttarakhand,Pauri Garhwal,2023-05-23,2023,05,1.5519466486,NRSC VIC MODEL
Uttarakhand,Pauri Garhwal,2023-05-30,2023,05,2.0446428031,NRSC VIC MODEL
Uttarakhand,Pauri Garhwal,2023-06-02,2023,06,0.5972522454,NRSC VIC MODEL
Uttarakhand,Pauri Garhwal,2023-06-03,2023,06,0.1674169547,NRSC VIC MODEL
Uttarakhand,Pauri Garhwal,2023-06-04,2023,06,0.0534489467,NRSC VIC MODEL
Uttarakhand,Pauri Garhwal,2023-06-11,2023,06,0.0016451105,NRSC VIC MODEL
Uttarakhand,Pauri Garhwal,2023-06-15,2023,06,0.0763093052,NRSC VIC MODEL
Uttarakhand,Pauri Garhwal,2023-06-21,2023,06,7.6496689521,NRSC VIC MODEL
Uttarakhand,Pauri Garhwal,2023-06-23,2023,06,1.7073906609,NRSC VIC MODEL
Uttarakhand,Pauri Garhwal,2023-07-07,2023,07,8.174681607,NRSC VIC MODEL
Uttarakhand,Pauri Garhwal,2023-07-23,2023,07,8.335309996,NRSC VIC MODEL
Uttarakhand,Pauri Garhwal,2023-07-24,2023,07,3.8314500477,NRSC VIC MODEL
Uttarakhand,Pauri Garhwal,2023-07-25,2023,07,3.7214591228,NRSC VIC MODEL
Uttarakhand,Pauri Garhwal,2023-07-30,2023,07,4.2979362761,NRSC VIC MODEL
Uttarakhand,Pauri Garhwal,2023-08-01,2023,08,1.9347243376,NRSC VIC MODEL
Uttarakhand,Pauri Garhwal,2023-08-03,2023,08,8.0450181981,NRSC VIC MODEL
Uttarakhand,Pauri Garhwal,2023-08-11,2023,08,15.6167671706,NRSC VIC MODEL
Uttarakhand,Pauri Garhwal,2023-08-14,2023,08,64.2070968489,NRSC VIC MODEL
Uttarakhand,Pauri Garhwal,2023-08-24,2023,08,14.119412548,NRSC VIC MODEL
Uttarakhand,Pauri Garhwal,2023-08-29,2023,08,0.0162114329,NRSC VIC MODEL
Uttarakhand,Pauri Garhwal,2023-09-03,2023,09,0.0001363015,NRSC VIC MODEL
Uttarakhand,Pauri Garhwal,2023-09-09,2023,09,2.7686068883,NRSC VIC MODEL
Uttarakhand,Pauri Garhwal,2023-09-14,2023,09,0.8750953129,NRSC VIC MODEL
Uttarakhand,Pauri Garhwal,2023-09-25,2023,09,0.0876600532,NRSC VIC MODEL
Uttarakhand,Pauri Garhwal,2023-09-27,2023,09,0,NRSC VIC MODEL
Uttarakhand,Pauri Garhwal,2023-09-28,2023,09,0,NRSC VIC MODEL
Uttarakhand,Pauri Garhwal,2023-09-30,2023,09,0.0005638457,NRSC VIC MODEL
Uttarakhand,Pauri Garhwal,2023-10-08,2023,10,0.0088662594,NRSC VIC MODEL
Uttarakhand,Pauri Garhwal,2023-10-13,2023,10,0,NRSC VIC MODEL
Uttarakhand,Pauri Garhwal,2023-10-16,2023,10,0.024912467,NRSC VIC MODEL
Uttarakhand,Pauri Garhwal,2023-10-18,2023,10,0.3231594565,NRSC VIC MODEL
Uttarakhand,Pauri Garhwal,2023-10-21,2023,10,0.0058302036,NRSC VIC MODEL
Uttarakhand,Pauri Garhwal,2023-10-23,2023,10,0,NRSC VIC MODEL
Uttarakhand,Pauri Garhwal,2023-11-05,2023,11,0.0018075022,NRSC VIC MODEL
Uttarakhand,Pauri Garhwal,2023-11-08,2023,11,0,NRSC VIC MODEL
Uttarakhand,Pauri Garhwal,2023-11-10,2023,11,0,NRSC VIC MODEL
Uttarakhand,Pauri Garhwal,2023-11-14,2023,11,0.0001949189,NRSC VIC MODEL
Uttarakhand,Pauri Garhwal,2023-11-18,2023,11,0,NRSC VIC MODEL
Uttarakhand,Pauri Garhwal,2023-11-19,2023,11,0,NRSC VIC MODEL
Uttarakhand,Pauri Garhwal,2023-11-26,2023,11,0,NRSC VIC MODEL
Uttarakhand,Pauri Garhwal,2023-12-03,2023,12,0,NRSC VIC MODEL
Uttarakhand,Pauri Garhwal,2023-12-11,2023,12,0,NRSC VIC MODEL
Uttarakhand,Pauri Garhwal,2023-12-22,2023,12,0,NRSC VIC MODEL
Uttarakhand,Pithoragarh,2023-01-04,2023,01,0,NRSC VIC MODEL
Uttarakhand,Pithoragarh,2023-01-08,2023,01,0,NRSC VIC MODEL
Uttarakhand,Pithoragarh,2023-01-25,2023,01,17.5431941796,NRSC VIC MODEL
Uttarakhand,Pithoragarh,2023-01-31,2023,01,4.9324235376,NRSC VIC MODEL
Uttarakhand,Pithoragarh,2023-02-15,2023,02,0,NRSC VIC MODEL
Uttarakhand,Pithoragarh,2023-03-02,2023,03,8.76527e-05,NRSC VIC MODEL
Uttarakhand,Pithoragarh,2023-03-05,2023,03,0.1307936367,NRSC VIC MODEL
Uttarakhand,Pithoragarh,2023-03-12,2023,03,0.0103517677,NRSC VIC MODEL
Uttarakhand,Pithoragarh,2023-03-18,2023,03,0.2778207789,NRSC VIC MODEL
Uttarakhand,Bageshwar,2023-03-05,2023,03,0.0151892755,NRSC VIC MODEL
Uttarakhand,Bageshwar,2023-03-08,2023,03,0,NRSC VIC MODEL
Uttarakhand,Bageshwar,2023-03-21,2023,03,7.5565571457,NRSC VIC MODEL
Uttarakhand,Bageshwar,2023-03-22,2023,03,11.8924765773,NRSC VIC MODEL
Uttarakhand,Bageshwar,2023-03-29,2023,03,0.5817205865,NRSC VIC MODEL
Uttarakhand,Bageshwar,2023-04-01,2023,04,19.0813217217,NRSC VIC MODEL
Uttarakhand,Bageshwar,2023-04-08,2023,04,1.5531508385,NRSC VIC MODEL
Uttarakhand,Bageshwar,2023-04-16,2023,04,2.5588050574,NRSC VIC MODEL
Uttarakhand,Bageshwar,2023-04-26,2023,04,0.3770928895,NRSC VIC MODEL
Uttarakhand,Bageshwar,2023-05-06,2023,05,0.5621358472,NRSC VIC MODEL
Uttarakhand,Bageshwar,2023-05-12,2023,05,0.7899689783,NRSC VIC MODEL
Uttarakhand,Bageshwar,2023-05-15,2023,05,2.7428401982,NRSC VIC MODEL
Uttarakhand,Bageshwar,2023-05-18,2023,05,1.3828319653,NRSC VIC MODEL
Uttarakhand,Bageshwar,2023-05-25,2023,05,8.8935569244,NRSC VIC MODEL
Uttarakhand,Bageshwar,2023-05-30,2023,05,4.0509169817,NRSC VIC MODEL
Uttarakhand,Bageshwar,2023-06-09,2023,06,2.4844132024,NRSC VIC MODEL
Uttarakhand,Bageshwar,2023-06-12,2023,06,0.1023752118,NRSC VIC MODEL
Uttarakhand,Bageshwar,2023-06-24,2023,06,28.1831300976,NRSC VIC MODEL
Uttarakhand,Bageshwar,2023-07-01,2023,07,21.5848104734,NRSC VIC MODEL
Uttarakhand,Bageshwar,2023-07-03,2023,07,3.7948248684,NRSC VIC MODEL
Uttarakhand,Bageshwar,2023-07-04,2023,07,8.0935158704,NRSC VIC MODEL
Uttarakhand,Bageshwar,2023-07-05,2023,07,12.7290873753,NRSC VIC MODEL
Uttarakhand,Bageshwar,2023-07-15,2023,07,26.6513696755,NRSC VIC MODEL
Uttarakhand,Bageshwar,2023-07-22,2023,07,25.9561769345,NRSC VIC MODEL
Uttarakhand,Bageshwar,2023-07-24,2023,07,1.944175777,NRSC VIC MODEL
Uttarakhand,Bageshwar,2023-07-27,2023,07,4.5785398164,NRSC VIC MODEL
Uttarakhand,Bageshwar,2023-08-03,2023,08,8.253997875,NRSC VIC MODEL
Uttarakhand,Bageshwar,2023-08-16,2023,08,0.2518211939,NRSC VIC MODEL
Uttarakhand,Bageshwar,2023-08-22,2023,08,15.0301350505,NRSC VIC MODEL
Uttarakhand,Bageshwar,2023-08-25,2023,08,7.0357227255,NRSC VIC MODEL
Uttarakhand,Bageshwar,2023-08-27,2023,08,8.4597859718,NRSC VIC MODEL
Uttarakhand,Bageshwar,2023-08-28,2023,08,1.9025991377,NRSC VIC MODEL
Uttarakhand,Bageshwar,2023-09-12,2023,09,0.6300072812,NRSC VIC MODEL
Uttarakhand,Bageshwar,2023-09-16,2023,09,11.0365577372,NRSC VIC MODEL
Uttarakhand,Bageshwar,2023-09-18,2023,09,2.776370688,NRSC VIC MODEL
Uttarakhand,Bageshwar,2023-09-24,2023,09,2.6670404118,NRSC VIC MODEL
Uttarakhand,Bageshwar,2023-09-25,2023,09,0.0065101466,NRSC VIC MODEL
Uttarakhand,Bageshwar,2023-10-26,2023,10,0.5682176096,NRSC VIC MODEL
Uttarakhand,Bageshwar,2023-11-09,2023,11,0.3013590936,NRSC VIC MODEL
Uttarakhand,Bageshwar,2023-11-11,2023,11,1.4148580791,NRSC VIC MODEL
Uttarakhand,Bageshwar,2023-11-27,2023,11,0,NRSC VIC MODEL
Uttarakhand,Bageshwar,2023-12-01,2023,12,0.6621027948,NRSC VIC MODEL
Uttarakhand,Bageshwar,2023-12-12,2023,12,0.5259950822,NRSC VIC MODEL
Uttarakhand,Bageshwar,2023-12-13,2023,12,0.1323877604,NRSC VIC MODEL
Uttarakhand,Bageshwar,2023-12-23,2023,12,0,NRSC VIC MODEL
Uttarakhand,Bageshwar,2023-12-30,2023,12,0,NRSC VIC MODEL
Uttarakhand,Chamoli,2023-01-06,2023,01,0,NRSC VIC MODEL
Uttarakhand,Chamoli,2023-01-11,2023,01,0,NRSC VIC MODEL
Uttarakhand,Chamoli,2023-01-15,2023,01,2.9852232141,NRSC VIC MODEL
Uttarakhand,Chamoli,2023-01-21,2023,01,0.240115782,NRSC VIC MODEL
Uttarakhand,Chamoli,2023-01-22,2023,01,0.3023517152,NRSC VIC MODEL
Uttarakhand,Chamoli,2023-01-24,2023,01,7.7639246381,NRSC VIC MODEL
Uttarakhand,Chamoli,2023-02-01,2023,02,0.621249929,NRSC VIC MODEL
Uttarakhand,Chamoli,2023-02-04,2023,02,0,NRSC VIC MODEL
Uttarakhand,Chamoli,2023-02-16,2023,02,0,NRSC VIC MODEL
Uttarakhand,Chamoli,2023-02-18,2023,02,0.2123655,NRSC VIC MODEL
Uttarakhand,Chamoli,2023-03-03,2023,03,0,NRSC VIC MODEL
Uttarakhand,Chamoli,2023-03-09,2023,03,0.6801312583,NRSC VIC MODEL
Uttarakhand,Chamoli,2023-03-11,2023,03,0.0067133572,NRSC VIC MODEL
Uttarakhand,Chamoli,2023-03-16,2023,03,0.2531859757,NRSC VIC MODEL
Uttarakhand,Chamoli,2023-03-29,2023,03,0.3162180853,NRSC VIC MODEL
Uttarakhand,Chamoli,2023-03-30,2023,03,0.0496681558,NRSC VIC MODEL
Uttarakhand,Chamoli,2023-04-05,2023,04,1.3801505793,NRSC VIC MODEL
Uttarakhand,Chamoli,2023-04-06,2023,04,0,NRSC VIC MODEL
Uttarakhand,Chamoli,2023-04-09,2023,04,1.2127259442,NRSC VIC MODEL
Uttarakhand,Chamoli,2023-04-11,2023,04,0.329381289,NRSC VIC MODEL
Uttarakhand,Chamoli,2023-04-16,2023,04,1.8389301842,NRSC VIC MODEL
Uttarakhand,Chamoli,2023-04-18,2023,04,0.7561843688,NRSC VIC MODEL
Uttarakhand,Chamoli,2023-04-23,2023,04,0.0586510927,NRSC VIC MODEL
Uttarakhand,Chamoli,2023-04-30,2023,04,6.358919369,NRSC VIC MODEL
Uttarakhand,Chamoli,2023-05-04,2023,05,10.388695335,NRSC VIC MODEL
Uttarakhand,Chamoli,2023-05-06,2023,05,0.9367656318,NRSC VIC MODEL
Uttarakhand,Chamoli,2023-05-08,2023,05,0.2651168334,NRSC VIC MODEL
Uttarakhand,Chamoli,2023-05-12,2023,05,2.7961535341,NRSC VIC MODEL
Uttarakhand,Chamoli,2023-05-14,2023,05,2.5362097226,NRSC VIC MODEL
Uttarakhand,Chamoli,2023-05-15,2023,05,2.9769113126,NRSC VIC MODEL
Uttarakhand,Chamoli,2023-05-21,2023,05,1.637290406,NRSC VIC MODEL
Uttarakhand,Chamoli,2023-05-24,2023,05,5.8558836839,NRSC VIC MODEL
Uttarakhand,Chamoli,2023-06-03,2023,06,0.1721469765,NRSC VIC MODEL
Uttarakhand,Chamoli,2023-06-16,2023,06,1.6298490667,NRSC VIC MODEL
Uttarakhand,Chamoli,2023-06-17,2023,06,0.438685526,NRSC VIC MODEL
Uttarakhand,Chamoli,2023-06-20,2023,06,2.8992097329,NRSC VIC MODEL
Uttarakhand,Chamoli,2023-06-29,2023,06,4.7642768545,NRSC VIC MODEL
Uttarakhand,Chamoli,2023-06-30,2023,06,4.749112645,NRSC VIC MODEL
Uttarakhand,Chamoli,2023-07-01,2023,07,11.3363692247,NRSC VIC MODEL
Uttarakhand,Chamoli,2023-07-04,2023,07,3.4713275822,NRSC VIC MODEL
Uttarakhand,Chamoli,2023-07-10,2023,07,15.5114120985,NRSC VIC MODEL
Uttarakhand,Chamoli,2023-07-12,2023,07,12.7957953863,NRSC VIC MODEL
Uttarakhand,Chamoli,2023-07-17,2023,07,5.808808166,NRSC VIC MODEL
Uttarakhand,Chamoli,2023-07-19,2023,07,6.5929744096,NRSC VIC MODEL
Uttarakhand,Chamoli,2023-07-25,2023,07,5.5532696366,NRSC VIC MODEL
Uttarakhand,Chamoli,2023-07-27,2023,07,4.0343466226,NRSC VIC MODEL
Uttarakhand,Chamoli,2023-07-28,2023,07,2.2805254586,NRSC VIC MODEL
Uttarakhand,Chamoli,2023-07-29,2023,07,18.0833455866,NRSC VIC MODEL
Uttarakhand,Chamoli,2023-08-02,2023,08,12.52466705,NRSC VIC MODEL
Uttarakhand,Chamoli,2023-08-04,2023,08,12.2431740478,NRSC VIC MODEL
Uttarakhand,Chamoli,2023-08-05,2023,08,4.2035594158,NRSC VIC MODEL
Uttarakhand,Chamoli,2023-08-08,2023,08,1.821903956,NRSC VIC MODEL
Uttarakhand,Chamoli,2023-08-10,2023,08,2.4028166871,NRSC VIC MODEL
Uttarakhand,Chamoli,2023-08-11,2023,08,2.3923990257,NRSC VIC MODEL
Uttarakhand,Chamoli,2023-08-12,2023,08,2.5929248112,NRSC VIC MODEL
Uttarakhand,Chamoli,2023-08-15,2023,08,3.0492238891,NRSC VIC MODEL
Uttarakhand,Chamoli,2023-08-17,2023,08,0.9902255964,NRSC VIC MODEL
Uttarakhand,Chamoli,2023-08-20,2023,08,1.6460454923,NRSC VIC MODEL
Uttarakhand,Chamoli,2023-09-21,2023,09,2.2253841207,NRSC VIC MODEL
Uttarakhand,Chamoli,2023-09-23,2023,09,0.7801611616,NRSC VIC MODEL
Uttarakhand,Chamoli,2023-09-26,2023,09,0.319564535,NRSC VIC MODEL
Uttarakhand,Chamoli,2023-10-07,2023,10,0,NRSC VIC MODEL
Uttarakhand,Chamoli,2023-10-08,2023,10,0.1309933535,NRSC VIC MODEL
Uttarakhand,Chamoli,2023-10-14,2023,10,0,NRSC VIC MODEL
Uttarakhand,Chamoli,2023-10-16,2023,10,0.4726756608,NRSC VIC MODEL
Uttarakhand,Chamoli,2023-10-18,2023,10,0.2184681649,NRSC VIC MODEL
Uttarakhand,Chamoli,2023-10-21,2023,10,0.0519627,NRSC VIC MODEL
Uttarakhand,Chamoli,2023-10-23,2023,10,0,NRSC VIC MODEL
Uttarakhand,Chamoli,2023-10-30,2023,10,0,NRSC VIC MODEL
Uttarakhand,Chamoli,2023-11-05,2023,11,0.0451222304,NRSC VIC MODEL
Uttarakhand,Chamoli,2023-11-06,2023,11,0.0313875077,NRSC VIC MODEL
Uttarakhand,Chamoli,2023-11-07,2023,11,0.0241654187,NRSC VIC MODEL
Uttarakhand,Chamoli,2023-11-13,2023,11,0.1392287061,NRSC VIC MODEL
Uttarakhand,Chamoli,2023-11-16,2023,11,0,NRSC VIC MODEL
Uttarakhand,Chamoli,2023-11-18,2023,11,0,NRSC VIC MODEL
Uttarakhand,Chamoli,2023-11-27,2023,11,0,NRSC VIC MODEL
Uttarakhand,Chamoli,2023-11-28,2023,11,1.4131867382,NRSC VIC MODEL
Uttarakhand,Chamoli,2023-12-04,2023,12,0.0904831827,NRSC VIC MODEL
Uttarakhand,Chamoli,2023-12-10,2023,12,0,NRSC VIC MODEL
Uttarakhand,Chamoli,2023-12-11,2023,12,0,NRSC VIC MODEL
Uttarakhand,Chamoli,2023-12-16,2023,12,0.0567391944,NRSC VIC MODEL
Uttarakhand,Chamoli,2023-12-21,2023,12,0,NRSC VIC MODEL
Uttarakhand,Chamoli,2023-12-22,2023,12,0,NRSC VIC MODEL
Uttarakhand,Champawat,2023-01-02,2023,01,0,NRSC VIC MODEL
Uttarakhand,Champawat,2023-01-05,2023,01,0.0015145742,NRSC VIC MODEL
Uttarakhand,Champawat,2023-01-09,2023,01,0.0084694542,NRSC VIC MODEL
Uttarakhand,Champawat,2023-01-12,2023,01,0.1862192774,NRSC VIC MODEL
Uttarakhand,Champawat,2023-01-18,2023,01,0,NRSC VIC MODEL
Uttarakhand,Champawat,2023-01-19,2023,01,0.3654724228,NRSC VIC MODEL
Uttarakhand,Champawat,2023-01-25,2023,01,8.4915917281,NRSC VIC MODEL
Uttarakhand,Champawat,2023-02-06,2023,02,0,NRSC VIC MODEL
Uttarakhand,Champawat,2023-02-11,2023,02,0.0681233791,NRSC VIC MODEL
Uttarakhand,Champawat,2023-02-13,2023,02,0,NRSC VIC MODEL
Uttarakhand,Champawat,2023-02-24,2023,02,0,NRSC VIC MODEL
Uttarakhand,Champawat,2023-03-18,2023,03,1.2919000819,NRSC VIC MODEL
Uttarakhand,Champawat,2023-03-23,2023,03,0.0342186295,NRSC VIC MODEL
Uttarakhand,Champawat,2023-03-24,2023,03,0,NRSC VIC MODEL
Uttarakhand,Champawat,2023-03-26,2023,03,1.9853044299,NRSC VIC MODEL
Uttarakhand,Champawat,2023-03-27,2023,03,0.8035287556,NRSC VIC MODEL
Uttarakhand,Champawat,2023-04-01,2023,04,14.1651484569,NRSC VIC MODEL
Uttarakhand,Champawat,2023-04-05,2023,04,0.3861418806,NRSC VIC MODEL
Uttarakhand,Champawat,2023-04-09,2023,04,0.0003714093,NRSC VIC MODEL
Uttarakhand,Champawat,2023-04-11,2023,04,0,NRSC VIC MODEL
Uttarakhand,Champawat,2023-04-13,2023,04,0,NRSC VIC MODEL
Uttarakhand,Champawat,2023-04-18,2023,04,0,NRSC VIC MODEL
Uttarakhand,Champawat,2023-04-19,2023,04,1.1406586223,NRSC VIC MODEL
Uttarakhand,Champawat,2023-04-21,2023,04,2.2336964647,NRSC VIC MODEL
Uttarakhand,Champawat,2023-04-25,2023,04,1.0348457376,NRSC VIC MODEL
Uttarakhand,Champawat,2023-05-04,2023,05,3.3167314422,NRSC VIC MODEL
Uttarakhand,Champawat,2023-05-05,2023,05,3.4308983926,NRSC VIC MODEL
Uttarakhand,Champawat,2023-05-07,2023,05,0.0009081737,NRSC VIC MODEL
Uttarakhand,Champawat,2023-05-12,2023,05,0,NRSC VIC MODEL
Uttarakhand,Champawat,2023-05-19,2023,05,0.0041559975,NRSC VIC MODEL
Uttarakhand,Champawat,2023-05-20,2023,05,0.0069903424,NRSC VIC MODEL
Uttarakhand,Champawat,2023-05-21,2023,05,5.0896367535,NRSC VIC MODEL
Uttarakhand,Champawat,2023-05-22,2023,05,0.0001165057,NRSC VIC MODEL
Uttarakhand,Champawat,2023-05-23,2023,05,0.0201053369,NRSC VIC MODEL
Uttarakhand,Almora,2023-11-16,2023,11,0,NRSC VIC MODEL
Uttarakhand,Almora,2023-11-20,2023,11,0,NRSC VIC MODEL
Uttarakhand,Almora,2023-11-23,2023,11,0,NRSC VIC MODEL
Uttarakhand,Almora,2023-12-05,2023,12,0.4351341522,NRSC VIC MODEL
Uttarakhand,Almora,2023-12-10,2023,12,4.99107e-05,NRSC VIC MODEL
Uttarakhand,Almora,2023-12-11,2023,12,0,NRSC VIC MODEL
Uttarakhand,Almora,2023-12-19,2023,12,0,NRSC VIC MODEL
Uttarakhand,Almora,2023-12-23,2023,12,0,NRSC VIC MODEL
Uttarakhand,Almora,2023-12-24,2023,12,0,NRSC VIC MODEL
Uttarakhand,Bageshwar,2023-01-07,2023,01,0,NRSC VIC MODEL
Uttarakhand,Bageshwar,2023-01-09,2023,01,0,NRSC VIC MODEL
Uttarakhand,Bageshwar,2023-01-12,2023,01,5.1189417085,NRSC VIC MODEL
Uttarakhand,Bageshwar,2023-01-15,2023,01,1.3008058084,NRSC VIC MODEL
Uttarakhand,Bageshwar,2023-01-20,2023,01,0.1915510109,NRSC VIC MODEL
Uttarakhand,Bageshwar,2023-01-26,2023,01,0.0194609486,NRSC VIC MODEL
Uttarakhand,Bageshwar,2023-02-01,2023,02,0,NRSC VIC MODEL
Uttarakhand,Bageshwar,2023-02-18,2023,02,0,NRSC VIC MODEL
Uttarakhand,Uttar Kashi,2023-10-07,2023,10,0,NRSC VIC MODEL
Uttarakhand,Uttar Kashi,2023-10-10,2023,10,3.5721227566,NRSC VIC MODEL
Uttarakhand,Uttar Kashi,2023-10-11,2023,10,0.0682772808,NRSC VIC MODEL
Uttarakhand,Uttar Kashi,2023-10-14,2023,10,0,NRSC VIC MODEL
Uttarakhand,Uttar Kashi,2023-10-18,2023,10,1.8976218556,NRSC VIC MODEL
Uttarakhand,Uttar Kashi,2023-10-21,2023,10,0.0061280726,NRSC VIC MODEL
Uttarakhand,Uttar Kashi,2023-10-30,2023,10,0,NRSC VIC MODEL
Uttarakhand,Uttar Kashi,2023-11-05,2023,11,0.0263822209,NRSC VIC MODEL
Uttarakhand,Uttar Kashi,2023-11-14,2023,11,0.0002684442,NRSC VIC MODEL
Uttarakhand,Uttar Kashi,2023-11-21,2023,11,0.1966598413,NRSC VIC MODEL
Uttarakhand,Uttar Kashi,2023-11-23,2023,11,0.0160023681,NRSC VIC MODEL
Uttarakhand,Uttar Kashi,2023-11-25,2023,11,0,NRSC VIC MODEL
Uttarakhand,Uttar Kashi,2023-12-07,2023,12,0,NRSC VIC MODEL
Uttarakhand,Uttar Kashi,2023-12-18,2023,12,0,NRSC VIC MODEL
Uttarakhand,Uttar Kashi,2023-12-19,2023,12,0,NRSC VIC MODEL
Uttarakhand,Uttar Kashi,2023-12-21,2023,12,0,NRSC VIC MODEL
